+-----+------------+----------+-----------+----------+------+-------+------+----------+-----------+-----+-----------+-------------+------------+------------+-------------------+----------+-----+-------------------------------------+----------+
| did | fillfactor |   rows   | ndistinct | relpages | fuzz | fuzz2 | step | iomethod | ioworkers | eic | direction | index_order | scan_order | num_values | patched-geoghegan |  master  | cnt |                 qid                 | pct_diff |
+-----+------------+----------+-----------+----------+------+-------+------+----------+-----------+-----+-----------+-------------+------------+------------+-------------------+----------+-----+-------------------------------------+----------+
| 1   | 20         | 10000000 | 2500000   | 476191   | 1024 | 128   | 4    | worker   | 12        | 16  | increase  | asc         | desc       | 1762144    | 9650.35           | 33056.86 | 6   | 528,663,798,526,661,796             | 242.55   |
| 1   | 20         | 10000000 | 2500000   | 476191   | 1024 | 128   | 4    | worker   | 12        | 16  | increase  | asc         | desc       | 2262144    | 12384.18          | 42415.33 | 6   | 538,673,808,536,671,806             | 242.5    |
| 1   | 20         | 10000000 | 2500000   | 476191   | 1024 | 128   | 4    | worker   | 12        | 16  | increase  | asc         | desc       | 1262144    | 6908.46           | 23660.84 | 6   | 518,653,788,516,651,786             | 242.49   |
| 4   | 20         | 10000000 | 2500000   | 476191   | 1024 | 128   | 4    | worker   | 12        | 16  | decrease  | desc        | asc        | 1012144    | 5594.77           | 19066.42 | 6   | 4968,5103,5238,4966,5101,5236       | 240.79   |
| 1   | 20         | 10000000 | 2500000   | 476191   | 1024 | 128   | 4    | worker   | 12        | 16  | increase  | asc         | desc       | 762144     | 4176.6            | 14229.9  | 6   | 508,643,778,506,641,776             | 240.71   |
| 4   | 20         | 10000000 | 2500000   | 476191   | 1024 | 128   | 4    | worker   | 12        | 16  | decrease  | desc        | asc        | 131072     | 718.82            | 2442.52  | 6   | 4948,5083,5218,4946,5081,5216       | 239.8    |
| 4   | 20         | 10000000 | 2500000   | 476191   | 1024 | 128   | 4    | worker   | 12        | 16  | decrease  | desc        | asc        | 762144     | 4225.36           | 14354.5  | 6   | 4963,5098,5233,4961,5096,5231       | 239.72   |
| 1   | 20         | 10000000 | 2500000   | 476191   | 1024 | 128   | 4    | worker   | 12        | 16  | increase  | asc         | desc       | 2012144    | 10992.12          | 37295.64 | 6   | 533,668,803,531,666,801             | 239.29   |
| 1   | 20         | 10000000 | 2500000   | 476191   | 1024 | 128   | 4    | worker   | 12        | 16  | increase  | asc         | desc       | 1512144    | 8316.99           | 28192.83 | 6   | 523,658,793,521,656,791             | 238.98   |
| 4   | 20         | 10000000 | 2500000   | 476191   | 1024 | 128   | 4    | worker   | 12        | 16  | decrease  | desc        | asc        | 512144     | 2817.32           | 9549.97  | 6   | 4958,5093,5228,4956,5091,5226       | 238.97   |
| 4   | 20         | 10000000 | 2500000   | 476191   | 1024 | 128   | 4    | worker   | 12        | 16  | decrease  | desc        | asc        | 1762144    | 9702.02           | 32882.8  | 6   | 4983,5118,5253,4981,5116,5251       | 238.93   |
| 4   | 20         | 10000000 | 2500000   | 476191   | 1024 | 128   | 4    | worker   | 12        | 16  | decrease  | desc        | asc        | 2262144    | 12450.84          | 42191.65 | 6   | 4993,5128,5263,4991,5126,5261       | 238.87   |
| 4   | 20         | 10000000 | 2500000   | 476191   | 1024 | 128   | 4    | worker   | 12        | 16  | decrease  | desc        | asc        | 1512144    | 8338.59           | 28210.9  | 6   | 4978,5113,5248,4976,5111,5246       | 238.32   |
| 4   | 20         | 10000000 | 2500000   | 476191   | 1024 | 128   | 4    | worker   | 12        | 16  | decrease  | desc        | asc        | 262144     | 1451.91           | 4908.96  | 6   | 4953,5088,5223,4951,5086,5221       | 238.1    |
| 1   | 20         | 10000000 | 2500000   | 476191   | 1024 | 128   | 4    | worker   | 12        | 16  | increase  | asc         | desc       | 512144     | 2832.1            | 9570.02  | 6   | 503,638,773,501,636,771             | 237.91   |
| 4   | 20         | 10000000 | 2500000   | 476191   | 1024 | 128   | 4    | worker   | 12        | 16  | decrease  | desc        | asc        | 65536      | 363.48            | 1226.0   | 6   | 4943,5078,5213,4941,5076,5211       | 237.3    |
| 1   | 20         | 10000000 | 2500000   | 476191   | 1024 | 128   | 4    | worker   | 12        | 16  | increase  | asc         | desc       | 262144     | 1467.59           | 4913.7   | 6   | 498,633,768,496,631,766             | 234.81   |
| 1   | 20         | 10000000 | 2500000   | 476191   | 1024 | 128   | 4    | worker   | 12        | 16  | increase  | asc         | desc       | 65536      | 375.46            | 1242.42  | 6   | 488,623,758,486,621,756             | 230.91   |
| 4   | 20         | 10000000 | 2500000   | 476191   | 1024 | 128   | 4    | worker   | 12        | 16  | decrease  | desc        | asc        | 32768      | 188.46            | 618.59   | 6   | 4938,5073,5208,4936,5071,5206       | 228.23   |
| 2   | 20         | 10000000 | 2500000   | 476191   | 1024 | 128   | 4    | worker   | 12        | 16  | increase  | desc        | desc       | 1512144    | 7028.63           | 22633.48 | 6   | 2143,2278,2413,2141,2276,2411       | 222.02   |
| 3   | 20         | 10000000 | 2500000   | 476191   | 1024 | 128   | 4    | worker   | 12        | 16  | decrease  | asc         | asc        | 512144     | 2352.99           | 7576.24  | 6   | 3338,3473,3608,3336,3471,3606       | 221.98   |
| 3   | 20         | 10000000 | 2500000   | 476191   | 1024 | 128   | 4    | worker   | 12        | 16  | decrease  | asc         | asc        | 131072     | 608.85            | 1959.44  | 6   | 3328,3463,3598,3326,3461,3596       | 221.83   |
| 4   | 20         | 10000000 | 2500000   | 476191   | 1024 | 128   | 4    | worker   | 12        | 16  | decrease  | desc        | asc        | 16384      | 99.49             | 319.79   | 6   | 4933,5068,5203,4931,5066,5201       | 221.43   |
| 2   | 20         | 10000000 | 2500000   | 476191   | 1024 | 128   | 4    | worker   | 12        | 16  | increase  | desc        | desc       | 2012144    | 9322.85           | 29956.17 | 6   | 2153,2288,2423,2151,2286,2421       | 221.32   |
| 3   | 20         | 10000000 | 2500000   | 476191   | 1024 | 128   | 4    | worker   | 12        | 16  | decrease  | asc         | asc        | 1512144    | 6975.98           | 22401.25 | 6   | 3358,3493,3628,3356,3491,3626       | 221.12   |
| 3   | 20         | 10000000 | 2500000   | 476191   | 1024 | 128   | 4    | worker   | 12        | 16  | decrease  | asc         | asc        | 1262144    | 5819.52           | 18658.17 | 6   | 3353,3488,3623,3351,3486,3621       | 220.61   |
| 3   | 20         | 10000000 | 2500000   | 476191   | 1024 | 128   | 4    | worker   | 12        | 16  | decrease  | asc         | asc        | 1012144    | 4691.27           | 15040.37 | 6   | 3348,3483,3618,3346,3481,3616       | 220.6    |
| 4   | 20         | 10000000 | 2500000   | 476191   | 1024 | 128   | 4    | io_uring | 12        | 16  | decrease  | desc        | asc        | 762144     | 4447.14           | 14256.47 | 6   | 5773,5908,6043,5771,5906,6041       | 220.58   |
| 1   | 20         | 10000000 | 2500000   | 476191   | 1024 | 128   | 4    | io_uring | 12        | 16  | increase  | asc         | desc       | 1762144    | 10370.01          | 33223.17 | 6   | 1338,1473,1608,1336,1471,1606       | 220.38   |
| 1   | 20         | 10000000 | 2500000   | 476191   | 1024 | 128   | 4    | worker   | 12        | 16  | increase  | asc         | desc       | 32768      | 195.33            | 625.44   | 6   | 483,618,753,481,616,751             | 220.2    |
| 3   | 20         | 10000000 | 2500000   | 476191   | 1024 | 128   | 4    | worker   | 12        | 16  | decrease  | asc         | asc        | 2262144    | 10416.89          | 33330.86 | 6   | 3373,3508,3643,3371,3506,3641       | 219.97   |
| 1   | 20         | 10000000 | 2500000   | 476191   | 1024 | 128   | 4    | io_uring | 12        | 16  | increase  | asc         | desc       | 512144     | 3011.88           | 9627.98  | 6   | 1313,1448,1583,1311,1446,1581       | 219.67   |
| 4   | 20         | 10000000 | 2500000   | 476191   | 1024 | 128   | 4    | io_uring | 12        | 16  | decrease  | desc        | asc        | 131072     | 745.31            | 2381.82  | 6   | 5758,5893,6028,5756,5891,6026       | 219.57   |
| 2   | 20         | 10000000 | 2500000   | 476191   | 1024 | 128   | 4    | worker   | 12        | 16  | increase  | desc        | desc       | 1762144    | 8171.99           | 26107.43 | 6   | 2148,2283,2418,2146,2281,2416       | 219.47   |
| 4   | 20         | 10000000 | 2500000   | 476191   | 1024 | 128   | 4    | io_uring | 12        | 16  | decrease  | desc        | asc        | 2262144    | 13289.7           | 42442.43 | 6   | 5803,5938,6073,5801,5936,6071       | 219.36   |
| 2   | 20         | 10000000 | 2500000   | 476191   | 1024 | 128   | 4    | worker   | 12        | 16  | increase  | desc        | desc       | 131072     | 616.9             | 1967.86  | 6   | 2113,2248,2383,2111,2246,2381       | 218.99   |
| 4   | 20         | 10000000 | 2500000   | 476191   | 1024 | 128   | 4    | io_uring | 12        | 16  | decrease  | desc        | asc        | 1012144    | 5937.53           | 18935.95 | 6   | 5778,5913,6048,5776,5911,6046       | 218.92   |
| 1   | 20         | 10000000 | 2500000   | 476191   | 1024 | 128   | 4    | io_uring | 12        | 16  | increase  | asc         | desc       | 1512144    | 8908.26           | 28399.63 | 6   | 1333,1468,1603,1331,1466,1601       | 218.8    |
| 3   | 20         | 10000000 | 2500000   | 476191   | 1024 | 128   | 4    | worker   | 12        | 16  | decrease  | asc         | asc        | 262144     | 1216.24           | 3874.88  | 6   | 3333,3468,3603,3331,3466,3601       | 218.6    |
| 4   | 20         | 10000000 | 2500000   | 476191   | 1024 | 128   | 4    | io_uring | 12        | 16  | decrease  | desc        | asc        | 65536      | 377.21            | 1200.57  | 6   | 5753,5888,6023,5751,5886,6021       | 218.28   |
| 4   | 20         | 10000000 | 2500000   | 476191   | 1024 | 128   | 4    | io_uring | 12        | 16  | decrease  | desc        | asc        | 1762144    | 10406.02          | 33112.66 | 6   | 5793,5928,6063,5791,5926,6061       | 218.21   |
| 4   | 20         | 10000000 | 2500000   | 476191   | 1024 | 128   | 4    | io_uring | 12        | 16  | decrease  | desc        | asc        | 262144     | 1521.01           | 4839.46  | 6   | 5763,5898,6033,5761,5896,6031       | 218.17   |
| 2   | 20         | 10000000 | 2500000   | 476191   | 1024 | 128   | 4    | worker   | 12        | 16  | increase  | desc        | desc       | 1012144    | 4729.35           | 15041.67 | 6   | 2133,2268,2403,2131,2266,2401       | 218.05   |
| 4   | 20         | 10000000 | 2500000   | 476191   | 1024 | 128   | 4    | io_uring | 12        | 16  | decrease  | desc        | asc        | 1262144    | 7425.73           | 23616.28 | 6   | 5783,5918,6053,5781,5916,6051       | 218.03   |
| 2   | 20         | 10000000 | 2500000   | 476191   | 1024 | 128   | 4    | worker   | 12        | 16  | increase  | desc        | desc       | 2262144    | 10517.04          | 33431.36 | 6   | 2158,2293,2428,2156,2291,2426       | 217.88   |
| 4   | 20         | 10000000 | 2500000   | 476191   | 1024 | 128   | 4    | io_uring | 12        | 16  | decrease  | desc        | asc        | 512144     | 2991.4            | 9503.16  | 6   | 5768,5903,6038,5766,5901,6036       | 217.68   |
| 4   | 20         | 10000000 | 2500000   | 476191   | 1024 | 128   | 4    | io_uring | 12        | 16  | decrease  | desc        | asc        | 1512144    | 8885.03           | 28187.46 | 6   | 5788,5923,6058,5786,5921,6056       | 217.25   |
| 3   | 20         | 10000000 | 2500000   | 476191   | 1024 | 128   | 4    | worker   | 12        | 16  | decrease  | asc         | asc        | 65536      | 309.87            | 982.18   | 6   | 3323,3458,3593,3321,3456,3591       | 216.97   |
| 4   | 20         | 10000000 | 2500000   | 476191   | 1024 | 128   | 4    | io_uring | 12        | 16  | decrease  | desc        | asc        | 2012144    | 11878.74          | 37648.3  | 6   | 5798,5933,6068,5796,5931,6066       | 216.94   |
| 1   | 20         | 10000000 | 2500000   | 476191   | 1024 | 128   | 4    | io_uring | 12        | 16  | increase  | asc         | desc       | 2012144    | 11828.7           | 37387.81 | 6   | 1343,1478,1613,1341,1476,1611       | 216.08   |
| 1   | 20         | 10000000 | 2500000   | 476191   | 1024 | 128   | 4    | io_uring | 12        | 16  | increase  | asc         | desc       | 1262144    | 7439.76           | 23514.2  | 6   | 1328,1463,1598,1326,1461,1596       | 216.06   |
| 1   | 20         | 10000000 | 2500000   | 476191   | 1024 | 128   | 4    | io_uring | 12        | 16  | increase  | asc         | desc       | 262144     | 1556.17           | 4915.64  | 6   | 1308,1443,1578,1306,1441,1576       | 215.88   |
| 1   | 20         | 10000000 | 2500000   | 476191   | 1024 | 128   | 4    | io_uring | 12        | 16  | increase  | asc         | desc       | 2262144    | 13341.7           | 42104.38 | 6   | 1348,1483,1618,1346,1481,1616       | 215.58   |
| 1   | 20         | 10000000 | 2500000   | 476191   | 1024 | 128   | 4    | io_uring | 12        | 16  | increase  | asc         | desc       | 1012144    | 5966.28           | 18821.08 | 6   | 1323,1458,1593,1321,1456,1591       | 215.46   |
| 1   | 20         | 10000000 | 2500000   | 476191   | 1024 | 128   | 4    | io_uring | 12        | 16  | increase  | asc         | desc       | 762144     | 4493.48           | 14164.05 | 6   | 1318,1453,1588,1316,1451,1586       | 215.21   |
| 2   | 20         | 10000000 | 2500000   | 476191   | 1024 | 128   | 4    | worker   | 12        | 16  | increase  | desc        | desc       | 1262144    | 5913.96           | 18636.11 | 6   | 2138,2273,2408,2136,2271,2406       | 215.12   |
| 2   | 20         | 10000000 | 2500000   | 476191   | 1024 | 128   | 4    | worker   | 12        | 16  | increase  | desc        | desc       | 512144     | 2421.1            | 7620.02  | 6   | 2123,2258,2393,2121,2256,2391       | 214.73   |
| 1   | 20         | 10000000 | 2500000   | 476191   | 1024 | 128   | 4    | worker   | 12        | 16  | increase  | asc         | desc       | 16384      | 103.45            | 325.3    | 6   | 478,613,748,476,611,746             | 214.45   |
| 1   | 20         | 10000000 | 2500000   | 476191   | 1024 | 128   | 4    | io_uring | 12        | 16  | increase  | asc         | desc       | 131072     | 786.02            | 2460.34  | 6   | 1303,1438,1573,1301,1436,1571       | 213.01   |
| 1   | 20         | 10000000 | 2500000   | 476191   | 1024 | 128   | 4    | io_uring | 12        | 16  | increase  | asc         | desc       | 8192       | 54.48             | 170.19   | 6   | 1283,1418,1553,1281,1416,1551       | 212.39   |
| 2   | 20         | 10000000 | 2500000   | 476191   | 1024 | 128   | 4    | worker   | 12        | 16  | increase  | desc        | desc       | 65536      | 315.44            | 984.48   | 6   | 2108,2243,2378,2106,2241,2376       | 212.1    |
| 3   | 20         | 10000000 | 2500000   | 476191   | 1024 | 128   | 4    | worker   | 12        | 16  | decrease  | asc         | asc        | 32768      | 162.08            | 501.78   | 6   | 3318,3453,3588,3316,3451,3586       | 209.59   |
| 1   | 20         | 10000000 | 2500000   | 476191   | 1024 | 128   | 4    | io_uring | 12        | 16  | increase  | asc         | desc       | 65536      | 404.88            | 1243.24  | 6   | 1298,1433,1568,1296,1431,1566       | 207.06   |
| 4   | 20         | 10000000 | 2500000   | 476191   | 1024 | 128   | 4    | io_uring | 12        | 16  | decrease  | desc        | asc        | 32768      | 197.76            | 603.85   | 6   | 5748,5883,6018,5746,5881,6016       | 205.34   |
| 1   | 20         | 10000000 | 2500000   | 476191   | 1024 | 128   | 4    | io_uring | 12        | 16  | increase  | asc         | desc       | 32768      | 205.88            | 627.95   | 6   | 1293,1428,1563,1291,1426,1561       | 205.01   |
| 2   | 20         | 10000000 | 2500000   | 476191   | 1024 | 128   | 4    | worker   | 12        | 16  | increase  | desc        | desc       | 32768      | 162.67            | 494.72   | 6   | 2103,2238,2373,2101,2236,2371       | 204.12   |
| 1   | 20         | 10000000 | 2500000   | 476191   | 1024 | 128   | 4    | io_uring | 12        | 16  | increase  | asc         | desc       | 16384      | 109.05            | 328.27   | 6   | 1288,1423,1558,1286,1421,1556       | 201.03   |
| 3   | 20         | 10000000 | 2500000   | 476191   | 1024 | 128   | 4    | io_uring | 12        | 16  | decrease  | asc         | asc        | 762144     | 3775.41           | 11298.27 | 6   | 4153,4288,4423,4151,4286,4421       | 199.26   |
| 2   | 20         | 10000000 | 2500000   | 476191   | 1024 | 128   | 4    | io_uring | 12        | 16  | increase  | desc        | desc       | 2012144    | 10027.46          | 29961.79 | 6   | 2963,3098,3233,2961,3096,3231       | 198.8    |
| 2   | 20         | 10000000 | 2500000   | 476191   | 1024 | 128   | 4    | io_uring | 12        | 16  | increase  | desc        | desc       | 2262144    | 11331.13          | 33787.22 | 6   | 2968,3103,3238,2966,3101,3236       | 198.18   |
| 2   | 20         | 10000000 | 2500000   | 476191   | 1024 | 128   | 4    | io_uring | 12        | 16  | increase  | desc        | desc       | 1512144    | 7590.14           | 22608.6  | 6   | 2953,3088,3223,2951,3086,3221       | 197.87   |
| 2   | 20         | 10000000 | 2500000   | 476191   | 1024 | 128   | 4    | io_uring | 12        | 16  | increase  | desc        | desc       | 1012144    | 5069.95           | 15101.6  | 6   | 2943,3078,3213,2941,3076,3211       | 197.86   |
| 4   | 20         | 10000000 | 2500000   | 476191   | 1024 | 128   | 4    | worker   | 12        | 16  | decrease  | desc        | asc        | 8192       | 56.35             | 167.54   | 6   | 4928,5063,5198,4926,5061,5196       | 197.32   |
| 1   | 20         | 10000000 | 2500000   | 476191   | 1024 | 128   | 4    | worker   | 12        | 16  | increase  | asc         | desc       | 8192       | 57.54             | 171.02   | 6   | 473,608,743,471,606,741             | 197.22   |
| 3   | 20         | 10000000 | 2500000   | 476191   | 1024 | 128   | 4    | io_uring | 12        | 16  | decrease  | asc         | asc        | 512144     | 2543.0            | 7547.88  | 6   | 4148,4283,4418,4146,4281,4416       | 196.81   |
| 3   | 20         | 10000000 | 2500000   | 476191   | 1024 | 128   | 4    | io_uring | 12        | 16  | decrease  | asc         | asc        | 131072     | 660.35            | 1959.17  | 6   | 4138,4273,4408,4136,4271,4406       | 196.69   |
| 2   | 20         | 10000000 | 2500000   | 476191   | 1024 | 128   | 4    | io_uring | 12        | 16  | increase  | desc        | desc       | 1762144    | 8823.5            | 26177.09 | 6   | 2958,3093,3228,2956,3091,3226       | 196.67   |
| 2   | 20         | 10000000 | 2500000   | 476191   | 1024 | 128   | 4    | io_uring | 12        | 16  | increase  | desc        | desc       | 65536      | 334.63            | 992.54   | 6   | 2918,3053,3188,2916,3051,3186       | 196.61   |
| 3   | 20         | 10000000 | 2500000   | 476191   | 1024 | 128   | 4    | worker   | 12        | 16  | decrease  | asc         | asc        | 16384      | 86.73             | 257.13   | 6   | 3313,3448,3583,3311,3446,3581       | 196.47   |
| 2   | 20         | 10000000 | 2500000   | 476191   | 1024 | 128   | 4    | io_uring | 12        | 16  | increase  | desc        | desc       | 512144     | 2597.15           | 7685.09  | 6   | 2933,3068,3203,2931,3066,3201       | 195.9    |
| 3   | 20         | 10000000 | 2500000   | 476191   | 1024 | 128   | 4    | io_uring | 12        | 16  | decrease  | asc         | asc        | 1762144    | 8768.61           | 25875.33 | 6   | 4173,4308,4443,4171,4306,4441       | 195.09   |
| 2   | 20         | 10000000 | 2500000   | 476191   | 1024 | 128   | 4    | io_uring | 12        | 16  | increase  | desc        | desc       | 1262144    | 6359.32           | 18758.56 | 6   | 2948,3083,3218,2946,3081,3216       | 194.98   |
| 3   | 20         | 10000000 | 2500000   | 476191   | 1024 | 128   | 4    | io_uring | 12        | 16  | decrease  | asc         | asc        | 262144     | 1314.75           | 3868.36  | 6   | 4143,4278,4413,4141,4276,4411       | 194.23   |
| 2   | 20         | 10000000 | 2500000   | 476191   | 1024 | 128   | 4    | io_uring | 12        | 16  | increase  | desc        | desc       | 762144     | 3846.09           | 11309.13 | 6   | 2938,3073,3208,2936,3071,3206       | 194.04   |
| 4   | 20         | 10000000 | 2500000   | 476191   | 1024 | 128   | 4    | io_uring | 12        | 16  | decrease  | desc        | asc        | 16384      | 104.56            | 307.45   | 6   | 5743,5878,6013,5741,5876,6011       | 194.04   |
| 3   | 20         | 10000000 | 2500000   | 476191   | 1024 | 128   | 4    | io_uring | 12        | 16  | decrease  | asc         | asc        | 2012144    | 10057.47          | 29571.19 | 6   | 4178,4313,4448,4176,4311,4446       | 194.02   |
| 3   | 20         | 10000000 | 2500000   | 476191   | 1024 | 128   | 4    | io_uring | 12        | 16  | decrease  | asc         | asc        | 2262144    | 11311.1           | 33256.23 | 6   | 4183,4318,4453,4181,4316,4451       | 194.01   |
| 4   | 20         | 10000000 | 2500000   | 476191   | 1024 | 128   | 4    | worker   | 12        | 16  | decrease  | desc        | asc        | 1262144    | 8130.08           | 23507.25 | 6   | 4973,5108,5243,4971,5106,5241       | 189.14   |
| 2   | 20         | 10000000 | 2500000   | 476191   | 1024 | 128   | 4    | worker   | 12        | 16  | increase  | desc        | desc       | 16384      | 88.06             | 254.52   | 6   | 2098,2233,2368,2096,2231,2366       | 189.03   |
| 3   | 20         | 10000000 | 2500000   | 476191   | 1024 | 128   | 4    | io_uring | 12        | 16  | decrease  | asc         | asc        | 32768      | 174.05            | 500.84   | 6   | 4128,4263,4398,4126,4261,4396       | 187.76   |
| 3   | 20         | 10000000 | 2500000   | 476191   | 1024 | 128   | 4    | worker   | 12        | 16  | decrease  | asc         | asc        | 8192       | 46.67             | 133.94   | 6   | 3308,3443,3578,3306,3441,3576       | 186.99   |
| 2   | 20         | 10000000 | 2500000   | 476191   | 1024 | 128   | 4    | io_uring | 12        | 16  | increase  | desc        | desc       | 32768      | 174.74            | 497.68   | 6   | 2913,3048,3183,2911,3046,3181       | 184.81   |
| 3   | 20         | 10000000 | 2500000   | 476191   | 1024 | 128   | 4    | io_uring | 12        | 16  | decrease  | asc         | asc        | 16384      | 93.15             | 257.52   | 6   | 4123,4258,4393,4121,4256,4391       | 176.46   |
| 2   | 20         | 10000000 | 2500000   | 476191   | 1024 | 128   | 4    | worker   | 12        | 16  | increase  | desc        | desc       | 8192       | 49.03             | 134.43   | 6   | 2093,2228,2363,2091,2226,2361       | 174.18   |
| 4   | 20         | 10000000 | 2500000   | 476191   | 1024 | 128   | 4    | worker   | 12        | 16  | decrease  | desc        | asc        | 4096       | 34.38             | 91.61    | 6   | 4923,5058,5193,4921,5056,5191       | 166.46   |
| 4   | 20         | 10000000 | 2500000   | 476191   | 1024 | 128   | 4    | io_uring | 12        | 16  | decrease  | desc        | asc        | 8192       | 62.04             | 161.06   | 6   | 5738,5873,6008,5736,5871,6006       | 159.61   |
| 1   | 20         | 10000000 | 2500000   | 476191   | 1024 | 128   | 4    | worker   | 12        | 16  | increase  | asc         | desc       | 4096       | 36.51             | 93.6     | 6   | 468,603,738,466,601,736             | 156.37   |
| 1   | 20         | 10000000 | 2500000   | 476191   | 1024 | 128   | 4    | io_uring | 12        | 16  | increase  | asc         | desc       | 4096       | 37.29             | 94.48    | 6   | 1278,1413,1548,1276,1411,1546       | 153.37   |
| 2   | 20         | 10000000 | 2500000   | 476191   | 1024 | 128   | 4    | io_uring | 12        | 16  | increase  | desc        | desc       | 8192       | 52.02             | 129.39   | 6   | 2903,3038,3173,2901,3036,3171       | 148.73   |
| 2   | 20         | 10000000 | 2500000   | 476191   | 1024 | 128   | 4    | worker   | 12        | 16  | increase  | desc        | desc       | 4096       | 29.43             | 71.41    | 6   | 2088,2223,2358,2086,2221,2356       | 142.64   |
| 4   | 20         | 10000000 | 2500000   | 476191   | 1024 | 128   | 4    | io_uring | 12        | 16  | decrease  | desc        | asc        | 4096       | 37.32             | 89.09    | 6   | 5733,5868,6003,5731,5866,6001       | 138.72   |
| 3   | 20         | 10000000 | 2500000   | 476191   | 1024 | 128   | 4    | worker   | 12        | 16  | decrease  | asc         | asc        | 4096       | 31.31             | 73.14    | 6   | 3303,3438,3573,3301,3436,3571       | 133.6    |
| 1   | 20         | 10000000 | 2500000   | 476191   | 1024 | 128   | 4    | worker   | 12        | 16  | increase  | asc         | desc       | 2048       | 23.68             | 54.74    | 6   | 463,598,733,461,596,731             | 131.17   |
| 4   | 20         | 10000000 | 2500000   | 476191   | 1024 | 128   | 4    | worker   | 12        | 16  | decrease  | desc        | asc        | 2048       | 23.23             | 53.29    | 6   | 4918,5053,5188,4916,5051,5186       | 129.4    |
| 3   | 20         | 10000000 | 2500000   | 476191   | 1024 | 128   | 4    | io_uring | 12        | 16  | decrease  | asc         | asc        | 4096       | 31.87             | 71.79    | 6   | 4113,4248,4383,4111,4246,4381       | 125.26   |
| 3   | 20         | 10000000 | 2500000   | 476191   | 1024 | 128   | 4    | io_uring | 12        | 16  | decrease  | asc         | asc        | 2048       | 18.5              | 39.67    | 6   | 4108,4243,4378,4106,4241,4376       | 114.43   |
| 1   | 20         | 10000000 | 2500000   | 476191   | 1024 | 128   | 4    | io_uring | 12        | 16  | increase  | asc         | desc       | 1024       | 15.76             | 33.61    | 6   | 1268,1403,1538,1266,1401,1536       | 113.26   |
| 2   | 20         | 10000000 | 2500000   | 476191   | 1024 | 128   | 4    | worker   | 12        | 16  | increase  | desc        | desc       | 2048       | 19.58             | 40.15    | 6   | 2083,2218,2353,2081,2216,2351       | 105.06   |
| 2   | 20         | 10000000 | 2500000   | 476191   | 1024 | 128   | 4    | io_uring | 12        | 16  | increase  | desc        | desc       | 2048       | 20.12             | 40.74    | 6   | 2893,3028,3163,2891,3026,3161       | 102.49   |
| 4   | 20         | 10000000 | 2500000   | 476191   | 1024 | 128   | 4    | worker   | 12        | 16  | decrease  | desc        | asc        | 256        | 10.8              | 21.7     | 6   | 4903,5038,5173,4901,5036,5171       | 100.93   |
| 4   | 20         | 10000000 | 2500000   | 476191   | 1024 | 128   | 4    | worker   | 12        | 16  | decrease  | desc        | asc        | 1024       | 16.95             | 34.0     | 6   | 4913,5048,5183,4911,5046,5181       | 100.59   |
| 4   | 20         | 10000000 | 2500000   | 476191   | 1024 | 128   | 4    | io_uring | 12        | 16  | decrease  | desc        | asc        | 1024       | 16.91             | 33.26    | 6   | 5723,5858,5993,5721,5856,5991       | 96.69    |
| 3   | 20         | 10000000 | 2500000   | 476191   | 1024 | 128   | 4    | io_uring | 12        | 16  | decrease  | asc         | desc       | 256        | 8.89              | 17.32    | 6   | 4498,4633,4768,4496,4631,4766       | 94.83    |
| 1   | 20         | 10000000 | 2500000   | 476191   | 1024 | 128   | 4    | worker   | 12        | 16  | increase  | asc         | desc       | 1012144    | 10027.22          | 18975.12 | 6   | 513,648,783,511,646,781             | 89.24    |
| 4   | 20         | 10000000 | 2500000   | 476191   | 1024 | 128   | 4    | worker   | 12        | 16  | decrease  | desc        | asc        | 2012144    | 19848.36          | 37547.89 | 6   | 4988,5123,5258,4986,5121,5256       | 89.17    |
| 1   | 20         | 10000000 | 2500000   | 476191   | 1024 | 128   | 4    | io_uring | 12        | 16  | increase  | asc         | desc       | 2048       | 28.33             | 53.42    | 6   | 1273,1408,1543,1271,1406,1541       | 88.56    |
| 1   | 20         | 10000000 | 2500000   | 476191   | 1024 | 128   | 4    | worker   | 12        | 16  | increase  | asc         | desc       | 131072     | 1319.33           | 2459.64  | 6   | 493,628,763,491,626,761             | 86.43    |
| 3   | 20         | 10000000 | 2500000   | 476191   | 1024 | 128   | 4    | worker   | 12        | 16  | decrease  | asc         | asc        | 762144     | 6071.62           | 11292.74 | 6   | 3343,3478,3613,3341,3476,3611       | 85.99    |
| 3   | 20         | 10000000 | 2500000   | 476191   | 1024 | 128   | 4    | worker   | 12        | 16  | decrease  | asc         | asc        | 2012144    | 16048.75          | 29652.61 | 6   | 3368,3503,3638,3366,3501,3636       | 84.77    |
| 4   | 20         | 10000000 | 2500000   | 476191   | 1024 | 128   | 4    | worker   | 12        | 16  | decrease  | desc        | asc        | 512        | 14.05             | 25.88    | 6   | 4908,5043,5178,4906,5041,5176       | 84.2     |
| 2   | 20         | 10000000 | 2500000   | 476191   | 1024 | 128   | 4    | worker   | 12        | 16  | increase  | desc        | desc       | 262144     | 2122.82           | 3909.37  | 6   | 2118,2253,2388,2116,2251,2386       | 84.16    |
| 3   | 20         | 10000000 | 2500000   | 476191   | 1024 | 128   | 4    | worker   | 12        | 16  | decrease  | asc         | asc        | 1762144    | 14191.2           | 26124.17 | 6   | 3363,3498,3633,3361,3496,3631       | 84.09    |
| 2   | 20         | 10000000 | 2500000   | 476191   | 1024 | 128   | 4    | worker   | 12        | 16  | increase  | desc        | desc       | 762144     | 6198.87           | 11267.58 | 6   | 2128,2263,2398,2126,2261,2396       | 81.77    |
| 3   | 20         | 10000000 | 2500000   | 476191   | 1024 | 128   | 4    | io_uring | 12        | 16  | decrease  | asc         | asc        | 1512144    | 12396.88          | 22480.33 | 6   | 4168,4303,4438,4166,4301,4436       | 81.34    |
| 4   | 20         | 10000000 | 2500000   | 476191   | 1024 | 128   | 4    | worker   | 12        | 16  | decrease  | desc        | asc        | 128        | 9.85              | 17.81    | 6   | 4898,5033,5168,4896,5031,5166       | 80.81    |
| 2   | 20         | 10000000 | 2500000   | 476191   | 1024 | 128   | 4    | io_uring | 12        | 16  | increase  | desc        | desc       | 131072     | 1095.56           | 1975.24  | 6   | 2923,3058,3193,2921,3056,3191       | 80.3     |
| 4   | 20         | 10000000 | 2500000   | 476191   | 1024 | 128   | 4    | io_uring | 12        | 16  | decrease  | desc        | asc        | 2048       | 28.33             | 51.06    | 6   | 5728,5863,5998,5726,5861,5996       | 80.23    |
| 2   | 20         | 10000000 | 2500000   | 476191   | 1024 | 128   | 4    | io_uring | 12        | 16  | increase  | desc        | desc       | 262144     | 2181.5            | 3917.47  | 6   | 2928,3063,3198,2926,3061,3196       | 79.58    |
| 3   | 20         | 10000000 | 2500000   | 476191   | 1024 | 128   | 4    | io_uring | 12        | 16  | decrease  | asc         | asc        | 1262144    | 10355.4           | 18560.4  | 6   | 4163,4298,4433,4161,4296,4431       | 79.23    |
| 1   | 20         | 10000000 | 2500000   | 476191   | 1024 | 128   | 4    | worker   | 12        | 16  | increase  | asc         | desc       | 64         | 8.06              | 14.39    | 6   | 438,573,708,436,571,706             | 78.54    |
| 3   | 20         | 10000000 | 2500000   | 476191   | 1024 | 128   | 4    | io_uring | 12        | 16  | decrease  | asc         | asc        | 8192       | 77.27             | 135.23   | 6   | 4118,4253,4388,4116,4251,4386       | 75.01    |
| 2   | 20         | 10000000 | 2500000   | 476191   | 1024 | 128   | 4    | io_uring | 12        | 16  | increase  | desc        | desc       | 16384      | 145.92            | 252.61   | 6   | 2908,3043,3178,2906,3041,3176       | 73.12    |
| 3   | 20         | 10000000 | 2500000   | 476191   | 1024 | 128   | 4    | io_uring | 12        | 16  | decrease  | asc         | asc        | 1024       | 15.65             | 26.73    | 6   | 4103,4238,4373,4101,4236,4371       | 70.8     |
| 2   | 20         | 10000000 | 2500000   | 476191   | 1024 | 128   | 4    | io_uring | 12        | 16  | increase  | desc        | asc        | 1024       | 15.17             | 25.58    | 6   | 2483,2618,2753,2481,2616,2751       | 68.62    |
| 1   | 20         | 10000000 | 2500000   | 476191   | 1024 | 128   | 4    | io_uring | 12        | 16  | increase  | asc         | desc       | 256        | 12.0              | 20.12    | 6   | 1258,1393,1528,1256,1391,1526       | 67.67    |
| 3   | 20         | 10000000 | 2500000   | 476191   | 1024 | 128   | 4    | worker   | 12        | 16  | decrease  | asc         | desc       | 1024       | 15.42             | 25.74    | 6   | 3698,3833,3968,3696,3831,3966       | 66.93    |
| 2   | 20         | 10000000 | 2500000   | 476191   | 1024 | 128   | 4    | io_uring | 12        | 16  | increase  | desc        | asc        | 256        | 10.91             | 18.15    | 6   | 2473,2608,2743,2471,2606,2741       | 66.36    |
| 1   | 20         | 10000000 | 2500000   | 476191   | 1024 | 128   | 4    | io_uring | 12        | 16  | increase  | asc         | desc       | 512        | 14.63             | 23.96    | 6   | 1263,1398,1533,1261,1396,1531       | 63.77    |
| 4   | 20         | 10000000 | 2500000   | 476191   | 1024 | 128   | 4    | io_uring | 12        | 16  | decrease  | desc        | asc        | 512        | 14.68             | 23.93    | 6   | 5718,5853,5988,5716,5851,5986       | 63.01    |
| 2   | 20         | 10000000 | 2500000   | 476191   | 1024 | 128   | 4    | worker   | 12        | 16  | increase  | desc        | asc        | 64         | 8.21              | 13.16    | 6   | 1653,1788,1923,1651,1786,1921       | 60.29    |
| 2   | 20         | 10000000 | 2500000   | 476191   | 1024 | 128   | 4    | io_uring | 12        | 16  | increase  | desc        | asc        | 512        | 12.15             | 19.46    | 6   | 2478,2613,2748,2476,2611,2746       | 60.16    |
| 2   | 20         | 10000000 | 2500000   | 476191   | 1024 | 128   | 4    | io_uring | 12        | 16  | increase  | desc        | desc       | 1024       | 16.2              | 25.91    | 6   | 2888,3023,3158,2886,3021,3156       | 59.94    |
| 3   | 20         | 10000000 | 2500000   | 476191   | 1024 | 128   | 4    | worker   | 12        | 16  | decrease  | asc         | asc        | 512        | 12.11             | 19.32    | 6   | 3288,3423,3558,3286,3421,3556       | 59.54    |
| 5   | 40         | 10000000 | 312500    | 238096   | 0    | 512   | 32   | worker   | 12        | 16  | increase  | asc         | desc       | 189018     | 9721.46           | 15342.53 | 6   | 6943,7063,7183,6941,7061,7181       | 57.82    |
| 2   | 20         | 10000000 | 2500000   | 476191   | 1024 | 128   | 4    | worker   | 12        | 16  | increase  | desc        | desc       | 1024       | 16.49             | 25.93    | 6   | 2078,2213,2348,2076,2211,2346       | 57.25    |
| 3   | 20         | 10000000 | 2500000   | 476191   | 1024 | 128   | 4    | io_uring | 12        | 16  | decrease  | asc         | desc       | 8192       | 53.29             | 82.73    | 6   | 4523,4658,4793,4521,4656,4791       | 55.24    |
| 2   | 20         | 10000000 | 2500000   | 476191   | 1024 | 128   | 4    | io_uring | 12        | 16  | increase  | desc        | desc       | 4096       | 46.02             | 71.44    | 6   | 2898,3033,3168,2896,3031,3166       | 55.24    |
| 2   | 20         | 10000000 | 2500000   | 476191   | 1024 | 128   | 4    | worker   | 12        | 16  | increase  | desc        | asc        | 1024       | 15.73             | 24.41    | 6   | 1673,1808,1943,1671,1806,1941       | 55.18    |
| 1   | 20         | 10000000 | 2500000   | 476191   | 1024 | 128   | 4    | worker   | 12        | 16  | increase  | asc         | desc       | 512        | 16.28             | 25.15    | 6   | 453,588,723,451,586,721             | 54.48    |
| 2   | 20         | 10000000 | 2500000   | 476191   | 1024 | 128   | 4    | worker   | 12        | 16  | increase  | desc        | desc       | 128        | 7.77              | 11.98    | 6   | 2063,2198,2333,2061,2196,2331       | 54.18    |
| 4   | 20         | 10000000 | 2500000   | 476191   | 1024 | 128   | 4    | io_uring | 12        | 16  | decrease  | desc        | asc        | 256        | 12.75             | 19.62    | 6   | 5713,5848,5983,5711,5846,5981       | 53.88    |
| 2   | 20         | 10000000 | 2500000   | 476191   | 1024 | 128   | 4    | worker   | 12        | 16  | increase  | desc        | asc        | 2048       | 22.35             | 34.37    | 6   | 1678,1813,1948,1676,1811,1946       | 53.78    |
| 3   | 20         | 10000000 | 2500000   | 476191   | 1024 | 128   | 4    | io_uring | 12        | 16  | decrease  | asc         | desc       | 4096       | 32.7              | 50.24    | 6   | 4518,4653,4788,4516,4651,4786       | 53.64    |
| 3   | 20         | 10000000 | 2500000   | 476191   | 1024 | 128   | 4    | worker   | 12        | 16  | decrease  | asc         | desc       | 64         | 8.69              | 13.3     | 6   | 3678,3813,3948,3676,3811,3946       | 53.05    |
| 4   | 20         | 10000000 | 2500000   | 476191   | 1024 | 128   | 4    | worker   | 12        | 16  | decrease  | desc        | desc       | 32         | 5.29              | 7.97     | 6   | 5293,5428,5563,5291,5426,5561       | 50.66    |
| 3   | 20         | 10000000 | 2500000   | 476191   | 1024 | 128   | 4    | worker   | 12        | 16  | decrease  | asc         | asc        | 2048       | 27.56             | 41.51    | 6   | 3298,3433,3568,3296,3431,3566       | 50.62    |
| 2   | 20         | 10000000 | 2500000   | 476191   | 1024 | 128   | 4    | io_uring | 12        | 16  | increase  | desc        | asc        | 2048       | 22.52             | 33.51    | 6   | 2488,2623,2758,2486,2621,2756       | 48.8     |
| 3   | 20         | 10000000 | 2500000   | 476191   | 1024 | 128   | 4    | io_uring | 12        | 16  | decrease  | asc         | desc       | 512        | 13.64             | 20.13    | 6   | 4503,4638,4773,4501,4636,4771       | 47.58    |
| 3   | 20         | 10000000 | 2500000   | 476191   | 1024 | 128   | 4    | io_uring | 12        | 16  | decrease  | asc         | asc        | 256        | 9.56              | 14.09    | 6   | 4093,4228,4363,4091,4226,4361       | 47.38    |
| 3   | 20         | 10000000 | 2500000   | 476191   | 1024 | 128   | 4    | worker   | 12        | 16  | decrease  | asc         | asc        | 128        | 8.45              | 12.4     | 6   | 3278,3413,3548,3276,3411,3546       | 46.75    |
| 2   | 20         | 10000000 | 2500000   | 476191   | 1024 | 128   | 4    | worker   | 12        | 16  | increase  | desc        | asc        | 8192       | 53.52             | 76.82    | 6   | 1688,1823,1958,1686,1821,1956       | 43.54    |
| 2   | 20         | 10000000 | 2500000   | 476191   | 1024 | 128   | 4    | worker   | 12        | 16  | increase  | desc        | asc        | 4096       | 34.0              | 48.7     | 6   | 1683,1818,1953,1681,1816,1951       | 43.24    |
| 2   | 20         | 10000000 | 2500000   | 476191   | 1024 | 128   | 4    | io_uring | 12        | 16  | increase  | desc        | desc       | 512        | 12.67             | 18.08    | 6   | 2883,3018,3153,2881,3016,3151       | 42.7     |
| 3   | 20         | 10000000 | 2500000   | 476191   | 1024 | 128   | 4    | worker   | 12        | 16  | decrease  | asc         | desc       | 16384      | 95.86             | 136.66   | 6   | 3718,3853,3988,3716,3851,3986       | 42.56    |
| 3   | 20         | 10000000 | 2500000   | 476191   | 1024 | 128   | 4    | worker   | 12        | 16  | decrease  | asc         | desc       | 4096       | 32.87             | 46.54    | 6   | 3708,3843,3978,3706,3841,3976       | 41.59    |
| 1   | 20         | 10000000 | 2500000   | 476191   | 1024 | 128   | 4    | worker   | 12        | 16  | increase  | asc         | desc       | 256        | 14.03             | 19.85    | 6   | 448,583,718,446,581,716             | 41.48    |
| 3   | 20         | 10000000 | 2500000   | 476191   | 1024 | 128   | 4    | worker   | 12        | 16  | decrease  | asc         | asc        | 1024       | 17.64             | 24.73    | 6   | 3293,3428,3563,3291,3426,3561       | 40.19    |
| 6   | 40         | 10000000 | 312500    | 238096   | 0    | 512   | 32   | io_uring | 12        | 16  | increase  | desc        | desc       | 4          | 1.86              | 2.6      | 6   | 9013,9133,9253,9011,9131,9251       | 39.78    |
| 3   | 20         | 10000000 | 2500000   | 476191   | 1024 | 128   | 4    | io_uring | 12        | 16  | decrease  | asc         | desc       | 64         | 9.72              | 13.56    | 6   | 4488,4623,4758,4486,4621,4756       | 39.51    |
| 3   | 20         | 10000000 | 2500000   | 476191   | 1024 | 128   | 4    | io_uring | 12        | 16  | decrease  | asc         | desc       | 2048       | 24.78             | 34.48    | 6   | 4513,4648,4783,4511,4646,4781       | 39.14    |
| 2   | 20         | 10000000 | 2500000   | 476191   | 1024 | 128   | 4    | worker   | 12        | 16  | increase  | desc        | asc        | 512        | 14.92             | 20.43    | 6   | 1668,1803,1938,1666,1801,1936       | 36.93    |
| 2   | 20         | 10000000 | 2500000   | 476191   | 1024 | 128   | 4    | worker   | 12        | 16  | increase  | desc        | desc       | 512        | 13.67             | 18.7     | 6   | 2073,2208,2343,2071,2206,2341       | 36.8     |
| 2   | 20         | 10000000 | 2500000   | 476191   | 1024 | 128   | 4    | worker   | 12        | 16  | increase  | desc        | asc        | 2          | 1.48              | 2.02     | 6   | 1628,1763,1898,1626,1761,1896       | 36.49    |
| 1   | 20         | 10000000 | 2500000   | 476191   | 1024 | 128   | 4    | worker   | 12        | 16  | increase  | asc         | desc       | 1024       | 25.59             | 34.8     | 6   | 458,593,728,456,591,726             | 35.99    |
| 4   | 20         | 10000000 | 2500000   | 476191   | 1024 | 128   | 4    | io_uring | 12        | 16  | decrease  | desc        | desc       | 1024       | 12.03             | 16.2     | 6   | 6128,6263,6398,6126,6261,6396       | 34.66    |
| 2   | 20         | 10000000 | 2500000   | 476191   | 1024 | 128   | 4    | worker   | 12        | 16  | increase  | desc        | asc        | 128        | 13.54             | 18.16    | 6   | 1658,1793,1928,1656,1791,1926       | 34.12    |
| 3   | 20         | 10000000 | 2500000   | 476191   | 1024 | 128   | 4    | worker   | 12        | 16  | decrease  | asc         | desc       | 2048       | 23.36             | 31.27    | 6   | 3703,3838,3973,3701,3836,3971       | 33.86    |
| 2   | 20         | 10000000 | 2500000   | 476191   | 1024 | 128   | 4    | io_uring | 12        | 16  | increase  | desc        | asc        | 8192       | 58.19             | 77.77    | 6   | 2498,2633,2768,2496,2631,2766       | 33.65    |
| 3   | 20         | 10000000 | 2500000   | 476191   | 1024 | 128   | 4    | worker   | 12        | 16  | decrease  | asc         | desc       | 512        | 15.31             | 20.45    | 6   | 3693,3828,3963,3691,3826,3961       | 33.57    |
| 2   | 20         | 10000000 | 2500000   | 476191   | 1024 | 128   | 4    | io_uring | 12        | 16  | increase  | desc        | desc       | 128        | 9.59              | 12.79    | 6   | 2873,3008,3143,2871,3006,3141       | 33.37    |
| 3   | 20         | 10000000 | 2500000   | 476191   | 1024 | 128   | 4    | io_uring | 12        | 16  | decrease  | asc         | desc       | 16384      | 97.56             | 130.0    | 6   | 4528,4663,4798,4526,4661,4796       | 33.25    |
| 3   | 20         | 10000000 | 2500000   | 476191   | 1024 | 128   | 4    | io_uring | 12        | 16  | decrease  | asc         | asc        | 512        | 13.94             | 18.49    | 6   | 4098,4233,4368,4096,4231,4366       | 32.64    |
| 3   | 20         | 10000000 | 2500000   | 476191   | 1024 | 128   | 4    | io_uring | 12        | 16  | decrease  | asc         | asc        | 64         | 8.22              | 10.83    | 6   | 4083,4218,4353,4081,4216,4351       | 31.75    |
| 3   | 20         | 10000000 | 2500000   | 476191   | 1024 | 128   | 4    | worker   | 12        | 16  | decrease  | asc         | desc       | 32768      | 173.14            | 226.24   | 6   | 3723,3858,3993,3721,3856,3991       | 30.67    |
| 1   | 20         | 10000000 | 2500000   | 476191   | 1024 | 128   | 4    | worker   | 12        | 16  | increase  | asc         | asc        | 1024       | 12.57             | 16.34    | 6   | 53,188,323,51,186,321               | 29.99    |
| 3   | 20         | 10000000 | 2500000   | 476191   | 1024 | 128   | 4    | io_uring | 12        | 16  | decrease  | asc         | asc        | 65536      | 767.91            | 994.04   | 6   | 4133,4268,4403,4131,4266,4401       | 29.45    |
| 3   | 20         | 10000000 | 2500000   | 476191   | 1024 | 128   | 4    | worker   | 12        | 16  | decrease  | asc         | desc       | 8192       | 55.68             | 71.95    | 6   | 3713,3848,3983,3711,3846,3981       | 29.22    |
| 1   | 20         | 10000000 | 2500000   | 476191   | 1024 | 128   | 4    | io_uring | 12        | 16  | increase  | asc         | asc        | 128        | 8.79              | 11.35    | 6   | 848,983,1118,846,981,1116           | 29.12    |
| 3   | 20         | 10000000 | 2500000   | 476191   | 1024 | 128   | 4    | worker   | 12        | 16  | decrease  | asc         | desc       | 32         | 7.09              | 9.1      | 6   | 3673,3808,3943,3671,3806,3941       | 28.35    |
| 3   | 20         | 10000000 | 2500000   | 476191   | 1024 | 128   | 4    | io_uring | 12        | 16  | decrease  | asc         | asc        | 1012144    | 11654.79          | 14945.1  | 6   | 4158,4293,4428,4156,4291,4426       | 28.23    |
| 2   | 20         | 10000000 | 2500000   | 476191   | 1024 | 128   | 4    | worker   | 12        | 16  | increase  | desc        | asc        | 256        | 14.63             | 18.76    | 6   | 1663,1798,1933,1661,1796,1931       | 28.23    |
| 6   | 40         | 10000000 | 312500    | 238096   | 0    | 512   | 32   | worker   | 12        | 16  | increase  | desc        | asc        | 1          | 1.7               | 2.17     | 6   | 7923,8043,8163,7921,8041,8161       | 27.65    |
| 1   | 20         | 10000000 | 2500000   | 476191   | 1024 | 128   | 4    | worker   | 12        | 16  | increase  | asc         | asc        | 128        | 10.24             | 13.06    | 6   | 38,173,308,36,171,306               | 27.54    |
| 3   | 20         | 10000000 | 2500000   | 476191   | 1024 | 128   | 4    | worker   | 12        | 16  | decrease  | asc         | desc       | 131072     | 656.2             | 832.42   | 6   | 3733,3868,4003,3731,3866,4001       | 26.85    |
| 2   | 20         | 10000000 | 2500000   | 476191   | 1024 | 128   | 4    | io_uring | 12        | 16  | increase  | desc        | desc       | 256        | 11.25             | 14.2     | 6   | 2878,3013,3148,2876,3011,3146       | 26.22    |
| 4   | 20         | 10000000 | 2500000   | 476191   | 1024 | 128   | 4    | io_uring | 12        | 16  | decrease  | desc        | desc       | 256        | 10.29             | 12.94    | 6   | 6118,6253,6388,6116,6251,6386       | 25.75    |
| 1   | 20         | 10000000 | 2500000   | 476191   | 1024 | 128   | 4    | io_uring | 12        | 16  | increase  | asc         | desc       | 16         | 4.5               | 5.65     | 6   | 1238,1373,1508,1236,1371,1506       | 25.56    |
| 4   | 20         | 10000000 | 2500000   | 476191   | 1024 | 128   | 4    | worker   | 12        | 16  | decrease  | desc        | asc        | 16         | 4.43              | 5.55     | 6   | 4883,5018,5153,4881,5016,5151       | 25.28    |
| 5   | 40         | 10000000 | 312500    | 238096   | 0    | 512   | 32   | io_uring | 12        | 16  | increase  | asc         | desc       | 1024       | 71.14             | 88.63    | 6   | 7613,7733,7853,7611,7731,7851       | 24.59    |
| 7   | 40         | 10000000 | 312500    | 238096   | 0    | 512   | 32   | io_uring | 12        | 16  | decrease  | asc         | desc       | 32         | 2.91              | 3.61     | 2   | 10468,10466                         | 24.05    |
| 6   | 40         | 10000000 | 312500    | 238096   | 0    | 512   | 32   | worker   | 12        | 16  | increase  | desc        | desc       | 220268     | 13181.52          | 16335.98 | 6   | 8388,8508,8628,8386,8506,8626       | 23.93    |
| 3   | 20         | 10000000 | 2500000   | 476191   | 1024 | 128   | 4    | worker   | 12        | 16  | decrease  | asc         | desc       | 16         | 4.49              | 5.54     | 6   | 3668,3803,3938,3666,3801,3936       | 23.39    |
| 3   | 20         | 10000000 | 2500000   | 476191   | 1024 | 128   | 4    | worker   | 12        | 16  | decrease  | asc         | desc       | 262144     | 1291.08           | 1579.1   | 6   | 3738,3873,4008,3736,3871,4006       | 22.31    |
| 5   | 40         | 10000000 | 312500    | 238096   | 0    | 512   | 32   | worker   | 12        | 16  | increase  | asc         | desc       | 157768     | 10386.42          | 12632.18 | 6   | 6938,7058,7178,6936,7056,7176       | 21.62    |
| 2   | 20         | 10000000 | 2500000   | 476191   | 1024 | 128   | 4    | io_uring | 12        | 16  | increase  | desc        | asc        | 4096       | 38.48             | 46.72    | 6   | 2493,2628,2763,2491,2626,2761       | 21.41    |
| 2   | 20         | 10000000 | 2500000   | 476191   | 1024 | 128   | 4    | io_uring | 12        | 16  | increase  | desc        | asc        | 128        | 13.11             | 15.91    | 6   | 2468,2603,2738,2466,2601,2736       | 21.36    |
| 5   | 40         | 10000000 | 312500    | 238096   | 0    | 512   | 32   | io_uring | 12        | 16  | increase  | asc         | desc       | 64018      | 4224.7            | 5126.44  | 6   | 7643,7763,7883,7641,7761,7881       | 21.34    |
| 4   | 20         | 10000000 | 2500000   | 476191   | 1024 | 128   | 4    | io_uring | 12        | 16  | decrease  | desc        | desc       | 128        | 9.37              | 11.33    | 6   | 6113,6248,6383,6111,6246,6381       | 20.92    |
| 3   | 20         | 10000000 | 2500000   | 476191   | 1024 | 128   | 4    | worker   | 12        | 16  | decrease  | asc         | desc       | 65536      | 334.1             | 403.85   | 6   | 3728,3863,3998,3726,3861,3996       | 20.88    |
| 3   | 20         | 10000000 | 2500000   | 476191   | 1024 | 128   | 4    | worker   | 12        | 16  | decrease  | asc         | asc        | 256        | 11.2              | 13.45    | 6   | 3283,3418,3553,3281,3416,3551       | 20.09    |
| 6   | 40         | 10000000 | 312500    | 238096   | 0    | 512   | 32   | io_uring | 12        | 16  | increase  | desc        | asc        | 16         | 3.01              | 3.61     | 6   | 8663,8783,8903,8661,8781,8901       | 19.93    |
| 3   | 20         | 10000000 | 2500000   | 476191   | 1024 | 128   | 4    | worker   | 12        | 16  | decrease  | asc         | desc       | 512144     | 2538.94           | 3033.57  | 6   | 3743,3878,4013,3741,3876,4011       | 19.48    |
| 3   | 20         | 10000000 | 2500000   | 476191   | 1024 | 128   | 4    | worker   | 12        | 16  | decrease  | asc         | desc       | 1012144    | 4953.43           | 5886.72  | 6   | 3753,3888,4023,3751,3886,4021       | 18.84    |
| 5   | 40         | 10000000 | 312500    | 238096   | 0    | 512   | 32   | worker   | 12        | 16  | increase  | asc         | desc       | 8          | 3.05              | 3.61     | 6   | 6858,6978,7098,6856,6976,7096       | 18.36    |
| 3   | 20         | 10000000 | 2500000   | 476191   | 1024 | 128   | 4    | worker   | 12        | 16  | decrease  | asc         | desc       | 2012144    | 9797.01           | 11589.62 | 6   | 3773,3908,4043,3771,3906,4041       | 18.3     |
| 2   | 20         | 10000000 | 2500000   | 476191   | 1024 | 128   | 4    | worker   | 12        | 16  | increase  | desc        | asc        | 262144     | 1292.15           | 1527.88  | 6   | 1713,1848,1983,1711,1846,1981       | 18.24    |
| 3   | 20         | 10000000 | 2500000   | 476191   | 1024 | 128   | 4    | worker   | 12        | 16  | decrease  | asc         | desc       | 1762144    | 8511.59           | 10056.65 | 6   | 3768,3903,4038,3766,3901,4036       | 18.15    |
| 1   | 20         | 10000000 | 2500000   | 476191   | 1024 | 128   | 4    | worker   | 12        | 16  | increase  | asc         | asc        | 8          | 3.15              | 3.72     | 6   | 18,153,288,16,151,286               | 18.1     |
| 2   | 20         | 10000000 | 2500000   | 476191   | 1024 | 128   | 4    | worker   | 12        | 16  | increase  | desc        | asc        | 16384      | 105.11            | 123.96   | 6   | 1693,1828,1963,1691,1826,1961       | 17.93    |
| 2   | 20         | 10000000 | 2500000   | 476191   | 1024 | 128   | 4    | io_uring | 12        | 16  | increase  | desc        | asc        | 16384      | 92.08             | 108.48   | 6   | 2503,2638,2773,2501,2636,2771       | 17.81    |
| 4   | 20         | 10000000 | 2500000   | 476191   | 1024 | 128   | 4    | worker   | 12        | 16  | decrease  | desc        | asc        | 64         | 11.79             | 13.88    | 6   | 4893,5028,5163,4891,5026,5161       | 17.73    |
| 3   | 20         | 10000000 | 2500000   | 476191   | 1024 | 128   | 4    | worker   | 12        | 16  | decrease  | asc         | desc       | 2262144    | 10870.6           | 12759.78 | 6   | 3778,3913,4048,3776,3911,4046       | 17.38    |
| 2   | 20         | 10000000 | 2500000   | 476191   | 1024 | 128   | 4    | worker   | 12        | 16  | increase  | desc        | asc        | 2262144    | 10929.28          | 12825.92 | 6   | 1753,1888,2023,1751,1886,2021       | 17.35    |
| 2   | 20         | 10000000 | 2500000   | 476191   | 1024 | 128   | 4    | worker   | 12        | 16  | increase  | desc        | asc        | 2012144    | 9761.25           | 11454.22 | 6   | 1748,1883,2018,1746,1881,2016       | 17.34    |
| 2   | 20         | 10000000 | 2500000   | 476191   | 1024 | 128   | 4    | worker   | 12        | 16  | increase  | desc        | asc        | 65536      | 338.83            | 397.58   | 6   | 1703,1838,1973,1701,1836,1971       | 17.34    |
| 1   | 20         | 10000000 | 2500000   | 476191   | 1024 | 128   | 4    | io_uring | 12        | 16  | increase  | asc         | desc       | 128        | 14.96             | 17.54    | 6   | 1253,1388,1523,1251,1386,1521       | 17.25    |
| 1   | 20         | 10000000 | 2500000   | 476191   | 1024 | 128   | 4    | worker   | 12        | 16  | increase  | asc         | asc        | 2048       | 19.47             | 22.82    | 6   | 58,193,328,56,191,326               | 17.21    |
| 3   | 20         | 10000000 | 2500000   | 476191   | 1024 | 128   | 4    | worker   | 12        | 16  | decrease  | asc         | desc       | 1512144    | 7319.88           | 8546.31  | 6   | 3763,3898,4033,3761,3896,4031       | 16.75    |
| 4   | 20         | 10000000 | 2500000   | 476191   | 1024 | 128   | 4    | worker   | 12        | 16  | decrease  | desc        | desc       | 8192       | 38.22             | 44.42    | 6   | 5333,5468,5603,5331,5466,5601       | 16.22    |
| 3   | 20         | 10000000 | 2500000   | 476191   | 1024 | 128   | 4    | worker   | 12        | 16  | decrease  | asc         | desc       | 762144     | 3758.88           | 4366.61  | 6   | 3748,3883,4018,3746,3881,4016       | 16.17    |
| 2   | 20         | 10000000 | 2500000   | 476191   | 1024 | 128   | 4    | worker   | 12        | 16  | increase  | desc        | asc        | 1512144    | 7275.44           | 8432.34  | 6   | 1738,1873,2008,1736,1871,2006       | 15.9     |
| 4   | 20         | 10000000 | 2500000   | 476191   | 1024 | 128   | 4    | worker   | 12        | 16  | decrease  | desc        | desc       | 16384      | 62.66             | 72.44    | 6   | 5338,5473,5608,5336,5471,5606       | 15.61    |
| 3   | 20         | 10000000 | 2500000   | 476191   | 1024 | 128   | 4    | worker   | 12        | 16  | decrease  | asc         | asc        | 32         | 7.33              | 8.46     | 6   | 3268,3403,3538,3266,3401,3536       | 15.42    |
| 2   | 20         | 10000000 | 2500000   | 476191   | 1024 | 128   | 4    | io_uring | 12        | 16  | increase  | desc        | asc        | 65536      | 336.96            | 388.69   | 6   | 2513,2648,2783,2511,2646,2781       | 15.35    |
| 2   | 20         | 10000000 | 2500000   | 476191   | 1024 | 128   | 4    | worker   | 12        | 16  | increase  | desc        | asc        | 512144     | 2532.35           | 2920.88  | 6   | 1718,1853,1988,1716,1851,1986       | 15.34    |
| 2   | 20         | 10000000 | 2500000   | 476191   | 1024 | 128   | 4    | worker   | 12        | 16  | increase  | desc        | asc        | 762144     | 3740.16           | 4297.5   | 6   | 1723,1858,1993,1721,1856,1991       | 14.9     |
| 3   | 20         | 10000000 | 2500000   | 476191   | 1024 | 128   | 4    | io_uring | 12        | 16  | decrease  | asc         | desc       | 512144     | 2643.83           | 3035.14  | 6   | 4553,4688,4823,4551,4686,4821       | 14.8     |
| 3   | 20         | 10000000 | 2500000   | 476191   | 1024 | 128   | 4    | io_uring | 12        | 16  | decrease  | asc         | desc       | 262144     | 1375.93           | 1577.29  | 6   | 4548,4683,4818,4546,4681,4816       | 14.63    |
| 3   | 20         | 10000000 | 2500000   | 476191   | 1024 | 128   | 4    | io_uring | 12        | 16  | decrease  | asc         | asc        | 128        | 10.46             | 11.99    | 6   | 4088,4223,4358,4086,4221,4356       | 14.63    |
| 2   | 20         | 10000000 | 2500000   | 476191   | 1024 | 128   | 4    | worker   | 12        | 16  | increase  | desc        | asc        | 1762144    | 8608.49           | 9867.0   | 6   | 1743,1878,2013,1741,1876,2011       | 14.62    |
| 3   | 20         | 10000000 | 2500000   | 476191   | 1024 | 128   | 4    | io_uring | 12        | 16  | decrease  | asc         | desc       | 131072     | 715.41            | 817.49   | 6   | 4543,4678,4813,4541,4676,4811       | 14.27    |
| 2   | 20         | 10000000 | 2500000   | 476191   | 1024 | 128   | 4    | io_uring | 12        | 16  | increase  | desc        | desc       | 2          | 1.48              | 1.69     | 6   | 2843,2978,3113,2841,2976,3111       | 14.19    |
| 3   | 20         | 10000000 | 2500000   | 476191   | 1024 | 128   | 4    | io_uring | 12        | 16  | decrease  | asc         | desc       | 128        | 14.46             | 16.49    | 6   | 4493,4628,4763,4491,4626,4761       | 14.04    |
| 2   | 20         | 10000000 | 2500000   | 476191   | 1024 | 128   | 4    | io_uring | 12        | 16  | increase  | desc        | asc        | 262144     | 1383.23           | 1575.12  | 6   | 2523,2658,2793,2521,2656,2791       | 13.87    |
| 4   | 20         | 10000000 | 2500000   | 476191   | 1024 | 128   | 4    | io_uring | 12        | 16  | decrease  | desc        | desc       | 2048       | 19.12             | 21.74    | 6   | 6133,6268,6403,6131,6266,6401       | 13.7     |
| 6   | 40         | 10000000 | 312500    | 238096   | 0    | 512   | 32   | worker   | 12        | 16  | increase  | desc        | desc       | 4          | 1.84              | 2.09     | 6   | 8293,8413,8533,8291,8411,8531       | 13.59    |
| 3   | 20         | 10000000 | 2500000   | 476191   | 1024 | 128   | 4    | worker   | 12        | 16  | decrease  | asc         | desc       | 256        | 15.65             | 17.76    | 6   | 3688,3823,3958,3686,3821,3956       | 13.48    |
| 1   | 20         | 10000000 | 2500000   | 476191   | 1024 | 128   | 4    | worker   | 12        | 16  | increase  | asc         | asc        | 16         | 5.26              | 5.96     | 6   | 23,158,293,21,156,291               | 13.31    |
| 3   | 20         | 10000000 | 2500000   | 476191   | 1024 | 128   | 4    | io_uring | 12        | 16  | decrease  | asc         | desc       | 1012144    | 5150.86           | 5834.36  | 6   | 4563,4698,4833,4561,4696,4831       | 13.27    |
| 3   | 20         | 10000000 | 2500000   | 476191   | 1024 | 128   | 4    | io_uring | 12        | 16  | decrease  | asc         | asc        | 8          | 3.03              | 3.43     | 6   | 4068,4203,4338,4066,4201,4336       | 13.2     |
| 2   | 20         | 10000000 | 2500000   | 476191   | 1024 | 128   | 4    | io_uring | 12        | 16  | increase  | desc        | asc        | 2262144    | 11506.23          | 13001.4  | 6   | 2563,2698,2833,2561,2696,2831       | 12.99    |
| 2   | 20         | 10000000 | 2500000   | 476191   | 1024 | 128   | 4    | io_uring | 12        | 16  | increase  | desc        | desc       | 64         | 8.6               | 9.71     | 6   | 2868,3003,3138,2866,3001,3136       | 12.91    |
| 3   | 20         | 10000000 | 2500000   | 476191   | 1024 | 128   | 4    | io_uring | 12        | 16  | decrease  | asc         | desc       | 16         | 5.38              | 6.06     | 6   | 4478,4613,4748,4476,4611,4746       | 12.64    |
| 3   | 20         | 10000000 | 2500000   | 476191   | 1024 | 128   | 4    | worker   | 12        | 16  | decrease  | asc         | desc       | 128        | 14.35             | 16.16    | 6   | 3683,3818,3953,3681,3816,3951       | 12.61    |
| 3   | 20         | 10000000 | 2500000   | 476191   | 1024 | 128   | 4    | io_uring | 12        | 16  | decrease  | asc         | desc       | 65536      | 338.78            | 380.95   | 6   | 4538,4673,4808,4536,4671,4806       | 12.45    |
| 2   | 20         | 10000000 | 2500000   | 476191   | 1024 | 128   | 4    | worker   | 12        | 16  | increase  | desc        | asc        | 131072     | 658.72            | 740.45   | 6   | 1708,1843,1978,1706,1841,1976       | 12.41    |
| 1   | 20         | 10000000 | 2500000   | 476191   | 1024 | 128   | 4    | io_uring | 12        | 16  | increase  | asc         | desc       | 64         | 11.88             | 13.35    | 6   | 1248,1383,1518,1246,1381,1516       | 12.37    |
| 2   | 20         | 10000000 | 2500000   | 476191   | 1024 | 128   | 4    | worker   | 12        | 16  | increase  | desc        | asc        | 32768      | 177.94            | 199.75   | 6   | 1698,1833,1968,1696,1831,1966       | 12.26    |
| 3   | 20         | 10000000 | 2500000   | 476191   | 1024 | 128   | 4    | io_uring | 12        | 16  | decrease  | asc         | desc       | 2262144    | 11504.1           | 12885.21 | 6   | 4588,4723,4858,4586,4721,4856       | 12.01    |
| 2   | 20         | 10000000 | 2500000   | 476191   | 1024 | 128   | 4    | worker   | 12        | 16  | increase  | desc        | asc        | 1262144    | 6152.31           | 6878.92  | 6   | 1733,1868,2003,1731,1866,2001       | 11.81    |
| 7   | 40         | 10000000 | 312500    | 238096   | 0    | 512   | 32   | worker   | 12        | 16  | decrease  | asc         | asc        | 4          | 1.88              | 2.1      | 6   | 9373,9493,9613,9371,9491,9611       | 11.7     |
| 2   | 20         | 10000000 | 2500000   | 476191   | 1024 | 128   | 4    | io_uring | 12        | 16  | increase  | desc        | asc        | 2012144    | 10242.92          | 11432.03 | 6   | 2558,2693,2828,2556,2691,2826       | 11.61    |
| 3   | 20         | 10000000 | 2500000   | 476191   | 1024 | 128   | 4    | io_uring | 12        | 16  | decrease  | asc         | desc       | 1762144    | 9030.24           | 10071.88 | 6   | 4578,4713,4848,4576,4711,4846       | 11.54    |
| 2   | 20         | 10000000 | 2500000   | 476191   | 1024 | 128   | 4    | io_uring | 12        | 16  | increase  | desc        | asc        | 512144     | 2601.55           | 2898.54  | 6   | 2528,2663,2798,2526,2661,2796       | 11.42    |
| 1   | 20         | 10000000 | 2500000   | 476191   | 1024 | 128   | 4    | io_uring | 12        | 16  | increase  | asc         | desc       | 4          | 2.11              | 2.35     | 6   | 1228,1363,1498,1226,1361,1496       | 11.37    |
| 4   | 20         | 10000000 | 2500000   | 476191   | 1024 | 128   | 4    | io_uring | 12        | 16  | decrease  | desc        | asc        | 16         | 5.16              | 5.74     | 6   | 5693,5828,5963,5691,5826,5961       | 11.24    |
| 1   | 20         | 10000000 | 2500000   | 476191   | 1024 | 128   | 4    | io_uring | 12        | 16  | increase  | asc         | asc        | 512        | 12.32             | 13.67    | 6   | 858,993,1128,856,991,1126           | 10.96    |
| 4   | 20         | 10000000 | 2500000   | 476191   | 1024 | 128   | 4    | io_uring | 12        | 16  | decrease  | desc        | asc        | 128        | 14.03             | 15.55    | 6   | 5708,5843,5978,5706,5841,5976       | 10.83    |
| 3   | 20         | 10000000 | 2500000   | 476191   | 1024 | 128   | 4    | io_uring | 12        | 16  | decrease  | asc         | desc       | 2012144    | 10267.34          | 11367.7  | 6   | 4583,4718,4853,4581,4716,4851       | 10.72    |
| 7   | 40         | 10000000 | 312500    | 238096   | 0    | 512   | 32   | io_uring | 12        | 16  | decrease  | asc         | desc       | 2          | 2.34              | 2.59     | 2   | 10448,10446                         | 10.68    |
| 2   | 20         | 10000000 | 2500000   | 476191   | 1024 | 128   | 4    | io_uring | 12        | 16  | increase  | desc        | asc        | 2          | 1.54              | 1.7      | 6   | 2438,2573,2708,2436,2571,2706       | 10.39    |
| 2   | 20         | 10000000 | 2500000   | 476191   | 1024 | 128   | 4    | worker   | 12        | 16  | increase  | desc        | asc        | 4          | 2.04              | 2.25     | 6   | 1633,1768,1903,1631,1766,1901       | 10.29    |
| 4   | 20         | 10000000 | 2500000   | 476191   | 1024 | 128   | 4    | io_uring | 12        | 16  | decrease  | desc        | desc       | 4096       | 25.24             | 27.79    | 6   | 6138,6273,6408,6136,6271,6406       | 10.1     |
| 3   | 20         | 10000000 | 2500000   | 476191   | 1024 | 128   | 4    | worker   | 12        | 16  | decrease  | asc         | desc       | 1262144    | 6457.89           | 7106.11  | 6   | 3758,3893,4028,3756,3891,4026       | 10.04    |
| 3   | 20         | 10000000 | 2500000   | 476191   | 1024 | 128   | 4    | io_uring | 12        | 16  | decrease  | asc         | desc       | 1512144    | 7676.84           | 8402.74  | 6   | 4573,4708,4843,4571,4706,4841       | 9.46     |
| 6   | 40         | 10000000 | 312500    | 238096   | 0    | 512   | 32   | io_uring | 12        | 16  | increase  | desc        | desc       | 1          | 1.49              | 1.63     | 6   | 9003,9123,9243,9001,9121,9241       | 9.4      |
| 3   | 20         | 10000000 | 2500000   | 476191   | 1024 | 128   | 4    | worker   | 12        | 16  | decrease  | asc         | asc        | 64         | 10.27             | 11.23    | 6   | 3273,3408,3543,3271,3406,3541       | 9.35     |
| 4   | 20         | 10000000 | 2500000   | 476191   | 1024 | 128   | 4    | io_uring | 12        | 16  | decrease  | desc        | desc       | 16         | 4.87              | 5.32     | 6   | 6098,6233,6368,6096,6231,6366       | 9.24     |
| 3   | 20         | 10000000 | 2500000   | 476191   | 1024 | 128   | 4    | worker   | 12        | 16  | decrease  | asc         | asc        | 8          | 3.38              | 3.69     | 6   | 3258,3393,3528,3256,3391,3526       | 9.17     |
| 2   | 20         | 10000000 | 2500000   | 476191   | 1024 | 128   | 4    | io_uring | 12        | 16  | increase  | desc        | asc        | 32         | 7.98              | 8.71     | 6   | 2458,2593,2728,2456,2591,2726       | 9.15     |
| 7   | 40         | 10000000 | 312500    | 238096   | 0    | 512   | 32   | io_uring | 12        | 16  | decrease  | asc         | desc       | 16         | 2.85              | 3.11     | 2   | 10463,10461                         | 9.12     |
| 2   | 20         | 10000000 | 2500000   | 476191   | 1024 | 128   | 4    | worker   | 12        | 16  | increase  | desc        | asc        | 1012144    | 5003.61           | 5456.09  | 6   | 1728,1863,1998,1726,1861,1996       | 9.04     |
| 4   | 20         | 10000000 | 2500000   | 476191   | 1024 | 128   | 4    | worker   | 12        | 16  | decrease  | desc        | desc       | 4096       | 25.48             | 27.76    | 6   | 5328,5463,5598,5326,5461,5596       | 8.95     |
| 1   | 20         | 10000000 | 2500000   | 476191   | 1024 | 128   | 4    | worker   | 12        | 16  | increase  | asc         | desc       | 128        | 13.99             | 15.22    | 6   | 443,578,713,441,576,711             | 8.79     |
| 2   | 20         | 10000000 | 2500000   | 476191   | 1024 | 128   | 4    | worker   | 12        | 16  | increase  | desc        | desc       | 32         | 7.54              | 8.19     | 6   | 2053,2188,2323,2051,2186,2321       | 8.62     |
| 1   | 20         | 10000000 | 2500000   | 476191   | 1024 | 128   | 4    | io_uring | 12        | 16  | increase  | asc         | asc        | 256        | 10.93             | 11.87    | 6   | 853,988,1123,851,986,1121           | 8.6      |
| 3   | 20         | 10000000 | 2500000   | 476191   | 1024 | 128   | 4    | io_uring | 12        | 16  | decrease  | asc         | desc       | 1024       | 21.0              | 22.79    | 6   | 4508,4643,4778,4506,4641,4776       | 8.52     |
| 1   | 20         | 10000000 | 2500000   | 476191   | 1024 | 128   | 4    | worker   | 12        | 16  | increase  | asc         | desc       | 2          | 1.53              | 1.66     | 6   | 413,548,683,411,546,681             | 8.5      |
| 4   | 20         | 10000000 | 2500000   | 476191   | 1024 | 128   | 4    | worker   | 12        | 16  | decrease  | desc        | desc       | 2048       | 17.54             | 18.99    | 6   | 5323,5458,5593,5321,5456,5591       | 8.27     |
| 3   | 20         | 10000000 | 2500000   | 476191   | 1024 | 128   | 4    | io_uring | 12        | 16  | decrease  | asc         | desc       | 32768      | 208.12            | 224.88   | 6   | 4533,4668,4803,4531,4666,4801       | 8.05     |
| 3   | 20         | 10000000 | 2500000   | 476191   | 1024 | 128   | 4    | io_uring | 12        | 16  | decrease  | asc         | desc       | 8          | 3.28              | 3.54     | 6   | 4473,4608,4743,4471,4606,4741       | 7.93     |
| 2   | 20         | 10000000 | 2500000   | 476191   | 1024 | 128   | 4    | io_uring | 12        | 16  | increase  | desc        | desc       | 32         | 7.12              | 7.68     | 6   | 2863,2998,3133,2861,2996,3131       | 7.87     |
| 2   | 20         | 10000000 | 2500000   | 476191   | 1024 | 128   | 4    | io_uring | 12        | 16  | increase  | desc        | asc        | 762144     | 3909.54           | 4213.93  | 6   | 2533,2668,2803,2531,2666,2801       | 7.79     |
| 2   | 20         | 10000000 | 2500000   | 476191   | 1024 | 128   | 4    | worker   | 12        | 16  | increase  | desc        | asc        | 1          | 1.3               | 1.4      | 6   | 1623,1758,1893,1621,1756,1891       | 7.69     |
| 2   | 20         | 10000000 | 2500000   | 476191   | 1024 | 128   | 4    | io_uring | 12        | 16  | increase  | desc        | asc        | 131072     | 685.82            | 738.25   | 6   | 2518,2653,2788,2516,2651,2786       | 7.64     |
| 2   | 20         | 10000000 | 2500000   | 476191   | 1024 | 128   | 4    | io_uring | 12        | 16  | increase  | desc        | asc        | 1762144    | 9307.11           | 10003.6  | 6   | 2553,2688,2823,2551,2686,2821       | 7.48     |
| 2   | 20         | 10000000 | 2500000   | 476191   | 1024 | 128   | 4    | worker   | 12        | 16  | increase  | desc        | desc       | 4          | 2.08              | 2.23     | 6   | 2038,2173,2308,2036,2171,2306       | 7.21     |
| 1   | 20         | 10000000 | 2500000   | 476191   | 1024 | 128   | 4    | io_uring | 12        | 16  | increase  | asc         | desc       | 1          | 1.12              | 1.2      | 6   | 1218,1353,1488,1216,1351,1486       | 7.14     |
| 3   | 20         | 10000000 | 2500000   | 476191   | 1024 | 128   | 4    | worker   | 12        | 16  | decrease  | asc         | asc        | 16         | 5.41              | 5.79     | 6   | 3263,3398,3533,3261,3396,3531       | 7.02     |
| 1   | 20         | 10000000 | 2500000   | 476191   | 1024 | 128   | 4    | worker   | 12        | 16  | increase  | asc         | asc        | 4096       | 28.24             | 30.15    | 6   | 63,198,333,61,196,331               | 6.76     |
| 2   | 20         | 10000000 | 2500000   | 476191   | 1024 | 128   | 4    | io_uring | 12        | 16  | increase  | desc        | asc        | 1262144    | 6469.16           | 6905.57  | 6   | 2543,2678,2813,2541,2676,2811       | 6.75     |
| 2   | 20         | 10000000 | 2500000   | 476191   | 1024 | 128   | 4    | io_uring | 12        | 16  | increase  | desc        | asc        | 32768      | 182.14            | 194.42   | 6   | 2508,2643,2778,2506,2641,2776       | 6.74     |
| 3   | 20         | 10000000 | 2500000   | 476191   | 1024 | 128   | 4    | io_uring | 12        | 16  | decrease  | asc         | desc       | 762144     | 4081.62           | 4352.84  | 6   | 4558,4693,4828,4556,4691,4826       | 6.64     |
| 3   | 20         | 10000000 | 2500000   | 476191   | 1024 | 128   | 4    | io_uring | 12        | 16  | decrease  | asc         | asc        | 1          | 1.06              | 1.13     | 6   | 4053,4188,4323,4051,4186,4321       | 6.6      |
| 2   | 20         | 10000000 | 2500000   | 476191   | 1024 | 128   | 4    | io_uring | 12        | 16  | increase  | desc        | asc        | 1012144    | 5194.11           | 5535.18  | 6   | 2538,2673,2808,2536,2671,2806       | 6.57     |
| 6   | 40         | 10000000 | 312500    | 238096   | 0    | 512   | 32   | worker   | 12        | 16  | increase  | desc        | asc        | 64         | 4.27              | 4.55     | 6   | 7953,8073,8193,7951,8071,8191       | 6.56     |
| 4   | 20         | 10000000 | 2500000   | 476191   | 1024 | 128   | 4    | worker   | 12        | 16  | decrease  | desc        | desc       | 16         | 5.37              | 5.72     | 6   | 5288,5423,5558,5286,5421,5556       | 6.52     |
| 4   | 20         | 10000000 | 2500000   | 476191   | 1024 | 128   | 4    | io_uring | 12        | 16  | decrease  | desc        | asc        | 32         | 8.48              | 9.03     | 6   | 5698,5833,5968,5696,5831,5966       | 6.49     |
| 3   | 20         | 10000000 | 2500000   | 476191   | 1024 | 128   | 4    | io_uring | 12        | 16  | decrease  | asc         | desc       | 1262144    | 6637.84           | 7058.8   | 6   | 4568,4703,4838,4566,4701,4836       | 6.34     |
| 1   | 20         | 10000000 | 2500000   | 476191   | 1024 | 128   | 4    | io_uring | 12        | 16  | increase  | asc         | asc        | 4096       | 28.4              | 30.18    | 6   | 873,1008,1143,871,1006,1141         | 6.27     |
| 2   | 20         | 10000000 | 2500000   | 476191   | 1024 | 128   | 4    | io_uring | 12        | 16  | increase  | desc        | desc       | 4          | 2.25              | 2.39     | 6   | 2848,2983,3118,2846,2981,3116       | 6.22     |
| 6   | 40         | 10000000 | 312500    | 238096   | 0    | 512   | 32   | worker   | 12        | 16  | increase  | desc        | asc        | 32         | 3.55              | 3.77     | 6   | 7948,8068,8188,7946,8066,8186       | 6.2      |
| 2   | 20         | 10000000 | 2500000   | 476191   | 1024 | 128   | 4    | io_uring | 12        | 16  | increase  | desc        | asc        | 1          | 1.18              | 1.25     | 6   | 2433,2568,2703,2431,2566,2701       | 5.93     |
| 2   | 20         | 10000000 | 2500000   | 476191   | 1024 | 128   | 4    | worker   | 12        | 16  | increase  | desc        | desc       | 64         | 9.85              | 10.43    | 6   | 2058,2193,2328,2056,2191,2326       | 5.89     |
| 1   | 20         | 10000000 | 2500000   | 476191   | 1024 | 128   | 4    | worker   | 12        | 16  | increase  | asc         | desc       | 8          | 3.1               | 3.27     | 6   | 423,558,693,421,556,691             | 5.48     |
| 7   | 40         | 10000000 | 312500    | 238096   | 0    | 512   | 32   | io_uring | 12        | 16  | decrease  | asc         | desc       | 1024       | 26.22             | 27.62    | 2   | 10493,10491                         | 5.34     |
| 2   | 20         | 10000000 | 2500000   | 476191   | 1024 | 128   | 4    | io_uring | 12        | 16  | increase  | desc        | asc        | 1512144    | 7926.56           | 8338.57  | 6   | 2548,2683,2818,2546,2681,2816       | 5.2      |
| 4   | 20         | 10000000 | 2500000   | 476191   | 1024 | 128   | 4    | worker   | 12        | 16  | decrease  | desc        | asc        | 8          | 3.37              | 3.54     | 6   | 4878,5013,5148,4876,5011,5146       | 5.04     |
| 3   | 20         | 10000000 | 2500000   | 476191   | 1024 | 128   | 4    | worker   | 12        | 16  | decrease  | asc         | asc        | 1          | 1.19              | 1.25     | 6   | 3243,3378,3513,3241,3376,3511       | 5.04     |
| 5   | 40         | 10000000 | 312500    | 238096   | 0    | 512   | 32   | io_uring | 12        | 16  | increase  | asc         | desc       | 8          | 2.65              | 2.78     | 6   | 7578,7698,7818,7576,7696,7816       | 4.91     |
| 2   | 20         | 10000000 | 2500000   | 476191   | 1024 | 128   | 4    | io_uring | 12        | 16  | increase  | desc        | asc        | 4          | 2.35              | 2.46     | 6   | 2443,2578,2713,2441,2576,2711       | 4.68     |
| 6   | 40         | 10000000 | 312500    | 238096   | 0    | 512   | 32   | worker   | 12        | 16  | increase  | desc        | asc        | 251518     | 5309.44           | 5556.45  | 6   | 8033,8153,8273,8031,8151,8271       | 4.65     |
| 1   | 20         | 10000000 | 2500000   | 476191   | 1024 | 128   | 4    | io_uring | 12        | 16  | increase  | asc         | desc       | 8          | 3.03              | 3.17     | 6   | 1233,1368,1503,1231,1366,1501       | 4.62     |
| 7   | 40         | 10000000 | 312500    | 238096   | 0    | 512   | 32   | io_uring | 12        | 16  | decrease  | asc         | desc       | 189018     | 4067.04           | 4254.18  | 2   | 10543,10541                         | 4.6      |
| 6   | 40         | 10000000 | 312500    | 238096   | 0    | 512   | 32   | worker   | 12        | 16  | increase  | desc        | asc        | 2          | 2.23              | 2.33     | 6   | 7928,8048,8168,7926,8046,8166       | 4.48     |
| 4   | 20         | 10000000 | 2500000   | 476191   | 1024 | 128   | 4    | io_uring | 12        | 16  | decrease  | desc        | asc        | 2          | 1.42              | 1.48     | 6   | 5678,5813,5948,5676,5811,5946       | 4.23     |
| 2   | 20         | 10000000 | 2500000   | 476191   | 1024 | 128   | 4    | io_uring | 12        | 16  | increase  | desc        | asc        | 8          | 3.35              | 3.49     | 6   | 2448,2583,2718,2446,2581,2716       | 4.18     |
| 2   | 20         | 10000000 | 2500000   | 476191   | 1024 | 128   | 4    | worker   | 12        | 16  | increase  | desc        | desc       | 16         | 5.6               | 5.83     | 6   | 2048,2183,2318,2046,2181,2316       | 4.11     |
| 5   | 40         | 10000000 | 312500    | 238096   | 0    | 512   | 32   | worker   | 12        | 16  | increase  | asc         | desc       | 128        | 12.66             | 13.17    | 6   | 6878,6998,7118,6876,6996,7116       | 4.03     |
| 2   | 20         | 10000000 | 2500000   | 476191   | 1024 | 128   | 4    | worker   | 12        | 16  | increase  | desc        | asc        | 32         | 9.27              | 9.64     | 6   | 1648,1783,1918,1646,1781,1916       | 3.99     |
| 5   | 40         | 10000000 | 312500    | 238096   | 0    | 512   | 32   | io_uring | 12        | 16  | increase  | asc         | asc        | 126518     | 1632.66           | 1697.31  | 6   | 7293,7413,7533,7291,7411,7531       | 3.96     |
| 6   | 40         | 10000000 | 312500    | 238096   | 0    | 512   | 32   | io_uring | 12        | 16  | increase  | desc        | desc       | 2          | 1.78              | 1.85     | 6   | 9008,9128,9248,9006,9126,9246       | 3.93     |
| 1   | 20         | 10000000 | 2500000   | 476191   | 1024 | 128   | 4    | worker   | 12        | 16  | increase  | asc         | asc        | 8192       | 40.5              | 42.07    | 6   | 68,203,338,66,201,336               | 3.88     |
| 4   | 20         | 10000000 | 2500000   | 476191   | 1024 | 128   | 4    | worker   | 12        | 16  | decrease  | desc        | desc       | 1024       | 15.12             | 15.7     | 6   | 5318,5453,5588,5316,5451,5586       | 3.84     |
| 7   | 40         | 10000000 | 312500    | 238096   | 0    | 512   | 32   | io_uring | 12        | 16  | decrease  | asc         | desc       | 4          | 2.43              | 2.52     | 2   | 10453,10451                         | 3.7      |
| 3   | 20         | 10000000 | 2500000   | 476191   | 1024 | 128   | 4    | io_uring | 12        | 16  | decrease  | asc         | asc        | 32         | 8.12              | 8.42     | 6   | 4078,4213,4348,4076,4211,4346       | 3.69     |
| 4   | 20         | 10000000 | 2500000   | 476191   | 1024 | 128   | 4    | io_uring | 12        | 16  | decrease  | desc        | desc       | 512        | 12.74             | 13.21    | 6   | 6123,6258,6393,6121,6256,6391       | 3.69     |
| 2   | 20         | 10000000 | 2500000   | 476191   | 1024 | 128   | 4    | io_uring | 12        | 16  | increase  | desc        | desc       | 16         | 4.92              | 5.1      | 6   | 2858,2993,3128,2856,2991,3126       | 3.66     |
| 6   | 40         | 10000000 | 312500    | 238096   | 0    | 512   | 32   | io_uring | 12        | 16  | increase  | desc        | desc       | 16         | 3.02              | 3.13     | 6   | 9023,9143,9263,9021,9141,9261       | 3.64     |
| 5   | 40         | 10000000 | 312500    | 238096   | 0    | 512   | 32   | io_uring | 12        | 16  | increase  | asc         | desc       | 2          | 2.21              | 2.29     | 6   | 7568,7688,7808,7566,7686,7806       | 3.62     |
| 5   | 40         | 10000000 | 312500    | 238096   | 0    | 512   | 32   | worker   | 12        | 16  | increase  | asc         | desc       | 32         | 4.72              | 4.89     | 6   | 6868,6988,7108,6866,6986,7106       | 3.6      |
| 2   | 20         | 10000000 | 2500000   | 476191   | 1024 | 128   | 4    | worker   | 12        | 16  | increase  | desc        | asc        | 16         | 5.31              | 5.5      | 6   | 1643,1778,1913,1641,1776,1911       | 3.58     |
| 6   | 40         | 10000000 | 312500    | 238096   | 0    | 512   | 32   | worker   | 12        | 16  | increase  | desc        | asc        | 128        | 5.89              | 6.1      | 6   | 7958,8078,8198,7956,8076,8196       | 3.57     |
| 7   | 40         | 10000000 | 312500    | 238096   | 0    | 512   | 32   | io_uring | 12        | 16  | decrease  | asc         | desc       | 4096       | 91.69             | 94.87    | 2   | 10503,10501                         | 3.47     |
| 3   | 20         | 10000000 | 2500000   | 476191   | 1024 | 128   | 4    | worker   | 12        | 16  | decrease  | asc         | desc       | 4          | 2.09              | 2.16     | 6   | 3658,3793,3928,3656,3791,3926       | 3.35     |
| 6   | 40         | 10000000 | 312500    | 238096   | 0    | 512   | 32   | io_uring | 12        | 16  | increase  | desc        | asc        | 2          | 2.23              | 2.3      | 6   | 8648,8768,8888,8646,8766,8886       | 3.14     |
| 6   | 40         | 10000000 | 312500    | 238096   | 0    | 512   | 32   | io_uring | 12        | 16  | increase  | desc        | asc        | 256        | 8.93              | 9.21     | 6   | 8683,8803,8923,8681,8801,8921       | 3.14     |
| 5   | 40         | 10000000 | 312500    | 238096   | 0    | 512   | 32   | worker   | 12        | 16  | increase  | asc         | desc       | 16         | 3.57              | 3.68     | 6   | 6863,6983,7103,6861,6981,7101       | 3.08     |
| 1   | 20         | 10000000 | 2500000   | 476191   | 1024 | 128   | 4    | io_uring | 12        | 16  | increase  | asc         | asc        | 64         | 9.33              | 9.6      | 6   | 843,978,1113,841,976,1111           | 2.89     |
| 6   | 40         | 10000000 | 312500    | 238096   | 0    | 512   | 32   | worker   | 12        | 16  | increase  | desc        | asc        | 4          | 2.53              | 2.6      | 6   | 7933,8053,8173,7931,8051,8171       | 2.77     |
| 1   | 20         | 10000000 | 2500000   | 476191   | 1024 | 128   | 4    | worker   | 12        | 16  | increase  | asc         | desc       | 32         | 9.22              | 9.47     | 6   | 433,568,703,431,566,701             | 2.71     |
| 7   | 40         | 10000000 | 312500    | 238096   | 0    | 512   | 32   | worker   | 12        | 16  | decrease  | asc         | desc       | 64         | 4.44              | 4.55     | 6   | 9753,9873,9993,9751,9871,9991       | 2.48     |
| 3   | 20         | 10000000 | 2500000   | 476191   | 1024 | 128   | 4    | io_uring | 12        | 16  | decrease  | asc         | asc        | 16         | 5.34              | 5.47     | 6   | 4073,4208,4343,4071,4206,4341       | 2.43     |
| 2   | 20         | 10000000 | 2500000   | 476191   | 1024 | 128   | 4    | io_uring | 12        | 16  | increase  | desc        | asc        | 64         | 13.62             | 13.95    | 6   | 2463,2598,2733,2461,2596,2731       | 2.42     |
| 5   | 40         | 10000000 | 312500    | 238096   | 0    | 512   | 32   | io_uring | 12        | 16  | increase  | asc         | desc       | 4          | 2.48              | 2.54     | 6   | 7573,7693,7813,7571,7691,7811       | 2.42     |
| 4   | 20         | 10000000 | 2500000   | 476191   | 1024 | 128   | 4    | io_uring | 12        | 16  | decrease  | desc        | asc        | 64         | 12.62             | 12.92    | 6   | 5703,5838,5973,5701,5836,5971       | 2.38     |
| 6   | 40         | 10000000 | 312500    | 238096   | 0    | 512   | 32   | worker   | 12        | 16  | increase  | desc        | asc        | 16         | 2.95              | 3.02     | 6   | 7943,8063,8183,7941,8061,8181       | 2.37     |
| 5   | 40         | 10000000 | 312500    | 238096   | 0    | 512   | 32   | io_uring | 12        | 16  | increase  | asc         | desc       | 64         | 7.44              | 7.61     | 6   | 7593,7713,7833,7591,7711,7831       | 2.28     |
| 7   | 40         | 10000000 | 312500    | 238096   | 0    | 512   | 32   | io_uring | 12        | 16  | decrease  | asc         | desc       | 64         | 4.09              | 4.18     | 2   | 10473,10471                         | 2.2      |
| 5   | 40         | 10000000 | 312500    | 238096   | 0    | 512   | 32   | worker   | 12        | 16  | increase  | asc         | desc       | 4          | 2.42              | 2.47     | 6   | 6853,6973,7093,6851,6971,7091       | 2.07     |
| 2   | 20         | 10000000 | 2500000   | 476191   | 1024 | 128   | 4    | worker   | 12        | 16  | increase  | desc        | desc       | 256        | 14.06             | 14.35    | 6   | 2068,2203,2338,2066,2201,2336       | 2.06     |
| 6   | 40         | 10000000 | 312500    | 238096   | 0    | 512   | 32   | worker   | 12        | 16  | increase  | desc        | desc       | 64         | 6.85              | 6.99     | 6   | 8313,8433,8553,8311,8431,8551       | 2.04     |
| 1   | 20         | 10000000 | 2500000   | 476191   | 1024 | 128   | 4    | worker   | 12        | 16  | increase  | asc         | asc        | 256        | 11.94             | 12.18    | 6   | 43,178,313,41,176,311               | 2.01     |
| 6   | 40         | 10000000 | 312500    | 238096   | 0    | 512   | 32   | worker   | 12        | 16  | increase  | desc        | asc        | 2048       | 48.24             | 49.2     | 6   | 7978,8098,8218,7976,8096,8216       | 1.99     |
| 6   | 40         | 10000000 | 312500    | 238096   | 0    | 512   | 32   | worker   | 12        | 16  | increase  | desc        | asc        | 282768     | 6035.72           | 6152.16  | 6   | 8038,8158,8278,8036,8156,8276       | 1.93     |
| 7   | 40         | 10000000 | 312500    | 238096   | 0    | 512   | 32   | io_uring | 12        | 16  | decrease  | asc         | desc       | 95268      | 2066.47           | 2105.17  | 2   | 10528,10526                         | 1.87     |
| 4   | 20         | 10000000 | 2500000   | 476191   | 1024 | 128   | 4    | worker   | 12        | 16  | decrease  | desc        | desc       | 32768      | 121.69            | 123.95   | 6   | 5343,5478,5613,5341,5476,5611       | 1.86     |
| 5   | 40         | 10000000 | 312500    | 238096   | 0    | 512   | 32   | io_uring | 12        | 16  | increase  | asc         | asc        | 512        | 10.85             | 11.05    | 6   | 7248,7368,7488,7246,7366,7486       | 1.84     |
| 5   | 40         | 10000000 | 312500    | 238096   | 0    | 512   | 32   | io_uring | 12        | 16  | increase  | asc         | asc        | 2048       | 32.37             | 32.94    | 6   | 7258,7378,7498,7256,7376,7496       | 1.76     |
| 4   | 20         | 10000000 | 2500000   | 476191   | 1024 | 128   | 4    | worker   | 12        | 16  | decrease  | desc        | desc       | 512        | 13.08             | 13.31    | 6   | 5313,5448,5583,5311,5446,5581       | 1.76     |
| 7   | 40         | 10000000 | 312500    | 238096   | 0    | 512   | 32   | worker   | 12        | 16  | decrease  | asc         | asc        | 220268     | 16194.73          | 16475.2  | 6   | 9468,9588,9708,9466,9586,9706       | 1.73     |
| 6   | 40         | 10000000 | 312500    | 238096   | 0    | 512   | 32   | worker   | 12        | 16  | increase  | desc        | desc       | 4096       | 348.79            | 354.83   | 6   | 8343,8463,8583,8341,8461,8581       | 1.73     |
| 6   | 40         | 10000000 | 312500    | 238096   | 0    | 512   | 32   | worker   | 12        | 16  | increase  | desc        | asc        | 220268     | 4702.68           | 4783.64  | 6   | 8028,8148,8268,8026,8146,8266       | 1.72     |
| 4   | 20         | 10000000 | 2500000   | 476191   | 1024 | 128   | 4    | worker   | 12        | 16  | decrease  | desc        | asc        | 32         | 9.58              | 9.74     | 6   | 4888,5023,5158,4886,5021,5156       | 1.67     |
| 6   | 40         | 10000000 | 312500    | 238096   | 0    | 512   | 32   | io_uring | 12        | 16  | increase  | desc        | desc       | 189018     | 13937.96          | 14161.87 | 6   | 9103,9223,9343,9101,9221,9341       | 1.61     |
| 7   | 40         | 10000000 | 312500    | 238096   | 0    | 512   | 32   | worker   | 12        | 16  | decrease  | asc         | asc        | 1024       | 79.49             | 80.76    | 6   | 9413,9533,9653,9411,9531,9651       | 1.6      |
| 6   | 40         | 10000000 | 312500    | 238096   | 0    | 512   | 32   | io_uring | 12        | 16  | increase  | desc        | asc        | 4096       | 94.14             | 95.64    | 6   | 8703,8823,8943,8701,8821,8941       | 1.59     |
| 7   | 40         | 10000000 | 312500    | 238096   | 0    | 512   | 32   | io_uring | 12        | 16  | decrease  | asc         | asc        | 256        | 22.06             | 22.41    | 6   | 10123,10243,10363,10121,10241,10361 | 1.59     |
| 5   | 40         | 10000000 | 312500    | 238096   | 0    | 512   | 32   | worker   | 12        | 16  | increase  | asc         | desc       | 2048       | 169.43            | 172.11   | 6   | 6898,7018,7138,6896,7016,7136       | 1.58     |
| 5   | 40         | 10000000 | 312500    | 238096   | 0    | 512   | 32   | io_uring | 12        | 16  | increase  | asc         | asc        | 8192       | 115.47            | 117.27   | 6   | 7268,7388,7508,7266,7386,7506       | 1.56     |
| 7   | 40         | 10000000 | 312500    | 238096   | 0    | 512   | 32   | io_uring | 12        | 16  | decrease  | asc         | desc       | 128        | 5.87              | 5.96     | 2   | 10478,10476                         | 1.53     |
| 7   | 40         | 10000000 | 312500    | 238096   | 0    | 512   | 32   | io_uring | 12        | 16  | decrease  | asc         | desc       | 16384      | 363.45            | 369.01   | 2   | 10513,10511                         | 1.53     |
| 7   | 40         | 10000000 | 312500    | 238096   | 0    | 512   | 32   | worker   | 12        | 16  | decrease  | asc         | asc        | 32         | 4.13              | 4.19     | 6   | 9388,9508,9628,9386,9506,9626       | 1.45     |
| 5   | 40         | 10000000 | 312500    | 238096   | 0    | 512   | 32   | io_uring | 12        | 16  | increase  | asc         | desc       | 16         | 3.45              | 3.5      | 6   | 7583,7703,7823,7581,7701,7821       | 1.45     |
| 3   | 20         | 10000000 | 2500000   | 476191   | 1024 | 128   | 4    | worker   | 12        | 16  | decrease  | asc         | asc        | 4          | 2.19              | 2.22     | 6   | 3253,3388,3523,3251,3386,3521       | 1.37     |
| 6   | 40         | 10000000 | 312500    | 238096   | 0    | 512   | 32   | io_uring | 12        | 16  | increase  | desc        | asc        | 2048       | 49.51             | 50.16    | 6   | 8698,8818,8938,8696,8816,8936       | 1.31     |
| 7   | 40         | 10000000 | 312500    | 238096   | 0    | 512   | 32   | worker   | 12        | 16  | decrease  | asc         | desc       | 95268      | 2074.56           | 2101.76  | 6   | 9808,9928,10048,9806,9926,10046     | 1.31     |
| 5   | 40         | 10000000 | 312500    | 238096   | 0    | 512   | 32   | io_uring | 12        | 16  | increase  | asc         | desc       | 189018     | 15180.41          | 15377.19 | 6   | 7663,7783,7903,7661,7781,7901       | 1.3      |
| 7   | 40         | 10000000 | 312500    | 238096   | 0    | 512   | 32   | worker   | 12        | 16  | decrease  | asc         | desc       | 251518     | 5416.42           | 5485.86  | 6   | 9833,9953,10073,9831,9951,10071     | 1.28     |
| 5   | 40         | 10000000 | 312500    | 238096   | 0    | 512   | 32   | io_uring | 12        | 16  | increase  | asc         | asc        | 220268     | 2834.59           | 2869.36  | 6   | 7308,7428,7548,7306,7426,7546       | 1.23     |
| 6   | 40         | 10000000 | 312500    | 238096   | 0    | 512   | 32   | io_uring | 12        | 16  | increase  | desc        | asc        | 64018      | 1384.6            | 1401.09  | 6   | 8723,8843,8963,8721,8841,8961       | 1.19     |
| 6   | 40         | 10000000 | 312500    | 238096   | 0    | 512   | 32   | io_uring | 12        | 16  | increase  | desc        | asc        | 251518     | 5437.4            | 5501.83  | 6   | 8753,8873,8993,8751,8871,8991       | 1.18     |
| 6   | 40         | 10000000 | 312500    | 238096   | 0    | 512   | 32   | io_uring | 12        | 16  | increase  | desc        | desc       | 64         | 6.8               | 6.88     | 6   | 9033,9153,9273,9031,9151,9271       | 1.18     |
| 5   | 40         | 10000000 | 312500    | 238096   | 0    | 512   | 32   | worker   | 12        | 16  | increase  | asc         | desc       | 16384      | 1318.87           | 1334.24  | 6   | 6913,7033,7153,6911,7031,7151       | 1.17     |
| 7   | 40         | 10000000 | 312500    | 238096   | 0    | 512   | 32   | worker   | 12        | 16  | decrease  | asc         | asc        | 512        | 41.65             | 42.12    | 6   | 9408,9528,9648,9406,9526,9646       | 1.13     |
| 7   | 40         | 10000000 | 312500    | 238096   | 0    | 512   | 32   | worker   | 12        | 16  | decrease  | asc         | asc        | 2          | 1.8               | 1.82     | 6   | 9368,9488,9608,9366,9486,9606       | 1.11     |
| 5   | 40         | 10000000 | 312500    | 238096   | 0    | 512   | 32   | worker   | 12        | 16  | increase  | asc         | desc       | 4096       | 334.7             | 338.38   | 6   | 6903,7023,7143,6901,7021,7141       | 1.1      |
| 6   | 40         | 10000000 | 312500    | 238096   | 0    | 512   | 32   | io_uring | 12        | 16  | increase  | desc        | desc       | 256        | 21.14             | 21.37    | 6   | 9043,9163,9283,9041,9161,9281       | 1.09     |
| 5   | 40         | 10000000 | 312500    | 238096   | 0    | 512   | 32   | worker   | 12        | 16  | increase  | asc         | desc       | 95268      | 7617.42           | 7696.75  | 6   | 6928,7048,7168,6926,7046,7166       | 1.04     |
| 3   | 20         | 10000000 | 2500000   | 476191   | 1024 | 128   | 4    | io_uring | 12        | 16  | decrease  | asc         | desc       | 32         | 9.05              | 9.14     | 6   | 4483,4618,4753,4481,4616,4751       | 0.99     |
| 5   | 40         | 10000000 | 312500    | 238096   | 0    | 512   | 32   | io_uring | 12        | 16  | increase  | asc         | desc       | 2048       | 170.08            | 171.76   | 6   | 7618,7738,7858,7616,7736,7856       | 0.99     |
| 5   | 40         | 10000000 | 312500    | 238096   | 0    | 512   | 32   | worker   | 12        | 16  | increase  | asc         | asc        | 251518     | 3271.55           | 3303.6   | 6   | 6593,6713,6833,6591,6711,6831       | 0.98     |
| 5   | 40         | 10000000 | 312500    | 238096   | 0    | 512   | 32   | io_uring | 12        | 16  | increase  | asc         | asc        | 32768      | 433.23            | 437.39   | 6   | 7278,7398,7518,7276,7396,7516       | 0.96     |
| 6   | 40         | 10000000 | 312500    | 238096   | 0    | 512   | 32   | io_uring | 12        | 16  | increase  | desc        | desc       | 512        | 41.46             | 41.85    | 6   | 9048,9168,9288,9046,9166,9286       | 0.94     |
| 5   | 40         | 10000000 | 312500    | 238096   | 0    | 512   | 32   | io_uring | 12        | 16  | increase  | asc         | desc       | 1          | 2.14              | 2.16     | 6   | 7563,7683,7803,7561,7681,7801       | 0.93     |
| 6   | 40         | 10000000 | 312500    | 238096   | 0    | 512   | 32   | io_uring | 12        | 16  | increase  | desc        | desc       | 282768     | 20893.19          | 21086.85 | 6   | 9118,9238,9358,9116,9236,9356       | 0.93     |
| 5   | 40         | 10000000 | 312500    | 238096   | 0    | 512   | 32   | io_uring | 12        | 16  | increase  | asc         | desc       | 282768     | 22498.89          | 22703.65 | 6   | 7678,7798,7918,7676,7796,7916       | 0.91     |
| 6   | 40         | 10000000 | 312500    | 238096   | 0    | 512   | 32   | io_uring | 12        | 16  | increase  | desc        | asc        | 128        | 5.64              | 5.69     | 6   | 8678,8798,8918,8676,8796,8916       | 0.89     |
| 4   | 20         | 10000000 | 2500000   | 476191   | 1024 | 128   | 4    | worker   | 12        | 16  | decrease  | desc        | desc       | 128        | 9.49              | 9.57     | 6   | 5303,5438,5573,5301,5436,5571       | 0.84     |
| 5   | 40         | 10000000 | 312500    | 238096   | 0    | 512   | 32   | worker   | 12        | 16  | increase  | asc         | desc       | 512        | 45.33             | 45.68    | 6   | 6888,7008,7128,6886,7006,7126       | 0.77     |
| 7   | 40         | 10000000 | 312500    | 238096   | 0    | 512   | 32   | io_uring | 12        | 16  | decrease  | asc         | asc        | 32768      | 2430.5            | 2449.21  | 6   | 10158,10278,10398,10156,10276,10396 | 0.77     |
| 5   | 40         | 10000000 | 312500    | 238096   | 0    | 512   | 32   | io_uring | 12        | 16  | increase  | asc         | asc        | 157768     | 2042.15           | 2057.86  | 6   | 7298,7418,7538,7296,7416,7536       | 0.77     |
| 6   | 40         | 10000000 | 312500    | 238096   | 0    | 512   | 32   | worker   | 12        | 16  | increase  | desc        | desc       | 282768     | 20939.58          | 21100.07 | 6   | 8398,8518,8638,8396,8516,8636       | 0.77     |
| 7   | 40         | 10000000 | 312500    | 238096   | 0    | 512   | 32   | worker   | 12        | 16  | decrease  | asc         | asc        | 95268      | 7026.81           | 7080.6   | 6   | 9448,9568,9688,9446,9566,9686       | 0.77     |
| 6   | 40         | 10000000 | 312500    | 238096   | 0    | 512   | 32   | io_uring | 12        | 16  | increase  | desc        | desc       | 126518     | 9366.55           | 9437.48  | 6   | 9093,9213,9333,9091,9211,9331       | 0.76     |
| 5   | 40         | 10000000 | 312500    | 238096   | 0    | 512   | 32   | io_uring | 12        | 16  | increase  | asc         | desc       | 126518     | 10116.0           | 10192.34 | 6   | 7653,7773,7893,7651,7771,7891       | 0.75     |
| 6   | 40         | 10000000 | 312500    | 238096   | 0    | 512   | 32   | io_uring | 12        | 16  | increase  | desc        | asc        | 8          | 2.77              | 2.79     | 6   | 8658,8778,8898,8656,8776,8896       | 0.72     |
| 7   | 40         | 10000000 | 312500    | 238096   | 0    | 512   | 32   | worker   | 12        | 16  | decrease  | asc         | desc       | 4096       | 94.31             | 94.99    | 6   | 9783,9903,10023,9781,9901,10021     | 0.72     |
| 6   | 40         | 10000000 | 312500    | 238096   | 0    | 512   | 32   | io_uring | 12        | 16  | increase  | desc        | asc        | 189018     | 4098.94           | 4128.08  | 6   | 8743,8863,8983,8741,8861,8981       | 0.71     |
| 7   | 40         | 10000000 | 312500    | 238096   | 0    | 512   | 32   | io_uring | 12        | 16  | decrease  | asc         | desc       | 32768      | 732.17            | 737.29   | 2   | 10518,10516                         | 0.7      |
| 7   | 40         | 10000000 | 312500    | 238096   | 0    | 512   | 32   | io_uring | 12        | 16  | decrease  | asc         | asc        | 157768     | 11753.0           | 11833.47 | 6   | 10178,10298,10418,10176,10296,10416 | 0.68     |
| 4   | 20         | 10000000 | 2500000   | 476191   | 1024 | 128   | 4    | worker   | 12        | 16  | decrease  | desc        | desc       | 256        | 11.86             | 11.94    | 6   | 5308,5443,5578,5306,5441,5576       | 0.67     |
| 1   | 20         | 10000000 | 2500000   | 476191   | 1024 | 128   | 4    | worker   | 12        | 16  | increase  | asc         | asc        | 2          | 1.53              | 1.54     | 6   | 8,143,278,6,141,276                 | 0.65     |
| 5   | 40         | 10000000 | 312500    | 238096   | 0    | 512   | 32   | worker   | 12        | 16  | increase  | asc         | desc       | 1024       | 87.06             | 87.62    | 6   | 6893,7013,7133,6891,7011,7131       | 0.64     |
| 7   | 40         | 10000000 | 312500    | 238096   | 0    | 512   | 32   | io_uring | 12        | 16  | decrease  | asc         | desc       | 157768     | 3414.13           | 3435.89  | 2   | 10538,10536                         | 0.64     |
| 6   | 40         | 10000000 | 312500    | 238096   | 0    | 512   | 32   | worker   | 12        | 16  | increase  | desc        | desc       | 1024       | 80.57             | 81.08    | 6   | 8333,8453,8573,8331,8451,8571       | 0.63     |
| 6   | 40         | 10000000 | 312500    | 238096   | 0    | 512   | 32   | io_uring | 12        | 16  | increase  | desc        | asc        | 126518     | 2749.02           | 2765.63  | 6   | 8733,8853,8973,8731,8851,8971       | 0.6      |
| 7   | 40         | 10000000 | 312500    | 238096   | 0    | 512   | 32   | io_uring | 12        | 16  | decrease  | asc         | asc        | 1          | 1.66              | 1.67     | 6   | 10083,10203,10323,10081,10201,10321 | 0.6      |
| 5   | 40         | 10000000 | 312500    | 238096   | 0    | 512   | 32   | io_uring | 12        | 16  | increase  | asc         | desc       | 95268      | 7675.2            | 7721.4   | 6   | 7648,7768,7888,7646,7766,7886       | 0.6      |
| 5   | 40         | 10000000 | 312500    | 238096   | 0    | 512   | 32   | worker   | 12        | 16  | increase  | asc         | asc        | 126518     | 1669.33           | 1679.33  | 6   | 6573,6693,6813,6571,6691,6811       | 0.6      |
| 5   | 40         | 10000000 | 312500    | 238096   | 0    | 512   | 32   | worker   | 12        | 16  | increase  | asc         | desc       | 256        | 23.8              | 23.94    | 6   | 6883,7003,7123,6881,7001,7121       | 0.59     |
| 5   | 40         | 10000000 | 312500    | 238096   | 0    | 512   | 32   | worker   | 12        | 16  | increase  | asc         | asc        | 1          | 1.73              | 1.74     | 6   | 6483,6603,6723,6481,6601,6721       | 0.58     |
| 5   | 40         | 10000000 | 312500    | 238096   | 0    | 512   | 32   | worker   | 12        | 16  | increase  | asc         | desc       | 220268     | 17605.32          | 17703.98 | 6   | 6948,7068,7188,6946,7066,7186       | 0.56     |
| 6   | 40         | 10000000 | 312500    | 238096   | 0    | 512   | 32   | worker   | 12        | 16  | increase  | desc        | desc       | 251518     | 18618.71          | 18720.6  | 6   | 8393,8513,8633,8391,8511,8631       | 0.55     |
| 1   | 20         | 10000000 | 2500000   | 476191   | 1024 | 128   | 4    | io_uring | 12        | 16  | increase  | asc         | desc       | 32         | 9.27              | 9.32     | 6   | 1243,1378,1513,1241,1376,1511       | 0.54     |
| 5   | 40         | 10000000 | 312500    | 238096   | 0    | 512   | 32   | worker   | 12        | 16  | increase  | asc         | asc        | 220268     | 2857.1            | 2871.58  | 6   | 6588,6708,6828,6586,6706,6826       | 0.51     |
| 7   | 40         | 10000000 | 312500    | 238096   | 0    | 512   | 32   | worker   | 12        | 16  | decrease  | asc         | desc       | 2          | 2.21              | 2.22     | 6   | 9728,9848,9968,9726,9846,9966       | 0.45     |
| 6   | 40         | 10000000 | 312500    | 238096   | 0    | 512   | 32   | worker   | 12        | 16  | increase  | desc        | asc        | 1024       | 26.61             | 26.73    | 6   | 7973,8093,8213,7971,8091,8211       | 0.45     |
| 6   | 40         | 10000000 | 312500    | 238096   | 0    | 512   | 32   | io_uring | 12        | 16  | increase  | desc        | desc       | 64018      | 4702.59           | 4723.34  | 6   | 9083,9203,9323,9081,9201,9321       | 0.44     |
| 6   | 40         | 10000000 | 312500    | 238096   | 0    | 512   | 32   | worker   | 12        | 16  | increase  | desc        | desc       | 64018      | 4735.23           | 4755.52  | 6   | 8363,8483,8603,8361,8481,8601       | 0.43     |
| 5   | 40         | 10000000 | 312500    | 238096   | 0    | 512   | 32   | io_uring | 12        | 16  | increase  | asc         | desc       | 256        | 23.62             | 23.72    | 6   | 7603,7723,7843,7601,7721,7841       | 0.42     |
| 6   | 40         | 10000000 | 312500    | 238096   | 0    | 512   | 32   | io_uring | 12        | 16  | increase  | desc        | desc       | 157768     | 11692.81          | 11740.4  | 6   | 9098,9218,9338,9096,9216,9336       | 0.41     |
| 5   | 40         | 10000000 | 312500    | 238096   | 0    | 512   | 32   | io_uring | 12        | 16  | increase  | asc         | desc       | 8192       | 671.45            | 674.16   | 6   | 7628,7748,7868,7626,7746,7866       | 0.4      |
| 5   | 40         | 10000000 | 312500    | 238096   | 0    | 512   | 32   | worker   | 12        | 16  | increase  | asc         | asc        | 32768      | 432.47            | 434.17   | 6   | 6558,6678,6798,6556,6676,6796       | 0.39     |
| 6   | 40         | 10000000 | 312500    | 238096   | 0    | 512   | 32   | worker   | 12        | 16  | increase  | desc        | desc       | 2048       | 158.97            | 159.59   | 6   | 8338,8458,8578,8336,8456,8576       | 0.39     |
| 7   | 40         | 10000000 | 312500    | 238096   | 0    | 512   | 32   | worker   | 12        | 16  | decrease  | asc         | desc       | 157768     | 3437.27           | 3449.83  | 6   | 9818,9938,10058,9816,9936,10056     | 0.37     |
| 5   | 40         | 10000000 | 312500    | 238096   | 0    | 512   | 32   | io_uring | 12        | 16  | increase  | asc         | desc       | 251518     | 20143.06          | 20213.36 | 6   | 7673,7793,7913,7671,7791,7911       | 0.35     |
| 7   | 40         | 10000000 | 312500    | 238096   | 0    | 512   | 32   | worker   | 12        | 16  | decrease  | asc         | asc        | 251518     | 18643.44          | 18707.86 | 6   | 9473,9593,9713,9471,9591,9711       | 0.35     |
| 7   | 40         | 10000000 | 312500    | 238096   | 0    | 512   | 32   | worker   | 12        | 16  | decrease  | asc         | asc        | 126518     | 9397.97           | 9429.55  | 6   | 9453,9573,9693,9451,9571,9691       | 0.34     |
| 7   | 40         | 10000000 | 312500    | 238096   | 0    | 512   | 32   | io_uring | 12        | 16  | decrease  | asc         | desc       | 126518     | 2755.77           | 2764.1   | 2   | 10533,10531                         | 0.3      |
| 7   | 40         | 10000000 | 312500    | 238096   | 0    | 512   | 32   | io_uring | 12        | 16  | decrease  | asc         | asc        | 4096       | 308.7             | 309.38   | 6   | 10143,10263,10383,10141,10261,10381 | 0.22     |
| 7   | 40         | 10000000 | 312500    | 238096   | 0    | 512   | 32   | io_uring | 12        | 16  | decrease  | asc         | asc        | 64018      | 4770.74           | 4781.12  | 6   | 10163,10283,10403,10161,10281,10401 | 0.22     |
| 6   | 40         | 10000000 | 312500    | 238096   | 0    | 512   | 32   | worker   | 12        | 16  | increase  | desc        | asc        | 157768     | 3424.73           | 3432.16  | 6   | 8018,8138,8258,8016,8136,8256       | 0.22     |
| 7   | 40         | 10000000 | 312500    | 238096   | 0    | 512   | 32   | worker   | 12        | 16  | decrease  | asc         | asc        | 2048       | 157.74            | 158.08   | 6   | 9418,9538,9658,9416,9536,9656       | 0.22     |
| 6   | 40         | 10000000 | 312500    | 238096   | 0    | 512   | 32   | io_uring | 12        | 16  | increase  | desc        | desc       | 1024       | 80.12             | 80.28    | 6   | 9053,9173,9293,9051,9171,9291       | 0.2      |
| 6   | 40         | 10000000 | 312500    | 238096   | 0    | 512   | 32   | io_uring | 12        | 16  | increase  | desc        | desc       | 32768      | 2458.84           | 2463.74  | 6   | 9078,9198,9318,9076,9196,9316       | 0.2      |
| 7   | 40         | 10000000 | 312500    | 238096   | 0    | 512   | 32   | worker   | 12        | 16  | decrease  | asc         | desc       | 220268     | 4755.99           | 4763.68  | 6   | 9828,9948,10068,9826,9946,10066     | 0.16     |
| 7   | 40         | 10000000 | 312500    | 238096   | 0    | 512   | 32   | io_uring | 12        | 16  | decrease  | asc         | asc        | 251518     | 18601.55          | 18630.1  | 6   | 10193,10313,10433,10191,10311,10431 | 0.15     |
| 6   | 40         | 10000000 | 312500    | 238096   | 0    | 512   | 32   | io_uring | 12        | 16  | increase  | desc        | asc        | 512        | 15.1              | 15.12    | 6   | 8688,8808,8928,8686,8806,8926       | 0.13     |
| 7   | 40         | 10000000 | 312500    | 238096   | 0    | 512   | 32   | worker   | 12        | 16  | decrease  | asc         | asc        | 282768     | 21001.34          | 21028.68 | 6   | 9478,9598,9718,9476,9596,9716       | 0.13     |
| 5   | 40         | 10000000 | 312500    | 238096   | 0    | 512   | 32   | io_uring | 12        | 16  | increase  | asc         | desc       | 16384      | 1325.28           | 1326.85  | 6   | 7633,7753,7873,7631,7751,7871       | 0.12     |
| 7   | 40         | 10000000 | 312500    | 238096   | 0    | 512   | 32   | io_uring | 12        | 16  | decrease  | asc         | asc        | 189018     | 13951.97          | 13962.83 | 6   | 10183,10303,10423,10181,10301,10421 | 0.08     |
| 7   | 40         | 10000000 | 312500    | 238096   | 0    | 512   | 32   | worker   | 12        | 16  | decrease  | asc         | desc       | 1024       | 26.35             | 26.37    | 6   | 9773,9893,10013,9771,9891,10011     | 0.08     |
| 6   | 40         | 10000000 | 312500    | 238096   | 0    | 512   | 32   | io_uring | 12        | 16  | increase  | desc        | desc       | 2048       | 158.23            | 158.35   | 6   | 9058,9178,9298,9056,9176,9296       | 0.08     |
| 5   | 40         | 10000000 | 312500    | 238096   | 0    | 512   | 32   | io_uring | 12        | 16  | increase  | asc         | desc       | 512        | 45.41             | 45.44    | 6   | 7608,7728,7848,7606,7726,7846       | 0.07     |
| 6   | 40         | 10000000 | 312500    | 238096   | 0    | 512   | 32   | worker   | 12        | 16  | increase  | desc        | desc       | 8192       | 688.48            | 688.84   | 6   | 8348,8468,8588,8346,8466,8586       | 0.05     |
| 1   | 20         | 10000000 | 2500000   | 476191   | 1024 | 128   | 4    | io_uring | 12        | 16  | increase  | asc         | asc        | 2048       | 21.36             | 21.37    | 6   | 868,1003,1138,866,1001,1136         | 0.05     |
| 1   | 20         | 10000000 | 2500000   | 476191   | 1024 | 128   | 4    | worker   | 12        | 16  | increase  | asc         | asc        | 16384      | 65.61             | 65.64    | 6   | 73,208,343,71,206,341               | 0.05     |
| 7   | 40         | 10000000 | 312500    | 238096   | 0    | 512   | 32   | io_uring | 12        | 16  | decrease  | asc         | desc       | 8192       | 186.98            | 187.06   | 2   | 10508,10506                         | 0.04     |
| 6   | 40         | 10000000 | 312500    | 238096   | 0    | 512   | 32   | worker   | 12        | 16  | increase  | desc        | asc        | 95268      | 2097.02           | 2097.86  | 6   | 8008,8128,8248,8006,8126,8246       | 0.04     |
| 5   | 40         | 10000000 | 312500    | 238096   | 0    | 512   | 32   | worker   | 12        | 16  | increase  | asc         | desc       | 8192       | 670.82            | 671.04   | 6   | 6908,7028,7148,6906,7026,7146       | 0.03     |
| 5   | 40         | 10000000 | 312500    | 238096   | 0    | 512   | 32   | worker   | 12        | 16  | increase  | asc         | desc       | 251518     | 20231.19          | 20234.49 | 6   | 6953,7073,7193,6951,7071,7191       | 0.02     |
| 6   | 40         | 10000000 | 312500    | 238096   | 0    | 512   | 32   | io_uring | 12        | 16  | increase  | desc        | asc        | 157768     | 3441.6            | 3441.16  | 6   | 8738,8858,8978,8736,8856,8976       | -0.01    |
| 7   | 40         | 10000000 | 312500    | 238096   | 0    | 512   | 32   | worker   | 12        | 16  | decrease  | asc         | desc       | 16384      | 365.76            | 365.69   | 6   | 9793,9913,10033,9791,9911,10031     | -0.02    |
| 5   | 40         | 10000000 | 312500    | 238096   | 0    | 512   | 32   | worker   | 12        | 16  | increase  | asc         | asc        | 16384      | 221.47            | 221.32   | 6   | 6553,6673,6793,6551,6671,6791       | -0.07    |
| 6   | 40         | 10000000 | 312500    | 238096   | 0    | 512   | 32   | worker   | 12        | 16  | increase  | desc        | desc       | 126518     | 9345.25           | 9337.24  | 6   | 8373,8493,8613,8371,8491,8611       | -0.09    |
| 7   | 40         | 10000000 | 312500    | 238096   | 0    | 512   | 32   | worker   | 12        | 16  | decrease  | asc         | asc        | 157768     | 11752.56          | 11737.52 | 6   | 9458,9578,9698,9456,9576,9696       | -0.13    |
| 5   | 40         | 10000000 | 312500    | 238096   | 0    | 512   | 32   | io_uring | 12        | 16  | increase  | asc         | desc       | 32768      | 2649.08           | 2644.47  | 6   | 7638,7758,7878,7636,7756,7876       | -0.17    |
| 7   | 40         | 10000000 | 312500    | 238096   | 0    | 512   | 32   | io_uring | 12        | 16  | decrease  | asc         | asc        | 220268     | 16410.75          | 16379.37 | 6   | 10188,10308,10428,10186,10306,10426 | -0.19    |
| 5   | 40         | 10000000 | 312500    | 238096   | 0    | 512   | 32   | worker   | 12        | 16  | increase  | asc         | asc        | 512        | 10.38             | 10.36    | 6   | 6528,6648,6768,6526,6646,6766       | -0.19    |
| 6   | 40         | 10000000 | 312500    | 238096   | 0    | 512   | 32   | io_uring | 12        | 16  | increase  | desc        | desc       | 8192       | 613.91            | 612.7    | 6   | 9068,9188,9308,9066,9186,9306       | -0.2     |
| 7   | 40         | 10000000 | 312500    | 238096   | 0    | 512   | 32   | io_uring | 12        | 16  | decrease  | asc         | asc        | 282768     | 21065.79          | 21022.32 | 6   | 10198,10318,10438,10196,10316,10436 | -0.21    |
| 6   | 40         | 10000000 | 312500    | 238096   | 0    | 512   | 32   | worker   | 12        | 16  | increase  | desc        | desc       | 157768     | 11718.84          | 11688.63 | 6   | 8378,8498,8618,8376,8496,8616       | -0.26    |
| 6   | 40         | 10000000 | 312500    | 238096   | 0    | 512   | 32   | io_uring | 12        | 16  | increase  | desc        | desc       | 16384      | 1224.91           | 1221.62  | 6   | 9073,9193,9313,9071,9191,9311       | -0.27    |
| 7   | 40         | 10000000 | 312500    | 238096   | 0    | 512   | 32   | worker   | 12        | 16  | decrease  | asc         | asc        | 8192       | 620.85            | 619.11   | 6   | 9428,9548,9668,9426,9546,9666       | -0.28    |
| 7   | 40         | 10000000 | 312500    | 238096   | 0    | 512   | 32   | worker   | 12        | 16  | decrease  | asc         | asc        | 32768      | 2439.99           | 2432.63  | 6   | 9438,9558,9678,9436,9556,9676       | -0.3     |
| 5   | 40         | 10000000 | 312500    | 238096   | 0    | 512   | 32   | worker   | 12        | 16  | increase  | asc         | desc       | 64018      | 5145.92           | 5129.68  | 6   | 6923,7043,7163,6921,7041,7161       | -0.32    |
| 7   | 40         | 10000000 | 312500    | 238096   | 0    | 512   | 32   | worker   | 12        | 16  | decrease  | asc         | asc        | 16384      | 1227.19           | 1222.99  | 6   | 9433,9553,9673,9431,9551,9671       | -0.34    |
| 6   | 40         | 10000000 | 312500    | 238096   | 0    | 512   | 32   | worker   | 12        | 16  | increase  | desc        | asc        | 189018     | 4104.68           | 4090.25  | 6   | 8023,8143,8263,8021,8141,8261       | -0.35    |
| 7   | 40         | 10000000 | 312500    | 238096   | 0    | 512   | 32   | io_uring | 12        | 16  | decrease  | asc         | asc        | 95268      | 7073.37           | 7048.09  | 6   | 10168,10288,10408,10166,10286,10406 | -0.36    |
| 6   | 40         | 10000000 | 312500    | 238096   | 0    | 512   | 32   | worker   | 12        | 16  | increase  | desc        | asc        | 16384      | 365.14            | 363.8    | 6   | 7993,8113,8233,7991,8111,8231       | -0.37    |
| 7   | 40         | 10000000 | 312500    | 238096   | 0    | 512   | 32   | worker   | 12        | 16  | decrease  | asc         | asc        | 189018     | 14062.64          | 14003.93 | 6   | 9463,9583,9703,9461,9581,9701       | -0.42    |
| 1   | 20         | 10000000 | 2500000   | 476191   | 1024 | 128   | 4    | worker   | 12        | 16  | increase  | asc         | asc        | 32768      | 121.34            | 120.81   | 6   | 78,213,348,76,211,346               | -0.44    |
| 5   | 40         | 10000000 | 312500    | 238096   | 0    | 512   | 32   | io_uring | 12        | 16  | increase  | asc         | desc       | 220268     | 17936.93          | 17857.01 | 6   | 7668,7788,7908,7666,7786,7906       | -0.45    |
| 6   | 40         | 10000000 | 312500    | 238096   | 0    | 512   | 32   | io_uring | 12        | 16  | increase  | desc        | desc       | 95268      | 7165.15           | 7132.24  | 6   | 9088,9208,9328,9086,9206,9326       | -0.46    |
| 5   | 40         | 10000000 | 312500    | 238096   | 0    | 512   | 32   | io_uring | 12        | 16  | increase  | asc         | desc       | 4096       | 335.72            | 334.04   | 6   | 7623,7743,7863,7621,7741,7861       | -0.5     |
| 6   | 40         | 10000000 | 312500    | 238096   | 0    | 512   | 32   | worker   | 12        | 16  | increase  | desc        | desc       | 512        | 41.62             | 41.4     | 6   | 8328,8448,8568,8326,8446,8566       | -0.53    |
| 5   | 40         | 10000000 | 312500    | 238096   | 0    | 512   | 32   | worker   | 12        | 16  | increase  | asc         | asc        | 2          | 1.81              | 1.8      | 6   | 6488,6608,6728,6486,6606,6726       | -0.55    |
| 5   | 40         | 10000000 | 312500    | 238096   | 0    | 512   | 32   | worker   | 12        | 16  | increase  | asc         | asc        | 95268      | 1252.68           | 1245.61  | 6   | 6568,6688,6808,6566,6686,6806       | -0.56    |
| 6   | 40         | 10000000 | 312500    | 238096   | 0    | 512   | 32   | worker   | 12        | 16  | increase  | desc        | desc       | 95268      | 7112.31           | 7070.28  | 6   | 8368,8488,8608,8366,8486,8606       | -0.59    |
| 6   | 40         | 10000000 | 312500    | 238096   | 0    | 512   | 32   | worker   | 12        | 16  | increase  | desc        | desc       | 189018     | 14138.77          | 14053.9  | 6   | 8383,8503,8623,8381,8501,8621       | -0.6     |
| 3   | 20         | 10000000 | 2500000   | 476191   | 1024 | 128   | 4    | worker   | 12        | 16  | decrease  | asc         | asc        | 2          | 1.65              | 1.64     | 6   | 3248,3383,3518,3246,3381,3516       | -0.61    |
| 2   | 20         | 10000000 | 2500000   | 476191   | 1024 | 128   | 4    | worker   | 12        | 16  | increase  | desc        | asc        | 8          | 3.21              | 3.19     | 6   | 1638,1773,1908,1636,1771,1906       | -0.62    |
| 5   | 40         | 10000000 | 312500    | 238096   | 0    | 512   | 32   | io_uring | 12        | 16  | increase  | asc         | asc        | 4096       | 59.19             | 58.82    | 6   | 7263,7383,7503,7261,7381,7501       | -0.63    |
| 6   | 40         | 10000000 | 312500    | 238096   | 0    | 512   | 32   | worker   | 12        | 16  | increase  | desc        | asc        | 8192       | 185.32            | 184.16   | 6   | 7988,8108,8228,7986,8106,8226       | -0.63    |
| 6   | 40         | 10000000 | 312500    | 238096   | 0    | 512   | 32   | io_uring | 12        | 16  | increase  | desc        | desc       | 251518     | 18591.55          | 18473.56 | 6   | 9113,9233,9353,9111,9231,9351       | -0.63    |
| 6   | 40         | 10000000 | 312500    | 238096   | 0    | 512   | 32   | io_uring | 12        | 16  | increase  | desc        | desc       | 4096       | 312.88            | 310.88   | 6   | 9063,9183,9303,9061,9181,9301       | -0.64    |
| 7   | 40         | 10000000 | 312500    | 238096   | 0    | 512   | 32   | worker   | 12        | 16  | decrease  | asc         | desc       | 189018     | 4137.84           | 4109.27  | 6   | 9823,9943,10063,9821,9941,10061     | -0.69    |
| 6   | 40         | 10000000 | 312500    | 238096   | 0    | 512   | 32   | io_uring | 12        | 16  | increase  | desc        | asc        | 1024       | 26.95             | 26.75    | 6   | 8693,8813,8933,8691,8811,8931       | -0.74    |
| 5   | 40         | 10000000 | 312500    | 238096   | 0    | 512   | 32   | worker   | 12        | 16  | increase  | asc         | asc        | 4096       | 60.37             | 59.91    | 6   | 6543,6663,6783,6541,6661,6781       | -0.76    |
| 7   | 40         | 10000000 | 312500    | 238096   | 0    | 512   | 32   | io_uring | 12        | 16  | decrease  | asc         | asc        | 126518     | 9406.71           | 9334.55  | 6   | 10173,10293,10413,10171,10291,10411 | -0.77    |
| 6   | 40         | 10000000 | 312500    | 238096   | 0    | 512   | 32   | worker   | 12        | 16  | increase  | desc        | desc       | 16384      | 1233.35           | 1223.86  | 6   | 8353,8473,8593,8351,8471,8591       | -0.77    |
| 7   | 40         | 10000000 | 312500    | 238096   | 0    | 512   | 32   | worker   | 12        | 16  | decrease  | asc         | asc        | 4096       | 313.17            | 310.56   | 6   | 9423,9543,9663,9421,9541,9661       | -0.83    |
| 6   | 40         | 10000000 | 312500    | 238096   | 0    | 512   | 32   | io_uring | 12        | 16  | increase  | desc        | desc       | 220268     | 16363.04          | 16223.92 | 6   | 9108,9228,9348,9106,9226,9346       | -0.85    |
| 5   | 40         | 10000000 | 312500    | 238096   | 0    | 512   | 32   | worker   | 12        | 16  | increase  | asc         | desc       | 2          | 2.3               | 2.28     | 6   | 6848,6968,7088,6846,6966,7086       | -0.87    |
| 2   | 20         | 10000000 | 2500000   | 476191   | 1024 | 128   | 4    | io_uring | 12        | 16  | increase  | desc        | desc       | 8          | 3.44              | 3.41     | 6   | 2853,2988,3123,2851,2986,3121       | -0.87    |
| 7   | 40         | 10000000 | 312500    | 238096   | 0    | 512   | 32   | worker   | 12        | 16  | decrease  | asc         | asc        | 64018      | 4742.33           | 4700.89  | 6   | 9443,9563,9683,9441,9561,9681       | -0.87    |
| 6   | 40         | 10000000 | 312500    | 238096   | 0    | 512   | 32   | worker   | 12        | 16  | increase  | desc        | asc        | 4096       | 96.97             | 96.11    | 6   | 7983,8103,8223,7981,8101,8221       | -0.89    |
| 5   | 40         | 10000000 | 312500    | 238096   | 0    | 512   | 32   | worker   | 12        | 16  | increase  | asc         | asc        | 64018      | 851.41            | 843.28   | 6   | 6563,6683,6803,6561,6681,6801       | -0.95    |
| 5   | 40         | 10000000 | 312500    | 238096   | 0    | 512   | 32   | io_uring | 12        | 16  | increase  | asc         | asc        | 282768     | 3709.32           | 3673.29  | 6   | 7318,7438,7558,7316,7436,7556       | -0.97    |
| 6   | 40         | 10000000 | 312500    | 238096   | 0    | 512   | 32   | io_uring | 12        | 16  | increase  | desc        | asc        | 282768     | 6133.66           | 6073.46  | 6   | 8758,8878,8998,8756,8876,8996       | -0.98    |
| 6   | 40         | 10000000 | 312500    | 238096   | 0    | 512   | 32   | worker   | 12        | 16  | increase  | desc        | desc       | 128        | 11.92             | 11.8     | 6   | 8318,8438,8558,8316,8436,8556       | -1.01    |
| 7   | 40         | 10000000 | 312500    | 238096   | 0    | 512   | 32   | worker   | 12        | 16  | decrease  | asc         | desc       | 64018      | 1395.95           | 1381.88  | 6   | 9803,9923,10043,9801,9921,10041     | -1.01    |
| 7   | 40         | 10000000 | 312500    | 238096   | 0    | 512   | 32   | io_uring | 12        | 16  | decrease  | asc         | desc       | 2048       | 49.37             | 48.86    | 2   | 10498,10496                         | -1.03    |
| 5   | 40         | 10000000 | 312500    | 238096   | 0    | 512   | 32   | worker   | 12        | 16  | increase  | asc         | desc       | 126518     | 10210.86          | 10100.84 | 6   | 6933,7053,7173,6931,7051,7171       | -1.08    |
| 7   | 40         | 10000000 | 312500    | 238096   | 0    | 512   | 32   | worker   | 12        | 16  | decrease  | asc         | desc       | 282768     | 6200.32           | 6131.01  | 6   | 9838,9958,10078,9836,9956,10076     | -1.12    |
| 6   | 40         | 10000000 | 312500    | 238096   | 0    | 512   | 32   | worker   | 12        | 16  | increase  | desc        | asc        | 64018      | 1424.11           | 1408.16  | 6   | 8003,8123,8243,8001,8121,8241       | -1.12    |
| 4   | 20         | 10000000 | 2500000   | 476191   | 1024 | 128   | 4    | io_uring | 12        | 16  | decrease  | desc        | desc       | 8192       | 43.29             | 42.8     | 6   | 6143,6278,6413,6141,6276,6411       | -1.13    |
| 3   | 20         | 10000000 | 2500000   | 476191   | 1024 | 128   | 4    | worker   | 12        | 16  | decrease  | asc         | desc       | 8          | 3.52              | 3.48     | 6   | 3663,3798,3933,3661,3796,3931       | -1.14    |
| 6   | 40         | 10000000 | 312500    | 238096   | 0    | 512   | 32   | worker   | 12        | 16  | increase  | desc        | asc        | 32768      | 719.41            | 711.21   | 6   | 7998,8118,8238,7996,8116,8236       | -1.14    |
| 7   | 40         | 10000000 | 312500    | 238096   | 0    | 512   | 32   | io_uring | 12        | 16  | decrease  | asc         | asc        | 1024       | 81.51             | 80.57    | 6   | 10133,10253,10373,10131,10251,10371 | -1.15    |
| 6   | 40         | 10000000 | 312500    | 238096   | 0    | 512   | 32   | worker   | 12        | 16  | increase  | desc        | desc       | 16         | 3.39              | 3.35     | 6   | 8303,8423,8543,8301,8421,8541       | -1.18    |
| 5   | 40         | 10000000 | 312500    | 238096   | 0    | 512   | 32   | io_uring | 12        | 16  | increase  | asc         | desc       | 157768     | 12766.3           | 12615.16 | 6   | 7658,7778,7898,7656,7776,7896       | -1.18    |
| 7   | 40         | 10000000 | 312500    | 238096   | 0    | 512   | 32   | io_uring | 12        | 16  | decrease  | asc         | desc       | 220268     | 4763.96           | 4707.46  | 2   | 10548,10546                         | -1.19    |
| 5   | 40         | 10000000 | 312500    | 238096   | 0    | 512   | 32   | worker   | 12        | 16  | increase  | asc         | desc       | 282768     | 22959.96          | 22687.24 | 6   | 6958,7078,7198,6956,7076,7196       | -1.19    |
| 6   | 40         | 10000000 | 312500    | 238096   | 0    | 512   | 32   | worker   | 12        | 16  | increase  | desc        | desc       | 256        | 21.81             | 21.55    | 6   | 8323,8443,8563,8321,8441,8561       | -1.19    |
| 6   | 40         | 10000000 | 312500    | 238096   | 0    | 512   | 32   | worker   | 12        | 16  | increase  | desc        | desc       | 32768      | 2453.01           | 2423.48  | 6   | 8358,8478,8598,8356,8476,8596       | -1.2     |
| 5   | 40         | 10000000 | 312500    | 238096   | 0    | 512   | 32   | io_uring | 12        | 16  | increase  | asc         | desc       | 128        | 13.23             | 13.07    | 6   | 7598,7718,7838,7596,7716,7836       | -1.21    |
| 5   | 40         | 10000000 | 312500    | 238096   | 0    | 512   | 32   | worker   | 12        | 16  | increase  | asc         | desc       | 32768      | 2663.89           | 2628.23  | 6   | 6918,7038,7158,6916,7036,7156       | -1.34    |
| 7   | 40         | 10000000 | 312500    | 238096   | 0    | 512   | 32   | io_uring | 12        | 16  | decrease  | asc         | asc        | 2048       | 159.02            | 156.88   | 6   | 10138,10258,10378,10136,10256,10376 | -1.35    |
| 5   | 40         | 10000000 | 312500    | 238096   | 0    | 512   | 32   | io_uring | 12        | 16  | increase  | asc         | asc        | 64         | 2.96              | 2.92     | 6   | 7233,7353,7473,7231,7351,7471       | -1.35    |
| 7   | 40         | 10000000 | 312500    | 238096   | 0    | 512   | 32   | io_uring | 12        | 16  | decrease  | asc         | asc        | 16384      | 1224.49           | 1207.88  | 6   | 10153,10273,10393,10151,10271,10391 | -1.36    |
| 5   | 40         | 10000000 | 312500    | 238096   | 0    | 512   | 32   | io_uring | 12        | 16  | increase  | asc         | asc        | 189018     | 2491.72           | 2456.96  | 6   | 7303,7423,7543,7301,7421,7541       | -1.4     |
| 7   | 40         | 10000000 | 312500    | 238096   | 0    | 512   | 32   | io_uring | 12        | 16  | decrease  | asc         | asc        | 32         | 4.24              | 4.18     | 6   | 10108,10228,10348,10106,10226,10346 | -1.42    |
| 1   | 20         | 10000000 | 2500000   | 476191   | 1024 | 128   | 4    | io_uring | 12        | 16  | increase  | asc         | desc       | 2          | 1.37              | 1.35     | 6   | 1223,1358,1493,1221,1356,1491       | -1.46    |
| 7   | 40         | 10000000 | 312500    | 238096   | 0    | 512   | 32   | worker   | 12        | 16  | decrease  | asc         | desc       | 8192       | 184.71            | 181.98   | 6   | 9788,9908,10028,9786,9906,10026     | -1.48    |
| 2   | 20         | 10000000 | 2500000   | 476191   | 1024 | 128   | 4    | io_uring | 12        | 16  | increase  | desc        | desc       | 1          | 1.35              | 1.33     | 6   | 2838,2973,3108,2836,2971,3106       | -1.48    |
| 7   | 40         | 10000000 | 312500    | 238096   | 0    | 512   | 32   | worker   | 12        | 16  | decrease  | asc         | desc       | 126518     | 2781.26           | 2738.43  | 6   | 9813,9933,10053,9811,9931,10051     | -1.54    |
| 7   | 40         | 10000000 | 312500    | 238096   | 0    | 512   | 32   | worker   | 12        | 16  | decrease  | asc         | desc       | 2048       | 50.63             | 49.84    | 6   | 9778,9898,10018,9776,9896,10016     | -1.56    |
| 6   | 40         | 10000000 | 312500    | 238096   | 0    | 512   | 32   | io_uring | 12        | 16  | increase  | desc        | asc        | 8192       | 187.27            | 184.25   | 6   | 8708,8828,8948,8706,8826,8946       | -1.61    |
| 5   | 40         | 10000000 | 312500    | 238096   | 0    | 512   | 32   | worker   | 12        | 16  | increase  | asc         | asc        | 8192       | 117.46            | 115.54   | 6   | 6548,6668,6788,6546,6666,6786       | -1.63    |
| 7   | 40         | 10000000 | 312500    | 238096   | 0    | 512   | 32   | worker   | 12        | 16  | decrease  | asc         | desc       | 32768      | 713.35            | 701.6    | 6   | 9798,9918,10038,9796,9916,10036     | -1.65    |
| 1   | 20         | 10000000 | 2500000   | 476191   | 1024 | 128   | 4    | worker   | 12        | 16  | increase  | asc         | asc        | 65536      | 229.01            | 225.13   | 6   | 83,218,353,81,216,351               | -1.69    |
| 7   | 40         | 10000000 | 312500    | 238096   | 0    | 512   | 32   | io_uring | 12        | 16  | decrease  | asc         | asc        | 2          | 1.73              | 1.7      | 6   | 10088,10208,10328,10086,10206,10326 | -1.73    |
| 7   | 40         | 10000000 | 312500    | 238096   | 0    | 512   | 32   | io_uring | 12        | 16  | decrease  | asc         | desc       | 64018      | 1428.17           | 1403.3   | 2   | 10523,10521                         | -1.74    |
| 5   | 40         | 10000000 | 312500    | 238096   | 0    | 512   | 32   | worker   | 12        | 16  | increase  | asc         | asc        | 189018     | 2449.24           | 2405.53  | 6   | 6583,6703,6823,6581,6701,6821       | -1.78    |
| 4   | 20         | 10000000 | 2500000   | 476191   | 1024 | 128   | 4    | io_uring | 12        | 16  | decrease  | desc        | desc       | 1          | 1.12              | 1.1      | 6   | 6078,6213,6348,6076,6211,6346       | -1.79    |
| 6   | 40         | 10000000 | 312500    | 238096   | 0    | 512   | 32   | worker   | 12        | 16  | increase  | desc        | asc        | 126518     | 2818.15           | 2767.74  | 6   | 8013,8133,8253,8011,8131,8251       | -1.79    |
| 6   | 40         | 10000000 | 312500    | 238096   | 0    | 512   | 32   | io_uring | 12        | 16  | increase  | desc        | asc        | 220268     | 4821.54           | 4734.84  | 6   | 8748,8868,8988,8746,8866,8986       | -1.8     |
| 5   | 40         | 10000000 | 312500    | 238096   | 0    | 512   | 32   | worker   | 12        | 16  | increase  | asc         | asc        | 1024       | 18.69             | 18.35    | 6   | 6533,6653,6773,6531,6651,6771       | -1.82    |
| 6   | 40         | 10000000 | 312500    | 238096   | 0    | 512   | 32   | worker   | 12        | 16  | increase  | desc        | asc        | 512        | 15.32             | 15.04    | 6   | 7968,8088,8208,7966,8086,8206       | -1.83    |
| 4   | 20         | 10000000 | 2500000   | 476191   | 1024 | 128   | 4    | worker   | 12        | 16  | decrease  | desc        | desc       | 65536      | 226.38            | 222.11   | 6   | 5348,5483,5618,5346,5481,5616       | -1.89    |
| 7   | 40         | 10000000 | 312500    | 238096   | 0    | 512   | 32   | worker   | 12        | 16  | decrease  | asc         | asc        | 128        | 11.81             | 11.58    | 6   | 9398,9518,9638,9396,9516,9636       | -1.95    |
| 7   | 40         | 10000000 | 312500    | 238096   | 0    | 512   | 32   | io_uring | 12        | 16  | decrease  | asc         | asc        | 8192       | 623.42            | 611.26   | 6   | 10148,10268,10388,10146,10266,10386 | -1.95    |
| 5   | 40         | 10000000 | 312500    | 238096   | 0    | 512   | 32   | io_uring | 12        | 16  | increase  | asc         | asc        | 64018      | 853.88            | 836.85   | 6   | 7283,7403,7523,7281,7401,7521       | -1.99    |
| 1   | 20         | 10000000 | 2500000   | 476191   | 1024 | 128   | 4    | worker   | 12        | 16  | increase  | asc         | asc        | 512        | 13.37             | 13.1     | 6   | 48,183,318,46,181,316               | -2.02    |
| 7   | 40         | 10000000 | 312500    | 238096   | 0    | 512   | 32   | worker   | 12        | 16  | decrease  | asc         | desc       | 512        | 15.29             | 14.98    | 6   | 9768,9888,10008,9766,9886,10006     | -2.03    |
| 4   | 20         | 10000000 | 2500000   | 476191   | 1024 | 128   | 4    | worker   | 12        | 16  | decrease  | desc        | asc        | 2          | 1.46              | 1.43     | 6   | 4868,5003,5138,4866,5001,5136       | -2.05    |
| 6   | 40         | 10000000 | 312500    | 238096   | 0    | 512   | 32   | io_uring | 12        | 16  | increase  | desc        | desc       | 128        | 12.07             | 11.82    | 6   | 9038,9158,9278,9036,9156,9276       | -2.07    |
| 5   | 40         | 10000000 | 312500    | 238096   | 0    | 512   | 32   | io_uring | 12        | 16  | increase  | asc         | asc        | 251518     | 3322.29           | 3251.41  | 6   | 7313,7433,7553,7311,7431,7551       | -2.13    |
| 7   | 40         | 10000000 | 312500    | 238096   | 0    | 512   | 32   | io_uring | 12        | 16  | decrease  | asc         | desc       | 8          | 2.8               | 2.74     | 2   | 10458,10456                         | -2.14    |
| 7   | 40         | 10000000 | 312500    | 238096   | 0    | 512   | 32   | worker   | 12        | 16  | decrease  | asc         | desc       | 256        | 9.22              | 9.02     | 6   | 9763,9883,10003,9761,9881,10001     | -2.17    |
| 5   | 40         | 10000000 | 312500    | 238096   | 0    | 512   | 32   | worker   | 12        | 16  | increase  | asc         | asc        | 256        | 6.9               | 6.75     | 6   | 6523,6643,6763,6521,6641,6761       | -2.17    |
| 5   | 40         | 10000000 | 312500    | 238096   | 0    | 512   | 32   | worker   | 12        | 16  | increase  | asc         | asc        | 157768     | 2104.48           | 2058.5   | 6   | 6578,6698,6818,6576,6696,6816       | -2.18    |
| 6   | 40         | 10000000 | 312500    | 238096   | 0    | 512   | 32   | worker   | 12        | 16  | increase  | desc        | desc       | 32         | 4.46              | 4.36     | 6   | 8308,8428,8548,8306,8426,8546       | -2.24    |
| 7   | 40         | 10000000 | 312500    | 238096   | 0    | 512   | 32   | io_uring | 12        | 16  | decrease  | asc         | desc       | 256        | 9.31              | 9.1      | 2   | 10483,10481                         | -2.26    |
| 7   | 40         | 10000000 | 312500    | 238096   | 0    | 512   | 32   | worker   | 12        | 16  | decrease  | asc         | desc       | 4          | 2.65              | 2.59     | 6   | 9733,9853,9973,9731,9851,9971       | -2.26    |
| 7   | 40         | 10000000 | 312500    | 238096   | 0    | 512   | 32   | io_uring | 12        | 16  | decrease  | asc         | asc        | 512        | 41.92             | 40.96    | 6   | 10128,10248,10368,10126,10246,10366 | -2.29    |
| 1   | 20         | 10000000 | 2500000   | 476191   | 1024 | 128   | 4    | worker   | 12        | 16  | increase  | asc         | desc       | 16         | 5.95              | 5.81     | 6   | 428,563,698,426,561,696             | -2.35    |
| 4   | 20         | 10000000 | 2500000   | 476191   | 1024 | 128   | 4    | io_uring | 12        | 16  | decrease  | desc        | desc       | 8          | 3.37              | 3.29     | 6   | 6093,6228,6363,6091,6226,6361       | -2.37    |
| 6   | 40         | 10000000 | 312500    | 238096   | 0    | 512   | 32   | io_uring | 12        | 16  | increase  | desc        | desc       | 8          | 2.46              | 2.4      | 6   | 9018,9138,9258,9016,9136,9256       | -2.44    |
| 7   | 40         | 10000000 | 312500    | 238096   | 0    | 512   | 32   | io_uring | 12        | 16  | decrease  | asc         | asc        | 16         | 3.09              | 3.01     | 6   | 10103,10223,10343,10101,10221,10341 | -2.59    |
| 5   | 40         | 10000000 | 312500    | 238096   | 0    | 512   | 32   | io_uring | 12        | 16  | increase  | asc         | desc       | 32         | 4.83              | 4.7      | 6   | 7588,7708,7828,7586,7706,7826       | -2.69    |
| 6   | 40         | 10000000 | 312500    | 238096   | 0    | 512   | 32   | io_uring | 12        | 16  | increase  | desc        | desc       | 32         | 4.45              | 4.33     | 6   | 9028,9148,9268,9026,9146,9266       | -2.7     |
| 1   | 20         | 10000000 | 2500000   | 476191   | 1024 | 128   | 4    | worker   | 12        | 16  | increase  | asc         | asc        | 64         | 9.23              | 8.97     | 6   | 33,168,303,31,166,301               | -2.82    |
| 5   | 40         | 10000000 | 312500    | 238096   | 0    | 512   | 32   | io_uring | 12        | 16  | increase  | asc         | asc        | 95268      | 1251.48           | 1214.5   | 6   | 7288,7408,7528,7286,7406,7526       | -2.95    |
| 1   | 20         | 10000000 | 2500000   | 476191   | 1024 | 128   | 4    | io_uring | 12        | 16  | increase  | asc         | asc        | 1024       | 16.11             | 15.62    | 6   | 863,998,1133,861,996,1131           | -3.04    |
| 6   | 40         | 10000000 | 312500    | 238096   | 0    | 512   | 32   | io_uring | 12        | 16  | increase  | desc        | asc        | 32768      | 733.77            | 711.33   | 6   | 8718,8838,8958,8716,8836,8956       | -3.06    |
| 2   | 20         | 10000000 | 2500000   | 476191   | 1024 | 128   | 4    | worker   | 12        | 16  | increase  | desc        | desc       | 8          | 3.48              | 3.37     | 6   | 2043,2178,2313,2041,2176,2311       | -3.16    |
| 5   | 40         | 10000000 | 312500    | 238096   | 0    | 512   | 32   | io_uring | 12        | 16  | increase  | asc         | asc        | 16384      | 222.73            | 215.51   | 6   | 7273,7393,7513,7271,7391,7511       | -3.24    |
| 6   | 40         | 10000000 | 312500    | 238096   | 0    | 512   | 32   | io_uring | 12        | 16  | increase  | desc        | asc        | 16384      | 370.7             | 358.58   | 6   | 8713,8833,8953,8711,8831,8951       | -3.27    |
| 4   | 20         | 10000000 | 2500000   | 476191   | 1024 | 128   | 4    | io_uring | 12        | 16  | decrease  | desc        | asc        | 8          | 3.32              | 3.21     | 6   | 5688,5823,5958,5686,5821,5956       | -3.31    |
| 1   | 20         | 10000000 | 2500000   | 476191   | 1024 | 128   | 4    | worker   | 12        | 16  | increase  | asc         | asc        | 32         | 8.1               | 7.83     | 6   | 28,163,298,26,161,296               | -3.33    |
| 5   | 40         | 10000000 | 312500    | 238096   | 0    | 512   | 32   | worker   | 12        | 16  | increase  | asc         | asc        | 282768     | 3740.82           | 3615.35  | 6   | 6598,6718,6838,6596,6716,6836       | -3.35    |
| 2   | 20         | 10000000 | 2500000   | 476191   | 1024 | 128   | 4    | io_uring | 12        | 16  | increase  | desc        | asc        | 16         | 5.61              | 5.42     | 6   | 2453,2588,2723,2451,2586,2721       | -3.39    |
| 1   | 20         | 10000000 | 2500000   | 476191   | 1024 | 128   | 4    | io_uring | 12        | 16  | increase  | asc         | asc        | 32         | 7.7               | 7.42     | 6   | 838,973,1108,836,971,1106           | -3.64    |
| 6   | 40         | 10000000 | 312500    | 238096   | 0    | 512   | 32   | io_uring | 12        | 16  | increase  | desc        | asc        | 64         | 4.58              | 4.41     | 6   | 8673,8793,8913,8671,8791,8911       | -3.71    |
| 6   | 40         | 10000000 | 312500    | 238096   | 0    | 512   | 32   | io_uring | 12        | 16  | increase  | desc        | asc        | 95268      | 2188.57           | 2107.0   | 6   | 8728,8848,8968,8726,8846,8966       | -3.73    |
| 7   | 40         | 10000000 | 312500    | 238096   | 0    | 512   | 32   | io_uring | 12        | 16  | decrease  | asc         | asc        | 128        | 11.87             | 11.42    | 6   | 10118,10238,10358,10116,10236,10356 | -3.79    |
| 6   | 40         | 10000000 | 312500    | 238096   | 0    | 512   | 32   | io_uring | 12        | 16  | increase  | desc        | asc        | 1          | 2.08              | 2.0      | 6   | 8643,8763,8883,8641,8761,8881       | -3.85    |
| 2   | 20         | 10000000 | 2500000   | 476191   | 1024 | 128   | 4    | worker   | 12        | 16  | increase  | desc        | desc       | 1          | 1.22              | 1.17     | 6   | 2028,2163,2298,2026,2161,2296       | -4.1     |
| 5   | 40         | 10000000 | 312500    | 238096   | 0    | 512   | 32   | io_uring | 12        | 16  | increase  | asc         | asc        | 128        | 4.01              | 3.84     | 6   | 7238,7358,7478,7236,7356,7476       | -4.24    |
| 4   | 20         | 10000000 | 2500000   | 476191   | 1024 | 128   | 4    | io_uring | 12        | 16  | decrease  | desc        | desc       | 65536      | 224.66            | 215.06   | 6   | 6158,6293,6428,6156,6291,6426       | -4.27    |
| 5   | 40         | 10000000 | 312500    | 238096   | 0    | 512   | 32   | worker   | 12        | 16  | increase  | asc         | asc        | 2048       | 33.14             | 31.64    | 6   | 6538,6658,6778,6536,6656,6776       | -4.53    |
| 1   | 20         | 10000000 | 2500000   | 476191   | 1024 | 128   | 4    | io_uring | 12        | 16  | increase  | asc         | asc        | 16         | 5.77              | 5.48     | 6   | 833,968,1103,831,966,1101           | -5.03    |
| 4   | 20         | 10000000 | 2500000   | 476191   | 1024 | 128   | 4    | io_uring | 12        | 16  | decrease  | desc        | asc        | 4          | 2.18              | 2.07     | 6   | 5683,5818,5953,5681,5816,5951       | -5.05    |
| 7   | 40         | 10000000 | 312500    | 238096   | 0    | 512   | 32   | worker   | 12        | 16  | decrease  | asc         | asc        | 256        | 22.7              | 21.55    | 6   | 9403,9523,9643,9401,9521,9641       | -5.07    |
| 3   | 20         | 10000000 | 2500000   | 476191   | 1024 | 128   | 4    | worker   | 12        | 16  | decrease  | asc         | desc       | 2          | 1.54              | 1.46     | 6   | 3653,3788,3923,3651,3786,3921       | -5.19    |
| 4   | 20         | 10000000 | 2500000   | 476191   | 1024 | 128   | 4    | io_uring | 12        | 16  | decrease  | desc        | desc       | 4          | 2.08              | 1.97     | 6   | 6088,6223,6358,6086,6221,6356       | -5.29    |
| 4   | 20         | 10000000 | 2500000   | 476191   | 1024 | 128   | 4    | worker   | 12        | 16  | decrease  | desc        | desc       | 64         | 9.38              | 8.88     | 6   | 5298,5433,5568,5296,5431,5566       | -5.33    |
| 5   | 40         | 10000000 | 312500    | 238096   | 0    | 512   | 32   | io_uring | 12        | 16  | increase  | asc         | asc        | 4          | 1.68              | 1.59     | 6   | 7213,7333,7453,7211,7331,7451       | -5.36    |
| 1   | 20         | 10000000 | 2500000   | 476191   | 1024 | 128   | 4    | io_uring | 12        | 16  | increase  | asc         | asc        | 8192       | 44.92             | 42.43    | 6   | 878,1013,1148,876,1011,1146         | -5.54    |
| 1   | 20         | 10000000 | 2500000   | 476191   | 1024 | 128   | 4    | worker   | 12        | 16  | increase  | asc         | asc        | 4          | 2.46              | 2.32     | 6   | 13,148,283,11,146,281               | -5.69    |
| 1   | 20         | 10000000 | 2500000   | 476191   | 1024 | 128   | 4    | io_uring | 12        | 16  | increase  | asc         | asc        | 8          | 3.84              | 3.62     | 6   | 828,963,1098,826,961,1096           | -5.73    |
| 4   | 20         | 10000000 | 2500000   | 476191   | 1024 | 128   | 4    | worker   | 12        | 16  | decrease  | desc        | desc       | 2          | 1.55              | 1.46     | 6   | 5273,5408,5543,5271,5406,5541       | -5.81    |
| 4   | 20         | 10000000 | 2500000   | 476191   | 1024 | 128   | 4    | worker   | 12        | 16  | decrease  | desc        | desc       | 131072     | 438.01            | 412.16   | 6   | 5353,5488,5623,5351,5486,5621       | -5.9     |
| 7   | 40         | 10000000 | 312500    | 238096   | 0    | 512   | 32   | io_uring | 12        | 16  | decrease  | asc         | asc        | 64         | 6.8               | 6.39     | 6   | 10113,10233,10353,10111,10231,10351 | -6.03    |
| 7   | 40         | 10000000 | 312500    | 238096   | 0    | 512   | 32   | worker   | 12        | 16  | decrease  | asc         | asc        | 8          | 2.31              | 2.17     | 6   | 9378,9498,9618,9376,9496,9616       | -6.06    |
| 6   | 40         | 10000000 | 312500    | 238096   | 0    | 512   | 32   | io_uring | 12        | 16  | increase  | desc        | asc        | 4          | 2.58              | 2.42     | 6   | 8653,8773,8893,8651,8771,8891       | -6.2     |
| 1   | 20         | 10000000 | 2500000   | 476191   | 1024 | 128   | 4    | worker   | 12        | 16  | increase  | asc         | asc        | 2262144    | 7171.44           | 6705.42  | 6   | 133,268,403,131,266,401             | -6.5     |
| 6   | 40         | 10000000 | 312500    | 238096   | 0    | 512   | 32   | worker   | 12        | 16  | increase  | desc        | asc        | 256        | 9.57              | 8.94     | 6   | 7963,8083,8203,7961,8081,8201       | -6.58    |
| 1   | 20         | 10000000 | 2500000   | 476191   | 1024 | 128   | 4    | io_uring | 12        | 16  | increase  | asc         | asc        | 16384      | 72.63             | 67.84    | 6   | 883,1018,1153,881,1016,1151         | -6.6     |
| 5   | 40         | 10000000 | 312500    | 238096   | 0    | 512   | 32   | worker   | 12        | 16  | increase  | asc         | desc       | 64         | 7.73              | 7.22     | 6   | 6873,6993,7113,6871,6991,7111       | -6.6     |
| 1   | 20         | 10000000 | 2500000   | 476191   | 1024 | 128   | 4    | io_uring | 12        | 16  | increase  | asc         | asc        | 1          | 1.12              | 1.04     | 6   | 813,948,1083,811,946,1081           | -7.14    |
| 3   | 20         | 10000000 | 2500000   | 476191   | 1024 | 128   | 4    | io_uring | 12        | 16  | decrease  | asc         | desc       | 2          | 1.66              | 1.54     | 6   | 4463,4598,4733,4461,4596,4731       | -7.23    |
| 5   | 40         | 10000000 | 312500    | 238096   | 0    | 512   | 32   | io_uring | 12        | 16  | increase  | asc         | asc        | 1024       | 19.3              | 17.89    | 6   | 7253,7373,7493,7251,7371,7491       | -7.31    |
| 7   | 40         | 10000000 | 312500    | 238096   | 0    | 512   | 32   | worker   | 12        | 16  | decrease  | asc         | asc        | 16         | 3.2               | 2.95     | 6   | 9383,9503,9623,9381,9501,9621       | -7.81    |
| 4   | 20         | 10000000 | 2500000   | 476191   | 1024 | 128   | 4    | io_uring | 12        | 16  | decrease  | desc        | desc       | 64         | 9.84              | 9.07     | 6   | 6108,6243,6378,6106,6241,6376       | -7.83    |
| 3   | 20         | 10000000 | 2500000   | 476191   | 1024 | 128   | 4    | io_uring | 12        | 16  | decrease  | asc         | desc       | 1          | 1.26              | 1.16     | 6   | 4458,4593,4728,4456,4591,4726       | -7.94    |
| 7   | 40         | 10000000 | 312500    | 238096   | 0    | 512   | 32   | io_uring | 12        | 16  | decrease  | asc         | asc        | 4          | 2.12              | 1.95     | 6   | 10093,10213,10333,10091,10211,10331 | -8.02    |
| 4   | 20         | 10000000 | 2500000   | 476191   | 1024 | 128   | 4    | worker   | 12        | 16  | decrease  | desc        | desc       | 1762144    | 5517.79           | 5065.65  | 6   | 5388,5523,5658,5386,5521,5656       | -8.19    |
| 6   | 40         | 10000000 | 312500    | 238096   | 0    | 512   | 32   | worker   | 12        | 16  | increase  | desc        | asc        | 8          | 3.03              | 2.78     | 6   | 7938,8058,8178,7936,8056,8176       | -8.25    |
| 1   | 20         | 10000000 | 2500000   | 476191   | 1024 | 128   | 4    | worker   | 12        | 16  | increase  | asc         | asc        | 1          | 1.2               | 1.1      | 6   | 3,138,273,1,136,271                 | -8.33    |
| 4   | 20         | 10000000 | 2500000   | 476191   | 1024 | 128   | 4    | io_uring | 12        | 16  | decrease  | desc        | desc       | 16384      | 73.81             | 67.62    | 6   | 6148,6283,6418,6146,6281,6416       | -8.39    |
| 7   | 40         | 10000000 | 312500    | 238096   | 0    | 512   | 32   | worker   | 12        | 16  | decrease  | asc         | desc       | 8          | 2.95              | 2.7      | 6   | 9738,9858,9978,9736,9856,9976       | -8.47    |
| 1   | 20         | 10000000 | 2500000   | 476191   | 1024 | 128   | 4    | worker   | 12        | 16  | increase  | asc         | asc        | 2012144    | 6565.2            | 5994.68  | 6   | 128,263,398,126,261,396             | -8.69    |
| 1   | 20         | 10000000 | 2500000   | 476191   | 1024 | 128   | 4    | worker   | 12        | 16  | increase  | asc         | asc        | 762144     | 2430.24           | 2218.03  | 6   | 103,238,373,101,236,371             | -8.73    |
| 4   | 20         | 10000000 | 2500000   | 476191   | 1024 | 128   | 4    | worker   | 12        | 16  | decrease  | desc        | desc       | 262144     | 866.38            | 790.14   | 6   | 5358,5493,5628,5356,5491,5626       | -8.8     |
| 5   | 40         | 10000000 | 312500    | 238096   | 0    | 512   | 32   | io_uring | 12        | 16  | increase  | asc         | asc        | 32         | 2.61              | 2.38     | 6   | 7228,7348,7468,7226,7346,7466       | -8.81    |
| 5   | 40         | 10000000 | 312500    | 238096   | 0    | 512   | 32   | io_uring | 12        | 16  | increase  | asc         | asc        | 1          | 1.7               | 1.55     | 6   | 7203,7323,7443,7201,7321,7441       | -8.82    |
| 7   | 40         | 10000000 | 312500    | 238096   | 0    | 512   | 32   | worker   | 12        | 16  | decrease  | asc         | asc        | 64         | 7.36              | 6.71     | 6   | 9393,9513,9633,9391,9511,9631       | -8.83    |
| 6   | 40         | 10000000 | 312500    | 238096   | 0    | 512   | 32   | worker   | 12        | 16  | increase  | desc        | desc       | 8          | 2.48              | 2.26     | 6   | 8298,8418,8538,8296,8416,8536       | -8.87    |
| 4   | 20         | 10000000 | 2500000   | 476191   | 1024 | 128   | 4    | io_uring | 12        | 16  | decrease  | desc        | asc        | 1          | 1.22              | 1.11     | 6   | 5673,5808,5943,5671,5806,5941       | -9.02    |
| 7   | 40         | 10000000 | 312500    | 238096   | 0    | 512   | 32   | worker   | 12        | 16  | decrease  | asc         | desc       | 128        | 6.2               | 5.64     | 6   | 9758,9878,9998,9756,9876,9996       | -9.03    |
| 2   | 20         | 10000000 | 2500000   | 476191   | 1024 | 128   | 4    | worker   | 12        | 16  | increase  | desc        | desc       | 2          | 1.76              | 1.6      | 6   | 2033,2168,2303,2031,2166,2301       | -9.09    |
| 6   | 40         | 10000000 | 312500    | 238096   | 0    | 512   | 32   | worker   | 12        | 16  | increase  | desc        | desc       | 2          | 1.85              | 1.68     | 6   | 8288,8408,8528,8286,8406,8526       | -9.19    |
| 4   | 20         | 10000000 | 2500000   | 476191   | 1024 | 128   | 4    | worker   | 12        | 16  | decrease  | desc        | desc       | 1          | 1.17              | 1.06     | 6   | 5268,5403,5538,5266,5401,5536       | -9.4     |
| 5   | 40         | 10000000 | 312500    | 238096   | 0    | 512   | 32   | worker   | 12        | 16  | increase  | asc         | asc        | 64         | 3.33              | 3.01     | 6   | 6513,6633,6753,6511,6631,6751       | -9.61    |
| 4   | 20         | 10000000 | 2500000   | 476191   | 1024 | 128   | 4    | worker   | 12        | 16  | decrease  | desc        | asc        | 1          | 1.14              | 1.03     | 6   | 4863,4998,5133,4861,4996,5131       | -9.65    |
| 7   | 40         | 10000000 | 312500    | 238096   | 0    | 512   | 32   | io_uring | 12        | 16  | decrease  | asc         | desc       | 1          | 2.13              | 1.92     | 2   | 10443,10441                         | -9.86    |
| 1   | 20         | 10000000 | 2500000   | 476191   | 1024 | 128   | 4    | worker   | 12        | 16  | increase  | asc         | asc        | 131072     | 445.44            | 400.89   | 6   | 88,223,358,86,221,356               | -10.0    |
| 4   | 20         | 10000000 | 2500000   | 476191   | 1024 | 128   | 4    | io_uring | 12        | 16  | decrease  | desc        | desc       | 32         | 7.92              | 7.12     | 6   | 6103,6238,6373,6101,6236,6371       | -10.1    |
| 1   | 20         | 10000000 | 2500000   | 476191   | 1024 | 128   | 4    | worker   | 12        | 16  | increase  | asc         | asc        | 262144     | 869.44            | 781.55   | 6   | 93,228,363,91,226,361               | -10.11   |
| 5   | 40         | 10000000 | 312500    | 238096   | 0    | 512   | 32   | io_uring | 12        | 16  | increase  | asc         | asc        | 16         | 2.34              | 2.1      | 6   | 7223,7343,7463,7221,7341,7461       | -10.26   |
| 5   | 40         | 10000000 | 312500    | 238096   | 0    | 512   | 32   | worker   | 12        | 16  | increase  | asc         | asc        | 128        | 4.45              | 3.98     | 6   | 6518,6638,6758,6516,6636,6756       | -10.56   |
| 7   | 40         | 10000000 | 312500    | 238096   | 0    | 512   | 32   | worker   | 12        | 16  | decrease  | asc         | desc       | 32         | 3.69              | 3.3      | 6   | 9748,9868,9988,9746,9866,9986       | -10.57   |
| 4   | 20         | 10000000 | 2500000   | 476191   | 1024 | 128   | 4    | worker   | 12        | 16  | decrease  | desc        | asc        | 4          | 2.23              | 1.99     | 6   | 4873,5008,5143,4871,5006,5141       | -10.76   |
| 3   | 20         | 10000000 | 2500000   | 476191   | 1024 | 128   | 4    | io_uring | 12        | 16  | decrease  | asc         | desc       | 4          | 2.32              | 2.07     | 6   | 4468,4603,4738,4466,4601,4736       | -10.78   |
| 1   | 20         | 10000000 | 2500000   | 476191   | 1024 | 128   | 4    | worker   | 12        | 16  | increase  | asc         | asc        | 1512144    | 4878.86           | 4353.09  | 6   | 118,253,388,116,251,386             | -10.78   |
| 4   | 20         | 10000000 | 2500000   | 476191   | 1024 | 128   | 4    | worker   | 12        | 16  | decrease  | desc        | desc       | 762144     | 2482.34           | 2214.55  | 6   | 5368,5503,5638,5366,5501,5636       | -10.79   |
| 4   | 20         | 10000000 | 2500000   | 476191   | 1024 | 128   | 4    | io_uring | 12        | 16  | decrease  | desc        | desc       | 2          | 1.47              | 1.31     | 6   | 6083,6218,6353,6081,6216,6351       | -10.88   |
| 4   | 20         | 10000000 | 2500000   | 476191   | 1024 | 128   | 4    | io_uring | 12        | 16  | decrease  | desc        | desc       | 32768      | 136.61            | 121.67   | 6   | 6153,6288,6423,6151,6286,6421       | -10.94   |
| 4   | 20         | 10000000 | 2500000   | 476191   | 1024 | 128   | 4    | worker   | 12        | 16  | decrease  | desc        | desc       | 1512144    | 4742.72           | 4222.15  | 6   | 5383,5518,5653,5381,5516,5651       | -10.98   |
| 7   | 40         | 10000000 | 312500    | 238096   | 0    | 512   | 32   | io_uring | 12        | 16  | decrease  | asc         | desc       | 512        | 16.55             | 14.73    | 2   | 10488,10486                         | -11.0    |
| 3   | 20         | 10000000 | 2500000   | 476191   | 1024 | 128   | 4    | worker   | 12        | 16  | decrease  | asc         | desc       | 1          | 1.33              | 1.18     | 6   | 3648,3783,3918,3646,3781,3916       | -11.28   |
| 1   | 20         | 10000000 | 2500000   | 476191   | 1024 | 128   | 4    | worker   | 12        | 16  | increase  | asc         | asc        | 1012144    | 3308.7            | 2933.11  | 6   | 108,243,378,106,241,376             | -11.35   |
| 4   | 20         | 10000000 | 2500000   | 476191   | 1024 | 128   | 4    | worker   | 12        | 16  | decrease  | desc        | desc       | 1012144    | 3334.35           | 2955.48  | 6   | 5373,5508,5643,5371,5506,5641       | -11.36   |
| 5   | 40         | 10000000 | 312500    | 238096   | 0    | 512   | 32   | io_uring | 12        | 16  | increase  | asc         | asc        | 256        | 6.76              | 5.99     | 6   | 7243,7363,7483,7241,7361,7481       | -11.39   |
| 4   | 20         | 10000000 | 2500000   | 476191   | 1024 | 128   | 4    | worker   | 12        | 16  | decrease  | desc        | desc       | 4          | 2.45              | 2.17     | 6   | 5278,5413,5548,5276,5411,5546       | -11.43   |
| 1   | 20         | 10000000 | 2500000   | 476191   | 1024 | 128   | 4    | worker   | 12        | 16  | increase  | asc         | asc        | 1262144    | 4154.22           | 3659.78  | 6   | 113,248,383,111,246,381             | -11.9    |
| 1   | 20         | 10000000 | 2500000   | 476191   | 1024 | 128   | 4    | io_uring | 12        | 16  | increase  | asc         | asc        | 262144     | 902.19            | 790.64   | 6   | 903,1038,1173,901,1036,1171         | -12.36   |
| 4   | 20         | 10000000 | 2500000   | 476191   | 1024 | 128   | 4    | io_uring | 12        | 16  | decrease  | desc        | desc       | 131072     | 465.29            | 406.41   | 6   | 6163,6298,6433,6161,6296,6431       | -12.65   |
| 1   | 20         | 10000000 | 2500000   | 476191   | 1024 | 128   | 4    | worker   | 12        | 16  | increase  | asc         | asc        | 512144     | 1690.93           | 1472.96  | 6   | 98,233,368,96,231,366               | -12.89   |
| 1   | 20         | 10000000 | 2500000   | 476191   | 1024 | 128   | 4    | worker   | 12        | 16  | increase  | asc         | asc        | 1762144    | 5767.31           | 5018.35  | 6   | 123,258,393,121,256,391             | -12.99   |
| 4   | 20         | 10000000 | 2500000   | 476191   | 1024 | 128   | 4    | worker   | 12        | 16  | decrease  | desc        | desc       | 1262144    | 4155.55           | 3613.35  | 6   | 5378,5513,5648,5376,5511,5646       | -13.05   |
| 1   | 20         | 10000000 | 2500000   | 476191   | 1024 | 128   | 4    | io_uring | 12        | 16  | increase  | asc         | asc        | 1262144    | 4217.23           | 3666.58  | 6   | 923,1058,1193,921,1056,1191         | -13.06   |
| 4   | 20         | 10000000 | 2500000   | 476191   | 1024 | 128   | 4    | worker   | 12        | 16  | decrease  | desc        | desc       | 2262144    | 7438.4            | 6465.2   | 6   | 5398,5533,5668,5396,5531,5666       | -13.08   |
| 4   | 20         | 10000000 | 2500000   | 476191   | 1024 | 128   | 4    | worker   | 12        | 16  | decrease  | desc        | desc       | 2012144    | 6596.41           | 5700.64  | 6   | 5393,5528,5663,5391,5526,5661       | -13.58   |
| 4   | 20         | 10000000 | 2500000   | 476191   | 1024 | 128   | 4    | worker   | 12        | 16  | decrease  | desc        | desc       | 8          | 3.86              | 3.33     | 6   | 5283,5418,5553,5281,5416,5551       | -13.73   |
| 4   | 20         | 10000000 | 2500000   | 476191   | 1024 | 128   | 4    | io_uring | 12        | 16  | decrease  | desc        | desc       | 512144     | 1755.07           | 1509.42  | 6   | 6173,6308,6443,6171,6306,6441       | -14.0    |
| 1   | 20         | 10000000 | 2500000   | 476191   | 1024 | 128   | 4    | io_uring | 12        | 16  | increase  | asc         | asc        | 32768      | 134.45            | 115.53   | 6   | 888,1023,1158,886,1021,1156         | -14.07   |
| 5   | 40         | 10000000 | 312500    | 238096   | 0    | 512   | 32   | worker   | 12        | 16  | increase  | asc         | asc        | 16         | 2.44              | 2.08     | 6   | 6503,6623,6743,6501,6621,6741       | -14.75   |
| 6   | 40         | 10000000 | 312500    | 238096   | 0    | 512   | 32   | worker   | 12        | 16  | increase  | desc        | desc       | 1          | 1.83              | 1.55     | 6   | 8283,8403,8523,8281,8401,8521       | -15.3    |
| 4   | 20         | 10000000 | 2500000   | 476191   | 1024 | 128   | 4    | io_uring | 12        | 16  | decrease  | desc        | desc       | 1512144    | 5121.58           | 4335.51  | 6   | 6193,6328,6463,6191,6326,6461       | -15.35   |
| 4   | 20         | 10000000 | 2500000   | 476191   | 1024 | 128   | 4    | worker   | 12        | 16  | decrease  | desc        | desc       | 512144     | 1726.64           | 1459.53  | 6   | 5363,5498,5633,5361,5496,5631       | -15.47   |
| 3   | 20         | 10000000 | 2500000   | 476191   | 1024 | 128   | 4    | io_uring | 12        | 16  | decrease  | asc         | asc        | 2          | 1.61              | 1.36     | 6   | 4058,4193,4328,4056,4191,4326       | -15.53   |
| 4   | 20         | 10000000 | 2500000   | 476191   | 1024 | 128   | 4    | io_uring | 12        | 16  | decrease  | desc        | desc       | 1762144    | 5910.45           | 4961.97  | 6   | 6198,6333,6468,6196,6331,6466       | -16.05   |
| 1   | 20         | 10000000 | 2500000   | 476191   | 1024 | 128   | 4    | io_uring | 12        | 16  | increase  | asc         | asc        | 65536      | 253.0             | 212.24   | 6   | 893,1028,1163,891,1026,1161         | -16.11   |
| 1   | 20         | 10000000 | 2500000   | 476191   | 1024 | 128   | 4    | io_uring | 12        | 16  | increase  | asc         | asc        | 2012144    | 6891.38           | 5774.73  | 6   | 938,1073,1208,936,1071,1206         | -16.2    |
| 7   | 40         | 10000000 | 312500    | 238096   | 0    | 512   | 32   | worker   | 12        | 16  | decrease  | asc         | desc       | 16         | 3.33              | 2.79     | 6   | 9743,9863,9983,9741,9861,9981       | -16.22   |
| 4   | 20         | 10000000 | 2500000   | 476191   | 1024 | 128   | 4    | io_uring | 12        | 16  | decrease  | desc        | desc       | 262144     | 944.44            | 787.72   | 6   | 6168,6303,6438,6166,6301,6436       | -16.59   |
| 1   | 20         | 10000000 | 2500000   | 476191   | 1024 | 128   | 4    | io_uring | 12        | 16  | increase  | asc         | asc        | 512144     | 1829.95           | 1522.06  | 6   | 908,1043,1178,906,1041,1176         | -16.83   |
| 5   | 40         | 10000000 | 312500    | 238096   | 0    | 512   | 32   | worker   | 12        | 16  | increase  | asc         | asc        | 32         | 2.79              | 2.32     | 6   | 6508,6628,6748,6506,6626,6746       | -16.85   |
| 1   | 20         | 10000000 | 2500000   | 476191   | 1024 | 128   | 4    | io_uring | 12        | 16  | increase  | asc         | asc        | 4          | 2.36              | 1.95     | 6   | 823,958,1093,821,956,1091           | -17.37   |
| 5   | 40         | 10000000 | 312500    | 238096   | 0    | 512   | 32   | worker   | 12        | 16  | increase  | asc         | asc        | 4          | 2.07              | 1.71     | 6   | 6493,6613,6733,6491,6611,6731       | -17.39   |
| 5   | 40         | 10000000 | 312500    | 238096   | 0    | 512   | 32   | io_uring | 12        | 16  | increase  | asc         | asc        | 8          | 2.48              | 2.04     | 6   | 7218,7338,7458,7216,7336,7456       | -17.74   |
| 1   | 20         | 10000000 | 2500000   | 476191   | 1024 | 128   | 4    | io_uring | 12        | 16  | increase  | asc         | asc        | 2262144    | 8062.68           | 6622.23  | 6   | 943,1078,1213,941,1076,1211         | -17.87   |
| 4   | 20         | 10000000 | 2500000   | 476191   | 1024 | 128   | 4    | io_uring | 12        | 16  | decrease  | desc        | desc       | 762144     | 2697.87           | 2214.04  | 6   | 6178,6313,6448,6176,6311,6446       | -17.93   |
| 1   | 20         | 10000000 | 2500000   | 476191   | 1024 | 128   | 4    | io_uring | 12        | 16  | increase  | asc         | asc        | 762144     | 2744.47           | 2251.39  | 6   | 913,1048,1183,911,1046,1181         | -17.97   |
| 1   | 20         | 10000000 | 2500000   | 476191   | 1024 | 128   | 4    | io_uring | 12        | 16  | increase  | asc         | asc        | 2          | 1.71              | 1.4      | 6   | 818,953,1088,816,951,1086           | -18.13   |
| 1   | 20         | 10000000 | 2500000   | 476191   | 1024 | 128   | 4    | io_uring | 12        | 16  | increase  | asc         | asc        | 131072     | 490.76            | 401.27   | 6   | 898,1033,1168,896,1031,1166         | -18.23   |
| 7   | 40         | 10000000 | 312500    | 238096   | 0    | 512   | 32   | io_uring | 12        | 16  | decrease  | asc         | asc        | 8          | 2.34              | 1.91     | 6   | 10098,10218,10338,10096,10216,10336 | -18.38   |
| 1   | 20         | 10000000 | 2500000   | 476191   | 1024 | 128   | 4    | io_uring | 12        | 16  | increase  | asc         | asc        | 1012144    | 3606.39           | 2940.05  | 6   | 918,1053,1188,916,1051,1186         | -18.48   |
| 4   | 20         | 10000000 | 2500000   | 476191   | 1024 | 128   | 4    | io_uring | 12        | 16  | decrease  | desc        | desc       | 1012144    | 3631.86           | 2950.57  | 6   | 6183,6318,6453,6181,6316,6451       | -18.76   |
| 5   | 40         | 10000000 | 312500    | 238096   | 0    | 512   | 32   | io_uring | 12        | 16  | increase  | asc         | asc        | 2          | 2.09              | 1.69     | 6   | 7208,7328,7448,7206,7326,7446       | -19.14   |
| 4   | 20         | 10000000 | 2500000   | 476191   | 1024 | 128   | 4    | io_uring | 12        | 16  | decrease  | desc        | desc       | 1262144    | 4509.63           | 3644.06  | 6   | 6188,6323,6458,6186,6321,6456       | -19.19   |
| 1   | 20         | 10000000 | 2500000   | 476191   | 1024 | 128   | 4    | io_uring | 12        | 16  | increase  | asc         | asc        | 1512144    | 5451.27           | 4401.73  | 6   | 928,1063,1198,926,1061,1196         | -19.25   |
| 4   | 20         | 10000000 | 2500000   | 476191   | 1024 | 128   | 4    | io_uring | 12        | 16  | decrease  | desc        | desc       | 2262144    | 8069.84           | 6512.71  | 6   | 6208,6343,6478,6206,6341,6476       | -19.3    |
| 1   | 20         | 10000000 | 2500000   | 476191   | 1024 | 128   | 4    | io_uring | 12        | 16  | increase  | asc         | asc        | 1762144    | 6354.21           | 5079.98  | 6   | 933,1068,1203,931,1066,1201         | -20.05   |
| 7   | 40         | 10000000 | 312500    | 238096   | 0    | 512   | 32   | worker   | 12        | 16  | decrease  | asc         | desc       | 1          | 2.44              | 1.93     | 6   | 9723,9843,9963,9721,9841,9961       | -20.9    |
| 5   | 40         | 10000000 | 312500    | 238096   | 0    | 512   | 32   | worker   | 12        | 16  | increase  | asc         | desc       | 1          | 2.65              | 2.09     | 6   | 6843,6963,7083,6841,6961,7081       | -21.13   |
| 4   | 20         | 10000000 | 2500000   | 476191   | 1024 | 128   | 4    | io_uring | 12        | 16  | decrease  | desc        | desc       | 2012144    | 7256.15           | 5718.64  | 6   | 6203,6338,6473,6201,6336,6471       | -21.19   |
| 6   | 40         | 10000000 | 312500    | 238096   | 0    | 512   | 32   | io_uring | 12        | 16  | increase  | desc        | asc        | 32         | 4.38              | 3.41     | 6   | 8668,8788,8908,8666,8786,8906       | -22.15   |
| 3   | 20         | 10000000 | 2500000   | 476191   | 1024 | 128   | 4    | io_uring | 12        | 16  | decrease  | asc         | asc        | 4          | 2.96              | 2.24     | 6   | 4063,4198,4333,4061,4196,4331       | -24.32   |
| 7   | 40         | 10000000 | 312500    | 238096   | 0    | 512   | 32   | worker   | 12        | 16  | decrease  | asc         | asc        | 1          | 2.25              | 1.67     | 6   | 9363,9483,9603,9361,9481,9601       | -25.78   |
| 1   | 20         | 10000000 | 2500000   | 476191   | 1024 | 128   | 4    | worker   | 12        | 16  | increase  | asc         | desc       | 4          | 2.71              | 1.94     | 6   | 418,553,688,416,551,686             | -28.41   |
| 5   | 40         | 10000000 | 312500    | 238096   | 0    | 512   | 32   | worker   | 12        | 16  | increase  | asc         | asc        | 8          | 2.86              | 1.91     | 6   | 6498,6618,6738,6496,6616,6736       | -33.22   |
| 1   | 20         | 10000000 | 2500000   | 476191   | 1024 | 128   | 4    | worker   | 12        | 16  | increase  | asc         | desc       | 1          | 1.92              | 1.15     | 6   | 408,543,678,406,541,676             | -40.1    |
+-----+------------+----------+-----------+----------+------+-------+------+----------+-----------+-----+-----------+-------------+------------+------------+-------------------+----------+-----+-------------------------------------+----------+
