0.39	0.36	1
0.46	0.42	1
0.58	0.69	1
0.9	0.91	1
1.36	1.58	1
2.02	2.37	1
2.73	2.55	1
3.41	2.9	1
3.65	3.85	1
5.59	5.1	1
9.5	9.11	1
14.47	14.25	1
25.68	26.87	1
47.24	47.0	1
90.09	87.47	1
150.92	153.22	1
263.4	264.77	1
426.84	420.78	1
713.29	709.98	1
972.48	987.57	1
1264.33	1255.42	1
1543.61	1543.8	1
1824.54	1834.98	1
2123.86	2122.12	1
2426.68	2399.89	1
2692.59	2691.39	1
0.35	0.33	1
0.42	0.51	1
0.67	0.57	1
0.85	0.84	1
1.52	1.51	1
2.69	2.28	1
2.74	3.56	1
3.62	3.21	1
4.68	5.06	1
7.89	8.66	1
12.4	13.39	1
24.45	22.62	1
42.05	42.65	1
77.87	81.41	1
145.64	146.48	1
255.77	252.53	1
396.94	402.06	1
682.46	672.25	1
1187.68	1175.52	1
1661.08	1663.32	1
2147.76	2138.98	1
2694.31	2638.96	1
3179.4	3177.03	1
3624.83	3643.68	1
4112.63	4130.69	1
4550.67	4563.34	1
0.32	0.29	1
0.36	0.36	1
0.54	0.57	1
0.78	0.72	1
1.09	1.25	1
1.99	1.58	1
1.99	2.46	1
2.92	2.79	1
4.85	3.29	1
4.92	4.5	1
7.42	7.0	1
12.66	12.42	1
21.4	21.65	1
39.77	39.92	1
71.83	71.34	1
122.89	127.41	1
213.31	210.7	1
334.85	332.87	1
550.34	556.71	1
796.52	803.13	1
1042.74	1049.44	1
1271.63	1280.62	1
1537.29	1551.65	1
1792.71	1791.44	1
2057.29	2048.23	1
2293.01	2291.39	1
0.35	0.31	1
0.38	0.47	1
0.58	0.55	1
0.68	0.76	1
1.3	1.3	1
2.08	2.11	1
1.81	2.23	1
2.86	3.18	1
3.73	4.33	1
5.79	5.89	1
9.67	10.41	1
16.45	17.7	1
31.01	31.59	1
59.67	57.46	1
105.01	103.37	1
183.35	178.46	1
294.16	308.08	1
514.75	500.98	1
890.51	891.75	1
1298.08	1289.72	1
1674.4	1665.48	1
2079.79	2065.91	1
2488.63	2469.74	1
2880.9	2890.54	1
3290.18	3286.03	1
3660.15	3648.52	1
0.4	0.38	2
0.44	0.36	2
0.64	0.59	2
1.0	0.79	2
1.19	1.65	2
2.34	1.79	2
3.16	2.45	2
5.07	3.7	2
5.82	5.05	2
8.66	8.13	2
15.78	14.64	2
24.85	26.16	2
47.02	46.61	2
86.69	88.32	2
158.59	159.54	2
270.45	277.08	2
446.58	434.71	2
721.4	697.49	2
1153.82	1161.98	2
1610.16	1612.13	2
2049.64	2061.81	2
2495.38	2493.77	2
2931.23	2932.38	2
3362.44	3357.85	2
3794.82	3778.1	2
4157.0	4151.59	2
0.33	0.32	2
0.48	0.43	2
0.68	0.62	2
0.99	0.87	2
1.49	1.93	2
2.48	2.56	2
2.68	3.58	2
3.65	3.48	2
4.95	5.99	2
6.35	5.71	2
10.15	9.39	2
17.89	17.3	2
31.59	31.67	2
56.33	55.97	2
104.7	108.32	2
185.98	179.14	2
293.36	310.14	2
490.32	474.07	2
798.2	806.21	2
1101.56	1107.38	2
1388.27	1388.31	2
1682.21	1668.09	2
1959.21	1962.68	2
2241.78	2255.43	2
2512.32	2518.47	2
2773.38	2770.57	2
0.26	0.32	2
0.37	0.34	2
0.51	0.53	2
0.83	0.74	2
1.32	1.3	2
2.12	1.99	2
2.52	2.53	2
3.68	2.62	2
3.97	3.6	2
7.29	6.97	2
11.11	11.35	2
19.83	21.08	2
38.82	36.6	2
70.66	71.42	2
127.28	120.57	2
212.88	219.41	2
340.09	339.29	2
554.22	552.58	2
900.98	904.53	2
1261.13	1259.28	2
1642.86	1661.49	2
2014.67	2011.36	2
2370.54	2338.14	2
2686.56	2690.23	2
3015.63	3016.89	2
3389.24	3378.42	2
0.28	0.3	2
0.42	0.39	2
0.65	0.66	2
1.08	1.08	2
1.78	1.68	2
2.78	2.54	2
2.49	4.58	2
3.34	3.31	2
4.25	4.91	2
6.26	6.61	2
10.87	10.41	2
17.14	16.33	2
30.55	31.89	2
57.59	56.42	2
103.33	102.63	2
178.96	181.72	2
290.29	292.45	2
458.03	447.54	2
756.55	751.43	2
1032.77	1019.57	2
1302.6	1298.65	2
1561.54	1563.01	2
1822.34	1825.28	2
2068.06	2067.43	2
2279.61	2290.89	2
2480.14	2473.81	2
0.28	0.36	3
0.46	0.36	3
0.54	0.59	3
0.93	0.9	3
1.43	1.61	3
2.17	1.98	3
3.25	3.15	3
3.18	3.56	3
3.97	4.92	3
5.26	7.25	3
9.26	10.87	3
15.3	16.06	3
27.5	28.36	3
52.09	55.33	3
97.98	100.08	3
176.63	175.13	3
299.41	277.52	3
464.6	468.15	3
776.25	784.65	3
1080.28	1090.84	3
1380.78	1393.87	3
1668.4	1672.71	3
1980.44	1967.4	3
2252.9	2272.29	3
2555.53	2553.78	3
2814.15	2810.29	3
0.34	0.3	3
0.4	0.39	3
0.56	0.55	3
0.89	0.76	3
1.33	1.21	3
2.34	2.75	3
2.73	2.43	3
3.59	4.5	3
5.18	5.9	3
7.27	7.25	3
13.18	12.99	3
23.81	23.85	3
43.11	43.82	3
80.2	80.52	3
145.25	152.56	3
261.74	257.51	3
434.73	425.97	3
669.1	673.94	3
1119.84	1145.51	3
1577.28	1583.08	3
2016.57	2035.12	3
2476.09	2484.55	3
2910.42	2936.11	3
3387.99	3407.73	3
3830.73	3853.08	3
4258.39	4249.36	3
0.3	0.29	3
0.37	0.41	3
0.49	0.47	3
0.71	0.73	3
1.27	1.09	3
2.38	2.08	3
1.92	2.47	3
2.49	2.92	3
2.97	2.83	3
4.9	5.31	3
6.92	7.97	3
12.16	12.15	3
21.54	21.62	3
39.89	38.64	3
71.95	72.74	3
129.57	128.92	3
217.27	213.21	3
337.18	347.88	3
588.37	589.85	3
804.95	803.86	3
1026.99	1024.26	3
1227.68	1247.5	3
1447.71	1456.69	3
1672.05	1671.31	3
1878.02	1896.49	3
2095.47	2081.59	3
0.3	0.28	3
0.39	0.38	3
0.52	0.5	3
0.84	0.85	3
1.29	1.05	3
1.81	2.44	3
2.32	2.62	3
2.76	2.44	3
4.27	4.74	3
6.75	6.85	3
11.06	10.6	3
19.6	20.33	3
36.95	37.43	3
68.2	68.19	3
118.12	119.66	3
217.04	218.2	3
369.73	357.14	3
576.12	560.55	3
925.97	950.56	3
1320.66	1310.82	3
1669.63	1682.75	3
2049.61	2061.81	3
2424.17	2426.12	3
2767.08	2777.41	3
3171.31	3156.01	3
3594.03	3582.17	3
0.29	0.31	4
0.41	0.35	4
0.54	0.53	4
0.82	0.87	4
1.11	1.29	4
1.32	1.93	4
3.36	2.85	4
3.68	4.43	4
5.79	5.37	4
8.16	7.21	4
12.73	12.7	4
23.84	23.95	4
44.04	43.78	4
82.98	82.23	4
149.28	150.45	4
264.71	258.76	4
422.51	423.47	4
694.83	682.78	4
1195.14	1186.65	4
1673.59	1674.24	4
2143.09	2144.11	4
2622.08	2618.42	4
3074.36	3105.65	4
3560.25	3586.88	4
4057.16	4052.55	4
4493.31	4498.25	4
0.31	0.32	4
0.42	0.45	4
0.62	0.58	4
0.85	0.92	4
1.54	1.61	4
3.0	3.0	4
3.61	2.33	4
3.6	1.99	4
4.03	3.68	4
6.47	7.13	4
10.7	10.95	4
15.85	15.3	4
29.16	29.64	4
53.45	54.66	4
100.93	101.35	4
175.57	176.58	4
287.32	288.31	4
453.22	469.6	4
747.74	753.36	4
1039.18	1056.78	4
1327.35	1329.29	4
1613.7	1615.42	4
1903.34	1893.83	4
2172.43	2189.89	4
2488.85	2484.0	4
2736.99	2739.85	4
0.32	0.29	4
0.34	0.34	4
0.48	0.48	4
0.78	0.77	4
1.13	1.41	4
2.23	1.93	4
2.91	2.04	4
3.36	3.08	4
3.89	3.47	4
5.75	6.73	4
10.72	10.13	4
18.44	18.22	4
34.48	34.78	4
62.83	65.1	4
114.06	114.18	4
196.38	192.41	4
309.97	306.13	4
512.68	516.7	4
875.34	874.1	4
1189.98	1196.22	4
1521.81	1530.74	4
1860.24	1847.61	4
2226.03	2176.92	4
2579.61	2589.88	4
2925.82	2932.62	4
3241.49	3243.27	4
0.33	0.32	4
0.37	0.41	4
0.52	0.62	4
0.71	0.83	4
1.32	1.35	4
1.5	1.9	4
2.37	2.07	4
3.26	3.61	4
4.77	4.15	4
5.59	5.76	4
8.03	8.63	4
14.95	13.93	4
25.39	25.16	4
48.05	47.4	4
83.05	84.06	4
145.93	149.85	4
234.22	237.24	4
356.0	369.38	4
610.56	596.06	4
820.17	825.63	4
1068.84	1080.82	4
1305.4	1305.71	4
1578.69	1557.93	4
1827.35	1826.03	4
2069.84	2063.93	4
2309.5	2304.8	4
0.25	0.28	5
0.28	0.26	5
0.34	0.35	5
0.33	0.27	5
0.37	0.33	5
0.36	0.35	5
0.42	0.43	5
0.55	0.49	5
0.59	0.57	5
0.76	0.66	5
0.93	1.04	5
1.45	1.44	5
1.96	1.97	5
3.32	3.11	5
5.63	5.71	5
9.36	9.56	5
16.56	16.95	5
30.53	30.04	5
58.14	58.8	5
109.93	114.3	5
212.3	217.97	5
308.78	309.34	5
409.35	414.33	5
509.75	508.2	5
608.5	611.53	5
707.23	700.26	5
798.2	807.61	5
900.39	912.49	5
0.28	0.26	5
0.3	0.27	5
0.3	0.3	5
0.28	0.33	5
0.33	0.38	5
0.38	0.46	5
0.54	0.43	5
0.76	0.63	5
0.86	0.98	5
1.23	1.22	5
1.64	1.88	5
2.11	2.59	5
4.46	4.79	5
9.05	8.53	5
16.31	16.81	5
31.75	32.11	5
62.66	63.15	5
123.93	124.86	5
255.74	255.79	5
507.33	507.43	5
944.06	945.01	5
1382.41	1381.45	5
1800.35	1800.51	5
2239.02	2238.53	5
2679.98	2676.61	5
3110.09	3111.7	5
3539.41	3542.18	5
3961.89	3960.09	5
0.23	0.24	5
0.24	0.24	5
0.24	0.23	5
0.26	0.25	5
0.31	0.31	5
0.32	0.33	5
0.34	0.41	5
0.39	0.49	5
0.56	0.5	5
0.7	0.7	5
0.9	0.94	5
1.1	1.32	5
1.75	1.75	5
2.57	2.77	5
4.23	4.28	5
7.36	7.14	5
12.78	13.26	5
23.27	23.19	5
43.9	44.64	5
80.18	85.7	5
156.31	157.1	5
230.47	240.53	5
302.4	303.78	5
373.0	375.87	5
443.49	445.95	5
521.19	524.12	5
589.6	595.6	5
660.16	658.44	5
0.27	0.23	5
0.25	0.26	5
0.25	0.25	5
0.26	0.3	5
0.31	0.3	5
0.34	0.34	5
0.49	0.42	5
0.71	0.57	5
0.79	1.11	5
1.15	1.49	5
1.32	2.23	5
2.07	2.44	5
4.15	3.96	5
6.52	6.43	5
12.35	12.62	5
24.45	24.78	5
48.54	48.76	5
96.57	97.33	5
192.54	192.52	5
371.67	372.71	5
708.47	713.21	5
1054.7	1054.85	5
1372.83	1367.92	5
1671.55	1672.2	5
1958.4	1969.55	5
2251.87	2238.18	5
2536.28	2524.84	5
2811.62	2814.13	5
0.29	0.29	6
0.3	0.3	6
0.29	0.33	6
0.27	0.34	6
0.35	0.35	6
0.38	0.41	6
0.42	0.43	6
0.55	0.54	6
0.6	0.66	6
0.92	0.9	6
1.06	1.27	6
1.94	2.04	6
2.99	2.9	6
5.33	5.75	6
9.33	9.79	6
18.31	18.93	6
35.83	34.5	6
67.95	67.73	6
130.74	132.52	6
262.23	261.77	6
504.48	503.65	6
745.97	747.53	6
985.27	987.07	6
1226.54	1228.33	6
1473.21	1472.18	6
1701.64	1718.89	6
1947.13	1950.84	6
2185.59	2194.67	6
0.28	0.31	6
0.29	0.29	6
0.3	0.3	6
0.32	0.34	6
0.36	0.31	6
0.41	0.36	6
0.55	0.56	6
0.67	0.7	6
0.94	0.88	6
1.25	1.43	6
1.81	2.12	6
2.83	3.17	6
4.97	5.38	6
9.15	9.78	6
18.31	18.09	6
35.52	35.61	6
70.24	70.87	6
138.97	139.24	6
278.13	278.96	6
552.76	553.34	6
1057.44	1056.24	6
1519.01	1516.69	6
1978.11	1978.91	6
2440.0	2439.26	6
2901.5	2902.23	6
3363.25	3362.59	6
3818.28	3818.8	6
4281.04	4283.9	6
0.25	0.27	6
0.25	0.24	6
0.25	0.28	6
0.28	0.3	6
0.31	0.28	6
0.35	0.39	6
0.36	0.32	6
0.52	0.46	6
0.59	0.58	6
0.84	0.88	6
1.09	1.1	6
1.61	1.47	6
2.53	2.49	6
4.32	4.35	6
7.94	7.92	6
14.81	15.23	6
27.77	27.83	6
53.05	54.65	6
107.96	105.97	6
207.43	209.86	6
395.65	404.06	6
587.63	589.24	6
780.01	778.51	6
969.97	974.53	6
1161.97	1167.71	6
1344.29	1349.31	6
1536.44	1555.39	6
1728.06	1741.95	6
0.25	0.26	6
0.25	0.27	6
0.28	0.27	6
0.26	0.32	6
0.3	0.35	6
0.38	0.37	6
0.41	0.43	6
0.62	0.59	6
0.97	0.93	6
0.86	1.06	6
1.39	2.04	6
2.37	2.5	6
3.86	3.66	6
6.81	6.52	6
12.97	12.65	6
25.39	25.43	6
52.07	49.54	6
102.72	102.55	6
205.2	205.38	6
409.34	407.11	6
783.65	784.56	6
1103.52	1109.22	6
1435.25	1431.48	6
1754.62	1756.03	6
2079.68	2088.05	6
2398.34	2417.11	6
2727.19	2739.45	6
3059.85	3058.21	6
0.29	0.29	7
0.28	0.28	7
0.27	0.28	7
0.28	0.33	7
0.35	0.34	7
0.36	0.38	7
0.47	0.52	7
0.66	0.6	7
0.9	1.14	7
1.16	1.41	7
1.7	1.58	7
2.58	2.49	7
4.15	5.11	7
7.42	8.02	7
15.82	15.44	7
29.72	29.95	7
58.59	57.69	7
114.11	114.93	7
230.26	230.34	7
457.23	456.85	7
878.08	877.78	7
1306.6	1305.7	7
1731.24	1733.58	7
2162.74	2162.61	7
2685.94	2583.77	7
3121.08	3122.82	7
3714.13	3566.29	7
4341.57	4171.15	7
0.27	0.3	7
0.3	0.28	7
0.28	0.3	7
0.36	0.35	7
0.39	0.38	7
0.41	0.4	7
0.39	0.4	7
0.52	0.53	7
0.62	0.58	7
0.9	0.83	7
1.22	1.14	7
2.08	1.88	7
2.84	2.84	7
5.7	5.33	7
11.71	10.56	7
20.3	21.28	7
38.33	38.66	7
72.5	73.5	7
142.99	143.0	7
284.37	284.13	7
541.04	548.87	7
800.48	802.21	7
1077.84	1077.96	7
1355.9	1358.13	7
1629.15	1632.64	7
1908.08	1912.11	7
2183.21	2179.89	7
2464.23	2462.83	7
0.26	0.26	7
0.25	0.25	7
0.26	0.26	7
0.29	0.25	7
0.28	0.28	7
0.36	0.35	7
0.43	0.44	7
0.59	0.68	7
0.94	0.97	7
1.01	1.04	7
1.76	1.41	7
2.09	2.28	7
3.57	3.91	7
6.39	6.34	7
11.54	11.43	7
22.15	22.13	7
43.31	42.93	7
84.67	84.73	7
170.51	170.65	7
335.27	337.84	7
648.48	649.65	7
939.26	943.71	7
1222.42	1224.45	7
1513.42	1523.9	7
1799.29	1801.54	7
2093.77	2094.34	7
2381.44	2374.59	7
2667.6	2663.14	7
0.27	0.28	7
0.26	0.26	7
0.27	0.26	7
0.26	0.3	7
0.34	0.32	7
0.35	0.34	7
0.37	0.35	7
0.54	0.45	7
0.65	0.6	7
0.8	0.87	7
0.95	1.18	7
1.69	1.52	7
2.58	2.44	7
4.31	4.64	7
7.68	8.2	7
14.71	15.03	7
28.38	28.57	7
54.53	54.2	7
108.8	107.47	7
209.12	207.64	7
398.5	409.63	7
588.83	588.82	7
791.23	796.87	7
994.95	999.11	7
1207.27	1203.88	7
1410.42	1418.12	7
1613.86	1621.72	7
1824.24	1826.09	7
0.26	0.26	8
0.27	0.25	8
0.29	0.25	8
0.3	0.29	8
0.3	0.25	8
0.38	0.34	8
0.44	0.4	8
0.64	0.58	8
0.98	0.97	8
1.11	1.16	8
1.63	1.48	8
1.88	2.42	8
4.06	4.34	8
7.66	7.61	8
14.66	14.38	8
29.26	29.08	8
54.39	54.43	8
104.12	104.6	8
210.01	209.72	8
433.47	432.96	8
844.48	813.56	8
1207.53	1206.19	8
1566.17	1566.84	8
1929.0	1927.97	8
2303.69	2304.4	8
2693.59	2696.42	8
3083.95	3082.3	8
3466.12	3468.53	8
0.25	0.29	8
0.27	0.23	8
0.31	0.26	8
0.31	0.3	8
0.34	0.38	8
0.34	0.4	8
0.36	0.41	8
0.53	0.6	8
0.63	0.58	8
0.83	0.81	8
1.07	0.96	8
1.47	1.39	8
2.03	2.03	8
3.27	3.37	8
5.68	5.52	8
9.33	9.41	8
16.7	16.67	8
29.89	31.6	8
58.84	58.93	8
112.27	115.66	8
212.96	215.01	8
314.78	313.36	8
407.17	414.4	8
506.49	516.87	8
603.52	608.59	8
703.46	713.0	8
805.81	806.61	8
898.4	899.56	8
0.24	0.24	8
0.24	0.24	8
0.26	0.22	8
0.26	0.28	8
0.27	0.26	8
0.34	0.29	8
0.41	0.38	8
0.53	0.58	8
0.73	0.79	8
0.91	1.0	8
1.19	1.32	8
1.96	2.02	8
3.13	3.1	8
5.61	5.65	8
10.62	10.34	8
20.43	20.56	8
40.2	39.88	8
78.01	77.63	8
153.72	153.44	8
304.93	305.63	8
592.84	597.19	8
879.74	878.57	8
1160.38	1157.92	8
1443.01	1443.02	8
1729.23	1731.17	8
2006.64	2010.99	8
2300.24	2288.77	8
2573.37	2587.31	8
0.26	0.24	8
0.27	0.31	8
0.26	0.24	8
0.28	0.25	8
0.36	0.29	8
0.39	0.34	8
0.44	0.37	8
0.54	0.53	8
0.6	0.49	8
0.63	0.78	8
0.83	0.95	8
1.24	1.29	8
1.63	1.78	8
2.56	2.8	8
4.32	4.54	8
7.44	7.41	8
13.27	13.19	8
23.37	23.47	8
42.14	43.51	8
84.28	86.04	8
155.73	158.18	8
236.91	237.38	8
308.68	313.18	8
375.53	373.06	8
448.95	444.1	8
522.84	520.75	8
590.95	590.86	8
662.25	670.11	8
0.28	0.3	9
0.38	0.27	9
0.34	0.36	9
0.35	0.34	9
0.44	0.41	9
0.41	0.38	9
0.54	0.54	9
0.59	0.58	9
0.82	0.78	9
0.88	0.93	9
1.49	1.43	9
2.08	1.97	9
3.56	3.37	9
5.8	4.98	9
10.13	8.92	9
17.79	16.05	9
32.66	29.83	9
62.92	53.14	9
123.05	106.28	9
230.7	209.98	9
447.04	402.24	9
663.41	568.89	9
874.45	755.53	9
1087.95	935.53	9
1310.36	1181.39	9
1519.23	1426.04	9
1738.78	1493.82	9
1953.37	1760.51	9
0.3	0.28	9
0.26	0.36	9
0.31	0.33	9
0.42	0.31	9
0.5	0.43	9
0.54	0.55	9
0.8	0.72	9
1.17	1.16	9
2.01	1.55	9
3.26	3.19	9
4.86	7.27	9
10.36	14.59	9
16.62	26.59	9
30.48	53.1	9
59.69	106.76	9
118.47	212.33	9
235.58	424.17	9
467.93	839.93	9
930.49	1663.16	9
1843.49	3303.21	9
3735.93	6644.55	9
5658.62	10004.96	9
7587.86	13385.35	9
9508.79	15296.67	9
11415.35	17186.16	9
13175.52	20131.31	9
14796.79	26148.76	9
16297.07	28902.2	9
0.24	0.24	9
0.26	0.25	9
0.27	0.33	9
0.35	0.34	9
0.34	0.35	9
0.43	0.35	9
0.46	0.51	9
0.59	0.61	9
0.82	0.86	9
0.99	1.12	9
1.48	1.73	9
2.3	3.48	9
4.26	6.2	9
5.34	7.76	9
9.73	14.54	9
17.38	28.05	9
33.68	31.79	9
57.81	56.78	9
105.78	108.6	9
193.94	207.29	9
377.7	391.96	9
541.97	574.84	9
744.2	830.35	9
895.53	1000.46	9
1075.7	1131.26	9
1234.08	1370.25	9
1396.11	1551.44	9
1583.45	1800.3	9
0.29	0.27	9
0.32	0.31	9
0.35	0.27	9
0.35	0.41	9
0.41	0.47	9
0.48	0.6	9
0.81	0.76	9
1.11	1.28	9
1.22	2.22	9
3.49	3.52	9
4.19	6.34	9
9.38	15.26	9
18.15	31.04	9
31.62	55.23	9
61.38	108.88	9
123.05	213.38	9
242.82	421.89	9
477.77	832.89	9
947.6	1701.08	9
1866.57	3263.95	9
3599.05	6307.62	9
5326.26	9351.71	9
7068.27	9830.52	9
8801.17	14189.24	9
10532.31	14683.15	9
11984.74	18419.59	9
13332.31	23619.09	9
14637.7	26022.06	9
0.31	0.29	10
0.34	0.32	10
0.37	0.33	10
0.41	0.44	10
0.4	0.42	10
0.47	0.44	10
0.6	0.58	10
0.67	0.66	10
0.81	0.85	10
1.02	1.01	10
1.74	1.62	10
2.84	2.48	10
4.88	4.87	10
8.13	7.65	10
15.96	14.05	10
28.89	26.48	10
52.62	50.36	10
103.76	96.71	10
204.09	187.29	10
403.21	371.74	10
778.52	720.71	10
1160.56	1098.2	10
1529.98	1412.94	10
1902.17	1759.75	10
2281.88	2098.67	10
2654.86	2491.92	10
3032.05	2794.4	10
3419.16	3220.5	10
0.33	0.29	10
0.33	0.37	10
0.37	0.34	10
0.35	0.39	10
0.46	0.43	10
0.6	0.58	10
0.81	0.74	10
1.4	1.14	10
1.81	2.17	10
3.6	3.72	10
4.94	7.08	10
8.63	13.56	10
17.21	26.55	10
31.35	53.88	10
61.93	106.81	10
121.83	211.46	10
240.9	418.05	10
471.82	822.76	10
950.86	1656.73	10
1837.34	3219.62	10
3533.51	6184.85	10
5225.85	9163.8	10
6910.23	12121.61	10
8793.29	15344.42	10
10683.59	18589.03	10
12529.39	21774.28	10
14415.25	24995.89	10
16295.94	28271.61	10
0.25	0.26	10
0.29	0.25	10
0.27	0.29	10
0.32	0.34	10
0.37	0.36	10
0.37	0.37	10
0.44	0.53	10
0.6	0.58	10
0.86	0.85	10
1.17	1.23	10
1.71	2.23	10
2.81	4.02	10
4.48	7.05	10
8.58	9.41	10
14.25	16.61	10
24.42	26.8	10
48.7	47.8	10
91.18	91.2	10
173.53	206.46	10
350.81	336.54	10
654.18	654.3	10
960.04	963.62	10
1245.24	1273.64	10
1561.0	1585.28	10
1868.59	1895.79	10
2185.2	2213.42	10
2471.0	2527.66	10
2783.24	2827.95	10
0.29	0.27	10
0.29	0.32	10
0.32	0.33	10
0.39	0.32	10
0.39	0.41	10
0.49	0.52	10
0.74	0.62	10
1.09	1.17	10
1.84	2.11	10
3.46	4.18	10
4.24	7.0	10
9.7	15.02	10
15.2	26.79	10
31.96	51.06	10
59.62	104.6	10
118.56	203.58	10
232.62	410.68	10
462.82	837.53	10
913.81	1573.63	10
1759.91	3103.08	10
3342.24	5800.16	10
4924.57	8574.41	10
6472.7	11284.98	10
8053.37	14024.23	10
9623.56	17321.83	10
11400.58	19477.38	10
13018.01	22620.37	10
14504.07	25845.0	10
0.3	0.29	11
0.31	0.31	11
0.37	0.38	11
0.36	0.38	11
0.43	0.42	11
0.49	0.48	11
0.75	0.66	11
0.94	1.12	11
1.79	1.64	11
2.93	3.09	11
3.81	5.43	11
8.49	11.34	11
12.71	22.01	11
24.72	46.85	11
50.43	90.54	11
98.26	178.62	11
195.21	352.43	11
360.57	670.16	11
680.05	1279.2	11
1338.16	2515.22	11
2795.04	5161.13	11
4333.1	7908.76	11
5781.13	10559.16	11
7239.99	13214.85	11
8697.82	15844.58	11
10152.77	18489.1	11
11607.4	21142.19	11
13051.52	23787.33	11
0.29	0.3	11
0.31	0.27	11
0.31	0.34	11
0.39	0.42	11
0.4	0.39	11
0.4	0.47	11
0.6	0.53	11
0.59	0.57	11
0.83	0.78	11
1.1	0.92	11
1.61	1.51	11
2.71	2.53	11
4.92	4.87	11
8.33	7.95	11
15.53	14.57	11
28.62	27.94	11
55.38	52.15	11
106.32	102.22	11
216.54	200.61	11
423.11	392.09	11
817.62	768.92	11
1217.6	1132.97	11
1614.38	1497.61	11
2017.21	1898.12	11
2411.84	2233.5	11
2804.7	2660.52	11
3205.12	2975.07	11
3607.66	3349.33	11
0.24	0.27	11
0.26	0.27	11
0.28	0.28	11
0.38	0.38	11
0.37	0.36	11
0.43	0.43	11
0.57	0.63	11
0.83	0.97	11
1.51	1.63	11
2.24	2.73	11
3.1	5.3	11
5.36	10.27	11
11.07	19.72	11
19.52	39.31	11
37.77	80.5	11
73.63	140.51	11
144.56	276.01	11
286.54	584.8	11
567.35	1083.29	11
1113.87	2228.01	11
2175.17	4342.21	11
3249.18	6247.7	11
4299.5	8306.09	11
5352.0	10667.42	11
6391.51	12395.16	11
7952.2	14913.46	11
9093.62	18316.57	11
10127.87	19904.09	11
0.25	0.28	11
0.31	0.34	11
0.36	0.3	11
0.33	0.35	11
0.38	0.34	11
0.38	0.45	11
0.58	0.53	11
0.63	0.65	11
0.84	0.91	11
1.06	1.39	11
1.7	2.18	11
3.21	4.1	11
4.51	6.49	11
8.27	10.21	11
14.94	15.11	11
25.86	36.78	11
46.85	49.25	11
94.89	112.86	11
180.16	211.79	11
350.13	418.02	11
667.87	677.37	11
1014.73	1004.48	11
1357.12	1331.41	11
1666.14	1875.6	11
1984.4	2232.58	11
2306.08	2553.06	11
2636.82	2868.44	11
2947.5	3004.96	11
0.28	0.29	12
0.32	0.34	12
0.29	0.32	12
0.33	0.35	12
0.41	0.4	12
0.57	0.61	12
0.76	0.68	12
1.1	0.9	12
1.99	1.87	12
2.85	3.53	12
4.78	5.72	12
7.7	11.57	12
13.58	23.36	12
25.58	48.05	12
51.88	94.69	12
101.86	187.77	12
202.53	374.66	12
404.09	744.74	12
801.73	1476.28	12
1591.8	2929.21	12
3096.48	4972.14	12
4603.85	7734.39	12
6216.38	11374.85	12
7916.95	13705.84	12
9464.14	14707.8	12
10770.78	19742.33	12
12259.73	22484.84	12
13546.2	22000.67	12
0.32	0.3	12
0.3	0.39	12
0.39	0.32	12
0.38	0.35	12
0.47	0.42	12
0.4	0.47	12
0.51	0.57	12
0.52	0.64	12
0.75	0.85	12
0.87	0.97	12
1.42	1.34	12
2.12	1.96	12
3.6	3.21	12
5.93	5.41	12
10.07	9.31	12
17.15	16.29	12
31.98	28.17	12
61.41	55.93	12
117.65	105.23	12
230.38	207.63	12
447.88	391.5	12
667.47	573.55	12
870.84	783.09	12
1090.11	981.07	12
1304.08	1132.85	12
1510.6	1315.89	12
1727.25	1490.14	12
1949.41	1674.92	12
0.25	0.26	12
0.29	0.27	12
0.31	0.25	12
0.34	0.29	12
0.37	0.35	12
0.42	0.44	12
0.55	0.58	12
0.98	0.9	12
1.37	1.58	12
2.48	2.88	12
3.4	5.59	12
5.6	10.63	12
10.6	21.29	12
19.92	39.58	12
38.82	76.77	12
77.25	149.83	12
152.43	309.22	12
321.08	576.0	12
625.45	1196.93	12
1246.95	2324.24	12
2414.98	4632.52	12
3616.68	6889.33	12
4797.32	9190.59	12
6107.05	11648.3	12
7294.23	13932.9	12
8470.66	13755.39	12
9539.46	18330.83	12
10648.03	20483.92	12
0.3	0.25	12
0.32	0.31	12
0.38	0.4	12
0.39	0.39	12
0.36	0.39	12
0.41	0.41	12
0.5	0.53	12
0.7	0.72	12
0.83	0.94	12
1.0	1.29	12
1.72	1.81	12
2.06	3.2	12
3.43	6.64	12
6.43	8.59	12
9.68	12.46	12
16.12	22.23	12
32.5	39.13	12
64.96	57.97	12
105.44	169.96	12
193.0	280.82	12
375.44	512.7	12
541.43	684.88	12
709.08	760.92	12
907.98	1034.83	12
1077.4	1212.63	12
1234.93	1408.85	12
1417.22	1497.38	12
1599.79	1692.94	12
0.3	0.33	13
0.34	0.4	13
0.54	0.49	13
0.87	0.83	13
1.14	1.55	13
2.18	2.33	13
3.82	3.52	13
3.87	5.69	13
7.23	5.74	13
6.55	7.47	13
11.14	9.85	13
14.3	13.21	13
18.01	20.14	13
25.12	21.09	13
31.11	32.95	13
50.3	49.49	13
86.17	78.12	13
142.9	137.26	13
269.76	265.11	13
506.65	509.48	13
751.73	748.99	13
994.93	977.73	13
1226.88	1226.09	13
1475.7	1453.61	13
1714.06	1697.21	13
1952.06	1931.58	13
2177.93	2186.67	13
0.32	0.31	13
0.4	0.39	13
0.47	0.53	13
0.77	0.87	13
1.6	1.5	13
2.46	2.84	13
3.89	4.61	13
5.03	2.91	13
6.83	6.43	13
8.11	7.24	13
11.35	10.52	13
19.04	17.09	13
21.11	23.82	13
32.45	31.96	13
45.39	47.92	13
79.4	77.26	13
138.38	140.92	13
258.34	257.29	13
494.72	493.85	13
944.94	942.35	13
1402.32	1395.21	13
1859.32	1844.06	13
2318.88	2321.02	13
2777.58	2776.8	13
3222.21	3223.83	13
3677.18	3687.15	13
4133.85	4133.23	13
0.25	0.23	13
0.38	0.31	13
0.44	0.43	13
0.61	0.71	13
1.21	1.37	13
1.88	2.3	13
2.48	3.38	13
5.24	2.6	13
5.46	3.49	13
6.16	7.77	13
7.58	8.84	13
13.55	13.41	13
14.76	15.7	13
20.18	19.01	13
25.64	26.86	13
45.47	41.06	13
69.49	71.5	13
123.87	123.58	13
234.7	247.92	13
445.14	443.4	13
647.77	645.93	13
842.28	832.32	13
1036.46	1038.28	13
1221.05	1240.1	13
1443.44	1415.64	13
1618.17	1605.09	13
1821.67	1849.88	13
0.3	0.31	13
0.34	0.4	13
0.48	0.49	13
0.71	0.78	13
1.36	1.22	13
2.11	2.33	13
3.51	3.32	13
5.51	4.28	13
5.02	5.81	13
7.22	6.16	13
12.2	11.22	13
13.05	17.19	13
21.81	19.29	13
30.13	28.11	13
44.99	41.23	13
65.2	67.09	13
123.27	123.31	13
226.87	225.9	13
430.22	432.4	13
798.42	805.69	13
1185.03	1182.81	13
1562.17	1569.55	13
1930.02	1935.79	13
2294.7	2287.82	13
2642.47	2631.09	13
3018.32	3002.75	13
3338.8	3344.9	13
0.32	0.35	14
0.37	0.38	14
0.53	0.61	14
0.92	0.95	14
1.35	1.6	14
2.31	2.69	14
4.06	2.86	14
5.96	5.45	14
6.28	4.56	14
7.47	9.81	14
11.33	12.61	14
19.19	19.6	14
23.58	24.03	14
30.52	29.16	14
42.77	45.54	14
71.62	68.32	14
118.19	115.47	14
216.68	211.66	14
408.09	407.63	14
781.89	784.27	14
1157.5	1162.77	14
1525.38	1523.33	14
1888.57	1897.49	14
2269.91	2290.43	14
2617.66	2622.39	14
3007.22	3020.4	14
3358.16	3367.34	14
0.42	0.37	14
0.44	0.41	14
0.64	0.59	14
0.92	0.87	14
1.63	1.6	14
2.84	2.63	14
3.55	3.48	14
4.69	2.75	14
4.09	7.13	14
7.26	7.8	14
7.9	10.8	14
14.69	15.69	14
20.32	22.67	14
28.25	29.02	14
37.3	36.82	14
56.43	55.94	14
98.47	95.72	14
175.85	177.91	14
339.65	336.27	14
642.62	644.7	14
951.59	951.57	14
1258.89	1256.45	14
1561.98	1564.73	14
1863.85	1867.83	14
2169.6	2176.26	14
2474.38	2477.62	14
2764.97	2777.38	14
0.3	0.31	14
0.35	0.35	14
0.42	0.45	14
0.63	0.65	14
1.06	1.11	14
1.68	1.87	14
2.92	3.3	14
5.18	3.3	14
3.34	5.11	14
4.97	5.73	14
6.78	7.86	14
10.84	12.36	14
17.14	18.27	14
21.22	20.91	14
33.78	35.19	14
56.11	57.79	14
99.51	96.57	14
181.41	189.76	14
361.02	342.49	14
672.29	664.1	14
980.82	974.76	14
1283.64	1301.44	14
1612.39	1605.8	14
1919.9	1908.08	14
2248.86	2216.29	14
2524.22	2550.08	14
2875.18	2871.92	14
0.34	0.31	14
0.37	0.39	14
0.58	0.52	14
0.78	0.77	14
1.54	1.44	14
2.6	2.4	14
3.31	3.64	14
3.22	5.87	14
5.25	5.62	14
7.28	8.33	14
9.93	8.67	14
15.13	15.23	14
19.14	21.06	14
24.72	25.24	14
34.96	34.1	14
52.03	51.33	14
87.45	86.28	14
158.41	155.23	14
300.39	302.31	14
574.68	570.07	14
837.31	838.36	14
1104.1	1106.14	14
1407.8	1404.57	14
1679.82	1678.9	14
1955.64	1950.45	14
2206.27	2210.03	14
2456.01	2458.39	14
0.34	0.31	15
0.43	0.36	15
0.49	0.52	15
0.81	0.72	15
1.36	1.2	15
2.24	1.52	15
3.0	1.69	15
3.38	3.18	15
5.36	3.72	15
6.6	7.23	15
9.2	9.93	15
14.32	13.65	15
16.52	14.96	15
23.27	22.16	15
32.78	31.54	15
50.56	51.35	15
86.98	85.48	15
157.45	159.7	15
299.68	301.71	15
586.03	586.2	15
888.47	893.13	15
1192.71	1195.32	15
1497.98	1495.7	15
1794.68	1804.25	15
2104.06	2107.46	15
2402.15	2407.57	15
2700.64	2703.62	15
0.35	0.33	15
0.41	0.43	15
0.52	0.48	15
0.73	0.78	15
1.24	1.24	15
1.69	2.13	15
3.83	2.36	15
3.24	5.27	15
6.25	4.22	15
6.61	5.88	15
9.33	9.55	15
15.03	15.32	15
20.77	21.47	15
25.64	28.31	15
38.62	40.39	15
66.83	64.69	15
118.49	114.94	15
218.9	217.05	15
419.58	422.05	15
808.43	812.14	15
1212.83	1208.39	15
1589.25	1589.2	15
1980.26	1983.95	15
2377.44	2366.68	15
2770.12	2769.54	15
3136.28	3154.73	15
3555.39	3543.8	15
0.31	0.28	15
0.36	0.32	15
0.44	0.41	15
0.64	0.68	15
1.12	1.06	15
2.04	1.68	15
2.8	2.96	15
3.58	4.11	15
4.83	4.97	15
5.44	5.56	15
5.99	8.4	15
11.25	12.62	15
14.21	13.91	15
18.72	19.91	15
26.55	25.14	15
40.96	40.99	15
70.18	67.56	15
119.96	128.18	15
229.32	230.06	15
438.37	445.19	15
663.44	662.16	15
882.58	886.78	15
1106.34	1111.27	15
1326.78	1330.31	15
1554.74	1556.49	15
1770.07	1768.05	15
2085.41	1993.76	15
0.29	0.31	15
0.35	0.34	15
0.5	0.46	15
0.73	0.66	15
1.17	1.14	15
1.85	1.82	15
2.91	3.67	15
2.95	4.15	15
3.54	5.24	15
7.01	7.07	15
9.51	8.35	15
15.19	15.33	15
20.26	18.07	15
25.41	24.95	15
34.89	37.5	15
62.24	64.21	15
108.63	105.51	15
195.35	198.99	15
380.9	378.34	15
706.45	704.48	15
1048.06	1062.79	15
1386.62	1374.53	15
1735.86	1739.22	15
2072.27	2084.38	15
2415.69	2404.69	15
2742.19	2756.44	15
3100.37	3094.73	15
0.3	0.33	16
0.32	0.37	16
0.49	0.49	16
0.84	0.77	16
1.36	1.31	16
2.39	2.03	16
3.72	3.6	16
3.84	4.51	16
5.67	4.65	16
5.32	7.99	16
9.79	11.8	16
15.33	16.36	16
23.55	20.75	16
34.88	33.84	16
47.9	46.41	16
82.03	76.54	16
137.51	139.72	16
256.28	259.26	16
488.21	489.64	16
931.81	930.92	16
1351.58	1361.28	16
1779.1	1785.29	16
2199.81	2206.67	16
2623.8	2623.28	16
3086.53	3091.87	16
3526.88	3544.06	16
3970.3	3981.87	16
0.36	0.3	16
0.37	0.37	16
0.62	0.46	16
0.98	0.81	16
1.39	1.43	16
2.59	2.14	16
3.63	2.41	16
1.97	5.11	16
6.7	4.13	16
7.82	7.65	16
8.87	11.22	16
16.6	13.81	16
20.02	19.08	16
23.48	25.25	16
31.11	32.1	16
48.92	47.84	16
77.66	81.86	16
139.37	143.08	16
260.71	268.83	16
506.25	504.65	16
739.69	748.44	16
966.66	972.15	16
1210.35	1236.26	16
1444.54	1459.31	16
1700.55	1681.66	16
1928.49	1914.52	16
2156.9	2152.0	16
0.25	0.26	16
0.29	0.32	16
0.41	0.41	16
0.6	0.65	16
0.98	0.98	16
2.06	1.85	16
2.64	2.32	16
2.55	4.25	16
3.61	4.27	16
3.71	5.41	16
8.3	7.87	16
13.87	13.09	16
18.68	17.31	16
22.14	25.13	16
35.36	37.26	16
59.94	56.84	16
103.5	100.6	16
184.55	187.45	16
352.23	356.55	16
652.83	661.05	16
968.28	971.78	16
1267.69	1279.2	16
1574.75	1572.39	16
1919.83	1868.61	16
2245.68	2233.23	16
2545.35	2532.76	16
2857.59	2880.33	16
0.29	0.32	16
0.33	0.32	16
0.46	0.49	16
0.8	0.83	16
1.32	1.29	16
2.55	2.04	16
2.37	3.01	16
5.13	3.52	16
4.2	5.84	16
7.29	6.15	16
9.56	10.09	16
12.97	14.73	16
18.86	18.08	16
23.13	22.48	16
27.13	28.03	16
45.88	44.93	16
69.39	71.97	16
127.76	133.88	16
249.58	240.11	16
446.42	443.63	16
640.5	647.23	16
843.6	838.21	16
1046.84	1025.53	16
1221.2	1228.75	16
1443.65	1475.23	16
1650.55	1655.63	16
1857.74	1883.57	16
0.56	0.49	17
0.65	0.7	17
1.04	0.97	17
1.69	1.66	17
2.14	2.02	17
2.51	2.09	17
2.52	2.97	17
3.12	2.9	17
4.22	3.89	17
6.15	6.78	17
10.85	10.7	17
18.55	18.93	17
36.23	36.9	17
70.45	72.07	17
137.48	139.96	17
268.0	273.42	17
519.52	515.65	17
776.03	771.15	17
1023.98	1020.67	17
1234.87	1233.56	17
1385.79	1383.12	17
1528.32	1533.7	17
1670.28	1667.09	17
1806.7	1816.35	17
0.51	0.46	17
0.69	0.72	17
0.89	1.12	17
1.36	1.52	17
1.23	1.71	17
2.54	3.14	17
3.42	3.73	17
5.34	5.67	17
9.19	9.55	17
16.78	16.74	17
31.86	31.28	17
61.5	60.73	17
119.13	120.66	17
235.21	235.24	17
462.98	465.74	17
906.54	906.9	17
1708.07	1707.23	17
2419.29	2417.0	17
2985.89	2987.34	17
3375.88	3381.58	17
3700.95	3694.63	17
4021.31	4010.37	17
4314.94	4325.1	17
4626.92	4610.73	17
0.37	0.42	17
0.54	0.56	17
0.82	0.85	17
1.29	1.19	17
1.24	1.75	17
1.59	1.59	17
1.86	2.05	17
2.6	3.13	17
3.81	3.67	17
5.77	5.89	17
9.15	8.85	17
14.99	15.16	17
28.45	27.86	17
53.29	54.02	17
103.49	102.87	17
200.66	200.96	17
391.33	388.42	17
583.2	583.96	17
768.35	770.16	17
929.74	923.63	17
1053.98	1061.02	17
1185.39	1175.23	17
1299.04	1298.5	17
1426.4	1431.22	17
0.48	0.47	17
0.61	0.65	17
0.82	0.82	17
1.28	1.28	17
1.47	1.53	17
1.93	2.26	17
2.97	3.21	17
4.09	4.74	17
7.5	7.24	17
12.77	12.79	17
23.85	25.09	17
45.79	47.33	17
89.65	93.96	17
177.37	178.71	17
347.5	348.89	17
688.36	680.07	17
1276.07	1275.93	17
1899.63	1896.63	17
2444.1	2347.91	17
2869.67	2797.55	17
3214.79	3161.5	17
3483.23	3482.94	17
3778.16	3775.58	17
4053.02	4054.84	17
0.41	0.49	18
0.58	0.63	18
0.92	1.04	18
1.31	1.49	18
2.01	1.74	18
2.36	1.97	18
3.09	3.1	18
5.28	5.03	18
8.35	8.25	18
15.34	14.59	18
28.66	28.27	18
55.03	55.24	18
107.32	106.8	18
213.17	211.62	18
420.54	416.88	18
816.2	817.39	18
1529.62	1526.1	18
2163.44	2163.39	18
2719.62	2659.92	18
3055.25	3049.99	18
3333.81	3334.68	18
3613.71	3607.79	18
3882.18	3884.7	18
4156.81	4153.46	18
0.43	0.46	18
0.71	0.65	18
0.97	0.94	18
1.68	1.36	18
2.13	1.34	18
2.02	2.43	18
2.14	2.47	18
2.98	3.26	18
3.78	4.56	18
6.3	5.99	18
10.77	10.49	18
18.35	19.26	18
35.54	35.87	18
68.99	68.69	18
134.44	136.23	18
264.28	266.37	18
514.58	516.77	18
762.77	763.46	18
1012.76	1009.6	18
1213.86	1208.82	18
1367.76	1373.8	18
1509.3	1517.92	18
1645.66	1649.78	18
1782.68	1789.97	18
0.35	0.37	18
0.52	0.53	18
0.78	0.73	18
1.12	1.09	18
1.73	1.67	18
1.76	1.93	18
2.21	2.6	18
3.41	3.41	18
6.29	5.83	18
11.05	11.06	18
20.54	20.83	18
39.23	40.19	18
74.76	77.26	18
150.41	149.41	18
285.66	288.32	18
561.12	560.33	18
1050.26	1053.07	18
1505.94	1502.05	18
1888.7	1892.48	18
2164.28	2154.54	18
2393.45	2403.58	18
2635.42	2633.22	18
2949.54	2869.94	18
3165.72	3178.58	18
0.47	0.43	18
0.58	0.62	18
0.87	0.89	18
1.23	1.41	18
2.09	2.21	18
1.74	2.07	18
2.59	2.53	18
2.41	2.78	18
3.87	4.08	18
6.03	6.19	18
9.27	9.91	18
16.67	16.89	18
32.02	32.05	18
61.08	62.72	18
118.33	119.0	18
229.64	230.77	18
447.48	447.74	18
661.74	660.52	18
869.65	870.26	18
1038.64	1044.06	18
1169.71	1168.32	18
1289.6	1290.54	18
1409.5	1407.66	18
1541.04	1539.98	18
0.45	0.43	19
0.66	0.63	19
0.93	0.95	19
1.61	1.63	19
1.72	1.45	19
2.09	2.37	19
2.85	2.24	19
3.17	3.26	19
3.79	4.52	19
6.41	6.47	19
10.76	11.3	19
18.73	19.76	19
35.12	36.21	19
70.29	69.05	19
136.83	137.78	19
267.34	271.29	19
520.21	522.33	19
774.83	774.96	19
1020.49	1023.58	19
1231.15	1226.41	19
1381.42	1382.5	19
1523.57	1527.91	19
1667.97	1668.61	19
1806.49	1807.16	19
0.44	0.53	19
0.7	0.73	19
0.86	1.04	19
1.62	1.69	19
2.11	1.81	19
2.25	2.63	19
3.67	3.24	19
5.04	5.08	19
8.47	9.89	19
16.01	16.27	19
29.76	30.98	19
58.67	57.89	19
114.51	116.43	19
226.85	229.38	19
449.21	448.29	19
875.81	875.6	19
1646.94	1649.29	19
2334.89	2332.55	19
2883.12	2882.33	19
3290.59	3271.02	19
3601.43	3597.92	19
3907.69	3904.65	19
4207.86	4212.51	19
4496.58	4496.33	19
0.38	0.42	19
0.55	0.54	19
0.78	0.79	19
1.22	1.28	19
1.46	1.45	19
1.31	1.61	19
2.04	1.84	19
3.42	3.0	19
3.9	3.92	19
5.24	5.68	19
8.21	8.95	19
14.63	15.02	19
27.45	28.69	19
53.42	53.58	19
102.39	103.27	19
200.91	200.68	19
391.05	391.24	19
579.77	577.84	19
767.66	766.34	19
926.98	926.77	19
1051.59	1053.28	19
1172.08	1177.13	19
1311.68	1297.13	19
1416.42	1420.24	19
0.46	0.44	19
0.59	0.56	19
0.82	0.84	19
1.41	1.25	19
1.82	1.7	19
2.33	2.31	19
2.37	2.94	19
4.48	4.16	19
7.09	7.47	19
12.97	13.84	19
24.72	25.7	19
47.34	48.45	19
94.63	94.53	19
184.85	186.9	19
358.85	358.19	19
699.0	692.34	19
1303.49	1305.69	19
1848.96	1844.69	19
2293.82	2298.74	19
2589.82	2581.81	19
2835.48	2826.99	19
3166.39	3071.51	19
3412.01	3403.26	19
3780.83	3644.99	19
0.53	0.53	20
0.58	0.71	20
0.97	0.99	20
1.62	1.69	20
1.93	1.89	20
2.34	2.76	20
3.59	3.49	20
4.92	5.34	20
9.05	9.68	20
15.96	16.21	20
31.33	31.83	20
59.62	59.65	20
116.81	115.93	20
229.89	227.7	20
449.04	453.02	20
878.48	878.91	20
1642.81	1639.23	20
2333.61	2326.26	20
2870.53	2868.27	20
3209.59	3229.29	20
3513.14	3514.84	20
3840.28	3802.33	20
4185.48	4126.58	20
4476.82	4492.14	20
0.46	0.48	20
0.7	0.65	20
1.08	1.13	20
1.78	1.71	20
1.74	2.13	20
2.69	2.86	20
2.5	2.56	20
3.04	3.43	20
4.49	4.42	20
6.33	7.01	20
11.01	11.47	20
19.81	20.09	20
37.66	36.98	20
71.51	73.47	20
140.35	142.12	20
276.79	278.81	20
535.65	534.71	20
795.66	797.62	20
1051.67	1051.6	20
1263.92	1260.14	20
1415.31	1415.31	20
1556.65	1560.05	20
1694.71	1700.06	20
1839.87	1833.78	20
0.39	0.36	20
0.51	0.55	20
0.76	0.76	20
1.07	1.13	20
1.37	1.63	20
1.7	1.79	20
2.38	2.59	20
4.03	3.88	20
6.29	6.65	20
10.8	11.33	20
21.0	21.07	20
40.1	40.21	20
78.14	77.51	20
151.57	150.1	20
296.73	301.31	20
569.04	569.9	20
1071.09	1067.4	20
1536.39	1539.42	20
1922.87	1924.04	20
2201.68	2197.53	20
2441.07	2434.4	20
2686.12	2673.23	20
2906.7	2905.54	20
3135.34	3147.44	20
0.4	0.4	20
0.6	0.58	20
0.9	0.85	20
1.54	1.41	20
2.0	1.73	20
2.06	1.83	20
2.32	2.63	20
3.12	3.35	20
4.15	4.13	20
5.96	5.93	20
10.0	10.17	20
17.16	17.44	20
32.67	33.01	20
61.43	62.38	20
120.54	119.69	20
236.77	235.46	20
456.7	457.41	20
679.34	679.17	20
908.11	894.28	20
1078.28	1083.03	20
1210.07	1205.72	20
1329.08	1343.61	20
1455.06	1459.51	20
1578.0	1583.68	20
0.33	0.4	21
0.44	0.41	21
0.51	0.57	21
0.89	0.85	21
1.33	1.3	21
1.86	2.25	21
3.21	2.97	21
3.52	2.1	21
3.55	5.22	21
4.72	5.86	21
9.86	8.15	21
14.1	14.1	21
21.74	21.93	21
27.95	30.91	21
43.14	43.54	21
63.16	63.01	21
97.23	104.38	21
173.66	175.53	21
312.51	315.95	21
460.21	463.99	21
599.55	600.73	21
742.55	750.55	21
885.45	888.28	21
1022.24	1032.15	21
1166.7	1168.98	21
1298.85	1308.87	21
0.3	0.33	21
0.43	0.47	21
0.62	0.57	21
0.78	0.9	21
1.22	1.54	21
1.99	2.06	21
2.01	3.36	21
2.57	2.33	21
3.95	5.08	21
6.85	8.11	21
10.73	11.84	21
19.53	18.18	21
31.57	30.16	21
45.2	46.44	21
66.7	64.83	21
99.03	105.41	21
179.83	181.84	21
324.99	322.32	21
601.25	601.91	21
879.93	882.65	21
1159.95	1158.09	21
1443.23	1434.04	21
1748.62	1714.94	21
2029.09	2045.45	21
2316.86	2318.09	21
2595.13	2604.82	21
0.29	0.29	21
0.36	0.34	21
0.42	0.46	21
0.64	0.73	21
1.11	1.05	21
2.03	2.03	21
1.86	2.06	21
2.62	2.74	21
3.8	3.81	21
3.56	4.4	21
6.47	6.9	21
9.72	11.06	21
16.25	19.02	21
24.73	24.46	21
35.14	32.04	21
51.76	49.98	21
87.31	85.64	21
157.37	153.87	21
294.28	289.68	21
418.93	424.0	21
550.1	551.23	21
667.88	678.77	21
810.92	809.8	21
927.9	931.27	21
1070.14	1067.43	21
1179.94	1181.42	21
0.3	0.29	21
0.35	0.38	21
0.48	0.47	21
0.67	0.74	21
1.0	1.19	21
1.36	1.9	21
2.75	1.88	21
2.57	2.31	21
3.04	4.28	21
5.02	6.19	21
9.75	10.44	21
15.79	16.62	21
24.28	26.37	21
36.64	37.11	21
53.93	52.89	21
90.65	89.05	21
148.45	154.67	21
283.4	279.9	21
525.33	527.05	21
762.58	752.91	21
1006.81	1005.16	21
1247.42	1251.13	21
1490.24	1484.37	21
1705.32	1722.69	21
1941.06	1955.85	21
2178.97	2199.05	21
0.29	0.33	22
0.41	0.38	22
0.58	0.58	22
0.69	0.77	22
0.97	1.15	22
2.1	1.79	22
2.58	1.63	22
2.93	3.46	22
4.11	4.73	22
6.09	6.74	22
9.44	9.55	22
17.19	16.43	22
26.92	27.28	22
39.7	40.56	22
56.82	64.33	22
95.93	97.86	22
163.43	162.75	22
307.83	305.69	22
577.05	576.16	22
844.24	839.98	22
1107.44	1106.03	22
1381.98	1379.55	22
1640.19	1643.95	22
1911.68	1909.15	22
2171.67	2181.4	22
2441.42	2443.48	22
0.29	0.38	22
0.35	0.39	22
0.43	0.48	22
0.8	0.93	22
1.25	1.18	22
1.48	2.18	22
1.98	2.53	22
2.77	3.53	22
3.42	4.13	22
5.63	5.93	22
8.03	8.03	22
13.48	12.25	22
19.64	19.99	22
29.33	33.48	22
42.78	43.95	22
64.35	66.08	22
100.34	107.85	22
184.21	180.61	22
325.26	328.62	22
469.01	473.45	22
611.95	618.23	22
762.19	766.02	22
906.79	905.09	22
1053.8	1052.37	22
1190.03	1194.64	22
1332.69	1340.23	22
0.29	0.27	22
0.33	0.34	22
0.46	0.45	22
0.69	0.63	22
1.17	1.04	22
1.72	1.67	22
1.63	1.84	22
2.22	2.1	22
3.34	2.9	22
5.16	4.38	22
7.33	7.65	22
12.21	13.21	22
19.66	21.92	22
31.98	32.92	22
48.53	50.02	22
82.69	85.04	22
145.52	145.39	22
269.36	269.12	22
519.64	512.68	22
746.03	750.12	22
980.24	977.68	22
1203.99	1235.57	22
1450.36	1463.0	22
1676.97	1698.58	22
1917.63	1933.52	22
2159.38	2167.31	22
0.36	0.27	22
0.4	0.33	22
0.4	0.47	22
0.63	0.85	22
1.36	1.24	22
1.77	2.18	22
3.03	3.21	22
2.9	3.4	22
3.52	4.2	22
5.18	4.4	22
6.8	7.69	22
11.26	11.74	22
18.23	19.75	22
25.94	25.16	22
40.22	36.29	22
55.89	55.35	22
91.3	94.95	22
160.47	162.89	22
289.55	286.27	22
424.74	406.2	22
535.66	525.81	22
657.21	656.7	22
777.14	774.43	22
900.78	906.07	22
1023.61	1032.07	22
1142.86	1165.43	22
0.27	0.3	23
0.31	0.39	23
0.53	0.56	23
0.74	0.65	23
1.31	1.25	23
1.69	1.92	23
1.74	2.87	23
3.88	2.39	23
3.62	2.7	23
5.41	5.06	23
8.06	8.47	23
12.44	13.04	23
21.37	22.28	23
32.06	30.28	23
43.4	39.83	23
64.39	62.71	23
104.42	105.16	23
176.29	182.57	23
324.16	326.74	23
469.14	476.06	23
617.06	620.21	23
758.54	761.97	23
897.94	907.18	23
1046.39	1047.24	23
1184.94	1193.67	23
1327.66	1333.62	23
0.3	0.29	23
0.36	0.34	23
0.52	0.55	23
0.72	0.77	23
1.19	1.28	23
1.67	2.04	23
2.87	2.17	23
2.93	2.82	23
5.01	4.27	23
6.32	7.06	23
10.39	10.34	23
17.85	17.36	23
27.21	28.91	23
42.22	39.17	23
57.03	59.42	23
101.98	94.24	23
166.18	166.49	23
305.76	309.14	23
576.98	577.67	23
837.82	840.51	23
1115.66	1117.8	23
1370.63	1383.14	23
1644.27	1641.34	23
1910.39	1914.53	23
2186.5	2184.97	23
2437.93	2443.49	23
0.28	0.29	23
0.3	0.31	23
0.44	0.41	23
0.77	0.64	23
1.16	1.15	23
1.85	2.12	23
1.97	1.94	23
2.48	2.32	23
2.7	2.96	23
3.99	3.7	23
6.27	6.74	23
10.81	10.41	23
16.63	15.68	23
24.61	25.74	23
34.27	34.86	23
50.66	53.14	23
83.63	91.88	23
152.95	155.44	23
277.16	276.53	23
401.2	402.49	23
522.39	519.31	23
647.06	639.19	23
770.31	775.03	23
887.34	895.24	23
1000.66	1004.59	23
1117.98	1138.59	23
0.27	0.28	23
0.33	0.34	23
0.48	0.41	23
0.75	0.66	23
1.0	1.12	23
1.67	1.65	23
1.37	2.03	23
2.22	2.85	23
2.74	3.38	23
5.19	4.77	23
8.4	8.66	23
13.55	13.44	23
24.8	24.09	23
36.03	35.9	23
51.15	49.41	23
83.33	83.73	23
151.73	150.14	23
277.38	272.79	23
508.31	533.13	23
756.01	752.32	23
985.39	993.28	23
1219.74	1248.09	23
1466.09	1471.93	23
1693.42	1702.71	23
1932.49	1953.07	23
2152.1	2191.24	23
0.32	0.31	24
0.37	0.33	24
0.53	0.5	24
0.72	0.72	24
0.94	1.3	24
2.02	2.34	24
3.19	2.35	24
2.59	2.67	24
4.66	4.73	24
6.43	6.67	24
10.85	11.28	24
16.79	17.29	24
29.77	30.18	24
40.33	39.0	24
64.37	65.46	24
107.61	103.44	24
181.28	183.06	24
333.86	337.69	24
608.02	610.6	24
881.59	880.32	24
1154.53	1154.54	24
1415.78	1420.99	24
1690.8	1688.26	24
1965.56	1968.78	24
2228.95	2243.54	24
2508.39	2509.0	24
0.39	0.36	24
0.39	0.45	24
0.51	0.53	24
0.83	0.94	24
1.47	1.43	24
2.0	1.6	24
1.78	2.01	24
3.4	3.7	24
4.46	4.29	24
5.95	5.02	24
8.66	7.95	24
15.05	14.1	24
22.93	22.66	24
30.16	33.24	24
45.94	46.39	24
64.33	66.72	24
101.52	101.34	24
172.06	172.6	24
320.56	315.63	24
461.9	461.11	24
600.81	600.3	24
740.58	747.17	24
884.88	887.36	24
1030.54	1027.07	24
1168.91	1169.89	24
1301.39	1311.9	24
0.27	0.29	24
0.32	0.34	24
0.57	0.47	24
0.68	0.7	24
1.0	1.07	24
1.95	1.83	24
1.91	2.2	24
1.88	3.01	24
3.08	3.54	24
4.43	4.65	24
7.65	7.89	24
13.17	12.64	24
22.94	22.9	24
35.37	30.91	24
48.83	50.48	24
83.62	83.2	24
146.95	144.56	24
267.46	274.59	24
508.17	511.16	24
737.31	746.32	24
973.98	989.05	24
1207.78	1213.99	24
1465.25	1451.24	24
1661.31	1682.09	24
1946.62	1902.1	24
2156.05	2152.0	24
0.34	0.33	24
0.34	0.37	24
0.51	0.51	24
0.83	0.76	24
1.11	1.32	24
1.02	2.31	24
2.82	2.89	24
3.45	2.83	24
4.15	4.34	24
5.66	5.87	24
8.52	7.86	24
13.3	13.57	24
21.7	19.63	24
29.18	29.34	24
39.99	40.07	24
60.98	57.69	24
90.35	90.94	24
160.87	160.75	24
299.96	308.32	24
426.84	424.02	24
556.03	554.45	24
679.74	688.9	24
815.13	818.77	24
943.15	945.38	24
1071.88	1066.92	24
1196.05	1183.91	24
0.34	0.31	25
0.35	0.34	25
0.48	0.54	25
0.81	0.75	25
1.16	1.15	25
2.02	1.72	25
2.11	2.56	25
3.19	2.43	25
3.97	3.25	25
5.06	5.23	25
7.23	7.34	25
10.55	11.97	25
14.47	14.37	25
19.44	17.45	25
26.82	26.46	25
43.56	40.43	25
72.92	69.89	25
130.62	129.6	25
239.45	241.92	25
350.78	349.74	25
456.22	462.4	25
565.88	572.32	25
684.58	686.02	25
789.02	794.52	25
904.92	903.15	25
1018.23	1023.66	25
0.3	0.33	25
0.37	0.37	25
0.48	0.51	25
0.78	0.73	25
1.28	1.24	25
1.79	1.61	25
2.11	2.39	25
2.89	2.51	25
3.89	4.01	25
5.82	5.15	25
9.27	8.0	25
13.01	13.01	25
19.73	19.82	25
29.27	29.62	25
46.04	48.07	25
83.2	81.83	25
152.56	154.2	25
296.9	293.85	25
565.34	565.37	25
834.32	836.98	25
1103.18	1103.76	25
1359.2	1354.38	25
1613.68	1609.89	25
1870.91	1859.72	25
2127.46	2123.4	25
2370.75	2371.87	25
0.24	0.26	25
0.32	0.34	25
0.4	0.4	25
0.62	0.59	25
1.05	0.97	25
1.54	1.7	25
2.13	1.94	25
2.28	1.94	25
2.99	2.92	25
3.4	3.35	25
5.58	6.02	25
8.02	8.3	25
11.33	11.04	25
16.37	16.18	25
22.42	23.39	25
36.57	39.08	25
63.37	70.9	25
124.78	119.31	25
227.43	224.08	25
325.27	330.68	25
430.37	434.44	25
531.59	520.17	25
637.98	621.8	25
734.07	730.28	25
843.01	838.13	25
932.63	933.48	25
0.28	0.28	25
0.3	0.36	25
0.42	0.44	25
0.55	0.61	25
0.95	0.94	25
0.98	1.43	25
1.64	2.28	25
2.07	2.18	25
2.68	2.55	25
4.7	4.23	25
6.86	6.81	25
10.62	11.46	25
15.37	15.26	25
23.55	23.71	25
38.93	39.15	25
69.13	70.32	25
133.41	131.44	25
246.0	254.64	25
486.3	471.74	25
693.11	692.94	25
915.34	925.31	25
1112.18	1123.57	25
1338.44	1341.97	25
1517.34	1539.93	25
1729.62	1760.66	25
1929.58	1975.47	25
0.32	0.34	26
0.38	0.4	26
0.49	0.47	26
0.66	0.65	26
1.0	1.09	26
1.36	1.92	26
2.29	1.5	26
2.24	2.55	26
3.19	3.77	26
4.57	4.82	26
7.69	7.8	26
12.15	11.82	26
16.93	17.0	26
24.37	25.72	26
40.46	41.65	26
73.91	72.96	26
136.22	137.4	26
261.27	262.63	26
503.17	503.31	26
743.34	745.36	26
990.97	983.1	26
1226.19	1227.3	26
1469.83	1459.09	26
1711.19	1700.86	26
1946.95	1950.47	26
2186.26	2184.26	26
0.34	0.31	26
0.4	0.41	26
0.51	0.5	26
0.76	0.74	26
1.15	1.22	26
1.98	1.17	26
2.03	1.85	26
2.52	3.17	26
2.85	3.95	26
5.1	4.56	26
6.78	6.6	26
10.39	10.63	26
14.19	12.66	26
19.01	18.84	26
26.12	26.59	26
44.18	43.66	26
74.01	75.31	26
141.16	137.95	26
262.85	263.58	26
387.95	388.07	26
516.21	514.31	26
645.28	637.71	26
767.16	755.65	26
895.17	885.03	26
1012.03	1011.41	26
1154.65	1130.42	26
0.3	0.3	26
0.33	0.33	26
0.43	0.4	26
0.64	0.64	26
0.93	1.02	26
1.83	1.72	26
2.55	1.99	26
2.35	2.75	26
2.86	2.42	26
4.16	4.71	26
6.33	6.54	26
9.44	10.68	26
14.38	15.23	26
22.63	22.67	26
37.06	36.87	26
65.35	66.69	26
126.75	124.44	26
233.31	236.84	26
447.87	461.54	26
666.65	672.48	26
888.26	878.68	26
1095.52	1105.53	26
1333.14	1319.27	26
1544.33	1518.59	26
1757.02	1749.44	26
1958.68	1946.0	26
0.29	0.32	26
0.36	0.34	26
0.47	0.44	26
0.66	0.63	26
0.92	0.96	26
1.67	1.67	26
1.7	2.23	26
2.25	2.14	26
3.64	3.68	26
4.29	3.78	26
5.8	6.44	26
8.42	8.22	26
11.69	10.49	26
14.78	15.65	26
22.34	22.98	26
36.81	37.46	26
64.91	64.85	26
115.0	116.45	26
217.8	208.58	26
313.74	321.32	26
410.18	419.04	26
511.17	520.54	26
619.92	623.13	26
719.75	724.32	26
824.54	818.13	26
917.7	916.42	26
0.32	0.3	27
0.36	0.36	27
0.48	0.48	27
0.64	0.68	27
1.21	1.17	27
1.72	1.73	27
2.85	2.19	27
3.15	2.49	27
4.3	3.76	27
4.77	5.43	27
7.78	7.55	27
11.24	11.8	27
15.35	16.03	27
20.0	19.95	27
26.33	28.76	27
45.22	44.75	27
77.82	77.41	27
142.84	142.14	27
269.18	266.23	27
390.08	390.13	27
509.6	512.45	27
635.27	638.06	27
759.07	757.98	27
893.43	881.97	27
1019.03	1019.16	27
1141.44	1141.71	27
0.3	0.29	27
0.36	0.38	27
0.43	0.48	27
0.71	0.71	27
1.17	1.21	27
1.61	1.77	27
2.15	2.5	27
2.24	3.3	27
4.46	3.54	27
4.96	5.54	27
7.86	7.95	27
13.18	13.66	27
17.14	18.35	27
26.03	24.42	27
40.17	42.14	27
76.48	74.78	27
136.37	135.8	27
268.05	267.63	27
511.88	510.04	27
753.64	751.24	27
989.6	992.04	27
1236.09	1229.57	27
1473.85	1468.56	27
1719.04	1730.05	27
1960.59	1963.6	27
2187.25	2200.67	27
0.27	0.3	27
0.28	0.32	27
0.41	0.42	27
0.61	0.57	27
0.95	0.99	27
1.36	1.63	27
1.77	1.75	27
2.67	2.54	27
2.77	2.71	27
3.61	3.66	27
6.12	5.61	27
9.12	9.03	27
11.67	11.66	27
14.89	17.04	27
22.27	23.24	27
37.02	35.8	27
62.84	65.4	27
114.12	118.76	27
208.06	222.58	27
307.7	318.55	27
407.64	416.24	27
496.52	506.03	27
600.11	613.85	27
717.52	707.98	27
813.39	807.54	27
920.81	910.61	27
0.28	0.31	27
0.31	0.33	27
0.42	0.39	27
0.62	0.61	27
0.94	0.96	27
1.55	1.36	27
1.87	2.38	27
2.48	2.89	27
3.24	3.0	27
4.17	5.65	27
6.44	6.5	27
11.05	10.45	27
16.0	14.61	27
24.38	22.49	27
37.16	39.05	27
66.97	67.03	27
124.98	131.52	27
243.63	255.34	27
482.04	468.62	27
686.37	683.54	27
926.21	919.47	27
1135.49	1130.69	27
1360.5	1360.2	27
1584.02	1564.35	27
1800.12	1797.48	27
2005.64	2002.13	27
0.31	0.31	28
0.41	0.37	28
0.49	0.43	28
0.71	0.73	28
1.18	1.13	28
2.02	1.56	28
2.49	1.71	28
2.89	3.03	28
3.23	3.58	28
5.1	6.17	28
8.46	8.77	28
13.5	12.72	28
18.41	19.66	28
28.45	28.1	28
45.82	46.72	28
81.67	80.63	28
150.27	150.53	28
283.01	281.02	28
536.66	532.77	28
789.79	784.85	28
1043.83	1044.16	28
1291.73	1295.2	28
1543.44	1541.63	28
1793.17	1793.97	28
2047.42	2044.51	28
2303.26	2295.47	28
0.31	0.27	28
0.37	0.32	28
0.45	0.48	28
0.59	0.72	28
1.31	1.23	28
1.71	1.93	28
1.71	2.09	28
2.1	2.75	28
4.42	3.08	28
5.06	5.08	28
6.85	7.68	28
11.69	10.06	28
15.22	14.11	28
19.42	18.38	28
25.63	24.39	28
38.88	41.78	28
73.72	70.35	28
125.06	132.07	28
242.83	238.85	28
350.57	356.52	28
460.65	463.43	28
570.38	579.5	28
692.87	690.25	28
788.48	792.56	28
909.43	898.46	28
1008.22	1010.68	28
0.28	0.29	28
0.29	0.29	28
0.39	0.42	28
0.58	0.63	28
1.01	1.01	28
1.47	1.7	28
1.83	1.87	28
2.34	2.04	28
3.01	2.59	28
3.82	3.56	28
6.66	6.09	28
9.99	9.78	28
14.61	14.5	28
22.58	22.98	28
37.21	36.7	28
62.17	65.47	28
120.99	121.27	28
229.3	235.23	28
448.68	442.54	28
650.21	646.04	28
850.58	849.68	28
1052.1	1070.79	28
1251.52	1257.98	28
1459.36	1451.01	28
1699.28	1703.35	28
1867.35	1876.27	28
0.31	0.3	28
0.35	0.33	28
0.45	0.43	28
0.66	0.63	28
0.83	0.95	28
1.66	1.94	28
2.22	2.29	28
2.4	2.53	28
3.59	3.0	28
3.82	4.46	28
7.13	6.67	28
9.35	9.07	28
12.59	12.25	28
16.27	17.71	28
24.07	25.79	28
40.38	36.61	28
64.78	67.5	28
120.29	120.97	28
227.32	229.16	28
324.65	325.24	28
449.71	430.59	28
539.63	535.9	28
639.9	637.21	28
748.57	746.54	28
843.81	831.28	28
934.41	958.8	28
0.5	0.48	29
0.65	0.59	29
0.74	0.63	29
0.93	0.71	29
0.96	0.79	29
0.76	1.07	29
1.22	0.98	29
1.24	1.34	29
1.94	1.58	29
2.25	2.23	29
3.09	2.96	29
5.64	4.87	29
9.81	7.54	29
17.69	13.16	29
33.21	23.66	29
63.32	42.26	29
120.63	80.53	29
243.84	157.94	29
469.36	302.66	29
609.27	444.75	29
910.59	592.35	29
1148.9	737.97	29
1366.31	883.42	29
1578.26	1026.24	29
1818.64	1168.79	29
2058.26	1312.55	29
0.67	0.55	29
0.85	0.92	29
0.83	1.0	29
1.12	0.99	29
1.13	1.13	29
1.24	1.09	29
1.7	1.79	29
2.72	2.61	29
4.0	4.19	29
6.93	8.02	29
11.96	14.75	29
18.16	26.84	29
32.62	56.23	29
63.96	108.76	29
123.68	216.34	29
246.21	440.09	29
501.58	876.71	29
1014.44	1521.5	29
1915.51	3377.91	29
2814.18	4970.18	29
3677.7	6517.11	29
5794.16	8138.06	29
5555.6	9830.32	29
6526.26	11547.85	29
7476.45	13194.32	29
8502.14	14877.06	29
0.49	0.45	29
0.52	0.58	29
0.79	0.71	29
0.69	0.76	29
0.76	0.73	29
0.98	0.81	29
1.03	0.98	29
1.35	1.56	29
1.85	1.98	29
2.55	2.83	29
3.75	4.97	29
5.95	6.04	29
10.98	8.01	29
19.57	14.09	29
35.05	24.02	29
70.61	44.47	29
143.54	82.21	29
247.77	157.54	29
477.43	305.27	29
710.11	449.96	29
935.44	593.16	29
1157.45	730.93	29
1397.35	876.57	29
1622.74	1037.65	29
1869.77	1403.24	29
2076.65	1312.04	29
0.59	0.49	29
0.66	0.72	29
0.82	0.92	29
0.79	0.85	29
0.92	0.9	29
1.1	1.21	29
1.59	1.67	29
2.52	2.35	29
4.47	4.8	29
5.5	7.06	29
8.94	13.94	29
15.05	25.55	29
29.18	47.43	29
53.1	92.65	29
105.04	182.9	29
214.05	376.1	29
420.61	744.39	29
828.88	1486.77	29
1606.14	2893.35	29
2404.09	4311.73	29
3191.77	5721.54	29
3954.24	7123.25	29
4729.3	8517.51	29
5802.85	10378.3	29
6557.28	11713.69	29
7304.6	13015.93	29
0.64	0.63	30
0.89	0.83	30
0.95	0.94	30
1.05	1.03	30
1.17	1.03	30
1.25	1.55	30
1.38	1.39	30
1.61	1.96	30
2.11	1.91	30
3.08	2.89	30
4.62	4.28	30
8.04	6.75	30
13.88	12.83	30
27.17	21.53	30
50.84	41.16	30
97.12	79.02	30
191.48	155.5	30
381.27	302.98	30
735.66	585.08	30
1090.96	871.57	30
1448.31	1153.66	30
1806.98	1440.19	30
2153.25	1721.75	30
2512.56	2005.5	30
2899.92	2291.15	30
3234.44	2571.91	30
0.61	0.61	30
0.72	0.58	30
0.75	0.83	30
0.84	0.78	30
1.13	0.97	30
1.37	1.18	30
1.83	1.83	30
2.49	2.46	30
4.33	4.6	30
6.53	7.28	30
9.49	13.44	30
20.2	26.59	30
31.61	52.75	30
58.68	103.71	30
119.01	203.72	30
232.39	404.49	30
441.34	781.75	30
815.22	1427.03	30
1451.23	2702.99	30
2124.88	3950.14	30
2855.51	5252.98	30
3504.35	6495.58	30
4161.9	7730.22	30
4823.72	8986.1	30
7069.22	10231.35	30
6124.31	11467.39	30
0.51	0.53	30
0.64	0.61	30
0.78	0.76	30
0.81	0.79	30
0.83	0.96	30
0.83	0.95	30
1.15	1.15	30
1.5	1.61	30
1.88	2.13	30
2.88	2.99	30
5.28	5.32	30
8.69	7.99	30
14.31	13.18	30
28.3	22.25	30
54.39	39.64	30
96.38	75.17	30
192.2	145.77	30
377.61	282.96	30
736.1	548.13	30
1038.85	818.67	30
1405.23	1078.04	30
1723.32	1339.7	30
2054.97	1603.18	30
2421.58	1863.51	30
2795.35	2132.51	30
3166.98	2412.64	30
0.48	0.51	30
0.51	0.64	30
0.51	0.77	30
0.77	0.71	30
0.78	0.79	30
0.84	1.07	30
1.42	1.48	30
2.19	2.23	30
4.11	3.8	30
5.01	6.63	30
7.51	10.67	30
13.74	22.93	30
25.46	35.25	30
44.52	81.49	30
89.76	160.3	30
184.76	316.44	30
452.25	645.28	30
652.46	1210.05	30
1227.22	2299.64	30
1802.68	3420.72	30
2419.84	4582.19	30
2970.78	5652.29	30
3549.81	6756.08	30
4126.08	7872.52	30
4679.93	8969.0	30
5450.37	10059.49	30
0.55	0.58	31
0.62	0.73	31
0.85	0.87	31
0.9	0.95	31
0.92	0.89	31
1.53	1.33	31
1.63	1.81	31
2.16	2.73	31
3.08	4.59	31
7.82	7.86	31
11.52	14.08	31
17.2	28.63	31
34.69	55.85	31
64.16	109.53	31
125.43	216.63	31
245.93	427.01	31
457.86	817.36	31
1118.9	1585.35	31
1627.4	2964.37	31
2319.1	4233.5	31
3029.14	5552.27	31
3728.78	6798.11	31
5911.77	8087.85	31
5378.75	9758.66	31
6211.34	11227.34	31
8793.09	12591.37	31
0.64	0.7	31
0.91	0.84	31
1.09	0.95	31
1.17	0.98	31
1.32	1.16	31
1.39	1.32	31
1.39	1.27	31
1.7	1.59	31
2.37	2.2	31
2.9	3.06	31
4.75	4.39	31
8.26	6.89	31
14.44	12.37	31
25.91	22.41	31
52.55	41.85	31
98.97	81.28	31
179.22	154.83	31
379.14	304.65	31
734.28	592.68	31
1014.55	868.19	31
1437.98	1149.65	31
1792.21	1433.76	31
2161.33	1732.05	31
2528.49	2031.14	31
2709.6	2326.51	31
3281.36	2623.22	31
0.43	0.47	31
0.53	0.6	31
0.64	0.63	31
0.66	0.72	31
0.83	0.81	31
1.03	1.0	31
1.36	1.45	31
2.08	1.74	31
3.23	3.81	31
5.18	6.27	31
8.77	11.83	31
12.87	21.0	31
20.91	40.1	31
40.78	77.31	31
79.12	149.65	31
155.95	293.62	31
309.68	583.32	31
607.43	1157.51	31
1170.41	2248.07	31
1736.55	3347.11	31
2308.05	4437.43	31
2860.32	5516.46	31
3411.05	6594.08	31
3971.86	7676.51	31
4530.78	8745.3	31
6669.84	9830.49	31
0.51	0.62	31
0.7	0.69	31
0.84	0.84	31
0.96	0.82	31
1.05	1.01	31
0.85	0.98	31
1.22	1.12	31
1.55	1.56	31
1.88	2.5	31
2.86	3.32	31
5.33	6.03	31
8.5	8.07	31
16.16	12.65	31
26.46	22.63	31
55.75	42.76	31
117.27	79.52	31
200.88	152.37	31
406.05	297.74	31
765.29	573.04	31
1087.54	848.13	31
1445.18	1127.01	31
1776.07	1400.32	31
2145.14	1699.88	31
2320.73	1984.63	31
2672.91	2272.57	31
3058.2	2559.46	31
0.62	0.58	32
0.7	0.68	32
0.89	0.86	32
0.77	0.88	32
0.97	1.16	32
1.08	1.11	32
1.65	1.51	32
2.27	2.05	32
3.15	3.7	32
5.14	6.95	32
8.39	12.1	32
13.6	22.94	32
27.3	47.18	32
51.14	93.06	32
100.13	183.84	32
198.08	363.41	32
390.84	719.77	32
776.91	1425.23	32
1511.14	2773.3	32
2223.53	4099.65	32
2915.13	5372.88	32
3710.55	6839.96	32
4436.97	8176.63	32
6622.37	9576.73	32
5906.29	10885.2	32
6634.51	12265.58	32
0.56	0.48	32
0.75	0.55	32
0.63	0.9	32
0.78	0.76	32
0.89	0.82	32
0.9	0.95	32
1.17	0.96	32
1.17	1.09	32
1.56	1.65	32
2.44	2.28	32
3.42	2.73	32
5.85	4.67	32
10.06	7.27	32
17.37	12.57	32
32.58	23.08	32
63.78	42.93	32
121.34	82.02	32
241.49	158.37	32
469.93	361.87	32
697.57	455.76	32
920.77	597.38	32
1137.35	735.98	32
1355.75	874.56	32
1601.01	1024.92	32
1813.32	1158.41	32
2033.6	1323.34	32
0.51	0.5	32
0.6	0.65	32
0.74	0.77	32
0.82	0.8	32
0.93	0.94	32
1.12	1.16	32
1.42	1.38	32
2.08	2.25	32
2.87	3.76	32
4.94	6.85	32
8.82	12.52	32
13.28	23.16	32
24.6	43.99	32
45.71	84.55	32
86.84	162.09	32
178.55	321.52	32
344.29	642.25	32
677.44	1262.74	32
1299.47	2440.82	32
2567.18	3620.06	32
2632.71	4934.9	32
4183.52	6121.64	32
3861.02	7302.18	32
4480.41	8475.9	32
5100.27	9691.58	32
5734.8	10841.59	32
0.48	0.49	32
0.59	0.54	32
0.61	0.67	32
0.73	0.68	32
0.83	0.91	32
0.9	0.8	32
1.23	1.21	32
1.41	1.69	32
1.96	2.23	32
2.62	2.68	32
3.9	5.12	32
6.5	5.66	32
10.07	8.12	32
19.16	14.46	32
33.8	24.93	32
72.35	43.71	32
143.2	82.15	32
257.36	158.19	32
521.69	303.61	32
717.95	449.03	32
952.32	595.49	32
1164.4	753.98	32
1394.1	886.83	32
1636.87	1029.57	32
1854.48	1162.51	32
2081.41	1330.13	32
0.31	0.37	33
0.42	0.43	33
0.63	0.66	33
0.82	0.79	33
1.37	1.13	33
1.53	1.29	33
1.59	2.04	33
2.24	2.17	33
3.49	3.0	33
4.73	4.82	33
8.25	8.32	33
14.8	14.61	33
27.56	27.13	33
50.35	51.6	33
90.73	92.3	33
164.79	162.76	33
287.65	284.5	33
400.78	391.18	33
497.08	499.15	33
607.85	601.46	33
698.45	692.92	33
801.27	797.11	33
890.82	891.39	33
983.16	982.75	33
0.31	0.37	33
0.45	0.39	33
0.56	0.59	33
0.87	0.9	33
1.08	1.19	33
1.52	1.56	33
1.8	1.86	33
2.54	2.76	33
4.65	4.7	33
8.07	8.37	33
14.68	14.53	33
27.46	28.32	33
51.45	53.08	33
99.08	100.04	33
183.32	183.25	33
334.05	334.76	33
575.39	580.06	33
814.5	820.53	33
1055.49	1058.21	33
1291.98	1284.42	33
1514.63	1523.83	33
1748.27	1745.58	33
1970.45	1963.85	33
2179.28	2181.85	33
0.34	0.32	33
0.39	0.47	33
0.6	0.59	33
0.87	0.76	33
1.01	1.39	33
1.12	1.26	33
1.68	1.92	33
1.75	2.05	33
2.96	2.87	33
4.5	4.36	33
7.21	7.09	33
11.92	12.31	33
21.59	22.9	33
41.54	40.81	33
76.39	76.46	33
136.03	140.81	33
239.59	231.12	33
338.29	330.39	33
430.55	418.29	33
521.17	523.44	33
609.77	613.92	33
697.11	699.19	33
786.32	781.94	33
872.6	869.49	33
0.32	0.3	33
0.41	0.52	33
0.68	0.54	33
1.04	0.71	33
1.35	1.14	33
0.82	1.28	33
1.58	1.61	33
2.53	2.42	33
3.64	3.97	33
6.59	6.42	33
11.26	11.26	33
21.56	21.46	33
38.6	39.65	33
74.92	72.77	33
133.19	136.63	33
257.77	254.75	33
457.6	456.26	33
663.59	678.29	33
876.43	885.3	33
1066.27	1086.39	33
1266.25	1286.15	33
1471.91	1474.52	33
1695.13	1679.89	33
1860.75	1877.29	33
0.34	0.39	34
0.4	0.38	34
0.53	0.56	34
0.8	0.86	34
0.87	1.11	34
1.12	1.19	34
1.6	1.66	34
2.66	2.78	34
4.44	4.47	34
7.39	7.56	34
13.45	13.37	34
25.89	25.27	34
48.08	48.89	34
90.5	90.88	34
169.78	168.27	34
312.87	312.36	34
548.28	552.27	34
789.22	790.16	34
1019.4	1013.68	34
1239.96	1241.28	34
1466.73	1455.87	34
1677.43	1680.32	34
1886.92	1890.2	34
2095.56	2102.69	34
0.36	0.35	34
0.48	0.49	34
0.74	0.69	34
0.84	1.02	34
1.18	0.96	34
1.13	1.46	34
1.65	1.64	34
2.4	2.5	34
3.24	3.71	34
4.97	5.25	34
8.44	8.62	34
14.79	15.26	34
28.59	29.08	34
52.75	54.96	34
98.56	96.11	34
173.98	176.12	34
288.75	290.82	34
402.38	399.18	34
511.81	507.94	34
610.42	615.36	34
714.16	707.02	34
810.22	803.1	34
900.34	898.29	34
1005.49	990.93	34
0.34	0.35	34
0.39	0.38	34
0.6	0.57	34
0.66	0.74	34
1.05	0.98	34
1.16	1.25	34
1.32	1.81	34
2.05	2.48	34
3.53	3.66	34
6.0	6.49	34
11.32	11.62	34
21.68	20.99	34
38.65	39.41	34
71.55	73.66	34
136.35	139.18	34
252.21	258.98	34
462.48	465.76	34
670.03	666.11	34
875.21	871.24	34
1069.17	1076.42	34
1271.63	1262.45	34
1469.53	1485.73	34
1658.7	1662.41	34
1871.8	1853.17	34
0.33	0.32	34
0.39	0.41	34
0.62	0.59	34
0.91	0.92	34
0.98	1.25	34
1.0	1.25	34
1.49	1.7	34
2.15	2.69	34
2.94	3.03	34
4.22	4.48	34
7.38	7.08	34
12.16	12.15	34
22.7	23.01	34
41.47	42.16	34
76.69	77.0	34
139.6	137.98	34
235.66	241.02	34
330.95	336.26	34
431.12	432.25	34
524.76	526.16	34
624.15	615.33	34
703.57	712.77	34
784.86	784.35	34
864.94	865.49	34
0.33	0.36	35
0.43	0.39	35
0.69	0.51	35
0.77	0.97	35
0.84	1.04	35
0.95	1.67	35
1.76	1.96	35
1.97	2.27	35
3.34	3.46	35
4.83	5.29	35
8.15	8.43	35
14.23	14.46	35
27.45	27.55	35
50.66	50.81	35
95.26	93.74	35
161.19	166.06	35
282.6	284.24	35
397.84	392.12	35
500.65	494.5	35
604.34	603.96	35
707.13	714.6	35
809.24	809.82	35
903.18	903.04	35
987.21	986.97	35
0.33	0.4	35
0.43	0.5	35
0.62	0.7	35
0.87	1.03	35
0.97	1.29	35
1.35	1.52	35
2.07	2.21	35
2.92	2.72	35
4.74	4.34	35
7.93	8.63	35
15.4	15.32	35
28.3	29.31	35
54.42	55.18	35
103.47	103.67	35
192.54	188.91	35
339.23	342.43	35
612.61	605.35	35
862.17	868.85	35
1123.23	1123.01	35
1372.06	1372.56	35
1625.42	1614.49	35
1855.75	1860.01	35
2097.21	2095.0	35
2321.12	2319.38	35
0.32	0.36	35
0.43	0.44	35
0.55	0.64	35
0.78	0.92	35
1.28	1.16	35
1.31	1.17	35
1.44	1.58	35
1.89	2.31	35
2.78	2.84	35
4.58	4.67	35
7.6	7.01	35
11.73	12.47	35
22.19	22.35	35
42.23	41.96	35
76.16	76.0	35
131.76	135.5	35
240.03	239.37	35
336.44	337.12	35
434.93	431.14	35
534.72	533.19	35
624.9	624.2	35
708.98	709.6	35
788.57	797.72	35
875.3	865.87	35
0.4	0.32	35
0.39	0.41	35
0.67	0.55	35
0.88	0.86	35
1.34	1.15	35
1.16	1.38	35
2.06	1.72	35
2.3	2.74	35
3.99	3.93	35
7.02	6.77	35
13.44	13.05	35
23.22	24.2	35
45.28	45.72	35
81.9	82.91	35
150.78	154.56	35
284.45	284.64	35
514.52	515.22	35
732.55	736.66	35
959.09	976.38	35
1179.38	1187.2	35
1402.61	1395.41	35
1637.3	1639.35	35
1832.92	1833.4	35
2042.83	2043.72	35
0.35	0.34	36
0.48	0.45	36
0.65	0.6	36
0.85	1.05	36
1.31	1.18	36
1.41	1.61	36
1.98	2.26	36
2.92	3.07	36
4.74	5.09	36
8.1	8.89	36
14.63	16.32	36
28.31	29.07	36
54.15	54.9	36
101.59	103.63	36
186.34	190.82	36
334.16	342.22	36
579.85	582.99	36
836.08	836.85	36
1050.27	1056.85	36
1271.36	1268.29	36
1479.33	1483.15	36
1680.38	1692.48	36
1933.98	1944.46	36
2133.73	2151.59	36
0.32	0.41	36
0.49	0.49	36
0.63	0.66	36
0.96	0.99	36
1.23	1.52	36
0.99	1.87	36
1.73	1.55	36
2.38	2.36	36
3.65	3.56	36
5.12	5.54	36
8.95	9.36	36
15.98	15.88	36
30.01	29.38	36
56.21	57.77	36
101.4	103.29	36
178.78	171.45	36
289.13	292.35	36
403.0	400.69	36
512.29	515.68	36
609.29	611.21	36
709.43	709.43	36
811.4	805.66	36
904.5	902.27	36
988.35	990.23	36
0.36	0.35	36
0.46	0.35	36
0.53	0.65	36
0.83	0.84	36
1.09	1.12	36
1.26	1.22	36
1.78	2.03	36
2.47	2.56	36
3.94	4.06	36
6.82	7.32	36
12.94	13.27	36
23.99	24.06	36
45.53	46.55	36
85.0	84.71	36
155.56	155.06	36
281.58	282.74	36
520.72	512.77	36
731.77	747.17	36
981.65	947.34	36
1179.57	1196.79	36
1371.1	1395.04	36
1583.76	1582.51	36
1758.16	1782.82	36
1972.23	1947.85	36
0.36	0.39	36
0.41	0.51	36
0.57	0.58	36
1.03	1.06	36
1.17	1.37	36
1.25	1.55	36
2.0	1.86	36
1.99	2.6	36
3.45	3.2	36
5.29	5.4	36
8.33	9.07	36
14.86	15.02	36
27.95	28.6	36
51.48	52.35	36
93.57	94.3	36
167.37	168.18	36
269.78	273.14	36
359.47	358.79	36
455.57	464.51	36
550.37	548.53	36
637.09	635.4	36
727.8	732.6	36
821.82	807.96	36
892.93	895.28	36
0.39	0.41	37
0.54	0.51	37
0.75	0.73	37
1.39	1.29	37
1.32	0.99	37
2.22	1.97	37
1.74	2.27	37
2.93	2.41	37
4.1	4.12	37
6.09	5.85	37
9.15	9.62	37
15.16	15.2	37
23.36	23.53	37
37.93	38.71	37
71.88	70.59	37
132.26	134.45	37
251.27	252.78	37
371.83	371.81	37
490.22	490.26	37
604.01	605.11	37
734.7	729.08	37
844.5	849.05	37
966.83	960.33	37
1081.8	1080.8	37
0.35	0.44	37
0.49	0.53	37
0.69	0.79	37
1.11	1.3	37
1.33	1.83	37
1.67	2.26	37
2.57	2.96	37
4.53	4.08	37
7.01	6.68	37
10.74	11.45	37
18.65	19.07	37
29.89	29.95	37
49.6	47.27	37
85.64	86.89	37
153.44	154.81	37
302.38	299.13	37
575.36	576.91	37
849.35	852.59	37
1125.43	1122.32	37
1400.75	1404.95	37
1677.53	1678.19	37
1956.67	1952.53	37
2229.79	2221.86	37
2501.9	2497.97	37
0.36	0.39	37
0.5	0.54	37
0.72	0.69	37
1.13	1.1	37
1.12	1.07	37
1.45	1.78	37
1.51	2.05	37
2.36	2.35	37
3.64	3.27	37
4.47	5.46	37
8.27	8.41	37
12.69	13.43	37
22.15	20.65	37
34.95	37.11	37
63.15	65.6	37
118.16	119.0	37
223.1	223.07	37
328.83	320.62	37
431.14	432.3	37
530.03	525.76	37
632.21	634.68	37
731.02	730.08	37
836.93	829.07	37
932.32	937.16	37
0.36	0.41	37
0.54	0.51	37
0.77	0.63	37
0.94	1.14	37
1.3	1.49	37
1.49	2.15	37
2.27	2.5	37
3.68	3.45	37
5.58	6.15	37
9.74	9.77	37
16.0	15.43	37
25.1	24.68	37
40.49	40.44	37
70.36	69.74	37
131.56	130.72	37
248.21	244.61	37
473.05	474.02	37
707.68	703.06	37
911.77	919.31	37
1124.45	1136.45	37
1355.83	1355.19	37
1605.11	1591.05	37
1818.02	1800.49	37
2049.88	2046.76	37
0.4	0.37	38
0.55	0.55	38
0.72	0.75	38
0.95	1.27	38
1.53	2.08	38
1.97	2.17	38
2.28	2.51	38
3.98	3.92	38
6.26	6.48	38
11.38	11.59	38
19.26	18.87	38
29.61	28.6	38
46.31	46.23	38
79.3	77.8	38
144.13	142.91	38
275.26	276.55	38
526.7	527.54	38
771.8	769.37	38
1018.79	1020.66	38
1275.74	1270.97	38
1521.78	1520.14	38
1809.57	1765.6	38
2084.04	2067.98	38
2350.17	2340.49	38
0.42	0.43	38
0.55	0.55	38
0.91	0.94	38
1.43	1.15	38
1.42	2.05	38
1.76	1.57	38
2.71	2.54	38
2.37	2.5	38
4.35	4.46	38
6.11	5.88	38
9.4	10.56	38
15.57	14.67	38
23.51	23.3	38
38.8	38.83	38
68.9	68.94	38
128.56	133.19	38
246.38	245.11	38
358.29	366.13	38
479.75	480.88	38
596.97	594.19	38
720.53	715.29	38
845.43	832.3	38
946.28	946.35	38
1061.54	1062.14	38
0.37	0.37	38
0.48	0.45	38
0.65	0.67	38
0.96	1.06	38
1.03	1.04	38
1.59	2.05	38
2.22	2.0	38
2.93	3.39	38
4.93	5.18	38
8.31	8.26	38
14.66	14.36	38
24.16	23.0	38
38.42	39.05	38
69.14	70.97	38
133.24	125.9	38
242.11	245.61	38
464.58	476.13	38
709.3	683.05	38
900.18	900.91	38
1115.21	1111.36	38
1335.09	1344.78	38
1570.97	1548.75	38
1767.19	1776.82	38
2015.97	1975.29	38
0.37	0.4	38
0.53	0.52	38
0.76	0.82	38
1.11	1.06	38
1.67	1.74	38
1.52	1.72	38
2.04	1.95	38
2.57	2.88	38
3.65	3.94	38
5.41	5.87	38
8.75	9.03	38
12.98	14.04	38
21.25	21.39	38
35.8	34.87	38
65.1	62.15	38
113.93	120.39	38
218.71	215.42	38
309.67	313.82	38
413.9	412.59	38
499.57	509.73	38
612.3	589.34	38
683.0	690.22	38
781.44	786.19	38
860.26	871.42	38
0.44	0.42	39
0.57	0.54	39
0.89	0.79	39
1.13	1.29	39
1.34	2.12	39
1.42	1.75	39
1.79	2.2	39
2.54	3.14	39
3.41	3.7	39
5.52	5.94	39
9.82	9.8	39
14.78	14.89	39
23.59	23.5	39
37.45	39.21	39
69.42	68.97	39
129.67	130.71	39
248.74	245.37	39
361.75	359.81	39
475.6	474.21	39
592.9	593.87	39
711.63	707.42	39
837.72	830.2	39
968.38	956.39	39
1072.65	1068.89	39
0.42	0.45	39
0.6	0.53	39
0.81	0.88	39
1.1	1.08	39
1.54	1.79	39
1.68	2.18	39
2.87	2.9	39
4.28	4.16	39
7.86	7.24	39
12.88	12.39	39
20.88	20.4	39
31.84	29.8	39
50.07	49.61	39
84.84	88.54	39
160.01	157.95	39
307.1	304.59	39
581.55	581.74	39
862.0	858.14	39
1136.69	1138.82	39
1412.71	1412.02	39
1691.52	1696.89	39
1969.11	1984.27	39
2256.61	2260.65	39
2532.87	2535.82	39
0.33	0.37	39
0.54	0.5	39
0.71	0.74	39
1.09	1.23	39
1.4	1.69	39
1.37	1.99	39
1.85	1.77	39
2.38	2.22	39
3.11	3.7	39
4.88	5.53	39
8.26	8.14	39
12.69	13.36	39
19.92	20.17	39
31.92	33.07	39
60.89	57.85	39
108.89	114.44	39
201.88	204.89	39
302.02	288.44	39
389.72	385.55	39
479.58	479.32	39
570.64	571.26	39
660.8	670.06	39
747.88	761.12	39
841.86	837.49	39
0.38	0.42	39
0.49	0.46	39
0.74	0.76	39
1.02	1.1	39
1.76	1.4	39
1.58	1.66	39
2.19	2.64	39
3.51	3.7	39
6.25	6.11	39
11.31	10.26	39
17.14	17.66	39
26.93	25.37	39
44.13	42.79	39
76.36	75.94	39
140.09	140.13	39
262.89	267.99	39
503.58	501.27	39
720.88	737.43	39
958.97	966.17	39
1175.58	1192.18	39
1448.3	1439.9	39
1677.6	1684.22	39
1916.44	1943.82	39
2154.65	2160.87	39
0.43	0.35	40
0.52	0.5	40
0.67	0.68	40
0.88	1.14	40
1.11	1.78	40
1.87	2.11	40
2.49	2.51	40
3.85	3.83	40
6.16	5.98	40
10.63	10.99	40
18.32	17.49	40
28.33	27.88	40
45.66	46.81	40
81.42	82.17	40
150.89	149.86	40
291.09	288.89	40
562.16	556.22	40
822.2	820.01	40
1118.58	1083.42	40
1389.39	1389.42	40
1658.26	1661.76	40
1926.25	1945.17	40
2208.29	2206.22	40
2475.64	2475.62	40
0.45	0.44	40
0.58	0.54	40
0.9	0.85	40
1.26	1.44	40
1.61	1.57	40
1.77	2.19	40
2.2	2.57	40
2.64	3.11	40
4.08	4.02	40
6.41	5.95	40
9.35	9.19	40
15.05	14.79	40
24.47	23.73	40
39.0	39.89	40
72.29	72.32	40
137.29	136.58	40
253.61	259.66	40
374.19	379.88	40
499.44	497.06	40
611.28	620.26	40
733.4	735.4	40
850.87	856.23	40
975.39	974.66	40
1089.3	1099.35	40
0.34	0.36	40
0.48	0.43	40
0.7	0.66	40
0.89	1.09	40
1.55	1.18	40
1.31	1.75	40
2.17	1.97	40
3.04	3.09	40
5.0	5.25	40
8.47	8.32	40
14.45	14.53	40
22.98	23.5	40
37.77	38.96	40
67.68	68.24	40
124.87	122.95	40
236.38	238.73	40
448.25	453.21	40
656.04	660.97	40
868.89	874.84	40
1070.83	1082.92	40
1284.44	1282.65	40
1478.46	1510.32	40
1697.62	1714.25	40
1918.27	1908.71	40
0.36	0.37	40
0.51	0.54	40
0.75	0.7	40
1.23	1.0	40
1.33	1.59	40
1.42	1.73	40
1.56	1.84	40
2.37	2.64	40
3.39	3.55	40
4.83	5.58	40
7.9	8.34	40
12.61	12.73	40
20.54	19.47	40
35.0	33.95	40
63.89	62.94	40
116.2	115.64	40
221.6	226.52	40
322.57	321.79	40
422.43	422.89	40
521.84	529.3	40
630.36	617.2	40
738.3	729.57	40
820.95	823.93	40
929.44	927.65	40
0.26	0.28	41
0.34	0.34	41
0.38	0.44	41
0.51	0.57	41
0.9	0.67	41
0.68	0.87	41
0.81	0.98	41
0.87	1.06	41
1.17	1.08	41
1.26	1.18	41
1.42	1.55	41
2.16	1.74	41
3.38	3.01	41
5.49	4.98	41
9.42	8.08	41
16.52	14.23	41
30.95	25.33	41
50.55	47.24	41
106.79	93.22	41
174.89	172.66	41
308.63	253.05	41
399.76	336.51	41
495.12	418.29	41
642.55	528.51	41
697.01	654.68	41
720.2	662.7	41
891.67	744.02	41
0.32	0.33	41
0.35	0.39	41
0.55	0.53	41
0.56	0.75	41
0.79	0.64	41
0.9	0.84	41
1.15	0.95	41
0.93	1.03	41
1.6	1.33	41
2.6	1.94	41
4.08	4.59	41
5.89	7.74	41
7.45	13.63	41
14.36	26.43	41
28.13	42.59	41
57.26	86.68	41
108.84	203.45	41
277.79	406.02	41
540.76	798.26	41
1071.65	1552.14	41
2359.08	2354.61	41
2140.9	3131.57	41
2634.76	3845.93	41
2395.13	4555.42	41
2727.97	5181.76	41
3971.66	5828.96	41
4432.21	6482.86	41
0.25	0.24	41
0.31	0.3	41
0.37	0.38	41
0.54	0.53	41
0.64	0.61	41
0.58	0.64	41
0.8	0.83	41
0.78	0.73	41
0.96	0.92	41
1.14	1.48	41
1.61	1.47	41
1.98	2.65	41
3.13	3.44	41
5.98	5.54	41
8.02	8.58	41
18.77	14.05	41
34.07	25.37	41
63.69	47.6	41
118.29	92.34	41
224.99	173.51	41
360.18	256.48	41
448.37	334.29	41
460.01	416.25	41
607.35	498.13	41
688.5	580.95	41
658.02	663.53	41
990.39	743.6	41
0.29	0.27	41
0.35	0.29	41
0.37	0.45	41
0.5	0.45	41
0.67	0.6	41
0.81	0.73	41
0.75	0.78	41
1.06	0.99	41
1.4	1.42	41
1.72	2.14	41
2.74	3.75	41
5.05	6.08	41
5.91	11.5	41
11.82	21.06	41
29.39	42.2	41
43.35	82.46	41
82.13	164.46	41
160.95	314.46	41
311.66	545.5	41
599.02	1196.51	41
874.99	1850.73	41
1548.48	2328.78	41
1446.62	2972.35	41
1711.77	3456.2	41
1995.82	4011.62	41
3045.51	4575.5	41
3440.52	4337.91	41
0.27	0.3	42
0.35	0.35	42
0.41	0.41	42
0.6	0.54	42
0.81	0.75	42
0.8	0.67	42
0.67	0.76	42
0.93	0.81	42
1.11	1.06	42
1.36	1.24	42
2.12	2.26	42
3.04	3.34	42
4.73	4.79	42
9.29	9.1	42
17.8	16.55	42
33.08	30.85	42
64.75	59.2	42
128.0	118.25	42
237.08	233.92	42
490.6	440.71	42
739.83	658.3	42
930.76	869.4	42
1158.21	1080.01	42
1340.73	1310.96	42
1616.74	1509.25	42
1902.72	1722.98	42
2154.76	1943.88	42
0.33	0.3	42
0.35	0.35	42
0.48	0.47	42
0.56	0.65	42
0.7	0.7	42
0.73	0.93	42
1.26	0.99	42
1.04	1.07	42
1.12	1.27	42
2.09	2.47	42
3.24	3.56	42
4.28	5.83	42
6.26	10.67	42
11.17	20.3	42
28.44	39.94	42
43.41	66.27	42
107.33	153.89	42
213.99	308.11	42
331.42	606.95	42
605.16	1131.76	42
874.73	1640.4	42
1476.42	1816.97	42
1408.31	2667.49	42
1674.2	3192.98	42
2571.45	3747.47	42
2290.23	4313.15	42
2577.26	4848.47	42
0.27	0.31	42
0.34	0.33	42
0.4	0.4	42
0.51	0.43	42
0.56	0.68	42
0.63	0.72	42
0.77	0.74	42
0.76	0.82	42
1.03	1.04	42
1.2	1.43	42
1.92	2.19	42
3.51	3.12	42
5.14	4.92	42
9.32	9.04	42
17.46	17.94	42
30.53	28.66	42
65.1	55.95	42
116.51	107.59	42
231.92	212.63	42
450.15	408.2	42
689.3	606.57	42
874.59	804.67	42
1125.38	993.36	42
1302.27	1193.58	42
1500.01	1510.04	42
1721.38	1597.28	42
1990.9	1939.79	42
0.31	0.29	42
0.34	0.32	42
0.39	0.44	42
0.43	0.5	42
0.69	0.54	42
0.69	0.71	42
0.84	0.67	42
0.99	0.94	42
1.1	1.33	42
1.49	1.77	42
2.78	2.57	42
3.53	5.54	42
5.52	9.63	42
11.64	16.9	42
16.95	32.19	42
32.8	62.3	42
103.21	123.91	42
126.52	243.91	42
249.94	484.99	42
488.62	943.73	42
718.11	1491.57	42
935.51	1556.69	42
1174.87	2303.94	42
1842.62	2304.75	42
1662.37	3353.58	42
1923.89	3763.86	42
2196.5	4260.27	42
0.3	0.29	43
0.29	0.31	43
0.45	0.5	43
0.55	0.5	43
0.67	0.76	43
0.82	0.89	43
0.87	0.89	43
1.27	0.88	43
1.37	1.35	43
1.97	2.0	43
2.84	3.17	43
4.88	4.98	43
6.92	9.63	43
12.13	18.23	43
19.26	36.42	43
37.75	70.31	43
95.37	141.78	43
145.97	276.21	43
373.99	554.84	43
559.39	1076.73	43
829.81	1592.4	43
1439.03	2115.9	43
1791.34	2636.4	43
2145.96	3181.61	43
3081.44	3671.65	43
2176.08	4199.08	43
3936.83	4699.25	43
0.35	0.35	43
0.35	0.39	43
0.42	0.48	43
0.57	0.6	43
0.76	0.7	43
0.77	0.96	43
0.81	0.7	43
0.84	0.97	43
0.97	1.27	43
1.3	1.36	43
2.24	1.77	43
2.75	3.0	43
4.95	4.67	43
9.07	8.98	43
16.88	15.6	43
32.52	30.48	43
64.69	57.4	43
127.36	116.05	43
252.87	237.65	43
489.93	444.98	43
701.17	660.85	43
896.84	867.76	43
1164.41	1083.81	43
1392.02	1342.18	43
1561.22	1508.27	43
1780.41	1720.96	43
2072.15	1940.2	43
0.28	0.29	43
0.3	0.3	43
0.42	0.41	43
0.53	0.46	43
0.55	0.63	43
0.7	0.64	43
0.78	0.7	43
0.95	1.03	43
1.25	1.18	43
1.78	1.64	43
2.7	2.58	43
3.82	5.03	43
7.48	8.77	43
9.69	16.28	43
21.62	31.93	43
42.74	62.19	43
121.16	130.39	43
124.06	240.59	43
245.3	477.41	43
477.56	776.24	43
705.04	1152.7	43
927.11	1833.56	43
1152.1	2279.66	43
1376.86	2729.22	43
2137.54	3292.27	43
1827.4	3620.07	43
2064.67	4073.8	43
0.27	0.29	43
0.34	0.32	43
0.4	0.4	43
0.46	0.42	43
0.64	0.62	43
0.62	0.65	43
0.76	0.84	43
0.86	0.86	43
1.05	1.12	43
1.33	1.36	43
2.08	2.04	43
3.07	3.15	43
5.34	5.41	43
9.37	10.35	43
16.45	17.99	43
32.53	29.04	43
54.51	55.66	43
118.51	107.96	43
226.93	210.44	43
467.67	408.43	43
671.37	606.96	43
854.95	895.31	43
1170.58	1028.73	43
1334.18	1227.86	43
1602.3	1426.92	43
1750.61	1755.89	43
2035.45	1836.57	43
0.26	0.24	44
0.29	0.33	44
0.35	0.42	44
0.53	0.52	44
0.57	0.48	44
0.76	0.69	44
0.76	0.83	44
0.99	0.94	44
1.17	1.26	44
2.04	1.85	44
3.21	2.88	44
5.36	5.26	44
8.55	10.68	44
20.03	22.35	44
23.13	40.57	44
71.25	85.37	44
142.85	143.85	44
175.94	337.27	44
345.28	671.19	44
674.85	1314.21	44
999.73	1948.97	44
1743.57	2578.62	44
2182.15	3222.26	44
1984.91	3852.86	44
2316.64	4482.75	44
2641.95	5113.85	44
2959.87	5749.91	44
0.27	0.27	44
0.29	0.3	44
0.4	0.38	44
0.59	0.58	44
0.66	0.48	44
0.75	0.68	44
0.85	0.75	44
0.78	0.89	44
0.86	1.12	44
1.25	1.04	44
1.65	1.66	44
2.06	2.4	44
3.2	3.0	44
5.08	5.14	44
8.91	7.73	44
16.0	14.25	44
30.92	24.98	44
51.12	46.37	44
105.82	88.58	44
203.56	171.69	44
304.63	251.83	44
398.19	331.39	44
495.84	423.35	44
640.58	501.55	44
686.33	571.52	44
788.24	659.05	44
809.36	756.64	44
0.25	0.25	44
0.31	0.28	44
0.35	0.37	44
0.48	0.48	44
0.54	0.6	44
0.71	0.55	44
0.77	0.71	44
0.76	0.81	44
1.32	1.17	44
1.54	1.84	44
3.02	3.14	44
4.86	5.47	44
5.46	10.43	44
10.51	19.48	44
19.82	39.57	44
38.2	76.11	44
100.78	149.51	44
148.85	295.08	44
296.42	587.56	44
565.76	1141.6	44
1136.19	1697.06	44
1126.96	2257.42	44
2341.7	2801.3	44
1676.69	3368.42	44
1933.76	3927.57	44
2225.33	4474.05	44
2467.28	5200.43	44
0.25	0.23	44
0.31	0.34	44
0.41	0.36	44
0.49	0.5	44
0.63	0.62	44
0.6	0.64	44
0.83	0.72	44
0.89	0.87	44
0.98	1.23	44
1.12	1.17	44
1.58	1.78	44
2.4	2.63	44
3.07	3.7	44
5.9	5.57	44
8.91	8.46	44
18.2	14.18	44
33.87	25.84	44
67.51	64.89	44
97.34	90.79	44
219.82	170.48	44
310.92	253.54	44
442.85	330.83	44
492.03	417.27	44
687.63	579.17	44
752.84	636.85	44
865.97	658.4	44
882.56	813.53	44
0.42	0.36	45
0.56	0.49	45
0.78	0.67	45
0.86	1.06	45
1.34	1.34	45
1.27	1.22	45
1.83	1.66	45
2.44	2.07	45
3.25	3.33	45
5.09	5.39	45
8.3	8.59	45
14.67	14.58	45
25.88	25.53	45
38.91	39.67	45
63.98	65.45	45
113.34	111.85	45
203.44	208.02	45
299.4	296.11	45
387.19	390.71	45
477.25	484.91	45
569.86	575.41	45
659.38	663.65	45
752.91	752.19	45
846.34	844.78	45
0.38	0.36	45
0.47	0.49	45
0.69	0.62	45
0.97	0.94	45
0.91	1.25	45
1.61	1.4	45
1.81	1.65	45
2.77	3.06	45
4.42	4.7	45
7.24	7.45	45
13.64	14.14	45
24.18	24.83	45
42.27	43.14	45
73.4	76.14	45
134.76	134.0	45
252.47	251.88	45
477.03	479.9	45
705.61	704.02	45
927.53	928.79	45
1150.64	1152.87	45
1382.49	1372.9	45
1597.73	1598.61	45
1824.05	1823.3	45
2046.15	2046.57	45
0.34	0.32	45
0.47	0.44	45
0.59	0.46	45
0.88	0.8	45
1.33	1.05	45
1.06	1.43	45
1.51	1.67	45
1.99	2.05	45
2.9	3.15	45
3.94	4.16	45
6.84	7.06	45
11.01	11.43	45
19.82	21.35	45
33.03	33.36	45
53.8	52.84	45
96.08	104.24	45
181.02	181.86	45
257.83	267.18	45
330.9	342.48	45
419.14	423.41	45
505.46	496.44	45
576.37	569.2	45
649.51	654.62	45
736.62	730.59	45
0.36	0.34	45
0.43	0.42	45
0.56	0.52	45
0.78	0.77	45
0.79	1.08	45
1.44	1.38	45
1.32	1.52	45
2.26	2.38	45
3.46	3.72	45
6.11	6.07	45
10.97	11.22	45
19.13	18.96	45
35.66	35.76	45
61.06	62.86	45
115.78	114.1	45
221.12	219.52	45
418.93	412.71	45
624.39	637.45	45
824.29	846.65	45
1013.3	1026.21	45
1239.3	1225.81	45
1425.75	1429.75	45
1618.74	1638.26	45
1834.18	1818.87	45
0.32	0.31	46
0.42	0.43	46
0.52	0.52	46
0.82	0.74	46
1.13	1.32	46
1.32	1.34	46
1.92	1.83	46
2.61	2.63	46
4.5	4.35	46
7.48	7.71	46
14.01	13.34	46
23.58	23.71	46
42.24	42.63	46
73.96	73.17	46
131.55	131.2	46
248.35	248.13	46
467.57	464.87	46
690.95	691.79	46
905.36	917.99	46
1149.51	1146.72	46
1389.58	1381.61	46
1620.94	1619.84	46
1853.34	1865.37	46
2111.4	2096.03	46
0.37	0.36	46
0.38	0.47	46
0.63	0.52	46
0.78	0.84	46
1.18	1.12	46
1.19	1.21	46
1.52	1.53	46
2.06	2.36	46
3.2	3.4	46
4.58	4.94	46
8.33	8.07	46
14.22	14.23	46
25.19	23.69	46
39.1	39.6	46
63.84	63.66	46
110.13	111.62	46
203.45	203.54	46
292.73	294.34	46
385.83	387.27	46
479.02	478.26	46
568.74	568.25	46
663.39	658.19	46
770.94	747.44	46
840.53	846.87	46
0.3	0.31	46
0.37	0.38	46
0.54	0.57	46
0.75	0.81	46
0.86	1.15	46
1.35	1.34	46
1.48	1.58	46
1.99	2.31	46
3.51	3.51	46
5.65	5.94	46
10.14	10.37	46
18.54	18.87	46
34.48	35.13	46
62.11	60.7	46
111.24	108.97	46
214.58	214.65	46
405.1	402.68	46
592.64	595.04	46
772.27	787.81	46
975.36	988.92	46
1144.14	1166.75	46
1344.32	1347.85	46
1546.29	1522.79	46
1733.97	1709.94	46
0.33	0.33	46
0.42	0.45	46
0.57	0.49	46
0.83	0.88	46
1.26	1.2	46
1.37	1.51	46
1.37	1.67	46
1.72	2.15	46
2.64	2.94	46
4.08	4.36	46
6.57	6.91	46
11.56	11.49	46
21.2	21.07	46
33.05	33.83	46
56.26	56.13	46
96.0	95.71	46
176.06	175.11	46
252.18	258.82	46
326.42	340.8	46
407.34	405.15	46
499.44	488.44	46
566.04	561.24	46
627.96	635.36	46
707.15	730.51	46
0.37	0.4	47
0.5	0.48	47
0.6	0.66	47
0.81	0.88	47
1.17	1.29	47
1.27	1.43	47
1.67	1.86	47
1.99	2.34	47
3.06	3.05	47
4.9	4.97	47
8.55	8.04	47
14.04	14.06	47
24.42	24.37	47
37.58	37.14	47
63.52	63.13	47
111.34	111.24	47
203.18	202.78	47
291.68	294.44	47
382.8	397.02	47
472.03	475.81	47
568.98	567.57	47
659.7	660.16	47
750.68	751.67	47
829.72	842.36	47
0.45	0.37	47
0.46	0.45	47
0.64	0.65	47
0.85	0.8	47
0.97	1.0	47
1.28	1.72	47
1.67	1.83	47
2.57	2.6	47
4.5	4.52	47
8.02	7.9	47
12.98	13.24	47
23.9	23.76	47
42.71	42.47	47
73.42	73.35	47
128.23	130.49	47
248.24	249.54	47
467.27	470.16	47
685.98	695.67	47
907.3	907.7	47
1127.87	1127.96	47
1349.95	1352.16	47
1566.15	1566.87	47
1787.94	1791.36	47
2005.17	2008.81	47
0.33	0.3	47
0.4	0.36	47
0.57	0.61	47
0.85	0.79	47
0.87	1.3	47
1.29	1.22	47
1.72	1.51	47
1.59	1.85	47
2.61	2.8	47
4.29	4.48	47
6.88	6.4	47
11.12	11.4	47
21.28	20.0	47
31.91	32.79	47
52.23	54.18	47
95.21	98.01	47
174.19	176.38	47
244.63	252.74	47
332.21	321.31	47
400.33	392.97	47
476.06	479.06	47
544.86	553.55	47
618.03	632.03	47
707.58	697.41	47
0.34	0.38	47
0.43	0.43	47
0.63	0.53	47
0.76	0.79	47
0.98	1.11	47
1.25	1.63	47
1.59	1.59	47
2.16	2.28	47
3.49	3.64	47
5.78	5.97	47
10.05	10.42	47
18.52	19.52	47
35.25	33.79	47
61.32	60.83	47
114.52	111.22	47
215.07	217.16	47
406.63	407.76	47
605.5	602.7	47
827.11	794.21	47
1003.92	1011.41	47
1202.09	1216.78	47
1405.73	1391.16	47
1585.14	1602.79	47
1780.87	1793.57	47
0.33	0.32	48
0.4	0.42	48
0.61	0.54	48
0.63	0.74	48
0.95	0.85	48
1.28	1.33	48
1.62	1.6	48
2.49	2.37	48
4.05	4.09	48
7.24	7.51	48
13.28	13.73	48
24.06	23.2	48
43.79	42.79	48
72.11	74.06	48
131.26	132.54	48
250.43	249.53	48
475.07	473.7	48
696.92	696.78	48
921.83	923.12	48
1144.22	1144.6	48
1369.23	1367.56	48
1591.56	1594.36	48
1815.37	1817.06	48
2040.96	2037.05	48
0.43	0.32	48
0.43	0.41	48
0.53	0.59	48
0.76	1.01	48
0.93	1.35	48
1.51	1.23	48
1.67	1.78	48
2.11	2.22	48
3.32	3.11	48
4.64	5.13	48
8.01	8.26	48
14.34	14.08	48
23.8	24.78	48
34.62	38.51	48
63.76	64.03	48
112.52	111.79	48
203.86	205.66	48
294.99	295.77	48
389.5	388.25	48
478.03	474.66	48
565.01	570.04	48
658.58	670.37	48
750.84	753.27	48
842.86	836.4	48
0.3	0.28	48
0.38	0.38	48
0.41	0.45	48
0.72	0.63	48
1.06	1.07	48
1.02	1.17	48
1.3	1.53	48
1.91	2.07	48
3.48	3.49	48
5.71	5.71	48
10.51	10.17	48
18.63	18.68	48
32.45	33.89	48
60.6	60.93	48
111.57	111.44	48
209.28	209.52	48
403.2	395.65	48
583.0	586.32	48
767.69	771.8	48
972.76	964.66	48
1164.2	1154.97	48
1336.1	1328.03	48
1536.99	1524.84	48
1692.21	1709.67	48
0.3	0.33	48
0.4	0.47	48
0.53	0.66	48
0.88	0.86	48
0.91	1.0	48
1.23	1.2	48
1.66	1.64	48
1.81	2.08	48
2.5	2.79	48
3.98	4.4	48
6.55	7.28	48
11.23	11.37	48
19.75	20.09	48
32.82	32.83	48
54.32	55.54	48
100.4	99.04	48
178.37	175.86	48
263.11	266.05	48
346.14	348.3	48
434.22	421.28	48
490.36	502.78	48
594.38	571.04	48
650.58	647.71	48
739.22	732.43	48
0.31	0.29	49
0.36	0.33	49
0.5	0.47	49
0.66	0.7	49
0.8	1.01	49
1.09	1.22	49
1.32	1.38	49
1.95	2.02	49
2.77	2.85	49
4.4	4.61	49
7.78	7.76	49
13.55	13.55	49
24.65	24.69	49
43.17	44.47	49
73.03	72.06	49
130.04	130.93	49
236.67	236.61	49
346.17	344.25	49
451.69	452.16	49
559.09	559.08	49
663.29	664.89	49
772.68	773.5	49
877.85	880.65	49
982.99	990.45	49
0.35	0.34	49
0.45	0.47	49
0.57	0.54	49
0.67	0.69	49
1.03	1.06	49
1.07	1.33	49
1.48	1.74	49
1.92	2.29	49
3.97	3.96	49
6.14	6.17	49
11.57	11.38	49
21.85	21.66	49
39.94	39.71	49
76.2	75.55	49
140.73	142.5	49
270.2	266.9	49
504.73	505.45	49
737.07	739.92	49
977.64	975.94	49
1208.71	1217.05	49
1445.34	1443.56	49
1679.5	1669.79	49
1913.37	1905.59	49
2148.53	2148.26	49
0.28	0.3	49
0.36	0.36	49
0.45	0.46	49
0.63	0.71	49
0.76	0.96	49
0.72	1.1	49
1.35	1.16	49
1.46	1.62	49
2.27	2.63	49
3.71	3.65	49
5.97	6.14	49
10.18	10.73	49
18.84	18.68	49
34.21	33.89	49
59.54	59.13	49
107.85	103.95	49
205.73	190.21	49
277.69	274.95	49
370.34	363.97	49
450.67	447.37	49
524.31	547.24	49
605.84	616.51	49
709.59	696.05	49
790.83	781.09	49
0.28	0.31	49
0.41	0.36	49
0.46	0.5	49
0.66	0.69	49
0.66	1.02	49
1.04	1.14	49
1.14	1.48	49
1.67	1.89	49
2.92	3.02	49
5.11	5.19	49
8.97	9.13	49
16.83	16.89	49
31.89	31.71	49
61.05	60.89	49
112.76	111.71	49
213.88	213.39	49
405.82	398.12	49
585.31	591.52	49
787.5	787.67	49
963.32	978.55	49
1153.71	1150.81	49
1316.25	1341.26	49
1530.31	1517.6	49
1715.68	1728.73	49
0.38	0.38	50
0.45	0.4	50
0.53	0.58	50
0.66	0.74	50
0.84	1.0	50
1.07	1.24	50
1.33	1.48	50
2.14	2.07	50
3.54	3.71	50
6.19	6.49	50
11.8	11.5	50
20.95	20.73	50
39.78	40.68	50
73.83	73.65	50
135.98	134.44	50
254.78	253.87	50
485.6	488.95	50
717.11	712.47	50
946.09	945.16	50
1173.51	1176.98	50
1407.05	1407.0	50
1636.12	1641.18	50
1863.58	1859.68	50
2100.65	2095.95	50
0.37	0.38	50
0.43	0.44	50
0.55	0.5	50
0.76	0.77	50
0.93	1.11	50
0.92	1.09	50
1.3	1.43	50
1.78	1.98	50
2.9	3.0	50
4.42	4.34	50
7.46	7.48	50
13.1	12.81	50
24.29	24.31	50
43.38	41.06	50
71.09	71.77	50
128.23	128.14	50
234.52	233.24	50
338.86	334.5	50
441.61	440.92	50
543.34	547.72	50
647.31	652.38	50
752.41	753.44	50
859.64	859.85	50
965.07	958.8	50
0.3	0.34	50
0.37	0.39	50
0.48	0.46	50
0.63	0.67	50
0.89	1.32	50
1.32	1.08	50
1.35	1.53	50
1.77	1.95	50
2.83	2.99	50
4.98	5.13	50
8.92	9.54	50
16.78	17.46	50
32.0	32.26	50
61.02	60.82	50
110.7	114.76	50
218.45	218.49	50
408.32	409.42	50
610.31	595.38	50
792.79	801.6	50
975.26	975.92	50
1166.87	1175.11	50
1375.1	1359.16	50
1548.97	1554.07	50
1739.6	1751.77	50
0.33	0.34	50
0.37	0.42	50
0.48	0.47	50
0.7	0.71	50
1.03	0.98	50
1.08	1.08	50
1.67	1.46	50
1.51	1.85	50
2.28	2.42	50
3.68	3.83	50
6.03	6.34	50
10.82	10.83	50
19.06	19.28	50
33.99	33.39	50
56.87	59.54	50
101.75	104.56	50
186.45	186.84	50
267.05	268.79	50
345.04	346.68	50
426.13	434.6	50
518.91	512.17	50
602.51	609.98	50
668.16	671.73	50
762.15	750.19	50
0.35	0.31	51
0.41	0.34	51
0.5	0.52	51
0.65	0.71	51
0.85	0.95	51
1.03	1.22	51
1.27	1.41	51
1.98	1.99	51
2.89	2.81	51
4.37	4.4	51
7.9	8.47	51
13.77	14.0	51
25.93	25.71	51
44.51	45.28	51
74.93	72.92	51
133.11	131.48	51
241.38	240.49	51
348.6	351.93	51
459.26	457.66	51
569.26	573.88	51
674.99	680.07	51
790.03	789.84	51
903.96	903.76	51
1006.83	1007.0	51
0.32	0.3	51
0.39	0.43	51
0.61	0.53	51
0.66	0.74	51
0.98	1.08	51
1.32	1.45	51
1.41	1.58	51
2.46	2.39	51
4.14	3.61	51
6.32	6.55	51
11.42	11.16	51
21.09	22.04	51
38.73	40.16	51
74.48	75.06	51
135.44	136.12	51
259.55	263.49	51
508.02	517.72	51
754.28	758.86	51
1002.36	999.63	51
1246.22	1252.27	51
1494.58	1500.12	51
1742.76	1736.11	51
1979.68	1990.97	51
2228.2	2229.88	51
0.32	0.28	51
0.36	0.33	51
0.46	0.49	51
0.67	0.69	51
0.7	0.97	51
1.31	1.08	51
1.13	1.12	51
1.57	1.74	51
2.3	2.54	51
3.65	3.83	51
6.13	6.57	51
10.72	10.5	51
19.75	19.59	51
33.78	34.42	51
56.83	55.72	51
105.43	105.79	51
199.38	190.75	51
281.39	280.3	51
377.45	369.55	51
466.98	453.91	51
537.6	536.92	51
620.11	631.41	51
730.01	713.6	51
802.8	798.34	51
0.3	0.31	51
0.39	0.37	51
0.46	0.48	51
0.66	0.68	51
0.88	0.96	51
0.9	1.14	51
1.19	1.36	51
1.74	1.9	51
2.91	3.03	51
5.04	5.12	51
9.31	8.97	51
16.91	17.19	51
30.11	32.33	51
59.33	59.62	51
114.38	111.5	51
216.36	213.26	51
419.31	422.88	51
615.96	625.64	51
816.34	832.93	51
1023.98	1024.78	51
1227.23	1217.02	51
1401.59	1433.73	51
1616.98	1636.92	51
1828.44	1821.36	51
0.31	0.32	52
0.4	0.39	52
0.51	0.47	52
0.62	0.77	52
0.83	0.96	52
1.03	0.93	52
1.28	1.35	52
2.31	2.07	52
3.51	3.48	52
5.69	6.37	52
11.55	11.28	52
20.77	21.52	52
39.51	39.25	52
71.48	72.8	52
135.73	135.66	52
258.82	258.26	52
491.28	492.81	52
724.45	723.78	52
957.28	958.94	52
1196.61	1193.61	52
1426.73	1427.76	52
1657.3	1660.17	52
1896.62	1888.96	52
2132.48	2124.51	52
0.33	0.31	52
0.35	0.39	52
0.47	0.45	52
0.68	0.77	52
0.88	0.92	52
1.15	1.22	52
1.53	1.36	52
1.96	1.95	52
3.02	2.86	52
4.48	4.49	52
7.43	7.61	52
13.24	13.19	52
24.35	24.01	52
40.73	39.12	52
71.73	71.44	52
128.14	130.43	52
236.14	236.35	52
341.52	342.78	52
447.85	447.51	52
554.0	554.12	52
657.93	659.62	52
762.96	762.32	52
869.47	869.09	52
971.93	973.53	52
0.28	0.29	52
0.31	0.38	52
0.5	0.44	52
0.72	0.64	52
0.94	0.93	52
0.91	1.19	52
1.31	1.36	52
1.74	2.0	52
2.91	2.73	52
4.84	5.14	52
8.96	9.4	52
17.19	17.37	52
31.77	30.79	52
59.93	60.55	52
108.48	108.34	52
213.67	217.39	52
399.92	406.6	52
596.48	597.87	52
792.91	794.38	52
993.5	977.0	52
1162.95	1161.24	52
1373.39	1349.51	52
1549.27	1557.71	52
1734.93	1728.88	52
0.31	0.3	52
0.34	0.37	52
0.45	0.46	52
0.99	0.71	52
0.9	0.98	52
1.26	1.16	52
1.03	1.42	52
1.58	1.75	52
2.43	2.65	52
3.73	3.88	52
6.12	6.43	52
10.4	10.57	52
19.48	19.37	52
34.87	35.25	52
59.17	60.33	52
106.53	104.46	52
194.66	198.7	52
288.72	288.14	52
358.62	365.48	52
454.05	448.44	52
539.51	534.46	52
624.59	619.01	52
700.93	693.9	52
794.51	787.15	52
0.26	0.28	53
0.26	0.28	53
0.32	0.28	53
0.29	0.31	53
0.31	0.33	53
0.37	0.35	53
0.39	0.4	53
0.54	0.53	53
0.57	0.52	53
0.89	0.83	53
1.04	1.05	53
1.82	1.69	53
2.3	2.34	53
4.02	3.87	53
6.12	6.13	53
11.09	11.14	53
19.97	20.43	53
37.47	37.52	53
73.49	72.01	53
137.01	136.43	53
212.06	207.32	53
270.43	270.94	53
334.33	330.63	53
397.17	402.29	53
459.12	466.5	53
522.97	524.26	53
586.29	589.73	53
0.27	0.28	53
0.33	0.31	53
0.35	0.28	53
0.29	0.36	53
0.36	0.34	53
0.42	0.4	53
0.59	0.55	53
0.7	0.73	53
0.86	0.97	53
1.16	1.33	53
1.82	1.95	53
3.17	2.95	53
5.25	5.0	53
9.51	9.13	53
18.55	19.1	53
35.74	34.87	53
70.72	70.02	53
139.3	138.49	53
263.46	263.29	53
499.84	500.29	53
738.5	738.56	53
991.97	977.89	53
1232.1	1233.22	53
1470.41	1471.92	53
1737.04	1709.98	53
1976.79	1975.51	53
2204.65	2205.22	53
0.27	0.27	53
0.26	0.25	53
0.29	0.28	53
0.25	0.3	53
0.3	0.32	53
0.36	0.33	53
0.43	0.41	53
0.53	0.54	53
0.61	0.59	53
0.87	0.86	53
1.0	0.98	53
1.58	1.61	53
2.02	2.05	53
3.4	3.49	53
5.44	5.56	53
9.73	9.61	53
16.88	17.31	53
32.47	31.11	53
60.01	59.65	53
114.77	116.31	53
168.86	169.06	53
222.23	224.65	53
280.31	282.75	53
332.2	335.49	53
390.97	387.8	53
437.55	443.66	53
494.83	496.92	53
0.27	0.29	53
0.26	0.28	53
0.27	0.28	53
0.28	0.26	53
0.31	0.33	53
0.38	0.39	53
0.45	0.47	53
0.58	0.63	53
0.78	0.83	53
0.94	0.96	53
1.3	1.33	53
2.2	2.28	53
3.88	3.82	53
7.56	7.6	53
14.64	14.52	53
27.18	27.82	53
53.22	53.8	53
106.66	105.21	53
198.14	199.51	53
383.82	386.83	53
564.02	561.39	53
745.91	742.76	53
924.4	921.86	53
1087.11	1103.76	53
1274.89	1301.81	53
1446.4	1453.53	53
1630.81	1644.56	53
0.35	0.31	54
0.3	0.34	54
0.39	0.33	54
0.36	0.34	54
0.36	0.35	54
0.46	0.41	54
0.45	0.45	54
0.53	0.63	54
0.65	0.78	54
1.08	1.07	54
1.5	1.51	54
2.56	2.67	54
4.36	4.52	54
8.9	8.08	54
16.02	15.74	54
30.92	29.98	54
60.4	58.88	54
120.36	117.48	54
238.09	227.14	54
456.28	442.12	54
675.03	658.81	54
900.14	872.22	54
1115.02	1089.45	54
1341.65	1298.18	54
1553.9	1513.56	54
1772.63	1729.24	54
1990.59	1926.46	54
0.32	0.31	54
0.35	0.3	54
0.31	0.29	54
0.33	0.33	54
0.37	0.35	54
0.41	0.42	54
0.55	0.5	54
0.76	0.66	54
0.88	0.89	54
1.21	1.41	54
1.39	1.77	54
2.7	2.53	54
4.69	4.86	54
8.45	8.92	54
16.42	17.12	54
31.81	32.07	54
62.69	62.81	54
123.95	124.69	54
245.26	245.77	54
472.96	473.42	54
694.81	694.3	54
918.13	917.88	54
1138.54	1141.39	54
1364.52	1361.92	54
1584.35	1583.83	54
1807.36	1807.86	54
2029.06	2025.78	54
0.29	0.29	54
0.26	0.26	54
0.31	0.3	54
0.33	0.28	54
0.33	0.3	54
0.37	0.36	54
0.47	0.36	54
0.52	0.61	54
0.63	0.71	54
0.85	1.14	54
1.3	1.66	54
2.28	2.9	54
4.02	4.6	54
7.92	8.4	54
14.32	17.29	54
27.46	34.22	54
53.18	66.61	54
105.02	116.04	54
213.57	247.22	54
398.66	435.71	54
577.7	631.51	54
763.59	832.83	54
975.07	1029.59	54
1132.8	1236.54	54
1308.17	1433.64	54
1497.31	1667.39	54
1709.77	1837.74	54
0.3	0.3	54
0.3	0.29	54
0.3	0.28	54
0.31	0.31	54
0.28	0.35	54
0.47	0.39	54
0.54	0.52	54
0.7	0.72	54
0.82	0.99	54
1.52	1.51	54
1.53	1.75	54
2.49	2.79	54
4.01	4.27	54
7.39	7.74	54
13.98	13.91	54
26.83	27.13	54
52.69	52.86	54
103.68	104.59	54
206.94	206.36	54
396.0	395.17	54
582.16	578.33	54
813.92	774.86	54
1023.95	1011.25	54
1204.32	1207.71	54
1388.22	1390.65	54
1594.68	1588.47	54
1784.34	1791.05	54
0.34	0.31	55
0.32	0.33	55
0.33	0.36	55
0.38	0.37	55
0.38	0.39	55
0.43	0.48	55
0.46	0.55	55
0.69	0.78	55
0.89	0.98	55
1.32	1.19	55
1.46	1.64	55
2.85	2.69	55
4.68	5.13	55
8.78	9.0	55
16.64	16.63	55
32.01	32.34	55
62.82	63.07	55
124.47	124.89	55
246.21	247.4	55
481.5	481.7	55
713.87	713.71	55
940.8	943.19	55
1174.64	1177.05	55
1402.47	1402.51	55
1631.74	1630.27	55
1855.66	1858.47	55
2086.23	2082.59	55
0.33	0.33	55
0.38	0.36	55
0.36	0.36	55
0.34	0.36	55
0.43	0.41	55
0.49	0.5	55
0.52	0.47	55
0.6	0.66	55
0.77	0.78	55
1.27	1.1	55
1.5	1.61	55
3.07	2.6	55
4.78	4.61	55
9.29	9.21	55
17.01	17.2	55
32.7	32.14	55
63.79	61.8	55
124.01	117.23	55
242.27	236.61	55
470.34	457.54	55
691.98	678.06	55
922.11	900.57	55
1153.43	1117.93	55
1374.58	1341.18	55
1601.35	1564.03	55
1888.88	1813.49	55
2087.99	2053.72	55
0.27	0.3	55
0.29	0.28	55
0.27	0.26	55
0.29	0.32	55
0.32	0.37	55
0.36	0.38	55
0.52	0.51	55
0.66	0.68	55
0.86	1.04	55
1.13	1.36	55
1.37	1.79	55
2.35	2.85	55
4.01	4.21	55
7.26	7.51	55
13.42	14.12	55
26.41	26.69	55
52.06	51.87	55
102.5	103.03	55
203.09	203.35	55
388.9	390.45	55
585.56	582.46	55
763.87	760.74	55
949.39	943.84	55
1128.07	1130.69	55
1319.99	1307.31	55
1497.69	1498.11	55
1684.87	1680.5	55
0.3	0.31	55
0.31	0.3	55
0.41	0.3	55
0.35	0.31	55
0.39	0.37	55
0.39	0.43	55
0.47	0.49	55
0.56	0.58	55
0.65	0.71	55
0.93	1.06	55
1.42	1.68	55
2.22	2.85	55
4.07	5.17	55
7.46	9.26	55
16.0	16.64	55
28.39	32.11	55
57.58	67.44	55
108.45	111.14	55
221.88	224.66	55
394.91	437.83	55
589.84	646.98	55
810.4	850.02	55
972.07	1048.55	55
1187.35	1252.95	55
1353.61	1506.81	55
1565.82	1685.23	55
1777.61	1897.47	55
0.33	0.28	56
0.27	0.25	56
0.27	0.27	56
0.32	0.32	56
0.32	0.32	56
0.37	0.34	56
0.42	0.45	56
0.62	0.59	56
0.79	0.95	56
0.88	1.24	56
1.55	1.54	56
2.51	2.7	56
4.31	4.73	56
8.41	8.53	56
15.76	16.18	56
31.38	30.87	56
60.94	61.21	56
118.24	118.47	56
234.91	236.03	56
457.09	457.45	56
679.25	680.03	56
900.77	900.57	56
1124.06	1123.88	56
1346.73	1346.87	56
1568.27	1567.42	56
1792.36	1799.1	56
2010.9	2010.77	56
0.27	0.27	56
0.26	0.27	56
0.26	0.29	56
0.27	0.33	56
0.29	0.34	56
0.4	0.38	56
0.48	0.4	56
0.51	0.54	56
0.59	0.62	56
0.83	0.77	56
1.01	1.06	56
1.69	1.66	56
2.34	2.61	56
3.89	3.82	56
6.47	6.91	56
11.83	12.43	56
20.81	19.69	56
37.92	38.28	56
73.21	73.13	56
138.25	139.47	56
203.13	204.44	56
268.14	271.45	56
331.32	333.76	56
395.54	400.03	56
461.94	459.75	56
529.3	528.35	56
588.84	591.94	56
0.24	0.24	56
0.25	0.24	56
0.24	0.28	56
0.24	0.26	56
0.26	0.33	56
0.3	0.34	56
0.46	0.45	56
0.6	0.61	56
0.75	0.76	56
0.95	0.9	56
1.29	1.32	56
2.01	2.22	56
4.05	3.87	56
7.02	7.24	56
13.65	14.19	56
25.94	26.13	56
51.37	52.05	56
100.53	101.23	56
199.71	196.86	56
375.75	374.55	56
549.79	569.88	56
737.67	751.85	56
914.11	915.19	56
1088.49	1089.71	56
1271.56	1270.74	56
1451.28	1442.22	56
1644.2	1607.11	56
0.26	0.27	56
0.28	0.3	56
0.28	0.25	56
0.25	0.29	56
0.33	0.33	56
0.41	0.39	56
0.39	0.46	56
0.48	0.57	56
0.63	0.61	56
0.88	0.92	56
1.05	1.08	56
1.54	1.55	56
2.02	2.22	56
3.35	3.44	56
5.6	5.48	56
9.71	9.9	56
17.01	17.1	56
31.11	31.14	56
59.7	61.94	56
117.73	117.16	56
169.81	171.4	56
222.29	233.67	56
277.86	277.48	56
333.25	334.1	56
383.28	409.88	56
443.62	439.8	56
493.93	489.6	56
0.37	0.35	57
0.34	0.36	57
0.34	0.35	57
0.4	0.42	57
0.41	0.36	57
0.45	0.41	57
0.44	0.41	57
0.57	0.56	57
0.72	0.55	57
0.99	0.97	57
1.3	1.19	57
1.97	1.97	57
2.92	2.8	57
5.09	5.06	57
8.51	8.58	57
16.13	16.11	57
29.5	29.42	57
54.26	54.59	57
105.93	105.78	57
203.48	205.05	57
295.8	302.54	57
395.11	402.42	57
507.81	493.16	57
588.25	582.51	57
687.51	682.52	57
768.55	780.27	57
870.18	874.08	57
0.29	0.35	57
0.29	0.36	57
0.38	0.4	57
0.37	0.34	57
0.43	0.43	57
0.51	0.51	57
0.64	0.65	57
0.67	0.91	57
1.1	1.22	57
2.31	2.35	57
4.03	3.52	57
7.9	7.31	57
14.4	14.25	57
28.57	30.64	57
57.17	59.37	57
116.57	116.43	57
229.25	229.07	57
452.55	450.76	57
865.57	867.84	57
1695.21	1699.27	57
2526.55	2533.81	57
3365.37	3351.77	57
3859.46	4181.32	57
4972.27	4974.97	57
5802.66	5793.68	57
6639.18	6618.57	57
7439.28	7451.19	57
0.34	0.35	57
0.31	0.33	57
0.33	0.31	57
0.31	0.35	57
0.41	0.38	57
0.31	0.35	57
0.49	0.37	57
0.56	0.57	57
0.77	0.68	57
0.99	1.16	57
1.47	1.81	57
2.96	2.83	57
4.2	3.59	57
6.34	6.09	57
9.74	9.53	57
16.76	17.13	57
29.67	29.81	57
55.32	56.67	57
141.98	105.73	57
202.06	205.37	57
296.81	302.11	57
397.65	394.71	57
580.95	494.83	57
703.67	592.36	57
675.78	677.09	57
787.09	777.85	57
884.34	1060.54	57
0.33	0.33	57
0.33	0.29	57
0.34	0.35	57
0.35	0.34	57
0.36	0.38	57
0.44	0.42	57
0.58	0.53	57
0.78	0.74	57
1.33	1.26	57
2.07	2.62	57
3.71	4.26	57
7.38	7.31	57
13.28	14.16	57
29.04	28.3	57
53.77	55.87	57
96.59	102.9	57
203.47	202.48	57
399.5	402.93	57
804.46	802.23	57
1610.49	1610.26	57
2419.72	2420.61	57
3228.1	3231.11	57
3834.85	3978.72	57
4708.4	4715.4	57
5444.33	5450.74	57
6190.13	6197.58	57
6915.29	6955.29	57
0.36	0.33	58
0.38	0.4	58
0.39	0.31	58
0.47	0.43	58
0.43	0.44	58
0.55	0.39	58
0.49	0.52	58
0.64	0.68	58
0.8	0.77	58
1.34	1.11	58
1.74	1.65	58
2.74	3.3	58
4.88	5.03	58
10.38	9.67	58
19.45	19.02	58
35.69	35.83	58
69.65	70.06	58
134.81	134.01	58
264.4	265.16	58
523.11	516.97	58
765.0	769.35	58
1010.93	1012.75	58
1266.4	1264.27	58
1507.27	1511.98	58
1758.22	1761.56	58
2004.74	2012.41	58
2246.85	2253.66	58
0.42	0.41	58
0.41	0.44	58
0.39	0.41	58
0.44	0.47	58
0.58	0.44	58
0.57	0.4	58
0.6	0.64	58
0.95	1.05	58
1.29	1.35	58
1.96	2.06	58
3.85	3.24	58
6.93	6.73	58
12.24	13.31	58
23.86	25.59	58
50.12	50.47	58
98.07	99.56	58
194.65	195.12	58
388.61	387.84	58
769.93	771.21	58
1488.75	1496.3	58
2212.71	2218.04	58
2917.17	2924.47	58
3645.54	3633.73	58
4350.21	4363.1	58
5064.03	5075.11	58
5781.95	5773.56	58
6490.89	6505.43	58
0.34	0.31	58
0.35	0.34	58
0.39	0.37	58
0.35	0.41	58
0.39	0.39	58
0.4	0.44	58
0.5	0.46	58
0.61	0.62	58
0.75	0.86	58
1.22	1.26	58
2.14	1.92	58
3.3	3.49	58
5.66	5.82	58
9.57	10.97	58
17.32	18.48	58
33.15	32.77	58
64.79	61.86	58
118.9	120.43	58
288.52	234.99	58
456.56	456.49	58
671.74	674.34	58
1002.29	921.05	58
1220.59	1142.65	58
1364.64	1369.87	58
1593.47	1593.38	58
1816.72	1816.24	58
2036.41	2040.0	58
0.33	0.35	58
0.37	0.43	58
0.38	0.34	58
0.4	0.46	58
0.43	0.42	58
0.53	0.51	58
0.6	0.51	58
0.9	0.88	58
1.29	1.15	58
1.88	2.29	58
3.32	3.44	58
7.56	7.39	58
13.08	12.12	58
23.63	23.99	58
43.04	45.7	58
89.42	88.36	58
174.63	181.15	58
328.83	343.97	58
711.66	688.16	58
1333.99	1338.71	58
1973.81	1977.6	58
2479.45	2611.89	58
3255.34	3267.0	58
3897.0	3903.72	58
4552.24	4549.26	58
5184.91	5377.99	58
5817.68	5823.92	58
0.35	0.43	59
0.4	0.41	59
0.44	0.37	59
0.43	0.41	59
0.44	0.44	59
0.51	0.48	59
0.7	0.6	59
0.82	0.85	59
1.34	1.15	59
1.94	1.99	59
2.99	3.19	59
6.21	6.23	59
12.44	12.05	59
21.77	23.29	59
45.76	43.88	59
88.88	88.93	59
176.61	175.92	59
348.03	347.28	59
685.99	687.54	59
1234.58	1335.49	59
1969.25	1967.61	59
2590.88	2610.8	59
3241.32	3244.22	59
3868.41	3860.13	59
4492.2	4495.31	59
5131.36	5146.27	59
5766.72	5768.5	59
0.33	0.35	59
0.42	0.36	59
0.37	0.38	59
0.39	0.45	59
0.42	0.42	59
0.43	0.5	59
0.5	0.56	59
0.72	0.68	59
0.8	0.86	59
1.19	1.13	59
1.63	1.64	59
2.73	2.93	59
5.13	5.25	59
9.17	9.2	59
18.31	17.74	59
33.41	32.32	59
63.95	64.68	59
130.83	125.76	59
247.4	245.15	59
477.88	482.2	59
738.64	706.6	59
935.62	937.08	59
1234.87	1165.72	59
1413.65	1399.15	59
1619.56	1630.89	59
1853.61	1855.44	59
2085.75	2084.53	59
0.31	0.32	59
0.35	0.36	59
0.35	0.39	59
0.37	0.35	59
0.37	0.39	59
0.44	0.46	59
0.57	0.52	59
0.75	0.79	59
1.22	1.16	59
1.72	2.02	59
3.22	3.56	59
6.16	6.17	59
11.39	11.61	59
19.87	21.08	59
39.35	39.6	59
77.17	77.58	59
150.95	158.08	59
300.39	300.48	59
602.67	596.25	59
1165.04	1162.08	59
1727.26	1722.45	59
2277.49	2285.66	59
2846.83	2958.61	59
3401.67	3401.5	59
3953.89	3965.78	59
4522.27	4708.07	59
5080.04	5082.71	59
0.29	0.33	59
0.34	0.36	59
0.37	0.36	59
0.35	0.38	59
0.41	0.4	59
0.47	0.46	59
0.51	0.53	59
0.59	0.61	59
0.86	0.87	59
1.42	1.23	59
2.31	2.02	59
3.82	3.49	59
5.43	5.71	59
10.28	9.41	59
17.44	16.93	59
33.67	31.76	59
67.42	60.03	59
116.61	117.19	59
238.68	231.51	59
451.71	498.45	59
674.09	672.08	59
1010.13	890.67	59
1185.62	1112.07	59
1412.18	1328.76	59
1716.65	1548.11	59
1902.28	1760.88	59
2318.46	1994.46	59
0.36	0.29	60
0.32	0.33	60
0.33	0.32	60
0.37	0.28	60
0.41	0.38	60
0.36	0.41	60
0.5	0.55	60
0.82	0.84	60
1.3	1.21	60
2.21	1.86	60
3.9	3.32	60
7.31	6.74	60
12.85	13.28	60
25.95	26.36	60
52.43	51.49	60
94.22	103.31	60
204.09	204.46	60
408.3	409.41	60
743.98	807.47	60
1574.03	1574.06	60
2329.92	2331.04	60
3081.5	3086.4	60
3841.84	3847.03	60
4563.13	4578.26	60
5290.7	5309.96	60
6051.83	6078.53	60
6807.62	6830.85	60
0.35	0.35	60
0.34	0.35	60
0.34	0.33	60
0.36	0.38	60
0.39	0.37	60
0.39	0.37	60
0.5	0.46	60
0.54	0.55	60
0.65	0.67	60
0.98	0.86	60
1.21	1.17	60
1.91	1.93	60
2.85	2.82	60
5.1	4.96	60
8.53	8.85	60
15.67	15.94	60
28.62	30.29	60
59.16	55.06	60
105.66	107.01	60
202.64	203.61	60
300.31	297.01	60
394.15	399.04	60
485.76	491.29	60
583.05	608.6	60
753.08	682.93	60
780.78	788.5	60
876.54	883.14	60
0.3	0.3	60
0.29	0.32	60
0.34	0.34	60
0.34	0.33	60
0.38	0.34	60
0.38	0.39	60
0.54	0.52	60
0.72	0.64	60
1.19	1.2	60
1.85	2.04	60
3.64	3.17	60
5.17	6.97	60
12.15	12.99	60
23.81	23.53	60
47.03	46.18	60
90.59	91.06	60
181.17	179.53	60
354.99	366.92	60
732.3	730.7	60
1372.31	1372.61	60
1973.56	2047.69	60
2561.79	2705.79	60
3383.76	3374.77	60
4036.24	4068.7	60
4348.86	4705.72	60
5358.65	5374.28	60
5600.61	6032.97	60
0.35	0.36	60
0.34	0.31	60
0.32	0.36	60
0.34	0.37	60
0.38	0.37	60
0.41	0.36	60
0.45	0.41	60
0.58	0.56	60
0.78	0.78	60
1.16	1.26	60
1.68	1.62	60
2.84	3.29	60
3.39	3.69	60
5.48	5.85	60
9.96	9.72	60
17.06	16.83	60
29.29	29.78	60
67.3	55.89	60
132.59	108.04	60
229.53	209.46	60
301.38	299.31	60
393.32	401.43	60
497.81	499.03	60
585.1	595.54	60
683.55	680.77	60
790.39	775.96	60
870.55	872.74	60
0.35	0.37	61
0.46	0.47	61
0.62	0.63	61
0.96	1.03	61
0.94	1.1	61
1.29	1.45	61
1.78	1.87	61
2.34	2.35	61
3.2	3.51	61
5.01	5.0	61
8.77	8.42	61
15.24	15.38	61
29.29	28.82	61
55.87	56.34	61
105.9	107.44	61
202.31	202.28	61
365.92	365.0	61
475.97	473.72	61
583.37	584.27	61
684.39	686.26	61
785.48	781.13	61
878.35	878.25	61
970.1	966.39	61
1044.6	1057.71	61
0.34	0.37	61
0.41	0.39	61
0.65	0.67	61
0.96	0.87	61
1.18	1.15	61
1.57	1.37	61
1.68	1.96	61
3.04	3.09	61
4.62	5.1	61
9.01	9.05	61
15.76	16.34	61
29.45	30.25	61
58.67	58.31	61
113.73	114.06	61
215.72	216.1	61
404.11	404.47	61
707.13	702.21	61
941.66	943.57	61
1177.67	1174.47	61
1403.97	1403.15	61
1621.35	1622.05	61
1849.06	1842.57	61
2064.51	2060.07	61
2276.12	2285.59	61
0.34	0.32	61
0.38	0.4	61
0.59	0.63	61
0.97	0.91	61
1.14	1.15	61
1.09	1.55	61
1.63	2.21	61
2.27	2.2	61
2.76	3.34	61
4.63	4.88	61
7.67	7.56	61
12.93	13.08	61
23.28	24.37	61
44.06	45.02	61
83.84	84.67	61
163.04	160.12	61
291.36	297.26	61
392.1	392.46	61
492.58	489.59	61
586.05	587.34	61
678.56	675.71	61
777.88	770.62	61
865.68	859.54	61
955.21	941.17	61
0.34	0.36	61
0.4	0.41	61
0.54	0.67	61
0.76	0.96	61
1.3	0.94	61
1.17	1.41	61
1.75	1.75	61
2.53	2.65	61
4.08	4.31	61
7.8	7.56	61
14.38	14.14	61
26.52	26.24	61
50.28	50.54	61
96.63	96.18	61
178.54	183.42	61
335.57	332.84	61
578.15	579.72	61
782.43	786.99	61
999.71	989.62	61
1208.46	1197.0	61
1412.36	1399.32	61
1601.65	1595.49	61
1791.29	1802.43	61
1997.04	1994.58	61
0.34	0.38	62
0.44	0.42	62
0.59	0.66	62
1.0	1.03	62
1.37	1.05	62
1.49	1.23	62
2.09	2.13	62
2.89	2.83	62
5.34	5.15	62
9.01	8.88	62
16.02	16.36	62
31.41	31.57	62
60.82	59.8	62
115.52	117.71	62
223.02	221.1	62
417.03	414.39	62
716.73	719.46	62
957.07	953.65	62
1197.82	1204.7	62
1464.77	1442.96	62
1693.51	1692.95	62
1914.55	1920.48	62
2144.85	2139.2	62
2373.08	2352.66	62
0.34	0.38	62
0.52	0.41	62
0.76	0.73	62
0.99	1.07	62
1.07	1.05	62
1.61	1.79	62
1.87	1.97	62
2.31	2.41	62
3.44	3.74	62
5.12	5.29	62
8.97	9.12	62
15.69	15.77	62
30.21	30.73	62
58.91	58.89	62
112.9	113.66	62
215.54	214.12	62
385.18	384.61	62
498.57	498.29	62
602.92	604.54	62
709.7	705.31	62
806.47	804.62	62
900.75	896.19	62
987.64	987.09	62
1077.26	1067.07	62
0.34	0.35	62
0.44	0.35	62
0.51	0.57	62
0.81	0.82	62
0.74	1.14	62
1.19	1.3	62
1.77	1.7	62
2.41	2.71	62
3.91	4.05	62
6.87	6.76	62
12.65	13.0	62
23.77	23.93	62
46.02	46.09	62
85.67	86.62	62
162.6	162.23	62
292.76	292.83	62
531.78	532.1	62
739.63	749.35	62
954.56	941.28	62
1153.4	1145.03	62
1350.38	1352.66	62
1545.74	1541.15	62
1737.53	1738.93	62
1929.02	1944.48	62
0.35	0.34	62
0.42	0.45	62
0.62	0.63	62
1.05	0.94	62
1.39	1.45	62
1.28	1.25	62
1.47	2.04	62
1.83	2.18	62
2.95	3.09	62
4.85	4.75	62
7.99	7.99	62
13.81	14.14	62
26.4	27.03	62
52.78	48.76	62
100.64	99.37	62
186.19	188.28	62
332.41	333.25	62
441.75	451.06	62
552.51	545.16	62
639.64	639.77	62
734.21	734.54	62
823.08	822.76	62
916.75	915.36	62
1000.48	996.11	62
0.38	0.36	63
0.53	0.48	63
0.65	0.66	63
0.8	1.1	63
0.88	1.36	63
1.35	1.54	63
1.69	2.12	63
2.73	2.75	63
3.58	3.63	63
5.22	5.36	63
9.08	9.22	63
16.12	15.62	63
30.02	30.75	63
59.07	58.37	63
111.41	112.13	63
213.39	213.61	63
382.25	381.87	63
495.69	493.39	63
600.53	600.7	63
704.54	704.8	63
794.83	798.47	63
891.87	898.17	63
994.92	988.96	63
1076.82	1081.36	63
0.37	0.35	63
0.43	0.4	63
0.69	0.59	63
0.94	0.93	63
1.42	1.36	63
1.86	1.47	63
1.95	2.13	63
3.09	2.98	63
5.06	5.38	63
9.37	8.7	63
16.24	15.92	63
31.75	31.97	63
62.15	61.95	63
116.36	117.19	63
223.89	224.52	63
416.47	417.82	63
720.86	715.98	63
954.81	955.24	63
1187.38	1191.29	63
1415.26	1416.32	63
1639.25	1641.85	63
1862.16	1859.23	63
2072.57	2082.15	63
2300.22	2294.85	63
0.37	0.31	63
0.45	0.46	63
0.6	0.65	63
0.77	0.91	63
1.0	1.35	63
1.19	1.3	63
1.24	1.86	63
2.05	2.13	63
3.32	3.19	63
4.46	4.47	63
6.86	7.32	63
12.77	12.71	63
23.96	23.35	63
44.21	43.74	63
84.86	83.66	63
159.19	158.03	63
290.82	289.24	63
388.72	398.82	63
492.62	491.52	63
587.36	588.82	63
680.81	683.37	63
768.67	781.71	63
860.77	856.36	63
950.12	949.02	63
0.32	0.33	63
0.4	0.39	63
0.61	0.63	63
0.91	0.77	63
1.1	1.2	63
1.04	1.99	63
1.78	1.99	63
2.77	2.78	63
4.39	4.36	63
7.55	7.4	63
14.78	14.27	63
26.81	26.52	63
52.53	51.97	63
98.56	101.29	63
185.27	185.97	63
344.18	341.58	63
596.61	592.54	63
840.37	811.63	63
1035.27	1045.89	63
1241.4	1247.42	63
1456.87	1455.29	63
1665.25	1663.91	63
1860.9	1864.94	63
2082.92	2074.51	63
0.38	0.39	64
0.42	0.5	64
0.59	0.64	64
0.85	0.89	64
1.13	1.12	64
1.36	1.56	64
2.05	1.96	64
2.97	2.64	64
5.17	4.88	64
8.62	9.03	64
15.36	16.48	64
30.49	29.82	64
56.77	57.63	64
111.6	112.55	64
215.33	213.4	64
398.95	398.74	64
698.1	698.9	64
937.62	938.77	64
1169.26	1166.54	64
1393.56	1395.43	64
1618.5	1616.65	64
1839.29	1829.82	64
2046.99	2045.84	64
2266.09	2262.98	64
0.39	0.41	64
0.47	0.5	64
0.67	0.67	64
1.03	0.91	64
1.37	1.61	64
1.07	1.4	64
2.05	2.03	64
2.33	2.29	64
3.11	3.43	64
5.25	5.44	64
9.18	8.79	64
15.45	15.76	64
29.87	29.96	64
55.04	57.42	64
108.34	110.24	64
206.11	205.39	64
372.66	373.76	64
483.66	483.69	64
589.79	594.29	64
688.27	687.78	64
780.88	787.76	64
880.42	882.62	64
976.44	965.89	64
1056.5	1053.44	64
0.33	0.29	64
0.44	0.37	64
0.54	0.51	64
0.81	0.89	64
0.97	1.3	64
1.15	1.32	64
1.67	1.69	64
2.39	2.57	64
3.81	4.0	64
6.87	6.58	64
12.83	12.65	64
24.14	24.0	64
46.06	44.81	64
86.48	86.22	64
161.65	166.02	64
296.68	297.56	64
533.49	534.48	64
746.04	742.92	64
945.22	958.39	64
1152.86	1147.94	64
1349.94	1357.77	64
1548.4	1552.68	64
1749.14	1743.62	64
1938.1	1942.47	64
0.38	0.36	64
0.44	0.41	64
0.69	0.59	64
0.89	1.13	64
1.22	1.36	64
1.41	1.69	64
1.89	1.55	64
1.81	2.02	64
2.55	3.41	64
4.4	4.34	64
7.21	7.68	64
13.12	12.54	64
23.85	23.4	64
44.58	45.7	64
86.36	84.93	64
162.81	163.74	64
296.45	296.96	64
397.19	395.13	64
493.24	492.63	64
599.92	602.2	64
703.25	696.51	64
789.53	791.1	64
882.91	878.14	64
962.15	965.63	64
0.29	0.34	65
0.31	0.35	65
0.44	0.36	65
0.51	0.45	65
0.49	0.48	65
0.52	0.52	65
0.61	0.61	65
0.62	0.73	65
0.72	0.8	65
1.14	1.08	65
1.36	1.29	65
2.11	2.19	65
3.77	3.57	65
6.57	6.04	65
10.92	9.77	65
19.97	17.66	65
36.23	30.09	65
71.21	57.28	65
137.03	109.25	65
267.29	209.46	65
391.52	312.58	65
517.18	426.65	65
597.1	515.68	65
772.35	621.48	65
830.97	727.88	65
1018.64	844.57	65
1138.79	906.07	65
0.27	0.31	65
0.4	0.34	65
0.4	0.4	65
0.51	0.45	65
0.53	0.49	65
0.6	0.59	65
0.67	0.65	65
0.86	0.93	65
1.68	1.53	65
2.11	2.67	65
3.79	3.91	65
7.47	8.41	65
10.6	17.41	65
21.09	34.09	65
40.08	65.9	65
77.91	133.9	65
151.26	264.26	65
303.52	529.38	65
635.96	1059.28	65
1237.92	2129.66	65
1832.34	3160.74	65
2429.72	4181.76	65
3026.44	5249.25	65
3628.34	6243.39	65
4209.15	7275.42	65
4742.83	8195.82	65
5271.28	9138.62	65
0.31	0.26	65
0.29	0.29	65
0.35	0.34	65
0.36	0.4	65
0.46	0.4	65
0.44	0.4	65
0.59	0.59	65
0.67	0.64	65
0.83	0.84	65
1.14	1.1	65
1.79	2.12	65
3.18	3.51	65
4.46	4.66	65
8.11	6.91	65
10.83	10.47	65
22.01	17.67	65
41.18	32.31	65
87.43	59.13	65
146.65	111.68	65
237.39	213.41	65
399.65	309.28	65
516.59	508.92	65
613.45	504.7	65
750.37	612.5	65
899.15	707.44	65
980.98	809.72	65
1110.55	899.05	65
0.28	0.27	65
0.32	0.32	65
0.4	0.35	65
0.37	0.4	65
0.45	0.5	65
0.55	0.49	65
0.7	0.62	65
0.87	0.91	65
1.33	1.53	65
2.41	2.93	65
4.15	4.55	65
7.0	9.23	65
11.15	17.13	65
17.99	30.73	65
36.75	58.36	65
67.66	116.6	65
133.96	230.35	65
262.31	457.02	65
522.77	911.4	65
1007.83	1772.5	65
1901.33	2715.19	65
1954.32	3482.35	65
2430.78	4332.99	65
2924.79	5186.22	65
3403.69	6039.77	65
3907.74	6903.08	65
4371.58	7764.88	65
0.35	0.35	66
0.37	0.35	66
0.43	0.48	66
0.6	0.54	66
0.44	0.58	66
0.57	0.67	66
0.59	0.73	66
0.9	0.72	66
0.92	0.92	66
1.44	1.41	66
2.15	2.04	66
3.16	3.18	66
6.1	5.32	66
10.65	9.36	66
19.42	17.32	66
36.22	34.03	66
70.49	63.22	66
136.99	121.73	66
269.45	241.59	66
521.58	466.58	66
771.2	689.77	66
1024.03	914.76	66
1279.87	1137.95	66
1537.86	1362.55	66
1782.22	1580.99	66
2039.15	1820.37	66
2299.78	2050.34	66
0.35	0.32	66
0.43	0.4	66
0.47	0.44	66
0.55	0.61	66
0.58	0.49	66
0.67	0.65	66
0.87	0.86	66
0.95	1.08	66
1.8	1.15	66
3.0	2.99	66
4.29	4.94	66
6.75	8.97	66
11.44	17.3	66
27.33	36.18	66
52.06	70.07	66
85.24	137.96	66
202.56	274.25	66
332.83	542.98	66
663.01	1084.95	66
1231.03	2025.5	66
1736.62	2909.46	66
2273.3	3823.72	66
2806.96	4731.7	66
3338.29	5629.39	66
3871.35	6542.64	66
4407.02	7449.47	66
4889.77	8311.79	66
0.29	0.27	66
0.36	0.35	66
0.42	0.34	66
0.44	0.47	66
0.45	0.47	66
0.45	0.46	66
0.58	0.65	66
0.77	0.74	66
1.03	1.04	66
1.56	1.42	66
1.95	2.19	66
3.34	3.84	66
6.19	6.38	66
11.01	10.93	66
20.54	18.23	66
37.89	33.02	66
78.74	62.42	66
156.32	153.83	66
281.17	236.64	66
542.12	454.12	66
782.79	757.78	66
1017.36	890.33	66
1354.06	1112.73	66
1460.83	1502.93	66
1698.86	1730.16	66
1929.75	1766.98	66
2163.78	1983.64	66
0.33	0.31	66
0.4	0.37	66
0.56	0.4	66
0.51	0.53	66
0.56	0.51	66
0.52	0.53	66
0.76	0.73	66
1.31	1.08	66
1.68	1.6	66
2.21	2.58	66
4.33	5.71	66
7.79	10.33	66
12.54	17.64	66
21.57	32.89	66
39.63	65.2	66
92.22	126.33	66
152.55	249.0	66
301.76	518.14	66
600.34	979.8	66
1368.64	1855.05	66
1641.69	2713.08	66
2202.84	3631.49	66
2723.69	4507.74	66
3250.5	5554.42	66
3774.55	6260.46	66
4276.19	7372.41	66
4970.82	8222.19	66
0.3	0.36	67
0.45	0.38	67
0.44	0.4	67
0.46	0.51	67
0.57	0.55	67
0.65	0.56	67
0.79	0.76	67
0.98	0.96	67
1.56	1.36	67
2.0	2.36	67
3.5	4.43	67
5.15	7.86	67
9.63	15.11	67
17.3	28.64	67
32.36	57.18	67
63.89	111.52	67
132.21	229.86	67
266.07	457.05	67
525.74	915.45	67
997.67	1737.41	67
1462.89	2561.3	67
1913.27	3370.12	67
2350.65	4152.26	67
2789.15	4938.52	67
3229.25	5766.32	67
3671.59	6512.06	67
5133.29	7310.66	67
0.33	0.34	67
0.43	0.38	67
0.48	0.52	67
0.42	0.52	67
0.59	0.5	67
0.62	0.6	67
0.76	0.71	67
0.82	0.94	67
0.94	1.06	67
1.44	1.41	67
2.07	1.87	67
3.36	3.38	67
6.18	5.94	67
11.16	9.84	67
20.28	18.89	67
39.74	35.98	67
77.89	69.28	67
150.0	136.29	67
298.04	276.62	67
580.73	524.54	67
860.66	793.35	67
1124.99	1015.35	67
1395.59	1271.41	67
1662.66	1525.98	67
1930.02	1740.05	67
2197.18	2010.87	67
2461.9	2262.09	67
0.27	0.28	67
0.33	0.36	67
0.46	0.35	67
0.44	0.47	67
0.39	0.46	67
0.51	0.52	67
0.63	0.63	67
0.97	0.84	67
1.39	1.48	67
2.29	2.44	67
3.37	4.36	67
5.05	8.18	67
8.63	13.78	67
16.79	26.82	67
31.36	56.36	67
58.04	99.24	67
112.12	195.96	67
225.41	391.27	67
446.77	774.49	67
837.76	1597.17	67
1591.56	2229.82	67
2080.19	2955.34	67
2071.09	3844.38	67
2454.0	4412.69	67
2845.13	5312.53	67
3299.13	6074.4	67
3675.41	6599.74	67
0.33	0.33	67
0.36	0.34	67
0.48	0.31	67
0.53	0.47	67
0.54	0.54	67
0.56	0.48	67
0.62	0.57	67
0.72	0.91	67
1.01	1.08	67
1.39	1.47	67
2.05	2.64	67
3.41	3.53	67
6.16	6.96	67
12.36	11.47	67
21.69	18.89	67
40.94	33.1	67
77.8	66.06	67
144.03	142.17	67
291.1	275.19	67
541.81	476.49	67
772.06	794.92	67
1019.2	936.46	67
1269.23	1155.65	67
1518.19	1548.61	67
1770.34	1610.19	67
2041.15	2267.74	67
2301.66	2120.11	67
0.31	0.27	68
0.33	0.32	68
0.43	0.45	68
0.39	0.42	68
0.49	0.45	68
0.53	0.49	68
0.75	0.71	68
1.09	0.86	68
1.52	1.59	68
2.15	2.98	68
3.22	4.67	68
7.35	8.96	68
10.94	17.79	68
20.58	31.96	68
40.34	67.8	68
77.65	133.74	68
153.87	268.03	68
307.92	536.11	68
613.67	1067.63	68
1189.92	2065.89	68
1765.28	3068.38	68
2343.54	4073.74	68
2911.74	5061.77	68
3477.07	6032.96	68
4025.84	6995.22	68
4718.76	8183.51	68
6618.48	9181.15	68
0.34	0.35	68
0.29	0.35	68
0.45	0.42	68
0.46	0.43	68
0.48	0.47	68
0.59	0.42	68
0.63	0.61	68
0.68	0.76	68
0.67	0.79	68
1.1	1.2	68
1.41	1.28	68
2.31	2.06	68
3.77	3.34	68
6.37	5.35	68
10.81	9.36	68
20.28	17.33	68
36.68	30.57	68
69.0	56.32	68
137.93	109.55	68
267.76	210.43	68
398.59	319.15	68
513.67	408.29	68
636.9	504.72	68
762.96	616.53	68
884.21	731.57	68
1009.89	801.45	68
1062.54	913.54	68
0.26	0.24	68
0.36	0.32	68
0.37	0.37	68
0.44	0.46	68
0.48	0.4	68
0.53	0.48	68
0.62	0.7	68
0.89	0.76	68
1.27	1.42	68
2.42	2.49	68
3.45	4.63	68
4.84	8.96	68
9.16	16.33	68
18.68	30.44	68
34.45	58.02	68
67.29	113.75	68
127.52	225.77	68
260.73	447.67	68
513.87	888.48	68
978.38	1728.16	68
1451.3	2563.28	68
1899.15	3403.98	68
2395.73	4231.05	68
2815.96	5058.31	68
3256.84	5878.4	68
3701.11	6700.45	68
4168.1	7770.19	68
0.24	0.3	68
0.35	0.32	68
0.34	0.41	68
0.37	0.48	68
0.38	0.41	68
0.52	0.57	68
0.58	0.51	68
0.67	0.71	68
0.96	0.85	68
1.41	1.31	68
1.55	1.95	68
2.78	3.19	68
4.35	4.63	68
6.86	6.37	68
10.61	11.65	68
19.37	20.71	68
45.91	48.47	68
80.63	57.38	68
140.9	152.77	68
278.97	209.91	68
365.24	312.31	68
506.78	525.2	68
617.89	514.77	68
751.86	603.5	68
847.68	700.12	68
1035.54	1002.14	68
1107.14	903.21	68
0.35	0.37	69
0.39	0.43	69
0.51	0.67	69
0.98	0.97	69
1.09	1.3	69
1.91	2.29	69
2.51	1.9	69
2.56	2.5	69
3.34	3.71	69
5.12	5.39	69
8.69	9.16	69
14.47	14.99	69
28.29	28.63	69
53.69	53.98	69
104.0	104.67	69
195.54	201.39	69
368.84	368.51	69
594.63	593.81	69
734.76	735.84	69
868.47	864.7	69
989.1	989.86	69
1111.65	1109.62	69
1240.79	1218.51	69
1337.04	1330.58	69
1422.31	1424.16	69
0.35	0.3	69
0.43	0.43	69
0.56	0.61	69
1.02	0.93	69
1.26	1.33	69
1.78	2.21	69
2.23	2.1	69
2.96	3.08	69
4.38	4.38	69
7.68	8.01	69
13.42	14.55	69
26.56	25.77	69
49.46	50.66	69
96.83	97.27	69
187.93	188.32	69
350.47	351.89	69
634.62	632.7	69
983.96	985.76	69
1246.78	1251.21	69
1501.19	1504.54	69
1745.04	1748.07	69
1988.22	1989.07	69
2218.65	2210.05	69
2433.7	2428.06	69
2653.08	2645.69	69
0.31	0.3	69
0.38	0.42	69
0.54	0.49	69
0.81	0.78	69
1.43	1.43	69
1.51	1.59	69
1.49	1.6	69
2.01	2.41	69
2.85	3.01	69
4.54	4.23	69
6.51	6.72	69
11.37	12.17	69
21.14	20.85	69
41.59	39.53	69
76.31	78.2	69
143.89	143.15	69
270.98	271.99	69
451.64	448.56	69
575.9	580.64	69
702.26	702.16	69
820.21	823.61	69
936.15	939.01	69
1045.46	1038.18	69
1146.51	1145.29	69
1240.52	1236.92	69
0.31	0.38	69
0.43	0.44	69
0.59	0.51	69
0.72	0.77	69
1.1	1.03	69
1.78	1.43	69
1.52	1.85	69
2.59	3.31	69
3.95	3.81	69
6.0	6.41	69
11.68	11.74	69
20.8	21.18	69
39.92	39.5	69
76.99	76.63	69
141.7	144.37	69
267.74	270.12	69
493.37	489.65	69
822.97	781.33	69
1066.55	1070.11	69
1305.59	1313.68	69
1538.21	1541.29	69
1771.09	1767.66	69
1995.25	1994.52	69
2211.99	2202.1	69
2417.5	2419.92	69
0.33	0.31	70
0.39	0.35	70
0.5	0.54	70
0.9	0.88	70
1.41	1.25	70
1.56	1.27	70
2.35	2.08	70
2.94	2.51	70
3.86	3.69	70
6.89	6.9	70
11.93	12.18	70
22.85	23.83	70
44.25	44.85	70
86.94	86.21	70
168.3	166.46	70
312.28	313.15	70
568.26	567.24	70
897.39	901.08	70
1150.39	1151.45	70
1391.05	1388.8	70
1624.0	1622.13	70
1851.43	1857.32	70
2069.59	2066.37	70
2282.18	2276.58	70
2490.21	2489.29	70
0.35	0.43	70
0.5	0.49	70
0.57	0.54	70
0.95	1.0	70
1.18	1.41	70
2.02	1.72	70
1.83	1.96	70
2.76	2.8	70
3.08	2.84	70
5.12	4.97	70
7.79	8.66	70
14.27	14.39	70
27.2	26.97	70
51.54	51.68	70
99.97	101.18	70
190.32	191.29	70
352.73	353.2	70
570.3	567.43	70
714.26	711.22	70
842.44	843.57	70
982.28	970.29	70
1086.85	1090.17	70
1199.33	1182.76	70
1294.28	1291.4	70
1392.39	1378.04	70
0.3	0.3	70
0.36	0.34	70
0.49	0.58	70
0.8	0.83	70
1.13	1.18	70
1.59	1.47	70
1.94	2.27	70
1.92	2.46	70
3.06	3.26	70
5.7	5.82	70
9.76	9.63	70
18.1	18.38	70
34.57	34.75	70
66.01	65.27	70
124.83	125.3	70
235.37	237.04	70
436.39	436.16	70
711.4	711.68	70
947.75	949.77	70
1165.94	1170.73	70
1394.76	1398.55	70
1614.25	1616.22	70
1832.85	1822.74	70
2029.04	2032.21	70
2240.07	2235.37	70
0.32	0.31	70
0.42	0.38	70
0.61	0.57	70
0.68	0.84	70
1.4	1.31	70
1.69	1.51	70
1.48	1.93	70
1.8	2.88	70
3.22	3.02	70
4.22	5.09	70
7.23	8.24	70
13.11	13.57	70
23.93	23.92	70
44.43	46.56	70
88.25	87.43	70
166.02	166.38	70
307.8	307.05	70
498.12	500.56	70
627.46	628.62	70
746.37	747.6	70
867.05	865.0	70
984.4	983.14	70
1092.52	1083.25	70
1200.41	1188.52	70
1293.71	1281.8	70
0.32	0.27	71
0.46	0.39	71
0.66	0.6	71
0.85	0.87	71
1.32	1.54	71
1.74	1.76	71
1.69	2.14	71
2.61	2.21	71
2.73	3.06	71
5.55	5.09	71
8.24	7.81	71
14.97	14.74	71
25.51	27.06	71
51.02	51.75	71
97.16	98.13	71
184.41	186.84	71
347.02	346.66	71
563.35	563.57	71
703.62	705.61	71
830.22	836.96	71
961.4	958.08	71
1082.22	1081.04	71
1189.84	1189.7	71
1289.22	1277.27	71
1382.98	1379.53	71
0.32	0.4	71
0.39	0.42	71
0.56	0.55	71
0.78	0.8	71
1.22	1.2	71
1.02	1.72	71
1.73	2.37	71
2.96	2.82	71
4.47	4.06	71
7.09	7.35	71
12.52	12.41	71
24.18	23.07	71
45.44	46.17	71
89.49	89.94	71
172.48	173.25	71
323.57	323.86	71
584.1	584.96	71
925.87	928.88	71
1193.0	1192.01	71
1445.77	1442.45	71
1687.68	1692.34	71
1926.28	1925.66	71
2153.9	2154.09	71
2382.92	2364.78	71
2603.94	2597.15	71
0.29	0.3	71
0.4	0.43	71
0.53	0.6	71
0.74	0.75	71
1.2	1.24	71
1.43	1.7	71
2.08	2.26	71
1.97	2.71	71
2.66	2.65	71
4.51	4.08	71
7.08	7.14	71
11.62	12.53	71
21.15	21.5	71
40.75	40.99	71
77.34	77.6	71
146.23	147.08	71
275.16	275.59	71
450.92	451.86	71
578.45	584.4	71
705.82	702.51	71
822.98	820.77	71
945.76	947.22	71
1054.55	1046.62	71
1148.91	1146.04	71
1251.01	1248.13	71
0.31	0.35	71
0.34	0.4	71
0.54	0.55	71
0.76	0.83	71
1.32	1.17	71
1.8	1.76	71
1.56	2.13	71
2.63	2.45	71
3.7	4.52	71
6.51	6.41	71
11.25	10.85	71
19.98	20.62	71
38.75	39.01	71
73.14	73.26	71
138.17	140.42	71
265.32	260.84	71
480.12	487.14	71
766.96	763.35	71
1002.25	1008.22	71
1227.28	1224.31	71
1446.44	1450.68	71
1667.72	1671.73	71
1877.79	1884.9	71
2084.28	2088.13	71
2313.22	2296.69	71
0.34	0.31	72
0.39	0.32	72
0.54	0.49	72
0.84	0.89	72
1.31	1.36	72
1.75	1.61	72
1.68	1.94	72
3.25	2.61	72
3.6	4.38	72
7.34	6.51	72
11.73	11.94	72
22.6	22.6	72
42.6	42.47	72
82.16	83.1	72
158.88	161.89	72
305.2	305.93	72
553.71	551.18	72
879.17	883.08	72
1164.45	1133.48	72
1404.47	1411.46	72
1650.57	1642.31	72
1883.24	1881.29	72
2114.36	2111.25	72
2335.58	2317.37	72
2549.18	2543.09	72
0.36	0.36	72
0.41	0.48	72
0.54	0.64	72
0.91	0.9	72
1.41	1.54	72
1.9	2.08	72
1.99	2.22	72
2.94	2.55	72
4.19	4.0	72
5.5	5.37	72
8.4	9.13	72
15.8	15.45	72
29.24	29.77	72
56.46	56.51	72
110.16	110.65	72
206.49	206.66	72
385.57	385.31	72
618.37	618.55	72
759.14	756.5	72
888.7	893.33	72
1019.38	1011.87	72
1135.97	1137.63	72
1238.25	1241.37	72
1344.95	1338.74	72
1461.47	1433.41	72
0.28	0.29	72
0.39	0.37	72
0.47	0.44	72
0.71	0.74	72
1.31	1.31	72
1.52	1.81	72
1.8	1.89	72
2.57	2.55	72
3.82	3.37	72
5.98	5.87	72
9.78	10.29	72
18.52	18.35	72
34.04	34.62	72
68.51	67.76	72
125.68	127.62	72
237.08	238.91	72
440.69	441.69	72
727.45	720.11	72
948.18	955.25	72
1183.67	1180.73	72
1400.26	1408.95	72
1621.98	1622.7	72
1830.12	1826.72	72
2041.82	2033.72	72
2235.39	2243.92	72
0.33	0.3	72
0.42	0.37	72
0.53	0.5	72
0.72	0.74	72
1.08	1.44	72
1.74	1.42	72
1.73	1.86	72
2.28	2.84	72
3.56	3.24	72
5.11	4.4	72
7.23	8.14	72
12.81	13.29	72
23.32	24.88	72
44.27	44.8	72
84.93	84.18	72
161.06	159.89	72
300.22	297.45	72
483.7	484.75	72
612.11	619.56	72
736.88	737.71	72
852.64	857.82	72
978.28	977.63	72
1081.35	1075.66	72
1189.38	1178.58	72
1278.23	1270.2	72
0.38	0.42	73
0.52	0.68	73
1.07	0.93	73
1.56	1.81	73
3.44	2.75	73
5.28	4.77	73
7.65	10.15	73
10.49	15.9	73
12.99	18.64	73
19.68	20.82	73
29.95	28.59	73
41.53	43.72	73
67.96	71.92	73
100.6	102.58	73
134.78	128.44	73
162.41	166.18	73
212.92	210.77	73
324.8	300.3	73
546.58	487.26	73
974.19	842.35	73
1410.73	1203.57	73
1854.98	1568.85	73
2294.08	1917.5	73
2739.14	2324.29	73
3171.51	2608.76	73
3528.67	2985.49	73
3854.08	3267.02	73
0.44	0.42	73
0.61	0.61	73
0.98	1.04	73
1.7	1.63	73
3.29	2.16	73
6.08	6.22	73
8.66	4.71	73
9.68	14.3	73
15.15	13.6	73
23.58	15.9	73
35.13	33.7	73
52.09	54.25	73
78.74	81.22	73
123.91	120.24	73
157.84	157.91	73
198.4	199.79	73
270.2	274.57	73
401.09	400.07	73
669.78	672.61	73
1267.34	1285.68	73
1901.92	1963.4	73
2535.72	2700.95	73
3178.07	3501.53	73
3803.42	4276.35	73
4412.07	5053.45	73
5016.61	5832.75	73
5583.23	6570.42	73
0.37	0.39	73
0.57	0.57	73
0.88	0.87	73
1.55	1.59	73
2.98	3.13	73
5.85	4.61	73
7.01	9.72	73
10.77	9.92	73
14.64	10.75	73
11.18	18.11	73
23.86	28.56	73
37.71	42.71	73
61.22	51.92	73
84.05	84.77	73
107.1	104.36	73
143.3	141.68	73
194.7	194.54	73
301.68	285.32	73
516.41	486.45	73
931.47	879.79	73
1356.48	1276.54	73
1787.56	1655.66	73
2244.35	2058.98	73
2675.52	2466.91	73
3120.2	2842.86	73
3482.03	3175.72	73
3793.59	3478.31	73
0.39	0.4	73
0.55	0.54	73
0.88	0.87	73
1.52	1.58	73
2.49	2.5	73
4.1	5.03	73
8.62	9.88	73
8.92	9.19	73
14.88	13.79	73
15.02	14.06	73
27.39	27.16	73
39.0	38.16	73
67.62	64.14	73
94.77	92.15	73
124.6	121.62	73
156.07	163.74	73
230.35	230.81	73
347.24	347.27	73
603.92	599.37	73
1170.35	1160.68	73
1743.19	1805.04	73
2341.16	2519.75	73
2900.87	3276.7	73
3485.45	4066.14	73
4045.5	4864.97	73
4607.63	5585.34	73
5159.54	6332.41	73
0.47	0.47	74
0.72	0.69	74
1.09	1.2	74
1.89	1.97	74
3.66	3.43	74
4.85	5.99	74
11.68	9.56	74
7.91	15.46	74
16.45	17.2	74
20.58	21.57	74
37.88	34.74	74
51.43	52.94	74
87.85	87.44	74
127.89	127.92	74
160.54	161.23	74
200.3	199.3	74
278.17	270.01	74
419.03	402.91	74
707.17	671.17	74
1294.47	1141.04	74
1888.42	1746.2	74
2485.93	2267.58	74
3068.78	2777.17	74
3664.86	3317.09	74
4209.43	3836.84	74
4749.07	4254.17	74
5218.75	4752.63	74
0.51	0.46	74
0.72	0.7	74
1.2	1.22	74
2.2	1.99	74
3.92	3.84	74
4.27	6.29	74
14.43	8.13	74
12.49	12.21	74
16.99	16.21	74
21.16	22.66	74
30.97	29.09	74
51.32	55.96	74
78.93	85.26	74
122.58	117.73	74
146.47	143.66	74
182.27	181.32	74
232.5	230.74	74
326.31	324.23	74
531.61	544.99	74
1011.74	1003.47	74
1512.47	1538.77	74
2015.59	2153.89	74
2536.32	2743.53	74
3046.13	3377.11	74
3531.72	3972.85	74
3997.05	4576.6	74
4515.96	5161.6	74
0.41	0.42	74
0.57	0.55	74
1.22	0.86	74
1.66	1.59	74
2.95	2.93	74
5.67	5.5	74
5.05	8.73	74
7.23	13.06	74
14.19	15.34	74
14.48	15.82	74
25.06	25.63	74
40.48	40.12	74
63.59	63.81	74
90.6	94.8	74
121.89	125.91	74
161.34	164.6	74
230.04	240.27	74
358.22	356.53	74
638.92	618.53	74
1163.98	1152.46	74
1709.64	1636.26	74
2259.16	2190.37	74
2811.93	2734.45	74
3339.93	3292.77	74
3902.94	3774.33	74
4380.49	4213.6	74
4838.83	4626.19	74
0.42	0.41	74
0.53	0.57	74
0.98	0.96	74
1.71	1.67	74
3.17	2.59	74
4.55	5.03	74
6.96	4.02	74
11.33	7.21	74
8.64	10.21	74
13.98	20.26	74
25.09	20.59	74
40.72	32.14	74
54.23	57.91	74
85.89	86.27	74
112.54	117.04	74
146.27	147.9	74
194.2	195.29	74
284.05	291.25	74
483.63	483.34	74
923.42	917.15	74
1405.86	1427.53	74
1897.19	2010.71	74
2370.45	2607.31	74
2820.9	3224.38	74
3276.06	3820.72	74
3763.97	4446.74	74
4152.73	4982.02	74
0.47	0.5	75
0.7	0.77	75
1.11	1.07	75
1.73	1.89	75
3.42	2.76	75
6.88	5.61	75
10.41	8.89	75
15.05	9.02	75
16.82	18.27	75
23.94	20.34	75
33.82	29.08	75
44.26	44.73	75
78.61	74.08	75
103.88	105.07	75
134.55	139.52	75
174.07	175.31	75
227.76	218.98	75
318.33	312.47	75
522.58	516.75	75
957.47	964.19	75
1447.87	1466.85	75
1954.76	2012.61	75
2456.27	2601.68	75
2942.64	3150.71	75
3410.77	3778.59	75
3905.08	4277.15	75
4353.33	4839.84	75
0.5	0.45	75
0.59	0.6	75
0.99	1.05	75
1.92	1.79	75
3.35	3.51	75
4.82	6.35	75
10.94	9.93	75
9.7	11.07	75
16.52	14.21	75
22.94	27.26	75
31.19	33.7	75
52.51	51.39	75
84.85	83.13	75
120.48	121.24	75
155.94	155.94	75
202.42	202.52	75
271.01	266.67	75
415.64	400.5	75
696.26	649.59	75
1254.02	1157.44	75
1829.29	1657.06	75
2419.36	2185.69	75
2993.12	2708.06	75
3556.64	3219.95	75
4136.61	3689.2	75
4640.31	4127.2	75
5055.19	4588.66	75
0.42	0.44	75
0.58	0.59	75
1.02	0.88	75
1.73	1.61	75
2.81	3.01	75
5.72	5.58	75
7.4	7.72	75
6.41	11.71	75
11.07	17.01	75
14.75	19.67	75
20.35	26.98	75
37.63	39.48	75
55.33	53.63	75
81.58	86.34	75
109.38	108.81	75
142.23	136.3	75
187.31	190.57	75
281.25	282.04	75
478.3	472.97	75
904.25	901.99	75
1374.32	1406.6	75
1839.2	1960.16	75
2318.17	2512.37	75
2792.03	3123.79	75
3246.41	3672.62	75
3664.19	4278.45	75
4106.25	4810.02	75
0.42	0.44	75
0.6	0.55	75
1.02	0.97	75
1.69	1.68	75
3.32	3.16	75
5.26	5.53	75
8.47	9.42	75
14.24	11.86	75
18.89	12.57	75
17.91	19.79	75
29.69	35.09	75
50.37	50.92	75
77.89	75.2	75
111.66	109.71	75
144.23	141.3	75
185.53	179.51	75
247.37	251.57	75
387.74	388.52	75
671.19	656.99	75
1211.76	1181.73	75
1773.58	1717.5	75
2326.06	2295.2	75
2883.92	2819.18	75
3475.08	3364.66	75
4023.05	3895.08	75
4489.6	4384.99	75
4960.82	4768.73	75
0.39	0.4	76
0.52	0.58	76
0.87	0.81	76
1.35	1.35	76
2.92	2.84	76
5.49	4.77	76
4.19	8.17	76
8.82	7.57	76
12.65	14.02	76
17.43	16.32	76
26.13	23.95	76
41.56	39.54	76
59.92	63.0	76
90.73	98.28	76
122.1	122.7	76
159.46	163.23	76
223.84	229.48	76
341.02	336.44	76
596.85	607.69	76
1156.82	1165.58	76
1747.63	1814.03	76
2343.5	2528.85	76
2919.23	3287.14	76
3496.39	4070.11	76
4066.56	4821.53	76
4619.88	5589.38	76
5153.25	6283.62	76
0.49	0.42	76
0.6	0.66	76
0.76	0.94	76
1.7	1.81	76
3.37	2.3	76
4.52	6.4	76
9.32	11.79	76
11.5	17.24	76
12.22	8.63	76
19.6	19.66	76
30.56	34.04	76
47.61	43.65	76
63.22	63.68	76
93.06	93.15	76
122.53	119.04	76
154.69	145.99	76
207.35	203.5	76
313.5	308.1	76
523.29	504.09	76
948.99	888.97	76
1366.67	1281.41	76
1824.31	1674.11	76
2282.06	2065.3	76
2675.79	2468.57	76
3129.17	2869.15	76
3547.95	3180.4	76
3864.89	3489.85	76
