+-----+------------+----------+-----------+----------+---------+-------+------+----------+-----------+-----+-----------+-------------+------------+------------+----------+------------------------+-----+-------------------------------------+-----------+----------+
| did | fillfactor |   rows   | ndistinct | relpages |  fuzz   | fuzz2 | step | iomethod | ioworkers | eic | direction | index_order | scan_order | num_values |  master  | patched-munro-728899ba | cnt |                 qid                 |   diff    | pct_diff |
+-----+------------+----------+-----------+----------+---------+-------+------+----------+-----------+-----+-----------+-------------+------------+------------+----------+------------------------+-----+-------------------------------------+-----------+----------+
| 4   | 80         | 10000000 | 1250000   | 117648   | 4       | 2048  | 8    | worker   | 12        | 16  | decrease  | desc        | desc       | 1131072    | 1052.95  | 1935.52                | 6   | 7274,7456,7638,7280,7462,7644       | 882.57    | 83.82    |
| 1   | 80         | 10000000 | 1250000   | 117648   | 4       | 2048  | 8    | worker   | 12        | 16  | increase  | asc         | asc        | 1131072    | 1072.18  | 1938.28                | 6   | 176,358,540,182,364,546             | 866.1     | 80.78    |
| 1   | 80         | 10000000 | 1250000   | 117648   | 4       | 2048  | 8    | io_uring | 12        | 16  | increase  | asc         | asc        | 1131072    | 1060.92  | 1903.71                | 6   | 1268,1450,1632,1274,1456,1638       | 842.79    | 79.44    |
| 4   | 80         | 10000000 | 1250000   | 117648   | 4       | 2048  | 8    | io_uring | 12        | 16  | decrease  | desc        | desc       | 1131072    | 1062.74  | 1895.48                | 6   | 8366,8548,8730,8372,8554,8736       | 832.74    | 78.36    |
| 3   | 80         | 10000000 | 1250000   | 117648   | 4       | 2048  | 8    | io_uring | 12        | 16  | decrease  | asc         | desc       | 1131072    | 2326.57  | 3145.96                | 6   | 6182,6364,6546,6188,6370,6552       | 819.39    | 35.22    |
| 3   | 80         | 10000000 | 1250000   | 117648   | 4       | 2048  | 8    | worker   | 12        | 16  | decrease  | asc         | desc       | 1131072    | 2091.8   | 2907.97                | 6   | 5090,5272,5454,5096,5278,5460       | 816.17    | 39.02    |
| 2   | 80         | 10000000 | 1250000   | 117648   | 4       | 2048  | 8    | io_uring | 12        | 16  | increase  | desc        | asc        | 1131072    | 2210.66  | 3012.27                | 6   | 3452,3634,3816,3458,3640,3822       | 801.61    | 36.26    |
| 2   | 80         | 10000000 | 1250000   | 117648   | 4       | 2048  | 8    | worker   | 12        | 16  | increase  | desc        | asc        | 1131072    | 2102.38  | 2897.83                | 6   | 2360,2542,2724,2366,2548,2730       | 795.45    | 37.84    |
| 4   | 80         | 10000000 | 1250000   | 117648   | 4       | 2048  | 8    | io_uring | 12        | 16  | decrease  | desc        | desc       | 1006072    | 944.76   | 1699.57                | 6   | 8359,8541,8723,8365,8547,8729       | 754.81    | 79.89    |
| 1   | 80         | 10000000 | 1250000   | 117648   | 4       | 2048  | 8    | io_uring | 12        | 16  | increase  | asc         | asc        | 1006072    | 939.43   | 1691.36                | 6   | 1261,1443,1625,1267,1449,1631       | 751.93    | 80.04    |
| 2   | 80         | 10000000 | 1250000   | 117648   | 4       | 2048  | 8    | worker   | 12        | 16  | increase  | desc        | asc        | 1006072    | 1863.68  | 2607.4                 | 6   | 2353,2535,2717,2359,2541,2723       | 743.72    | 39.91    |
| 1   | 80         | 10000000 | 1250000   | 117648   | 4       | 2048  | 8    | worker   | 12        | 16  | increase  | asc         | asc        | 1006072    | 938.72   | 1680.84                | 6   | 169,351,533,175,357,539             | 742.12    | 79.06    |
| 4   | 80         | 10000000 | 1250000   | 117648   | 4       | 2048  | 8    | worker   | 12        | 16  | decrease  | desc        | desc       | 1006072    | 972.72   | 1698.86                | 6   | 7267,7449,7631,7273,7455,7637       | 726.14    | 74.65    |
| 3   | 80         | 10000000 | 1250000   | 117648   | 4       | 2048  | 8    | io_uring | 12        | 16  | decrease  | asc         | desc       | 1006072    | 2065.87  | 2783.97                | 6   | 6175,6357,6539,6181,6363,6545       | 718.1     | 34.76    |
| 2   | 80         | 10000000 | 1250000   | 117648   | 4       | 2048  | 8    | io_uring | 12        | 16  | increase  | desc        | asc        | 1006072    | 1966.86  | 2681.33                | 6   | 3445,3627,3809,3451,3633,3815       | 714.47    | 36.33    |
| 3   | 80         | 10000000 | 1250000   | 117648   | 4       | 2048  | 8    | worker   | 12        | 16  | decrease  | asc         | desc       | 1006072    | 1892.68  | 2602.79                | 6   | 5083,5265,5447,5089,5271,5453       | 710.11    | 37.52    |
| 1   | 80         | 10000000 | 1250000   | 117648   | 4       | 2048  | 8    | worker   | 12        | 16  | increase  | asc         | asc        | 881072     | 822.82   | 1518.25                | 6   | 162,344,526,168,350,532             | 695.43    | 84.52    |
| 4   | 80         | 10000000 | 1250000   | 117648   | 4       | 2048  | 8    | io_uring | 12        | 16  | decrease  | desc        | desc       | 881072     | 825.56   | 1499.72                | 6   | 8352,8534,8716,8358,8540,8722       | 674.16    | 81.66    |
| 3   | 80         | 10000000 | 1250000   | 117648   | 4       | 2048  | 8    | worker   | 12        | 16  | decrease  | asc         | desc       | 881072     | 1634.54  | 2299.53                | 6   | 5076,5258,5440,5082,5264,5446       | 664.99    | 40.68    |
| 4   | 80         | 10000000 | 1250000   | 117648   | 4       | 2048  | 8    | worker   | 12        | 16  | decrease  | desc        | desc       | 881072     | 830.2    | 1491.55                | 6   | 7260,7442,7624,7266,7448,7630       | 661.35    | 79.66    |
| 2   | 80         | 10000000 | 1250000   | 117648   | 4       | 2048  | 8    | worker   | 12        | 16  | increase  | desc        | asc        | 881072     | 1636.5   | 2294.08                | 6   | 2346,2528,2710,2352,2534,2716       | 657.58    | 40.18    |
| 1   | 80         | 10000000 | 1250000   | 117648   | 4       | 2048  | 8    | io_uring | 12        | 16  | increase  | asc         | asc        | 881072     | 857.22   | 1487.87                | 6   | 1254,1436,1618,1260,1442,1624       | 630.65    | 73.57    |
| 2   | 80         | 10000000 | 1250000   | 117648   | 4       | 2048  | 8    | io_uring | 12        | 16  | increase  | desc        | asc        | 881072     | 1734.29  | 2363.79                | 6   | 3438,3620,3802,3444,3626,3808       | 629.5     | 36.3     |
| 3   | 80         | 10000000 | 1250000   | 117648   | 4       | 2048  | 8    | io_uring | 12        | 16  | decrease  | asc         | desc       | 881072     | 1812.55  | 2427.42                | 6   | 6168,6350,6532,6174,6356,6538       | 614.87    | 33.92    |
| 1   | 80         | 10000000 | 1250000   | 117648   | 4       | 2048  | 8    | worker   | 12        | 16  | increase  | asc         | asc        | 756072     | 705.6    | 1304.48                | 6   | 155,337,519,161,343,525             | 598.88    | 84.88    |
| 1   | 80         | 10000000 | 1250000   | 117648   | 4       | 2048  | 8    | io_uring | 12        | 16  | increase  | asc         | asc        | 756072     | 706.73   | 1276.84                | 6   | 1247,1429,1611,1253,1435,1617       | 570.11    | 80.67    |
| 4   | 80         | 10000000 | 1250000   | 117648   | 4       | 2048  | 8    | io_uring | 12        | 16  | decrease  | desc        | desc       | 756072     | 712.72   | 1280.45                | 6   | 8345,8527,8709,8351,8533,8715       | 567.73    | 79.66    |
| 4   | 80         | 10000000 | 1250000   | 117648   | 4       | 2048  | 8    | worker   | 12        | 16  | decrease  | desc        | desc       | 756072     | 708.9    | 1261.12                | 6   | 7253,7435,7617,7259,7441,7623       | 552.22    | 77.9     |
| 2   | 80         | 10000000 | 1250000   | 117648   | 4       | 2048  | 8    | worker   | 12        | 16  | increase  | desc        | asc        | 756072     | 1405.18  | 1941.82                | 6   | 2339,2521,2703,2345,2527,2709       | 536.64    | 38.19    |
| 3   | 80         | 10000000 | 1250000   | 117648   | 4       | 2048  | 8    | worker   | 12        | 16  | decrease  | asc         | desc       | 756072     | 1408.51  | 1944.11                | 6   | 5069,5251,5433,5075,5257,5439       | 535.6     | 38.03    |
| 3   | 80         | 10000000 | 1250000   | 117648   | 4       | 2048  | 8    | io_uring | 12        | 16  | decrease  | asc         | desc       | 756072     | 1553.88  | 2087.83                | 6   | 6161,6343,6525,6167,6349,6531       | 533.95    | 34.36    |
| 2   | 80         | 10000000 | 1250000   | 117648   | 4       | 2048  | 8    | io_uring | 12        | 16  | increase  | desc        | asc        | 756072     | 1498.52  | 2030.81                | 6   | 3431,3613,3795,3437,3619,3801       | 532.29    | 35.52    |
| 4   | 80         | 10000000 | 1250000   | 117648   | 4       | 2048  | 8    | worker   | 12        | 16  | decrease  | desc        | desc       | 631072     | 598.77   | 1092.8                 | 6   | 7246,7428,7610,7252,7434,7616       | 494.03    | 82.51    |
| 3   | 80         | 10000000 | 1250000   | 117648   | 4       | 2048  | 8    | io_uring | 12        | 16  | decrease  | asc         | desc       | 631072     | 1270.82  | 1759.45                | 6   | 6154,6336,6518,6160,6342,6524       | 488.63    | 38.45    |
| 1   | 80         | 10000000 | 1250000   | 117648   | 4       | 2048  | 8    | io_uring | 12        | 16  | increase  | asc         | asc        | 631072     | 593.88   | 1068.93                | 6   | 1240,1422,1604,1246,1428,1610       | 475.05    | 79.99    |
| 1   | 80         | 10000000 | 1250000   | 117648   | 4       | 2048  | 8    | worker   | 12        | 16  | increase  | asc         | asc        | 631072     | 615.39   | 1083.99                | 6   | 148,330,512,154,336,518             | 468.6     | 76.15    |
| 4   | 80         | 10000000 | 1250000   | 117648   | 4       | 2048  | 8    | io_uring | 12        | 16  | decrease  | desc        | desc       | 631072     | 596.96   | 1063.87                | 6   | 8338,8520,8702,8344,8526,8708       | 466.91    | 78.21    |
| 2   | 80         | 10000000 | 1250000   | 117648   | 4       | 2048  | 8    | worker   | 12        | 16  | increase  | desc        | asc        | 631072     | 1172.49  | 1634.29                | 6   | 2332,2514,2696,2338,2520,2702       | 461.8     | 39.39    |
| 3   | 80         | 10000000 | 1250000   | 117648   | 4       | 2048  | 8    | worker   | 12        | 16  | decrease  | asc         | desc       | 631072     | 1172.84  | 1631.65                | 6   | 5062,5244,5426,5068,5250,5432       | 458.81    | 39.12    |
| 2   | 80         | 10000000 | 1250000   | 117648   | 4       | 2048  | 8    | io_uring | 12        | 16  | increase  | desc        | asc        | 631072     | 1254.63  | 1708.3                 | 6   | 3424,3606,3788,3430,3612,3794       | 453.67    | 36.16    |
| 4   | 80         | 10000000 | 1250000   | 117648   | 4       | 2048  | 8    | worker   | 12        | 16  | decrease  | desc        | desc       | 506072     | 476.65   | 883.14                 | 6   | 7239,7421,7603,7245,7427,7609       | 406.49    | 85.28    |
| 1   | 80         | 10000000 | 1250000   | 117648   | 4       | 2048  | 8    | worker   | 12        | 16  | increase  | asc         | asc        | 506072     | 479.32   | 873.26                 | 6   | 141,323,505,147,329,511             | 393.94    | 82.19    |
| 1   | 80         | 10000000 | 1250000   | 117648   | 4       | 2048  | 8    | io_uring | 12        | 16  | increase  | asc         | asc        | 506072     | 479.37   | 870.35                 | 6   | 1233,1415,1597,1239,1421,1603       | 390.98    | 81.56    |
| 4   | 80         | 10000000 | 1250000   | 117648   | 4       | 2048  | 8    | io_uring | 12        | 16  | decrease  | desc        | desc       | 506072     | 479.6    | 855.13                 | 6   | 8331,8513,8695,8337,8519,8701       | 375.53    | 78.3     |
| 2   | 80         | 10000000 | 1250000   | 117648   | 4       | 2048  | 8    | worker   | 12        | 16  | increase  | desc        | asc        | 506072     | 946.94   | 1321.13                | 6   | 2325,2507,2689,2331,2513,2695       | 374.19    | 39.52    |
| 3   | 80         | 10000000 | 1250000   | 117648   | 4       | 2048  | 8    | worker   | 12        | 16  | decrease  | asc         | desc       | 506072     | 942.9    | 1311.97                | 6   | 5055,5237,5419,5061,5243,5425       | 369.07    | 39.14    |
| 3   | 80         | 10000000 | 1250000   | 117648   | 4       | 2048  | 8    | io_uring | 12        | 16  | decrease  | asc         | desc       | 506072     | 1017.29  | 1378.21                | 6   | 6147,6329,6511,6153,6335,6517       | 360.92    | 35.48    |
| 2   | 80         | 10000000 | 1250000   | 117648   | 4       | 2048  | 8    | io_uring | 12        | 16  | increase  | desc        | asc        | 506072     | 1012.43  | 1369.45                | 6   | 3417,3599,3781,3423,3605,3787       | 357.02    | 35.26    |
| 4   | 80         | 10000000 | 1250000   | 117648   | 4       | 2048  | 8    | worker   | 12        | 16  | decrease  | desc        | desc       | 381072     | 358.65   | 664.34                 | 6   | 7232,7414,7596,7238,7420,7602       | 305.69    | 85.23    |
| 1   | 80         | 10000000 | 1250000   | 117648   | 4       | 2048  | 8    | io_uring | 12        | 16  | increase  | asc         | asc        | 381072     | 361.16   | 650.55                 | 6   | 1226,1408,1590,1232,1414,1596       | 289.39    | 80.13    |
| 2   | 80         | 10000000 | 1250000   | 117648   | 4       | 2048  | 8    | worker   | 12        | 16  | increase  | desc        | asc        | 381072     | 709.41   | 997.92                 | 6   | 2318,2500,2682,2324,2506,2688       | 288.51    | 40.67    |
| 4   | 80         | 10000000 | 1250000   | 117648   | 4       | 2048  | 8    | io_uring | 12        | 16  | decrease  | desc        | desc       | 381072     | 362.25   | 649.38                 | 6   | 8324,8506,8688,8330,8512,8694       | 287.13    | 79.26    |
| 1   | 80         | 10000000 | 1250000   | 117648   | 4       | 2048  | 8    | worker   | 12        | 16  | increase  | asc         | asc        | 381072     | 378.43   | 657.76                 | 6   | 134,316,498,140,322,504             | 279.33    | 73.81    |
| 3   | 80         | 10000000 | 1250000   | 117648   | 4       | 2048  | 8    | worker   | 12        | 16  | decrease  | asc         | desc       | 381072     | 713.18   | 986.36                 | 6   | 5048,5230,5412,5054,5236,5418       | 273.18    | 38.3     |
| 3   | 80         | 10000000 | 1250000   | 117648   | 4       | 2048  | 8    | io_uring | 12        | 16  | decrease  | asc         | desc       | 381072     | 767.55   | 1039.56                | 6   | 6140,6322,6504,6146,6328,6510       | 272.01    | 35.44    |
| 2   | 80         | 10000000 | 1250000   | 117648   | 4       | 2048  | 8    | io_uring | 12        | 16  | increase  | desc        | asc        | 381072     | 762.1    | 1029.49                | 6   | 3410,3592,3774,3416,3598,3780       | 267.39    | 35.09    |
| 3   | 80         | 10000000 | 1250000   | 117648   | 4       | 2048  | 8    | worker   | 12        | 16  | decrease  | asc         | desc       | 256072     | 477.41   | 708.34                 | 6   | 5041,5223,5405,5047,5229,5411       | 230.93    | 48.37    |
| 11  | 80         | 10000000 | 10000000  | 117648   | 16      | 32    | 1    | worker   | 12        | 16  | decrease  | asc         | desc       | 9048576    | 1849.14  | 2079.28                | 6   | 22814,23017,23220,22820,23023,23226 | 230.14    | 12.45    |
| 4   | 80         | 10000000 | 1250000   | 117648   | 4       | 2048  | 8    | worker   | 12        | 16  | decrease  | desc        | desc       | 256072     | 242.84   | 468.74                 | 6   | 7225,7407,7589,7231,7413,7595       | 225.9     | 93.02    |
| 1   | 80         | 10000000 | 1250000   | 117648   | 4       | 2048  | 8    | worker   | 12        | 16  | increase  | asc         | asc        | 256072     | 245.68   | 445.04                 | 6   | 127,309,491,133,315,497             | 199.36    | 81.15    |
| 4   | 80         | 10000000 | 1250000   | 117648   | 4       | 2048  | 8    | io_uring | 12        | 16  | decrease  | desc        | desc       | 256072     | 244.07   | 439.21                 | 6   | 8317,8499,8681,8323,8505,8687       | 195.14    | 79.95    |
| 1   | 80         | 10000000 | 1250000   | 117648   | 4       | 2048  | 8    | io_uring | 12        | 16  | increase  | asc         | asc        | 256072     | 243.23   | 438.06                 | 6   | 1219,1401,1583,1225,1407,1589       | 194.83    | 80.1     |
| 2   | 80         | 10000000 | 1250000   | 117648   | 4       | 2048  | 8    | worker   | 12        | 16  | increase  | desc        | asc        | 256072     | 482.69   | 666.18                 | 6   | 2311,2493,2675,2317,2499,2681       | 183.49    | 38.01    |
| 3   | 80         | 10000000 | 1250000   | 117648   | 4       | 2048  | 8    | io_uring | 12        | 16  | decrease  | asc         | desc       | 256072     | 517.8    | 698.88                 | 6   | 6133,6315,6497,6139,6321,6503       | 181.08    | 34.97    |
| 2   | 80         | 10000000 | 1250000   | 117648   | 4       | 2048  | 8    | io_uring | 12        | 16  | increase  | desc        | asc        | 256072     | 513.34   | 693.1                  | 6   | 3403,3585,3767,3409,3591,3773       | 179.76    | 35.02    |
| 10  | 80         | 10000000 | 10000000  | 117648   | 16      | 32    | 1    | io_uring | 12        | 16  | increase  | desc        | asc        | 9048576    | 1944.77  | 2089.96                | 6   | 20987,21190,21393,20993,21196,21399 | 145.19    | 7.47     |
| 9   | 80         | 10000000 | 10000000  | 117648   | 16      | 32    | 1    | io_uring | 12        | 16  | increase  | asc         | asc        | 9048576    | 736.87   | 881.32                 | 6   | 18551,18754,18957,18557,18760,18963 | 144.45    | 19.6     |
| 10  | 80         | 10000000 | 10000000  | 117648   | 16      | 32    | 1    | worker   | 12        | 16  | increase  | desc        | asc        | 7048576    | 1392.63  | 1532.93                | 6   | 19755,19958,20161,19761,19964,20167 | 140.3     | 10.07    |
| 12  | 80         | 10000000 | 10000000  | 117648   | 16      | 32    | 1    | worker   | 12        | 16  | decrease  | desc        | desc       | 4048576    | 334.9    | 470.74                 | 6   | 25215,25418,25621,25221,25424,25627 | 135.84    | 40.56    |
| 12  | 80         | 10000000 | 10000000  | 117648   | 16      | 32    | 1    | worker   | 12        | 16  | decrease  | desc        | desc       | 8048576    | 652.33   | 787.27                 | 6   | 25243,25446,25649,25249,25452,25655 | 134.94    | 20.69    |
| 11  | 80         | 10000000 | 10000000  | 117648   | 16      | 32    | 1    | io_uring | 12        | 16  | decrease  | asc         | desc       | 9048576    | 1887.03  | 2020.59                | 6   | 24032,24235,24438,24038,24241,24444 | 133.56    | 7.08     |
| 1   | 80         | 10000000 | 1250000   | 117648   | 4       | 2048  | 8    | worker   | 12        | 16  | increase  | asc         | asc        | 131072     | 127.51   | 261.05                 | 6   | 120,302,484,126,308,490             | 133.54    | 104.73   |
| 11  | 80         | 10000000 | 10000000  | 117648   | 16      | 32    | 1    | worker   | 12        | 16  | decrease  | asc         | desc       | 8048576    | 1649.26  | 1782.26                | 6   | 22807,23010,23213,22813,23016,23219 | 133.0     | 8.06     |
| 9   | 80         | 10000000 | 10000000  | 117648   | 16      | 32    | 1    | worker   | 12        | 16  | increase  | asc         | asc        | 8048576    | 654.41   | 784.46                 | 6   | 17326,17529,17732,17332,17535,17738 | 130.05    | 19.87    |
| 12  | 80         | 10000000 | 10000000  | 117648   | 16      | 32    | 1    | worker   | 12        | 16  | decrease  | desc        | desc       | 9048576    | 733.42   | 862.5                  | 6   | 25250,25453,25656,25256,25459,25662 | 129.08    | 17.6     |
| 12  | 80         | 10000000 | 10000000  | 117648   | 16      | 32    | 1    | io_uring | 12        | 16  | decrease  | desc        | desc       | 9048576    | 733.97   | 862.94                 | 6   | 26468,26671,26874,26474,26677,26880 | 128.97    | 17.57    |
| 10  | 80         | 10000000 | 10000000  | 117648   | 16      | 32    | 1    | worker   | 12        | 16  | increase  | desc        | asc        | 9048576    | 1789.12  | 1914.65                | 6   | 19769,19972,20175,19775,19978,20181 | 125.53    | 7.02     |
| 12  | 80         | 10000000 | 10000000  | 117648   | 16      | 32    | 1    | io_uring | 12        | 16  | decrease  | desc        | desc       | 8048576    | 653.08   | 777.96                 | 6   | 26461,26664,26867,26467,26670,26873 | 124.88    | 19.12    |
| 12  | 80         | 10000000 | 10000000  | 117648   | 16      | 32    | 1    | worker   | 12        | 16  | decrease  | desc        | desc       | 5048576    | 411.88   | 534.51                 | 6   | 25222,25425,25628,25228,25431,25634 | 122.63    | 29.77    |
| 2   | 80         | 10000000 | 1250000   | 117648   | 4       | 2048  | 8    | worker   | 12        | 16  | increase  | desc        | asc        | 131072     | 250.19   | 371.03                 | 6   | 2304,2486,2668,2310,2492,2674       | 120.84    | 48.3     |
| 10  | 80         | 10000000 | 10000000  | 117648   | 16      | 32    | 1    | io_uring | 12        | 16  | increase  | desc        | asc        | 8048576    | 1728.58  | 1849.03                | 6   | 20980,21183,21386,20986,21189,21392 | 120.45    | 6.97     |
| 9   | 80         | 10000000 | 10000000  | 117648   | 16      | 32    | 1    | io_uring | 12        | 16  | increase  | asc         | asc        | 8048576    | 653.63   | 773.73                 | 6   | 18544,18747,18950,18550,18753,18956 | 120.1     | 18.37    |
| 12  | 80         | 10000000 | 10000000  | 117648   | 16      | 32    | 1    | io_uring | 12        | 16  | decrease  | desc        | desc       | 7048576    | 571.27   | 682.56                 | 6   | 26454,26657,26860,26460,26663,26866 | 111.29    | 19.48    |
| 9   | 80         | 10000000 | 10000000  | 117648   | 16      | 32    | 1    | io_uring | 12        | 16  | increase  | asc         | asc        | 7048576    | 576.03   | 687.26                 | 6   | 18537,18740,18943,18543,18746,18949 | 111.23    | 19.31    |
| 11  | 80         | 10000000 | 10000000  | 117648   | 16      | 32    | 1    | worker   | 12        | 16  | decrease  | asc         | desc       | 5048576    | 1044.56  | 1154.82                | 6   | 22786,22989,23192,22792,22995,23198 | 110.26    | 10.56    |
| 11  | 80         | 10000000 | 10000000  | 117648   | 16      | 32    | 1    | io_uring | 12        | 16  | decrease  | asc         | desc       | 8048576    | 1688.53  | 1797.38                | 6   | 24025,24228,24431,24031,24234,24437 | 108.85    | 6.45     |
| 1   | 80         | 10000000 | 1250000   | 117648   | 4       | 2048  | 8    | io_uring | 12        | 16  | increase  | asc         | asc        | 131072     | 126.91   | 227.26                 | 6   | 1212,1394,1576,1218,1400,1582       | 100.35    | 79.07    |
| 10  | 80         | 10000000 | 10000000  | 117648   | 16      | 32    | 1    | io_uring | 12        | 16  | increase  | desc        | asc        | 7048576    | 1519.61  | 1619.83                | 6   | 20973,21176,21379,20979,21182,21385 | 100.22    | 6.6      |
| 11  | 80         | 10000000 | 10000000  | 117648   | 16      | 32    | 1    | io_uring | 12        | 16  | decrease  | asc         | desc       | 7048576    | 1476.08  | 1575.58                | 6   | 24018,24221,24424,24024,24227,24430 | 99.5      | 6.74     |
| 12  | 80         | 10000000 | 10000000  | 117648   | 16      | 32    | 1    | worker   | 12        | 16  | decrease  | desc        | desc       | 7048576    | 573.57   | 672.75                 | 6   | 25236,25439,25642,25242,25445,25648 | 99.18     | 17.29    |
| 12  | 80         | 10000000 | 10000000  | 117648   | 16      | 32    | 1    | worker   | 12        | 16  | decrease  | desc        | desc       | 6048576    | 489.86   | 588.66                 | 6   | 25229,25432,25635,25235,25438,25641 | 98.8      | 20.17    |
| 4   | 80         | 10000000 | 1250000   | 117648   | 4       | 2048  | 8    | worker   | 12        | 16  | decrease  | desc        | desc       | 131072     | 127.74   | 224.68                 | 6   | 7218,7400,7582,7224,7406,7588       | 96.94     | 75.89    |
| 9   | 80         | 10000000 | 10000000  | 117648   | 16      | 32    | 1    | io_uring | 12        | 16  | increase  | asc         | asc        | 6048576    | 494.22   | 590.38                 | 6   | 18530,18733,18936,18536,18739,18942 | 96.16     | 19.46    |
| 4   | 80         | 10000000 | 1250000   | 117648   | 4       | 2048  | 8    | io_uring | 12        | 16  | decrease  | desc        | desc       | 131072     | 127.75   | 223.69                 | 6   | 8310,8492,8674,8316,8498,8680       | 95.94     | 75.1     |
| 3   | 80         | 10000000 | 1250000   | 117648   | 4       | 2048  | 8    | worker   | 12        | 16  | decrease  | asc         | desc       | 131072     | 249.53   | 345.19                 | 6   | 5034,5216,5398,5040,5222,5404       | 95.66     | 38.34    |
| 3   | 80         | 10000000 | 1250000   | 117648   | 4       | 2048  | 8    | io_uring | 12        | 16  | decrease  | asc         | desc       | 131072     | 266.24   | 359.61                 | 6   | 6126,6308,6490,6132,6314,6496       | 93.37     | 35.07    |
| 9   | 80         | 10000000 | 10000000  | 117648   | 16      | 32    | 1    | worker   | 12        | 16  | increase  | asc         | asc        | 9048576    | 734.95   | 825.68                 | 6   | 17333,17536,17739,17339,17542,17745 | 90.73     | 12.35    |
| 2   | 80         | 10000000 | 1250000   | 117648   | 4       | 2048  | 8    | io_uring | 12        | 16  | increase  | desc        | asc        | 131072     | 266.35   | 356.96                 | 6   | 3396,3578,3760,3402,3584,3766       | 90.61     | 34.02    |
| 10  | 80         | 10000000 | 10000000  | 117648   | 16      | 32    | 1    | worker   | 12        | 16  | increase  | desc        | asc        | 6048576    | 1199.4   | 1288.89                | 6   | 19748,19951,20154,19754,19957,20160 | 89.49     | 7.46     |
| 9   | 80         | 10000000 | 10000000  | 117648   | 16      | 32    | 1    | worker   | 12        | 16  | increase  | asc         | asc        | 6048576    | 497.32   | 584.55                 | 6   | 17312,17515,17718,17318,17521,17724 | 87.23     | 17.54    |
| 10  | 80         | 10000000 | 10000000  | 117648   | 16      | 32    | 1    | worker   | 12        | 16  | increase  | desc        | asc        | 8048576    | 1589.6   | 1675.7                 | 6   | 19762,19965,20168,19768,19971,20174 | 86.1      | 5.42     |
| 10  | 80         | 10000000 | 10000000  | 117648   | 16      | 32    | 1    | io_uring | 12        | 16  | increase  | desc        | asc        | 6048576    | 1304.16  | 1389.75                | 6   | 20966,21169,21372,20972,21175,21378 | 85.59     | 6.56     |
| 9   | 80         | 10000000 | 10000000  | 117648   | 16      | 32    | 1    | worker   | 12        | 16  | increase  | asc         | asc        | 7048576    | 578.01   | 662.37                 | 6   | 17319,17522,17725,17325,17528,17731 | 84.36     | 14.59    |
| 11  | 80         | 10000000 | 10000000  | 117648   | 16      | 32    | 1    | io_uring | 12        | 16  | decrease  | asc         | desc       | 6048576    | 1270.92  | 1354.44                | 6   | 24011,24214,24417,24017,24220,24423 | 83.52     | 6.57     |
| 11  | 80         | 10000000 | 10000000  | 117648   | 16      | 32    | 1    | io_uring | 12        | 16  | decrease  | asc         | desc       | 5048576    | 1069.68  | 1151.97                | 6   | 24004,24207,24410,24010,24213,24416 | 82.29     | 7.69     |
| 11  | 80         | 10000000 | 10000000  | 117648   | 16      | 32    | 1    | worker   | 12        | 16  | decrease  | asc         | desc       | 6048576    | 1246.98  | 1324.49                | 6   | 22793,22996,23199,22799,23002,23205 | 77.51     | 6.22     |
| 4   | 80         | 10000000 | 1250000   | 117648   | 4       | 2048  | 8    | worker   | 12        | 16  | decrease  | desc        | desc       | 65536      | 66.42    | 140.27                 | 6   | 7211,7393,7575,7217,7399,7581       | 73.85     | 111.19   |
| 12  | 80         | 10000000 | 10000000  | 117648   | 16      | 32    | 1    | io_uring | 12        | 16  | decrease  | desc        | desc       | 5048576    | 417.21   | 490.71                 | 6   | 26440,26643,26846,26446,26649,26852 | 73.5      | 17.62    |
| 11  | 80         | 10000000 | 10000000  | 117648   | 16      | 32    | 1    | worker   | 12        | 16  | decrease  | asc         | desc       | 7048576    | 1445.74  | 1518.75                | 6   | 22800,23003,23206,22806,23009,23212 | 73.01     | 5.05     |
| 9   | 80         | 10000000 | 10000000  | 117648   | 16      | 32    | 1    | worker   | 12        | 16  | increase  | asc         | asc        | 3048576    | 251.72   | 323.09                 | 6   | 17291,17494,17697,17297,17500,17703 | 71.37     | 28.35    |
| 10  | 80         | 10000000 | 10000000  | 117648   | 16      | 32    | 1    | io_uring | 12        | 16  | increase  | desc        | asc        | 5048576    | 1093.87  | 1162.53                | 6   | 20959,21162,21365,20965,21168,21371 | 68.66     | 6.28     |
| 9   | 80         | 10000000 | 10000000  | 117648   | 16      | 32    | 1    | worker   | 12        | 16  | increase  | asc         | asc        | 2048576    | 171.8    | 240.46                 | 6   | 17284,17487,17690,17290,17493,17696 | 68.66     | 39.97    |
| 12  | 80         | 10000000 | 10000000  | 117648   | 16      | 32    | 1    | worker   | 12        | 16  | decrease  | desc        | desc       | 3048576    | 255.04   | 323.49                 | 6   | 25208,25411,25614,25214,25417,25620 | 68.45     | 26.84    |
| 11  | 80         | 10000000 | 10000000  | 117648   | 16      | 32    | 1    | worker   | 12        | 16  | decrease  | asc         | desc       | 4048576    | 839.18   | 906.73                 | 6   | 22779,22982,23185,22785,22988,23191 | 67.55     | 8.05     |
| 12  | 80         | 10000000 | 10000000  | 117648   | 16      | 32    | 1    | io_uring | 12        | 16  | decrease  | desc        | desc       | 4048576    | 331.52   | 397.35                 | 6   | 26433,26636,26839,26439,26642,26845 | 65.83     | 19.86    |
| 9   | 80         | 10000000 | 10000000  | 117648   | 16      | 32    | 1    | io_uring | 12        | 16  | increase  | asc         | asc        | 5048576    | 417.79   | 483.48                 | 6   | 18523,18726,18929,18529,18732,18935 | 65.69     | 15.72    |
| 10  | 80         | 10000000 | 10000000  | 117648   | 16      | 32    | 1    | io_uring | 12        | 16  | increase  | desc        | asc        | 4048576    | 872.34   | 933.18                 | 6   | 20952,21155,21358,20958,21161,21364 | 60.84     | 6.97     |
| 12  | 80         | 10000000 | 10000000  | 117648   | 16      | 32    | 1    | io_uring | 12        | 16  | decrease  | desc        | desc       | 6048576    | 496.12   | 556.5                  | 6   | 26447,26650,26853,26453,26656,26859 | 60.38     | 12.17    |
| 11  | 80         | 10000000 | 10000000  | 117648   | 16      | 32    | 1    | worker   | 12        | 16  | decrease  | asc         | desc       | 2048576    | 431.03   | 490.91                 | 6   | 22765,22968,23171,22771,22974,23177 | 59.88     | 13.89    |
| 9   | 80         | 10000000 | 10000000  | 117648   | 16      | 32    | 1    | io_uring | 12        | 16  | increase  | asc         | asc        | 4048576    | 334.99   | 393.28                 | 6   | 18516,18719,18922,18522,18725,18928 | 58.29     | 17.4     |
| 1   | 80         | 10000000 | 1250000   | 117648   | 4       | 2048  | 8    | worker   | 12        | 16  | increase  | asc         | asc        | 65536      | 64.94    | 122.93                 | 6   | 113,295,477,119,301,483             | 57.99     | 89.3     |
| 11  | 80         | 10000000 | 10000000  | 117648   | 16      | 32    | 1    | worker   | 12        | 16  | decrease  | asc         | desc       | 3048576    | 650.48   | 705.62                 | 6   | 22772,22975,23178,22778,22981,23184 | 55.14     | 8.48     |
| 10  | 80         | 10000000 | 10000000  | 117648   | 16      | 32    | 1    | worker   | 12        | 16  | increase  | desc        | asc        | 4048576    | 804.3    | 858.87                 | 6   | 19734,19937,20140,19740,19943,20146 | 54.57     | 6.78     |
| 10  | 80         | 10000000 | 10000000  | 117648   | 16      | 32    | 1    | worker   | 12        | 16  | increase  | desc        | asc        | 5048576    | 998.01   | 1051.63                | 6   | 19741,19944,20147,19747,19950,20153 | 53.62     | 5.37     |
| 11  | 80         | 10000000 | 10000000  | 117648   | 16      | 32    | 1    | io_uring | 12        | 16  | decrease  | asc         | desc       | 4048576    | 865.09   | 918.52                 | 6   | 23997,24200,24403,24003,24206,24409 | 53.43     | 6.18     |
| 3   | 80         | 10000000 | 1250000   | 117648   | 4       | 2048  | 8    | worker   | 12        | 16  | decrease  | asc         | desc       | 65536      | 127.79   | 181.2                  | 6   | 5027,5209,5391,5033,5215,5397       | 53.41     | 41.8     |
| 9   | 80         | 10000000 | 10000000  | 117648   | 16      | 32    | 1    | worker   | 12        | 16  | increase  | asc         | asc        | 4048576    | 333.14   | 383.09                 | 6   | 17298,17501,17704,17304,17507,17710 | 49.95     | 14.99    |
| 1   | 80         | 10000000 | 1250000   | 117648   | 4       | 2048  | 8    | io_uring | 12        | 16  | increase  | asc         | asc        | 65536      | 65.76    | 114.92                 | 6   | 1205,1387,1569,1211,1393,1575       | 49.16     | 74.76    |
| 4   | 80         | 10000000 | 1250000   | 117648   | 4       | 2048  | 8    | io_uring | 12        | 16  | decrease  | desc        | desc       | 65536      | 64.72    | 112.71                 | 6   | 8303,8485,8667,8309,8491,8673       | 47.99     | 74.15    |
| 12  | 80         | 10000000 | 10000000  | 117648   | 16      | 32    | 1    | worker   | 12        | 16  | decrease  | desc        | desc       | 2048576    | 177.62   | 225.51                 | 6   | 25201,25404,25607,25207,25410,25613 | 47.89     | 26.96    |
| 2   | 80         | 10000000 | 1250000   | 117648   | 4       | 2048  | 8    | worker   | 12        | 16  | increase  | desc        | asc        | 65536      | 126.76   | 174.26                 | 6   | 2297,2479,2661,2303,2485,2667       | 47.5      | 37.47    |
| 3   | 80         | 10000000 | 1250000   | 117648   | 4       | 2048  | 8    | io_uring | 12        | 16  | decrease  | asc         | desc       | 65536      | 135.67   | 180.81                 | 6   | 6119,6301,6483,6125,6307,6489       | 45.14     | 33.27    |
| 10  | 80         | 10000000 | 10000000  | 117648   | 16      | 32    | 1    | io_uring | 12        | 16  | increase  | desc        | asc        | 3048576    | 659.27   | 703.86                 | 6   | 20945,21148,21351,20951,21154,21357 | 44.59     | 6.76     |
| 2   | 80         | 10000000 | 1250000   | 117648   | 4       | 2048  | 8    | io_uring | 12        | 16  | increase  | desc        | asc        | 65536      | 137.76   | 182.11                 | 6   | 3389,3571,3753,3395,3577,3759       | 44.35     | 32.19    |
| 12  | 80         | 10000000 | 10000000  | 117648   | 16      | 32    | 1    | io_uring | 12        | 16  | decrease  | desc        | desc       | 3048576    | 251.39   | 290.83                 | 6   | 26426,26629,26832,26432,26635,26838 | 39.44     | 15.69    |
| 9   | 80         | 10000000 | 10000000  | 117648   | 16      | 32    | 1    | worker   | 12        | 16  | increase  | asc         | asc        | 5048576    | 417.08   | 456.4                  | 6   | 17305,17508,17711,17311,17514,17717 | 39.32     | 9.43     |
| 9   | 80         | 10000000 | 10000000  | 117648   | 16      | 32    | 1    | io_uring | 12        | 16  | increase  | asc         | asc        | 3048576    | 256.41   | 294.42                 | 6   | 18509,18712,18915,18515,18718,18921 | 38.01     | 14.82    |
| 1   | 80         | 10000000 | 1250000   | 117648   | 4       | 2048  | 8    | worker   | 12        | 16  | increase  | asc         | asc        | 32768      | 35.2     | 70.03                  | 6   | 106,288,470,112,294,476             | 34.83     | 98.95    |
| 12  | 80         | 10000000 | 10000000  | 117648   | 16      | 32    | 1    | worker   | 12        | 16  | decrease  | desc        | desc       | 1048576    | 88.24    | 121.77                 | 6   | 25194,25397,25600,25200,25403,25606 | 33.53     | 38.0     |
| 3   | 80         | 10000000 | 1250000   | 117648   | 4       | 2048  | 8    | worker   | 12        | 16  | decrease  | asc         | desc       | 32768      | 63.54    | 96.3                   | 6   | 5020,5202,5384,5026,5208,5390       | 32.76     | 51.56    |
| 11  | 80         | 10000000 | 10000000  | 117648   | 16      | 32    | 1    | io_uring | 12        | 16  | decrease  | asc         | desc       | 3048576    | 656.85   | 689.05                 | 6   | 23990,24193,24396,23996,24199,24402 | 32.2      | 4.9      |
| 10  | 80         | 10000000 | 10000000  | 117648   | 16      | 32    | 1    | worker   | 12        | 16  | increase  | desc        | asc        | 2048576    | 407.8    | 438.91                 | 6   | 19720,19923,20126,19726,19929,20132 | 31.11     | 7.63     |
| 4   | 80         | 10000000 | 1250000   | 117648   | 4       | 2048  | 8    | worker   | 12        | 16  | decrease  | desc        | desc       | 32768      | 35.48    | 65.53                  | 6   | 7204,7386,7568,7210,7392,7574       | 30.05     | 84.7     |
| 10  | 80         | 10000000 | 10000000  | 117648   | 16      | 32    | 1    | worker   | 12        | 16  | increase  | desc        | asc        | 524288     | 107.26   | 136.45                 | 6   | 19706,19909,20112,19712,19915,20118 | 29.19     | 27.21    |
| 9   | 80         | 10000000 | 10000000  | 117648   | 16      | 32    | 1    | io_uring | 12        | 16  | increase  | asc         | asc        | 2048576    | 170.77   | 199.91                 | 6   | 18502,18705,18908,18508,18711,18914 | 29.14     | 17.06    |
| 2   | 80         | 10000000 | 1250000   | 117648   | 4       | 2048  | 8    | worker   | 12        | 16  | increase  | desc        | asc        | 32768      | 65.63    | 93.58                  | 6   | 2290,2472,2654,2296,2478,2660       | 27.95     | 42.59    |
| 12  | 80         | 10000000 | 10000000  | 117648   | 16      | 32    | 1    | io_uring | 12        | 16  | decrease  | desc        | desc       | 2048576    | 169.59   | 196.93                 | 6   | 26419,26622,26825,26425,26628,26831 | 27.34     | 16.12    |
| 10  | 80         | 10000000 | 10000000  | 117648   | 16      | 32    | 1    | worker   | 12        | 16  | increase  | desc        | asc        | 1048576    | 211.03   | 238.11                 | 6   | 19713,19916,20119,19719,19922,20125 | 27.08     | 12.83    |
| 11  | 80         | 10000000 | 10000000  | 117648   | 16      | 32    | 1    | worker   | 12        | 16  | decrease  | asc         | desc       | 1048576    | 220.18   | 247.1                  | 6   | 22758,22961,23164,22764,22967,23170 | 26.92     | 12.23    |
| 10  | 80         | 10000000 | 10000000  | 117648   | 16      | 32    | 1    | io_uring | 12        | 16  | increase  | desc        | asc        | 2048576    | 447.03   | 473.89                 | 6   | 20938,21141,21344,20944,21147,21350 | 26.86     | 6.01     |
| 2   | 80         | 10000000 | 1250000   | 117648   | 4       | 2048  | 8    | io_uring | 12        | 16  | increase  | desc        | asc        | 32768      | 69.08    | 93.44                  | 6   | 3382,3564,3746,3388,3570,3752       | 24.36     | 35.26    |
| 3   | 80         | 10000000 | 1250000   | 117648   | 4       | 2048  | 8    | io_uring | 12        | 16  | decrease  | asc         | desc       | 32768      | 70.27    | 94.4                   | 6   | 6112,6294,6476,6118,6300,6482       | 24.13     | 34.34    |
| 10  | 80         | 10000000 | 10000000  | 117648   | 16      | 32    | 1    | worker   | 12        | 16  | increase  | desc        | asc        | 3048576    | 608.43   | 632.52                 | 6   | 19727,19930,20133,19733,19936,20139 | 24.09     | 3.96     |
| 4   | 80         | 10000000 | 1250000   | 117648   | 4       | 2048  | 8    | io_uring | 12        | 16  | decrease  | desc        | desc       | 32768      | 35.77    | 59.05                  | 6   | 8296,8478,8660,8302,8484,8666       | 23.28     | 65.08    |
| 1   | 80         | 10000000 | 1250000   | 117648   | 4       | 2048  | 8    | io_uring | 12        | 16  | increase  | asc         | asc        | 32768      | 35.37    | 58.12                  | 6   | 1198,1380,1562,1204,1386,1568       | 22.75     | 64.32    |
| 9   | 80         | 10000000 | 10000000  | 117648   | 16      | 32    | 1    | worker   | 12        | 16  | increase  | asc         | desc       | 262144     | 215.32   | 237.22                 | 6   | 17872,18075,18278,17878,18081,18284 | 21.9      | 10.17    |
| 11  | 80         | 10000000 | 10000000  | 117648   | 16      | 32    | 1    | worker   | 12        | 16  | decrease  | asc         | desc       | 524288     | 110.05   | 131.38                 | 6   | 22751,22954,23157,22757,22960,23163 | 21.33     | 19.38    |
| 11  | 80         | 10000000 | 10000000  | 117648   | 16      | 32    | 1    | io_uring | 12        | 16  | decrease  | asc         | desc       | 2048576    | 439.46   | 460.63                 | 6   | 23983,24186,24389,23989,24192,24395 | 21.17     | 4.82     |
| 4   | 80         | 10000000 | 1250000   | 117648   | 4       | 2048  | 8    | worker   | 12        | 16  | decrease  | desc        | desc       | 16384      | 19.72    | 38.52                  | 6   | 7197,7379,7561,7203,7385,7567       | 18.8      | 95.33    |
| 9   | 80         | 10000000 | 10000000  | 117648   | 16      | 32    | 1    | io_uring | 12        | 16  | increase  | asc         | asc        | 1048576    | 89.4     | 106.66                 | 6   | 18495,18698,18901,18501,18704,18907 | 17.26     | 19.31    |
| 12  | 80         | 10000000 | 10000000  | 117648   | 16      | 32    | 1    | io_uring | 12        | 16  | decrease  | desc        | desc       | 1048576    | 89.05    | 106.3                  | 6   | 26412,26615,26818,26418,26621,26824 | 17.25     | 19.37    |
| 1   | 80         | 10000000 | 1250000   | 117648   | 4       | 2048  | 8    | worker   | 12        | 16  | increase  | asc         | asc        | 16384      | 19.64    | 36.08                  | 6   | 99,281,463,105,287,469              | 16.44     | 83.71    |
| 2   | 80         | 10000000 | 1250000   | 117648   | 4       | 2048  | 8    | worker   | 12        | 16  | increase  | desc        | asc        | 16384      | 34.16    | 50.38                  | 6   | 2283,2465,2647,2289,2471,2653       | 16.22     | 47.48    |
| 3   | 80         | 10000000 | 1250000   | 117648   | 4       | 2048  | 8    | worker   | 12        | 16  | decrease  | asc         | desc       | 16384      | 34.25    | 50.43                  | 6   | 5013,5195,5377,5019,5201,5383       | 16.18     | 47.24    |
| 10  | 80         | 10000000 | 10000000  | 117648   | 16      | 32    | 1    | io_uring | 12        | 16  | increase  | desc        | asc        | 1048576    | 229.15   | 242.13                 | 6   | 20931,21134,21337,20937,21140,21343 | 12.98     | 5.66     |
| 11  | 80         | 10000000 | 10000000  | 117648   | 16      | 32    | 1    | io_uring | 12        | 16  | decrease  | asc         | desc       | 1048576    | 227.52   | 240.38                 | 6   | 23976,24179,24382,23982,24185,24388 | 12.86     | 5.65     |
| 2   | 80         | 10000000 | 1250000   | 117648   | 4       | 2048  | 8    | io_uring | 12        | 16  | increase  | desc        | asc        | 16384      | 35.32    | 48.08                  | 6   | 3375,3557,3739,3381,3563,3745       | 12.76     | 36.13    |
| 4   | 80         | 10000000 | 1250000   | 117648   | 4       | 2048  | 8    | io_uring | 12        | 16  | decrease  | desc        | desc       | 16384      | 18.75    | 30.88                  | 6   | 8289,8471,8653,8295,8477,8659       | 12.13     | 64.69    |
| 1   | 80         | 10000000 | 1250000   | 117648   | 4       | 2048  | 8    | io_uring | 12        | 16  | increase  | asc         | asc        | 16384      | 18.64    | 30.16                  | 6   | 1191,1373,1555,1197,1379,1561       | 11.52     | 61.8     |
| 10  | 80         | 10000000 | 10000000  | 117648   | 16      | 32    | 1    | worker   | 12        | 16  | increase  | desc        | asc        | 262144     | 55.25    | 66.34                  | 6   | 19699,19902,20105,19705,19908,20111 | 11.09     | 20.07    |
| 9   | 80         | 10000000 | 10000000  | 117648   | 16      | 32    | 1    | worker   | 12        | 16  | increase  | asc         | asc        | 262144     | 24.22    | 34.29                  | 6   | 17263,17466,17669,17269,17472,17675 | 10.07     | 41.58    |
| 3   | 80         | 10000000 | 1250000   | 117648   | 4       | 2048  | 8    | io_uring | 12        | 16  | decrease  | asc         | desc       | 16384      | 37.86    | 47.9                   | 6   | 6105,6287,6469,6111,6293,6475       | 10.04     | 26.52    |
| 9   | 80         | 10000000 | 10000000  | 117648   | 16      | 32    | 1    | io_uring | 12        | 16  | increase  | asc         | asc        | 524288     | 46.16    | 56.09                  | 6   | 18488,18691,18894,18494,18697,18900 | 9.93      | 21.51    |
| 9   | 80         | 10000000 | 10000000  | 117648   | 16      | 32    | 1    | worker   | 12        | 16  | increase  | asc         | asc        | 1048576    | 90.29    | 99.93                  | 6   | 17277,17480,17683,17283,17486,17689 | 9.64      | 10.68    |
| 1   | 80         | 10000000 | 1250000   | 117648   | 4       | 2048  | 8    | worker   | 12        | 16  | increase  | asc         | asc        | 8192       | 10.13    | 19.26                  | 6   | 92,274,456,98,280,462               | 9.13      | 90.13    |
| 3   | 80         | 10000000 | 1250000   | 117648   | 4       | 2048  | 8    | worker   | 12        | 16  | decrease  | asc         | desc       | 8192       | 17.75    | 26.36                  | 6   | 5006,5188,5370,5012,5194,5376       | 8.61      | 48.51    |
| 12  | 80         | 10000000 | 10000000  | 117648   | 16      | 32    | 1    | worker   | 12        | 16  | decrease  | desc        | desc       | 524288     | 45.85    | 54.07                  | 6   | 25187,25390,25593,25193,25396,25599 | 8.22      | 17.93    |
| 11  | 80         | 10000000 | 10000000  | 117648   | 16      | 32    | 1    | io_uring | 12        | 16  | decrease  | asc         | desc       | 524288     | 114.03   | 122.2                  | 6   | 23969,24172,24375,23975,24178,24381 | 8.17      | 7.16     |
| 4   | 80         | 10000000 | 1250000   | 117648   | 4       | 2048  | 8    | worker   | 12        | 16  | decrease  | desc        | desc       | 8192       | 10.09    | 17.99                  | 6   | 7190,7372,7554,7196,7378,7560       | 7.9       | 78.3     |
| 12  | 80         | 10000000 | 10000000  | 117648   | 16      | 32    | 1    | worker   | 12        | 16  | decrease  | desc        | desc       | 262144     | 24.78    | 32.49                  | 6   | 25180,25383,25586,25186,25389,25592 | 7.71      | 31.11    |
| 2   | 80         | 10000000 | 1250000   | 117648   | 4       | 2048  | 8    | worker   | 12        | 16  | increase  | desc        | asc        | 8192       | 18.25    | 25.92                  | 6   | 2276,2458,2640,2282,2464,2646       | 7.67      | 42.03    |
| 11  | 80         | 10000000 | 10000000  | 117648   | 16      | 32    | 1    | worker   | 12        | 16  | decrease  | asc         | desc       | 262144     | 56.93    | 64.54                  | 6   | 22744,22947,23150,22750,22953,23156 | 7.61      | 13.37    |
| 11  | 80         | 10000000 | 10000000  | 117648   | 16      | 32    | 1    | worker   | 12        | 16  | decrease  | asc         | desc       | 131072     | 29.33    | 36.73                  | 6   | 22737,22940,23143,22743,22946,23149 | 7.4       | 25.23    |
| 12  | 80         | 10000000 | 10000000  | 117648   | 16      | 32    | 1    | io_uring | 12        | 16  | decrease  | desc        | desc       | 524288     | 46.76    | 53.15                  | 6   | 26405,26608,26811,26411,26614,26817 | 6.39      | 13.67    |
| 4   | 80         | 10000000 | 1250000   | 117648   | 4       | 2048  | 8    | io_uring | 12        | 16  | decrease  | desc        | desc       | 8192       | 10.07    | 15.77                  | 6   | 8282,8464,8646,8288,8470,8652       | 5.7       | 56.6     |
| 2   | 80         | 10000000 | 1250000   | 117648   | 4       | 2048  | 8    | io_uring | 12        | 16  | increase  | desc        | asc        | 8192       | 18.98    | 24.49                  | 6   | 3368,3550,3732,3374,3556,3738       | 5.51      | 29.03    |
| 3   | 80         | 10000000 | 1250000   | 117648   | 4       | 2048  | 8    | io_uring | 12        | 16  | decrease  | asc         | desc       | 8192       | 19.18    | 24.68                  | 6   | 6098,6280,6462,6104,6286,6468       | 5.5       | 28.68    |
| 1   | 80         | 10000000 | 1250000   | 117648   | 4       | 2048  | 8    | io_uring | 12        | 16  | increase  | asc         | asc        | 8192       | 11.07    | 16.26                  | 6   | 1184,1366,1548,1190,1372,1554       | 5.19      | 46.88    |
| 4   | 80         | 10000000 | 1250000   | 117648   | 4       | 2048  | 8    | worker   | 12        | 16  | decrease  | desc        | desc       | 4096       | 6.3      | 10.77                  | 6   | 7183,7365,7547,7189,7371,7553       | 4.47      | 70.95    |
| 11  | 80         | 10000000 | 10000000  | 117648   | 16      | 32    | 1    | io_uring | 12        | 16  | decrease  | asc         | desc       | 262144     | 58.82    | 63.2                   | 6   | 23962,24165,24368,23968,24171,24374 | 4.38      | 7.45     |
| 2   | 80         | 10000000 | 1250000   | 117648   | 4       | 2048  | 8    | worker   | 12        | 16  | increase  | desc        | asc        | 4096       | 10.23    | 14.39                  | 6   | 2269,2451,2633,2275,2457,2639       | 4.16      | 40.66    |
| 1   | 80         | 10000000 | 1250000   | 117648   | 4       | 2048  | 8    | worker   | 12        | 16  | increase  | asc         | asc        | 4096       | 6.27     | 10.39                  | 6   | 85,267,449,91,273,455               | 4.12      | 65.71    |
| 12  | 80         | 10000000 | 10000000  | 117648   | 16      | 32    | 1    | worker   | 12        | 16  | decrease  | desc        | desc       | 131072     | 13.46    | 17.39                  | 6   | 25173,25376,25579,25179,25382,25585 | 3.93      | 29.2     |
| 9   | 80         | 10000000 | 10000000  | 117648   | 16      | 32    | 1    | io_uring | 12        | 16  | increase  | asc         | asc        | 262144     | 25.0     | 28.69                  | 6   | 18481,18684,18887,18487,18690,18893 | 3.69      | 14.76    |
| 10  | 80         | 10000000 | 10000000  | 117648   | 16      | 32    | 1    | io_uring | 12        | 16  | increase  | desc        | asc        | 262144     | 58.95    | 62.6                   | 6   | 20917,21120,21323,20923,21126,21329 | 3.65      | 6.19     |
| 9   | 80         | 10000000 | 10000000  | 117648   | 16      | 32    | 1    | worker   | 12        | 16  | increase  | asc         | asc        | 524288     | 46.82    | 49.97                  | 6   | 17270,17473,17676,17276,17479,17682 | 3.15      | 6.73     |
| 2   | 80         | 10000000 | 1250000   | 117648   | 4       | 2048  | 8    | io_uring | 12        | 16  | increase  | desc        | asc        | 4096       | 10.73    | 13.84                  | 6   | 3361,3543,3725,3367,3549,3731       | 3.11      | 28.98    |
| 10  | 80         | 10000000 | 10000000  | 117648   | 16      | 32    | 1    | io_uring | 12        | 16  | increase  | desc        | asc        | 524288     | 116.98   | 120.06                 | 6   | 20924,21127,21330,20930,21133,21336 | 3.08      | 2.63     |
| 11  | 80         | 10000000 | 10000000  | 117648   | 16      | 32    | 1    | worker   | 12        | 16  | decrease  | asc         | desc       | 65536      | 15.64    | 18.53                  | 6   | 22730,22933,23136,22736,22939,23142 | 2.89      | 18.48    |
| 10  | 80         | 10000000 | 10000000  | 117648   | 16      | 32    | 1    | worker   | 12        | 16  | increase  | desc        | asc        | 131072     | 28.76    | 31.45                  | 6   | 19692,19895,20098,19698,19901,20104 | 2.69      | 9.35     |
| 3   | 80         | 10000000 | 1250000   | 117648   | 4       | 2048  | 8    | worker   | 12        | 16  | decrease  | asc         | desc       | 4096       | 10.14    | 12.78                  | 6   | 4999,5181,5363,5005,5187,5369       | 2.64      | 26.04    |
| 3   | 80         | 10000000 | 1250000   | 117648   | 4       | 2048  | 8    | io_uring | 12        | 16  | decrease  | asc         | desc       | 4096       | 10.83    | 13.23                  | 6   | 6091,6273,6455,6097,6279,6461       | 2.4       | 22.16    |
| 12  | 80         | 10000000 | 10000000  | 117648   | 16      | 32    | 1    | io_uring | 12        | 16  | decrease  | desc        | desc       | 262144     | 25.99    | 28.29                  | 6   | 26398,26601,26804,26404,26607,26810 | 2.3       | 8.85     |
| 1   | 80         | 10000000 | 1250000   | 117648   | 4       | 2048  | 8    | io_uring | 12        | 16  | increase  | asc         | asc        | 4096       | 6.32     | 8.51                   | 6   | 1177,1359,1541,1183,1365,1547       | 2.19      | 34.65    |
| 12  | 80         | 10000000 | 10000000  | 117648   | 16      | 32    | 1    | worker   | 12        | 16  | decrease  | desc        | desc       | 32768      | 4.3      | 6.48                   | 6   | 25159,25362,25565,25165,25368,25571 | 2.18      | 50.7     |
| 4   | 80         | 10000000 | 1250000   | 117648   | 4       | 2048  | 8    | worker   | 12        | 16  | decrease  | desc        | desc       | 2048       | 3.87     | 5.99                   | 6   | 7176,7358,7540,7182,7364,7546       | 2.12      | 54.78    |
| 9   | 80         | 10000000 | 10000000  | 117648   | 16      | 32    | 1    | worker   | 12        | 16  | increase  | asc         | asc        | 131072     | 14.29    | 16.34                  | 6   | 17256,17459,17662,17262,17465,17668 | 2.05      | 14.35    |
| 10  | 80         | 10000000 | 10000000  | 117648   | 16      | 32    | 1    | io_uring | 12        | 16  | increase  | desc        | asc        | 131072     | 30.25    | 32.14                  | 6   | 20910,21113,21316,20916,21119,21322 | 1.89      | 6.25     |
| 12  | 80         | 10000000 | 10000000  | 117648   | 16      | 32    | 1    | io_uring | 12        | 16  | decrease  | desc        | desc       | 131072     | 13.6     | 15.49                  | 6   | 26391,26594,26797,26397,26600,26803 | 1.89      | 13.9     |
| 4   | 80         | 10000000 | 1250000   | 117648   | 4       | 2048  | 8    | io_uring | 12        | 16  | decrease  | desc        | desc       | 4096       | 6.78     | 8.66                   | 6   | 8275,8457,8639,8281,8463,8645       | 1.88      | 27.73    |
| 2   | 80         | 10000000 | 1250000   | 117648   | 4       | 2048  | 8    | io_uring | 12        | 16  | increase  | desc        | asc        | 2048       | 6.16     | 7.82                   | 6   | 3354,3536,3718,3360,3542,3724       | 1.66      | 26.95    |
| 10  | 80         | 10000000 | 10000000  | 117648   | 16      | 32    | 1    | worker   | 12        | 16  | increase  | desc        | asc        | 65536      | 14.94    | 16.48                  | 6   | 19685,19888,20091,19691,19894,20097 | 1.54      | 10.31    |
| 12  | 80         | 10000000 | 10000000  | 117648   | 16      | 32    | 1    | worker   | 12        | 16  | decrease  | desc        | desc       | 65536      | 7.5      | 9.02                   | 6   | 25166,25369,25572,25172,25375,25578 | 1.52      | 20.27    |
| 10  | 80         | 10000000 | 10000000  | 117648   | 16      | 32    | 1    | io_uring | 12        | 16  | increase  | desc        | asc        | 65536      | 15.57    | 17.08                  | 6   | 20903,21106,21309,20909,21112,21315 | 1.51      | 9.7      |
| 2   | 80         | 10000000 | 1250000   | 117648   | 4       | 2048  | 8    | worker   | 12        | 16  | increase  | desc        | desc       | 512        | 3.96     | 5.46                   | 6   | 2794,2976,3158,2800,2982,3164       | 1.5       | 37.88    |
| 2   | 80         | 10000000 | 1250000   | 117648   | 4       | 2048  | 8    | worker   | 12        | 16  | increase  | desc        | asc        | 2048       | 6.22     | 7.66                   | 6   | 2262,2444,2626,2268,2450,2632       | 1.44      | 23.15    |
| 2   | 80         | 10000000 | 1250000   | 117648   | 4       | 2048  | 8    | worker   | 12        | 16  | increase  | desc        | asc        | 1024       | 3.8      | 5.17                   | 6   | 2255,2437,2619,2261,2443,2625       | 1.37      | 36.05    |
| 11  | 80         | 10000000 | 10000000  | 117648   | 16      | 32    | 1    | io_uring | 12        | 16  | decrease  | asc         | desc       | 131072     | 30.23    | 31.58                  | 6   | 23955,24158,24361,23961,24164,24367 | 1.35      | 4.47     |
| 4   | 80         | 10000000 | 1250000   | 117648   | 4       | 2048  | 8    | io_uring | 12        | 16  | decrease  | desc        | desc       | 2048       | 4.18     | 5.48                   | 6   | 8268,8450,8632,8274,8456,8638       | 1.3       | 31.1     |
| 3   | 80         | 10000000 | 1250000   | 117648   | 4       | 2048  | 8    | worker   | 12        | 16  | decrease  | asc         | desc       | 1024       | 3.81     | 5.02                   | 6   | 4985,5167,5349,4991,5173,5355       | 1.21      | 31.76    |
| 1   | 80         | 10000000 | 1250000   | 117648   | 4       | 2048  | 8    | worker   | 12        | 16  | increase  | asc         | asc        | 2048       | 4.13     | 5.32                   | 6   | 78,260,442,84,266,448               | 1.19      | 28.81    |
| 1   | 80         | 10000000 | 1250000   | 117648   | 4       | 2048  | 8    | worker   | 12        | 16  | increase  | asc         | asc        | 1024       | 2.87     | 4.02                   | 6   | 71,253,435,77,259,441               | 1.15      | 40.07    |
| 11  | 80         | 10000000 | 10000000  | 117648   | 16      | 32    | 1    | io_uring | 12        | 16  | decrease  | asc         | desc       | 65536      | 15.37    | 16.51                  | 6   | 23948,24151,24354,23954,24157,24360 | 1.14      | 7.42     |
| 4   | 80         | 10000000 | 1250000   | 117648   | 4       | 2048  | 8    | worker   | 12        | 16  | decrease  | desc        | desc       | 1024       | 2.72     | 3.82                   | 6   | 7169,7351,7533,7175,7357,7539       | 1.1       | 40.44    |
| 3   | 80         | 10000000 | 1250000   | 117648   | 4       | 2048  | 8    | worker   | 12        | 16  | decrease  | asc         | desc       | 2048       | 6.01     | 7.06                   | 6   | 4992,5174,5356,4998,5180,5362       | 1.05      | 17.47    |
| 12  | 80         | 10000000 | 10000000  | 117648   | 16      | 32    | 1    | worker   | 12        | 16  | decrease  | desc        | asc        | 8192       | 4.95     | 5.94                   | 6   | 24536,24739,24942,24542,24745,24948 | 0.99      | 20.0     |
| 9   | 80         | 10000000 | 10000000  | 117648   | 16      | 32    | 1    | worker   | 12        | 16  | increase  | asc         | asc        | 32768      | 4.68     | 5.65                   | 6   | 17242,17445,17648,17248,17451,17654 | 0.97      | 20.73    |
| 10  | 80         | 10000000 | 10000000  | 117648   | 16      | 32    | 1    | worker   | 12        | 16  | increase  | desc        | desc       | 8192       | 4.93     | 5.84                   | 6   | 20273,20476,20679,20279,20482,20685 | 0.91      | 18.46    |
| 9   | 80         | 10000000 | 10000000  | 117648   | 16      | 32    | 1    | worker   | 12        | 16  | increase  | asc         | asc        | 16384      | 2.48     | 3.37                   | 6   | 17235,17438,17641,17241,17444,17647 | 0.89      | 35.89    |
| 1   | 80         | 10000000 | 1250000   | 117648   | 4       | 2048  | 8    | io_uring | 12        | 16  | increase  | asc         | asc        | 1024       | 2.86     | 3.67                   | 6   | 1163,1345,1527,1169,1351,1533       | 0.81      | 28.32    |
| 2   | 80         | 10000000 | 1250000   | 117648   | 4       | 2048  | 8    | worker   | 12        | 16  | increase  | desc        | desc       | 256        | 2.47     | 3.2                    | 6   | 2787,2969,3151,2793,2975,3157       | 0.73      | 29.55    |
| 1   | 80         | 10000000 | 1250000   | 117648   | 4       | 2048  | 8    | worker   | 12        | 16  | increase  | asc         | desc       | 512        | 4.23     | 4.96                   | 6   | 610,792,974,616,798,980             | 0.73      | 17.26    |
| 3   | 80         | 10000000 | 1250000   | 117648   | 4       | 2048  | 8    | io_uring | 12        | 16  | decrease  | asc         | desc       | 2048       | 6.64     | 7.36                   | 6   | 6084,6266,6448,6090,6272,6454       | 0.72      | 10.84    |
| 10  | 80         | 10000000 | 10000000  | 117648   | 16      | 32    | 1    | worker   | 12        | 16  | increase  | desc        | asc        | 32768      | 8.2      | 8.9                    | 6   | 19678,19881,20084,19684,19887,20090 | 0.7       | 8.54     |
| 2   | 80         | 10000000 | 1250000   | 117648   | 4       | 2048  | 8    | worker   | 12        | 16  | increase  | desc        | desc       | 8          | 1.01     | 1.69                   | 6   | 2752,2934,3116,2758,2940,3122       | 0.68      | 67.33    |
| 1   | 80         | 10000000 | 1250000   | 117648   | 4       | 2048  | 8    | io_uring | 12        | 16  | increase  | asc         | asc        | 128        | 1.07     | 1.74                   | 6   | 1142,1324,1506,1148,1330,1512       | 0.67      | 62.62    |
| 4   | 80         | 10000000 | 1250000   | 117648   | 4       | 2048  | 8    | worker   | 12        | 16  | decrease  | desc        | desc       | 512        | 2.04     | 2.71                   | 6   | 7162,7344,7526,7168,7350,7532       | 0.67      | 32.84    |
| 1   | 80         | 10000000 | 1250000   | 117648   | 4       | 2048  | 8    | io_uring | 12        | 16  | increase  | asc         | asc        | 2048       | 4.07     | 4.73                   | 6   | 1170,1352,1534,1176,1358,1540       | 0.66      | 16.22    |
| 1   | 80         | 10000000 | 1250000   | 117648   | 4       | 2048  | 8    | worker   | 12        | 16  | increase  | asc         | asc        | 256        | 1.78     | 2.4                    | 6   | 57,239,421,63,245,427               | 0.62      | 34.83    |
| 11  | 80         | 10000000 | 10000000  | 117648   | 16      | 32    | 1    | io_uring | 12        | 16  | decrease  | asc         | desc       | 16384      | 4.2      | 4.78                   | 6   | 23934,24137,24340,23940,24143,24346 | 0.58      | 13.81    |
| 2   | 80         | 10000000 | 1250000   | 117648   | 4       | 2048  | 8    | io_uring | 12        | 16  | increase  | desc        | desc       | 1024       | 7.92     | 8.48                   | 6   | 3893,4075,4257,3899,4081,4263       | 0.56      | 7.07     |
| 4   | 80         | 10000000 | 1250000   | 117648   | 4       | 2048  | 8    | io_uring | 12        | 16  | decrease  | desc        | asc        | 1024       | 7.77     | 8.32                   | 6   | 7715,7897,8079,7721,7903,8085       | 0.55      | 7.08     |
| 4   | 80         | 10000000 | 1250000   | 117648   | 4       | 2048  | 8    | io_uring | 12        | 16  | decrease  | desc        | asc        | 256        | 2.78     | 3.33                   | 6   | 7701,7883,8065,7707,7889,8071       | 0.55      | 19.78    |
| 4   | 80         | 10000000 | 1250000   | 117648   | 4       | 2048  | 8    | io_uring | 12        | 16  | decrease  | desc        | desc       | 16         | 1.06     | 1.6                    | 6   | 8219,8401,8583,8225,8407,8589       | 0.54      | 50.94    |
| 3   | 80         | 10000000 | 1250000   | 117648   | 4       | 2048  | 8    | io_uring | 12        | 16  | decrease  | asc         | desc       | 1024       | 3.85     | 4.39                   | 6   | 6077,6259,6441,6083,6265,6447       | 0.54      | 14.03    |
| 1   | 80         | 10000000 | 1250000   | 117648   | 4       | 2048  | 8    | io_uring | 12        | 16  | increase  | asc         | desc       | 128        | 1.86     | 2.39                   | 6   | 1688,1870,2052,1694,1876,2058       | 0.53      | 28.49    |
| 3   | 80         | 10000000 | 1250000   | 117648   | 4       | 2048  | 8    | io_uring | 12        | 16  | decrease  | asc         | desc       | 128        | 1.78     | 2.31                   | 6   | 6056,6238,6420,6062,6244,6426       | 0.53      | 29.78    |
| 9   | 80         | 10000000 | 10000000  | 117648   | 16      | 32    | 1    | worker   | 12        | 16  | increase  | asc         | asc        | 65536      | 7.41     | 7.93                   | 6   | 17249,17452,17655,17255,17458,17661 | 0.52      | 7.02     |
| 10  | 80         | 10000000 | 10000000  | 117648   | 16      | 32    | 1    | io_uring | 12        | 16  | increase  | desc        | asc        | 32768      | 7.88     | 8.39                   | 6   | 20896,21099,21302,20902,21105,21308 | 0.51      | 6.47     |
| 12  | 80         | 10000000 | 10000000  | 117648   | 16      | 32    | 1    | io_uring | 12        | 16  | decrease  | desc        | desc       | 32768      | 4.44     | 4.95                   | 6   | 26377,26580,26783,26383,26586,26789 | 0.51      | 11.49    |
| 1   | 80         | 10000000 | 1250000   | 117648   | 4       | 2048  | 8    | worker   | 12        | 16  | increase  | asc         | desc       | 32         | 1.3      | 1.8                    | 6   | 582,764,946,588,770,952             | 0.5       | 38.46    |
| 12  | 80         | 10000000 | 10000000  | 117648   | 16      | 32    | 1    | io_uring | 12        | 16  | decrease  | desc        | desc       | 65536      | 7.92     | 8.41                   | 6   | 26384,26587,26790,26390,26593,26796 | 0.49      | 6.19     |
| 4   | 80         | 10000000 | 1250000   | 117648   | 4       | 2048  | 8    | worker   | 12        | 16  | decrease  | desc        | desc       | 256        | 1.53     | 2.02                   | 6   | 7155,7337,7519,7161,7343,7525       | 0.49      | 32.03    |
| 10  | 80         | 10000000 | 10000000  | 117648   | 16      | 32    | 1    | worker   | 12        | 16  | increase  | desc        | asc        | 8192       | 2.42     | 2.87                   | 6   | 19664,19867,20070,19670,19873,20076 | 0.45      | 18.6     |
| 10  | 80         | 10000000 | 10000000  | 117648   | 16      | 32    | 1    | worker   | 12        | 16  | increase  | desc        | asc        | 16384      | 4.17     | 4.61                   | 6   | 19671,19874,20077,19677,19880,20083 | 0.44      | 10.55    |
| 2   | 80         | 10000000 | 1250000   | 117648   | 4       | 2048  | 8    | worker   | 12        | 16  | increase  | desc        | desc       | 2048       | 12.66    | 13.07                  | 6   | 2808,2990,3172,2814,2996,3178       | 0.41      | 3.24     |
| 3   | 80         | 10000000 | 1250000   | 117648   | 4       | 2048  | 8    | worker   | 12        | 16  | decrease  | asc         | desc       | 256        | 1.99     | 2.4                    | 6   | 4971,5153,5335,4977,5159,5341       | 0.41      | 20.6     |
| 11  | 80         | 10000000 | 10000000  | 117648   | 16      | 32    | 1    | worker   | 12        | 16  | decrease  | asc         | desc       | 32768      | 8.86     | 9.26                   | 6   | 22723,22926,23129,22729,22932,23135 | 0.4       | 4.51     |
| 1   | 80         | 10000000 | 1250000   | 117648   | 4       | 2048  | 8    | worker   | 12        | 16  | increase  | asc         | asc        | 16         | 1.24     | 1.64                   | 6   | 29,211,393,35,217,399               | 0.4       | 32.26    |
| 2   | 80         | 10000000 | 1250000   | 117648   | 4       | 2048  | 8    | io_uring | 12        | 16  | increase  | desc        | desc       | 512        | 3.76     | 4.15                   | 6   | 3886,4068,4250,3892,4074,4256       | 0.39      | 10.37    |
| 9   | 80         | 10000000 | 10000000  | 117648   | 16      | 32    | 1    | io_uring | 12        | 16  | increase  | asc         | asc        | 131072     | 14.36    | 14.75                  | 6   | 18474,18677,18880,18480,18683,18886 | 0.39      | 2.72     |
| 2   | 80         | 10000000 | 1250000   | 117648   | 4       | 2048  | 8    | worker   | 12        | 16  | increase  | desc        | desc       | 4          | 1.05     | 1.44                   | 6   | 2745,2927,3109,2751,2933,3115       | 0.39      | 37.14    |
| 10  | 80         | 10000000 | 10000000  | 117648   | 16      | 32    | 1    | io_uring | 12        | 16  | increase  | desc        | asc        | 4096       | 1.49     | 1.88                   | 6   | 20875,21078,21281,20881,21084,21287 | 0.39      | 26.17    |
| 3   | 80         | 10000000 | 1250000   | 117648   | 4       | 2048  | 8    | worker   | 12        | 16  | decrease  | asc         | desc       | 512        | 3.0      | 3.38                   | 6   | 4978,5160,5342,4984,5166,5348       | 0.38      | 12.67    |
| 2   | 80         | 10000000 | 1250000   | 117648   | 4       | 2048  | 8    | io_uring | 12        | 16  | increase  | desc        | desc       | 8          | 0.74     | 1.11                   | 6   | 3844,4026,4208,3850,4032,4214       | 0.37      | 50.0     |
| 3   | 80         | 10000000 | 1250000   | 117648   | 4       | 2048  | 8    | worker   | 12        | 16  | decrease  | asc         | asc        | 128        | 1.71     | 2.08                   | 6   | 4418,4600,4782,4424,4606,4788       | 0.37      | 21.64    |
| 3   | 80         | 10000000 | 1250000   | 117648   | 4       | 2048  | 8    | worker   | 12        | 16  | decrease  | asc         | asc        | 256        | 2.48     | 2.85                   | 6   | 4425,4607,4789,4431,4613,4795       | 0.37      | 14.92    |
| 4   | 80         | 10000000 | 1250000   | 117648   | 4       | 2048  | 8    | worker   | 12        | 16  | decrease  | desc        | desc       | 8          | 0.94     | 1.3                    | 6   | 7120,7302,7484,7126,7308,7490       | 0.36      | 38.3     |
| 1   | 80         | 10000000 | 1250000   | 117648   | 4       | 2048  | 8    | worker   | 12        | 16  | increase  | asc         | asc        | 32         | 1.09     | 1.45                   | 6   | 36,218,400,42,224,406               | 0.36      | 33.03    |
| 12  | 80         | 10000000 | 10000000  | 117648   | 16      | 32    | 1    | worker   | 12        | 16  | decrease  | desc        | desc       | 8192       | 1.68     | 2.03                   | 6   | 25145,25348,25551,25151,25354,25557 | 0.35      | 20.83    |
| 12  | 80         | 10000000 | 10000000  | 117648   | 16      | 32    | 1    | worker   | 12        | 16  | decrease  | desc        | desc       | 16384      | 2.41     | 2.76                   | 6   | 25152,25355,25558,25158,25361,25564 | 0.35      | 14.52    |
| 9   | 80         | 10000000 | 10000000  | 117648   | 16      | 32    | 1    | io_uring | 12        | 16  | increase  | asc         | asc        | 32768      | 4.67     | 5.0                    | 6   | 18460,18663,18866,18466,18669,18872 | 0.33      | 7.07     |
| 2   | 80         | 10000000 | 1250000   | 117648   | 4       | 2048  | 8    | io_uring | 12        | 16  | increase  | desc        | desc       | 32         | 1.58     | 1.91                   | 6   | 3858,4040,4222,3864,4046,4228       | 0.33      | 20.89    |
| 9   | 80         | 10000000 | 10000000  | 117648   | 16      | 32    | 1    | io_uring | 12        | 16  | increase  | asc         | asc        | 16384      | 2.53     | 2.85                   | 6   | 18453,18656,18859,18459,18662,18865 | 0.32      | 12.65    |
| 9   | 80         | 10000000 | 10000000  | 117648   | 16      | 32    | 1    | worker   | 12        | 16  | increase  | asc         | asc        | 8192       | 1.65     | 1.97                   | 6   | 17228,17431,17634,17234,17437,17640 | 0.32      | 19.39    |
| 4   | 80         | 10000000 | 1250000   | 117648   | 4       | 2048  | 8    | worker   | 12        | 16  | decrease  | desc        | asc        | 256        | 2.73     | 3.05                   | 6   | 6609,6791,6973,6615,6797,6979       | 0.32      | 11.72    |
| 1   | 80         | 10000000 | 1250000   | 117648   | 4       | 2048  | 8    | worker   | 12        | 16  | increase  | asc         | asc        | 128        | 1.55     | 1.86                   | 6   | 50,232,414,56,238,420               | 0.31      | 20.0     |
| 4   | 80         | 10000000 | 1250000   | 117648   | 4       | 2048  | 8    | io_uring | 12        | 16  | decrease  | desc        | desc       | 32         | 1.35     | 1.65                   | 6   | 8226,8408,8590,8232,8414,8596       | 0.3       | 22.22    |
| 1   | 80         | 10000000 | 1250000   | 117648   | 4       | 2048  | 8    | io_uring | 12        | 16  | increase  | asc         | desc       | 512        | 4.38     | 4.67                   | 6   | 1702,1884,2066,1708,1890,2072       | 0.29      | 6.62     |
| 10  | 80         | 10000000 | 10000000  | 117648   | 16      | 32    | 1    | io_uring | 12        | 16  | increase  | desc        | asc        | 8192       | 2.53     | 2.81                   | 6   | 20882,21085,21288,20888,21091,21294 | 0.28      | 11.07    |
| 9   | 80         | 10000000 | 10000000  | 117648   | 16      | 32    | 1    | io_uring | 12        | 16  | increase  | asc         | asc        | 8192       | 1.7      | 1.97                   | 6   | 18446,18649,18852,18452,18655,18858 | 0.27      | 15.88    |
| 10  | 80         | 10000000 | 10000000  | 117648   | 16      | 32    | 1    | worker   | 12        | 16  | increase  | desc        | desc       | 2048       | 1.49     | 1.76                   | 6   | 20259,20462,20665,20265,20468,20671 | 0.27      | 18.12    |
| 2   | 80         | 10000000 | 1250000   | 117648   | 4       | 2048  | 8    | io_uring | 12        | 16  | increase  | desc        | asc        | 1024       | 4.25     | 4.5                    | 6   | 3347,3529,3711,3353,3535,3717       | 0.25      | 5.88     |
| 4   | 80         | 10000000 | 1250000   | 117648   | 4       | 2048  | 8    | io_uring | 12        | 16  | decrease  | desc        | desc       | 1024       | 2.93     | 3.18                   | 6   | 8261,8443,8625,8267,8449,8631       | 0.25      | 8.53     |
| 12  | 80         | 10000000 | 10000000  | 117648   | 16      | 32    | 1    | io_uring | 12        | 16  | decrease  | desc        | desc       | 16384      | 2.48     | 2.72                   | 6   | 26370,26573,26776,26376,26579,26782 | 0.24      | 9.68     |
| 10  | 80         | 10000000 | 10000000  | 117648   | 16      | 32    | 1    | worker   | 12        | 16  | increase  | desc        | asc        | 4096       | 1.39     | 1.62                   | 6   | 19657,19860,20063,19663,19866,20069 | 0.23      | 16.55    |
| 1   | 80         | 10000000 | 1250000   | 117648   | 4       | 2048  | 8    | io_uring | 12        | 16  | increase  | asc         | asc        | 8          | 1.15     | 1.37                   | 6   | 1114,1296,1478,1120,1302,1484       | 0.22      | 19.13    |
| 4   | 80         | 10000000 | 1250000   | 117648   | 4       | 2048  | 8    | io_uring | 12        | 16  | decrease  | desc        | desc       | 128        | 1.53     | 1.75                   | 6   | 8240,8422,8604,8246,8428,8610       | 0.22      | 14.38    |
| 9   | 80         | 10000000 | 10000000  | 117648   | 16      | 32    | 1    | worker   | 12        | 16  | increase  | asc         | asc        | 4096       | 1.01     | 1.23                   | 6   | 17221,17424,17627,17227,17430,17633 | 0.22      | 21.78    |
| 18  | 20         | 10000000 | 2500000   | 476191   | 4194304 | 128   | 4    | worker   | 12        | 16  | increase  | desc        | asc        | 8          | 1.4      | 1.61                   | 6   | 38242,38431,38620,38248,38437,38626 | 0.21      | 15.0     |
| 2   | 80         | 10000000 | 1250000   | 117648   | 4       | 2048  | 8    | worker   | 12        | 16  | increase  | desc        | asc        | 512        | 2.77     | 2.98                   | 6   | 2248,2430,2612,2254,2436,2618       | 0.21      | 7.58     |
| 2   | 80         | 10000000 | 1250000   | 117648   | 4       | 2048  | 8    | worker   | 12        | 16  | increase  | desc        | desc       | 2          | 0.73     | 0.94                   | 6   | 2738,2920,3102,2744,2926,3108       | 0.21      | 28.77    |
| 12  | 80         | 10000000 | 10000000  | 117648   | 16      | 32    | 1    | io_uring | 12        | 16  | decrease  | desc        | desc       | 8192       | 1.62     | 1.83                   | 6   | 26363,26566,26769,26369,26572,26775 | 0.21      | 12.96    |
| 4   | 80         | 10000000 | 1250000   | 117648   | 4       | 2048  | 8    | io_uring | 12        | 16  | decrease  | desc        | asc        | 8          | 1.41     | 1.61                   | 6   | 7666,7848,8030,7672,7854,8036       | 0.2       | 14.18    |
| 11  | 80         | 10000000 | 10000000  | 117648   | 16      | 32    | 1    | worker   | 12        | 16  | decrease  | asc         | desc       | 1024       | 0.6      | 0.8                    | 6   | 22688,22891,23094,22694,22897,23100 | 0.2       | 33.33    |
| 1   | 80         | 10000000 | 1250000   | 117648   | 4       | 2048  | 8    | io_uring | 12        | 16  | increase  | asc         | asc        | 64         | 1.37     | 1.57                   | 6   | 1135,1317,1499,1141,1323,1505       | 0.2       | 14.6     |
| 3   | 80         | 10000000 | 1250000   | 117648   | 4       | 2048  | 8    | worker   | 12        | 16  | decrease  | asc         | desc       | 32         | 1.26     | 1.46                   | 6   | 4950,5132,5314,4956,5138,5320       | 0.2       | 15.87    |
| 4   | 80         | 10000000 | 1250000   | 117648   | 4       | 2048  | 8    | worker   | 12        | 16  | decrease  | desc        | asc        | 512        | 4.15     | 4.35                   | 6   | 6616,6798,6980,6622,6804,6986       | 0.2       | 4.82     |
| 1   | 80         | 10000000 | 1250000   | 117648   | 4       | 2048  | 8    | io_uring | 12        | 16  | increase  | asc         | asc        | 2          | 0.58     | 0.77                   | 6   | 1100,1282,1464,1106,1288,1470       | 0.19      | 32.76    |
| 8   | 60         | 10000000 | 625000    | 156250   | 1048576 | 128   | 16   | io_uring | 12        | 16  | decrease  | desc        | desc       | 4          | 0.76     | 0.95                   | 6   | 16626,16801,16976,16632,16807,16982 | 0.19      | 25.0     |
| 2   | 80         | 10000000 | 1250000   | 117648   | 4       | 2048  | 8    | worker   | 12        | 16  | increase  | desc        | desc       | 1024       | 7.57     | 7.76                   | 6   | 2801,2983,3165,2807,2989,3171       | 0.19      | 2.51     |
| 9   | 80         | 10000000 | 10000000  | 117648   | 16      | 32    | 1    | worker   | 12        | 16  | increase  | asc         | desc       | 2048       | 1.69     | 1.86                   | 6   | 17823,18026,18229,17829,18032,18235 | 0.17      | 10.06    |
| 10  | 80         | 10000000 | 10000000  | 117648   | 16      | 32    | 1    | worker   | 12        | 16  | increase  | desc        | asc        | 2048       | 0.95     | 1.12                   | 6   | 19650,19853,20056,19656,19859,20062 | 0.17      | 17.89    |
| 1   | 80         | 10000000 | 1250000   | 117648   | 4       | 2048  | 8    | worker   | 12        | 16  | increase  | asc         | asc        | 4          | 0.82     | 0.98                   | 6   | 15,197,379,21,203,385               | 0.16      | 19.51    |
| 12  | 80         | 10000000 | 10000000  | 117648   | 16      | 32    | 1    | worker   | 12        | 16  | decrease  | desc        | desc       | 2048       | 0.82     | 0.98                   | 6   | 25131,25334,25537,25137,25340,25543 | 0.16      | 19.51    |
| 11  | 80         | 10000000 | 10000000  | 117648   | 16      | 32    | 1    | io_uring | 12        | 16  | decrease  | asc         | desc       | 256        | 0.31     | 0.47                   | 6   | 23892,24095,24298,23898,24101,24304 | 0.16      | 51.61    |
| 12  | 80         | 10000000 | 10000000  | 117648   | 16      | 32    | 1    | io_uring | 12        | 16  | decrease  | desc        | asc        | 1024       | 0.98     | 1.14                   | 6   | 25733,25936,26139,25739,25942,26145 | 0.16      | 16.33    |
| 1   | 80         | 10000000 | 1250000   | 117648   | 4       | 2048  | 8    | worker   | 12        | 16  | increase  | asc         | asc        | 512        | 2.24     | 2.4                    | 6   | 64,246,428,70,252,434               | 0.16      | 7.14     |
| 3   | 80         | 10000000 | 1250000   | 117648   | 4       | 2048  | 8    | worker   | 12        | 16  | decrease  | asc         | asc        | 512        | 3.84     | 3.99                   | 6   | 4432,4614,4796,4438,4620,4802       | 0.15      | 3.91     |
| 2   | 80         | 10000000 | 1250000   | 117648   | 4       | 2048  | 8    | io_uring | 12        | 16  | increase  | desc        | desc       | 16         | 1.17     | 1.32                   | 6   | 3851,4033,4215,3857,4039,4221       | 0.15      | 12.82    |
| 4   | 80         | 10000000 | 1250000   | 117648   | 4       | 2048  | 8    | io_uring | 12        | 16  | decrease  | desc        | desc       | 4          | 0.78     | 0.93                   | 6   | 8205,8387,8569,8211,8393,8575       | 0.15      | 19.23    |
| 2   | 80         | 10000000 | 1250000   | 117648   | 4       | 2048  | 8    | io_uring | 12        | 16  | increase  | desc        | asc        | 256        | 2.22     | 2.37                   | 6   | 3333,3515,3697,3339,3521,3703       | 0.15      | 6.76     |
| 12  | 80         | 10000000 | 10000000  | 117648   | 16      | 32    | 1    | io_uring | 12        | 16  | decrease  | desc        | asc        | 64         | 0.29     | 0.43                   | 6   | 25705,25908,26111,25711,25914,26117 | 0.14      | 48.28    |
| 10  | 80         | 10000000 | 10000000  | 117648   | 16      | 32    | 1    | worker   | 12        | 16  | increase  | desc        | desc       | 256        | 0.43     | 0.57                   | 6   | 20238,20441,20644,20244,20447,20650 | 0.14      | 32.56    |
| 1   | 80         | 10000000 | 1250000   | 117648   | 4       | 2048  | 8    | worker   | 12        | 16  | increase  | asc         | desc       | 8          | 1.3      | 1.44                   | 6   | 568,750,932,574,756,938             | 0.14      | 10.77    |
| 1   | 80         | 10000000 | 1250000   | 117648   | 4       | 2048  | 8    | worker   | 12        | 16  | increase  | asc         | desc       | 64         | 1.59     | 1.73                   | 6   | 589,771,953,595,777,959             | 0.14      | 8.81     |
| 3   | 80         | 10000000 | 1250000   | 117648   | 4       | 2048  | 8    | worker   | 12        | 16  | decrease  | asc         | desc       | 128        | 1.79     | 1.93                   | 6   | 4964,5146,5328,4970,5152,5334       | 0.14      | 7.82     |
| 3   | 80         | 10000000 | 1250000   | 117648   | 4       | 2048  | 8    | io_uring | 12        | 16  | decrease  | asc         | desc       | 1          | 0.59     | 0.72                   | 6   | 6007,6189,6371,6013,6195,6377       | 0.13      | 22.03    |
| 3   | 80         | 10000000 | 1250000   | 117648   | 4       | 2048  | 8    | worker   | 12        | 16  | decrease  | asc         | asc        | 4          | 0.81     | 0.94                   | 6   | 4383,4565,4747,4389,4571,4753       | 0.13      | 16.05    |
| 11  | 80         | 10000000 | 10000000  | 117648   | 16      | 32    | 1    | worker   | 12        | 16  | decrease  | asc         | desc       | 8192       | 2.73     | 2.86                   | 6   | 22709,22912,23115,22715,22918,23121 | 0.13      | 4.76     |
| 14  | 80         | 10000000 | 2500000   | 117648   | 1048576 | 2     | 4    | io_uring | 12        | 16  | increase  | desc        | asc        | 64         | 3.96     | 4.08                   | 6   | 30325,30514,30703,30331,30520,30709 | 0.12      | 3.03     |
| 2   | 80         | 10000000 | 1250000   | 117648   | 4       | 2048  | 8    | io_uring | 12        | 16  | increase  | desc        | asc        | 2          | 0.8      | 0.92                   | 6   | 3284,3466,3648,3290,3472,3654       | 0.12      | 15.0     |
| 3   | 80         | 10000000 | 1250000   | 117648   | 4       | 2048  | 8    | io_uring | 12        | 16  | decrease  | asc         | asc        | 2          | 0.67     | 0.79                   | 6   | 5468,5650,5832,5474,5656,5838       | 0.12      | 17.91    |
| 3   | 80         | 10000000 | 1250000   | 117648   | 4       | 2048  | 8    | io_uring | 12        | 16  | decrease  | asc         | desc       | 2          | 0.71     | 0.83                   | 6   | 6014,6196,6378,6020,6202,6384       | 0.12      | 16.9     |
| 10  | 80         | 10000000 | 10000000  | 117648   | 16      | 32    | 1    | io_uring | 12        | 16  | increase  | desc        | desc       | 32         | 0.28     | 0.4                    | 6   | 21435,21638,21841,21441,21644,21847 | 0.12      | 42.86    |
| 10  | 80         | 10000000 | 10000000  | 117648   | 16      | 32    | 1    | io_uring | 12        | 16  | increase  | desc        | desc       | 512        | 0.66     | 0.78                   | 6   | 21463,21666,21869,21469,21672,21875 | 0.12      | 18.18    |
| 12  | 80         | 10000000 | 10000000  | 117648   | 16      | 32    | 1    | worker   | 12        | 16  | decrease  | desc        | desc       | 1024       | 0.54     | 0.66                   | 6   | 25124,25327,25530,25130,25333,25536 | 0.12      | 22.22    |
| 2   | 80         | 10000000 | 1250000   | 117648   | 4       | 2048  | 8    | io_uring | 12        | 16  | increase  | desc        | asc        | 32         | 1.36     | 1.48                   | 6   | 3312,3494,3676,3318,3500,3682       | 0.12      | 8.82     |
| 2   | 80         | 10000000 | 1250000   | 117648   | 4       | 2048  | 8    | worker   | 12        | 16  | increase  | desc        | desc       | 64         | 1.35     | 1.47                   | 6   | 2773,2955,3137,2779,2961,3143       | 0.12      | 8.89     |
| 4   | 80         | 10000000 | 1250000   | 117648   | 4       | 2048  | 8    | worker   | 12        | 16  | decrease  | desc        | asc        | 16         | 1.29     | 1.41                   | 6   | 6581,6763,6945,6587,6769,6951       | 0.12      | 9.3      |
| 2   | 80         | 10000000 | 1250000   | 117648   | 4       | 2048  | 8    | worker   | 12        | 16  | increase  | desc        | desc       | 16         | 0.96     | 1.07                   | 6   | 2759,2941,3123,2765,2947,3129       | 0.11      | 11.46    |
| 3   | 80         | 10000000 | 1250000   | 117648   | 4       | 2048  | 8    | worker   | 12        | 16  | decrease  | asc         | desc       | 4          | 0.96     | 1.07                   | 6   | 4929,5111,5293,4935,5117,5299       | 0.11      | 11.46    |
| 9   | 80         | 10000000 | 10000000  | 117648   | 16      | 32    | 1    | worker   | 12        | 16  | increase  | asc         | asc        | 512        | 0.46     | 0.57                   | 6   | 17200,17403,17606,17206,17409,17612 | 0.11      | 23.91    |
| 1   | 80         | 10000000 | 1250000   | 117648   | 4       | 2048  | 8    | io_uring | 12        | 16  | increase  | asc         | desc       | 8          | 1.56     | 1.67                   | 6   | 1660,1842,2024,1666,1848,2030       | 0.11      | 7.05     |
| 11  | 80         | 10000000 | 10000000  | 117648   | 16      | 32    | 1    | worker   | 12        | 16  | decrease  | asc         | desc       | 4096       | 1.52     | 1.63                   | 6   | 22702,22905,23108,22708,22911,23114 | 0.11      | 7.24     |
| 16  | 80         | 10000000 | 2500000   | 117648   | 1048576 | 2     | 4    | worker   | 12        | 16  | decrease  | desc        | desc       | 16         | 1.09     | 1.2                    | 6   | 34280,34469,34658,34286,34475,34664 | 0.11      | 10.09    |
| 3   | 80         | 10000000 | 1250000   | 117648   | 4       | 2048  | 8    | worker   | 12        | 16  | decrease  | asc         | desc       | 64         | 1.41     | 1.51                   | 6   | 4957,5139,5321,4963,5145,5327       | 0.1       | 7.09     |
| 5   | 60         | 10000000 | 625000    | 156250   | 1048576 | 128   | 16   | io_uring | 12        | 16  | increase  | asc         | asc        | 8          | 1.43     | 1.53                   | 6   | 9808,9983,10158,9814,9989,10164     | 0.1       | 6.99     |
| 9   | 80         | 10000000 | 10000000  | 117648   | 16      | 32    | 1    | worker   | 12        | 16  | increase  | asc         | desc       | 512        | 0.69     | 0.79                   | 6   | 17809,18012,18215,17815,18018,18221 | 0.1       | 14.49    |
| 14  | 80         | 10000000 | 2500000   | 117648   | 1048576 | 2     | 4    | worker   | 12        | 16  | increase  | desc        | desc       | 32         | 2.06     | 2.16                   | 6   | 29751,29940,30129,29757,29946,30135 | 0.1       | 4.85     |
| 4   | 80         | 10000000 | 1250000   | 117648   | 4       | 2048  | 8    | io_uring | 12        | 16  | decrease  | desc        | asc        | 2          | 0.85     | 0.95                   | 6   | 7652,7834,8016,7658,7840,8022       | 0.1       | 11.76    |
| 4   | 80         | 10000000 | 1250000   | 117648   | 4       | 2048  | 8    | worker   | 12        | 16  | decrease  | desc        | desc       | 4          | 0.88     | 0.98                   | 6   | 7113,7295,7477,7119,7301,7483       | 0.1       | 11.36    |
| 10  | 80         | 10000000 | 10000000  | 117648   | 16      | 32    | 1    | worker   | 12        | 16  | increase  | desc        | asc        | 512        | 0.5      | 0.6                    | 6   | 19636,19839,20042,19642,19845,20048 | 0.1       | 20.0     |
| 11  | 80         | 10000000 | 10000000  | 117648   | 16      | 32    | 1    | worker   | 12        | 16  | decrease  | asc         | asc        | 256        | 0.4      | 0.5                    | 6   | 22065,22268,22471,22071,22274,22477 | 0.1       | 25.0     |
| 16  | 80         | 10000000 | 2500000   | 117648   | 1048576 | 2     | 4    | worker   | 12        | 16  | decrease  | desc        | desc       | 2          | 0.31     | 0.41                   | 6   | 34259,34448,34637,34265,34454,34643 | 0.1       | 32.26    |
| 10  | 80         | 10000000 | 10000000  | 117648   | 16      | 32    | 1    | io_uring | 12        | 16  | increase  | desc        | asc        | 2048       | 1.06     | 1.16                   | 6   | 20868,21071,21274,20874,21077,21280 | 0.1       | 9.43     |
| 12  | 80         | 10000000 | 10000000  | 117648   | 16      | 32    | 1    | worker   | 12        | 16  | decrease  | desc        | desc       | 4096       | 1.04     | 1.14                   | 6   | 25138,25341,25544,25144,25347,25550 | 0.1       | 9.62     |
| 16  | 80         | 10000000 | 2500000   | 117648   | 1048576 | 2     | 4    | io_uring | 12        | 16  | decrease  | desc        | asc        | 16         | 1.07     | 1.17                   | 6   | 34847,35036,35225,34853,35042,35231 | 0.1       | 9.35     |
| 11  | 80         | 10000000 | 10000000  | 117648   | 16      | 32    | 1    | io_uring | 12        | 16  | decrease  | asc         | desc       | 32768      | 8.44     | 8.54                   | 6   | 23941,24144,24347,23947,24150,24353 | 0.1       | 1.18     |
| 1   | 80         | 10000000 | 1250000   | 117648   | 4       | 2048  | 8    | io_uring | 12        | 16  | increase  | asc         | desc       | 2          | 0.83     | 0.92                   | 6   | 1646,1828,2010,1652,1834,2016       | 0.09      | 10.84    |
| 4   | 80         | 10000000 | 1250000   | 117648   | 4       | 2048  | 8    | io_uring | 12        | 16  | decrease  | desc        | asc        | 32         | 1.38     | 1.47                   | 6   | 7680,7862,8044,7686,7868,8050       | 0.09      | 6.52     |
| 16  | 80         | 10000000 | 2500000   | 117648   | 1048576 | 2     | 4    | io_uring | 12        | 16  | decrease  | desc        | asc        | 32         | 1.89     | 1.98                   | 6   | 34854,35043,35232,34860,35049,35238 | 0.09      | 4.76     |
| 17  | 20         | 10000000 | 2500000   | 476191   | 4194304 | 128   | 4    | io_uring | 12        | 16  | increase  | asc         | desc       | 4          | 0.97     | 1.06                   | 6   | 37668,37857,38046,37674,37863,38052 | 0.09      | 9.28     |
| 11  | 80         | 10000000 | 10000000  | 117648   | 16      | 32    | 1    | io_uring | 12        | 16  | decrease  | asc         | desc       | 512        | 0.46     | 0.55                   | 6   | 23899,24102,24305,23905,24108,24311 | 0.09      | 19.57    |
| 14  | 80         | 10000000 | 2500000   | 117648   | 1048576 | 2     | 4    | io_uring | 12        | 16  | increase  | desc        | asc        | 2          | 0.29     | 0.38                   | 6   | 30290,30479,30668,30296,30485,30674 | 0.09      | 31.03    |
| 10  | 80         | 10000000 | 10000000  | 117648   | 16      | 32    | 1    | io_uring | 12        | 16  | increase  | desc        | asc        | 2          | 0.21     | 0.3                    | 6   | 20798,21001,21204,20804,21007,21210 | 0.09      | 42.86    |
| 5   | 60         | 10000000 | 625000    | 156250   | 1048576 | 128   | 16   | io_uring | 12        | 16  | increase  | asc         | desc       | 2          | 0.52     | 0.61                   | 6   | 10319,10494,10669,10325,10500,10675 | 0.09      | 17.31    |
| 9   | 80         | 10000000 | 10000000  | 117648   | 16      | 32    | 1    | worker   | 12        | 16  | increase  | asc         | asc        | 2048       | 0.78     | 0.87                   | 6   | 17214,17417,17620,17220,17423,17626 | 0.09      | 11.54    |
| 10  | 80         | 10000000 | 10000000  | 117648   | 16      | 32    | 1    | worker   | 12        | 16  | increase  | desc        | desc       | 32         | 0.27     | 0.36                   | 6   | 20217,20420,20623,20223,20426,20629 | 0.09      | 33.33    |
| 12  | 80         | 10000000 | 10000000  | 117648   | 16      | 32    | 1    | io_uring | 12        | 16  | decrease  | desc        | desc       | 2048       | 0.75     | 0.84                   | 6   | 26349,26552,26755,26355,26558,26761 | 0.09      | 12.0     |
| 17  | 20         | 10000000 | 2500000   | 476191   | 4194304 | 128   | 4    | worker   | 12        | 16  | increase  | asc         | desc       | 32         | 6.34     | 6.43                   | 6   | 36555,36744,36933,36561,36750,36939 | 0.09      | 1.42     |
| 1   | 80         | 10000000 | 1250000   | 117648   | 4       | 2048  | 8    | io_uring | 12        | 16  | increase  | asc         | asc        | 256        | 1.72     | 1.8                    | 6   | 1149,1331,1513,1155,1337,1519       | 0.08      | 4.65     |
| 3   | 80         | 10000000 | 1250000   | 117648   | 4       | 2048  | 8    | io_uring | 12        | 16  | decrease  | asc         | asc        | 512        | 3.92     | 4.0                    | 6   | 5524,5706,5888,5530,5712,5894       | 0.08      | 2.04     |
| 11  | 80         | 10000000 | 10000000  | 117648   | 16      | 32    | 1    | worker   | 12        | 16  | decrease  | asc         | desc       | 512        | 0.47     | 0.55                   | 6   | 22681,22884,23087,22687,22890,23093 | 0.08      | 17.02    |
| 12  | 80         | 10000000 | 10000000  | 117648   | 16      | 32    | 1    | io_uring | 12        | 16  | decrease  | desc        | desc       | 1024       | 0.6      | 0.68                   | 6   | 26342,26545,26748,26348,26551,26754 | 0.08      | 13.33    |
| 11  | 80         | 10000000 | 10000000  | 117648   | 16      | 32    | 1    | io_uring | 12        | 16  | decrease  | asc         | desc       | 128        | 0.36     | 0.44                   | 6   | 23885,24088,24291,23891,24094,24297 | 0.08      | 22.22    |
| 9   | 80         | 10000000 | 10000000  | 117648   | 16      | 32    | 1    | worker   | 12        | 16  | increase  | asc         | asc        | 128        | 0.33     | 0.41                   | 6   | 17186,17389,17592,17192,17395,17598 | 0.08      | 24.24    |
| 11  | 80         | 10000000 | 10000000  | 117648   | 16      | 32    | 1    | io_uring | 12        | 16  | decrease  | asc         | desc       | 2048       | 1.06     | 1.14                   | 6   | 23913,24116,24319,23919,24122,24325 | 0.08      | 7.55     |
| 10  | 80         | 10000000 | 10000000  | 117648   | 16      | 32    | 1    | io_uring | 12        | 16  | increase  | desc        | desc       | 4096       | 2.45     | 2.53                   | 6   | 21484,21687,21890,21490,21693,21896 | 0.08      | 3.27     |
| 1   | 80         | 10000000 | 1250000   | 117648   | 4       | 2048  | 8    | worker   | 12        | 16  | increase  | asc         | asc        | 64         | 1.18     | 1.25                   | 6   | 43,225,407,49,231,413               | 0.07      | 5.93     |
| 4   | 80         | 10000000 | 1250000   | 117648   | 4       | 2048  | 8    | worker   | 12        | 16  | decrease  | desc        | asc        | 128        | 1.99     | 2.06                   | 6   | 6602,6784,6966,6608,6790,6972       | 0.07      | 3.52     |
| 13  | 80         | 10000000 | 2500000   | 117648   | 1048576 | 2     | 4    | worker   | 12        | 16  | increase  | asc         | asc        | 32         | 1.7      | 1.77                   | 6   | 26916,27105,27294,26922,27111,27300 | 0.07      | 4.12     |
| 10  | 80         | 10000000 | 10000000  | 117648   | 16      | 32    | 1    | io_uring | 12        | 16  | increase  | desc        | desc       | 8          | 0.27     | 0.34                   | 6   | 21421,21624,21827,21427,21630,21833 | 0.07      | 25.93    |
| 11  | 80         | 10000000 | 10000000  | 117648   | 16      | 32    | 1    | worker   | 12        | 16  | decrease  | asc         | desc       | 8          | 0.25     | 0.32                   | 6   | 22639,22842,23045,22645,22848,23051 | 0.07      | 28.0     |
| 16  | 80         | 10000000 | 2500000   | 117648   | 1048576 | 2     | 4    | io_uring | 12        | 16  | decrease  | desc        | asc        | 2          | 0.3      | 0.37                   | 6   | 34826,35015,35204,34832,35021,35210 | 0.07      | 23.33    |
| 16  | 80         | 10000000 | 2500000   | 117648   | 1048576 | 2     | 4    | io_uring | 12        | 16  | decrease  | desc        | desc       | 4          | 0.45     | 0.52                   | 6   | 35400,35589,35778,35406,35595,35784 | 0.07      | 15.56    |
| 16  | 80         | 10000000 | 2500000   | 117648   | 1048576 | 2     | 4    | worker   | 12        | 16  | decrease  | desc        | desc       | 4          | 0.36     | 0.43                   | 6   | 34266,34455,34644,34272,34461,34650 | 0.07      | 19.44    |
| 8   | 60         | 10000000 | 625000    | 156250   | 1048576 | 128   | 16   | io_uring | 12        | 16  | decrease  | desc        | asc        | 2          | 0.5      | 0.57                   | 6   | 16094,16269,16444,16100,16275,16450 | 0.07      | 14.0     |
| 2   | 80         | 10000000 | 1250000   | 117648   | 4       | 2048  | 8    | io_uring | 12        | 16  | increase  | desc        | desc       | 128        | 2.24     | 2.31                   | 6   | 3872,4054,4236,3878,4060,4242       | 0.07      | 3.12     |
| 3   | 80         | 10000000 | 1250000   | 117648   | 4       | 2048  | 8    | io_uring | 12        | 16  | decrease  | asc         | desc       | 16         | 1.37     | 1.44                   | 6   | 6035,6217,6399,6041,6223,6405       | 0.07      | 5.11     |
| 3   | 80         | 10000000 | 1250000   | 117648   | 4       | 2048  | 8    | worker   | 12        | 16  | decrease  | asc         | asc        | 16         | 1.37     | 1.44                   | 6   | 4397,4579,4761,4403,4585,4767       | 0.07      | 5.11     |
| 9   | 80         | 10000000 | 10000000  | 117648   | 16      | 32    | 1    | io_uring | 12        | 16  | increase  | asc         | asc        | 4096       | 1.08     | 1.15                   | 6   | 18439,18642,18845,18445,18648,18851 | 0.07      | 6.48     |
| 3   | 80         | 10000000 | 1250000   | 117648   | 4       | 2048  | 8    | worker   | 12        | 16  | decrease  | asc         | desc       | 8          | 1.18     | 1.24                   | 6   | 4936,5118,5300,4942,5124,5306       | 0.06      | 5.08     |
| 7   | 60         | 10000000 | 625000    | 156250   | 1048576 | 128   | 16   | io_uring | 12        | 16  | decrease  | asc         | desc       | 4          | 0.83     | 0.89                   | 6   | 14526,14701,14876,14532,14707,14882 | 0.06      | 7.23     |
| 10  | 80         | 10000000 | 10000000  | 117648   | 16      | 32    | 1    | worker   | 12        | 16  | increase  | desc        | asc        | 1024       | 0.57     | 0.63                   | 6   | 19643,19846,20049,19649,19852,20055 | 0.06      | 10.53    |
| 11  | 80         | 10000000 | 10000000  | 117648   | 16      | 32    | 1    | io_uring | 12        | 16  | decrease  | asc         | asc        | 64         | 0.27     | 0.33                   | 6   | 23269,23472,23675,23275,23478,23681 | 0.06      | 22.22    |
| 4   | 80         | 10000000 | 1250000   | 117648   | 4       | 2048  | 8    | io_uring | 12        | 16  | decrease  | desc        | desc       | 2          | 0.78     | 0.84                   | 6   | 8198,8380,8562,8204,8386,8568       | 0.06      | 7.69     |
| 17  | 20         | 10000000 | 2500000   | 476191   | 4194304 | 128   | 4    | worker   | 12        | 16  | increase  | asc         | asc        | 2          | 0.54     | 0.6                    | 6   | 35960,36149,36338,35966,36155,36344 | 0.06      | 11.11    |
| 1   | 80         | 10000000 | 1250000   | 117648   | 4       | 2048  | 8    | io_uring | 12        | 16  | increase  | asc         | desc       | 64         | 1.77     | 1.82                   | 6   | 1681,1863,2045,1687,1869,2051       | 0.05      | 2.82     |
| 1   | 80         | 10000000 | 1250000   | 117648   | 4       | 2048  | 8    | worker   | 12        | 16  | increase  | asc         | desc       | 16         | 1.43     | 1.48                   | 6   | 575,757,939,581,763,945             | 0.05      | 3.5      |
| 3   | 80         | 10000000 | 1250000   | 117648   | 4       | 2048  | 8    | io_uring | 12        | 16  | decrease  | asc         | asc        | 4          | 0.97     | 1.02                   | 6   | 5475,5657,5839,5481,5663,5845       | 0.05      | 5.15     |
| 3   | 80         | 10000000 | 1250000   | 117648   | 4       | 2048  | 8    | io_uring | 12        | 16  | decrease  | asc         | desc       | 32         | 1.42     | 1.47                   | 6   | 6042,6224,6406,6048,6230,6412       | 0.05      | 3.52     |
| 3   | 80         | 10000000 | 1250000   | 117648   | 4       | 2048  | 8    | worker   | 12        | 16  | decrease  | asc         | desc       | 16         | 1.32     | 1.37                   | 6   | 4943,5125,5307,4949,5131,5313       | 0.05      | 3.79     |
| 9   | 80         | 10000000 | 10000000  | 117648   | 16      | 32    | 1    | io_uring | 12        | 16  | increase  | asc         | asc        | 128        | 0.41     | 0.46                   | 6   | 18404,18607,18810,18410,18613,18816 | 0.05      | 12.2     |
| 15  | 80         | 10000000 | 2500000   | 117648   | 1048576 | 2     | 4    | io_uring | 12        | 16  | decrease  | asc         | asc        | 8          | 0.62     | 0.67                   | 6   | 32572,32761,32950,32578,32767,32956 | 0.05      | 8.06     |
| 17  | 20         | 10000000 | 2500000   | 476191   | 4194304 | 128   | 4    | io_uring | 12        | 16  | increase  | asc         | desc       | 2          | 0.59     | 0.64                   | 6   | 37661,37850,38039,37667,37856,38045 | 0.05      | 8.47     |
| 18  | 20         | 10000000 | 2500000   | 476191   | 4194304 | 128   | 4    | worker   | 12        | 16  | increase  | desc        | desc       | 2          | 0.6      | 0.65                   | 4   | 38795,38984,38801,38990             | 0.05      | 8.33     |
| 9   | 80         | 10000000 | 10000000  | 117648   | 16      | 32    | 1    | worker   | 12        | 16  | increase  | asc         | asc        | 32         | 0.25     | 0.3                    | 6   | 17172,17375,17578,17178,17381,17584 | 0.05      | 20.0     |
| 9   | 80         | 10000000 | 10000000  | 117648   | 16      | 32    | 1    | worker   | 12        | 16  | increase  | asc         | asc        | 256        | 0.37     | 0.42                   | 6   | 17193,17396,17599,17199,17402,17605 | 0.05      | 13.51    |
| 9   | 80         | 10000000 | 10000000  | 117648   | 16      | 32    | 1    | worker   | 12        | 16  | increase  | asc         | desc       | 32         | 0.31     | 0.36                   | 6   | 17781,17984,18187,17787,17990,18193 | 0.05      | 16.13    |
| 10  | 80         | 10000000 | 10000000  | 117648   | 16      | 32    | 1    | io_uring | 12        | 16  | increase  | desc        | asc        | 256        | 0.44     | 0.49                   | 6   | 20847,21050,21253,20853,21056,21259 | 0.05      | 11.36    |
| 11  | 80         | 10000000 | 10000000  | 117648   | 16      | 32    | 1    | worker   | 12        | 16  | decrease  | asc         | asc        | 16         | 0.25     | 0.3                    | 6   | 22037,22240,22443,22043,22246,22449 | 0.05      | 20.0     |
| 12  | 80         | 10000000 | 10000000  | 117648   | 16      | 32    | 1    | io_uring | 12        | 16  | decrease  | desc        | asc        | 1          | 0.27     | 0.32                   | 6   | 25663,25866,26069,25669,25872,26075 | 0.05      | 18.52    |
| 12  | 80         | 10000000 | 10000000  | 117648   | 16      | 32    | 1    | io_uring | 12        | 16  | decrease  | desc        | desc       | 128        | 0.33     | 0.38                   | 6   | 26321,26524,26727,26327,26530,26733 | 0.05      | 15.15    |
| 12  | 80         | 10000000 | 10000000  | 117648   | 16      | 32    | 1    | worker   | 12        | 16  | decrease  | desc        | asc        | 256        | 0.4      | 0.45                   | 6   | 24501,24704,24907,24507,24710,24913 | 0.05      | 12.5     |
| 15  | 80         | 10000000 | 2500000   | 117648   | 1048576 | 2     | 4    | worker   | 12        | 16  | decrease  | asc         | desc       | 4          | 0.39     | 0.44                   | 6   | 31998,32187,32376,32004,32193,32382 | 0.05      | 12.82    |
| 1   | 80         | 10000000 | 1250000   | 117648   | 4       | 2048  | 8    | io_uring | 12        | 16  | increase  | asc         | asc        | 4          | 0.92     | 0.97                   | 6   | 1107,1289,1471,1113,1295,1477       | 0.05      | 5.43     |
| 3   | 80         | 10000000 | 1250000   | 117648   | 4       | 2048  | 8    | worker   | 12        | 16  | decrease  | asc         | asc        | 32         | 1.08     | 1.13                   | 6   | 4404,4586,4768,4410,4592,4774       | 0.05      | 4.63     |
| 11  | 80         | 10000000 | 10000000  | 117648   | 16      | 32    | 1    | worker   | 12        | 16  | decrease  | asc         | desc       | 2048       | 1.08     | 1.13                   | 6   | 22695,22898,23101,22701,22904,23107 | 0.05      | 4.63     |
| 17  | 20         | 10000000 | 2500000   | 476191   | 4194304 | 128   | 4    | worker   | 12        | 16  | increase  | asc         | asc        | 16         | 2.66     | 2.71                   | 6   | 35981,36170,36359,35987,36176,36365 | 0.05      | 1.88     |
| 2   | 80         | 10000000 | 1250000   | 117648   | 4       | 2048  | 8    | io_uring | 12        | 16  | increase  | desc        | desc       | 2          | 0.76     | 0.8                    | 6   | 3830,4012,4194,3836,4018,4200       | 0.04      | 5.26     |
| 3   | 80         | 10000000 | 1250000   | 117648   | 4       | 2048  | 8    | io_uring | 12        | 16  | decrease  | asc         | asc        | 256        | 2.79     | 2.83                   | 6   | 5517,5699,5881,5523,5705,5887       | 0.04      | 1.43     |
| 3   | 80         | 10000000 | 1250000   | 117648   | 4       | 2048  | 8    | worker   | 12        | 16  | decrease  | asc         | desc       | 2          | 0.73     | 0.77                   | 6   | 4922,5104,5286,4928,5110,5292       | 0.04      | 5.48     |
| 4   | 80         | 10000000 | 1250000   | 117648   | 4       | 2048  | 8    | io_uring | 12        | 16  | decrease  | desc        | asc        | 4          | 0.99     | 1.03                   | 6   | 7659,7841,8023,7665,7847,8029       | 0.04      | 4.04     |
| 4   | 80         | 10000000 | 1250000   | 117648   | 4       | 2048  | 8    | worker   | 12        | 16  | decrease  | desc        | asc        | 8          | 1.16     | 1.2                    | 6   | 6574,6756,6938,6580,6762,6944       | 0.04      | 3.45     |
| 5   | 60         | 10000000 | 625000    | 156250   | 1048576 | 128   | 16   | io_uring | 12        | 16  | increase  | asc         | desc       | 8          | 1.49     | 1.53                   | 6   | 10333,10508,10683,10339,10514,10689 | 0.04      | 2.68     |
| 7   | 60         | 10000000 | 625000    | 156250   | 1048576 | 128   | 16   | io_uring | 12        | 16  | decrease  | asc         | desc       | 8          | 1.45     | 1.49                   | 6   | 14533,14708,14883,14539,14714,14889 | 0.04      | 2.76     |
| 7   | 60         | 10000000 | 625000    | 156250   | 1048576 | 128   | 16   | worker   | 12        | 16  | decrease  | asc         | asc        | 4          | 0.73     | 0.77                   | 6   | 12951,13126,13301,12957,13132,13307 | 0.04      | 5.48     |
| 11  | 80         | 10000000 | 10000000  | 117648   | 16      | 32    | 1    | io_uring | 12        | 16  | decrease  | asc         | desc       | 16         | 0.29     | 0.33                   | 6   | 23864,24067,24270,23870,24073,24276 | 0.04      | 13.79    |
| 12  | 80         | 10000000 | 10000000  | 117648   | 16      | 32    | 1    | worker   | 12        | 16  | decrease  | desc        | asc        | 1024       | 0.97     | 1.01                   | 6   | 24515,24718,24921,24521,24724,24927 | 0.04      | 4.12     |
| 14  | 80         | 10000000 | 2500000   | 117648   | 1048576 | 2     | 4    | worker   | 12        | 16  | increase  | desc        | desc       | 8          | 0.62     | 0.66                   | 6   | 29737,29926,30115,29743,29932,30121 | 0.04      | 6.45     |
| 14  | 80         | 10000000 | 2500000   | 117648   | 1048576 | 2     | 4    | worker   | 12        | 16  | increase  | desc        | desc       | 16         | 1.13     | 1.17                   | 6   | 29744,29933,30122,29750,29939,30128 | 0.04      | 3.54     |
| 15  | 80         | 10000000 | 2500000   | 117648   | 1048576 | 2     | 4    | io_uring | 12        | 16  | decrease  | asc         | asc        | 2          | 0.36     | 0.4                    | 6   | 32558,32747,32936,32564,32753,32942 | 0.04      | 11.11    |
| 10  | 80         | 10000000 | 10000000  | 117648   | 16      | 32    | 1    | worker   | 12        | 16  | increase  | desc        | desc       | 2          | 0.23     | 0.27                   | 6   | 20189,20392,20595,20195,20398,20601 | 0.04      | 17.39    |
| 9   | 80         | 10000000 | 10000000  | 117648   | 16      | 32    | 1    | io_uring | 12        | 16  | increase  | asc         | desc       | 4          | 0.28     | 0.32                   | 6   | 18978,19181,19384,18984,19187,19390 | 0.04      | 14.29    |
| 10  | 80         | 10000000 | 10000000  | 117648   | 16      | 32    | 1    | io_uring | 12        | 16  | increase  | desc        | desc       | 16         | 0.31     | 0.35                   | 6   | 21428,21631,21834,21434,21637,21840 | 0.04      | 12.9     |
| 10  | 80         | 10000000 | 10000000  | 117648   | 16      | 32    | 1    | worker   | 12        | 16  | increase  | desc        | asc        | 2          | 0.26     | 0.3                    | 6   | 19580,19783,19986,19586,19789,19992 | 0.04      | 15.38    |
| 11  | 80         | 10000000 | 10000000  | 117648   | 16      | 32    | 1    | worker   | 12        | 16  | decrease  | asc         | desc       | 4          | 0.25     | 0.29                   | 6   | 22632,22835,23038,22638,22841,23044 | 0.04      | 16.0     |
| 11  | 80         | 10000000 | 10000000  | 117648   | 16      | 32    | 1    | worker   | 12        | 16  | decrease  | asc         | desc       | 128        | 0.38     | 0.42                   | 6   | 22667,22870,23073,22673,22876,23079 | 0.04      | 10.53    |
| 13  | 80         | 10000000 | 2500000   | 117648   | 1048576 | 2     | 4    | worker   | 12        | 16  | increase  | asc         | desc       | 4          | 0.38     | 0.42                   | 6   | 27462,27651,27840,27468,27657,27846 | 0.04      | 10.53    |
| 14  | 80         | 10000000 | 2500000   | 117648   | 1048576 | 2     | 4    | io_uring | 12        | 16  | increase  | desc        | desc       | 2          | 0.32     | 0.36                   | 6   | 30857,31046,31235,30863,31052,31241 | 0.04      | 12.5     |
| 16  | 80         | 10000000 | 2500000   | 117648   | 1048576 | 2     | 4    | io_uring | 12        | 16  | decrease  | desc        | desc       | 2          | 0.32     | 0.36                   | 6   | 35393,35582,35771,35399,35588,35777 | 0.04      | 12.5     |
| 8   | 60         | 10000000 | 625000    | 156250   | 1048576 | 128   | 16   | worker   | 12        | 16  | decrease  | desc        | desc       | 4          | 0.79     | 0.83                   | 6   | 15576,15751,15926,15582,15757,15932 | 0.04      | 5.06     |
| 11  | 80         | 10000000 | 10000000  | 117648   | 16      | 32    | 1    | worker   | 12        | 16  | decrease  | asc         | asc        | 1024       | 0.93     | 0.97                   | 6   | 22079,22282,22485,22085,22288,22491 | 0.04      | 4.3      |
| 18  | 20         | 10000000 | 2500000   | 476191   | 4194304 | 128   | 4    | worker   | 12        | 16  | increase  | desc        | desc       | 8          | 1.85     | 1.89                   | 4   | 38809,38998,38815,39004             | 0.04      | 2.16     |
| 14  | 80         | 10000000 | 2500000   | 117648   | 1048576 | 2     | 4    | io_uring | 12        | 16  | increase  | desc        | asc        | 32         | 2.09     | 2.12                   | 6   | 30318,30507,30696,30324,30513,30702 | 0.03      | 1.44     |
| 1   | 80         | 10000000 | 1250000   | 117648   | 4       | 2048  | 8    | io_uring | 12        | 16  | increase  | asc         | asc        | 16         | 1.25     | 1.28                   | 6   | 1121,1303,1485,1127,1309,1491       | 0.03      | 2.4      |
| 2   | 80         | 10000000 | 1250000   | 117648   | 4       | 2048  | 8    | io_uring | 12        | 16  | increase  | desc        | asc        | 8          | 1.3      | 1.33                   | 6   | 3298,3480,3662,3304,3486,3668       | 0.03      | 2.31     |
| 3   | 80         | 10000000 | 1250000   | 117648   | 4       | 2048  | 8    | io_uring | 12        | 16  | decrease  | asc         | asc        | 32         | 1.47     | 1.5                    | 6   | 5496,5678,5860,5502,5684,5866       | 0.03      | 2.04     |
| 4   | 80         | 10000000 | 1250000   | 117648   | 4       | 2048  | 8    | worker   | 12        | 16  | decrease  | desc        | asc        | 64         | 1.57     | 1.6                    | 6   | 6595,6777,6959,6601,6783,6965       | 0.03      | 1.91     |
| 10  | 80         | 10000000 | 10000000  | 117648   | 16      | 32    | 1    | worker   | 12        | 16  | increase  | desc        | desc       | 8          | 0.29     | 0.32                   | 6   | 20203,20406,20609,20209,20412,20615 | 0.03      | 10.34    |
| 11  | 80         | 10000000 | 10000000  | 117648   | 16      | 32    | 1    | io_uring | 12        | 16  | decrease  | asc         | desc       | 2          | 0.24     | 0.27                   | 6   | 23843,24046,24249,23849,24052,24255 | 0.03      | 12.5     |
| 11  | 80         | 10000000 | 10000000  | 117648   | 16      | 32    | 1    | worker   | 12        | 16  | decrease  | asc         | asc        | 4          | 0.24     | 0.27                   | 6   | 22023,22226,22429,22029,22232,22435 | 0.03      | 12.5     |
| 12  | 80         | 10000000 | 10000000  | 117648   | 16      | 32    | 1    | io_uring | 12        | 16  | decrease  | desc        | asc        | 16         | 0.3      | 0.33                   | 6   | 25691,25894,26097,25697,25900,26103 | 0.03      | 10.0     |
| 13  | 80         | 10000000 | 2500000   | 117648   | 1048576 | 2     | 4    | worker   | 12        | 16  | increase  | asc         | desc       | 8          | 0.59     | 0.62                   | 6   | 27469,27658,27847,27475,27664,27853 | 0.03      | 5.08     |
| 16  | 80         | 10000000 | 2500000   | 117648   | 1048576 | 2     | 4    | io_uring | 12        | 16  | decrease  | desc        | desc       | 8          | 0.64     | 0.67                   | 6   | 35407,35596,35785,35413,35602,35791 | 0.03      | 4.69     |
| 17  | 20         | 10000000 | 2500000   | 476191   | 4194304 | 128   | 4    | worker   | 12        | 16  | increase  | asc         | asc        | 8          | 1.38     | 1.41                   | 6   | 35974,36163,36352,35980,36169,36358 | 0.03      | 2.17     |
| 9   | 80         | 10000000 | 10000000  | 117648   | 16      | 32    | 1    | io_uring | 12        | 16  | increase  | asc         | asc        | 2          | 0.32     | 0.35                   | 6   | 18362,18565,18768,18368,18571,18774 | 0.03      | 9.37     |
| 10  | 80         | 10000000 | 10000000  | 117648   | 16      | 32    | 1    | io_uring | 12        | 16  | increase  | desc        | desc       | 4          | 0.28     | 0.31                   | 6   | 21414,21617,21820,21420,21623,21826 | 0.03      | 10.71    |
| 10  | 80         | 10000000 | 10000000  | 117648   | 16      | 32    | 1    | worker   | 12        | 16  | increase  | desc        | desc       | 64         | 0.32     | 0.35                   | 6   | 20224,20427,20630,20230,20433,20636 | 0.03      | 9.37     |
| 13  | 80         | 10000000 | 2500000   | 117648   | 1048576 | 2     | 4    | worker   | 12        | 16  | increase  | asc         | asc        | 2          | 0.28     | 0.31                   | 6   | 26888,27077,27266,26894,27083,27272 | 0.03      | 10.71    |
| 1   | 80         | 10000000 | 1250000   | 117648   | 4       | 2048  | 8    | io_uring | 12        | 16  | increase  | asc         | asc        | 512        | 2.27     | 2.3                    | 6   | 1156,1338,1520,1162,1344,1526       | 0.03      | 1.32     |
| 3   | 80         | 10000000 | 1250000   | 117648   | 4       | 2048  | 8    | worker   | 12        | 16  | decrease  | asc         | asc        | 2          | 0.66     | 0.68                   | 6   | 4376,4558,4740,4382,4564,4746       | 0.02      | 3.03     |
| 5   | 60         | 10000000 | 625000    | 156250   | 1048576 | 128   | 16   | worker   | 12        | 16  | increase  | asc         | asc        | 2          | 0.5      | 0.52                   | 6   | 8744,8919,9094,8750,8925,9100       | 0.02      | 4.0      |
| 6   | 60         | 10000000 | 625000    | 156250   | 1048576 | 128   | 16   | worker   | 12        | 16  | increase  | desc        | asc        | 2          | 0.47     | 0.49                   | 6   | 10844,11019,11194,10850,11025,11200 | 0.02      | 4.26     |
| 8   | 60         | 10000000 | 625000    | 156250   | 1048576 | 128   | 16   | worker   | 12        | 16  | decrease  | desc        | asc        | 2          | 0.48     | 0.5                    | 6   | 15044,15219,15394,15050,15225,15400 | 0.02      | 4.17     |
| 9   | 80         | 10000000 | 10000000  | 117648   | 16      | 32    | 1    | io_uring | 12        | 16  | increase  | asc         | desc       | 256        | 0.48     | 0.5                    | 6   | 19020,19223,19426,19026,19229,19432 | 0.02      | 4.17     |
| 9   | 80         | 10000000 | 10000000  | 117648   | 16      | 32    | 1    | worker   | 12        | 16  | increase  | asc         | asc        | 1          | 0.24     | 0.26                   | 6   | 17137,17340,17543,17143,17346,17549 | 0.02      | 8.33     |
| 9   | 80         | 10000000 | 10000000  | 117648   | 16      | 32    | 1    | worker   | 12        | 16  | increase  | asc         | asc        | 2          | 0.25     | 0.27                   | 6   | 17144,17347,17550,17150,17353,17556 | 0.02      | 8.0      |
| 9   | 80         | 10000000 | 10000000  | 117648   | 16      | 32    | 1    | worker   | 12        | 16  | increase  | asc         | desc       | 128        | 0.41     | 0.43                   | 6   | 17795,17998,18201,17801,18004,18207 | 0.02      | 4.88     |
| 10  | 80         | 10000000 | 10000000  | 117648   | 16      | 32    | 1    | worker   | 12        | 16  | increase  | desc        | asc        | 16         | 0.24     | 0.26                   | 6   | 19601,19804,20007,19607,19810,20013 | 0.02      | 8.33     |
| 10  | 80         | 10000000 | 10000000  | 117648   | 16      | 32    | 1    | worker   | 12        | 16  | increase  | desc        | asc        | 128        | 0.35     | 0.37                   | 6   | 19622,19825,20028,19628,19831,20034 | 0.02      | 5.71     |
| 11  | 80         | 10000000 | 10000000  | 117648   | 16      | 32    | 1    | io_uring | 12        | 16  | decrease  | asc         | desc       | 1024       | 0.66     | 0.68                   | 6   | 23906,24109,24312,23912,24115,24318 | 0.02      | 3.03     |
| 12  | 80         | 10000000 | 10000000  | 117648   | 16      | 32    | 1    | io_uring | 12        | 16  | decrease  | desc        | asc        | 4          | 0.24     | 0.26                   | 6   | 25677,25880,26083,25683,25886,26089 | 0.02      | 8.33     |
| 12  | 80         | 10000000 | 10000000  | 117648   | 16      | 32    | 1    | io_uring | 12        | 16  | decrease  | desc        | asc        | 8          | 0.25     | 0.27                   | 6   | 25684,25887,26090,25690,25893,26096 | 0.02      | 8.0      |
| 12  | 80         | 10000000 | 10000000  | 117648   | 16      | 32    | 1    | io_uring | 12        | 16  | decrease  | desc        | desc       | 4096       | 1.03     | 1.05                   | 6   | 26356,26559,26762,26362,26565,26768 | 0.02      | 1.94     |
| 12  | 80         | 10000000 | 10000000  | 117648   | 16      | 32    | 1    | worker   | 12        | 16  | decrease  | desc        | asc        | 8          | 0.25     | 0.27                   | 6   | 24466,24669,24872,24472,24675,24878 | 0.02      | 8.0      |
| 13  | 80         | 10000000 | 2500000   | 117648   | 1048576 | 2     | 4    | io_uring | 12        | 16  | increase  | asc         | asc        | 8          | 0.62     | 0.64                   | 6   | 28036,28225,28414,28042,28231,28420 | 0.02      | 3.23     |
| 16  | 80         | 10000000 | 2500000   | 117648   | 1048576 | 2     | 4    | io_uring | 12        | 16  | decrease  | desc        | desc       | 16         | 1.08     | 1.1                    | 6   | 35414,35603,35792,35420,35609,35798 | 0.02      | 1.85     |
| 17  | 20         | 10000000 | 2500000   | 476191   | 4194304 | 128   | 4    | io_uring | 12        | 16  | increase  | asc         | asc        | 8          | 1.96     | 1.98                   | 6   | 37108,37297,37486,37114,37303,37492 | 0.02      | 1.02     |
| 12  | 80         | 10000000 | 10000000  | 117648   | 16      | 32    | 1    | worker   | 12        | 16  | decrease  | desc        | asc        | 16         | 0.22     | 0.24                   | 6   | 24473,24676,24879,24479,24682,24885 | 0.02      | 9.09     |
| 12  | 80         | 10000000 | 10000000  | 117648   | 16      | 32    | 1    | worker   | 12        | 16  | decrease  | desc        | asc        | 64         | 0.27     | 0.29                   | 6   | 24487,24690,24893,24493,24696,24899 | 0.02      | 7.41     |
| 6   | 60         | 10000000 | 625000    | 156250   | 1048576 | 128   | 16   | io_uring | 12        | 16  | increase  | desc        | asc        | 4          | 0.81     | 0.83                   | 6   | 11901,12076,12251,11907,12082,12257 | 0.02      | 2.47     |
| 4   | 80         | 10000000 | 1250000   | 117648   | 4       | 2048  | 8    | io_uring | 12        | 16  | decrease  | desc        | desc       | 64         | 1.62     | 1.64                   | 6   | 8233,8415,8597,8239,8421,8603       | 0.02      | 1.23     |
| 2   | 80         | 10000000 | 1250000   | 117648   | 4       | 2048  | 8    | worker   | 12        | 16  | increase  | desc        | asc        | 2          | 0.76     | 0.77                   | 6   | 2192,2374,2556,2198,2380,2562       | 0.01      | 1.32     |
| 2   | 80         | 10000000 | 1250000   | 117648   | 4       | 2048  | 8    | worker   | 12        | 16  | increase  | desc        | asc        | 128        | 1.67     | 1.68                   | 6   | 2234,2416,2598,2240,2422,2604       | 0.01      | 0.6      |
| 4   | 80         | 10000000 | 1250000   | 117648   | 4       | 2048  | 8    | io_uring | 12        | 16  | decrease  | desc        | desc       | 1          | 0.62     | 0.63                   | 6   | 8191,8373,8555,8197,8379,8561       | 0.01      | 1.61     |
| 4   | 80         | 10000000 | 1250000   | 117648   | 4       | 2048  | 8    | worker   | 12        | 16  | decrease  | desc        | desc       | 128        | 1.61     | 1.62                   | 6   | 7148,7330,7512,7154,7336,7518       | 0.01      | 0.62     |
| 5   | 60         | 10000000 | 625000    | 156250   | 1048576 | 128   | 16   | io_uring | 12        | 16  | increase  | asc         | asc        | 2          | 0.52     | 0.53                   | 6   | 9794,9969,10144,9800,9975,10150     | 0.01      | 1.92     |
| 7   | 60         | 10000000 | 625000    | 156250   | 1048576 | 128   | 16   | io_uring | 12        | 16  | decrease  | asc         | desc       | 2          | 0.49     | 0.5                    | 6   | 14519,14694,14869,14525,14700,14875 | 0.01      | 2.04     |
| 8   | 60         | 10000000 | 625000    | 156250   | 1048576 | 128   | 16   | worker   | 12        | 16  | decrease  | desc        | asc        | 4          | 0.73     | 0.74                   | 6   | 15051,15226,15401,15057,15232,15407 | 0.01      | 1.37     |
| 9   | 80         | 10000000 | 10000000  | 117648   | 16      | 32    | 1    | io_uring | 12        | 16  | increase  | asc         | asc        | 16         | 0.33     | 0.34                   | 6   | 18383,18586,18789,18389,18592,18795 | 0.01      | 3.03     |
| 9   | 80         | 10000000 | 10000000  | 117648   | 16      | 32    | 1    | io_uring | 12        | 16  | increase  | asc         | asc        | 32         | 0.37     | 0.38                   | 6   | 18390,18593,18796,18396,18599,18802 | 0.01      | 2.7      |
| 9   | 80         | 10000000 | 10000000  | 117648   | 16      | 32    | 1    | io_uring | 12        | 16  | increase  | asc         | desc       | 64         | 0.39     | 0.4                    | 6   | 19006,19209,19412,19012,19215,19418 | 0.01      | 2.56     |
| 9   | 80         | 10000000 | 10000000  | 117648   | 16      | 32    | 1    | worker   | 12        | 16  | increase  | asc         | asc        | 4          | 0.26     | 0.27                   | 6   | 17151,17354,17557,17157,17360,17563 | 0.01      | 3.85     |
| 9   | 80         | 10000000 | 10000000  | 117648   | 16      | 32    | 1    | worker   | 12        | 16  | increase  | asc         | asc        | 8          | 0.27     | 0.28                   | 6   | 17158,17361,17564,17164,17367,17570 | 0.01      | 3.7      |
| 9   | 80         | 10000000 | 10000000  | 117648   | 16      | 32    | 1    | worker   | 12        | 16  | increase  | asc         | desc       | 16         | 0.3      | 0.31                   | 6   | 17774,17977,18180,17780,17983,18186 | 0.01      | 3.33     |
| 10  | 80         | 10000000 | 10000000  | 117648   | 16      | 32    | 1    | worker   | 12        | 16  | increase  | desc        | asc        | 32         | 0.27     | 0.28                   | 6   | 19608,19811,20014,19614,19817,20020 | 0.01      | 3.7      |
| 10  | 80         | 10000000 | 10000000  | 117648   | 16      | 32    | 1    | worker   | 12        | 16  | increase  | desc        | desc       | 16         | 0.27     | 0.28                   | 6   | 20210,20413,20616,20216,20419,20622 | 0.01      | 3.7      |
| 10  | 80         | 10000000 | 10000000  | 117648   | 16      | 32    | 1    | worker   | 12        | 16  | increase  | desc        | desc       | 512        | 0.74     | 0.75                   | 6   | 20245,20448,20651,20251,20454,20657 | 0.01      | 1.35     |
| 11  | 80         | 10000000 | 10000000  | 117648   | 16      | 32    | 1    | worker   | 12        | 16  | decrease  | asc         | asc        | 64         | 0.31     | 0.32                   | 6   | 22051,22254,22457,22057,22260,22463 | 0.01      | 3.23     |
| 11  | 80         | 10000000 | 10000000  | 117648   | 16      | 32    | 1    | worker   | 12        | 16  | decrease  | asc         | asc        | 128        | 0.33     | 0.34                   | 6   | 22058,22261,22464,22064,22267,22470 | 0.01      | 3.03     |
| 12  | 80         | 10000000 | 10000000  | 117648   | 16      | 32    | 1    | io_uring | 12        | 16  | decrease  | desc        | desc       | 4          | 0.24     | 0.25                   | 6   | 26286,26489,26692,26292,26495,26698 | 0.01      | 4.17     |
| 12  | 80         | 10000000 | 10000000  | 117648   | 16      | 32    | 1    | io_uring | 12        | 16  | decrease  | desc        | desc       | 16         | 0.27     | 0.28                   | 6   | 26300,26503,26706,26306,26509,26712 | 0.01      | 3.7      |
| 12  | 80         | 10000000 | 10000000  | 117648   | 16      | 32    | 1    | worker   | 12        | 16  | decrease  | desc        | asc        | 2          | 0.24     | 0.25                   | 6   | 24452,24655,24858,24458,24661,24864 | 0.01      | 4.17     |
| 12  | 80         | 10000000 | 10000000  | 117648   | 16      | 32    | 1    | worker   | 12        | 16  | decrease  | desc        | asc        | 128        | 0.32     | 0.33                   | 6   | 24494,24697,24900,24500,24703,24906 | 0.01      | 3.13     |
| 12  | 80         | 10000000 | 10000000  | 117648   | 16      | 32    | 1    | worker   | 12        | 16  | decrease  | desc        | desc       | 16         | 0.31     | 0.32                   | 6   | 25082,25285,25488,25088,25291,25494 | 0.01      | 3.23     |
| 12  | 80         | 10000000 | 10000000  | 117648   | 16      | 32    | 1    | worker   | 12        | 16  | decrease  | desc        | desc       | 64         | 0.33     | 0.34                   | 6   | 25096,25299,25502,25102,25305,25508 | 0.01      | 3.03     |
| 12  | 80         | 10000000 | 10000000  | 117648   | 16      | 32    | 1    | worker   | 12        | 16  | decrease  | desc        | desc       | 256        | 0.41     | 0.42                   | 6   | 25110,25313,25516,25116,25319,25522 | 0.01      | 2.44     |
| 12  | 80         | 10000000 | 10000000  | 117648   | 16      | 32    | 1    | worker   | 12        | 16  | decrease  | desc        | desc       | 512        | 0.57     | 0.58                   | 6   | 25117,25320,25523,25123,25326,25529 | 0.01      | 1.75     |
| 13  | 80         | 10000000 | 2500000   | 117648   | 1048576 | 2     | 4    | io_uring | 12        | 16  | increase  | asc         | desc       | 2          | 0.32     | 0.33                   | 6   | 28589,28778,28967,28595,28784,28973 | 0.01      | 3.13     |
| 13  | 80         | 10000000 | 2500000   | 117648   | 1048576 | 2     | 4    | io_uring | 12        | 16  | increase  | asc         | desc       | 4          | 0.44     | 0.45                   | 6   | 28596,28785,28974,28602,28791,28980 | 0.01      | 2.27     |
| 14  | 80         | 10000000 | 2500000   | 117648   | 1048576 | 2     | 4    | io_uring | 12        | 16  | increase  | desc        | asc        | 8          | 0.7      | 0.71                   | 6   | 30304,30493,30682,30310,30499,30688 | 0.01      | 1.43     |
| 15  | 80         | 10000000 | 2500000   | 117648   | 1048576 | 2     | 4    | io_uring | 12        | 16  | decrease  | asc         | asc        | 4          | 0.45     | 0.46                   | 6   | 32565,32754,32943,32571,32760,32949 | 0.01      | 2.22     |
| 15  | 80         | 10000000 | 2500000   | 117648   | 1048576 | 2     | 4    | worker   | 12        | 16  | decrease  | asc         | asc        | 4          | 0.42     | 0.43                   | 6   | 31431,31620,31809,31437,31626,31815 | 0.01      | 2.38     |
| 7   | 60         | 10000000 | 625000    | 156250   | 1048576 | 128   | 16   | io_uring | 12        | 16  | decrease  | asc         | asc        | 4          | 0.81     | 0.82                   | 6   | 14001,14176,14351,14007,14182,14357 | 0.01      | 1.23     |
| 16  | 80         | 10000000 | 2500000   | 117648   | 1048576 | 2     | 4    | worker   | 12        | 16  | decrease  | desc        | asc        | 16         | 0.93     | 0.94                   | 6   | 33713,33902,34091,33719,33908,34097 | 0.01      | 1.08     |
| 2   | 80         | 10000000 | 1250000   | 117648   | 4       | 2048  | 8    | worker   | 12        | 16  | increase  | desc        | asc        | 8          | 1.15     | 1.15                   | 6   | 2206,2388,2570,2212,2394,2576       | 0.0       | 0.0      |
| 6   | 60         | 10000000 | 625000    | 156250   | 1048576 | 128   | 16   | io_uring | 12        | 16  | increase  | desc        | desc       | 8          | 1.48     | 1.48                   | 6   | 12433,12608,12783,12439,12614,12789 | 0.0       | 0.0      |
| 7   | 60         | 10000000 | 625000    | 156250   | 1048576 | 128   | 16   | worker   | 12        | 16  | decrease  | asc         | asc        | 1          | 0.39     | 0.39                   | 6   | 12937,13112,13287,12943,13118,13293 | 0.0       | 0.0      |
| 8   | 60         | 10000000 | 625000    | 156250   | 1048576 | 128   | 16   | worker   | 12        | 16  | decrease  | desc        | desc       | 2          | 0.5      | 0.5                    | 6   | 15569,15744,15919,15575,15750,15925 | 0.0       | 0.0      |
| 8   | 60         | 10000000 | 625000    | 156250   | 1048576 | 128   | 16   | worker   | 12        | 16  | decrease  | desc        | desc       | 8          | 1.31     | 1.31                   | 6   | 15583,15758,15933,15589,15764,15939 | 0.0       | 0.0      |
| 9   | 80         | 10000000 | 10000000  | 117648   | 16      | 32    | 1    | io_uring | 12        | 16  | increase  | asc         | asc        | 1          | 0.29     | 0.29                   | 6   | 18355,18558,18761,18361,18564,18767 | 0.0       | 0.0      |
| 9   | 80         | 10000000 | 10000000  | 117648   | 16      | 32    | 1    | io_uring | 12        | 16  | increase  | asc         | desc       | 32         | 0.36     | 0.36                   | 6   | 18999,19202,19405,19005,19208,19411 | 0.0       | 0.0      |
| 9   | 80         | 10000000 | 10000000  | 117648   | 16      | 32    | 1    | io_uring | 12        | 16  | increase  | asc         | desc       | 128        | 0.39     | 0.39                   | 6   | 19013,19216,19419,19019,19222,19425 | 0.0       | 0.0      |
| 9   | 80         | 10000000 | 10000000  | 117648   | 16      | 32    | 1    | worker   | 12        | 16  | increase  | asc         | asc        | 64         | 0.31     | 0.31                   | 6   | 17179,17382,17585,17185,17388,17591 | 0.0       | 0.0      |
| 9   | 80         | 10000000 | 10000000  | 117648   | 16      | 32    | 1    | worker   | 12        | 16  | increase  | asc         | asc        | 1024       | 0.63     | 0.63                   | 6   | 17207,17410,17613,17213,17416,17619 | 0.0       | 0.0      |
| 9   | 80         | 10000000 | 10000000  | 117648   | 16      | 32    | 1    | worker   | 12        | 16  | increase  | asc         | desc       | 1          | 0.32     | 0.32                   | 6   | 17746,17949,18152,17752,17955,18158 | 0.0       | 0.0      |
| 9   | 80         | 10000000 | 10000000  | 117648   | 16      | 32    | 1    | worker   | 12        | 16  | increase  | asc         | desc       | 4          | 0.32     | 0.32                   | 6   | 17760,17963,18166,17766,17969,18172 | 0.0       | 0.0      |
| 9   | 80         | 10000000 | 10000000  | 117648   | 16      | 32    | 1    | worker   | 12        | 16  | increase  | asc         | desc       | 256        | 0.52     | 0.52                   | 6   | 17802,18005,18208,17808,18011,18214 | 0.0       | 0.0      |
| 10  | 80         | 10000000 | 10000000  | 117648   | 16      | 32    | 1    | worker   | 12        | 16  | increase  | desc        | asc        | 256        | 0.39     | 0.39                   | 6   | 19629,19832,20035,19635,19838,20041 | 0.0       | 0.0      |
| 11  | 80         | 10000000 | 10000000  | 117648   | 16      | 32    | 1    | io_uring | 12        | 16  | decrease  | asc         | asc        | 32         | 0.32     | 0.32                   | 6   | 23262,23465,23668,23268,23471,23674 | 0.0       | 0.0      |
| 11  | 80         | 10000000 | 10000000  | 117648   | 16      | 32    | 1    | io_uring | 12        | 16  | decrease  | asc         | asc        | 128        | 0.38     | 0.38                   | 6   | 23276,23479,23682,23282,23485,23688 | 0.0       | 0.0      |
| 11  | 80         | 10000000 | 10000000  | 117648   | 16      | 32    | 1    | io_uring | 12        | 16  | decrease  | asc         | desc       | 8          | 0.33     | 0.33                   | 6   | 23857,24060,24263,23863,24066,24269 | 0.0       | 0.0      |
| 11  | 80         | 10000000 | 10000000  | 117648   | 16      | 32    | 1    | io_uring | 12        | 16  | decrease  | asc         | desc       | 32         | 0.29     | 0.29                   | 6   | 23871,24074,24277,23877,24080,24283 | 0.0       | 0.0      |
| 11  | 80         | 10000000 | 10000000  | 117648   | 16      | 32    | 1    | worker   | 12        | 16  | decrease  | asc         | asc        | 8          | 0.23     | 0.23                   | 6   | 22030,22233,22436,22036,22239,22442 | 0.0       | 0.0      |
| 11  | 80         | 10000000 | 10000000  | 117648   | 16      | 32    | 1    | worker   | 12        | 16  | decrease  | asc         | desc       | 32         | 0.32     | 0.32                   | 6   | 22653,22856,23059,22659,22862,23065 | 0.0       | 0.0      |
| 12  | 80         | 10000000 | 10000000  | 117648   | 16      | 32    | 1    | io_uring | 12        | 16  | decrease  | desc        | desc       | 8          | 0.31     | 0.31                   | 6   | 26293,26496,26699,26299,26502,26705 | 0.0       | 0.0      |
| 12  | 80         | 10000000 | 10000000  | 117648   | 16      | 32    | 1    | io_uring | 12        | 16  | decrease  | desc        | desc       | 256        | 0.46     | 0.46                   | 6   | 26328,26531,26734,26334,26537,26740 | 0.0       | 0.0      |
| 12  | 80         | 10000000 | 10000000  | 117648   | 16      | 32    | 1    | worker   | 12        | 16  | decrease  | desc        | asc        | 1          | 0.23     | 0.23                   | 6   | 24445,24648,24851,24451,24654,24857 | 0.0       | 0.0      |
| 12  | 80         | 10000000 | 10000000  | 117648   | 16      | 32    | 1    | worker   | 12        | 16  | decrease  | desc        | asc        | 32         | 0.26     | 0.26                   | 6   | 24480,24683,24886,24486,24689,24892 | 0.0       | 0.0      |
| 12  | 80         | 10000000 | 10000000  | 117648   | 16      | 32    | 1    | worker   | 12        | 16  | decrease  | desc        | desc       | 4          | 0.28     | 0.28                   | 6   | 25068,25271,25474,25074,25277,25480 | 0.0       | 0.0      |
| 12  | 80         | 10000000 | 10000000  | 117648   | 16      | 32    | 1    | worker   | 12        | 16  | decrease  | desc        | desc       | 32         | 0.33     | 0.33                   | 6   | 25089,25292,25495,25095,25298,25501 | 0.0       | 0.0      |
| 12  | 80         | 10000000 | 10000000  | 117648   | 16      | 32    | 1    | worker   | 12        | 16  | decrease  | desc        | desc       | 128        | 0.36     | 0.36                   | 6   | 25103,25306,25509,25109,25312,25515 | 0.0       | 0.0      |
| 13  | 80         | 10000000 | 2500000   | 117648   | 1048576 | 2     | 4    | io_uring | 12        | 16  | increase  | asc         | asc        | 1          | 0.33     | 0.33                   | 6   | 28015,28204,28393,28021,28210,28399 | 0.0       | 0.0      |
| 13  | 80         | 10000000 | 2500000   | 117648   | 1048576 | 2     | 4    | worker   | 12        | 16  | increase  | asc         | asc        | 4          | 0.39     | 0.39                   | 6   | 26895,27084,27273,26901,27090,27279 | 0.0       | 0.0      |
| 13  | 80         | 10000000 | 2500000   | 117648   | 1048576 | 2     | 4    | worker   | 12        | 16  | increase  | asc         | desc       | 2          | 0.3      | 0.3                    | 6   | 27455,27644,27833,27461,27650,27839 | 0.0       | 0.0      |
| 14  | 80         | 10000000 | 2500000   | 117648   | 1048576 | 2     | 4    | io_uring | 12        | 16  | increase  | desc        | desc       | 4          | 0.47     | 0.47                   | 6   | 30864,31053,31242,30870,31059,31248 | 0.0       | 0.0      |
| 14  | 80         | 10000000 | 2500000   | 117648   | 1048576 | 2     | 4    | worker   | 12        | 16  | increase  | desc        | asc        | 4          | 0.38     | 0.38                   | 6   | 29163,29352,29541,29169,29358,29547 | 0.0       | 0.0      |
| 14  | 80         | 10000000 | 2500000   | 117648   | 1048576 | 2     | 4    | worker   | 12        | 16  | increase  | desc        | asc        | 8          | 0.57     | 0.57                   | 6   | 29170,29359,29548,29176,29365,29554 | 0.0       | 0.0      |
| 15  | 80         | 10000000 | 2500000   | 117648   | 1048576 | 2     | 4    | worker   | 12        | 16  | decrease  | asc         | desc       | 2          | 0.3      | 0.3                    | 6   | 31991,32180,32369,31997,32186,32375 | 0.0       | 0.0      |
| 16  | 80         | 10000000 | 2500000   | 117648   | 1048576 | 2     | 4    | io_uring | 12        | 16  | decrease  | desc        | asc        | 1          | 0.27     | 0.27                   | 6   | 34819,35008,35197,34825,35014,35203 | 0.0       | 0.0      |
| 17  | 20         | 10000000 | 2500000   | 476191   | 4194304 | 128   | 4    | worker   | 12        | 16  | increase  | asc         | asc        | 4          | 0.87     | 0.87                   | 6   | 35967,36156,36345,35973,36162,36351 | 0.0       | 0.0      |
| 9   | 80         | 10000000 | 10000000  | 117648   | 16      | 32    | 1    | worker   | 12        | 16  | increase  | asc         | desc       | 2          | 0.29     | 0.28                   | 6   | 17753,17956,18159,17759,17962,18165 | -0.01     | -3.45    |
| 10  | 80         | 10000000 | 10000000  | 117648   | 16      | 32    | 1    | io_uring | 12        | 16  | increase  | desc        | asc        | 32         | 0.35     | 0.34                   | 6   | 20826,21029,21232,20832,21035,21238 | -0.01     | -2.86    |
| 11  | 80         | 10000000 | 10000000  | 117648   | 16      | 32    | 1    | worker   | 12        | 16  | decrease  | asc         | asc        | 32         | 0.29     | 0.28                   | 6   | 22044,22247,22450,22050,22253,22456 | -0.01     | -3.45    |
| 12  | 80         | 10000000 | 10000000  | 117648   | 16      | 32    | 1    | io_uring | 12        | 16  | decrease  | desc        | desc       | 64         | 0.41     | 0.4                    | 6   | 26314,26517,26720,26320,26523,26726 | -0.01     | -2.44    |
| 10  | 80         | 10000000 | 10000000  | 117648   | 16      | 32    | 1    | worker   | 12        | 16  | increase  | desc        | asc        | 4          | 0.24     | 0.23                   | 6   | 19587,19790,19993,19593,19796,19999 | -0.01     | -4.17    |
| 11  | 80         | 10000000 | 10000000  | 117648   | 16      | 32    | 1    | worker   | 12        | 16  | decrease  | asc         | asc        | 2          | 0.24     | 0.23                   | 6   | 22016,22219,22422,22022,22225,22428 | -0.01     | -4.17    |
| 5   | 60         | 10000000 | 625000    | 156250   | 1048576 | 128   | 16   | worker   | 12        | 16  | increase  | asc         | asc        | 4          | 0.77     | 0.76                   | 6   | 8751,8926,9101,8757,8932,9107       | -0.01     | -1.3     |
| 5   | 60         | 10000000 | 625000    | 156250   | 1048576 | 128   | 16   | worker   | 12        | 16  | increase  | asc         | asc        | 8          | 1.34     | 1.33                   | 6   | 8758,8933,9108,8764,8939,9114       | -0.01     | -0.75    |
| 6   | 60         | 10000000 | 625000    | 156250   | 1048576 | 128   | 16   | io_uring | 12        | 16  | increase  | desc        | asc        | 2          | 0.59     | 0.58                   | 6   | 11894,12069,12244,11900,12075,12250 | -0.01     | -1.69    |
| 7   | 60         | 10000000 | 625000    | 156250   | 1048576 | 128   | 16   | io_uring | 12        | 16  | decrease  | asc         | asc        | 8          | 1.48     | 1.47                   | 6   | 14008,14183,14358,14014,14189,14364 | -0.01     | -0.68    |
| 7   | 60         | 10000000 | 625000    | 156250   | 1048576 | 128   | 16   | worker   | 12        | 16  | decrease  | asc         | asc        | 2          | 0.52     | 0.51                   | 6   | 12944,13119,13294,12950,13125,13300 | -0.01     | -1.92    |
| 9   | 80         | 10000000 | 10000000  | 117648   | 16      | 32    | 1    | io_uring | 12        | 16  | increase  | asc         | asc        | 1024       | 0.63     | 0.62                   | 6   | 18425,18628,18831,18431,18634,18837 | -0.01     | -1.59    |
| 9   | 80         | 10000000 | 10000000  | 117648   | 16      | 32    | 1    | io_uring | 12        | 16  | increase  | asc         | asc        | 2048       | 0.86     | 0.85                   | 6   | 18432,18635,18838,18438,18641,18844 | -0.01     | -1.16    |
| 9   | 80         | 10000000 | 10000000  | 117648   | 16      | 32    | 1    | io_uring | 12        | 16  | increase  | asc         | desc       | 1          | 0.32     | 0.31                   | 6   | 18964,19167,19370,18970,19173,19376 | -0.01     | -3.13    |
| 10  | 80         | 10000000 | 10000000  | 117648   | 16      | 32    | 1    | worker   | 12        | 16  | increase  | desc        | asc        | 1          | 0.26     | 0.25                   | 6   | 19573,19776,19979,19579,19782,19985 | -0.01     | -3.85    |
| 10  | 80         | 10000000 | 10000000  | 117648   | 16      | 32    | 1    | worker   | 12        | 16  | increase  | desc        | asc        | 8          | 0.26     | 0.25                   | 6   | 19594,19797,20000,19600,19803,20006 | -0.01     | -3.85    |
| 11  | 80         | 10000000 | 10000000  | 117648   | 16      | 32    | 1    | io_uring | 12        | 16  | decrease  | asc         | asc        | 4          | 0.27     | 0.26                   | 6   | 23241,23444,23647,23247,23450,23653 | -0.01     | -3.7     |
| 11  | 80         | 10000000 | 10000000  | 117648   | 16      | 32    | 1    | worker   | 12        | 16  | decrease  | asc         | desc       | 2          | 0.28     | 0.27                   | 6   | 22625,22828,23031,22631,22834,23037 | -0.01     | -3.57    |
| 12  | 80         | 10000000 | 10000000  | 117648   | 16      | 32    | 1    | worker   | 12        | 16  | decrease  | desc        | asc        | 4          | 0.25     | 0.24                   | 6   | 24459,24662,24865,24465,24668,24871 | -0.01     | -4.0     |
| 13  | 80         | 10000000 | 2500000   | 117648   | 1048576 | 2     | 4    | io_uring | 12        | 16  | increase  | asc         | asc        | 2          | 0.33     | 0.32                   | 6   | 28022,28211,28400,28028,28217,28406 | -0.01     | -3.03    |
| 13  | 80         | 10000000 | 2500000   | 117648   | 1048576 | 2     | 4    | io_uring | 12        | 16  | increase  | asc         | asc        | 4          | 0.49     | 0.48                   | 6   | 28029,28218,28407,28035,28224,28413 | -0.01     | -2.04    |
| 13  | 80         | 10000000 | 2500000   | 117648   | 1048576 | 2     | 4    | io_uring | 12        | 16  | increase  | asc         | desc       | 8          | 0.63     | 0.62                   | 6   | 28603,28792,28981,28609,28798,28987 | -0.01     | -1.59    |
| 15  | 80         | 10000000 | 2500000   | 117648   | 1048576 | 2     | 4    | worker   | 12        | 16  | decrease  | asc         | desc       | 8          | 0.59     | 0.58                   | 6   | 32005,32194,32383,32011,32200,32389 | -0.01     | -1.69    |
| 16  | 80         | 10000000 | 2500000   | 117648   | 1048576 | 2     | 4    | worker   | 12        | 16  | decrease  | desc        | asc        | 2          | 0.32     | 0.31                   | 6   | 33692,33881,34070,33698,33887,34076 | -0.01     | -3.13    |
| 16  | 80         | 10000000 | 2500000   | 117648   | 1048576 | 2     | 4    | worker   | 12        | 16  | decrease  | desc        | asc        | 4          | 0.4      | 0.39                   | 6   | 33699,33888,34077,33705,33894,34083 | -0.01     | -2.5     |
| 9   | 80         | 10000000 | 10000000  | 117648   | 16      | 32    | 1    | io_uring | 12        | 16  | increase  | asc         | desc       | 512        | 0.7      | 0.68                   | 6   | 19027,19230,19433,19033,19236,19439 | -0.02     | -2.86    |
| 15  | 80         | 10000000 | 2500000   | 117648   | 1048576 | 2     | 4    | io_uring | 12        | 16  | decrease  | asc         | desc       | 8          | 0.69     | 0.67                   | 6   | 33139,33328,33517,33145,33334,33523 | -0.02     | -2.9     |
| 9   | 80         | 10000000 | 10000000  | 117648   | 16      | 32    | 1    | io_uring | 12        | 16  | increase  | asc         | desc       | 16         | 0.35     | 0.33                   | 6   | 18992,19195,19398,18998,19201,19404 | -0.02     | -5.71    |
| 9   | 80         | 10000000 | 10000000  | 117648   | 16      | 32    | 1    | worker   | 12        | 16  | increase  | asc         | asc        | 16         | 0.3      | 0.28                   | 6   | 17165,17368,17571,17171,17374,17577 | -0.02     | -6.67    |
| 10  | 80         | 10000000 | 10000000  | 117648   | 16      | 32    | 1    | io_uring | 12        | 16  | increase  | desc        | asc        | 64         | 0.41     | 0.39                   | 6   | 20833,21036,21239,20839,21042,21245 | -0.02     | -4.88    |
| 11  | 80         | 10000000 | 10000000  | 117648   | 16      | 32    | 1    | io_uring | 12        | 16  | decrease  | asc         | desc       | 64         | 0.36     | 0.34                   | 6   | 23878,24081,24284,23884,24087,24290 | -0.02     | -5.56    |
| 15  | 80         | 10000000 | 2500000   | 117648   | 1048576 | 2     | 4    | worker   | 12        | 16  | decrease  | asc         | asc        | 2          | 0.3      | 0.28                   | 6   | 31424,31613,31802,31430,31619,31808 | -0.02     | -6.67    |
| 5   | 60         | 10000000 | 625000    | 156250   | 1048576 | 128   | 16   | worker   | 12        | 16  | increase  | asc         | desc       | 1          | 0.43     | 0.41                   | 6   | 9262,9437,9612,9268,9443,9618       | -0.02     | -4.65    |
| 6   | 60         | 10000000 | 625000    | 156250   | 1048576 | 128   | 16   | worker   | 12        | 16  | increase  | desc        | asc        | 4          | 0.71     | 0.69                   | 6   | 10851,11026,11201,10857,11032,11207 | -0.02     | -2.82    |
| 8   | 60         | 10000000 | 625000    | 156250   | 1048576 | 128   | 16   | io_uring | 12        | 16  | decrease  | desc        | desc       | 2          | 0.56     | 0.54                   | 6   | 16619,16794,16969,16625,16800,16975 | -0.02     | -3.57    |
| 9   | 80         | 10000000 | 10000000  | 117648   | 16      | 32    | 1    | io_uring | 12        | 16  | increase  | asc         | asc        | 64         | 0.45     | 0.43                   | 6   | 18397,18600,18803,18403,18606,18809 | -0.02     | -4.44    |
| 9   | 80         | 10000000 | 10000000  | 117648   | 16      | 32    | 1    | io_uring | 12        | 16  | increase  | asc         | desc       | 2          | 0.32     | 0.3                    | 6   | 18971,19174,19377,18977,19180,19383 | -0.02     | -6.25    |
| 10  | 80         | 10000000 | 10000000  | 117648   | 16      | 32    | 1    | io_uring | 12        | 16  | increase  | desc        | asc        | 512        | 0.56     | 0.54                   | 6   | 20854,21057,21260,20860,21063,21266 | -0.02     | -3.57    |
| 10  | 80         | 10000000 | 10000000  | 117648   | 16      | 32    | 1    | io_uring | 12        | 16  | increase  | desc        | desc       | 64         | 0.37     | 0.35                   | 6   | 21442,21645,21848,21448,21651,21854 | -0.02     | -5.41    |
| 10  | 80         | 10000000 | 10000000  | 117648   | 16      | 32    | 1    | io_uring | 12        | 16  | increase  | desc        | desc       | 128        | 0.44     | 0.42                   | 6   | 21449,21652,21855,21455,21658,21861 | -0.02     | -4.55    |
| 11  | 80         | 10000000 | 10000000  | 117648   | 16      | 32    | 1    | io_uring | 12        | 16  | decrease  | asc         | asc        | 512        | 0.66     | 0.64                   | 6   | 23290,23493,23696,23296,23499,23702 | -0.02     | -3.03    |
| 11  | 80         | 10000000 | 10000000  | 117648   | 16      | 32    | 1    | io_uring | 12        | 16  | decrease  | asc         | desc       | 4          | 0.31     | 0.29                   | 6   | 23850,24053,24256,23856,24059,24262 | -0.02     | -6.45    |
| 12  | 80         | 10000000 | 10000000  | 117648   | 16      | 32    | 1    | io_uring | 12        | 16  | decrease  | desc        | desc       | 2          | 0.27     | 0.25                   | 6   | 26279,26482,26685,26285,26488,26691 | -0.02     | -7.41    |
| 13  | 80         | 10000000 | 2500000   | 117648   | 1048576 | 2     | 4    | io_uring | 12        | 16  | increase  | asc         | asc        | 16         | 1.1      | 1.08                   | 6   | 28043,28232,28421,28049,28238,28427 | -0.02     | -1.82    |
| 13  | 80         | 10000000 | 2500000   | 117648   | 1048576 | 2     | 4    | worker   | 12        | 16  | increase  | asc         | desc       | 16         | 1.01     | 0.99                   | 6   | 27476,27665,27854,27482,27671,27860 | -0.02     | -1.98    |
| 14  | 80         | 10000000 | 2500000   | 117648   | 1048576 | 2     | 4    | worker   | 12        | 16  | increase  | desc        | desc       | 2          | 0.33     | 0.31                   | 6   | 29723,29912,30101,29729,29918,30107 | -0.02     | -6.06    |
| 15  | 80         | 10000000 | 2500000   | 117648   | 1048576 | 2     | 4    | io_uring | 12        | 16  | decrease  | asc         | desc       | 2          | 0.34     | 0.32                   | 6   | 33125,33314,33503,33131,33320,33509 | -0.02     | -5.88    |
| 15  | 80         | 10000000 | 2500000   | 117648   | 1048576 | 2     | 4    | io_uring | 12        | 16  | decrease  | asc         | desc       | 4          | 0.45     | 0.43                   | 6   | 33132,33321,33510,33138,33327,33516 | -0.02     | -4.44    |
| 16  | 80         | 10000000 | 2500000   | 117648   | 1048576 | 2     | 4    | io_uring | 12        | 16  | decrease  | desc        | asc        | 8          | 0.67     | 0.65                   | 6   | 34840,35029,35218,34846,35035,35224 | -0.02     | -2.99    |
| 16  | 80         | 10000000 | 2500000   | 117648   | 1048576 | 2     | 4    | worker   | 12        | 16  | decrease  | desc        | asc        | 8          | 0.62     | 0.6                    | 6   | 33706,33895,34084,33712,33901,34090 | -0.02     | -3.23    |
| 9   | 80         | 10000000 | 10000000  | 117648   | 16      | 32    | 1    | io_uring | 12        | 16  | increase  | asc         | asc        | 65536      | 7.83     | 7.81                   | 6   | 18467,18670,18873,18473,18676,18879 | -0.02     | -0.26    |
| 5   | 60         | 10000000 | 625000    | 156250   | 1048576 | 128   | 16   | worker   | 12        | 16  | increase  | asc         | desc       | 2          | 0.57     | 0.54                   | 6   | 9269,9444,9619,9275,9450,9625       | -0.03     | -5.26    |
| 15  | 80         | 10000000 | 2500000   | 117648   | 1048576 | 2     | 4    | worker   | 12        | 16  | decrease  | asc         | asc        | 8          | 0.59     | 0.56                   | 6   | 31438,31627,31816,31444,31633,31822 | -0.03     | -5.08    |
| 9   | 80         | 10000000 | 10000000  | 117648   | 16      | 32    | 1    | io_uring | 12        | 16  | increase  | asc         | asc        | 4          | 0.31     | 0.28                   | 6   | 18369,18572,18775,18375,18578,18781 | -0.03     | -9.68    |
| 10  | 80         | 10000000 | 10000000  | 117648   | 16      | 32    | 1    | worker   | 12        | 16  | increase  | desc        | desc       | 1          | 0.3      | 0.27                   | 6   | 20182,20385,20588,20188,20391,20594 | -0.03     | -10.0    |
| 11  | 80         | 10000000 | 10000000  | 117648   | 16      | 32    | 1    | worker   | 12        | 16  | decrease  | asc         | desc       | 256        | 0.42     | 0.39                   | 6   | 22674,22877,23080,22680,22883,23086 | -0.03     | -7.14    |
| 12  | 80         | 10000000 | 10000000  | 117648   | 16      | 32    | 1    | io_uring | 12        | 16  | decrease  | desc        | asc        | 32         | 0.3      | 0.27                   | 6   | 25698,25901,26104,25704,25907,26110 | -0.03     | -10.0    |
| 14  | 80         | 10000000 | 2500000   | 117648   | 1048576 | 2     | 4    | worker   | 12        | 16  | increase  | desc        | desc       | 4          | 0.49     | 0.46                   | 6   | 29730,29919,30108,29736,29925,30114 | -0.03     | -6.12    |
| 3   | 80         | 10000000 | 1250000   | 117648   | 4       | 2048  | 8    | io_uring | 12        | 16  | decrease  | asc         | asc        | 8          | 1.18     | 1.15                   | 6   | 5482,5664,5846,5488,5670,5852       | -0.03     | -2.54    |
| 7   | 60         | 10000000 | 625000    | 156250   | 1048576 | 128   | 16   | worker   | 12        | 16  | decrease  | asc         | asc        | 8          | 1.37     | 1.34                   | 6   | 12958,13133,13308,12964,13139,13314 | -0.03     | -2.19    |
| 7   | 60         | 10000000 | 625000    | 156250   | 1048576 | 128   | 16   | worker   | 12        | 16  | decrease  | asc         | desc       | 2          | 0.51     | 0.48                   | 6   | 13469,13644,13819,13475,13650,13825 | -0.03     | -5.88    |
| 9   | 80         | 10000000 | 10000000  | 117648   | 16      | 32    | 1    | io_uring | 12        | 16  | increase  | asc         | desc       | 8          | 0.33     | 0.3                    | 6   | 18985,19188,19391,18991,19194,19397 | -0.03     | -9.09    |
| 10  | 80         | 10000000 | 10000000  | 117648   | 16      | 32    | 1    | io_uring | 12        | 16  | increase  | desc        | asc        | 4          | 0.33     | 0.3                    | 6   | 20805,21008,21211,20811,21014,21217 | -0.03     | -9.09    |
| 10  | 80         | 10000000 | 10000000  | 117648   | 16      | 32    | 1    | io_uring | 12        | 16  | increase  | desc        | asc        | 16         | 0.32     | 0.29                   | 6   | 20819,21022,21225,20825,21028,21231 | -0.03     | -9.38    |
| 12  | 80         | 10000000 | 10000000  | 117648   | 16      | 32    | 1    | worker   | 12        | 16  | decrease  | desc        | asc        | 512        | 0.6      | 0.57                   | 6   | 24508,24711,24914,24514,24717,24920 | -0.03     | -5.0     |
| 14  | 80         | 10000000 | 2500000   | 117648   | 1048576 | 2     | 4    | worker   | 12        | 16  | increase  | desc        | asc        | 2          | 0.32     | 0.29                   | 6   | 29156,29345,29534,29162,29351,29540 | -0.03     | -9.38    |
| 14  | 80         | 10000000 | 2500000   | 117648   | 1048576 | 2     | 4    | worker   | 12        | 16  | increase  | desc        | asc        | 16         | 0.98     | 0.95                   | 6   | 29177,29366,29555,29183,29372,29561 | -0.03     | -3.06    |
| 15  | 80         | 10000000 | 2500000   | 117648   | 1048576 | 2     | 4    | io_uring | 12        | 16  | decrease  | asc         | asc        | 32         | 2.0      | 1.97                   | 6   | 32586,32775,32964,32592,32781,32970 | -0.03     | -1.5     |
| 15  | 80         | 10000000 | 2500000   | 117648   | 1048576 | 2     | 4    | worker   | 12        | 16  | decrease  | asc         | asc        | 1          | 0.28     | 0.25                   | 6   | 31417,31606,31795,31423,31612,31801 | -0.03     | -10.71   |
| 17  | 20         | 10000000 | 2500000   | 476191   | 4194304 | 128   | 4    | io_uring | 12        | 16  | increase  | asc         | asc        | 1          | 0.45     | 0.42                   | 6   | 37087,37276,37465,37093,37282,37471 | -0.03     | -6.67    |
| 1   | 80         | 10000000 | 1250000   | 117648   | 4       | 2048  | 8    | io_uring | 12        | 16  | increase  | asc         | asc        | 1          | 0.6      | 0.56                   | 6   | 1093,1275,1457,1099,1281,1463       | -0.04     | -6.67    |
| 5   | 60         | 10000000 | 625000    | 156250   | 1048576 | 128   | 16   | io_uring | 12        | 16  | increase  | asc         | desc       | 1          | 0.48     | 0.44                   | 6   | 10312,10487,10662,10318,10493,10668 | -0.04     | -8.33    |
| 7   | 60         | 10000000 | 625000    | 156250   | 1048576 | 128   | 16   | io_uring | 12        | 16  | decrease  | asc         | asc        | 1          | 0.47     | 0.43                   | 6   | 13987,14162,14337,13993,14168,14343 | -0.04     | -8.51    |
| 10  | 80         | 10000000 | 10000000  | 117648   | 16      | 32    | 1    | io_uring | 12        | 16  | increase  | desc        | asc        | 8          | 0.29     | 0.25                   | 6   | 20812,21015,21218,20818,21021,21224 | -0.04     | -13.79   |
| 10  | 80         | 10000000 | 10000000  | 117648   | 16      | 32    | 1    | worker   | 12        | 16  | increase  | desc        | desc       | 4          | 0.31     | 0.27                   | 6   | 20196,20399,20602,20202,20405,20608 | -0.04     | -12.9    |
| 11  | 80         | 10000000 | 10000000  | 117648   | 16      | 32    | 1    | io_uring | 12        | 16  | decrease  | asc         | asc        | 2          | 0.31     | 0.27                   | 6   | 23234,23437,23640,23240,23443,23646 | -0.04     | -12.9    |
| 12  | 80         | 10000000 | 10000000  | 117648   | 16      | 32    | 1    | worker   | 12        | 16  | decrease  | desc        | desc       | 2          | 0.3      | 0.26                   | 6   | 25061,25264,25467,25067,25270,25473 | -0.04     | -13.33   |
| 13  | 80         | 10000000 | 2500000   | 117648   | 1048576 | 2     | 4    | worker   | 12        | 16  | increase  | asc         | asc        | 1          | 0.29     | 0.25                   | 6   | 26881,27070,27259,26887,27076,27265 | -0.04     | -13.79   |
| 14  | 80         | 10000000 | 2500000   | 117648   | 1048576 | 2     | 4    | io_uring | 12        | 16  | increase  | desc        | asc        | 4          | 0.49     | 0.45                   | 6   | 30297,30486,30675,30303,30492,30681 | -0.04     | -8.16    |
| 16  | 80         | 10000000 | 2500000   | 117648   | 1048576 | 2     | 4    | worker   | 12        | 16  | decrease  | desc        | desc       | 1          | 0.31     | 0.27                   | 6   | 34252,34441,34630,34258,34447,34636 | -0.04     | -12.9    |
| 10  | 80         | 10000000 | 10000000  | 117648   | 16      | 32    | 1    | io_uring | 12        | 16  | increase  | desc        | desc       | 2          | 0.25     | 0.21                   | 6   | 21407,21610,21813,21413,21616,21819 | -0.04     | -16.0    |
| 1   | 80         | 10000000 | 1250000   | 117648   | 4       | 2048  | 8    | io_uring | 12        | 16  | increase  | asc         | desc       | 4          | 1.08     | 1.04                   | 6   | 1653,1835,2017,1659,1841,2023       | -0.04     | -3.7     |
| 4   | 80         | 10000000 | 1250000   | 117648   | 4       | 2048  | 8    | worker   | 12        | 16  | decrease  | desc        | desc       | 2          | 0.74     | 0.7                    | 6   | 7106,7288,7470,7112,7294,7476       | -0.04     | -5.41    |
| 7   | 60         | 10000000 | 625000    | 156250   | 1048576 | 128   | 16   | io_uring | 12        | 16  | decrease  | asc         | asc        | 2          | 0.55     | 0.51                   | 6   | 13994,14169,14344,14000,14175,14350 | -0.04     | -7.27    |
| 7   | 60         | 10000000 | 625000    | 156250   | 1048576 | 128   | 16   | io_uring | 12        | 16  | decrease  | asc         | desc       | 16         | 2.6      | 2.56                   | 6   | 14540,14715,14890,14546,14721,14896 | -0.04     | -1.54    |
| 7   | 60         | 10000000 | 625000    | 156250   | 1048576 | 128   | 16   | worker   | 12        | 16  | decrease  | asc         | desc       | 4          | 0.76     | 0.72                   | 6   | 13476,13651,13826,13482,13657,13832 | -0.04     | -5.26    |
| 9   | 80         | 10000000 | 10000000  | 117648   | 16      | 32    | 1    | worker   | 12        | 16  | increase  | asc         | desc       | 8          | 0.34     | 0.3                    | 6   | 17767,17970,18173,17773,17976,18179 | -0.04     | -11.76   |
| 10  | 80         | 10000000 | 10000000  | 117648   | 16      | 32    | 1    | io_uring | 12        | 16  | increase  | desc        | asc        | 1          | 0.34     | 0.3                    | 6   | 20791,20994,21197,20797,21000,21203 | -0.04     | -11.76   |
| 10  | 80         | 10000000 | 10000000  | 117648   | 16      | 32    | 1    | io_uring | 12        | 16  | increase  | desc        | desc       | 1024       | 1.18     | 1.14                   | 6   | 21470,21673,21876,21476,21679,21882 | -0.04     | -3.39    |
| 11  | 80         | 10000000 | 10000000  | 117648   | 16      | 32    | 1    | io_uring | 12        | 16  | decrease  | asc         | asc        | 8          | 0.34     | 0.3                    | 6   | 23248,23451,23654,23254,23457,23660 | -0.04     | -11.76   |
| 11  | 80         | 10000000 | 10000000  | 117648   | 16      | 32    | 1    | io_uring | 12        | 16  | decrease  | asc         | desc       | 8192       | 2.63     | 2.59                   | 6   | 23927,24130,24333,23933,24136,24339 | -0.04     | -1.52    |
| 11  | 80         | 10000000 | 10000000  | 117648   | 16      | 32    | 1    | worker   | 12        | 16  | decrease  | asc         | asc        | 1          | 0.28     | 0.24                   | 6   | 22009,22212,22415,22015,22218,22421 | -0.04     | -14.29   |
| 13  | 80         | 10000000 | 2500000   | 117648   | 1048576 | 2     | 4    | io_uring | 12        | 16  | increase  | asc         | desc       | 16         | 1.09     | 1.05                   | 6   | 28610,28799,28988,28616,28805,28994 | -0.04     | -3.67    |
| 16  | 80         | 10000000 | 2500000   | 117648   | 1048576 | 2     | 4    | io_uring | 12        | 16  | decrease  | desc        | asc        | 4          | 0.46     | 0.42                   | 6   | 34833,35022,35211,34839,35028,35217 | -0.04     | -8.7     |
| 17  | 20         | 10000000 | 2500000   | 476191   | 4194304 | 128   | 4    | worker   | 12        | 16  | increase  | asc         | desc       | 4          | 1.04     | 1.0                    | 6   | 36534,36723,36912,36540,36729,36918 | -0.04     | -3.85    |
| 4   | 80         | 10000000 | 1250000   | 117648   | 4       | 2048  | 8    | worker   | 12        | 16  | decrease  | desc        | desc       | 16         | 1.15     | 1.1                    | 6   | 7127,7309,7491,7133,7315,7497       | -0.05     | -4.35    |
| 5   | 60         | 10000000 | 625000    | 156250   | 1048576 | 128   | 16   | io_uring | 12        | 16  | increase  | asc         | asc        | 16         | 2.69     | 2.64                   | 6   | 9815,9990,10165,9821,9996,10171     | -0.05     | -1.86    |
| 6   | 60         | 10000000 | 625000    | 156250   | 1048576 | 128   | 16   | worker   | 12        | 16  | increase  | desc        | desc       | 8          | 1.41     | 1.36                   | 6   | 11383,11558,11733,11389,11564,11739 | -0.05     | -3.55    |
| 8   | 60         | 10000000 | 625000    | 156250   | 1048576 | 128   | 16   | worker   | 12        | 16  | decrease  | desc        | desc       | 16         | 2.38     | 2.33                   | 6   | 15590,15765,15940,15596,15771,15946 | -0.05     | -2.1     |
| 6   | 60         | 10000000 | 625000    | 156250   | 1048576 | 128   | 16   | io_uring | 12        | 16  | increase  | desc        | desc       | 2          | 0.58     | 0.53                   | 6   | 12419,12594,12769,12425,12600,12775 | -0.05     | -8.62    |
| 8   | 60         | 10000000 | 625000    | 156250   | 1048576 | 128   | 16   | io_uring | 12        | 16  | decrease  | desc        | asc        | 4          | 0.83     | 0.78                   | 6   | 16101,16276,16451,16107,16282,16457 | -0.05     | -6.02    |
| 9   | 80         | 10000000 | 10000000  | 117648   | 16      | 32    | 1    | io_uring | 12        | 16  | increase  | asc         | asc        | 512        | 0.61     | 0.56                   | 6   | 18418,18621,18824,18424,18627,18830 | -0.05     | -8.2     |
| 12  | 80         | 10000000 | 10000000  | 117648   | 16      | 32    | 1    | io_uring | 12        | 16  | decrease  | desc        | desc       | 512        | 0.57     | 0.52                   | 6   | 26335,26538,26741,26341,26544,26747 | -0.05     | -8.77    |
| 14  | 80         | 10000000 | 2500000   | 117648   | 1048576 | 2     | 4    | io_uring | 12        | 16  | increase  | desc        | desc       | 8          | 0.69     | 0.64                   | 6   | 30871,31060,31249,30877,31066,31255 | -0.05     | -7.25    |
| 5   | 60         | 10000000 | 625000    | 156250   | 1048576 | 128   | 16   | worker   | 12        | 16  | increase  | asc         | asc        | 1          | 0.41     | 0.36                   | 6   | 8737,8912,9087,8743,8918,9093       | -0.05     | -12.2    |
| 6   | 60         | 10000000 | 625000    | 156250   | 1048576 | 128   | 16   | worker   | 12        | 16  | increase  | desc        | desc       | 1          | 0.45     | 0.4                    | 6   | 11362,11537,11712,11368,11543,11718 | -0.05     | -11.11   |
| 11  | 80         | 10000000 | 10000000  | 117648   | 16      | 32    | 1    | io_uring | 12        | 16  | decrease  | asc         | asc        | 16         | 0.32     | 0.27                   | 6   | 23255,23458,23661,23261,23464,23667 | -0.05     | -15.62   |
| 11  | 80         | 10000000 | 10000000  | 117648   | 16      | 32    | 1    | worker   | 12        | 16  | decrease  | asc         | desc       | 64         | 0.36     | 0.31                   | 6   | 22660,22863,23066,22666,22869,23072 | -0.05     | -13.89   |
| 12  | 80         | 10000000 | 10000000  | 117648   | 16      | 32    | 1    | io_uring | 12        | 16  | decrease  | desc        | asc        | 128        | 0.38     | 0.33                   | 6   | 25712,25915,26118,25718,25921,26124 | -0.05     | -13.16   |
| 12  | 80         | 10000000 | 10000000  | 117648   | 16      | 32    | 1    | io_uring | 12        | 16  | decrease  | desc        | desc       | 32         | 0.39     | 0.34                   | 6   | 26307,26510,26713,26313,26516,26719 | -0.05     | -12.82   |
| 12  | 80         | 10000000 | 10000000  | 117648   | 16      | 32    | 1    | worker   | 12        | 16  | decrease  | desc        | desc       | 1          | 0.31     | 0.26                   | 6   | 25054,25257,25460,25060,25263,25466 | -0.05     | -16.13   |
| 14  | 80         | 10000000 | 2500000   | 117648   | 1048576 | 2     | 4    | worker   | 12        | 16  | increase  | desc        | desc       | 1          | 0.32     | 0.27                   | 6   | 29716,29905,30094,29722,29911,30100 | -0.05     | -15.62   |
| 15  | 80         | 10000000 | 2500000   | 117648   | 1048576 | 2     | 4    | worker   | 12        | 16  | decrease  | asc         | desc       | 1          | 0.3      | 0.25                   | 6   | 31984,32173,32362,31990,32179,32368 | -0.05     | -16.67   |
| 16  | 80         | 10000000 | 2500000   | 117648   | 1048576 | 2     | 4    | worker   | 12        | 16  | decrease  | desc        | asc        | 1          | 0.28     | 0.23                   | 6   | 33685,33874,34063,33691,33880,34069 | -0.05     | -17.86   |
| 1   | 80         | 10000000 | 1250000   | 117648   | 4       | 2048  | 8    | worker   | 12        | 16  | increase  | asc         | asc        | 8          | 1.27     | 1.22                   | 6   | 22,204,386,28,210,392               | -0.05     | -3.94    |
| 2   | 80         | 10000000 | 1250000   | 117648   | 4       | 2048  | 8    | worker   | 12        | 16  | increase  | desc        | asc        | 4          | 1.08     | 1.03                   | 6   | 2199,2381,2563,2205,2387,2569       | -0.05     | -4.63    |
| 3   | 80         | 10000000 | 1250000   | 117648   | 4       | 2048  | 8    | io_uring | 12        | 16  | decrease  | asc         | asc        | 16         | 1.37     | 1.32                   | 6   | 5489,5671,5853,5495,5677,5859       | -0.05     | -3.65    |
| 11  | 80         | 10000000 | 10000000  | 117648   | 16      | 32    | 1    | worker   | 12        | 16  | decrease  | asc         | asc        | 512        | 0.62     | 0.57                   | 6   | 22072,22275,22478,22078,22281,22484 | -0.05     | -8.06    |
| 15  | 80         | 10000000 | 2500000   | 117648   | 1048576 | 2     | 4    | worker   | 12        | 16  | decrease  | asc         | asc        | 16         | 1.0      | 0.95                   | 6   | 31445,31634,31823,31451,31640,31829 | -0.05     | -5.0     |
| 16  | 80         | 10000000 | 2500000   | 117648   | 1048576 | 2     | 4    | worker   | 12        | 16  | decrease  | desc        | desc       | 8          | 0.65     | 0.6                    | 6   | 34273,34462,34651,34279,34468,34657 | -0.05     | -7.69    |
| 18  | 20         | 10000000 | 2500000   | 476191   | 4194304 | 128   | 4    | worker   | 12        | 16  | increase  | desc        | asc        | 4          | 0.79     | 0.74                   | 6   | 38235,38424,38613,38241,38430,38619 | -0.05     | -6.33    |
| 17  | 20         | 10000000 | 2500000   | 476191   | 4194304 | 128   | 4    | io_uring | 12        | 16  | increase  | asc         | desc       | 8          | 1.66     | 1.6                    | 6   | 37675,37864,38053,37681,37870,38059 | -0.06     | -3.61    |
| 6   | 60         | 10000000 | 625000    | 156250   | 1048576 | 128   | 16   | worker   | 12        | 16  | increase  | desc        | desc       | 2          | 0.57     | 0.51                   | 6   | 11369,11544,11719,11375,11550,11725 | -0.06     | -10.53   |
| 13  | 80         | 10000000 | 2500000   | 117648   | 1048576 | 2     | 4    | worker   | 12        | 16  | increase  | asc         | asc        | 8          | 0.62     | 0.56                   | 6   | 26902,27091,27280,26908,27097,27286 | -0.06     | -9.68    |
| 17  | 20         | 10000000 | 2500000   | 476191   | 4194304 | 128   | 4    | worker   | 12        | 16  | increase  | asc         | desc       | 2          | 0.62     | 0.56                   | 6   | 36527,36716,36905,36533,36722,36911 | -0.06     | -9.68    |
| 6   | 60         | 10000000 | 625000    | 156250   | 1048576 | 128   | 16   | worker   | 12        | 16  | increase  | desc        | asc        | 1          | 0.45     | 0.39                   | 6   | 10837,11012,11187,10843,11018,11193 | -0.06     | -13.33   |
| 7   | 60         | 10000000 | 625000    | 156250   | 1048576 | 128   | 16   | worker   | 12        | 16  | decrease  | asc         | desc       | 1          | 0.44     | 0.38                   | 6   | 13462,13637,13812,13468,13643,13818 | -0.06     | -13.64   |
| 10  | 80         | 10000000 | 10000000  | 117648   | 16      | 32    | 1    | worker   | 12        | 16  | increase  | desc        | asc        | 64         | 0.32     | 0.26                   | 6   | 19615,19818,20021,19621,19824,20027 | -0.06     | -18.75   |
| 11  | 80         | 10000000 | 10000000  | 117648   | 16      | 32    | 1    | io_uring | 12        | 16  | decrease  | asc         | desc       | 1          | 0.33     | 0.27                   | 6   | 23836,24039,24242,23842,24045,24248 | -0.06     | -18.18   |
| 12  | 80         | 10000000 | 10000000  | 117648   | 16      | 32    | 1    | io_uring | 12        | 16  | decrease  | desc        | asc        | 256        | 0.48     | 0.42                   | 6   | 25719,25922,26125,25725,25928,26131 | -0.06     | -12.5    |
| 12  | 80         | 10000000 | 10000000  | 117648   | 16      | 32    | 1    | io_uring | 12        | 16  | decrease  | desc        | desc       | 1          | 0.3      | 0.24                   | 6   | 26272,26475,26678,26278,26481,26684 | -0.06     | -20.0    |
| 16  | 80         | 10000000 | 2500000   | 117648   | 1048576 | 2     | 4    | io_uring | 12        | 16  | decrease  | desc        | desc       | 1          | 0.34     | 0.28                   | 6   | 35386,35575,35764,35392,35581,35770 | -0.06     | -17.65   |
| 5   | 60         | 10000000 | 625000    | 156250   | 1048576 | 128   | 16   | io_uring | 12        | 16  | increase  | asc         | asc        | 4          | 0.9      | 0.84                   | 6   | 9801,9976,10151,9807,9982,10157     | -0.06     | -6.67    |
| 1   | 80         | 10000000 | 1250000   | 117648   | 4       | 2048  | 8    | io_uring | 12        | 16  | increase  | asc         | desc       | 1          | 0.7      | 0.63                   | 6   | 1639,1821,2003,1645,1827,2009       | -0.07     | -10.0    |
| 4   | 80         | 10000000 | 1250000   | 117648   | 4       | 2048  | 8    | worker   | 12        | 16  | decrease  | desc        | desc       | 1          | 0.57     | 0.5                    | 6   | 7099,7281,7463,7105,7287,7469       | -0.07     | -12.28   |
| 5   | 60         | 10000000 | 625000    | 156250   | 1048576 | 128   | 16   | io_uring | 12        | 16  | increase  | asc         | asc        | 1          | 0.45     | 0.38                   | 6   | 9787,9962,10137,9793,9968,10143     | -0.07     | -15.56   |
| 6   | 60         | 10000000 | 625000    | 156250   | 1048576 | 128   | 16   | io_uring | 12        | 16  | increase  | desc        | asc        | 1          | 0.46     | 0.39                   | 6   | 11887,12062,12237,11893,12068,12243 | -0.07     | -15.22   |
| 8   | 60         | 10000000 | 625000    | 156250   | 1048576 | 128   | 16   | io_uring | 12        | 16  | decrease  | desc        | desc       | 1          | 0.51     | 0.44                   | 6   | 16612,16787,16962,16618,16793,16968 | -0.07     | -13.73   |
| 9   | 80         | 10000000 | 10000000  | 117648   | 16      | 32    | 1    | io_uring | 12        | 16  | increase  | asc         | asc        | 256        | 0.48     | 0.41                   | 6   | 18411,18614,18817,18417,18620,18823 | -0.07     | -14.58   |
| 9   | 80         | 10000000 | 10000000  | 117648   | 16      | 32    | 1    | worker   | 12        | 16  | increase  | asc         | desc       | 64         | 0.38     | 0.31                   | 6   | 17788,17991,18194,17794,17997,18200 | -0.07     | -18.42   |
| 10  | 80         | 10000000 | 10000000  | 117648   | 16      | 32    | 1    | io_uring | 12        | 16  | increase  | desc        | asc        | 128        | 0.42     | 0.35                   | 6   | 20840,21043,21246,20846,21049,21252 | -0.07     | -16.67   |
| 11  | 80         | 10000000 | 10000000  | 117648   | 16      | 32    | 1    | io_uring | 12        | 16  | decrease  | asc         | asc        | 256        | 0.53     | 0.46                   | 6   | 23283,23486,23689,23289,23492,23695 | -0.07     | -13.21   |
| 13  | 80         | 10000000 | 2500000   | 117648   | 1048576 | 2     | 4    | worker   | 12        | 16  | increase  | asc         | desc       | 1          | 0.34     | 0.27                   | 6   | 27448,27637,27826,27454,27643,27832 | -0.07     | -20.59   |
| 14  | 80         | 10000000 | 2500000   | 117648   | 1048576 | 2     | 4    | worker   | 12        | 16  | increase  | desc        | asc        | 1          | 0.32     | 0.25                   | 6   | 29149,29338,29527,29155,29344,29533 | -0.07     | -21.88   |
| 17  | 20         | 10000000 | 2500000   | 476191   | 4194304 | 128   | 4    | worker   | 12        | 16  | increase  | asc         | asc        | 1          | 0.43     | 0.36                   | 6   | 35953,36142,36331,35959,36148,36337 | -0.07     | -16.28   |
| 3   | 80         | 10000000 | 1250000   | 117648   | 4       | 2048  | 8    | worker   | 12        | 16  | decrease  | asc         | asc        | 1          | 0.55     | 0.48                   | 6   | 4369,4551,4733,4375,4557,4739       | -0.07     | -12.73   |
| 4   | 80         | 10000000 | 1250000   | 117648   | 4       | 2048  | 8    | io_uring | 12        | 16  | decrease  | desc        | desc       | 8          | 1.34     | 1.27                   | 6   | 8212,8394,8576,8218,8400,8582       | -0.07     | -5.22    |
| 4   | 80         | 10000000 | 1250000   | 117648   | 4       | 2048  | 8    | worker   | 12        | 16  | decrease  | desc        | asc        | 2          | 0.79     | 0.72                   | 6   | 6560,6742,6924,6566,6748,6930       | -0.07     | -8.86    |
| 6   | 60         | 10000000 | 625000    | 156250   | 1048576 | 128   | 16   | io_uring | 12        | 16  | increase  | desc        | desc       | 4          | 1.01     | 0.94                   | 6   | 12426,12601,12776,12432,12607,12782 | -0.07     | -6.93    |
| 6   | 60         | 10000000 | 625000    | 156250   | 1048576 | 128   | 16   | worker   | 12        | 16  | increase  | desc        | desc       | 4          | 0.91     | 0.84                   | 6   | 11376,11551,11726,11382,11557,11732 | -0.07     | -7.69    |
| 14  | 80         | 10000000 | 2500000   | 117648   | 1048576 | 2     | 4    | io_uring | 12        | 16  | increase  | desc        | asc        | 16         | 1.23     | 1.16                   | 6   | 30311,30500,30689,30317,30506,30695 | -0.07     | -5.69    |
| 15  | 80         | 10000000 | 2500000   | 117648   | 1048576 | 2     | 4    | io_uring | 12        | 16  | decrease  | asc         | desc       | 16         | 1.12     | 1.05                   | 6   | 33146,33335,33524,33152,33341,33530 | -0.07     | -6.25    |
| 18  | 20         | 10000000 | 2500000   | 476191   | 4194304 | 128   | 4    | worker   | 12        | 16  | increase  | desc        | asc        | 2          | 0.55     | 0.48                   | 6   | 38228,38417,38606,38234,38423,38612 | -0.07     | -12.73   |
| 15  | 80         | 10000000 | 2500000   | 117648   | 1048576 | 2     | 4    | io_uring | 12        | 16  | decrease  | asc         | asc        | 16         | 1.17     | 1.09                   | 6   | 32579,32768,32957,32585,32774,32963 | -0.08     | -6.84    |
| 1   | 80         | 10000000 | 1250000   | 117648   | 4       | 2048  | 8    | worker   | 12        | 16  | increase  | asc         | desc       | 1          | 0.73     | 0.65                   | 6   | 547,729,911,553,735,917             | -0.08     | -10.96   |
| 8   | 60         | 10000000 | 625000    | 156250   | 1048576 | 128   | 16   | worker   | 12        | 16  | decrease  | desc        | asc        | 1          | 0.42     | 0.34                   | 6   | 15037,15212,15387,15043,15218,15393 | -0.08     | -19.05   |
| 14  | 80         | 10000000 | 2500000   | 117648   | 1048576 | 2     | 4    | io_uring | 12        | 16  | increase  | desc        | desc       | 1          | 0.35     | 0.27                   | 6   | 30850,31039,31228,30856,31045,31234 | -0.08     | -22.86   |
| 11  | 80         | 10000000 | 10000000  | 117648   | 16      | 32    | 1    | worker   | 12        | 16  | decrease  | asc         | desc       | 16         | 0.3      | 0.22                   | 6   | 22646,22849,23052,22652,22855,23058 | -0.08     | -26.67   |
| 8   | 60         | 10000000 | 625000    | 156250   | 1048576 | 128   | 16   | worker   | 12        | 16  | decrease  | desc        | desc       | 1          | 0.44     | 0.36                   | 6   | 15562,15737,15912,15568,15743,15918 | -0.08     | -18.18   |
| 11  | 80         | 10000000 | 10000000  | 117648   | 16      | 32    | 1    | worker   | 12        | 16  | decrease  | asc         | desc       | 1          | 0.33     | 0.25                   | 6   | 22618,22821,23024,22624,22827,23030 | -0.08     | -24.24   |
| 12  | 80         | 10000000 | 10000000  | 117648   | 16      | 32    | 1    | io_uring | 12        | 16  | decrease  | desc        | asc        | 2          | 0.32     | 0.24                   | 6   | 25670,25873,26076,25676,25879,26082 | -0.08     | -25.0    |
| 17  | 20         | 10000000 | 2500000   | 476191   | 4194304 | 128   | 4    | io_uring | 12        | 16  | increase  | asc         | desc       | 1          | 0.44     | 0.36                   | 6   | 37654,37843,38032,37660,37849,38038 | -0.08     | -18.18   |
| 3   | 80         | 10000000 | 1250000   | 117648   | 4       | 2048  | 8    | io_uring | 12        | 16  | decrease  | asc         | desc       | 512        | 3.17     | 3.09                   | 6   | 6070,6252,6434,6076,6258,6440       | -0.08     | -2.52    |
| 3   | 80         | 10000000 | 1250000   | 117648   | 4       | 2048  | 8    | worker   | 12        | 16  | decrease  | asc         | asc        | 64         | 1.77     | 1.69                   | 6   | 4411,4593,4775,4417,4599,4781       | -0.08     | -4.52    |
| 6   | 60         | 10000000 | 625000    | 156250   | 1048576 | 128   | 16   | io_uring | 12        | 16  | increase  | desc        | asc        | 8          | 1.5      | 1.42                   | 6   | 11908,12083,12258,11914,12089,12264 | -0.08     | -5.33    |
| 10  | 80         | 10000000 | 10000000  | 117648   | 16      | 32    | 1    | io_uring | 12        | 16  | increase  | desc        | desc       | 2048       | 1.79     | 1.71                   | 6   | 21477,21680,21883,21483,21686,21889 | -0.08     | -4.47    |
| 11  | 80         | 10000000 | 10000000  | 117648   | 16      | 32    | 1    | io_uring | 12        | 16  | decrease  | asc         | asc        | 2048       | 1.49     | 1.41                   | 6   | 23304,23507,23710,23310,23513,23716 | -0.08     | -5.37    |
| 18  | 20         | 10000000 | 2500000   | 476191   | 4194304 | 128   | 4    | worker   | 12        | 16  | increase  | desc        | desc       | 16         | 3.29     | 3.21                   | 4   | 38816,39005,38822,39011             | -0.08     | -2.43    |
| 5   | 60         | 10000000 | 625000    | 156250   | 1048576 | 128   | 16   | worker   | 12        | 16  | increase  | asc         | desc       | 8          | 1.39     | 1.3                    | 6   | 9283,9458,9633,9289,9464,9639       | -0.09     | -6.47    |
| 17  | 20         | 10000000 | 2500000   | 476191   | 4194304 | 128   | 4    | io_uring | 12        | 16  | increase  | asc         | asc        | 4          | 1.13     | 1.04                   | 6   | 37101,37290,37479,37107,37296,37485 | -0.09     | -7.96    |
| 2   | 80         | 10000000 | 1250000   | 117648   | 4       | 2048  | 8    | io_uring | 12        | 16  | increase  | desc        | asc        | 1          | 0.72     | 0.63                   | 6   | 3277,3459,3641,3283,3465,3647       | -0.09     | -12.5    |
| 2   | 80         | 10000000 | 1250000   | 117648   | 4       | 2048  | 8    | worker   | 12        | 16  | increase  | desc        | asc        | 1          | 0.58     | 0.49                   | 6   | 2185,2367,2549,2191,2373,2555       | -0.09     | -15.52   |
| 3   | 80         | 10000000 | 1250000   | 117648   | 4       | 2048  | 8    | worker   | 12        | 16  | decrease  | asc         | desc       | 1          | 0.61     | 0.52                   | 6   | 4915,5097,5279,4921,5103,5285       | -0.09     | -14.75   |
| 11  | 80         | 10000000 | 10000000  | 117648   | 16      | 32    | 1    | io_uring | 12        | 16  | decrease  | asc         | asc        | 1          | 0.36     | 0.27                   | 6   | 23227,23430,23633,23233,23436,23639 | -0.09     | -25.0    |
| 9   | 80         | 10000000 | 10000000  | 117648   | 16      | 32    | 1    | io_uring | 12        | 16  | increase  | asc         | asc        | 8          | 0.34     | 0.25                   | 6   | 18376,18579,18782,18382,18585,18788 | -0.09     | -26.47   |
| 10  | 80         | 10000000 | 10000000  | 117648   | 16      | 32    | 1    | worker   | 12        | 16  | increase  | desc        | desc       | 128        | 0.45     | 0.36                   | 6   | 20231,20434,20637,20237,20440,20643 | -0.09     | -20.0    |
| 17  | 20         | 10000000 | 2500000   | 476191   | 4194304 | 128   | 4    | worker   | 12        | 16  | increase  | asc         | desc       | 1          | 0.45     | 0.36                   | 6   | 36520,36709,36898,36526,36715,36904 | -0.09     | -20.0    |
| 18  | 20         | 10000000 | 2500000   | 476191   | 4194304 | 128   | 4    | worker   | 12        | 16  | increase  | desc        | desc       | 1          | 0.51     | 0.42                   | 4   | 38788,38977,38794,38983             | -0.09     | -17.65   |
| 5   | 60         | 10000000 | 625000    | 156250   | 1048576 | 128   | 16   | worker   | 12        | 16  | increase  | asc         | desc       | 4          | 0.91     | 0.82                   | 6   | 9276,9451,9626,9282,9457,9632       | -0.09     | -9.89    |
| 13  | 80         | 10000000 | 2500000   | 117648   | 1048576 | 2     | 4    | worker   | 12        | 16  | increase  | asc         | desc       | 32         | 1.77     | 1.68                   | 6   | 27483,27672,27861,27489,27678,27867 | -0.09     | -5.08    |
| 1   | 80         | 10000000 | 1250000   | 117648   | 4       | 2048  | 8    | worker   | 12        | 16  | increase  | asc         | desc       | 256        | 3.32     | 3.22                   | 6   | 603,785,967,609,791,973             | -0.1      | -3.01    |
| 4   | 80         | 10000000 | 1250000   | 117648   | 4       | 2048  | 8    | io_uring | 12        | 16  | decrease  | desc        | desc       | 256        | 1.89     | 1.79                   | 6   | 8247,8429,8611,8253,8435,8617       | -0.1      | -5.29    |
| 4   | 80         | 10000000 | 1250000   | 117648   | 4       | 2048  | 8    | worker   | 12        | 16  | decrease  | desc        | asc        | 1          | 0.6      | 0.5                    | 6   | 6553,6735,6917,6559,6741,6923       | -0.1      | -16.67   |
| 10  | 80         | 10000000 | 10000000  | 117648   | 16      | 32    | 1    | io_uring | 12        | 16  | increase  | desc        | desc       | 1          | 0.37     | 0.27                   | 6   | 21400,21603,21806,21406,21609,21812 | -0.1      | -27.03   |
| 13  | 80         | 10000000 | 2500000   | 117648   | 1048576 | 2     | 4    | io_uring | 12        | 16  | increase  | asc         | desc       | 1          | 0.37     | 0.27                   | 6   | 28582,28771,28960,28588,28777,28966 | -0.1      | -27.03   |
| 15  | 80         | 10000000 | 2500000   | 117648   | 1048576 | 2     | 4    | io_uring | 12        | 16  | decrease  | asc         | desc       | 1          | 0.37     | 0.27                   | 6   | 33118,33307,33496,33124,33313,33502 | -0.1      | -27.03   |
| 18  | 20         | 10000000 | 2500000   | 476191   | 4194304 | 128   | 4    | worker   | 12        | 16  | increase  | desc        | asc        | 1          | 0.42     | 0.32                   | 6   | 38221,38410,38599,38227,38416,38605 | -0.1      | -23.81   |
| 18  | 20         | 10000000 | 2500000   | 476191   | 4194304 | 128   | 4    | worker   | 12        | 16  | increase  | desc        | desc       | 4          | 0.91     | 0.81                   | 4   | 38802,38991,38808,38997             | -0.1      | -10.99   |
| 12  | 80         | 10000000 | 10000000  | 117648   | 16      | 32    | 1    | worker   | 12        | 16  | decrease  | desc        | desc       | 8          | 0.32     | 0.22                   | 6   | 25075,25278,25481,25081,25284,25487 | -0.1      | -31.25   |
| 8   | 60         | 10000000 | 625000    | 156250   | 1048576 | 128   | 16   | worker   | 12        | 16  | decrease  | desc        | asc        | 8          | 1.23     | 1.13                   | 6   | 15058,15233,15408,15064,15239,15414 | -0.1      | -8.13    |
| 14  | 80         | 10000000 | 2500000   | 117648   | 1048576 | 2     | 4    | io_uring | 12        | 16  | increase  | desc        | desc       | 16         | 1.21     | 1.1                    | 6   | 30878,31067,31256,30884,31073,31262 | -0.11     | -9.09    |
| 1   | 80         | 10000000 | 1250000   | 117648   | 4       | 2048  | 8    | worker   | 12        | 16  | increase  | asc         | asc        | 2          | 0.73     | 0.62                   | 6   | 8,190,372,14,196,378                | -0.11     | -15.07   |
| 2   | 80         | 10000000 | 1250000   | 117648   | 4       | 2048  | 8    | worker   | 12        | 16  | increase  | desc        | desc       | 1          | 0.66     | 0.55                   | 6   | 2731,2913,3095,2737,2919,3101       | -0.11     | -16.67   |
| 8   | 60         | 10000000 | 625000    | 156250   | 1048576 | 128   | 16   | io_uring | 12        | 16  | decrease  | desc        | asc        | 1          | 0.51     | 0.4                    | 6   | 16087,16262,16437,16093,16268,16443 | -0.11     | -21.57   |
| 12  | 80         | 10000000 | 10000000  | 117648   | 16      | 32    | 1    | io_uring | 12        | 16  | decrease  | desc        | asc        | 512        | 0.71     | 0.6                    | 6   | 25726,25929,26132,25732,25935,26138 | -0.11     | -15.49   |
| 13  | 80         | 10000000 | 2500000   | 117648   | 1048576 | 2     | 4    | worker   | 12        | 16  | increase  | asc         | asc        | 16         | 1.0      | 0.89                   | 6   | 26909,27098,27287,26915,27104,27293 | -0.11     | -11.0    |
| 15  | 80         | 10000000 | 2500000   | 117648   | 1048576 | 2     | 4    | io_uring | 12        | 16  | decrease  | asc         | asc        | 1          | 0.37     | 0.26                   | 6   | 32551,32740,32929,32557,32746,32935 | -0.11     | -29.73   |
| 2   | 80         | 10000000 | 1250000   | 117648   | 4       | 2048  | 8    | io_uring | 12        | 16  | increase  | desc        | asc        | 16         | 1.62     | 1.51                   | 6   | 3305,3487,3669,3311,3493,3675       | -0.11     | -6.79    |
| 17  | 20         | 10000000 | 2500000   | 476191   | 4194304 | 128   | 4    | io_uring | 12        | 16  | increase  | asc         | asc        | 2          | 0.68     | 0.57                   | 6   | 37094,37283,37472,37100,37289,37478 | -0.11     | -16.18   |
| 14  | 80         | 10000000 | 2500000   | 117648   | 1048576 | 2     | 4    | io_uring | 12        | 16  | increase  | desc        | desc       | 32         | 2.2      | 2.09                   | 6   | 30885,31074,31263,30891,31080,31269 | -0.11     | -5.0     |
| 2   | 80         | 10000000 | 1250000   | 117648   | 4       | 2048  | 8    | worker   | 12        | 16  | increase  | desc        | asc        | 64         | 1.64     | 1.52                   | 6   | 2227,2409,2591,2233,2415,2597       | -0.12     | -7.32    |
| 11  | 80         | 10000000 | 10000000  | 117648   | 16      | 32    | 1    | io_uring | 12        | 16  | decrease  | asc         | desc       | 4096       | 1.69     | 1.57                   | 6   | 23920,24123,24326,23926,24129,24332 | -0.12     | -7.1     |
| 6   | 60         | 10000000 | 625000    | 156250   | 1048576 | 128   | 16   | io_uring | 12        | 16  | increase  | desc        | desc       | 1          | 0.51     | 0.39                   | 6   | 12412,12587,12762,12418,12593,12768 | -0.12     | -23.53   |
| 7   | 60         | 10000000 | 625000    | 156250   | 1048576 | 128   | 16   | io_uring | 12        | 16  | decrease  | asc         | desc       | 1          | 0.48     | 0.36                   | 6   | 14512,14687,14862,14518,14693,14868 | -0.12     | -25.0    |
| 2   | 80         | 10000000 | 1250000   | 117648   | 4       | 2048  | 8    | worker   | 12        | 16  | increase  | desc        | asc        | 16         | 1.35     | 1.23                   | 6   | 2213,2395,2577,2219,2401,2583       | -0.12     | -8.89    |
| 3   | 80         | 10000000 | 1250000   | 117648   | 4       | 2048  | 8    | io_uring | 12        | 16  | decrease  | asc         | asc        | 128        | 1.79     | 1.67                   | 6   | 5510,5692,5874,5516,5698,5880       | -0.12     | -6.7     |
| 10  | 80         | 10000000 | 10000000  | 117648   | 16      | 32    | 1    | io_uring | 12        | 16  | increase  | desc        | asc        | 16384      | 4.46     | 4.34                   | 6   | 20889,21092,21295,20895,21098,21301 | -0.12     | -2.69    |
| 16  | 80         | 10000000 | 2500000   | 117648   | 1048576 | 2     | 4    | worker   | 12        | 16  | decrease  | desc        | asc        | 32         | 1.69     | 1.56                   | 6   | 33720,33909,34098,33726,33915,34104 | -0.13     | -7.69    |
| 1   | 80         | 10000000 | 1250000   | 117648   | 4       | 2048  | 8    | worker   | 12        | 16  | increase  | asc         | asc        | 1          | 0.62     | 0.49                   | 6   | 1,183,365,7,189,371                 | -0.13     | -20.97   |
| 14  | 80         | 10000000 | 2500000   | 117648   | 1048576 | 2     | 4    | io_uring | 12        | 16  | increase  | desc        | asc        | 1          | 0.4      | 0.27                   | 6   | 30283,30472,30661,30289,30478,30667 | -0.13     | -32.5    |
| 8   | 60         | 10000000 | 625000    | 156250   | 1048576 | 128   | 16   | io_uring | 12        | 16  | decrease  | desc        | asc        | 8          | 1.34     | 1.21                   | 6   | 16108,16283,16458,16114,16289,16464 | -0.13     | -9.7     |
| 3   | 80         | 10000000 | 1250000   | 117648   | 4       | 2048  | 8    | io_uring | 12        | 16  | decrease  | asc         | asc        | 64         | 1.65     | 1.51                   | 6   | 5503,5685,5867,5509,5691,5873       | -0.14     | -8.48    |
| 1   | 80         | 10000000 | 1250000   | 117648   | 4       | 2048  | 8    | worker   | 12        | 16  | increase  | asc         | desc       | 2          | 0.93     | 0.79                   | 6   | 554,736,918,560,742,924             | -0.14     | -15.05   |
| 4   | 80         | 10000000 | 1250000   | 117648   | 4       | 2048  | 8    | worker   | 12        | 16  | decrease  | desc        | asc        | 4          | 1.05     | 0.91                   | 6   | 6567,6749,6931,6573,6755,6937       | -0.14     | -13.33   |
| 10  | 80         | 10000000 | 10000000  | 117648   | 16      | 32    | 1    | io_uring | 12        | 16  | increase  | desc        | desc       | 256        | 0.68     | 0.54                   | 6   | 21456,21659,21862,21462,21665,21868 | -0.14     | -20.59   |
| 2   | 80         | 10000000 | 1250000   | 117648   | 4       | 2048  | 8    | io_uring | 12        | 16  | increase  | desc        | asc        | 512        | 3.07     | 2.92                   | 6   | 3340,3522,3704,3346,3528,3710       | -0.15     | -4.89    |
| 2   | 80         | 10000000 | 1250000   | 117648   | 4       | 2048  | 8    | worker   | 12        | 16  | increase  | desc        | asc        | 256        | 2.36     | 2.21                   | 6   | 2241,2423,2605,2247,2429,2611       | -0.15     | -6.36    |
| 6   | 60         | 10000000 | 625000    | 156250   | 1048576 | 128   | 16   | worker   | 12        | 16  | increase  | desc        | asc        | 8          | 1.21     | 1.06                   | 6   | 10858,11033,11208,10864,11039,11214 | -0.15     | -12.4    |
| 7   | 60         | 10000000 | 625000    | 156250   | 1048576 | 128   | 16   | worker   | 12        | 16  | decrease  | asc         | desc       | 16         | 2.31     | 2.16                   | 6   | 13490,13665,13840,13496,13671,13846 | -0.15     | -6.49    |
| 13  | 80         | 10000000 | 2500000   | 117648   | 1048576 | 2     | 4    | io_uring | 12        | 16  | increase  | asc         | asc        | 32         | 2.09     | 1.94                   | 6   | 28050,28239,28428,28056,28245,28434 | -0.15     | -7.18    |
| 15  | 80         | 10000000 | 2500000   | 117648   | 1048576 | 2     | 4    | io_uring | 12        | 16  | decrease  | asc         | desc       | 32         | 1.97     | 1.82                   | 6   | 33153,33342,33531,33159,33348,33537 | -0.15     | -7.61    |
| 2   | 80         | 10000000 | 1250000   | 117648   | 4       | 2048  | 8    | io_uring | 12        | 16  | increase  | desc        | desc       | 1          | 0.65     | 0.5                    | 6   | 3823,4005,4187,3829,4011,4193       | -0.15     | -23.08   |
| 4   | 80         | 10000000 | 1250000   | 117648   | 4       | 2048  | 8    | io_uring | 12        | 16  | decrease  | desc        | asc        | 1          | 0.74     | 0.59                   | 6   | 7645,7827,8009,7651,7833,8015       | -0.15     | -20.27   |
| 11  | 80         | 10000000 | 10000000  | 117648   | 16      | 32    | 1    | io_uring | 12        | 16  | decrease  | asc         | asc        | 1024       | 1.07     | 0.92                   | 6   | 23297,23500,23703,23303,23506,23709 | -0.15     | -14.02   |
| 2   | 80         | 10000000 | 1250000   | 117648   | 4       | 2048  | 8    | worker   | 12        | 16  | increase  | desc        | asc        | 32         | 1.37     | 1.22                   | 6   | 2220,2402,2584,2226,2408,2590       | -0.15     | -10.95   |
| 17  | 20         | 10000000 | 2500000   | 476191   | 4194304 | 128   | 4    | worker   | 12        | 16  | increase  | asc         | desc       | 8          | 1.82     | 1.67                   | 6   | 36541,36730,36919,36547,36736,36925 | -0.15     | -8.24    |
| 6   | 60         | 10000000 | 625000    | 156250   | 1048576 | 128   | 16   | worker   | 12        | 16  | increase  | desc        | asc        | 16         | 2.3      | 2.14                   | 6   | 10865,11040,11215,10871,11046,11221 | -0.16     | -6.96    |
| 2   | 80         | 10000000 | 1250000   | 117648   | 4       | 2048  | 8    | worker   | 12        | 16  | increase  | desc        | desc       | 32         | 1.53     | 1.37                   | 6   | 2766,2948,3130,2772,2954,3136       | -0.16     | -10.46   |
| 9   | 80         | 10000000 | 10000000  | 117648   | 16      | 32    | 1    | io_uring | 12        | 16  | increase  | asc         | desc       | 1024       | 1.06     | 0.9                    | 6   | 19034,19237,19440,19040,19243,19446 | -0.16     | -15.09   |
| 7   | 60         | 10000000 | 625000    | 156250   | 1048576 | 128   | 16   | worker   | 12        | 16  | decrease  | asc         | asc        | 16         | 2.43     | 2.27                   | 6   | 12965,13140,13315,12971,13146,13321 | -0.16     | -6.58    |
| 8   | 60         | 10000000 | 625000    | 156250   | 1048576 | 128   | 16   | io_uring | 12        | 16  | decrease  | desc        | asc        | 16         | 2.5      | 2.34                   | 6   | 16115,16290,16465,16121,16296,16471 | -0.16     | -6.4     |
| 17  | 20         | 10000000 | 2500000   | 476191   | 4194304 | 128   | 4    | worker   | 12        | 16  | increase  | asc         | desc       | 16         | 3.29     | 3.12                   | 6   | 36548,36737,36926,36554,36743,36932 | -0.17     | -5.17    |
| 3   | 80         | 10000000 | 1250000   | 117648   | 4       | 2048  | 8    | io_uring | 12        | 16  | decrease  | asc         | asc        | 1          | 0.75     | 0.58                   | 6   | 5461,5643,5825,5467,5649,5831       | -0.17     | -22.67   |
| 5   | 60         | 10000000 | 625000    | 156250   | 1048576 | 128   | 16   | io_uring | 12        | 16  | increase  | asc         | desc       | 4          | 0.92     | 0.75                   | 6   | 10326,10501,10676,10332,10507,10682 | -0.17     | -18.48   |
| 12  | 80         | 10000000 | 10000000  | 117648   | 16      | 32    | 1    | worker   | 12        | 16  | decrease  | desc        | asc        | 32768      | 21.41    | 21.24                  | 6   | 24550,24753,24956,24556,24759,24962 | -0.17     | -0.79    |
| 3   | 80         | 10000000 | 1250000   | 117648   | 4       | 2048  | 8    | worker   | 12        | 16  | decrease  | asc         | asc        | 8          | 1.17     | 0.99                   | 6   | 4390,4572,4754,4396,4578,4760       | -0.18     | -15.38   |
| 15  | 80         | 10000000 | 2500000   | 117648   | 1048576 | 2     | 4    | worker   | 12        | 16  | decrease  | asc         | asc        | 32         | 1.69     | 1.51                   | 6   | 31452,31641,31830,31458,31647,31836 | -0.18     | -10.65   |
| 16  | 80         | 10000000 | 2500000   | 117648   | 1048576 | 2     | 4    | worker   | 12        | 16  | decrease  | desc        | desc       | 32         | 2.03     | 1.84                   | 6   | 34287,34476,34665,34293,34482,34671 | -0.19     | -9.36    |
| 3   | 80         | 10000000 | 1250000   | 117648   | 4       | 2048  | 8    | io_uring | 12        | 16  | decrease  | asc         | desc       | 4          | 1.16     | 0.97                   | 6   | 6021,6203,6385,6027,6209,6391       | -0.19     | -16.38   |
| 3   | 80         | 10000000 | 1250000   | 117648   | 4       | 2048  | 8    | io_uring | 12        | 16  | decrease  | asc         | desc       | 8          | 1.4      | 1.21                   | 6   | 6028,6210,6392,6034,6216,6398       | -0.19     | -13.57   |
| 4   | 80         | 10000000 | 1250000   | 117648   | 4       | 2048  | 8    | worker   | 12        | 16  | decrease  | desc        | desc       | 32         | 1.3      | 1.11                   | 6   | 7134,7316,7498,7140,7322,7504       | -0.19     | -14.62   |
| 10  | 80         | 10000000 | 10000000  | 117648   | 16      | 32    | 1    | worker   | 12        | 16  | increase  | desc        | desc       | 1024       | 1.07     | 0.88                   | 6   | 20252,20455,20658,20258,20461,20664 | -0.19     | -17.76   |
| 4   | 80         | 10000000 | 1250000   | 117648   | 4       | 2048  | 8    | io_uring | 12        | 16  | decrease  | desc        | asc        | 16         | 1.73     | 1.53                   | 6   | 7673,7855,8037,7679,7861,8043       | -0.2      | -11.56   |
| 10  | 80         | 10000000 | 10000000  | 117648   | 16      | 32    | 1    | io_uring | 12        | 16  | increase  | desc        | asc        | 1024       | 0.87     | 0.66                   | 6   | 20861,21064,21267,20867,21070,21273 | -0.21     | -24.14   |
| 11  | 80         | 10000000 | 10000000  | 117648   | 16      | 32    | 1    | worker   | 12        | 16  | decrease  | asc         | desc       | 16384      | 4.46     | 4.25                   | 6   | 22716,22919,23122,22722,22925,23128 | -0.21     | -4.71    |
| 15  | 80         | 10000000 | 2500000   | 117648   | 1048576 | 2     | 4    | worker   | 12        | 16  | decrease  | asc         | desc       | 16         | 1.01     | 0.79                   | 6   | 32012,32201,32390,32018,32207,32396 | -0.22     | -21.78   |
| 9   | 80         | 10000000 | 10000000  | 117648   | 16      | 32    | 1    | worker   | 12        | 16  | increase  | asc         | desc       | 1024       | 1.07     | 0.85                   | 6   | 17816,18019,18222,17822,18025,18228 | -0.22     | -20.56   |
| 18  | 20         | 10000000 | 2500000   | 476191   | 4194304 | 128   | 4    | worker   | 12        | 16  | increase  | desc        | desc       | 32         | 6.07     | 5.85                   | 4   | 38823,39012,38829,39018             | -0.22     | -3.62    |
| 1   | 80         | 10000000 | 1250000   | 117648   | 4       | 2048  | 8    | worker   | 12        | 16  | increase  | asc         | desc       | 128        | 2.65     | 2.42                   | 6   | 596,778,960,602,784,966             | -0.23     | -8.68    |
| 3   | 80         | 10000000 | 1250000   | 117648   | 4       | 2048  | 8    | io_uring | 12        | 16  | decrease  | asc         | desc       | 64         | 1.58     | 1.35                   | 6   | 6049,6231,6413,6055,6237,6419       | -0.23     | -14.56   |
| 4   | 80         | 10000000 | 1250000   | 117648   | 4       | 2048  | 8    | worker   | 12        | 16  | decrease  | desc        | asc        | 32         | 1.47     | 1.24                   | 6   | 6588,6770,6952,6594,6776,6958       | -0.23     | -15.65   |
| 7   | 60         | 10000000 | 625000    | 156250   | 1048576 | 128   | 16   | worker   | 12        | 16  | decrease  | asc         | desc       | 8          | 1.31     | 1.08                   | 6   | 13483,13658,13833,13489,13664,13839 | -0.23     | -17.56   |
| 17  | 20         | 10000000 | 2500000   | 476191   | 4194304 | 128   | 4    | io_uring | 12        | 16  | increase  | asc         | asc        | 16         | 3.34     | 3.1                    | 6   | 37115,37304,37493,37121,37310,37499 | -0.24     | -7.19    |
| 1   | 80         | 10000000 | 1250000   | 117648   | 4       | 2048  | 8    | worker   | 12        | 16  | increase  | asc         | desc       | 4          | 1.24     | 1.0                    | 6   | 561,743,925,567,749,931             | -0.24     | -19.35   |
| 12  | 80         | 10000000 | 10000000  | 117648   | 16      | 32    | 1    | worker   | 12        | 16  | decrease  | desc        | asc        | 4096       | 2.47     | 2.23                   | 6   | 24529,24732,24935,24535,24738,24941 | -0.24     | -9.72    |
| 4   | 80         | 10000000 | 1250000   | 117648   | 4       | 2048  | 8    | io_uring | 12        | 16  | decrease  | desc        | asc        | 128        | 2.3      | 2.05                   | 6   | 7694,7876,8058,7700,7882,8064       | -0.25     | -10.87   |
| 6   | 60         | 10000000 | 625000    | 156250   | 1048576 | 128   | 16   | io_uring | 12        | 16  | increase  | desc        | asc        | 16         | 2.67     | 2.42                   | 6   | 11915,12090,12265,11921,12096,12271 | -0.25     | -9.36    |
| 15  | 80         | 10000000 | 2500000   | 117648   | 1048576 | 2     | 4    | worker   | 12        | 16  | decrease  | asc         | desc       | 64         | 3.17     | 2.92                   | 6   | 32026,32215,32404,32032,32221,32410 | -0.25     | -7.89    |
| 2   | 80         | 10000000 | 1250000   | 117648   | 4       | 2048  | 8    | io_uring | 12        | 16  | increase  | desc        | asc        | 4          | 1.36     | 1.1                    | 6   | 3291,3473,3655,3297,3479,3661       | -0.26     | -19.12   |
| 14  | 80         | 10000000 | 2500000   | 117648   | 1048576 | 2     | 4    | worker   | 12        | 16  | increase  | desc        | asc        | 32         | 1.67     | 1.41                   | 6   | 29184,29373,29562,29190,29379,29568 | -0.26     | -15.57   |
| 2   | 80         | 10000000 | 1250000   | 117648   | 4       | 2048  | 8    | io_uring | 12        | 16  | increase  | desc        | asc        | 64         | 1.81     | 1.52                   | 6   | 3319,3501,3683,3325,3507,3689       | -0.29     | -16.02   |
| 2   | 80         | 10000000 | 1250000   | 117648   | 4       | 2048  | 8    | io_uring | 12        | 16  | increase  | desc        | desc       | 4          | 1.17     | 0.87                   | 6   | 3837,4019,4201,3843,4025,4207       | -0.3      | -25.64   |
| 8   | 60         | 10000000 | 625000    | 156250   | 1048576 | 128   | 16   | io_uring | 12        | 16  | decrease  | desc        | desc       | 8          | 1.52     | 1.22                   | 6   | 16633,16808,16983,16639,16814,16989 | -0.3      | -19.74   |
| 1   | 80         | 10000000 | 1250000   | 117648   | 4       | 2048  | 8    | io_uring | 12        | 16  | increase  | asc         | desc       | 32         | 1.75     | 1.44                   | 6   | 1674,1856,2038,1680,1862,2044       | -0.31     | -17.71   |
| 1   | 80         | 10000000 | 1250000   | 117648   | 4       | 2048  | 8    | io_uring | 12        | 16  | increase  | asc         | desc       | 256        | 3.1      | 2.79                   | 6   | 1695,1877,2059,1701,1883,2065       | -0.31     | -10.0    |
| 4   | 80         | 10000000 | 1250000   | 117648   | 4       | 2048  | 8    | worker   | 12        | 16  | decrease  | desc        | desc       | 64         | 1.58     | 1.27                   | 6   | 7141,7323,7505,7147,7329,7511       | -0.31     | -19.62   |
| 15  | 80         | 10000000 | 2500000   | 117648   | 1048576 | 2     | 4    | worker   | 12        | 16  | decrease  | asc         | asc        | 64         | 3.27     | 2.96                   | 6   | 31459,31648,31837,31465,31654,31843 | -0.31     | -9.48    |
| 5   | 60         | 10000000 | 625000    | 156250   | 1048576 | 128   | 16   | io_uring | 12        | 16  | increase  | asc         | desc       | 16         | 2.7      | 2.38                   | 6   | 10340,10515,10690,10346,10521,10696 | -0.32     | -11.85   |
| 9   | 80         | 10000000 | 10000000  | 117648   | 16      | 32    | 1    | io_uring | 12        | 16  | increase  | asc         | desc       | 2048       | 1.7      | 1.37                   | 6   | 19041,19244,19447,19047,19250,19453 | -0.33     | -19.41   |
| 2   | 80         | 10000000 | 1250000   | 117648   | 4       | 2048  | 8    | io_uring | 12        | 16  | increase  | desc        | desc       | 64         | 1.75     | 1.41                   | 6   | 3865,4047,4229,3871,4053,4235       | -0.34     | -19.43   |
| 1   | 80         | 10000000 | 1250000   | 117648   | 4       | 2048  | 8    | io_uring | 12        | 16  | increase  | asc         | desc       | 16         | 1.72     | 1.37                   | 6   | 1667,1849,2031,1673,1855,2037       | -0.35     | -20.35   |
| 16  | 80         | 10000000 | 2500000   | 117648   | 1048576 | 2     | 4    | io_uring | 12        | 16  | decrease  | desc        | desc       | 64         | 3.83     | 3.48                   | 6   | 35428,35617,35806,35434,35623,35812 | -0.35     | -9.14    |
| 1   | 80         | 10000000 | 1250000   | 117648   | 4       | 2048  | 8    | io_uring | 12        | 16  | increase  | asc         | asc        | 32         | 1.47     | 1.11                   | 6   | 1128,1310,1492,1134,1316,1498       | -0.36     | -24.49   |
| 6   | 60         | 10000000 | 625000    | 156250   | 1048576 | 128   | 16   | worker   | 12        | 16  | increase  | desc        | desc       | 16         | 2.58     | 2.22                   | 6   | 11390,11565,11740,11396,11571,11746 | -0.36     | -13.95   |
| 14  | 80         | 10000000 | 2500000   | 117648   | 1048576 | 2     | 4    | io_uring | 12        | 16  | increase  | desc        | desc       | 64         | 4.1      | 3.73                   | 6   | 30892,31081,31270,30898,31087,31276 | -0.37     | -9.02    |
| 17  | 20         | 10000000 | 2500000   | 476191   | 4194304 | 128   | 4    | io_uring | 12        | 16  | increase  | asc         | desc       | 16         | 3.36     | 2.99                   | 6   | 37682,37871,38060,37688,37877,38066 | -0.37     | -11.01   |
| 15  | 80         | 10000000 | 2500000   | 117648   | 1048576 | 2     | 4    | worker   | 12        | 16  | decrease  | asc         | desc       | 32         | 1.7      | 1.33                   | 6   | 32019,32208,32397,32025,32214,32403 | -0.37     | -21.76   |
| 3   | 80         | 10000000 | 1250000   | 117648   | 4       | 2048  | 8    | io_uring | 12        | 16  | decrease  | asc         | desc       | 256        | 2.3      | 1.92                   | 6   | 6063,6245,6427,6069,6251,6433       | -0.38     | -16.52   |
| 4   | 80         | 10000000 | 1250000   | 117648   | 4       | 2048  | 8    | io_uring | 12        | 16  | decrease  | desc        | asc        | 512        | 4.9      | 4.52                   | 6   | 7708,7890,8072,7714,7896,8078       | -0.38     | -7.76    |
| 17  | 20         | 10000000 | 2500000   | 476191   | 4194304 | 128   | 4    | worker   | 12        | 16  | increase  | asc         | asc        | 64         | 10.24    | 9.84                   | 6   | 35995,36184,36373,36001,36190,36379 | -0.4      | -3.91    |
| 18  | 20         | 10000000 | 2500000   | 476191   | 4194304 | 128   | 4    | worker   | 12        | 16  | increase  | desc        | asc        | 32         | 4.93     | 4.52                   | 6   | 38256,38445,38634,38262,38451,38640 | -0.41     | -8.32    |
| 6   | 60         | 10000000 | 625000    | 156250   | 1048576 | 128   | 16   | io_uring | 12        | 16  | increase  | desc        | desc       | 16         | 3.01     | 2.59                   | 6   | 12440,12615,12790,12446,12621,12796 | -0.42     | -13.95   |
| 17  | 20         | 10000000 | 2500000   | 476191   | 4194304 | 128   | 4    | io_uring | 12        | 16  | increase  | asc         | asc        | 32         | 6.02     | 5.6                    | 6   | 37122,37311,37500,37128,37317,37506 | -0.42     | -6.98    |
| 1   | 80         | 10000000 | 1250000   | 117648   | 4       | 2048  | 8    | worker   | 12        | 16  | increase  | asc         | desc       | 2048       | 14.56    | 14.13                  | 6   | 624,806,988,630,812,994             | -0.43     | -2.95    |
| 2   | 80         | 10000000 | 1250000   | 117648   | 4       | 2048  | 8    | io_uring | 12        | 16  | increase  | desc        | desc       | 256        | 3.09     | 2.66                   | 6   | 3879,4061,4243,3885,4067,4249       | -0.43     | -13.92   |
| 18  | 20         | 10000000 | 2500000   | 476191   | 4194304 | 128   | 4    | worker   | 12        | 16  | increase  | desc        | asc        | 16         | 2.52     | 2.09                   | 6   | 38249,38438,38627,38255,38444,38633 | -0.43     | -17.06   |
| 2   | 80         | 10000000 | 1250000   | 117648   | 4       | 2048  | 8    | io_uring | 12        | 16  | increase  | desc        | asc        | 128        | 2.19     | 1.75                   | 6   | 3326,3508,3690,3332,3514,3696       | -0.44     | -20.09   |
| 12  | 80         | 10000000 | 10000000  | 117648   | 16      | 32    | 1    | io_uring | 12        | 16  | decrease  | desc        | asc        | 4096       | 2.76     | 2.31                   | 6   | 25747,25950,26153,25753,25956,26159 | -0.45     | -16.3    |
| 4   | 80         | 10000000 | 1250000   | 117648   | 4       | 2048  | 8    | io_uring | 12        | 16  | decrease  | desc        | asc        | 64         | 2.23     | 1.77                   | 6   | 7687,7869,8051,7693,7875,8057       | -0.46     | -20.63   |
| 4   | 80         | 10000000 | 1250000   | 117648   | 4       | 2048  | 8    | io_uring | 12        | 16  | decrease  | desc        | desc       | 512        | 2.75     | 2.27                   | 6   | 8254,8436,8618,8260,8442,8624       | -0.48     | -17.45   |
| 12  | 80         | 10000000 | 10000000  | 117648   | 16      | 32    | 1    | worker   | 12        | 16  | decrease  | desc        | asc        | 2048       | 1.56     | 1.07                   | 6   | 24522,24725,24928,24528,24731,24934 | -0.49     | -31.41   |
| 11  | 80         | 10000000 | 10000000  | 117648   | 16      | 32    | 1    | worker   | 12        | 16  | decrease  | asc         | asc        | 4096       | 2.56     | 2.04                   | 6   | 22093,22296,22499,22099,22302,22505 | -0.52     | -20.31   |
| 13  | 80         | 10000000 | 2500000   | 117648   | 1048576 | 2     | 4    | worker   | 12        | 16  | increase  | asc         | desc       | 64         | 3.33     | 2.81                   | 6   | 27490,27679,27868,27496,27685,27874 | -0.52     | -15.62   |
| 7   | 60         | 10000000 | 625000    | 156250   | 1048576 | 128   | 16   | io_uring | 12        | 16  | decrease  | asc         | asc        | 16         | 2.64     | 2.11                   | 6   | 14015,14190,14365,14021,14196,14371 | -0.53     | -20.08   |
| 11  | 80         | 10000000 | 10000000  | 117648   | 16      | 32    | 1    | worker   | 12        | 16  | decrease  | asc         | asc        | 2048       | 1.59     | 1.05                   | 6   | 22086,22289,22492,22092,22295,22498 | -0.54     | -33.96   |
| 15  | 80         | 10000000 | 2500000   | 117648   | 1048576 | 2     | 4    | io_uring | 12        | 16  | decrease  | asc         | asc        | 64         | 3.62     | 3.08                   | 6   | 32593,32782,32971,32599,32788,32977 | -0.54     | -14.92   |
| 5   | 60         | 10000000 | 625000    | 156250   | 1048576 | 128   | 16   | worker   | 12        | 16  | increase  | asc         | desc       | 16         | 2.66     | 2.08                   | 6   | 9290,9465,9640,9296,9471,9646       | -0.58     | -21.8    |
| 13  | 80         | 10000000 | 2500000   | 117648   | 1048576 | 2     | 4    | io_uring | 12        | 16  | increase  | asc         | desc       | 32         | 1.93     | 1.33                   | 6   | 28617,28806,28995,28623,28812,29001 | -0.6      | -31.09   |
| 1   | 80         | 10000000 | 1250000   | 117648   | 4       | 2048  | 8    | worker   | 12        | 16  | increase  | asc         | desc       | 1024       | 8.04     | 7.43                   | 6   | 617,799,981,623,805,987             | -0.61     | -7.59    |
| 9   | 80         | 10000000 | 10000000  | 117648   | 16      | 32    | 1    | worker   | 12        | 16  | increase  | asc         | desc       | 4096       | 3.31     | 2.7                    | 6   | 17830,18033,18236,17836,18039,18242 | -0.61     | -18.43   |
| 16  | 80         | 10000000 | 2500000   | 117648   | 1048576 | 2     | 4    | io_uring | 12        | 16  | decrease  | desc        | desc       | 32         | 2.19     | 1.57                   | 6   | 35421,35610,35799,35427,35616,35805 | -0.62     | -28.31   |
| 9   | 80         | 10000000 | 10000000  | 117648   | 16      | 32    | 1    | io_uring | 12        | 16  | increase  | asc         | desc       | 8192       | 6.56     | 5.93                   | 6   | 19055,19258,19461,19061,19264,19467 | -0.63     | -9.6     |
| 2   | 80         | 10000000 | 1250000   | 117648   | 4       | 2048  | 8    | worker   | 12        | 16  | increase  | desc        | desc       | 128        | 2.6      | 1.95                   | 6   | 2780,2962,3144,2786,2968,3150       | -0.65     | -25.0    |
| 10  | 80         | 10000000 | 10000000  | 117648   | 16      | 32    | 1    | worker   | 12        | 16  | increase  | desc        | desc       | 4096       | 2.72     | 2.03                   | 6   | 20266,20469,20672,20272,20475,20678 | -0.69     | -25.37   |
| 4   | 80         | 10000000 | 1250000   | 117648   | 4       | 2048  | 8    | worker   | 12        | 16  | decrease  | desc        | asc        | 1024       | 7.09     | 6.34                   | 6   | 6623,6805,6987,6629,6811,6993       | -0.75     | -10.58   |
| 9   | 80         | 10000000 | 10000000  | 117648   | 16      | 32    | 1    | io_uring | 12        | 16  | increase  | asc         | desc       | 4096       | 3.27     | 2.52                   | 6   | 19048,19251,19454,19054,19257,19460 | -0.75     | -22.94   |
| 5   | 60         | 10000000 | 625000    | 156250   | 1048576 | 128   | 16   | worker   | 12        | 16  | increase  | asc         | asc        | 16         | 2.5      | 1.74                   | 6   | 8765,8940,9115,8771,8946,9121       | -0.76     | -30.4    |
| 14  | 80         | 10000000 | 2500000   | 117648   | 1048576 | 2     | 4    | worker   | 12        | 16  | increase  | desc        | asc        | 64         | 3.27     | 2.44                   | 6   | 29191,29380,29569,29197,29386,29575 | -0.83     | -25.38   |
| 15  | 80         | 10000000 | 2500000   | 117648   | 1048576 | 2     | 4    | io_uring | 12        | 16  | decrease  | asc         | desc       | 64         | 3.69     | 2.86                   | 6   | 33160,33349,33538,33166,33355,33544 | -0.83     | -22.49   |
| 8   | 60         | 10000000 | 625000    | 156250   | 1048576 | 128   | 16   | worker   | 12        | 16  | decrease  | desc        | asc        | 16         | 2.32     | 1.48                   | 6   | 15065,15240,15415,15071,15246,15421 | -0.84     | -36.21   |
| 12  | 80         | 10000000 | 10000000  | 117648   | 16      | 32    | 1    | io_uring | 12        | 16  | decrease  | desc        | asc        | 2048       | 1.96     | 1.12                   | 6   | 25740,25943,26146,25746,25949,26152 | -0.84     | -42.86   |
| 3   | 80         | 10000000 | 1250000   | 117648   | 4       | 2048  | 8    | io_uring | 12        | 16  | decrease  | asc         | asc        | 1024       | 7.23     | 6.38                   | 6   | 5531,5713,5895,5537,5719,5901       | -0.85     | -11.76   |
| 11  | 80         | 10000000 | 10000000  | 117648   | 16      | 32    | 1    | io_uring | 12        | 16  | decrease  | asc         | asc        | 4096       | 2.79     | 1.93                   | 6   | 23311,23514,23717,23317,23520,23723 | -0.86     | -30.82   |
| 13  | 80         | 10000000 | 2500000   | 117648   | 1048576 | 2     | 4    | worker   | 12        | 16  | increase  | asc         | asc        | 64         | 3.28     | 2.32                   | 6   | 26923,27112,27301,26929,27118,27307 | -0.96     | -29.27   |
| 16  | 80         | 10000000 | 2500000   | 117648   | 1048576 | 2     | 4    | worker   | 12        | 16  | decrease  | desc        | asc        | 64         | 3.24     | 2.25                   | 6   | 33727,33916,34105,33733,33922,34111 | -0.99     | -30.56   |
| 17  | 20         | 10000000 | 2500000   | 476191   | 4194304 | 128   | 4    | worker   | 12        | 16  | increase  | asc         | asc        | 32         | 5.17     | 4.17                   | 6   | 35988,36177,36366,35994,36183,36372 | -1.0      | -19.34   |
| 12  | 80         | 10000000 | 10000000  | 117648   | 16      | 32    | 1    | io_uring | 12        | 16  | decrease  | desc        | asc        | 8192       | 5.89     | 4.86                   | 6   | 25754,25957,26160,25760,25963,26166 | -1.03     | -17.49   |
| 3   | 80         | 10000000 | 1250000   | 117648   | 4       | 2048  | 8    | worker   | 12        | 16  | decrease  | asc         | asc        | 1024       | 6.81     | 5.74                   | 6   | 4439,4621,4803,4445,4627,4809       | -1.07     | -15.71   |
| 13  | 80         | 10000000 | 2500000   | 117648   | 1048576 | 2     | 4    | io_uring | 12        | 16  | increase  | asc         | asc        | 64         | 3.77     | 2.64                   | 6   | 28057,28246,28435,28063,28252,28441 | -1.13     | -29.97   |
| 8   | 60         | 10000000 | 625000    | 156250   | 1048576 | 128   | 16   | io_uring | 12        | 16  | decrease  | desc        | desc       | 16         | 2.89     | 1.72                   | 6   | 16640,16815,16990,16646,16821,16996 | -1.17     | -40.48   |
| 8   | 60         | 10000000 | 625000    | 156250   | 1048576 | 128   | 16   | worker   | 12        | 16  | decrease  | desc        | desc       | 32         | 4.5      | 3.32                   | 6   | 15597,15772,15947,15603,15778,15953 | -1.18     | -26.22   |
| 16  | 80         | 10000000 | 2500000   | 117648   | 1048576 | 2     | 4    | worker   | 12        | 16  | decrease  | desc        | desc       | 64         | 3.7      | 2.51                   | 6   | 34294,34483,34672,34300,34489,34678 | -1.19     | -32.16   |
| 12  | 80         | 10000000 | 10000000  | 117648   | 16      | 32    | 1    | worker   | 12        | 16  | decrease  | desc        | asc        | 16384      | 10.22    | 8.88                   | 6   | 24543,24746,24949,24549,24752,24955 | -1.34     | -13.11   |
| 16  | 80         | 10000000 | 2500000   | 117648   | 1048576 | 2     | 4    | io_uring | 12        | 16  | decrease  | desc        | asc        | 64         | 3.85     | 2.44                   | 6   | 34861,35050,35239,34867,35056,35245 | -1.41     | -36.62   |
| 8   | 60         | 10000000 | 625000    | 156250   | 1048576 | 128   | 16   | worker   | 12        | 16  | decrease  | desc        | asc        | 32         | 4.38     | 2.91                   | 6   | 15072,15247,15422,15078,15253,15428 | -1.47     | -33.56   |
| 7   | 60         | 10000000 | 625000    | 156250   | 1048576 | 128   | 16   | worker   | 12        | 16  | decrease  | asc         | desc       | 32         | 4.35     | 2.87                   | 6   | 13497,13672,13847,13503,13678,13853 | -1.48     | -34.02   |
| 11  | 80         | 10000000 | 10000000  | 117648   | 16      | 32    | 1    | io_uring | 12        | 16  | decrease  | asc         | asc        | 8192       | 5.27     | 3.66                   | 6   | 23318,23521,23724,23324,23527,23730 | -1.61     | -30.55   |
| 18  | 20         | 10000000 | 2500000   | 476191   | 4194304 | 128   | 4    | worker   | 12        | 16  | increase  | desc        | asc        | 64         | 9.76     | 8.14                   | 6   | 38263,38452,38641,38269,38458,38647 | -1.62     | -16.6    |
| 13  | 80         | 10000000 | 2500000   | 117648   | 1048576 | 2     | 4    | io_uring | 12        | 16  | increase  | asc         | desc       | 64         | 3.69     | 2.05                   | 6   | 28624,28813,29002,28630,28819,29008 | -1.64     | -44.44   |
| 9   | 80         | 10000000 | 10000000  | 117648   | 16      | 32    | 1    | worker   | 12        | 16  | increase  | asc         | desc       | 8192       | 6.36     | 4.72                   | 6   | 17837,18040,18243,17843,18046,18249 | -1.64     | -25.79   |
| 14  | 80         | 10000000 | 2500000   | 117648   | 1048576 | 2     | 4    | worker   | 12        | 16  | increase  | desc        | desc       | 64         | 4.18     | 2.53                   | 6   | 29758,29947,30136,29764,29953,30142 | -1.65     | -39.47   |
| 9   | 80         | 10000000 | 10000000  | 117648   | 16      | 32    | 1    | worker   | 12        | 16  | increase  | asc         | desc       | 16384      | 13.14    | 11.48                  | 6   | 17844,18047,18250,17850,18053,18256 | -1.66     | -12.63   |
| 6   | 60         | 10000000 | 625000    | 156250   | 1048576 | 128   | 16   | worker   | 12        | 16  | increase  | desc        | asc        | 32         | 4.27     | 2.6                    | 6   | 10872,11047,11222,10878,11053,11228 | -1.67     | -39.11   |
| 13  | 80         | 10000000 | 2500000   | 117648   | 1048576 | 2     | 4    | worker   | 12        | 16  | increase  | asc         | asc        | 128        | 6.32     | 4.61                   | 6   | 26930,27119,27308,26936,27125,27314 | -1.71     | -27.06   |
| 1   | 80         | 10000000 | 1250000   | 117648   | 4       | 2048  | 8    | io_uring | 12        | 16  | increase  | asc         | desc       | 1024       | 7.97     | 6.17                   | 6   | 1709,1891,2073,1715,1897,2079       | -1.8      | -22.58   |
| 8   | 60         | 10000000 | 625000    | 156250   | 1048576 | 128   | 16   | io_uring | 12        | 16  | decrease  | desc        | desc       | 32         | 5.23     | 3.43                   | 6   | 16647,16822,16997,16653,16828,17003 | -1.8      | -34.42   |
| 17  | 20         | 10000000 | 2500000   | 476191   | 4194304 | 128   | 4    | io_uring | 12        | 16  | increase  | asc         | desc       | 32         | 6.51     | 4.52                   | 6   | 37689,37878,38067,37695,37884,38073 | -1.99     | -30.57   |
| 17  | 20         | 10000000 | 2500000   | 476191   | 4194304 | 128   | 4    | io_uring | 12        | 16  | increase  | asc         | asc        | 64         | 11.86    | 9.83                   | 6   | 37129,37318,37507,37135,37324,37513 | -2.03     | -17.12   |
| 5   | 60         | 10000000 | 625000    | 156250   | 1048576 | 128   | 16   | worker   | 12        | 16  | increase  | asc         | desc       | 32         | 4.82     | 2.77                   | 6   | 9297,9472,9647,9303,9478,9653       | -2.05     | -42.53   |
| 10  | 80         | 10000000 | 10000000  | 117648   | 16      | 32    | 1    | io_uring | 12        | 16  | increase  | desc        | desc       | 8192       | 5.94     | 3.83                   | 6   | 21491,21694,21897,21497,21700,21903 | -2.11     | -35.52   |
| 16  | 80         | 10000000 | 2500000   | 117648   | 1048576 | 2     | 4    | io_uring | 12        | 16  | decrease  | desc        | desc       | 128        | 6.99     | 4.81                   | 6   | 35435,35624,35813,35441,35630,35819 | -2.18     | -31.19   |
| 7   | 60         | 10000000 | 625000    | 156250   | 1048576 | 128   | 16   | worker   | 12        | 16  | decrease  | asc         | asc        | 32         | 4.62     | 2.4                    | 6   | 12972,13147,13322,12978,13153,13328 | -2.22     | -48.05   |
| 16  | 80         | 10000000 | 2500000   | 117648   | 1048576 | 2     | 4    | worker   | 12        | 16  | decrease  | desc        | asc        | 128        | 6.12     | 3.87                   | 6   | 33734,33923,34112,33740,33929,34118 | -2.25     | -36.76   |
| 14  | 80         | 10000000 | 2500000   | 117648   | 1048576 | 2     | 4    | worker   | 12        | 16  | increase  | desc        | asc        | 128        | 6.31     | 4.02                   | 6   | 29198,29387,29576,29204,29393,29582 | -2.29     | -36.29   |
| 11  | 80         | 10000000 | 10000000  | 117648   | 16      | 32    | 1    | worker   | 12        | 16  | decrease  | asc         | asc        | 8192       | 5.15     | 2.86                   | 6   | 22100,22303,22506,22106,22309,22512 | -2.29     | -44.47   |
| 10  | 80         | 10000000 | 10000000  | 117648   | 16      | 32    | 1    | io_uring | 12        | 16  | increase  | desc        | desc       | 16384      | 11.15    | 8.85                   | 6   | 21498,21701,21904,21504,21707,21910 | -2.3      | -20.63   |
| 1   | 80         | 10000000 | 1250000   | 117648   | 4       | 2048  | 8    | io_uring | 12        | 16  | increase  | asc         | desc       | 2048       | 13.78    | 11.47                  | 6   | 1716,1898,2080,1722,1904,2086       | -2.31     | -16.76   |
| 12  | 80         | 10000000 | 10000000  | 117648   | 16      | 32    | 1    | io_uring | 12        | 16  | decrease  | desc        | asc        | 16384      | 11.76    | 9.42                   | 6   | 25761,25964,26167,25767,25970,26173 | -2.34     | -19.9    |
| 2   | 80         | 10000000 | 1250000   | 117648   | 4       | 2048  | 8    | worker   | 12        | 16  | increase  | desc        | desc       | 4096       | 24.58    | 22.21                  | 6   | 2815,2997,3179,2821,3003,3185       | -2.37     | -9.64    |
| 6   | 60         | 10000000 | 625000    | 156250   | 1048576 | 128   | 16   | io_uring | 12        | 16  | increase  | desc        | asc        | 32         | 5.23     | 2.84                   | 6   | 11922,12097,12272,11928,12103,12278 | -2.39     | -45.7    |
| 5   | 60         | 10000000 | 625000    | 156250   | 1048576 | 128   | 16   | worker   | 12        | 16  | increase  | asc         | asc        | 32         | 4.63     | 2.21                   | 6   | 8772,8947,9122,8778,8953,9128       | -2.42     | -52.27   |
| 8   | 60         | 10000000 | 625000    | 156250   | 1048576 | 128   | 16   | io_uring | 12        | 16  | decrease  | desc        | asc        | 32         | 5.08     | 2.66                   | 6   | 16122,16297,16472,16128,16303,16478 | -2.42     | -47.64   |
| 5   | 60         | 10000000 | 625000    | 156250   | 1048576 | 128   | 16   | io_uring | 12        | 16  | increase  | asc         | desc       | 32         | 5.02     | 2.57                   | 6   | 10347,10522,10697,10353,10528,10703 | -2.45     | -48.8    |
| 14  | 80         | 10000000 | 2500000   | 117648   | 1048576 | 2     | 4    | worker   | 12        | 16  | increase  | desc        | desc       | 128        | 7.82     | 5.37                   | 6   | 29765,29954,30143,29771,29960,30149 | -2.45     | -31.33   |
| 13  | 80         | 10000000 | 2500000   | 117648   | 1048576 | 2     | 4    | io_uring | 12        | 16  | increase  | asc         | asc        | 128        | 7.17     | 4.7                    | 6   | 28064,28253,28442,28070,28259,28448 | -2.47     | -34.45   |
| 6   | 60         | 10000000 | 625000    | 156250   | 1048576 | 128   | 16   | worker   | 12        | 16  | increase  | desc        | desc       | 32         | 4.9      | 2.25                   | 6   | 11397,11572,11747,11403,11578,11753 | -2.65     | -54.08   |
| 17  | 20         | 10000000 | 2500000   | 476191   | 4194304 | 128   | 4    | worker   | 12        | 16  | increase  | asc         | desc       | 64         | 12.6     | 9.83                   | 6   | 36562,36751,36940,36568,36757,36946 | -2.77     | -21.98   |
| 15  | 80         | 10000000 | 2500000   | 117648   | 1048576 | 2     | 4    | worker   | 12        | 16  | decrease  | asc         | desc       | 128        | 6.2      | 3.34                   | 6   | 32033,32222,32411,32039,32228,32417 | -2.86     | -46.13   |
| 14  | 80         | 10000000 | 2500000   | 117648   | 1048576 | 2     | 4    | io_uring | 12        | 16  | increase  | desc        | desc       | 128        | 7.73     | 4.85                   | 6   | 30899,31088,31277,30905,31094,31283 | -2.88     | -37.26   |
| 14  | 80         | 10000000 | 2500000   | 117648   | 1048576 | 2     | 4    | io_uring | 12        | 16  | increase  | desc        | asc        | 128        | 8.07     | 5.11                   | 6   | 30332,30521,30710,30338,30527,30716 | -2.96     | -36.68   |
| 11  | 80         | 10000000 | 10000000  | 117648   | 16      | 32    | 1    | io_uring | 12        | 16  | decrease  | asc         | asc        | 16384      | 10.91    | 7.92                   | 6   | 23325,23528,23731,23331,23534,23737 | -2.99     | -27.41   |
| 7   | 60         | 10000000 | 625000    | 156250   | 1048576 | 128   | 16   | io_uring | 12        | 16  | decrease  | asc         | desc       | 32         | 4.84     | 1.74                   | 6   | 14547,14722,14897,14553,14728,14903 | -3.1      | -64.05   |
| 7   | 60         | 10000000 | 625000    | 156250   | 1048576 | 128   | 16   | io_uring | 12        | 16  | decrease  | asc         | asc        | 32         | 5.01     | 1.9                    | 6   | 14022,14197,14372,14028,14203,14378 | -3.11     | -62.08   |
| 6   | 60         | 10000000 | 625000    | 156250   | 1048576 | 128   | 16   | io_uring | 12        | 16  | increase  | desc        | desc       | 32         | 5.37     | 2.21                   | 6   | 12447,12622,12797,12453,12628,12803 | -3.16     | -58.85   |
| 15  | 80         | 10000000 | 2500000   | 117648   | 1048576 | 2     | 4    | io_uring | 12        | 16  | decrease  | asc         | desc       | 128        | 7.18     | 4.02                   | 6   | 33167,33356,33545,33173,33362,33551 | -3.16     | -44.01   |
| 5   | 60         | 10000000 | 625000    | 156250   | 1048576 | 128   | 16   | io_uring | 12        | 16  | increase  | asc         | asc        | 32         | 5.35     | 2.18                   | 6   | 9822,9997,10172,9828,10003,10178    | -3.17     | -59.25   |
| 15  | 80         | 10000000 | 2500000   | 117648   | 1048576 | 2     | 4    | worker   | 12        | 16  | decrease  | asc         | asc        | 128        | 6.38     | 3.17                   | 6   | 31466,31655,31844,31472,31661,31850 | -3.21     | -50.31   |
| 4   | 80         | 10000000 | 1250000   | 117648   | 4       | 2048  | 8    | worker   | 12        | 16  | decrease  | desc        | asc        | 2048       | 13.16    | 9.95                   | 6   | 6630,6812,6994,6636,6818,7000       | -3.21     | -24.39   |
| 11  | 80         | 10000000 | 10000000  | 117648   | 16      | 32    | 1    | worker   | 12        | 16  | decrease  | asc         | asc        | 16384      | 8.7      | 5.42                   | 6   | 22107,22310,22513,22113,22316,22519 | -3.28     | -37.7    |
| 9   | 80         | 10000000 | 10000000  | 117648   | 16      | 32    | 1    | io_uring | 12        | 16  | increase  | asc         | desc       | 16384      | 12.85    | 9.45                   | 6   | 19062,19265,19468,19068,19271,19474 | -3.4      | -26.46   |
| 9   | 80         | 10000000 | 10000000  | 117648   | 16      | 32    | 1    | worker   | 12        | 16  | increase  | asc         | desc       | 65536      | 54.44    | 50.95                  | 6   | 17858,18061,18264,17864,18067,18270 | -3.49     | -6.41    |
| 10  | 80         | 10000000 | 10000000  | 117648   | 16      | 32    | 1    | worker   | 12        | 16  | increase  | desc        | desc       | 16384      | 10.56    | 7.02                   | 6   | 20280,20483,20686,20286,20489,20692 | -3.54     | -33.52   |
| 13  | 80         | 10000000 | 2500000   | 117648   | 1048576 | 2     | 4    | worker   | 12        | 16  | increase  | asc         | desc       | 128        | 6.24     | 2.55                   | 6   | 27497,27686,27875,27503,27692,27881 | -3.69     | -59.13   |
| 13  | 80         | 10000000 | 2500000   | 117648   | 1048576 | 2     | 4    | io_uring | 12        | 16  | increase  | asc         | desc       | 128        | 7.12     | 3.34                   | 6   | 28631,28820,29009,28637,28826,29015 | -3.78     | -53.09   |
| 3   | 80         | 10000000 | 1250000   | 117648   | 4       | 2048  | 8    | worker   | 12        | 16  | decrease  | asc         | asc        | 2048       | 11.53    | 7.51                   | 6   | 4446,4628,4810,4452,4634,4816       | -4.02     | -34.87   |
| 10  | 80         | 10000000 | 10000000  | 117648   | 16      | 32    | 1    | worker   | 12        | 16  | increase  | desc        | desc       | 32768      | 21.5     | 17.46                  | 6   | 20287,20490,20693,20293,20496,20699 | -4.04     | -18.79   |
| 16  | 80         | 10000000 | 2500000   | 117648   | 1048576 | 2     | 4    | worker   | 12        | 16  | decrease  | desc        | desc       | 128        | 7.18     | 3.07                   | 6   | 34301,34490,34679,34307,34496,34685 | -4.11     | -57.24   |
| 16  | 80         | 10000000 | 2500000   | 117648   | 1048576 | 2     | 4    | io_uring | 12        | 16  | decrease  | desc        | asc        | 128        | 7.34     | 3.02                   | 6   | 34868,35057,35246,34874,35063,35252 | -4.32     | -58.86   |
| 4   | 80         | 10000000 | 1250000   | 117648   | 4       | 2048  | 8    | io_uring | 12        | 16  | decrease  | desc        | asc        | 2048       | 14.85    | 10.47                  | 6   | 7722,7904,8086,7728,7910,8092       | -4.38     | -29.49   |
| 15  | 80         | 10000000 | 2500000   | 117648   | 1048576 | 2     | 4    | io_uring | 12        | 16  | decrease  | asc         | asc        | 128        | 7.04     | 2.64                   | 6   | 32600,32789,32978,32606,32795,32984 | -4.4      | -62.5    |
| 3   | 80         | 10000000 | 1250000   | 117648   | 4       | 2048  | 8    | worker   | 12        | 16  | decrease  | asc         | asc        | 4096       | 21.01    | 16.55                  | 6   | 4453,4635,4817,4459,4641,4823       | -4.46     | -21.23   |
| 2   | 80         | 10000000 | 1250000   | 117648   | 4       | 2048  | 8    | io_uring | 12        | 16  | increase  | desc        | desc       | 4096       | 25.36    | 20.83                  | 6   | 3907,4089,4271,3913,4095,4277       | -4.53     | -17.86   |
| 8   | 60         | 10000000 | 625000    | 156250   | 1048576 | 128   | 16   | worker   | 12        | 16  | decrease  | desc        | asc        | 64         | 8.16     | 3.37                   | 6   | 15079,15254,15429,15085,15260,15435 | -4.79     | -58.7    |
| 3   | 80         | 10000000 | 1250000   | 117648   | 4       | 2048  | 8    | io_uring | 12        | 16  | decrease  | asc         | asc        | 2048       | 12.63    | 7.78                   | 6   | 5538,5720,5902,5544,5726,5908       | -4.85     | -38.4    |
| 9   | 80         | 10000000 | 10000000  | 117648   | 16      | 32    | 1    | worker   | 12        | 16  | increase  | asc         | desc       | 32768      | 26.17    | 21.1                   | 6   | 17851,18054,18257,17857,18060,18263 | -5.07     | -19.37   |
| 1   | 80         | 10000000 | 1250000   | 117648   | 4       | 2048  | 8    | worker   | 12        | 16  | increase  | asc         | desc       | 4096       | 26.5     | 21.26                  | 6   | 631,813,995,637,819,1001            | -5.24     | -19.77   |
| 8   | 60         | 10000000 | 625000    | 156250   | 1048576 | 128   | 16   | io_uring | 12        | 16  | decrease  | desc        | asc        | 64         | 9.56     | 4.1                    | 6   | 16129,16304,16479,16135,16310,16485 | -5.46     | -57.11   |
| 6   | 60         | 10000000 | 625000    | 156250   | 1048576 | 128   | 16   | worker   | 12        | 16  | increase  | desc        | asc        | 64         | 8.51     | 3.0                    | 6   | 10879,11054,11229,10885,11060,11235 | -5.51     | -64.75   |
| 2   | 80         | 10000000 | 1250000   | 117648   | 4       | 2048  | 8    | io_uring | 12        | 16  | increase  | desc        | desc       | 2048       | 13.7     | 8.11                   | 6   | 3900,4082,4264,3906,4088,4270       | -5.59     | -40.8    |
| 7   | 60         | 10000000 | 625000    | 156250   | 1048576 | 128   | 16   | worker   | 12        | 16  | decrease  | asc         | asc        | 64         | 8.79     | 3.17                   | 6   | 12979,13154,13329,12985,13160,13335 | -5.62     | -63.94   |
| 7   | 60         | 10000000 | 625000    | 156250   | 1048576 | 128   | 16   | worker   | 12        | 16  | decrease  | asc         | desc       | 64         | 8.78     | 3.14                   | 6   | 13504,13679,13854,13510,13685,13860 | -5.64     | -64.24   |
| 6   | 60         | 10000000 | 625000    | 156250   | 1048576 | 128   | 16   | worker   | 12        | 16  | increase  | desc        | desc       | 64         | 9.17     | 3.53                   | 6   | 11404,11579,11754,11410,11585,11760 | -5.64     | -61.5    |
| 17  | 20         | 10000000 | 2500000   | 476191   | 4194304 | 128   | 4    | io_uring | 12        | 16  | increase  | asc         | desc       | 64         | 12.8     | 6.88                   | 6   | 37696,37885,38074,37702,37891,38080 | -5.92     | -46.25   |
| 8   | 60         | 10000000 | 625000    | 156250   | 1048576 | 128   | 16   | worker   | 12        | 16  | decrease  | desc        | desc       | 64         | 8.76     | 2.62                   | 6   | 15604,15779,15954,15610,15785,15960 | -6.14     | -70.09   |
| 5   | 60         | 10000000 | 625000    | 156250   | 1048576 | 128   | 16   | worker   | 12        | 16  | increase  | asc         | asc        | 64         | 8.89     | 2.7                    | 6   | 8779,8954,9129,8785,8960,9135       | -6.19     | -69.63   |
| 5   | 60         | 10000000 | 625000    | 156250   | 1048576 | 128   | 16   | io_uring | 12        | 16  | increase  | asc         | desc       | 64         | 9.84     | 3.58                   | 6   | 10354,10529,10704,10360,10535,10710 | -6.26     | -63.62   |
| 5   | 60         | 10000000 | 625000    | 156250   | 1048576 | 128   | 16   | worker   | 12        | 16  | increase  | asc         | desc       | 64         | 9.98     | 3.57                   | 6   | 9304,9479,9654,9310,9485,9660       | -6.41     | -64.23   |
| 18  | 20         | 10000000 | 2500000   | 476191   | 4194304 | 128   | 4    | worker   | 12        | 16  | increase  | desc        | desc       | 64         | 11.65    | 5.15                   | 4   | 38830,39019,38836,39025             | -6.5      | -55.79   |
| 9   | 80         | 10000000 | 10000000  | 117648   | 16      | 32    | 1    | io_uring | 12        | 16  | increase  | asc         | desc       | 32768      | 26.54    | 19.88                  | 6   | 19069,19272,19475,19075,19278,19481 | -6.66     | -25.09   |
| 6   | 60         | 10000000 | 625000    | 156250   | 1048576 | 128   | 16   | io_uring | 12        | 16  | increase  | desc        | asc        | 64         | 9.98     | 3.23                   | 6   | 11929,12104,12279,11935,12110,12285 | -6.75     | -67.64   |
| 7   | 60         | 10000000 | 625000    | 156250   | 1048576 | 128   | 16   | io_uring | 12        | 16  | decrease  | asc         | desc       | 64         | 9.55     | 2.76                   | 6   | 14554,14729,14904,14560,14735,14910 | -6.79     | -71.1    |
| 11  | 80         | 10000000 | 10000000  | 117648   | 16      | 32    | 1    | worker   | 12        | 16  | decrease  | asc         | asc        | 32768      | 17.71    | 10.92                  | 6   | 22114,22317,22520,22120,22323,22526 | -6.79     | -38.34   |
| 15  | 80         | 10000000 | 2500000   | 117648   | 1048576 | 2     | 4    | worker   | 12        | 16  | decrease  | asc         | asc        | 256        | 12.0     | 5.16                   | 6   | 31473,31662,31851,31479,31668,31857 | -6.84     | -57.0    |
| 6   | 60         | 10000000 | 625000    | 156250   | 1048576 | 128   | 16   | io_uring | 12        | 16  | increase  | desc        | desc       | 64         | 10.29    | 3.4                    | 6   | 12454,12629,12804,12460,12635,12810 | -6.89     | -66.96   |
| 11  | 80         | 10000000 | 10000000  | 117648   | 16      | 32    | 1    | io_uring | 12        | 16  | decrease  | asc         | asc        | 65536      | 44.66    | 37.75                  | 6   | 23339,23542,23745,23345,23548,23751 | -6.91     | -15.47   |
| 5   | 60         | 10000000 | 625000    | 156250   | 1048576 | 128   | 16   | io_uring | 12        | 16  | increase  | asc         | asc        | 64         | 9.93     | 3.02                   | 6   | 9829,10004,10179,9835,10010,10185   | -6.91     | -69.59   |
| 10  | 80         | 10000000 | 10000000  | 117648   | 16      | 32    | 1    | io_uring | 12        | 16  | increase  | desc        | desc       | 65536      | 43.73    | 36.61                  | 6   | 21512,21715,21918,21518,21721,21924 | -7.12     | -16.28   |
| 10  | 80         | 10000000 | 10000000  | 117648   | 16      | 32    | 1    | io_uring | 12        | 16  | increase  | desc        | desc       | 32768      | 20.64    | 13.15                  | 6   | 21505,21708,21911,21511,21714,21917 | -7.49     | -36.29   |
| 8   | 60         | 10000000 | 625000    | 156250   | 1048576 | 128   | 16   | io_uring | 12        | 16  | decrease  | desc        | desc       | 64         | 10.61    | 3.11                   | 6   | 16654,16829,17004,16660,16835,17010 | -7.5      | -70.69   |
| 16  | 80         | 10000000 | 2500000   | 117648   | 1048576 | 2     | 4    | worker   | 12        | 16  | decrease  | desc        | asc        | 256        | 12.01    | 4.5                    | 6   | 33741,33930,34119,33747,33936,34125 | -7.51     | -62.53   |
| 7   | 60         | 10000000 | 625000    | 156250   | 1048576 | 128   | 16   | io_uring | 12        | 16  | decrease  | asc         | asc        | 64         | 9.58     | 1.96                   | 6   | 14029,14204,14379,14035,14210,14385 | -7.62     | -79.54   |
| 4   | 80         | 10000000 | 1250000   | 117648   | 4       | 2048  | 8    | worker   | 12        | 16  | decrease  | desc        | asc        | 4096       | 24.65    | 16.85                  | 6   | 6637,6819,7001,6643,6825,7007       | -7.8      | -31.64   |
| 13  | 80         | 10000000 | 2500000   | 117648   | 1048576 | 2     | 4    | worker   | 12        | 16  | increase  | asc         | desc       | 256        | 12.27    | 4.07                   | 6   | 27504,27693,27882,27510,27699,27888 | -8.2      | -66.83   |
| 16  | 80         | 10000000 | 2500000   | 117648   | 1048576 | 2     | 4    | io_uring | 12        | 16  | decrease  | desc        | asc        | 256        | 14.2     | 5.9                    | 6   | 34875,35064,35253,34881,35070,35259 | -8.3      | -58.45   |
| 13  | 80         | 10000000 | 2500000   | 117648   | 1048576 | 2     | 4    | worker   | 12        | 16  | increase  | asc         | asc        | 256        | 12.37    | 4.05                   | 6   | 26937,27126,27315,26943,27132,27321 | -8.32     | -67.26   |
| 15  | 80         | 10000000 | 2500000   | 117648   | 1048576 | 2     | 4    | io_uring | 12        | 16  | decrease  | asc         | desc       | 256        | 13.76    | 5.34                   | 6   | 33174,33363,33552,33180,33369,33558 | -8.42     | -61.19   |
| 4   | 80         | 10000000 | 1250000   | 117648   | 4       | 2048  | 8    | io_uring | 12        | 16  | decrease  | desc        | asc        | 4096       | 28.71    | 20.16                  | 6   | 7729,7911,8093,7735,7917,8099       | -8.55     | -29.78   |
| 15  | 80         | 10000000 | 2500000   | 117648   | 1048576 | 2     | 4    | worker   | 12        | 16  | decrease  | asc         | desc       | 256        | 12.03    | 3.41                   | 6   | 32040,32229,32418,32046,32235,32424 | -8.62     | -71.65   |
| 14  | 80         | 10000000 | 2500000   | 117648   | 1048576 | 2     | 4    | worker   | 12        | 16  | increase  | desc        | asc        | 256        | 12.14    | 3.47                   | 6   | 29205,29394,29583,29211,29400,29589 | -8.67     | -71.42   |
| 11  | 80         | 10000000 | 10000000  | 117648   | 16      | 32    | 1    | worker   | 12        | 16  | decrease  | asc         | asc        | 262144     | 149.41   | 140.63                 | 6   | 22135,22338,22541,22141,22344,22547 | -8.78     | -5.88    |
| 16  | 80         | 10000000 | 2500000   | 117648   | 1048576 | 2     | 4    | worker   | 12        | 16  | decrease  | desc        | desc       | 256        | 13.38    | 4.39                   | 6   | 34308,34497,34686,34314,34503,34692 | -8.99     | -67.19   |
| 13  | 80         | 10000000 | 2500000   | 117648   | 1048576 | 2     | 4    | io_uring | 12        | 16  | increase  | asc         | desc       | 256        | 13.97    | 4.65                   | 6   | 28638,28827,29016,28644,28833,29022 | -9.32     | -66.71   |
| 18  | 20         | 10000000 | 2500000   | 476191   | 4194304 | 128   | 4    | worker   | 12        | 16  | increase  | desc        | asc        | 128        | 19.0     | 9.68                   | 6   | 38270,38459,38648,38276,38465,38654 | -9.32     | -49.05   |
| 3   | 80         | 10000000 | 1250000   | 117648   | 4       | 2048  | 8    | io_uring | 12        | 16  | decrease  | asc         | asc        | 4096       | 23.45    | 14.04                  | 6   | 5545,5727,5909,5551,5733,5915       | -9.41     | -40.13   |
| 16  | 80         | 10000000 | 2500000   | 117648   | 1048576 | 2     | 4    | io_uring | 12        | 16  | decrease  | desc        | desc       | 256        | 14.35    | 4.82                   | 6   | 35442,35631,35820,35448,35637,35826 | -9.53     | -66.41   |
| 1   | 80         | 10000000 | 1250000   | 117648   | 4       | 2048  | 8    | io_uring | 12        | 16  | increase  | asc         | desc       | 4096       | 27.55    | 18.0                   | 6   | 1723,1905,2087,1729,1911,2093       | -9.55     | -34.66   |
| 11  | 80         | 10000000 | 10000000  | 117648   | 16      | 32    | 1    | io_uring | 12        | 16  | decrease  | asc         | asc        | 32768      | 21.6     | 12.05                  | 6   | 23332,23535,23738,23338,23541,23744 | -9.55     | -44.21   |
| 17  | 20         | 10000000 | 2500000   | 476191   | 4194304 | 128   | 4    | worker   | 12        | 16  | increase  | asc         | asc        | 128        | 19.42    | 9.84                   | 6   | 36002,36191,36380,36008,36197,36386 | -9.58     | -49.33   |
| 14  | 80         | 10000000 | 2500000   | 117648   | 1048576 | 2     | 4    | io_uring | 12        | 16  | increase  | desc        | asc        | 256        | 15.18    | 5.48                   | 6   | 30339,30528,30717,30345,30534,30723 | -9.7      | -63.9    |
| 2   | 80         | 10000000 | 1250000   | 117648   | 4       | 2048  | 8    | worker   | 12        | 16  | increase  | desc        | desc       | 8192       | 47.33    | 37.59                  | 6   | 2822,3004,3186,2828,3010,3192       | -9.74     | -20.58   |
| 12  | 80         | 10000000 | 10000000  | 117648   | 16      | 32    | 1    | worker   | 12        | 16  | decrease  | desc        | asc        | 65536      | 44.21    | 34.44                  | 6   | 24557,24760,24963,24563,24766,24969 | -9.77     | -22.1    |
| 15  | 80         | 10000000 | 2500000   | 117648   | 1048576 | 2     | 4    | io_uring | 12        | 16  | decrease  | asc         | asc        | 256        | 13.87    | 3.81                   | 6   | 32607,32796,32985,32613,32802,32991 | -10.06    | -72.53   |
| 12  | 80         | 10000000 | 10000000  | 117648   | 16      | 32    | 1    | io_uring | 12        | 16  | decrease  | desc        | asc        | 32768      | 24.89    | 14.78                  | 6   | 25768,25971,26174,25774,25977,26180 | -10.11    | -40.62   |
| 14  | 80         | 10000000 | 2500000   | 117648   | 1048576 | 2     | 4    | worker   | 12        | 16  | increase  | desc        | desc       | 256        | 14.87    | 4.65                   | 6   | 29772,29961,30150,29778,29967,30156 | -10.22    | -68.73   |
| 13  | 80         | 10000000 | 2500000   | 117648   | 1048576 | 2     | 4    | io_uring | 12        | 16  | increase  | asc         | asc        | 256        | 14.21    | 3.4                    | 6   | 28071,28260,28449,28077,28266,28455 | -10.81    | -76.07   |
| 14  | 80         | 10000000 | 2500000   | 117648   | 1048576 | 2     | 4    | io_uring | 12        | 16  | increase  | desc        | desc       | 256        | 16.14    | 5.21                   | 6   | 30906,31095,31284,30912,31101,31290 | -10.93    | -67.72   |
| 2   | 80         | 10000000 | 1250000   | 117648   | 4       | 2048  | 8    | io_uring | 12        | 16  | increase  | desc        | desc       | 8192       | 46.09    | 34.48                  | 6   | 3914,4096,4278,3920,4102,4284       | -11.61    | -25.19   |
| 6   | 60         | 10000000 | 625000    | 156250   | 1048576 | 128   | 16   | worker   | 12        | 16  | increase  | desc        | asc        | 128        | 16.57    | 4.35                   | 6   | 10886,11061,11236,10892,11067,11242 | -12.22    | -73.75   |
| 17  | 20         | 10000000 | 2500000   | 476191   | 4194304 | 128   | 4    | worker   | 12        | 16  | increase  | asc         | desc       | 128        | 24.31    | 12.03                  | 6   | 36569,36758,36947,36575,36764,36953 | -12.28    | -50.51   |
| 7   | 60         | 10000000 | 625000    | 156250   | 1048576 | 128   | 16   | worker   | 12        | 16  | decrease  | asc         | desc       | 128        | 17.24    | 4.77                   | 6   | 13511,13686,13861,13517,13692,13867 | -12.47    | -72.33   |
| 8   | 60         | 10000000 | 625000    | 156250   | 1048576 | 128   | 16   | worker   | 12        | 16  | decrease  | desc        | asc        | 128        | 16.54    | 3.46                   | 6   | 15086,15261,15436,15092,15267,15442 | -13.08    | -79.08   |
| 8   | 60         | 10000000 | 625000    | 156250   | 1048576 | 128   | 16   | worker   | 12        | 16  | decrease  | desc        | desc       | 128        | 16.77    | 3.48                   | 6   | 15611,15786,15961,15617,15792,15967 | -13.29    | -79.25   |
| 5   | 60         | 10000000 | 625000    | 156250   | 1048576 | 128   | 16   | worker   | 12        | 16  | increase  | asc         | desc       | 128        | 19.94    | 6.48                   | 6   | 9311,9486,9661,9317,9492,9667       | -13.46    | -67.5    |
| 9   | 80         | 10000000 | 10000000  | 117648   | 16      | 32    | 1    | io_uring | 12        | 16  | increase  | asc         | desc       | 65536      | 53.9     | 40.34                  | 6   | 19076,19279,19482,19082,19285,19488 | -13.56    | -25.16   |
| 6   | 60         | 10000000 | 625000    | 156250   | 1048576 | 128   | 16   | io_uring | 12        | 16  | increase  | desc        | asc        | 128        | 19.88    | 6.21                   | 6   | 11936,12111,12286,11942,12117,12292 | -13.67    | -68.76   |
| 7   | 60         | 10000000 | 625000    | 156250   | 1048576 | 128   | 16   | worker   | 12        | 16  | decrease  | asc         | asc        | 128        | 17.13    | 3.32                   | 6   | 12986,13161,13336,12992,13167,13342 | -13.81    | -80.62   |
| 17  | 20         | 10000000 | 2500000   | 476191   | 4194304 | 128   | 4    | io_uring | 12        | 16  | increase  | asc         | asc        | 128        | 23.87    | 10.03                  | 6   | 37136,37325,37514,37142,37331,37520 | -13.84    | -57.98   |
| 12  | 80         | 10000000 | 10000000  | 117648   | 16      | 32    | 1    | io_uring | 12        | 16  | decrease  | desc        | asc        | 65536      | 50.79    | 36.91                  | 6   | 25775,25978,26181,25781,25984,26187 | -13.88    | -27.33   |
| 7   | 60         | 10000000 | 625000    | 156250   | 1048576 | 128   | 16   | io_uring | 12        | 16  | decrease  | asc         | desc       | 128        | 18.69    | 4.8                    | 6   | 14561,14736,14911,14567,14742,14917 | -13.89    | -74.32   |
| 8   | 60         | 10000000 | 625000    | 156250   | 1048576 | 128   | 16   | io_uring | 12        | 16  | decrease  | desc        | asc        | 128        | 18.77    | 4.86                   | 6   | 16136,16311,16486,16142,16317,16492 | -13.91    | -74.11   |
| 5   | 60         | 10000000 | 625000    | 156250   | 1048576 | 128   | 16   | io_uring | 12        | 16  | increase  | asc         | desc       | 128        | 20.14    | 6.12                   | 6   | 10361,10536,10711,10367,10542,10717 | -14.02    | -69.61   |
| 5   | 60         | 10000000 | 625000    | 156250   | 1048576 | 128   | 16   | worker   | 12        | 16  | increase  | asc         | asc        | 128        | 17.19    | 3.17                   | 6   | 8786,8961,9136,8792,8967,9142       | -14.02    | -81.56   |
| 11  | 80         | 10000000 | 10000000  | 117648   | 16      | 32    | 1    | worker   | 12        | 16  | decrease  | asc         | asc        | 65536      | 37.64    | 23.47                  | 6   | 22121,22324,22527,22127,22330,22533 | -14.17    | -37.65   |
| 18  | 20         | 10000000 | 2500000   | 476191   | 4194304 | 128   | 4    | worker   | 12        | 16  | increase  | desc        | desc       | 128        | 22.92    | 8.67                   | 4   | 38837,39026,38843,39032             | -14.25    | -62.17   |
| 7   | 60         | 10000000 | 625000    | 156250   | 1048576 | 128   | 16   | io_uring | 12        | 16  | decrease  | asc         | asc        | 128        | 18.7     | 3.9                    | 6   | 14036,14211,14386,14042,14217,14392 | -14.8     | -79.14   |
| 4   | 80         | 10000000 | 1250000   | 117648   | 4       | 2048  | 8    | worker   | 12        | 16  | decrease  | desc        | asc        | 8192       | 47.77    | 32.82                  | 6   | 6644,6826,7008,6650,6832,7014       | -14.95    | -31.3    |
| 4   | 80         | 10000000 | 1250000   | 117648   | 4       | 2048  | 8    | io_uring | 12        | 16  | decrease  | desc        | asc        | 8192       | 54.6     | 39.45                  | 6   | 7736,7918,8100,7742,7924,8106       | -15.15    | -27.75   |
| 6   | 60         | 10000000 | 625000    | 156250   | 1048576 | 128   | 16   | worker   | 12        | 16  | increase  | desc        | desc       | 128        | 18.29    | 3.11                   | 6   | 11411,11586,11761,11417,11592,11767 | -15.18    | -83.0    |
| 10  | 80         | 10000000 | 10000000  | 117648   | 16      | 32    | 1    | worker   | 12        | 16  | increase  | desc        | desc       | 65536      | 42.89    | 27.4                   | 6   | 20294,20497,20700,20300,20503,20706 | -15.49    | -36.12   |
| 3   | 80         | 10000000 | 1250000   | 117648   | 4       | 2048  | 8    | worker   | 12        | 16  | decrease  | asc         | asc        | 8192       | 40.67    | 24.84                  | 6   | 4460,4642,4824,4466,4648,4830       | -15.83    | -38.92   |
| 5   | 60         | 10000000 | 625000    | 156250   | 1048576 | 128   | 16   | io_uring | 12        | 16  | increase  | asc         | asc        | 128        | 19.37    | 3.43                   | 6   | 9836,10011,10186,9842,10017,10192   | -15.94    | -82.29   |
| 17  | 20         | 10000000 | 2500000   | 476191   | 4194304 | 128   | 4    | io_uring | 12        | 16  | increase  | asc         | desc       | 128        | 25.4     | 9.23                   | 6   | 37703,37892,38081,37709,37898,38087 | -16.17    | -63.66   |
| 8   | 60         | 10000000 | 625000    | 156250   | 1048576 | 128   | 16   | io_uring | 12        | 16  | decrease  | desc        | desc       | 128        | 20.12    | 3.91                   | 6   | 16661,16836,17011,16667,16842,17017 | -16.21    | -80.57   |
| 1   | 80         | 10000000 | 1250000   | 117648   | 4       | 2048  | 8    | worker   | 12        | 16  | increase  | asc         | desc       | 8192       | 52.64    | 35.9                   | 6   | 638,820,1002,644,826,1008           | -16.74    | -31.8    |
| 6   | 60         | 10000000 | 625000    | 156250   | 1048576 | 128   | 16   | io_uring | 12        | 16  | increase  | desc        | desc       | 128        | 20.68    | 3.69                   | 6   | 12461,12636,12811,12467,12642,12817 | -16.99    | -82.16   |
| 10  | 80         | 10000000 | 10000000  | 117648   | 16      | 32    | 1    | worker   | 12        | 16  | increase  | desc        | desc       | 131072     | 87.31    | 70.25                  | 6   | 20301,20504,20707,20307,20510,20713 | -17.06    | -19.54   |
| 15  | 80         | 10000000 | 2500000   | 117648   | 1048576 | 2     | 4    | worker   | 12        | 16  | decrease  | asc         | desc       | 512        | 23.58    | 4.96                   | 6   | 32047,32236,32425,32053,32242,32431 | -18.62    | -78.97   |
| 15  | 80         | 10000000 | 2500000   | 117648   | 1048576 | 2     | 4    | worker   | 12        | 16  | decrease  | asc         | asc        | 512        | 23.68    | 4.91                   | 6   | 31480,31669,31858,31486,31675,31864 | -18.77    | -79.27   |
| 14  | 80         | 10000000 | 2500000   | 117648   | 1048576 | 2     | 4    | worker   | 12        | 16  | increase  | desc        | asc        | 512        | 23.3     | 4.3                    | 6   | 29212,29401,29590,29218,29407,29596 | -19.0     | -81.55   |
| 16  | 80         | 10000000 | 2500000   | 117648   | 1048576 | 2     | 4    | worker   | 12        | 16  | decrease  | desc        | asc        | 512        | 23.53    | 4.34                   | 6   | 33748,33937,34126,33754,33943,34132 | -19.19    | -81.56   |
| 13  | 80         | 10000000 | 2500000   | 117648   | 1048576 | 2     | 4    | worker   | 12        | 16  | increase  | asc         | desc       | 512        | 24.23    | 4.75                   | 6   | 27511,27700,27889,27517,27706,27895 | -19.48    | -80.4    |
| 15  | 80         | 10000000 | 2500000   | 117648   | 1048576 | 2     | 4    | io_uring | 12        | 16  | decrease  | asc         | desc       | 512        | 26.67    | 7.03                   | 6   | 33181,33370,33559,33187,33376,33565 | -19.64    | -73.64   |
| 1   | 80         | 10000000 | 1250000   | 117648   | 4       | 2048  | 8    | io_uring | 12        | 16  | increase  | asc         | desc       | 8192       | 53.37    | 33.46                  | 6   | 1730,1912,2094,1736,1918,2100       | -19.91    | -37.31   |
| 13  | 80         | 10000000 | 2500000   | 117648   | 1048576 | 2     | 4    | worker   | 12        | 16  | increase  | asc         | asc        | 512        | 24.38    | 4.0                    | 6   | 26944,27133,27322,26950,27139,27328 | -20.38    | -83.59   |
| 3   | 80         | 10000000 | 1250000   | 117648   | 4       | 2048  | 8    | io_uring | 12        | 16  | decrease  | asc         | asc        | 8192       | 45.2     | 24.81                  | 6   | 5552,5734,5916,5558,5740,5922       | -20.39    | -45.11   |
| 15  | 80         | 10000000 | 2500000   | 117648   | 1048576 | 2     | 4    | io_uring | 12        | 16  | decrease  | asc         | asc        | 512        | 26.5     | 5.67                   | 6   | 32614,32803,32992,32620,32809,32998 | -20.83    | -78.6    |
| 16  | 80         | 10000000 | 2500000   | 117648   | 1048576 | 2     | 4    | io_uring | 12        | 16  | decrease  | desc        | asc        | 512        | 27.24    | 6.24                   | 6   | 34882,35071,35260,34888,35077,35266 | -21.0     | -77.09   |
| 13  | 80         | 10000000 | 2500000   | 117648   | 1048576 | 2     | 4    | io_uring | 12        | 16  | increase  | asc         | asc        | 512        | 28.02    | 6.8                    | 6   | 28078,28267,28456,28084,28273,28462 | -21.22    | -75.73   |
| 16  | 80         | 10000000 | 2500000   | 117648   | 1048576 | 2     | 4    | worker   | 12        | 16  | decrease  | desc        | desc       | 512        | 26.88    | 5.06                   | 6   | 34315,34504,34693,34321,34510,34699 | -21.82    | -81.18   |
| 16  | 80         | 10000000 | 2500000   | 117648   | 1048576 | 2     | 4    | io_uring | 12        | 16  | decrease  | desc        | desc       | 512        | 28.21    | 5.93                   | 6   | 35449,35638,35827,35455,35644,35833 | -22.28    | -78.98   |
| 13  | 80         | 10000000 | 2500000   | 117648   | 1048576 | 2     | 4    | io_uring | 12        | 16  | increase  | asc         | desc       | 512        | 27.88    | 5.54                   | 6   | 28645,28834,29023,28651,28840,29029 | -22.34    | -80.13   |
| 14  | 80         | 10000000 | 2500000   | 117648   | 1048576 | 2     | 4    | io_uring | 12        | 16  | increase  | desc        | asc        | 512        | 29.77    | 6.04                   | 6   | 30346,30535,30724,30352,30541,30730 | -23.73    | -79.71   |
| 14  | 80         | 10000000 | 2500000   | 117648   | 1048576 | 2     | 4    | io_uring | 12        | 16  | increase  | desc        | desc       | 512        | 31.25    | 7.43                   | 6   | 30913,31102,31291,30919,31108,31297 | -23.82    | -76.22   |
| 14  | 80         | 10000000 | 2500000   | 117648   | 1048576 | 2     | 4    | worker   | 12        | 16  | increase  | desc        | desc       | 512        | 29.45    | 5.58                   | 6   | 29779,29968,30157,29785,29974,30163 | -23.87    | -81.05   |
| 9   | 80         | 10000000 | 10000000  | 117648   | 16      | 32    | 1    | worker   | 12        | 16  | increase  | asc         | desc       | 131072     | 108.24   | 84.33                  | 6   | 17865,18068,18271,17871,18074,18277 | -23.91    | -22.09   |
| 6   | 60         | 10000000 | 625000    | 156250   | 1048576 | 128   | 16   | worker   | 12        | 16  | increase  | desc        | asc        | 256        | 32.41    | 7.6                    | 6   | 10893,11068,11243,10899,11074,11249 | -24.81    | -76.55   |
| 8   | 60         | 10000000 | 625000    | 156250   | 1048576 | 128   | 16   | worker   | 12        | 16  | decrease  | desc        | asc        | 256        | 32.25    | 7.16                   | 6   | 15093,15268,15443,15099,15274,15449 | -25.09    | -77.8    |
| 8   | 60         | 10000000 | 625000    | 156250   | 1048576 | 128   | 16   | io_uring | 12        | 16  | decrease  | desc        | asc        | 256        | 36.04    | 9.34                   | 6   | 16143,16318,16493,16149,16324,16499 | -26.7     | -74.08   |
| 7   | 60         | 10000000 | 625000    | 156250   | 1048576 | 128   | 16   | worker   | 12        | 16  | decrease  | asc         | desc       | 256        | 34.27    | 6.91                   | 6   | 13518,13693,13868,13524,13699,13874 | -27.36    | -79.84   |
| 18  | 20         | 10000000 | 2500000   | 476191   | 4194304 | 128   | 4    | worker   | 12        | 16  | increase  | desc        | asc        | 256        | 38.19    | 10.51                  | 6   | 38277,38466,38655,38283,38472,38661 | -27.68    | -72.48   |
| 12  | 80         | 10000000 | 10000000  | 117648   | 16      | 32    | 1    | worker   | 12        | 16  | decrease  | desc        | asc        | 131072     | 87.02    | 59.3                   | 6   | 24564,24767,24970,24570,24773,24976 | -27.72    | -31.85   |
| 7   | 60         | 10000000 | 625000    | 156250   | 1048576 | 128   | 16   | worker   | 12        | 16  | decrease  | asc         | asc        | 256        | 32.77    | 4.7                    | 6   | 12993,13168,13343,12999,13174,13349 | -28.07    | -85.66   |
| 10  | 80         | 10000000 | 10000000  | 117648   | 16      | 32    | 1    | io_uring | 12        | 16  | increase  | desc        | desc       | 262144     | 173.88   | 145.73                 | 6   | 21526,21729,21932,21532,21735,21938 | -28.15    | -16.19   |
| 8   | 60         | 10000000 | 625000    | 156250   | 1048576 | 128   | 16   | worker   | 12        | 16  | decrease  | desc        | desc       | 256        | 33.05    | 4.57                   | 6   | 15618,15793,15968,15624,15799,15974 | -28.48    | -86.17   |
| 7   | 60         | 10000000 | 625000    | 156250   | 1048576 | 128   | 16   | io_uring | 12        | 16  | decrease  | asc         | desc       | 256        | 36.97    | 7.96                   | 6   | 14568,14743,14918,14574,14749,14924 | -29.01    | -78.47   |
| 17  | 20         | 10000000 | 2500000   | 476191   | 4194304 | 128   | 4    | io_uring | 12        | 16  | increase  | asc         | asc        | 256        | 46.07    | 16.87                  | 6   | 37143,37332,37521,37149,37338,37527 | -29.2     | -63.38   |
| 5   | 60         | 10000000 | 625000    | 156250   | 1048576 | 128   | 16   | worker   | 12        | 16  | increase  | asc         | asc        | 256        | 33.4     | 3.85                   | 6   | 8793,8968,9143,8799,8974,9149       | -29.55    | -88.47   |
| 11  | 80         | 10000000 | 10000000  | 117648   | 16      | 32    | 1    | worker   | 12        | 16  | decrease  | asc         | asc        | 131072     | 76.31    | 46.72                  | 6   | 22128,22331,22534,22134,22337,22540 | -29.59    | -38.78   |
| 5   | 60         | 10000000 | 625000    | 156250   | 1048576 | 128   | 16   | io_uring | 12        | 16  | increase  | asc         | desc       | 256        | 38.58    | 8.5                    | 6   | 10368,10543,10718,10374,10549,10724 | -30.08    | -77.97   |
| 17  | 20         | 10000000 | 2500000   | 476191   | 4194304 | 128   | 4    | worker   | 12        | 16  | increase  | asc         | asc        | 256        | 38.55    | 8.47                   | 6   | 36009,36198,36387,36015,36204,36393 | -30.08    | -78.03   |
| 6   | 60         | 10000000 | 625000    | 156250   | 1048576 | 128   | 16   | io_uring | 12        | 16  | increase  | desc        | asc        | 256        | 39.34    | 8.77                   | 6   | 11943,12118,12293,11949,12124,12299 | -30.57    | -77.71   |
| 6   | 60         | 10000000 | 625000    | 156250   | 1048576 | 128   | 16   | worker   | 12        | 16  | increase  | desc        | desc       | 256        | 35.53    | 4.88                   | 6   | 11418,11593,11768,11424,11599,11774 | -30.65    | -86.27   |
| 17  | 20         | 10000000 | 2500000   | 476191   | 4194304 | 128   | 4    | worker   | 12        | 16  | increase  | asc         | desc       | 256        | 47.12    | 16.27                  | 6   | 36576,36765,36954,36582,36771,36960 | -30.85    | -65.47   |
| 9   | 80         | 10000000 | 10000000  | 117648   | 16      | 32    | 1    | io_uring | 12        | 16  | increase  | asc         | desc       | 262144     | 216.44   | 185.19                 | 6   | 19090,19293,19496,19096,19299,19502 | -31.25    | -14.44   |
| 5   | 60         | 10000000 | 625000    | 156250   | 1048576 | 128   | 16   | worker   | 12        | 16  | increase  | asc         | desc       | 256        | 39.41    | 8.15                   | 6   | 9318,9493,9668,9324,9499,9674       | -31.26    | -79.32   |
| 5   | 60         | 10000000 | 625000    | 156250   | 1048576 | 128   | 16   | io_uring | 12        | 16  | increase  | asc         | asc        | 256        | 36.86    | 4.69                   | 6   | 9843,10018,10193,9849,10024,10199   | -32.17    | -87.28   |
| 7   | 60         | 10000000 | 625000    | 156250   | 1048576 | 128   | 16   | io_uring | 12        | 16  | decrease  | asc         | asc        | 256        | 36.14    | 3.37                   | 6   | 14043,14218,14393,14049,14224,14399 | -32.77    | -90.68   |
| 17  | 20         | 10000000 | 2500000   | 476191   | 4194304 | 128   | 4    | io_uring | 12        | 16  | increase  | asc         | desc       | 256        | 49.29    | 16.39                  | 6   | 37710,37899,38088,37716,37905,38094 | -32.9     | -66.75   |
| 6   | 60         | 10000000 | 625000    | 156250   | 1048576 | 128   | 16   | io_uring | 12        | 16  | increase  | desc        | desc       | 256        | 39.26    | 5.5                    | 6   | 12468,12643,12818,12474,12649,12824 | -33.76    | -85.99   |
| 3   | 80         | 10000000 | 1250000   | 117648   | 4       | 2048  | 8    | worker   | 12        | 16  | decrease  | asc         | asc        | 16384      | 80.09    | 46.0                   | 6   | 4467,4649,4831,4473,4655,4837       | -34.09    | -42.56   |
| 18  | 20         | 10000000 | 2500000   | 476191   | 4194304 | 128   | 4    | worker   | 12        | 16  | increase  | desc        | desc       | 256        | 46.38    | 11.09                  | 4   | 38844,39033,38850,39039             | -35.29    | -76.09   |
| 4   | 80         | 10000000 | 1250000   | 117648   | 4       | 2048  | 8    | worker   | 12        | 16  | decrease  | desc        | asc        | 16384      | 93.67    | 58.37                  | 6   | 6651,6833,7015,6657,6839,7021       | -35.3     | -37.69   |
| 8   | 60         | 10000000 | 625000    | 156250   | 1048576 | 128   | 16   | io_uring | 12        | 16  | decrease  | desc        | desc       | 256        | 39.41    | 3.78                   | 6   | 16668,16843,17018,16674,16849,17024 | -35.63    | -90.41   |
| 11  | 80         | 10000000 | 10000000  | 117648   | 16      | 32    | 1    | io_uring | 12        | 16  | decrease  | asc         | asc        | 131072     | 86.25    | 50.26                  | 6   | 23346,23549,23752,23352,23555,23758 | -35.99    | -41.73   |
| 10  | 80         | 10000000 | 10000000  | 117648   | 16      | 32    | 1    | io_uring | 12        | 16  | increase  | desc        | desc       | 131072     | 87.42    | 51.16                  | 6   | 21519,21722,21925,21525,21728,21931 | -36.26    | -41.48   |
| 14  | 80         | 10000000 | 2500000   | 117648   | 1048576 | 2     | 4    | worker   | 12        | 16  | increase  | desc        | asc        | 1024       | 44.71    | 7.92                   | 6   | 29219,29408,29597,29225,29414,29603 | -36.79    | -82.29   |
| 3   | 80         | 10000000 | 1250000   | 117648   | 4       | 2048  | 8    | io_uring | 12        | 16  | decrease  | asc         | asc        | 16384      | 86.91    | 49.77                  | 6   | 5559,5741,5923,5565,5747,5929       | -37.14    | -42.73   |
| 13  | 80         | 10000000 | 2500000   | 117648   | 1048576 | 2     | 4    | worker   | 12        | 16  | increase  | asc         | desc       | 1024       | 46.22    | 8.85                   | 6   | 27518,27707,27896,27524,27713,27902 | -37.37    | -80.85   |
| 15  | 80         | 10000000 | 2500000   | 117648   | 1048576 | 2     | 4    | worker   | 12        | 16  | decrease  | asc         | desc       | 1024       | 45.58    | 7.31                   | 6   | 32054,32243,32432,32060,32249,32438 | -38.27    | -83.96   |
| 16  | 80         | 10000000 | 2500000   | 117648   | 1048576 | 2     | 4    | worker   | 12        | 16  | decrease  | desc        | asc        | 1024       | 45.78    | 7.39                   | 6   | 33755,33944,34133,33761,33950,34139 | -38.39    | -83.86   |
| 2   | 80         | 10000000 | 1250000   | 117648   | 4       | 2048  | 8    | worker   | 12        | 16  | increase  | desc        | desc       | 16384      | 91.5     | 52.67                  | 6   | 2829,3011,3193,2835,3017,3199       | -38.83    | -42.44   |
| 12  | 80         | 10000000 | 10000000  | 117648   | 16      | 32    | 1    | io_uring | 12        | 16  | decrease  | desc        | asc        | 131072     | 99.64    | 60.73                  | 6   | 25782,25985,26188,25788,25991,26194 | -38.91    | -39.05   |
| 13  | 80         | 10000000 | 2500000   | 117648   | 1048576 | 2     | 4    | worker   | 12        | 16  | increase  | asc         | asc        | 1024       | 46.45    | 7.42                   | 6   | 26951,27140,27329,26957,27146,27335 | -39.03    | -84.03   |
| 15  | 80         | 10000000 | 2500000   | 117648   | 1048576 | 2     | 4    | worker   | 12        | 16  | decrease  | asc         | asc        | 1024       | 46.14    | 6.47                   | 6   | 31487,31676,31865,31493,31682,31871 | -39.67    | -85.98   |
| 12  | 80         | 10000000 | 10000000  | 117648   | 16      | 32    | 1    | worker   | 12        | 16  | decrease  | desc        | asc        | 262144     | 181.18   | 140.71                 | 6   | 24571,24774,24977,24577,24780,24983 | -40.47    | -22.34   |
| 2   | 80         | 10000000 | 1250000   | 117648   | 4       | 2048  | 8    | io_uring | 12        | 16  | increase  | desc        | desc       | 16384      | 92.78    | 51.97                  | 6   | 3921,4103,4285,3927,4109,4291       | -40.81    | -43.99   |
| 1   | 80         | 10000000 | 1250000   | 117648   | 4       | 2048  | 8    | worker   | 12        | 16  | increase  | asc         | desc       | 16384      | 104.33   | 63.27                  | 6   | 645,827,1009,651,833,1015           | -41.06    | -39.36   |
| 9   | 80         | 10000000 | 10000000  | 117648   | 16      | 32    | 1    | io_uring | 12        | 16  | increase  | asc         | desc       | 131072     | 107.68   | 66.23                  | 6   | 19083,19286,19489,19089,19292,19495 | -41.45    | -38.49   |
| 15  | 80         | 10000000 | 2500000   | 117648   | 1048576 | 2     | 4    | io_uring | 12        | 16  | decrease  | asc         | desc       | 1024       | 51.78    | 9.56                   | 6   | 33188,33377,33566,33194,33383,33572 | -42.22    | -81.54   |
| 16  | 80         | 10000000 | 2500000   | 117648   | 1048576 | 2     | 4    | worker   | 12        | 16  | decrease  | desc        | desc       | 1024       | 51.66    | 8.5                    | 6   | 34322,34511,34700,34328,34517,34706 | -43.16    | -83.55   |
| 15  | 80         | 10000000 | 2500000   | 117648   | 1048576 | 2     | 4    | io_uring | 12        | 16  | decrease  | asc         | asc        | 1024       | 52.4     | 9.12                   | 6   | 32621,32810,32999,32627,32816,33005 | -43.28    | -82.6    |
| 13  | 80         | 10000000 | 2500000   | 117648   | 1048576 | 2     | 4    | io_uring | 12        | 16  | increase  | asc         | desc       | 1024       | 52.95    | 9.56                   | 6   | 28652,28841,29030,28658,28847,29036 | -43.39    | -81.95   |
| 4   | 80         | 10000000 | 1250000   | 117648   | 4       | 2048  | 8    | io_uring | 12        | 16  | decrease  | desc        | asc        | 16384      | 105.83   | 62.15                  | 6   | 7743,7925,8107,7749,7931,8113       | -43.68    | -41.27   |
| 13  | 80         | 10000000 | 2500000   | 117648   | 1048576 | 2     | 4    | io_uring | 12        | 16  | increase  | asc         | asc        | 1024       | 53.42    | 9.19                   | 6   | 28085,28274,28463,28091,28280,28469 | -44.23    | -82.8    |
| 16  | 80         | 10000000 | 2500000   | 117648   | 1048576 | 2     | 4    | io_uring | 12        | 16  | decrease  | desc        | asc        | 1024       | 54.62    | 10.12                  | 6   | 34889,35078,35267,34895,35084,35273 | -44.5     | -81.47   |
| 1   | 80         | 10000000 | 1250000   | 117648   | 4       | 2048  | 8    | io_uring | 12        | 16  | increase  | asc         | desc       | 16384      | 104.82   | 60.04                  | 6   | 1737,1919,2101,1743,1925,2107       | -44.78    | -42.72   |
| 16  | 80         | 10000000 | 2500000   | 117648   | 1048576 | 2     | 4    | io_uring | 12        | 16  | decrease  | desc        | desc       | 1024       | 54.24    | 9.24                   | 6   | 35456,35645,35834,35462,35651,35840 | -45.0     | -82.96   |
| 14  | 80         | 10000000 | 2500000   | 117648   | 1048576 | 2     | 4    | worker   | 12        | 16  | increase  | desc        | desc       | 1024       | 57.16    | 9.3                    | 6   | 29786,29975,30164,29792,29981,30170 | -47.86    | -83.73   |
| 14  | 80         | 10000000 | 2500000   | 117648   | 1048576 | 2     | 4    | io_uring | 12        | 16  | increase  | desc        | asc        | 1024       | 59.53    | 11.48                  | 6   | 30353,30542,30731,30359,30548,30737 | -48.05    | -80.72   |
| 14  | 80         | 10000000 | 2500000   | 117648   | 1048576 | 2     | 4    | io_uring | 12        | 16  | increase  | desc        | desc       | 1024       | 58.99    | 9.12                   | 6   | 30920,31109,31298,30926,31115,31304 | -49.87    | -84.54   |
| 6   | 60         | 10000000 | 625000    | 156250   | 1048576 | 128   | 16   | worker   | 12        | 16  | increase  | desc        | asc        | 512        | 63.13    | 11.72                  | 6   | 10900,11075,11250,10906,11081,11256 | -51.41    | -81.44   |
| 8   | 60         | 10000000 | 625000    | 156250   | 1048576 | 128   | 16   | worker   | 12        | 16  | decrease  | desc        | asc        | 512        | 63.16    | 11.1                   | 6   | 15100,15275,15450,15106,15281,15456 | -52.06    | -82.43   |
| 10  | 80         | 10000000 | 10000000  | 117648   | 16      | 32    | 1    | io_uring | 12        | 16  | increase  | desc        | desc       | 524288     | 344.76   | 291.97                 | 6   | 21533,21736,21939,21539,21742,21945 | -52.79    | -15.31   |
| 12  | 80         | 10000000 | 10000000  | 117648   | 16      | 32    | 1    | io_uring | 12        | 16  | decrease  | desc        | asc        | 262144     | 198.02   | 144.15                 | 6   | 25789,25992,26195,25795,25998,26201 | -53.87    | -27.2    |
| 7   | 60         | 10000000 | 625000    | 156250   | 1048576 | 128   | 16   | worker   | 12        | 16  | decrease  | asc         | desc       | 512        | 67.81    | 12.46                  | 6   | 13525,13700,13875,13531,13706,13881 | -55.35    | -81.63   |
| 18  | 20         | 10000000 | 2500000   | 476191   | 4194304 | 128   | 4    | worker   | 12        | 16  | increase  | desc        | asc        | 512        | 74.37    | 18.44                  | 6   | 38284,38473,38662,38290,38479,38668 | -55.93    | -75.21   |
| 5   | 60         | 10000000 | 625000    | 156250   | 1048576 | 128   | 16   | worker   | 12        | 16  | increase  | asc         | asc        | 512        | 62.8     | 5.97                   | 6   | 8800,8975,9150,8806,8981,9156       | -56.83    | -90.49   |
| 8   | 60         | 10000000 | 625000    | 156250   | 1048576 | 128   | 16   | worker   | 12        | 16  | decrease  | desc        | desc       | 512        | 63.93    | 6.27                   | 6   | 15625,15800,15975,15631,15806,15981 | -57.66    | -90.19   |
| 7   | 60         | 10000000 | 625000    | 156250   | 1048576 | 128   | 16   | io_uring | 12        | 16  | decrease  | asc         | desc       | 512        | 73.45    | 15.6                   | 6   | 14575,14750,14925,14581,14756,14931 | -57.85    | -78.76   |
| 7   | 60         | 10000000 | 625000    | 156250   | 1048576 | 128   | 16   | worker   | 12        | 16  | decrease  | asc         | asc        | 512        | 63.89    | 5.94                   | 6   | 13000,13175,13350,13006,13181,13356 | -57.95    | -90.7    |
| 8   | 60         | 10000000 | 625000    | 156250   | 1048576 | 128   | 16   | io_uring | 12        | 16  | decrease  | desc        | asc        | 512        | 75.64    | 15.6                   | 6   | 16150,16325,16500,16156,16331,16506 | -60.04    | -79.38   |
| 6   | 60         | 10000000 | 625000    | 156250   | 1048576 | 128   | 16   | io_uring | 12        | 16  | increase  | desc        | asc        | 512        | 76.91    | 16.33                  | 6   | 11950,12125,12300,11956,12131,12306 | -60.58    | -78.77   |
| 5   | 60         | 10000000 | 625000    | 156250   | 1048576 | 128   | 16   | worker   | 12        | 16  | increase  | asc         | desc       | 512        | 75.83    | 15.04                  | 6   | 9325,9500,9675,9331,9506,9681       | -60.79    | -80.17   |
| 5   | 60         | 10000000 | 625000    | 156250   | 1048576 | 128   | 16   | io_uring | 12        | 16  | increase  | asc         | desc       | 512        | 76.13    | 15.13                  | 6   | 10375,10550,10725,10381,10556,10731 | -61.0     | -80.13   |
| 6   | 60         | 10000000 | 625000    | 156250   | 1048576 | 128   | 16   | worker   | 12        | 16  | increase  | desc        | desc       | 512        | 68.1     | 6.45                   | 6   | 11425,11600,11775,11431,11606,11781 | -61.65    | -90.53   |
| 17  | 20         | 10000000 | 2500000   | 476191   | 4194304 | 128   | 4    | worker   | 12        | 16  | increase  | asc         | asc        | 512        | 77.36    | 15.32                  | 6   | 36016,36205,36394,36022,36211,36400 | -62.04    | -80.2    |
| 7   | 60         | 10000000 | 625000    | 156250   | 1048576 | 128   | 16   | io_uring | 12        | 16  | decrease  | asc         | asc        | 512        | 69.1     | 6.52                   | 6   | 14050,14225,14400,14056,14231,14406 | -62.58    | -90.56   |
| 5   | 60         | 10000000 | 625000    | 156250   | 1048576 | 128   | 16   | io_uring | 12        | 16  | increase  | asc         | asc        | 512        | 70.61    | 5.69                   | 6   | 9850,10025,10200,9856,10031,10206   | -64.92    | -91.94   |
| 10  | 80         | 10000000 | 10000000  | 117648   | 16      | 32    | 1    | worker   | 12        | 16  | increase  | desc        | desc       | 262144     | 172.83   | 107.68                 | 6   | 20308,20511,20714,20314,20517,20720 | -65.15    | -37.7    |
| 17  | 20         | 10000000 | 2500000   | 476191   | 4194304 | 128   | 4    | worker   | 12        | 16  | increase  | asc         | desc       | 512        | 93.49    | 25.29                  | 6   | 36583,36772,36961,36589,36778,36967 | -68.2     | -72.95   |
| 8   | 60         | 10000000 | 625000    | 156250   | 1048576 | 128   | 16   | io_uring | 12        | 16  | decrease  | desc        | desc       | 512        | 75.79    | 6.82                   | 6   | 16675,16850,17025,16681,16856,17031 | -68.97    | -91.0    |
| 18  | 20         | 10000000 | 2500000   | 476191   | 4194304 | 128   | 4    | worker   | 12        | 16  | increase  | desc        | desc       | 512        | 88.4     | 19.19                  | 4   | 38851,39040,38857,39046             | -69.21    | -78.29   |
| 6   | 60         | 10000000 | 625000    | 156250   | 1048576 | 128   | 16   | io_uring | 12        | 16  | increase  | desc        | desc       | 512        | 77.3     | 7.09                   | 6   | 12475,12650,12825,12481,12656,12831 | -70.21    | -90.83   |
| 11  | 80         | 10000000 | 10000000  | 117648   | 16      | 32    | 1    | worker   | 12        | 16  | decrease  | asc         | asc        | 524288     | 298.69   | 228.25                 | 6   | 22142,22345,22548,22148,22351,22554 | -70.44    | -23.58   |
| 11  | 80         | 10000000 | 10000000  | 117648   | 16      | 32    | 1    | io_uring | 12        | 16  | decrease  | asc         | asc        | 262144     | 169.73   | 99.13                  | 6   | 23353,23556,23759,23359,23562,23765 | -70.6     | -41.6    |
| 3   | 80         | 10000000 | 1250000   | 117648   | 4       | 2048  | 8    | worker   | 12        | 16  | decrease  | asc         | asc        | 32768      | 156.15   | 85.42                  | 6   | 4474,4656,4838,4480,4662,4844       | -70.73    | -45.3    |
| 15  | 80         | 10000000 | 2500000   | 117648   | 1048576 | 2     | 4    | worker   | 12        | 16  | decrease  | asc         | desc       | 2048       | 85.04    | 12.57                  | 6   | 32061,32250,32439,32067,32256,32445 | -72.47    | -85.22   |
| 17  | 20         | 10000000 | 2500000   | 476191   | 4194304 | 128   | 4    | io_uring | 12        | 16  | increase  | asc         | asc        | 512        | 93.04    | 20.31                  | 6   | 37150,37339,37528,37156,37345,37534 | -72.73    | -78.17   |
| 4   | 80         | 10000000 | 1250000   | 117648   | 4       | 2048  | 8    | worker   | 12        | 16  | decrease  | desc        | asc        | 32768      | 185.71   | 111.97                 | 6   | 6658,6840,7022,6664,6846,7028       | -73.74    | -39.71   |
| 14  | 80         | 10000000 | 2500000   | 117648   | 1048576 | 2     | 4    | worker   | 12        | 16  | increase  | desc        | asc        | 2048       | 87.0     | 11.79                  | 6   | 29226,29415,29604,29232,29421,29610 | -75.21    | -86.45   |
| 16  | 80         | 10000000 | 2500000   | 117648   | 1048576 | 2     | 4    | worker   | 12        | 16  | decrease  | desc        | asc        | 2048       | 87.48    | 12.04                  | 6   | 33762,33951,34140,33768,33957,34146 | -75.44    | -86.24   |
| 15  | 80         | 10000000 | 2500000   | 117648   | 1048576 | 2     | 4    | worker   | 12        | 16  | decrease  | asc         | asc        | 2048       | 86.43    | 10.85                  | 6   | 31494,31683,31872,31500,31689,31878 | -75.58    | -87.45   |
| 13  | 80         | 10000000 | 2500000   | 117648   | 1048576 | 2     | 4    | worker   | 12        | 16  | increase  | asc         | desc       | 2048       | 88.36    | 12.32                  | 6   | 27525,27714,27903,27531,27720,27909 | -76.04    | -86.06   |
| 17  | 20         | 10000000 | 2500000   | 476191   | 4194304 | 128   | 4    | io_uring | 12        | 16  | increase  | asc         | desc       | 512        | 97.49    | 20.81                  | 6   | 37717,37906,38095,37723,37912,38101 | -76.68    | -78.65   |
| 13  | 80         | 10000000 | 2500000   | 117648   | 1048576 | 2     | 4    | worker   | 12        | 16  | increase  | asc         | asc        | 2048       | 89.51    | 12.64                  | 6   | 26958,27147,27336,26964,27153,27342 | -76.87    | -85.88   |
| 3   | 80         | 10000000 | 1250000   | 117648   | 4       | 2048  | 8    | io_uring | 12        | 16  | decrease  | asc         | asc        | 32768      | 172.71   | 94.33                  | 6   | 5566,5748,5930,5572,5754,5936       | -78.38    | -45.38   |
| 2   | 80         | 10000000 | 1250000   | 117648   | 4       | 2048  | 8    | worker   | 12        | 16  | increase  | desc        | desc       | 32768      | 179.87   | 101.45                 | 6   | 2836,3018,3200,2842,3024,3206       | -78.42    | -43.6    |
| 2   | 80         | 10000000 | 1250000   | 117648   | 4       | 2048  | 8    | io_uring | 12        | 16  | increase  | desc        | desc       | 32768      | 181.06   | 99.35                  | 6   | 3928,4110,4292,3934,4116,4298       | -81.71    | -45.13   |
| 16  | 80         | 10000000 | 2500000   | 117648   | 1048576 | 2     | 4    | worker   | 12        | 16  | decrease  | desc        | desc       | 2048       | 96.69    | 13.8                   | 6   | 34329,34518,34707,34335,34524,34713 | -82.89    | -85.73   |
| 15  | 80         | 10000000 | 2500000   | 117648   | 1048576 | 2     | 4    | io_uring | 12        | 16  | decrease  | asc         | desc       | 2048       | 99.6     | 15.61                  | 6   | 33195,33384,33573,33201,33390,33579 | -83.99    | -84.33   |
| 15  | 80         | 10000000 | 2500000   | 117648   | 1048576 | 2     | 4    | io_uring | 12        | 16  | decrease  | asc         | asc        | 2048       | 99.94    | 13.95                  | 6   | 32628,32817,33006,32634,32823,33012 | -85.99    | -86.04   |
| 13  | 80         | 10000000 | 2500000   | 117648   | 1048576 | 2     | 4    | io_uring | 12        | 16  | increase  | asc         | asc        | 2048       | 99.78    | 13.71                  | 6   | 28092,28281,28470,28098,28287,28476 | -86.07    | -86.26   |
| 13  | 80         | 10000000 | 2500000   | 117648   | 1048576 | 2     | 4    | io_uring | 12        | 16  | increase  | asc         | desc       | 2048       | 101.46   | 15.14                  | 6   | 28659,28848,29037,28665,28854,29043 | -86.32    | -85.08   |
| 1   | 80         | 10000000 | 1250000   | 117648   | 4       | 2048  | 8    | worker   | 12        | 16  | increase  | asc         | desc       | 32768      | 208.42   | 121.79                 | 6   | 652,834,1016,658,840,1022           | -86.63    | -41.57   |
| 16  | 80         | 10000000 | 2500000   | 117648   | 1048576 | 2     | 4    | io_uring | 12        | 16  | decrease  | desc        | desc       | 2048       | 101.92   | 14.56                  | 6   | 35463,35652,35841,35469,35658,35847 | -87.36    | -85.71   |
| 16  | 80         | 10000000 | 2500000   | 117648   | 1048576 | 2     | 4    | io_uring | 12        | 16  | decrease  | desc        | asc        | 2048       | 103.32   | 15.59                  | 6   | 34896,35085,35274,34902,35091,35280 | -87.73    | -84.91   |
| 1   | 80         | 10000000 | 1250000   | 117648   | 4       | 2048  | 8    | io_uring | 12        | 16  | increase  | asc         | desc       | 32768      | 205.4    | 116.66                 | 6   | 1744,1926,2108,1750,1932,2114       | -88.74    | -43.2    |
| 4   | 80         | 10000000 | 1250000   | 117648   | 4       | 2048  | 8    | io_uring | 12        | 16  | decrease  | desc        | asc        | 32768      | 211.96   | 121.5                  | 6   | 7750,7932,8114,7756,7938,8120       | -90.46    | -42.68   |
| 14  | 80         | 10000000 | 2500000   | 117648   | 1048576 | 2     | 4    | worker   | 12        | 16  | increase  | desc        | desc       | 2048       | 105.22   | 14.28                  | 6   | 29793,29982,30171,29799,29988,30177 | -90.94    | -86.43   |
| 14  | 80         | 10000000 | 2500000   | 117648   | 1048576 | 2     | 4    | io_uring | 12        | 16  | increase  | desc        | asc        | 2048       | 111.15   | 16.9                   | 6   | 30360,30549,30738,30366,30555,30744 | -94.25    | -84.8    |
| 14  | 80         | 10000000 | 2500000   | 117648   | 1048576 | 2     | 4    | io_uring | 12        | 16  | increase  | desc        | desc       | 2048       | 112.05   | 16.78                  | 6   | 30927,31116,31305,30933,31122,31311 | -95.27    | -85.02   |
| 6   | 60         | 10000000 | 625000    | 156250   | 1048576 | 128   | 16   | worker   | 12        | 16  | increase  | desc        | asc        | 1024       | 123.54   | 20.49                  | 6   | 10907,11082,11257,10913,11088,11263 | -103.05   | -83.41   |
| 8   | 60         | 10000000 | 625000    | 156250   | 1048576 | 128   | 16   | worker   | 12        | 16  | decrease  | desc        | asc        | 1024       | 124.92   | 19.83                  | 6   | 15107,15282,15457,15113,15288,15463 | -105.09   | -84.13   |
| 12  | 80         | 10000000 | 10000000  | 117648   | 16      | 32    | 1    | io_uring | 12        | 16  | decrease  | desc        | asc        | 524288     | 395.68   | 288.34                 | 6   | 25796,25999,26202,25802,26005,26208 | -107.34   | -27.13   |
| 7   | 60         | 10000000 | 625000    | 156250   | 1048576 | 128   | 16   | worker   | 12        | 16  | decrease  | asc         | asc        | 1024       | 116.93   | 9.03                   | 6   | 13007,13182,13357,13013,13188,13363 | -107.9    | -92.28   |
| 8   | 60         | 10000000 | 625000    | 156250   | 1048576 | 128   | 16   | worker   | 12        | 16  | decrease  | desc        | desc       | 1024       | 117.95   | 8.93                   | 6   | 15632,15807,15982,15638,15813,15988 | -109.02   | -92.43   |
| 5   | 60         | 10000000 | 625000    | 156250   | 1048576 | 128   | 16   | worker   | 12        | 16  | increase  | asc         | asc        | 1024       | 118.92   | 8.94                   | 6   | 8807,8982,9157,8813,8988,9163       | -109.98   | -92.48   |
| 7   | 60         | 10000000 | 625000    | 156250   | 1048576 | 128   | 16   | worker   | 12        | 16  | decrease  | asc         | desc       | 1024       | 132.43   | 22.03                  | 6   | 13532,13707,13882,13538,13713,13888 | -110.4    | -83.36   |
| 9   | 80         | 10000000 | 10000000  | 117648   | 16      | 32    | 1    | io_uring | 12        | 16  | increase  | asc         | desc       | 524288     | 427.13   | 312.79                 | 6   | 19097,19300,19503,19103,19306,19509 | -114.34   | -26.77   |
| 18  | 20         | 10000000 | 2500000   | 476191   | 4194304 | 128   | 4    | worker   | 12        | 16  | increase  | desc        | asc        | 1024       | 145.83   | 30.13                  | 6   | 38291,38480,38669,38297,38486,38675 | -115.7    | -79.34   |
| 7   | 60         | 10000000 | 625000    | 156250   | 1048576 | 128   | 16   | io_uring | 12        | 16  | decrease  | asc         | desc       | 1024       | 144.56   | 27.33                  | 6   | 14582,14757,14932,14588,14763,14938 | -117.23   | -81.09   |
| 6   | 60         | 10000000 | 625000    | 156250   | 1048576 | 128   | 16   | worker   | 12        | 16  | increase  | desc        | desc       | 1024       | 128.52   | 10.92                  | 6   | 11432,11607,11782,11438,11613,11788 | -117.6    | -91.5    |
| 8   | 60         | 10000000 | 625000    | 156250   | 1048576 | 128   | 16   | io_uring | 12        | 16  | decrease  | desc        | asc        | 1024       | 147.93   | 29.14                  | 6   | 16157,16332,16507,16163,16338,16513 | -118.79   | -80.3    |
| 5   | 60         | 10000000 | 625000    | 156250   | 1048576 | 128   | 16   | worker   | 12        | 16  | increase  | asc         | desc       | 1024       | 149.71   | 29.32                  | 6   | 9332,9507,9682,9338,9513,9688       | -120.39   | -80.42   |
| 7   | 60         | 10000000 | 625000    | 156250   | 1048576 | 128   | 16   | io_uring | 12        | 16  | decrease  | asc         | asc        | 1024       | 130.93   | 10.37                  | 6   | 14057,14232,14407,14063,14238,14413 | -120.56   | -92.08   |
| 5   | 60         | 10000000 | 625000    | 156250   | 1048576 | 128   | 16   | io_uring | 12        | 16  | increase  | asc         | desc       | 1024       | 149.19   | 28.03                  | 6   | 10382,10557,10732,10388,10563,10738 | -121.16   | -81.21   |
| 6   | 60         | 10000000 | 625000    | 156250   | 1048576 | 128   | 16   | io_uring | 12        | 16  | increase  | desc        | asc        | 1024       | 151.01   | 29.1                   | 6   | 11957,12132,12307,11963,12138,12313 | -121.91   | -80.73   |
| 5   | 60         | 10000000 | 625000    | 156250   | 1048576 | 128   | 16   | io_uring | 12        | 16  | increase  | asc         | asc        | 1024       | 134.22   | 11.25                  | 6   | 9857,10032,10207,9863,10038,10213   | -122.97   | -91.62   |
| 11  | 80         | 10000000 | 10000000  | 117648   | 16      | 32    | 1    | worker   | 12        | 16  | decrease  | asc         | asc        | 1048576    | 591.38   | 467.42                 | 6   | 22149,22352,22555,22155,22358,22561 | -123.96   | -20.96   |
| 17  | 20         | 10000000 | 2500000   | 476191   | 4194304 | 128   | 4    | worker   | 12        | 16  | increase  | asc         | asc        | 1024       | 145.28   | 21.08                  | 6   | 36023,36212,36401,36029,36218,36407 | -124.2    | -85.49   |
| 10  | 80         | 10000000 | 10000000  | 117648   | 16      | 32    | 1    | worker   | 12        | 16  | increase  | desc        | desc       | 524288     | 342.2    | 216.38                 | 6   | 20315,20518,20721,20321,20524,20727 | -125.82   | -36.77   |
| 6   | 60         | 10000000 | 625000    | 156250   | 1048576 | 128   | 16   | io_uring | 12        | 16  | increase  | desc        | desc       | 1024       | 141.01   | 11.76                  | 6   | 12482,12657,12832,12488,12663,12838 | -129.25   | -91.66   |
| 8   | 60         | 10000000 | 625000    | 156250   | 1048576 | 128   | 16   | io_uring | 12        | 16  | decrease  | desc        | desc       | 1024       | 142.12   | 10.59                  | 6   | 16682,16857,17032,16688,16863,17038 | -131.53   | -92.55   |
| 12  | 80         | 10000000 | 10000000  | 117648   | 16      | 32    | 1    | worker   | 12        | 16  | decrease  | desc        | asc        | 524288     | 361.91   | 228.86                 | 6   | 24578,24781,24984,24584,24787,24990 | -133.05   | -36.76   |
| 15  | 80         | 10000000 | 2500000   | 117648   | 1048576 | 2     | 4    | worker   | 12        | 16  | decrease  | asc         | desc       | 4096       | 155.64   | 21.32                  | 6   | 32068,32257,32446,32074,32263,32452 | -134.32   | -86.3    |
| 14  | 80         | 10000000 | 2500000   | 117648   | 1048576 | 2     | 4    | worker   | 12        | 16  | increase  | desc        | asc        | 4096       | 156.93   | 21.69                  | 6   | 29233,29422,29611,29239,29428,29617 | -135.24   | -86.18   |
| 13  | 80         | 10000000 | 2500000   | 117648   | 1048576 | 2     | 4    | worker   | 12        | 16  | increase  | asc         | asc        | 4096       | 157.51   | 18.53                  | 6   | 26965,27154,27343,26971,27160,27349 | -138.98   | -88.24   |
| 11  | 80         | 10000000 | 10000000  | 117648   | 16      | 32    | 1    | io_uring | 12        | 16  | decrease  | asc         | asc        | 524288     | 337.64   | 197.25                 | 6   | 23360,23563,23766,23366,23569,23772 | -140.39   | -41.58   |
| 15  | 80         | 10000000 | 2500000   | 117648   | 1048576 | 2     | 4    | worker   | 12        | 16  | decrease  | asc         | asc        | 4096       | 159.22   | 18.4                   | 6   | 31501,31690,31879,31507,31696,31885 | -140.82   | -88.44   |
| 16  | 80         | 10000000 | 2500000   | 117648   | 1048576 | 2     | 4    | worker   | 12        | 16  | decrease  | desc        | asc        | 4096       | 163.67   | 21.04                  | 6   | 33769,33958,34147,33775,33964,34153 | -142.63   | -87.14   |
| 13  | 80         | 10000000 | 2500000   | 117648   | 1048576 | 2     | 4    | worker   | 12        | 16  | increase  | asc         | desc       | 4096       | 164.81   | 22.02                  | 6   | 27532,27721,27910,27538,27727,27916 | -142.79   | -86.64   |
| 3   | 80         | 10000000 | 1250000   | 117648   | 4       | 2048  | 8    | worker   | 12        | 16  | decrease  | asc         | asc        | 65536      | 311.72   | 166.31                 | 6   | 4481,4663,4845,4487,4669,4851       | -145.41   | -46.65   |
| 17  | 20         | 10000000 | 2500000   | 476191   | 4194304 | 128   | 4    | worker   | 12        | 16  | increase  | asc         | desc       | 1024       | 182.79   | 34.25                  | 6   | 36590,36779,36968,36596,36785,36974 | -148.54   | -81.26   |
| 9   | 80         | 10000000 | 10000000  | 117648   | 16      | 32    | 1    | worker   | 12        | 16  | increase  | asc         | desc       | 524288     | 425.65   | 274.04                 | 6   | 17879,18082,18285,17885,18088,18291 | -151.61   | -35.62   |
| 17  | 20         | 10000000 | 2500000   | 476191   | 4194304 | 128   | 4    | io_uring | 12        | 16  | increase  | asc         | asc        | 1024       | 179.19   | 26.96                  | 6   | 37157,37346,37535,37163,37352,37541 | -152.23   | -84.95   |
| 17  | 20         | 10000000 | 2500000   | 476191   | 4194304 | 128   | 4    | io_uring | 12        | 16  | increase  | asc         | desc       | 1024       | 194.08   | 41.4                   | 6   | 37724,37913,38102,37730,37919,38108 | -152.68   | -78.67   |
| 18  | 20         | 10000000 | 2500000   | 476191   | 4194304 | 128   | 4    | worker   | 12        | 16  | increase  | desc        | desc       | 1024       | 176.52   | 21.55                  | 4   | 38858,39047,38864,39053             | -154.97   | -87.79   |
| 2   | 80         | 10000000 | 1250000   | 117648   | 4       | 2048  | 8    | worker   | 12        | 16  | increase  | desc        | desc       | 65536      | 357.53   | 201.48                 | 6   | 2843,3025,3207,2849,3031,3213       | -156.05   | -43.65   |
| 16  | 80         | 10000000 | 2500000   | 117648   | 1048576 | 2     | 4    | worker   | 12        | 16  | decrease  | desc        | desc       | 4096       | 179.56   | 23.14                  | 6   | 34336,34525,34714,34342,34531,34720 | -156.42   | -87.11   |
| 4   | 80         | 10000000 | 1250000   | 117648   | 4       | 2048  | 8    | worker   | 12        | 16  | decrease  | desc        | asc        | 65536      | 366.85   | 209.91                 | 6   | 6665,6847,7029,6671,6853,7035       | -156.94   | -42.78   |
| 3   | 80         | 10000000 | 1250000   | 117648   | 4       | 2048  | 8    | io_uring | 12        | 16  | decrease  | asc         | asc        | 65536      | 341.81   | 184.77                 | 6   | 5573,5755,5937,5579,5761,5943       | -157.04   | -45.94   |
| 16  | 80         | 10000000 | 2500000   | 117648   | 1048576 | 2     | 4    | io_uring | 12        | 16  | decrease  | desc        | desc       | 4096       | 182.1    | 25.03                  | 6   | 35470,35659,35848,35476,35665,35854 | -157.07   | -86.25   |
| 15  | 80         | 10000000 | 2500000   | 117648   | 1048576 | 2     | 4    | io_uring | 12        | 16  | decrease  | asc         | asc        | 4096       | 183.72   | 24.83                  | 6   | 32635,32824,33013,32641,32830,33019 | -158.89   | -86.48   |
| 15  | 80         | 10000000 | 2500000   | 117648   | 1048576 | 2     | 4    | io_uring | 12        | 16  | decrease  | asc         | desc       | 4096       | 184.03   | 24.8                   | 6   | 33202,33391,33580,33208,33397,33586 | -159.23   | -86.52   |
| 16  | 80         | 10000000 | 2500000   | 117648   | 1048576 | 2     | 4    | io_uring | 12        | 16  | decrease  | desc        | asc        | 4096       | 187.55   | 27.25                  | 6   | 34903,35092,35281,34909,35098,35287 | -160.3    | -85.47   |
| 13  | 80         | 10000000 | 2500000   | 117648   | 1048576 | 2     | 4    | io_uring | 12        | 16  | increase  | asc         | desc       | 4096       | 187.4    | 24.73                  | 6   | 28666,28855,29044,28672,28861,29050 | -162.67   | -86.8    |
| 2   | 80         | 10000000 | 1250000   | 117648   | 4       | 2048  | 8    | io_uring | 12        | 16  | increase  | desc        | desc       | 65536      | 354.26   | 191.46                 | 6   | 3935,4117,4299,3941,4123,4305       | -162.8    | -45.95   |
| 13  | 80         | 10000000 | 2500000   | 117648   | 1048576 | 2     | 4    | io_uring | 12        | 16  | increase  | asc         | asc        | 4096       | 186.47   | 23.03                  | 6   | 28099,28288,28477,28105,28294,28483 | -163.44   | -87.65   |
| 14  | 80         | 10000000 | 2500000   | 117648   | 1048576 | 2     | 4    | worker   | 12        | 16  | increase  | desc        | desc       | 4096       | 187.62   | 24.14                  | 6   | 29800,29989,30178,29806,29995,30184 | -163.48   | -87.13   |
| 12  | 80         | 10000000 | 10000000  | 117648   | 16      | 32    | 1    | worker   | 12        | 16  | decrease  | desc        | asc        | 1048576    | 720.24   | 548.43                 | 6   | 24585,24788,24991,24591,24794,24997 | -171.81   | -23.85   |
| 1   | 80         | 10000000 | 1250000   | 117648   | 4       | 2048  | 8    | worker   | 12        | 16  | increase  | asc         | desc       | 65536      | 413.43   | 239.74                 | 6   | 659,841,1023,665,847,1029           | -173.69   | -42.01   |
| 14  | 80         | 10000000 | 2500000   | 117648   | 1048576 | 2     | 4    | io_uring | 12        | 16  | increase  | desc        | desc       | 4096       | 202.39   | 26.44                  | 6   | 30934,31123,31312,30940,31129,31318 | -175.95   | -86.94   |
| 14  | 80         | 10000000 | 2500000   | 117648   | 1048576 | 2     | 4    | io_uring | 12        | 16  | increase  | desc        | asc        | 4096       | 204.04   | 27.31                  | 6   | 30367,30556,30745,30373,30562,30751 | -176.73   | -86.62   |
| 1   | 80         | 10000000 | 1250000   | 117648   | 4       | 2048  | 8    | io_uring | 12        | 16  | increase  | asc         | desc       | 65536      | 411.91   | 230.3                  | 6   | 1751,1933,2115,1757,1939,2121       | -181.61   | -44.09   |
| 4   | 80         | 10000000 | 1250000   | 117648   | 4       | 2048  | 8    | io_uring | 12        | 16  | decrease  | desc        | asc        | 65536      | 419.84   | 235.66                 | 6   | 7757,7939,8121,7763,7945,8127       | -184.18   | -43.87   |
| 11  | 80         | 10000000 | 10000000  | 117648   | 16      | 32    | 1    | io_uring | 12        | 16  | decrease  | asc         | asc        | 1048576    | 672.55   | 480.67                 | 6   | 23367,23570,23773,23373,23576,23779 | -191.88   | -28.53   |
| 5   | 60         | 10000000 | 625000    | 156250   | 1048576 | 128   | 16   | worker   | 12        | 16  | increase  | asc         | asc        | 2048       | 211.93   | 16.53                  | 6   | 8814,8989,9164,8820,8995,9170       | -195.4    | -92.2    |
| 7   | 60         | 10000000 | 625000    | 156250   | 1048576 | 128   | 16   | worker   | 12        | 16  | decrease  | asc         | asc        | 2048       | 211.29   | 15.84                  | 6   | 13014,13189,13364,13020,13195,13370 | -195.45   | -92.5    |
| 8   | 60         | 10000000 | 625000    | 156250   | 1048576 | 128   | 16   | worker   | 12        | 16  | decrease  | desc        | desc       | 2048       | 213.24   | 15.34                  | 6   | 15639,15814,15989,15645,15820,15995 | -197.9    | -92.81   |
| 10  | 80         | 10000000 | 10000000  | 117648   | 16      | 32    | 1    | io_uring | 12        | 16  | increase  | desc        | desc       | 1048576    | 688.94   | 491.02                 | 6   | 21540,21743,21946,21546,21749,21952 | -197.92   | -28.73   |
| 6   | 60         | 10000000 | 625000    | 156250   | 1048576 | 128   | 16   | worker   | 12        | 16  | increase  | desc        | asc        | 2048       | 240.34   | 38.64                  | 6   | 10914,11089,11264,10920,11095,11270 | -201.7    | -83.92   |
| 8   | 60         | 10000000 | 625000    | 156250   | 1048576 | 128   | 16   | worker   | 12        | 16  | decrease  | desc        | asc        | 2048       | 242.23   | 37.79                  | 6   | 15114,15289,15464,15120,15295,15470 | -204.44   | -84.4    |
| 12  | 80         | 10000000 | 10000000  | 117648   | 16      | 32    | 1    | io_uring | 12        | 16  | decrease  | desc        | asc        | 1048576    | 787.31   | 577.13                 | 6   | 25803,26006,26209,25809,26012,26215 | -210.18   | -26.7    |
| 7   | 60         | 10000000 | 625000    | 156250   | 1048576 | 128   | 16   | worker   | 12        | 16  | decrease  | asc         | desc       | 2048       | 253.37   | 42.86                  | 6   | 13539,13714,13889,13545,13720,13895 | -210.51   | -83.08   |
| 6   | 60         | 10000000 | 625000    | 156250   | 1048576 | 128   | 16   | worker   | 12        | 16  | increase  | desc        | desc       | 2048       | 228.69   | 17.09                  | 6   | 11439,11614,11789,11445,11620,11795 | -211.6    | -92.53   |
| 7   | 60         | 10000000 | 625000    | 156250   | 1048576 | 128   | 16   | io_uring | 12        | 16  | decrease  | asc         | asc        | 2048       | 231.58   | 17.83                  | 6   | 14064,14239,14414,14070,14245,14420 | -213.75   | -92.3    |
| 5   | 60         | 10000000 | 625000    | 156250   | 1048576 | 128   | 16   | io_uring | 12        | 16  | increase  | asc         | asc        | 2048       | 238.48   | 17.97                  | 6   | 9864,10039,10214,9870,10045,10220   | -220.51   | -92.46   |
| 9   | 80         | 10000000 | 10000000  | 117648   | 16      | 32    | 1    | io_uring | 12        | 16  | increase  | asc         | desc       | 1048576    | 843.79   | 621.29                 | 6   | 19104,19307,19510,19110,19313,19516 | -222.5    | -26.37   |
| 14  | 80         | 10000000 | 2500000   | 117648   | 1048576 | 2     | 4    | worker   | 12        | 16  | increase  | desc        | asc        | 8192       | 260.89   | 36.15                  | 6   | 29240,29429,29618,29246,29435,29624 | -224.74   | -86.14   |
| 7   | 60         | 10000000 | 625000    | 156250   | 1048576 | 128   | 16   | io_uring | 12        | 16  | decrease  | asc         | desc       | 2048       | 279.77   | 51.42                  | 6   | 14589,14764,14939,14595,14770,14945 | -228.35   | -81.62   |
| 15  | 80         | 10000000 | 2500000   | 117648   | 1048576 | 2     | 4    | worker   | 12        | 16  | decrease  | asc         | asc        | 8192       | 265.46   | 31.58                  | 6   | 31508,31697,31886,31514,31703,31892 | -233.88   | -88.1    |
| 8   | 60         | 10000000 | 625000    | 156250   | 1048576 | 128   | 16   | io_uring | 12        | 16  | decrease  | desc        | asc        | 2048       | 289.0    | 53.43                  | 6   | 16164,16339,16514,16170,16345,16520 | -235.57   | -81.51   |
| 18  | 20         | 10000000 | 2500000   | 476191   | 4194304 | 128   | 4    | worker   | 12        | 16  | increase  | desc        | asc        | 2048       | 287.67   | 51.82                  | 6   | 38298,38487,38676,38304,38493,38682 | -235.85   | -81.99   |
| 8   | 60         | 10000000 | 625000    | 156250   | 1048576 | 128   | 16   | io_uring | 12        | 16  | decrease  | desc        | desc       | 2048       | 258.37   | 19.91                  | 6   | 16689,16864,17039,16695,16870,17045 | -238.46   | -92.29   |
| 16  | 80         | 10000000 | 2500000   | 117648   | 1048576 | 2     | 4    | worker   | 12        | 16  | decrease  | desc        | asc        | 8192       | 275.26   | 36.5                   | 6   | 33776,33965,34154,33782,33971,34160 | -238.76   | -86.74   |
| 15  | 80         | 10000000 | 2500000   | 117648   | 1048576 | 2     | 4    | worker   | 12        | 16  | decrease  | asc         | desc       | 8192       | 275.19   | 36.19                  | 6   | 32075,32264,32453,32081,32270,32459 | -239.0    | -86.85   |
| 5   | 60         | 10000000 | 625000    | 156250   | 1048576 | 128   | 16   | io_uring | 12        | 16  | increase  | asc         | desc       | 2048       | 291.59   | 52.2                   | 6   | 10389,10564,10739,10395,10570,10745 | -239.39   | -82.1    |
| 5   | 60         | 10000000 | 625000    | 156250   | 1048576 | 128   | 16   | worker   | 12        | 16  | increase  | asc         | desc       | 2048       | 291.73   | 52.15                  | 6   | 9339,9514,9689,9345,9520,9695       | -239.58   | -82.12   |
| 6   | 60         | 10000000 | 625000    | 156250   | 1048576 | 128   | 16   | io_uring | 12        | 16  | increase  | desc        | asc        | 2048       | 293.2    | 53.58                  | 6   | 11964,12139,12314,11970,12145,12320 | -239.62   | -81.73   |
| 6   | 60         | 10000000 | 625000    | 156250   | 1048576 | 128   | 16   | io_uring | 12        | 16  | increase  | desc        | desc       | 2048       | 258.96   | 18.88                  | 6   | 12489,12664,12839,12495,12670,12845 | -240.08   | -92.71   |
| 13  | 80         | 10000000 | 2500000   | 117648   | 1048576 | 2     | 4    | worker   | 12        | 16  | increase  | asc         | asc        | 8192       | 274.01   | 33.78                  | 6   | 26972,27161,27350,26978,27167,27356 | -240.23   | -87.67   |
| 13  | 80         | 10000000 | 2500000   | 117648   | 1048576 | 2     | 4    | worker   | 12        | 16  | increase  | asc         | desc       | 8192       | 286.85   | 36.81                  | 6   | 27539,27728,27917,27545,27734,27923 | -250.04   | -87.17   |
| 17  | 20         | 10000000 | 2500000   | 476191   | 4194304 | 128   | 4    | worker   | 12        | 16  | increase  | asc         | asc        | 2048       | 284.84   | 31.8                   | 6   | 36030,36219,36408,36036,36225,36414 | -253.04   | -88.84   |
| 10  | 80         | 10000000 | 10000000  | 117648   | 16      | 32    | 1    | worker   | 12        | 16  | increase  | desc        | desc       | 1048576    | 681.39   | 428.03                 | 6   | 20322,20525,20728,20328,20531,20734 | -253.36   | -37.18   |
| 15  | 80         | 10000000 | 2500000   | 117648   | 1048576 | 2     | 4    | io_uring | 12        | 16  | decrease  | asc         | asc        | 8192       | 298.55   | 42.96                  | 6   | 32642,32831,33020,32648,32837,33026 | -255.59   | -85.61   |
| 16  | 80         | 10000000 | 2500000   | 117648   | 1048576 | 2     | 4    | worker   | 12        | 16  | decrease  | desc        | desc       | 8192       | 300.84   | 37.42                  | 6   | 34343,34532,34721,34349,34538,34727 | -263.42   | -87.56   |
| 13  | 80         | 10000000 | 2500000   | 117648   | 1048576 | 2     | 4    | io_uring | 12        | 16  | increase  | asc         | asc        | 8192       | 308.13   | 41.44                  | 6   | 28106,28295,28484,28112,28301,28490 | -266.69   | -86.55   |
| 16  | 80         | 10000000 | 2500000   | 117648   | 1048576 | 2     | 4    | io_uring | 12        | 16  | decrease  | desc        | desc       | 8192       | 311.03   | 43.46                  | 6   | 35477,35666,35855,35483,35672,35861 | -267.57   | -86.03   |
| 15  | 80         | 10000000 | 2500000   | 117648   | 1048576 | 2     | 4    | io_uring | 12        | 16  | decrease  | asc         | desc       | 8192       | 314.06   | 44.68                  | 6   | 33209,33398,33587,33215,33404,33593 | -269.38   | -85.77   |
| 16  | 80         | 10000000 | 2500000   | 117648   | 1048576 | 2     | 4    | io_uring | 12        | 16  | decrease  | desc        | asc        | 8192       | 320.86   | 47.71                  | 6   | 34910,35099,35288,34916,35105,35294 | -273.15   | -85.13   |
| 14  | 80         | 10000000 | 2500000   | 117648   | 1048576 | 2     | 4    | worker   | 12        | 16  | increase  | desc        | desc       | 8192       | 321.22   | 40.43                  | 6   | 29807,29996,30185,29813,30002,30191 | -280.79   | -87.41   |
| 13  | 80         | 10000000 | 2500000   | 117648   | 1048576 | 2     | 4    | io_uring | 12        | 16  | increase  | asc         | desc       | 8192       | 328.56   | 47.74                  | 6   | 28673,28862,29051,28679,28868,29057 | -280.82   | -85.47   |
| 18  | 20         | 10000000 | 2500000   | 476191   | 4194304 | 128   | 4    | worker   | 12        | 16  | increase  | desc        | desc       | 2048       | 334.91   | 49.34                  | 4   | 38865,39054,38871,39060             | -285.57   | -85.27   |
| 3   | 80         | 10000000 | 1250000   | 117648   | 4       | 2048  | 8    | worker   | 12        | 16  | decrease  | asc         | asc        | 131072     | 615.39   | 327.14                 | 6   | 4488,4670,4852,4494,4676,4858       | -288.25   | -46.84   |
| 17  | 20         | 10000000 | 2500000   | 476191   | 4194304 | 128   | 4    | worker   | 12        | 16  | increase  | asc         | desc       | 2048       | 361.7    | 72.32                  | 6   | 36597,36786,36975,36603,36792,36981 | -289.38   | -80.01   |
| 14  | 80         | 10000000 | 2500000   | 117648   | 1048576 | 2     | 4    | io_uring | 12        | 16  | increase  | desc        | desc       | 8192       | 333.95   | 43.06                  | 6   | 30941,31130,31319,30947,31136,31325 | -290.89   | -87.11   |
| 17  | 20         | 10000000 | 2500000   | 476191   | 4194304 | 128   | 4    | io_uring | 12        | 16  | increase  | asc         | asc        | 2048       | 344.54   | 44.5                   | 6   | 37164,37353,37542,37170,37359,37548 | -300.04   | -87.08   |
| 17  | 20         | 10000000 | 2500000   | 476191   | 4194304 | 128   | 4    | io_uring | 12        | 16  | increase  | asc         | desc       | 2048       | 382.23   | 76.73                  | 6   | 37731,37920,38109,37737,37926,38115 | -305.5    | -79.93   |
| 9   | 80         | 10000000 | 10000000  | 117648   | 16      | 32    | 1    | worker   | 12        | 16  | increase  | asc         | desc       | 1048576    | 849.64   | 541.96                 | 6   | 17886,18089,18292,17892,18095,18298 | -307.68   | -36.21   |
| 2   | 80         | 10000000 | 1250000   | 117648   | 4       | 2048  | 8    | worker   | 12        | 16  | increase  | desc        | desc       | 131072     | 710.19   | 402.45                 | 6   | 2850,3032,3214,2856,3038,3220       | -307.74   | -43.33   |
| 14  | 80         | 10000000 | 2500000   | 117648   | 1048576 | 2     | 4    | io_uring | 12        | 16  | increase  | desc        | asc        | 8192       | 358.81   | 49.05                  | 6   | 30374,30563,30752,30380,30569,30758 | -309.76   | -86.33   |
| 3   | 80         | 10000000 | 1250000   | 117648   | 4       | 2048  | 8    | io_uring | 12        | 16  | decrease  | asc         | asc        | 131072     | 676.99   | 358.34                 | 6   | 5580,5762,5944,5586,5768,5950       | -318.65   | -47.07   |
| 4   | 80         | 10000000 | 1250000   | 117648   | 4       | 2048  | 8    | worker   | 12        | 16  | decrease  | desc        | asc        | 131072     | 730.54   | 411.49                 | 6   | 6672,6854,7036,6678,6860,7042       | -319.05   | -43.67   |
| 2   | 80         | 10000000 | 1250000   | 117648   | 4       | 2048  | 8    | io_uring | 12        | 16  | increase  | desc        | desc       | 131072     | 707.2    | 382.7                  | 6   | 3942,4124,4306,3948,4130,4312       | -324.5    | -45.89   |
| 7   | 60         | 10000000 | 625000    | 156250   | 1048576 | 128   | 16   | worker   | 12        | 16  | decrease  | asc         | asc        | 4096       | 353.98   | 29.11                  | 6   | 13021,13196,13371,13027,13202,13377 | -324.87   | -91.78   |
| 5   | 60         | 10000000 | 625000    | 156250   | 1048576 | 128   | 16   | worker   | 12        | 16  | increase  | asc         | asc        | 4096       | 360.23   | 28.38                  | 6   | 8821,8996,9171,8827,9002,9177       | -331.85   | -92.12   |
| 8   | 60         | 10000000 | 625000    | 156250   | 1048576 | 128   | 16   | worker   | 12        | 16  | decrease  | desc        | desc       | 4096       | 360.17   | 28.3                   | 6   | 15646,15821,15996,15652,15827,16002 | -331.87   | -92.14   |
| 1   | 80         | 10000000 | 1250000   | 117648   | 4       | 2048  | 8    | worker   | 12        | 16  | increase  | asc         | desc       | 131072     | 816.25   | 482.14                 | 6   | 666,848,1030,672,854,1036           | -334.11   | -40.93   |
| 7   | 60         | 10000000 | 625000    | 156250   | 1048576 | 128   | 16   | io_uring | 12        | 16  | decrease  | asc         | asc        | 4096       | 380.84   | 33.88                  | 6   | 14071,14246,14421,14077,14252,14427 | -346.96   | -91.1    |
| 6   | 60         | 10000000 | 625000    | 156250   | 1048576 | 128   | 16   | worker   | 12        | 16  | increase  | desc        | desc       | 4096       | 381.24   | 32.16                  | 6   | 11446,11621,11796,11452,11627,11802 | -349.08   | -91.56   |
| 15  | 80         | 10000000 | 2500000   | 117648   | 1048576 | 2     | 4    | worker   | 12        | 16  | decrease  | asc         | asc        | 16384      | 410.48   | 52.56                  | 6   | 31515,31704,31893,31521,31710,31899 | -357.92   | -87.2    |
| 1   | 80         | 10000000 | 1250000   | 117648   | 4       | 2048  | 8    | io_uring | 12        | 16  | increase  | asc         | desc       | 131072     | 821.25   | 459.51                 | 6   | 1758,1940,2122,1764,1946,2128       | -361.74   | -44.05   |
| 5   | 60         | 10000000 | 625000    | 156250   | 1048576 | 128   | 16   | io_uring | 12        | 16  | increase  | asc         | asc        | 4096       | 399.46   | 32.55                  | 6   | 9871,10046,10221,9877,10052,10227   | -366.91   | -91.85   |
| 4   | 80         | 10000000 | 1250000   | 117648   | 4       | 2048  | 8    | io_uring | 12        | 16  | decrease  | desc        | asc        | 131072     | 833.17   | 465.42                 | 6   | 7764,7946,8128,7770,7952,8134       | -367.75   | -44.14   |
| 14  | 80         | 10000000 | 2500000   | 117648   | 1048576 | 2     | 4    | worker   | 12        | 16  | increase  | desc        | asc        | 16384      | 436.45   | 61.37                  | 6   | 29247,29436,29625,29253,29442,29631 | -375.08   | -85.94   |
| 13  | 80         | 10000000 | 2500000   | 117648   | 1048576 | 2     | 4    | worker   | 12        | 16  | increase  | asc         | asc        | 16384      | 430.25   | 52.61                  | 6   | 26979,27168,27357,26985,27174,27363 | -377.64   | -87.77   |
| 15  | 80         | 10000000 | 2500000   | 117648   | 1048576 | 2     | 4    | worker   | 12        | 16  | decrease  | asc         | desc       | 16384      | 445.51   | 61.63                  | 6   | 32082,32271,32460,32088,32277,32466 | -383.88   | -86.17   |
| 8   | 60         | 10000000 | 625000    | 156250   | 1048576 | 128   | 16   | worker   | 12        | 16  | decrease  | desc        | asc        | 4096       | 457.81   | 71.11                  | 6   | 15121,15296,15471,15127,15302,15477 | -386.7    | -84.47   |
| 8   | 60         | 10000000 | 625000    | 156250   | 1048576 | 128   | 16   | io_uring | 12        | 16  | decrease  | desc        | desc       | 4096       | 423.63   | 35.26                  | 6   | 16696,16871,17046,16702,16877,17052 | -388.37   | -91.68   |
| 6   | 60         | 10000000 | 625000    | 156250   | 1048576 | 128   | 16   | io_uring | 12        | 16  | increase  | desc        | desc       | 4096       | 425.05   | 35.42                  | 6   | 12496,12671,12846,12502,12677,12852 | -389.63   | -91.67   |
| 16  | 80         | 10000000 | 2500000   | 117648   | 1048576 | 2     | 4    | worker   | 12        | 16  | decrease  | desc        | desc       | 16384      | 454.32   | 63.96                  | 6   | 34350,34539,34728,34356,34545,34734 | -390.36   | -85.92   |
| 6   | 60         | 10000000 | 625000    | 156250   | 1048576 | 128   | 16   | worker   | 12        | 16  | increase  | desc        | asc        | 4096       | 464.97   | 70.93                  | 6   | 10921,11096,11271,10927,11102,11277 | -394.04   | -84.75   |
| 16  | 80         | 10000000 | 2500000   | 117648   | 1048576 | 2     | 4    | worker   | 12        | 16  | decrease  | desc        | asc        | 16384      | 455.38   | 60.71                  | 6   | 33783,33972,34161,33789,33978,34167 | -394.67   | -86.67   |
| 13  | 80         | 10000000 | 2500000   | 117648   | 1048576 | 2     | 4    | io_uring | 12        | 16  | increase  | asc         | asc        | 16384      | 469.09   | 70.37                  | 6   | 28113,28302,28491,28119,28308,28497 | -398.72   | -85.0    |
| 15  | 80         | 10000000 | 2500000   | 117648   | 1048576 | 2     | 4    | io_uring | 12        | 16  | decrease  | asc         | asc        | 16384      | 469.19   | 67.09                  | 6   | 32649,32838,33027,32655,32844,33033 | -402.1    | -85.7    |
| 13  | 80         | 10000000 | 2500000   | 117648   | 1048576 | 2     | 4    | worker   | 12        | 16  | increase  | asc         | desc       | 16384      | 468.83   | 63.5                   | 6   | 27546,27735,27924,27552,27741,27930 | -405.33   | -86.46   |
| 12  | 80         | 10000000 | 10000000  | 117648   | 16      | 32    | 1    | worker   | 12        | 16  | decrease  | desc        | asc        | 3048576    | 2072.23  | 1665.63                | 6   | 24599,24802,25005,24605,24808,25011 | -406.6    | -19.62   |
| 16  | 80         | 10000000 | 2500000   | 117648   | 1048576 | 2     | 4    | io_uring | 12        | 16  | decrease  | desc        | desc       | 16384      | 480.4    | 70.35                  | 6   | 35484,35673,35862,35490,35679,35868 | -410.05   | -85.36   |
| 7   | 60         | 10000000 | 625000    | 156250   | 1048576 | 128   | 16   | worker   | 12        | 16  | decrease  | asc         | desc       | 4096       | 496.37   | 78.11                  | 6   | 13546,13721,13896,13552,13727,13902 | -418.26   | -84.26   |
| 15  | 80         | 10000000 | 2500000   | 117648   | 1048576 | 2     | 4    | io_uring | 12        | 16  | decrease  | asc         | desc       | 16384      | 504.88   | 79.36                  | 6   | 33216,33405,33594,33222,33411,33600 | -425.52   | -84.28   |
| 15  | 80         | 10000000 | 2500000   | 117648   | 1048576 | 2     | 4    | worker   | 12        | 16  | decrease  | asc         | asc        | 32768      | 515.55   | 83.22                  | 6   | 31522,31711,31900,31528,31717,31906 | -432.33   | -83.86   |
| 7   | 60         | 10000000 | 625000    | 156250   | 1048576 | 128   | 16   | io_uring | 12        | 16  | decrease  | asc         | desc       | 4096       | 529.2    | 95.74                  | 6   | 14596,14771,14946,14602,14777,14952 | -433.46   | -81.91   |
| 14  | 80         | 10000000 | 2500000   | 117648   | 1048576 | 2     | 4    | worker   | 12        | 16  | increase  | desc        | desc       | 16384      | 504.47   | 68.59                  | 6   | 29814,30003,30192,29820,30009,30198 | -435.88   | -86.4    |
| 13  | 80         | 10000000 | 2500000   | 117648   | 1048576 | 2     | 4    | worker   | 12        | 16  | increase  | asc         | asc        | 32768      | 524.01   | 84.64                  | 6   | 26986,27175,27364,26992,27181,27370 | -439.37   | -83.85   |
| 16  | 80         | 10000000 | 2500000   | 117648   | 1048576 | 2     | 4    | io_uring | 12        | 16  | decrease  | desc        | asc        | 16384      | 523.63   | 82.24                  | 6   | 34917,35106,35295,34923,35112,35301 | -441.39   | -84.29   |
| 8   | 60         | 10000000 | 625000    | 156250   | 1048576 | 128   | 16   | io_uring | 12        | 16  | decrease  | desc        | asc        | 4096       | 545.36   | 100.79                 | 6   | 16171,16346,16521,16177,16352,16527 | -444.57   | -81.52   |
| 14  | 80         | 10000000 | 2500000   | 117648   | 1048576 | 2     | 4    | io_uring | 12        | 16  | increase  | desc        | desc       | 16384      | 518.99   | 71.73                  | 6   | 30948,31137,31326,30954,31143,31332 | -447.26   | -86.18   |
| 5   | 60         | 10000000 | 625000    | 156250   | 1048576 | 128   | 16   | io_uring | 12        | 16  | increase  | asc         | desc       | 4096       | 550.73   | 100.16                 | 6   | 10396,10571,10746,10402,10577,10752 | -450.57   | -81.81   |
| 5   | 60         | 10000000 | 625000    | 156250   | 1048576 | 128   | 16   | worker   | 12        | 16  | increase  | asc         | desc       | 4096       | 549.55   | 98.26                  | 6   | 9346,9521,9696,9352,9527,9702       | -451.29   | -82.12   |
| 6   | 60         | 10000000 | 625000    | 156250   | 1048576 | 128   | 16   | io_uring | 12        | 16  | increase  | desc        | asc        | 4096       | 556.82   | 100.87                 | 6   | 11971,12146,12321,11977,12152,12327 | -455.95   | -81.88   |
| 13  | 80         | 10000000 | 2500000   | 117648   | 1048576 | 2     | 4    | io_uring | 12        | 16  | increase  | asc         | desc       | 16384      | 536.25   | 79.47                  | 6   | 28680,28869,29058,28686,28875,29064 | -456.78   | -85.18   |
| 11  | 80         | 10000000 | 10000000  | 117648   | 16      | 32    | 1    | worker   | 12        | 16  | decrease  | asc         | asc        | 2048576    | 1152.07  | 694.84                 | 6   | 22156,22359,22562,22162,22365,22568 | -457.23   | -39.69   |
| 17  | 20         | 10000000 | 2500000   | 476191   | 4194304 | 128   | 4    | worker   | 12        | 16  | increase  | asc         | asc        | 4096       | 528.69   | 56.95                  | 6   | 36037,36226,36415,36043,36232,36421 | -471.74   | -89.23   |
| 18  | 20         | 10000000 | 2500000   | 476191   | 4194304 | 128   | 4    | worker   | 12        | 16  | increase  | desc        | asc        | 4096       | 561.75   | 88.9                   | 6   | 38305,38494,38683,38311,38500,38689 | -472.85   | -84.17   |
| 14  | 80         | 10000000 | 2500000   | 117648   | 1048576 | 2     | 4    | io_uring | 12        | 16  | increase  | desc        | asc        | 16384      | 554.18   | 81.17                  | 6   | 30381,30570,30759,30387,30576,30765 | -473.01   | -85.35   |
| 16  | 80         | 10000000 | 2500000   | 117648   | 1048576 | 2     | 4    | worker   | 12        | 16  | decrease  | desc        | desc       | 32768      | 570.97   | 96.78                  | 6   | 34357,34546,34735,34363,34552,34741 | -474.19   | -83.05   |
| 13  | 80         | 10000000 | 2500000   | 117648   | 1048576 | 2     | 4    | worker   | 12        | 16  | increase  | asc         | asc        | 65536      | 595.82   | 113.45                 | 6   | 26993,27182,27371,26999,27188,27377 | -482.37   | -80.96   |
| 7   | 60         | 10000000 | 625000    | 156250   | 1048576 | 128   | 16   | worker   | 12        | 16  | decrease  | asc         | asc        | 8192       | 539.79   | 52.53                  | 6   | 13028,13203,13378,13034,13209,13384 | -487.26   | -90.27   |
| 8   | 60         | 10000000 | 625000    | 156250   | 1048576 | 128   | 16   | worker   | 12        | 16  | decrease  | desc        | desc       | 8192       | 545.91   | 51.24                  | 6   | 15653,15828,16003,15659,15834,16009 | -494.67   | -90.61   |
| 16  | 80         | 10000000 | 2500000   | 117648   | 1048576 | 2     | 4    | io_uring | 12        | 16  | decrease  | desc        | desc       | 32768      | 605.38   | 109.52                 | 6   | 35491,35680,35869,35497,35686,35875 | -495.86   | -81.91   |
| 13  | 80         | 10000000 | 2500000   | 117648   | 1048576 | 2     | 4    | io_uring | 12        | 16  | increase  | asc         | asc        | 32768      | 605.3    | 104.55                 | 6   | 28120,28309,28498,28126,28315,28504 | -500.75   | -82.73   |
| 5   | 60         | 10000000 | 625000    | 156250   | 1048576 | 128   | 16   | worker   | 12        | 16  | increase  | asc         | asc        | 8192       | 554.88   | 53.52                  | 6   | 8828,9003,9178,8834,9009,9184       | -501.36   | -90.35   |
| 13  | 80         | 10000000 | 2500000   | 117648   | 1048576 | 2     | 4    | worker   | 12        | 16  | increase  | asc         | asc        | 131072     | 673.32   | 171.42                 | 6   | 27000,27189,27378,27006,27195,27384 | -501.9    | -74.54   |
| 15  | 80         | 10000000 | 2500000   | 117648   | 1048576 | 2     | 4    | io_uring | 12        | 16  | decrease  | asc         | asc        | 32768      | 606.95   | 103.84                 | 6   | 32656,32845,33034,32662,32851,33040 | -503.11   | -82.89   |
| 16  | 80         | 10000000 | 2500000   | 117648   | 1048576 | 2     | 4    | worker   | 12        | 16  | decrease  | desc        | desc       | 65536      | 637.6    | 130.29                 | 6   | 34364,34553,34742,34370,34559,34748 | -507.31   | -79.57   |
| 10  | 80         | 10000000 | 10000000  | 117648   | 16      | 32    | 1    | worker   | 12        | 16  | increase  | desc        | desc       | 2048576    | 1329.17  | 821.75                 | 6   | 20329,20532,20735,20335,20538,20741 | -507.42   | -38.18   |
| 12  | 80         | 10000000 | 10000000  | 117648   | 16      | 32    | 1    | worker   | 12        | 16  | decrease  | desc        | asc        | 2048576    | 1401.68  | 890.12                 | 6   | 24592,24795,24998,24598,24801,25004 | -511.56   | -36.5    |
| 15  | 80         | 10000000 | 2500000   | 117648   | 1048576 | 2     | 4    | worker   | 12        | 16  | decrease  | asc         | desc       | 32768      | 607.9    | 96.23                  | 6   | 32089,32278,32467,32095,32284,32473 | -511.67   | -84.17   |
| 15  | 80         | 10000000 | 2500000   | 117648   | 1048576 | 2     | 4    | worker   | 12        | 16  | decrease  | asc         | asc        | 65536      | 629.38   | 115.99                 | 6   | 31529,31718,31907,31535,31724,31913 | -513.39   | -81.57   |
| 13  | 80         | 10000000 | 2500000   | 117648   | 1048576 | 2     | 4    | io_uring | 12        | 16  | increase  | asc         | asc        | 65536      | 663.85   | 144.29                 | 6   | 28127,28316,28505,28133,28322,28511 | -519.56   | -78.26   |
| 14  | 80         | 10000000 | 2500000   | 117648   | 1048576 | 2     | 4    | worker   | 12        | 16  | increase  | desc        | asc        | 32768      | 617.09   | 93.58                  | 6   | 29254,29443,29632,29260,29449,29638 | -523.51   | -84.84   |
| 16  | 80         | 10000000 | 2500000   | 117648   | 1048576 | 2     | 4    | io_uring | 12        | 16  | decrease  | desc        | desc       | 65536      | 677.26   | 148.78                 | 6   | 35498,35687,35876,35504,35693,35882 | -528.48   | -78.03   |
| 6   | 60         | 10000000 | 625000    | 156250   | 1048576 | 128   | 16   | worker   | 12        | 16  | increase  | desc        | desc       | 8192       | 589.93   | 60.32                  | 6   | 11453,11628,11803,11459,11634,11809 | -529.61   | -89.78   |
| 7   | 60         | 10000000 | 625000    | 156250   | 1048576 | 128   | 16   | io_uring | 12        | 16  | decrease  | asc         | asc        | 8192       | 597.96   | 62.32                  | 6   | 14078,14253,14428,14084,14259,14434 | -535.64   | -89.58   |
| 16  | 80         | 10000000 | 2500000   | 117648   | 1048576 | 2     | 4    | worker   | 12        | 16  | decrease  | desc        | asc        | 32768      | 634.45   | 97.86                  | 6   | 33790,33979,34168,33796,33985,34174 | -536.59   | -84.58   |
| 13  | 80         | 10000000 | 2500000   | 117648   | 1048576 | 2     | 4    | worker   | 12        | 16  | increase  | asc         | desc       | 32768      | 640.72   | 104.1                  | 6   | 27553,27742,27931,27559,27748,27937 | -536.62   | -83.75   |
| 15  | 80         | 10000000 | 2500000   | 117648   | 1048576 | 2     | 4    | worker   | 12        | 16  | decrease  | asc         | asc        | 131072     | 707.55   | 170.83                 | 6   | 31536,31725,31914,31542,31731,31920 | -536.72   | -75.86   |
| 10  | 80         | 10000000 | 10000000  | 117648   | 16      | 32    | 1    | io_uring | 12        | 16  | increase  | desc        | desc       | 2048576    | 1333.56  | 794.75                 | 6   | 21547,21750,21953,21553,21756,21959 | -538.81   | -40.4    |
| 16  | 80         | 10000000 | 2500000   | 117648   | 1048576 | 2     | 4    | worker   | 12        | 16  | decrease  | desc        | desc       | 131072     | 723.15   | 181.83                 | 6   | 34371,34560,34749,34377,34566,34755 | -541.32   | -74.86   |
| 16  | 80         | 10000000 | 2500000   | 117648   | 1048576 | 2     | 4    | io_uring | 12        | 16  | decrease  | desc        | desc       | 131072     | 746.36   | 204.43                 | 6   | 35505,35694,35883,35511,35700,35889 | -541.93   | -72.61   |
| 13  | 80         | 10000000 | 2500000   | 117648   | 1048576 | 2     | 4    | io_uring | 12        | 16  | increase  | asc         | asc        | 131072     | 742.4    | 200.42                 | 6   | 28134,28323,28512,28140,28329,28518 | -541.98   | -73.0    |
| 10  | 80         | 10000000 | 10000000  | 117648   | 16      | 32    | 1    | worker   | 12        | 16  | increase  | desc        | desc       | 3048576    | 1954.9   | 1412.61                | 6   | 20336,20539,20742,20342,20545,20748 | -542.29   | -27.74   |
| 11  | 80         | 10000000 | 10000000  | 117648   | 16      | 32    | 1    | io_uring | 12        | 16  | decrease  | asc         | asc        | 2048576    | 1316.1   | 772.97                 | 6   | 23374,23577,23780,23380,23583,23786 | -543.13   | -41.27   |
| 14  | 80         | 10000000 | 2500000   | 117648   | 1048576 | 2     | 4    | worker   | 12        | 16  | increase  | desc        | asc        | 65536      | 682.56   | 138.53                 | 6   | 29261,29450,29639,29267,29456,29645 | -544.03   | -79.7    |
| 5   | 60         | 10000000 | 625000    | 156250   | 1048576 | 128   | 16   | io_uring | 12        | 16  | increase  | asc         | asc        | 8192       | 609.99   | 64.78                  | 6   | 9878,10053,10228,9884,10059,10234   | -545.21   | -89.38   |
| 15  | 80         | 10000000 | 2500000   | 117648   | 1048576 | 2     | 4    | io_uring | 12        | 16  | decrease  | asc         | asc        | 65536      | 696.61   | 147.61                 | 6   | 32663,32852,33041,32669,32858,33047 | -549.0    | -78.81   |
| 15  | 80         | 10000000 | 2500000   | 117648   | 1048576 | 2     | 4    | worker   | 12        | 16  | decrease  | asc         | desc       | 65536      | 695.93   | 142.97                 | 6   | 32096,32285,32474,32102,32291,32480 | -552.96   | -79.46   |
| 14  | 80         | 10000000 | 2500000   | 117648   | 1048576 | 2     | 4    | worker   | 12        | 16  | increase  | desc        | desc       | 32768      | 656.9    | 103.77                 | 6   | 29821,30010,30199,29827,30016,30205 | -553.13   | -84.2    |
| 13  | 80         | 10000000 | 2500000   | 117648   | 1048576 | 2     | 4    | worker   | 12        | 16  | increase  | asc         | asc        | 262144     | 827.92   | 270.39                 | 6   | 27007,27196,27385,27013,27202,27391 | -557.53   | -67.34   |
| 14  | 80         | 10000000 | 2500000   | 117648   | 1048576 | 2     | 4    | io_uring | 12        | 16  | increase  | desc        | desc       | 32768      | 676.8    | 110.83                 | 6   | 30955,31144,31333,30961,31150,31339 | -565.97   | -83.62   |
| 8   | 60         | 10000000 | 625000    | 156250   | 1048576 | 128   | 16   | io_uring | 12        | 16  | decrease  | desc        | desc       | 8192       | 633.94   | 66.14                  | 6   | 16703,16878,17053,16709,16884,17059 | -567.8    | -89.57   |
| 17  | 20         | 10000000 | 2500000   | 476191   | 4194304 | 128   | 4    | io_uring | 12        | 16  | increase  | asc         | asc        | 4096       | 649.08   | 79.14                  | 6   | 37171,37360,37549,37177,37366,37555 | -569.94   | -87.81   |
| 3   | 80         | 10000000 | 1250000   | 117648   | 4       | 2048  | 8    | worker   | 12        | 16  | decrease  | asc         | asc        | 256072     | 1199.09  | 627.62                 | 6   | 4495,4677,4859,4501,4683,4865       | -571.47   | -47.66   |
| 13  | 80         | 10000000 | 2500000   | 117648   | 1048576 | 2     | 4    | io_uring | 12        | 16  | increase  | asc         | asc        | 262144     | 885.85   | 307.17                 | 6   | 28141,28330,28519,28147,28336,28525 | -578.68   | -65.32   |
| 18  | 20         | 10000000 | 2500000   | 476191   | 4194304 | 128   | 4    | worker   | 12        | 16  | increase  | desc        | desc       | 4096       | 656.44   | 75.48                  | 4   | 38872,39061,38878,39067             | -580.96   | -88.5    |
| 15  | 80         | 10000000 | 2500000   | 117648   | 1048576 | 2     | 4    | io_uring | 12        | 16  | decrease  | asc         | desc       | 32768      | 703.81   | 122.58                 | 6   | 33223,33412,33601,33229,33418,33607 | -581.23   | -82.58   |
| 16  | 80         | 10000000 | 2500000   | 117648   | 1048576 | 2     | 4    | worker   | 12        | 16  | decrease  | desc        | desc       | 262144     | 868.96   | 286.97                 | 6   | 34378,34567,34756,34384,34573,34762 | -581.99   | -66.98   |
| 5   | 60         | 10000000 | 625000    | 156250   | 1048576 | 128   | 16   | io_uring | 12        | 16  | increase  | asc         | asc        | 565536     | 2840.92  | 2258.71                | 6   | 9955,10130,10305,9961,10136,10311   | -582.21   | -20.49   |
| 17  | 20         | 10000000 | 2500000   | 476191   | 4194304 | 128   | 4    | worker   | 12        | 16  | increase  | asc         | desc       | 4096       | 709.45   | 126.25                 | 6   | 36604,36793,36982,36610,36799,36988 | -583.2    | -82.2    |
| 16  | 80         | 10000000 | 2500000   | 117648   | 1048576 | 2     | 4    | worker   | 12        | 16  | decrease  | desc        | asc        | 65536      | 728.82   | 141.23                 | 6   | 33797,33986,34175,33803,33992,34181 | -587.59   | -80.62   |
| 5   | 60         | 10000000 | 625000    | 156250   | 1048576 | 128   | 16   | worker   | 12        | 16  | increase  | asc         | asc        | 16384      | 690.15   | 99.92                  | 6   | 8835,9010,9185,8841,9016,9191       | -590.23   | -85.52   |
| 6   | 60         | 10000000 | 625000    | 156250   | 1048576 | 128   | 16   | io_uring | 12        | 16  | increase  | desc        | desc       | 8192       | 658.8    | 68.55                  | 6   | 12503,12678,12853,12509,12684,12859 | -590.25   | -89.59   |
| 9   | 80         | 10000000 | 10000000  | 117648   | 16      | 32    | 1    | worker   | 12        | 16  | increase  | asc         | desc       | 2048576    | 1661.27  | 1069.45                | 6   | 17893,18096,18299,17899,18102,18305 | -591.82   | -35.62   |
| 14  | 80         | 10000000 | 2500000   | 117648   | 1048576 | 2     | 4    | worker   | 12        | 16  | increase  | desc        | desc       | 65536      | 732.97   | 140.48                 | 6   | 29828,30017,30206,29834,30023,30212 | -592.49   | -80.83   |
| 15  | 80         | 10000000 | 2500000   | 117648   | 1048576 | 2     | 4    | worker   | 12        | 16  | decrease  | asc         | desc       | 131072     | 814.61   | 220.73                 | 6   | 32103,32292,32481,32109,32298,32487 | -593.88   | -72.9    |
| 12  | 80         | 10000000 | 10000000  | 117648   | 16      | 32    | 1    | io_uring | 12        | 16  | decrease  | desc        | asc        | 2048576    | 1534.68  | 939.54                 | 6   | 25810,26013,26216,25816,26019,26222 | -595.14   | -38.78   |
| 5   | 60         | 10000000 | 625000    | 156250   | 1048576 | 128   | 16   | io_uring | 12        | 16  | increase  | asc         | asc        | 440536     | 2435.43  | 1839.56                | 6   | 9941,10116,10291,9947,10122,10297   | -595.87   | -24.47   |
| 13  | 80         | 10000000 | 2500000   | 117648   | 1048576 | 2     | 4    | io_uring | 12        | 16  | increase  | asc         | desc       | 32768      | 723.16   | 126.95                 | 6   | 28687,28876,29065,28693,28882,29071 | -596.21   | -82.45   |
| 12  | 80         | 10000000 | 10000000  | 117648   | 16      | 32    | 1    | io_uring | 12        | 16  | decrease  | desc        | asc        | 3048576    | 2269.39  | 1669.79                | 6   | 25817,26020,26223,25823,26026,26229 | -599.6    | -26.42   |
| 16  | 80         | 10000000 | 2500000   | 117648   | 1048576 | 2     | 4    | io_uring | 12        | 16  | decrease  | desc        | asc        | 32768      | 726.2    | 126.37                 | 6   | 34924,35113,35302,34930,35119,35308 | -599.83   | -82.6    |
| 5   | 60         | 10000000 | 625000    | 156250   | 1048576 | 128   | 16   | io_uring | 12        | 16  | increase  | asc         | asc        | 503036     | 2634.57  | 2031.71                | 6   | 9948,10123,10298,9954,10129,10304   | -602.86   | -22.88   |
| 7   | 60         | 10000000 | 625000    | 156250   | 1048576 | 128   | 16   | worker   | 12        | 16  | decrease  | asc         | asc        | 16384      | 703.34   | 99.19                  | 6   | 13035,13210,13385,13041,13216,13391 | -604.15   | -85.9    |
| 15  | 80         | 10000000 | 2500000   | 117648   | 1048576 | 2     | 4    | io_uring | 12        | 16  | decrease  | asc         | desc       | 65536      | 780.42   | 175.09                 | 6   | 33230,33419,33608,33236,33425,33614 | -605.33   | -77.56   |
| 8   | 60         | 10000000 | 625000    | 156250   | 1048576 | 128   | 16   | worker   | 12        | 16  | decrease  | desc        | desc       | 16384      | 700.92   | 95.25                  | 6   | 15660,15835,16010,15666,15841,16016 | -605.67   | -86.41   |
| 14  | 80         | 10000000 | 2500000   | 117648   | 1048576 | 2     | 4    | worker   | 12        | 16  | increase  | desc        | asc        | 131072     | 830.07   | 220.16                 | 6   | 29268,29457,29646,29274,29463,29652 | -609.91   | -73.48   |
| 16  | 80         | 10000000 | 2500000   | 117648   | 1048576 | 2     | 4    | io_uring | 12        | 16  | decrease  | desc        | desc       | 262144     | 922.89   | 312.9                  | 6   | 35512,35701,35890,35518,35707,35896 | -609.99   | -66.1    |
| 2   | 80         | 10000000 | 1250000   | 117648   | 4       | 2048  | 8    | worker   | 12        | 16  | increase  | desc        | desc       | 256072     | 1378.22  | 766.19                 | 6   | 2857,3039,3221,2863,3045,3227       | -612.03   | -44.41   |
| 15  | 80         | 10000000 | 2500000   | 117648   | 1048576 | 2     | 4    | io_uring | 12        | 16  | decrease  | asc         | asc        | 131072     | 814.86   | 201.87                 | 6   | 32670,32859,33048,32676,32865,33054 | -612.99   | -75.23   |
| 17  | 20         | 10000000 | 2500000   | 476191   | 4194304 | 128   | 4    | io_uring | 12        | 16  | increase  | asc         | desc       | 4096       | 745.49   | 130.35                 | 6   | 37738,37927,38116,37744,37933,38122 | -615.14   | -82.51   |
| 3   | 80         | 10000000 | 1250000   | 117648   | 4       | 2048  | 8    | io_uring | 12        | 16  | decrease  | asc         | asc        | 256072     | 1309.16  | 690.18                 | 6   | 5587,5769,5951,5593,5775,5957       | -618.98   | -47.28   |
| 14  | 80         | 10000000 | 2500000   | 117648   | 1048576 | 2     | 4    | io_uring | 12        | 16  | increase  | desc        | desc       | 65536      | 770.53   | 150.89                 | 6   | 30962,31151,31340,30968,31157,31346 | -619.64   | -80.42   |
| 13  | 80         | 10000000 | 2500000   | 117648   | 1048576 | 2     | 4    | worker   | 12        | 16  | increase  | asc         | desc       | 65536      | 773.29   | 153.3                  | 6   | 27560,27749,27938,27566,27755,27944 | -619.99   | -80.18   |
| 11  | 80         | 10000000 | 10000000  | 117648   | 16      | 32    | 1    | worker   | 12        | 16  | decrease  | asc         | asc        | 3048576    | 1714.9   | 1090.55                | 6   | 22163,22366,22569,22169,22372,22575 | -624.35   | -36.41   |
| 7   | 60         | 10000000 | 625000    | 156250   | 1048576 | 128   | 16   | worker   | 12        | 16  | decrease  | asc         | asc        | 32768      | 804.06   | 178.14                 | 6   | 13042,13217,13392,13048,13223,13398 | -625.92   | -77.84   |
| 13  | 80         | 10000000 | 2500000   | 117648   | 1048576 | 2     | 4    | worker   | 12        | 16  | increase  | asc         | asc        | 512144     | 1101.98  | 473.06                 | 6   | 27014,27203,27392,27020,27209,27398 | -628.92   | -57.07   |
| 9   | 80         | 10000000 | 10000000  | 117648   | 16      | 32    | 1    | io_uring | 12        | 16  | increase  | asc         | desc       | 2048576    | 1661.41  | 1030.71                | 6   | 19111,19314,19517,19117,19320,19523 | -630.7    | -37.96   |
| 8   | 60         | 10000000 | 625000    | 156250   | 1048576 | 128   | 16   | worker   | 12        | 16  | decrease  | desc        | desc       | 32768      | 805.47   | 174.67                 | 6   | 15667,15842,16017,15673,15848,16023 | -630.8    | -78.31   |
| 5   | 60         | 10000000 | 625000    | 156250   | 1048576 | 128   | 16   | worker   | 12        | 16  | increase  | asc         | asc        | 32768      | 809.75   | 177.41                 | 6   | 8842,9017,9192,8848,9023,9198       | -632.34   | -78.09   |
| 4   | 80         | 10000000 | 1250000   | 117648   | 4       | 2048  | 8    | worker   | 12        | 16  | decrease  | desc        | asc        | 256072     | 1413.53  | 781.08                 | 6   | 6679,6861,7043,6685,6867,7049       | -632.45   | -44.74   |
| 15  | 80         | 10000000 | 2500000   | 117648   | 1048576 | 2     | 4    | io_uring | 12        | 16  | decrease  | asc         | desc       | 131072     | 897.93   | 261.24                 | 6   | 33237,33426,33615,33243,33432,33621 | -636.69   | -70.91   |
| 5   | 60         | 10000000 | 625000    | 156250   | 1048576 | 128   | 16   | io_uring | 12        | 16  | increase  | asc         | asc        | 16384      | 758.36   | 120.03                 | 6   | 9885,10060,10235,9891,10066,10241   | -638.33   | -84.17   |
| 2   | 80         | 10000000 | 1250000   | 117648   | 4       | 2048  | 8    | io_uring | 12        | 16  | increase  | desc        | desc       | 256072     | 1371.71  | 730.77                 | 6   | 3949,4131,4313,3955,4137,4319       | -640.94   | -46.73   |
| 5   | 60         | 10000000 | 625000    | 156250   | 1048576 | 128   | 16   | io_uring | 12        | 16  | increase  | asc         | asc        | 378036     | 2225.85  | 1582.43                | 6   | 9934,10109,10284,9940,10115,10290   | -643.42   | -28.91   |
| 5   | 60         | 10000000 | 625000    | 156250   | 1048576 | 128   | 16   | io_uring | 12        | 16  | increase  | asc         | asc        | 65536      | 1022.22  | 372.09                 | 6   | 9899,10074,10249,9905,10080,10255   | -650.13   | -63.6    |
| 5   | 60         | 10000000 | 625000    | 156250   | 1048576 | 128   | 16   | io_uring | 12        | 16  | increase  | asc         | asc        | 32768      | 867.22   | 216.43                 | 6   | 9892,10067,10242,9898,10073,10248   | -650.79   | -75.04   |
| 8   | 60         | 10000000 | 625000    | 156250   | 1048576 | 128   | 16   | worker   | 12        | 16  | decrease  | desc        | desc       | 65536      | 960.91   | 309.34                 | 6   | 15674,15849,16024,15680,15855,16030 | -651.57   | -67.81   |
| 14  | 80         | 10000000 | 2500000   | 117648   | 1048576 | 2     | 4    | worker   | 12        | 16  | increase  | desc        | desc       | 131072     | 851.83   | 198.45                 | 6   | 29835,30024,30213,29841,30030,30219 | -653.38   | -76.7    |
| 7   | 60         | 10000000 | 625000    | 156250   | 1048576 | 128   | 16   | io_uring | 12        | 16  | decrease  | asc         | asc        | 16384      | 771.6    | 118.05                 | 6   | 14085,14260,14435,14091,14266,14441 | -653.55   | -84.7    |
| 7   | 60         | 10000000 | 625000    | 156250   | 1048576 | 128   | 16   | io_uring | 12        | 16  | decrease  | asc         | asc        | 32768      | 870.61   | 216.72                 | 6   | 14092,14267,14442,14098,14273,14448 | -653.89   | -75.11   |
| 14  | 80         | 10000000 | 2500000   | 117648   | 1048576 | 2     | 4    | worker   | 12        | 16  | increase  | desc        | asc        | 262144     | 1038.5   | 384.25                 | 6   | 29275,29464,29653,29281,29470,29659 | -654.25   | -63.0    |
| 6   | 60         | 10000000 | 625000    | 156250   | 1048576 | 128   | 16   | worker   | 12        | 16  | increase  | desc        | desc       | 16384      | 763.51   | 108.4                  | 6   | 11460,11635,11810,11466,11641,11816 | -655.11   | -85.8    |
| 5   | 60         | 10000000 | 625000    | 156250   | 1048576 | 128   | 16   | worker   | 12        | 16  | increase  | asc         | asc        | 565536     | 2766.58  | 2111.42                | 6   | 8905,9080,9255,8911,9086,9261       | -655.16   | -23.68   |
| 5   | 60         | 10000000 | 625000    | 156250   | 1048576 | 128   | 16   | worker   | 12        | 16  | increase  | asc         | asc        | 65536      | 963.9    | 308.56                 | 6   | 8849,9024,9199,8855,9030,9205       | -655.34   | -67.99   |
| 5   | 60         | 10000000 | 625000    | 156250   | 1048576 | 128   | 16   | io_uring | 12        | 16  | increase  | asc         | asc        | 315536     | 2011.96  | 1355.26                | 6   | 9927,10102,10277,9933,10108,10283   | -656.7    | -32.64   |
| 14  | 80         | 10000000 | 2500000   | 117648   | 1048576 | 2     | 4    | io_uring | 12        | 16  | increase  | desc        | asc        | 32768      | 789.87   | 132.29                 | 6   | 30388,30577,30766,30394,30583,30772 | -657.58   | -83.25   |
| 8   | 60         | 10000000 | 625000    | 156250   | 1048576 | 128   | 16   | worker   | 12        | 16  | decrease  | desc        | desc       | 503036     | 2567.25  | 1909.17                | 6   | 15723,15898,16073,15729,15904,16079 | -658.08   | -25.63   |
| 16  | 80         | 10000000 | 2500000   | 117648   | 1048576 | 2     | 4    | worker   | 12        | 16  | decrease  | desc        | asc        | 131072     | 880.01   | 220.6                  | 6   | 33804,33993,34182,33810,33999,34188 | -659.41   | -74.93   |
| 5   | 60         | 10000000 | 625000    | 156250   | 1048576 | 128   | 16   | io_uring | 12        | 16  | increase  | asc         | asc        | 253036     | 1777.81  | 1117.59                | 6   | 9920,10095,10270,9926,10101,10276   | -660.22   | -37.14   |
| 8   | 60         | 10000000 | 625000    | 156250   | 1048576 | 128   | 16   | worker   | 12        | 16  | decrease  | desc        | desc       | 565536     | 2799.21  | 2137.44                | 6   | 15730,15905,16080,15736,15911,16086 | -661.77   | -23.64   |
| 15  | 80         | 10000000 | 2500000   | 117648   | 1048576 | 2     | 4    | worker   | 12        | 16  | decrease  | asc         | asc        | 262144     | 933.75   | 268.98                 | 6   | 31543,31732,31921,31549,31738,31927 | -664.77   | -71.19   |
| 5   | 60         | 10000000 | 625000    | 156250   | 1048576 | 128   | 16   | worker   | 12        | 16  | increase  | asc         | asc        | 503036     | 2568.11  | 1903.17                | 6   | 8898,9073,9248,8904,9079,9254       | -664.94   | -25.89   |
| 5   | 60         | 10000000 | 625000    | 156250   | 1048576 | 128   | 16   | worker   | 12        | 16  | increase  | asc         | asc        | 128036     | 1211.52  | 540.41                 | 6   | 8856,9031,9206,8862,9037,9212       | -671.11   | -55.39   |
| 13  | 80         | 10000000 | 2500000   | 117648   | 1048576 | 2     | 4    | io_uring | 12        | 16  | increase  | asc         | desc       | 65536      | 857.23   | 185.95                 | 6   | 28694,28883,29072,28700,28889,29078 | -671.28   | -78.31   |
| 15  | 80         | 10000000 | 2500000   | 117648   | 1048576 | 2     | 4    | worker   | 12        | 16  | decrease  | asc         | desc       | 262144     | 1044.75  | 371.82                 | 6   | 32110,32299,32488,32116,32305,32494 | -672.93   | -64.41   |
| 16  | 80         | 10000000 | 2500000   | 117648   | 1048576 | 2     | 4    | io_uring | 12        | 16  | decrease  | desc        | asc        | 65536      | 856.13   | 181.77                 | 6   | 34931,35120,35309,34937,35126,35315 | -674.36   | -78.77   |
| 6   | 60         | 10000000 | 625000    | 156250   | 1048576 | 128   | 16   | worker   | 12        | 16  | increase  | desc        | desc       | 32768      | 865.51   | 189.76                 | 6   | 11467,11642,11817,11473,11648,11823 | -675.75   | -78.08   |
| 5   | 60         | 10000000 | 625000    | 156250   | 1048576 | 128   | 16   | io_uring | 12        | 16  | increase  | asc         | asc        | 128036     | 1308.84  | 632.06                 | 6   | 9906,10081,10256,9912,10087,10262   | -676.78   | -51.71   |
| 7   | 60         | 10000000 | 625000    | 156250   | 1048576 | 128   | 16   | io_uring | 12        | 16  | decrease  | asc         | asc        | 65536      | 1051.78  | 373.92                 | 6   | 14099,14274,14449,14105,14280,14455 | -677.86   | -64.45   |
| 13  | 80         | 10000000 | 2500000   | 117648   | 1048576 | 2     | 4    | worker   | 12        | 16  | increase  | asc         | desc       | 131072     | 921.19   | 239.4                  | 6   | 27567,27756,27945,27573,27762,27951 | -681.79   | -74.01   |
| 14  | 80         | 10000000 | 2500000   | 117648   | 1048576 | 2     | 4    | io_uring | 12        | 16  | increase  | desc        | asc        | 65536      | 874.17   | 188.43                 | 6   | 30395,30584,30773,30401,30590,30779 | -685.74   | -78.44   |
| 7   | 60         | 10000000 | 625000    | 156250   | 1048576 | 128   | 16   | worker   | 12        | 16  | decrease  | asc         | asc        | 65536      | 996.75   | 309.27                 | 6   | 13049,13224,13399,13055,13230,13405 | -687.48   | -68.97   |
| 8   | 60         | 10000000 | 625000    | 156250   | 1048576 | 128   | 16   | io_uring | 12        | 16  | decrease  | desc        | desc       | 565536     | 2936.45  | 2248.91                | 6   | 16780,16955,17130,16786,16961,17136 | -687.54   | -23.41   |
| 1   | 80         | 10000000 | 1250000   | 117648   | 4       | 2048  | 8    | worker   | 12        | 16  | increase  | asc         | desc       | 256072     | 1592.33  | 904.73                 | 6   | 673,855,1037,679,861,1043           | -687.6    | -43.18   |
| 8   | 60         | 10000000 | 625000    | 156250   | 1048576 | 128   | 16   | worker   | 12        | 16  | decrease  | desc        | desc       | 128036     | 1226.0   | 537.73                 | 6   | 15681,15856,16031,15687,15862,16037 | -688.27   | -56.14   |
| 5   | 60         | 10000000 | 625000    | 156250   | 1048576 | 128   | 16   | io_uring | 12        | 16  | increase  | asc         | asc        | 190536     | 1553.94  | 863.75                 | 6   | 9913,10088,10263,9919,10094,10269   | -690.19   | -44.42   |
| 13  | 80         | 10000000 | 2500000   | 117648   | 1048576 | 2     | 4    | io_uring | 12        | 16  | increase  | asc         | asc        | 512144     | 1202.28  | 510.71                 | 6   | 28148,28337,28526,28154,28343,28532 | -691.57   | -57.52   |
| 8   | 60         | 10000000 | 625000    | 156250   | 1048576 | 128   | 16   | io_uring | 12        | 16  | decrease  | desc        | desc       | 16384      | 819.6    | 127.31                 | 6   | 16710,16885,17060,16716,16891,17066 | -692.29   | -84.47   |
| 14  | 80         | 10000000 | 2500000   | 117648   | 1048576 | 2     | 4    | io_uring | 12        | 16  | increase  | desc        | desc       | 131072     | 904.58   | 212.21                 | 6   | 30969,31158,31347,30975,31164,31353 | -692.37   | -76.54   |
| 5   | 60         | 10000000 | 625000    | 156250   | 1048576 | 128   | 16   | worker   | 12        | 16  | increase  | asc         | asc        | 440536     | 2362.06  | 1667.74                | 6   | 8891,9066,9241,8897,9072,9247       | -694.32   | -29.39   |
| 7   | 60         | 10000000 | 625000    | 156250   | 1048576 | 128   | 16   | io_uring | 12        | 16  | decrease  | asc         | asc        | 128036     | 1318.65  | 624.04                 | 6   | 14106,14281,14456,14112,14287,14462 | -694.61   | -52.68   |
| 6   | 60         | 10000000 | 625000    | 156250   | 1048576 | 128   | 16   | io_uring | 12        | 16  | increase  | desc        | desc       | 16384      | 823.06   | 125.97                 | 6   | 12510,12685,12860,12516,12691,12866 | -697.09   | -84.69   |
| 1   | 80         | 10000000 | 1250000   | 117648   | 4       | 2048  | 8    | io_uring | 12        | 16  | increase  | asc         | desc       | 256072     | 1591.88  | 893.64                 | 6   | 1765,1947,2129,1771,1953,2135       | -698.24   | -43.86   |
| 8   | 60         | 10000000 | 625000    | 156250   | 1048576 | 128   | 16   | io_uring | 12        | 16  | decrease  | desc        | desc       | 440536     | 2525.85  | 1827.35                | 6   | 16766,16941,17116,16772,16947,17122 | -698.5    | -27.65   |
| 6   | 60         | 10000000 | 625000    | 156250   | 1048576 | 128   | 16   | worker   | 12        | 16  | increase  | desc        | asc        | 8192       | 833.24   | 131.07                 | 6   | 10928,11103,11278,10934,11109,11284 | -702.17   | -84.27   |
| 5   | 60         | 10000000 | 625000    | 156250   | 1048576 | 128   | 16   | worker   | 12        | 16  | increase  | asc         | asc        | 190536     | 1472.01  | 768.66                 | 6   | 8863,9038,9213,8869,9044,9219       | -703.35   | -47.78   |
| 8   | 60         | 10000000 | 625000    | 156250   | 1048576 | 128   | 16   | worker   | 12        | 16  | decrease  | desc        | desc       | 378036     | 2162.5   | 1457.55                | 6   | 15709,15884,16059,15715,15890,16065 | -704.95   | -32.6    |
| 8   | 60         | 10000000 | 625000    | 156250   | 1048576 | 128   | 16   | io_uring | 12        | 16  | decrease  | desc        | desc       | 32768      | 928.25   | 222.06                 | 6   | 16717,16892,17067,16723,16898,17073 | -706.19   | -76.08   |
| 8   | 60         | 10000000 | 625000    | 156250   | 1048576 | 128   | 16   | io_uring | 12        | 16  | decrease  | desc        | desc       | 65536      | 1089.92  | 382.21                 | 6   | 16724,16899,17074,16730,16905,17080 | -707.71   | -64.93   |
| 8   | 60         | 10000000 | 625000    | 156250   | 1048576 | 128   | 16   | io_uring | 12        | 16  | decrease  | desc        | desc       | 503036     | 2763.53  | 2053.95                | 6   | 16773,16948,17123,16779,16954,17129 | -709.58   | -25.68   |
| 5   | 60         | 10000000 | 625000    | 156250   | 1048576 | 128   | 16   | worker   | 12        | 16  | increase  | asc         | asc        | 253036     | 1716.96  | 1005.26                | 6   | 8870,9045,9220,8876,9051,9226       | -711.7    | -41.45   |
| 7   | 60         | 10000000 | 625000    | 156250   | 1048576 | 128   | 16   | worker   | 12        | 16  | decrease  | asc         | asc        | 128036     | 1253.63  | 541.69                 | 6   | 13056,13231,13406,13062,13237,13412 | -711.94   | -56.79   |
| 10  | 80         | 10000000 | 10000000  | 117648   | 16      | 32    | 1    | io_uring | 12        | 16  | increase  | desc        | desc       | 3048576    | 1958.82  | 1242.27                | 6   | 21554,21757,21960,21560,21763,21966 | -716.55   | -36.58   |
| 15  | 80         | 10000000 | 2500000   | 117648   | 1048576 | 2     | 4    | io_uring | 12        | 16  | decrease  | asc         | desc       | 262144     | 1151.38  | 433.87                 | 6   | 33244,33433,33622,33250,33439,33628 | -717.51   | -62.32   |
| 5   | 60         | 10000000 | 625000    | 156250   | 1048576 | 128   | 16   | worker   | 12        | 16  | increase  | asc         | asc        | 378036     | 2171.49  | 1453.47                | 6   | 8884,9059,9234,8890,9065,9240       | -718.02   | -33.07   |
| 4   | 80         | 10000000 | 1250000   | 117648   | 4       | 2048  | 8    | io_uring | 12        | 16  | decrease  | desc        | asc        | 256072     | 1621.97  | 903.25                 | 6   | 7771,7953,8135,7777,7959,8141       | -718.72   | -44.31   |
| 5   | 60         | 10000000 | 625000    | 156250   | 1048576 | 128   | 16   | worker   | 12        | 16  | increase  | asc         | asc        | 315536     | 1939.5   | 1219.62                | 6   | 8877,9052,9227,8883,9058,9233       | -719.88   | -37.12   |
| 6   | 60         | 10000000 | 625000    | 156250   | 1048576 | 128   | 16   | io_uring | 12        | 16  | increase  | desc        | desc       | 32768      | 947.24   | 227.15                 | 6   | 12517,12692,12867,12523,12698,12873 | -720.09   | -76.02   |
| 8   | 60         | 10000000 | 625000    | 156250   | 1048576 | 128   | 16   | worker   | 12        | 16  | decrease  | desc        | desc       | 190536     | 1492.6   | 771.74                 | 6   | 15688,15863,16038,15694,15869,16044 | -720.86   | -48.3    |
| 6   | 60         | 10000000 | 625000    | 156250   | 1048576 | 128   | 16   | worker   | 12        | 16  | increase  | desc        | desc       | 65536      | 1046.79  | 325.59                 | 6   | 11474,11649,11824,11480,11655,11830 | -721.2    | -68.9    |
| 16  | 80         | 10000000 | 2500000   | 117648   | 1048576 | 2     | 4    | io_uring | 12        | 16  | decrease  | desc        | desc       | 512144     | 1238.12  | 515.2                  | 6   | 35519,35708,35897,35525,35714,35903 | -722.92   | -58.39   |
| 8   | 60         | 10000000 | 625000    | 156250   | 1048576 | 128   | 16   | worker   | 12        | 16  | decrease  | desc        | desc       | 440536     | 2400.07  | 1675.83                | 6   | 15716,15891,16066,15722,15897,16072 | -724.24   | -30.18   |
| 16  | 80         | 10000000 | 2500000   | 117648   | 1048576 | 2     | 4    | io_uring | 12        | 16  | decrease  | desc        | asc        | 131072     | 998.11   | 273.84                 | 6   | 34938,35127,35316,34944,35133,35322 | -724.27   | -72.56   |
| 8   | 60         | 10000000 | 625000    | 156250   | 1048576 | 128   | 16   | worker   | 12        | 16  | decrease  | desc        | asc        | 8192       | 854.93   | 130.61                 | 6   | 15128,15303,15478,15134,15309,15484 | -724.32   | -84.72   |
| 13  | 80         | 10000000 | 2500000   | 117648   | 1048576 | 2     | 4    | io_uring | 12        | 16  | increase  | asc         | desc       | 131072     | 1004.76  | 278.21                 | 6   | 28701,28890,29079,28707,28896,29085 | -726.55   | -72.31   |
| 7   | 60         | 10000000 | 625000    | 156250   | 1048576 | 128   | 16   | io_uring | 12        | 16  | decrease  | asc         | asc        | 190536     | 1597.55  | 870.23                 | 6   | 14113,14288,14463,14119,14294,14469 | -727.32   | -45.53   |
| 8   | 60         | 10000000 | 625000    | 156250   | 1048576 | 128   | 16   | worker   | 12        | 16  | decrease  | desc        | desc       | 315536     | 1954.36  | 1223.06                | 6   | 15702,15877,16052,15708,15883,16058 | -731.3    | -37.42   |
| 8   | 60         | 10000000 | 625000    | 156250   | 1048576 | 128   | 16   | io_uring | 12        | 16  | decrease  | desc        | desc       | 378036     | 2321.72  | 1590.09                | 6   | 16759,16934,17109,16765,16940,17115 | -731.63   | -31.51   |
| 15  | 80         | 10000000 | 2500000   | 117648   | 1048576 | 2     | 4    | io_uring | 12        | 16  | decrease  | asc         | asc        | 262144     | 1044.18  | 311.72                 | 6   | 32677,32866,33055,32683,32872,33061 | -732.46   | -70.15   |
| 7   | 60         | 10000000 | 625000    | 156250   | 1048576 | 128   | 16   | worker   | 12        | 16  | decrease  | asc         | asc        | 190536     | 1507.73  | 774.19                 | 6   | 13063,13238,13413,13069,13244,13419 | -733.54   | -48.65   |
| 13  | 80         | 10000000 | 2500000   | 117648   | 1048576 | 2     | 4    | worker   | 12        | 16  | increase  | asc         | asc        | 762144     | 1389.09  | 652.96                 | 6   | 27021,27210,27399,27027,27216,27405 | -736.13   | -52.99   |
| 8   | 60         | 10000000 | 625000    | 156250   | 1048576 | 128   | 16   | worker   | 12        | 16  | decrease  | desc        | desc       | 253036     | 1731.1   | 993.77                 | 6   | 15695,15870,16045,15701,15876,16051 | -737.33   | -42.59   |
| 16  | 80         | 10000000 | 2500000   | 117648   | 1048576 | 2     | 4    | worker   | 12        | 16  | decrease  | desc        | desc       | 512144     | 1210.68  | 472.39                 | 6   | 34385,34574,34763,34391,34580,34769 | -738.29   | -60.98   |
| 8   | 60         | 10000000 | 625000    | 156250   | 1048576 | 128   | 16   | io_uring | 12        | 16  | decrease  | desc        | desc       | 253036     | 1862.78  | 1123.72                | 6   | 16745,16920,17095,16751,16926,17101 | -739.06   | -39.68   |
| 7   | 60         | 10000000 | 625000    | 156250   | 1048576 | 128   | 16   | worker   | 12        | 16  | decrease  | asc         | desc       | 8192       | 891.21   | 145.61                 | 6   | 13553,13728,13903,13559,13734,13909 | -745.6    | -83.66   |
| 8   | 60         | 10000000 | 625000    | 156250   | 1048576 | 128   | 16   | io_uring | 12        | 16  | decrease  | desc        | desc       | 315536     | 2108.75  | 1362.03                | 6   | 16752,16927,17102,16758,16933,17108 | -746.72   | -35.41   |
| 7   | 60         | 10000000 | 625000    | 156250   | 1048576 | 128   | 16   | io_uring | 12        | 16  | decrease  | asc         | asc        | 565536     | 3003.97  | 2256.54                | 6   | 14155,14330,14505,14161,14336,14511 | -747.43   | -24.88   |
| 8   | 60         | 10000000 | 625000    | 156250   | 1048576 | 128   | 16   | io_uring | 12        | 16  | decrease  | desc        | desc       | 128036     | 1383.54  | 634.22                 | 6   | 16731,16906,17081,16737,16912,17087 | -749.32   | -54.16   |
| 7   | 60         | 10000000 | 625000    | 156250   | 1048576 | 128   | 16   | io_uring | 12        | 16  | decrease  | asc         | asc        | 315536     | 2087.02  | 1337.34                | 6   | 14127,14302,14477,14133,14308,14483 | -749.68   | -35.92   |
| 6   | 60         | 10000000 | 625000    | 156250   | 1048576 | 128   | 16   | io_uring | 12        | 16  | increase  | desc        | desc       | 65536      | 1136.6   | 384.36                 | 6   | 12524,12699,12874,12530,12705,12880 | -752.24   | -66.18   |
| 7   | 60         | 10000000 | 625000    | 156250   | 1048576 | 128   | 16   | io_uring | 12        | 16  | decrease  | asc         | asc        | 503036     | 2795.06  | 2039.91                | 6   | 14148,14323,14498,14154,14329,14504 | -755.15   | -27.02   |
| 7   | 60         | 10000000 | 625000    | 156250   | 1048576 | 128   | 16   | io_uring | 12        | 16  | decrease  | asc         | asc        | 253036     | 1863.99  | 1106.62                | 6   | 14120,14295,14470,14126,14301,14476 | -757.37   | -40.63   |
| 14  | 80         | 10000000 | 2500000   | 117648   | 1048576 | 2     | 4    | io_uring | 12        | 16  | increase  | desc        | asc        | 131072     | 1025.93  | 268.45                 | 6   | 30402,30591,30780,30408,30597,30786 | -757.48   | -73.83   |
| 6   | 60         | 10000000 | 625000    | 156250   | 1048576 | 128   | 16   | worker   | 12        | 16  | increase  | desc        | desc       | 128036     | 1326.68  | 566.83                 | 6   | 11481,11656,11831,11487,11662,11837 | -759.85   | -57.27   |
| 8   | 60         | 10000000 | 625000    | 156250   | 1048576 | 128   | 16   | io_uring | 12        | 16  | decrease  | desc        | desc       | 190536     | 1641.6   | 880.31                 | 6   | 16738,16913,17088,16744,16919,17094 | -761.29   | -46.37   |
| 11  | 80         | 10000000 | 10000000  | 117648   | 16      | 32    | 1    | worker   | 12        | 16  | decrease  | asc         | asc        | 4048576    | 2272.11  | 1506.82                | 6   | 22170,22373,22576,22176,22379,22582 | -765.29   | -33.68   |
| 11  | 80         | 10000000 | 10000000  | 117648   | 16      | 32    | 1    | io_uring | 12        | 16  | decrease  | asc         | asc        | 3048576    | 1941.73  | 1174.48                | 6   | 23381,23584,23787,23387,23590,23793 | -767.25   | -39.51   |
| 16  | 80         | 10000000 | 2500000   | 117648   | 1048576 | 2     | 4    | io_uring | 12        | 16  | decrease  | desc        | desc       | 762144     | 1499.81  | 728.91                 | 6   | 35526,35715,35904,35532,35721,35910 | -770.9    | -51.4    |
| 7   | 60         | 10000000 | 625000    | 156250   | 1048576 | 128   | 16   | io_uring | 12        | 16  | decrease  | asc         | asc        | 440536     | 2573.54  | 1796.7                 | 6   | 14141,14316,14491,14147,14322,14497 | -776.84   | -30.19   |
| 16  | 80         | 10000000 | 2500000   | 117648   | 1048576 | 2     | 4    | worker   | 12        | 16  | decrease  | desc        | asc        | 262144     | 1162.52  | 382.21                 | 6   | 33811,34000,34189,33817,34006,34195 | -780.31   | -67.12   |
| 6   | 60         | 10000000 | 625000    | 156250   | 1048576 | 128   | 16   | worker   | 12        | 16  | increase  | desc        | desc       | 190536     | 1584.15  | 798.66                 | 6   | 11488,11663,11838,11494,11669,11844 | -785.49   | -49.58   |
| 7   | 60         | 10000000 | 625000    | 156250   | 1048576 | 128   | 16   | io_uring | 12        | 16  | decrease  | asc         | asc        | 378036     | 2351.85  | 1564.88                | 6   | 14134,14309,14484,14140,14315,14490 | -786.97   | -33.46   |
| 7   | 60         | 10000000 | 625000    | 156250   | 1048576 | 128   | 16   | worker   | 12        | 16  | decrease  | asc         | asc        | 253036     | 1788.69  | 1001.05                | 6   | 13070,13245,13420,13076,13251,13426 | -787.64   | -44.03   |
| 14  | 80         | 10000000 | 2500000   | 117648   | 1048576 | 2     | 4    | worker   | 12        | 16  | increase  | desc        | asc        | 512144     | 1467.85  | 679.99                 | 6   | 29282,29471,29660,29288,29477,29666 | -787.86   | -53.67   |
| 13  | 80         | 10000000 | 2500000   | 117648   | 1048576 | 2     | 4    | io_uring | 12        | 16  | increase  | asc         | asc        | 762144     | 1520.84  | 728.78                 | 6   | 28155,28344,28533,28161,28350,28539 | -792.06   | -52.08   |
| 7   | 60         | 10000000 | 625000    | 156250   | 1048576 | 128   | 16   | worker   | 12        | 16  | decrease  | asc         | asc        | 315536     | 2022.48  | 1225.84                | 6   | 13077,13252,13427,13083,13258,13433 | -796.64   | -39.39   |
| 6   | 60         | 10000000 | 625000    | 156250   | 1048576 | 128   | 16   | io_uring | 12        | 16  | increase  | desc        | desc       | 128036     | 1439.35  | 640.43                 | 6   | 12531,12706,12881,12537,12712,12887 | -798.92   | -55.51   |
| 14  | 80         | 10000000 | 2500000   | 117648   | 1048576 | 2     | 4    | worker   | 12        | 16  | increase  | desc        | desc       | 262144     | 1111.35  | 306.9                  | 6   | 29842,30031,30220,29848,30037,30226 | -804.45   | -72.38   |
| 7   | 60         | 10000000 | 625000    | 156250   | 1048576 | 128   | 16   | worker   | 12        | 16  | decrease  | asc         | asc        | 565536     | 2908.7   | 2101.78                | 6   | 13105,13280,13455,13111,13286,13461 | -806.92   | -27.74   |
| 9   | 80         | 10000000 | 10000000  | 117648   | 16      | 32    | 1    | worker   | 12        | 16  | increase  | asc         | desc       | 5048576    | 3967.61  | 3160.1                 | 6   | 17914,18117,18320,17920,18123,18326 | -807.51   | -20.35   |
| 6   | 60         | 10000000 | 625000    | 156250   | 1048576 | 128   | 16   | io_uring | 12        | 16  | increase  | desc        | desc       | 565536     | 3112.66  | 2301.83                | 6   | 12580,12755,12930,12586,12761,12936 | -810.83   | -26.05   |
| 7   | 60         | 10000000 | 625000    | 156250   | 1048576 | 128   | 16   | io_uring | 12        | 16  | decrease  | asc         | desc       | 8192       | 987.85   | 176.74                 | 6   | 14603,14778,14953,14609,14784,14959 | -811.11   | -82.11   |
| 7   | 60         | 10000000 | 625000    | 156250   | 1048576 | 128   | 16   | worker   | 12        | 16  | decrease  | asc         | asc        | 378036     | 2255.72  | 1443.59                | 6   | 13084,13259,13434,13090,13265,13440 | -812.13   | -36.0    |
| 8   | 60         | 10000000 | 625000    | 156250   | 1048576 | 128   | 16   | io_uring | 12        | 16  | decrease  | desc        | asc        | 8192       | 997.66   | 185.06                 | 6   | 16178,16353,16528,16184,16359,16534 | -812.6    | -81.45   |
| 6   | 60         | 10000000 | 625000    | 156250   | 1048576 | 128   | 16   | worker   | 12        | 16  | increase  | desc        | desc       | 315536     | 2069.09  | 1256.36                | 6   | 11502,11677,11852,11508,11683,11858 | -812.73   | -39.28   |
| 7   | 60         | 10000000 | 625000    | 156250   | 1048576 | 128   | 16   | worker   | 12        | 16  | decrease  | asc         | asc        | 503036     | 2700.87  | 1887.74                | 6   | 13098,13273,13448,13104,13279,13454 | -813.13   | -30.11   |
| 16  | 80         | 10000000 | 2500000   | 117648   | 1048576 | 2     | 4    | worker   | 12        | 16  | decrease  | desc        | desc       | 762144     | 1490.59  | 676.68                 | 6   | 34392,34581,34770,34398,34587,34776 | -813.91   | -54.6    |
| 15  | 80         | 10000000 | 2500000   | 117648   | 1048576 | 2     | 4    | worker   | 12        | 16  | decrease  | asc         | desc       | 512144     | 1492.26  | 677.09                 | 6   | 32117,32306,32495,32123,32312,32501 | -815.17   | -54.63   |
| 6   | 60         | 10000000 | 625000    | 156250   | 1048576 | 128   | 16   | worker   | 12        | 16  | increase  | desc        | desc       | 253036     | 1842.12  | 1025.07                | 6   | 11495,11670,11845,11501,11676,11851 | -817.05   | -44.35   |
| 13  | 80         | 10000000 | 2500000   | 117648   | 1048576 | 2     | 4    | worker   | 12        | 16  | increase  | asc         | asc        | 1012144    | 1676.43  | 859.21                 | 6   | 27028,27217,27406,27034,27223,27412 | -817.22   | -48.75   |
| 6   | 60         | 10000000 | 625000    | 156250   | 1048576 | 128   | 16   | io_uring | 12        | 16  | increase  | desc        | desc       | 190536     | 1700.25  | 879.33                 | 6   | 12538,12713,12888,12544,12719,12894 | -820.92   | -48.28   |
| 5   | 60         | 10000000 | 625000    | 156250   | 1048576 | 128   | 16   | io_uring | 12        | 16  | increase  | asc         | desc       | 8192       | 1007.8   | 186.17                 | 6   | 10403,10578,10753,10409,10584,10759 | -821.63   | -81.53   |
| 5   | 60         | 10000000 | 625000    | 156250   | 1048576 | 128   | 16   | worker   | 12        | 16  | increase  | asc         | desc       | 8192       | 1010.32  | 180.24                 | 6   | 9353,9528,9703,9359,9534,9709       | -830.08   | -82.16   |
| 14  | 80         | 10000000 | 2500000   | 117648   | 1048576 | 2     | 4    | io_uring | 12        | 16  | increase  | desc        | desc       | 262144     | 1156.91  | 326.82                 | 6   | 30976,31165,31354,30982,31171,31360 | -830.09   | -71.75   |
| 6   | 60         | 10000000 | 625000    | 156250   | 1048576 | 128   | 16   | io_uring | 12        | 16  | increase  | desc        | desc       | 253036     | 1949.28  | 1117.73                | 6   | 12545,12720,12895,12551,12726,12901 | -831.55   | -42.66   |
| 7   | 60         | 10000000 | 625000    | 156250   | 1048576 | 128   | 16   | worker   | 12        | 16  | decrease  | asc         | asc        | 440536     | 2496.19  | 1662.84                | 6   | 13091,13266,13441,13097,13272,13447 | -833.35   | -33.38   |
| 6   | 60         | 10000000 | 625000    | 156250   | 1048576 | 128   | 16   | io_uring | 12        | 16  | increase  | desc        | asc        | 8192       | 1021.85  | 186.78                 | 6   | 11978,12153,12328,11984,12159,12334 | -835.07   | -81.72   |
| 13  | 80         | 10000000 | 2500000   | 117648   | 1048576 | 2     | 4    | worker   | 12        | 16  | increase  | asc         | desc       | 262144     | 1256.43  | 417.57                 | 6   | 27574,27763,27952,27580,27769,27958 | -838.86   | -66.77   |
| 6   | 60         | 10000000 | 625000    | 156250   | 1048576 | 128   | 16   | io_uring | 12        | 16  | increase  | desc        | desc       | 440536     | 2659.88  | 1818.42                | 6   | 12566,12741,12916,12572,12747,12922 | -841.46   | -31.64   |
| 15  | 80         | 10000000 | 2500000   | 117648   | 1048576 | 2     | 4    | io_uring | 12        | 16  | decrease  | asc         | desc       | 512144     | 1607.77  | 765.65                 | 6   | 33251,33440,33629,33257,33446,33635 | -842.12   | -52.38   |
| 3   | 80         | 10000000 | 1250000   | 117648   | 4       | 2048  | 8    | worker   | 12        | 16  | decrease  | asc         | asc        | 381072     | 1779.44  | 931.66                 | 6   | 4502,4684,4866,4508,4690,4872       | -847.78   | -47.64   |
| 16  | 80         | 10000000 | 2500000   | 117648   | 1048576 | 2     | 4    | io_uring | 12        | 16  | decrease  | desc        | desc       | 1012144    | 1792.23  | 940.72                 | 6   | 35533,35722,35911,35539,35728,35917 | -851.51   | -47.51   |
| 17  | 20         | 10000000 | 2500000   | 476191   | 4194304 | 128   | 4    | worker   | 12        | 16  | increase  | asc         | asc        | 8192       | 967.35   | 115.33                 | 6   | 36044,36233,36422,36050,36239,36428 | -852.02   | -88.08   |
| 6   | 60         | 10000000 | 625000    | 156250   | 1048576 | 128   | 16   | io_uring | 12        | 16  | increase  | desc        | desc       | 503036     | 2894.53  | 2041.4                 | 6   | 12573,12748,12923,12579,12754,12929 | -853.13   | -29.47   |
| 6   | 60         | 10000000 | 625000    | 156250   | 1048576 | 128   | 16   | io_uring | 12        | 16  | increase  | desc        | desc       | 378036     | 2439.03  | 1582.3                 | 6   | 12559,12734,12909,12565,12740,12915 | -856.73   | -35.13   |
| 6   | 60         | 10000000 | 625000    | 156250   | 1048576 | 128   | 16   | io_uring | 12        | 16  | increase  | desc        | desc       | 315536     | 2206.11  | 1348.66                | 6   | 12552,12727,12902,12558,12733,12908 | -857.45   | -38.87   |
| 13  | 80         | 10000000 | 2500000   | 117648   | 1048576 | 2     | 4    | io_uring | 12        | 16  | increase  | asc         | asc        | 1012144    | 1805.08  | 945.3                  | 6   | 28162,28351,28540,28168,28357,28546 | -859.78   | -47.63   |
| 6   | 60         | 10000000 | 625000    | 156250   | 1048576 | 128   | 16   | worker   | 12        | 16  | increase  | desc        | desc       | 378036     | 2351.36  | 1484.68                | 6   | 11509,11684,11859,11515,11690,11865 | -866.68   | -36.86   |
| 15  | 80         | 10000000 | 2500000   | 117648   | 1048576 | 2     | 4    | worker   | 12        | 16  | decrease  | asc         | asc        | 512144     | 1351.17  | 479.4                  | 6   | 31550,31739,31928,31556,31745,31934 | -871.77   | -64.52   |
| 6   | 60         | 10000000 | 625000    | 156250   | 1048576 | 128   | 16   | worker   | 12        | 16  | increase  | desc        | desc       | 440536     | 2596.05  | 1717.78                | 6   | 11516,11691,11866,11522,11697,11872 | -878.27   | -33.83   |
| 14  | 80         | 10000000 | 2500000   | 117648   | 1048576 | 2     | 4    | io_uring | 12        | 16  | increase  | desc        | asc        | 262144     | 1328.2   | 442.54                 | 6   | 30409,30598,30787,30415,30604,30793 | -885.66   | -66.68   |
| 6   | 60         | 10000000 | 625000    | 156250   | 1048576 | 128   | 16   | worker   | 12        | 16  | increase  | desc        | desc       | 565536     | 3027.39  | 2135.21                | 6   | 11530,11705,11880,11536,11711,11886 | -892.18   | -29.47   |
| 13  | 80         | 10000000 | 2500000   | 117648   | 1048576 | 2     | 4    | worker   | 12        | 16  | increase  | asc         | asc        | 1262144    | 1968.85  | 1076.67                | 6   | 27035,27224,27413,27041,27230,27419 | -892.18   | -45.31   |
| 16  | 80         | 10000000 | 2500000   | 117648   | 1048576 | 2     | 4    | io_uring | 12        | 16  | decrease  | desc        | asc        | 262144     | 1345.08  | 448.19                 | 6   | 34945,35134,35323,34951,35140,35329 | -896.89   | -66.68   |
| 6   | 60         | 10000000 | 625000    | 156250   | 1048576 | 128   | 16   | worker   | 12        | 16  | increase  | desc        | desc       | 503036     | 2824.61  | 1926.56                | 6   | 11523,11698,11873,11529,11704,11879 | -898.05   | -31.79   |
| 16  | 80         | 10000000 | 2500000   | 117648   | 1048576 | 2     | 4    | worker   | 12        | 16  | decrease  | desc        | desc       | 1012144    | 1786.98  | 886.28                 | 6   | 34399,34588,34777,34405,34594,34783 | -900.7    | -50.4    |
| 9   | 80         | 10000000 | 10000000  | 117648   | 16      | 32    | 1    | worker   | 12        | 16  | increase  | asc         | desc       | 3048576    | 2480.28  | 1576.47                | 6   | 17900,18103,18306,17906,18109,18312 | -903.81   | -36.44   |
| 18  | 20         | 10000000 | 2500000   | 476191   | 4194304 | 128   | 4    | worker   | 12        | 16  | increase  | desc        | asc        | 8192       | 1075.49  | 171.09                 | 6   | 38312,38501,38690,38318,38507,38696 | -904.4    | -84.09   |
| 2   | 80         | 10000000 | 1250000   | 117648   | 4       | 2048  | 8    | worker   | 12        | 16  | increase  | desc        | desc       | 381072     | 2032.46  | 1124.4                 | 6   | 2864,3046,3228,2870,3052,3234       | -908.06   | -44.68   |
| 9   | 80         | 10000000 | 10000000  | 117648   | 16      | 32    | 1    | io_uring | 12        | 16  | increase  | asc         | desc       | 3048576    | 2477.27  | 1565.02                | 6   | 19118,19321,19524,19124,19327,19530 | -912.25   | -36.82   |
| 13  | 80         | 10000000 | 2500000   | 117648   | 1048576 | 2     | 4    | io_uring | 12        | 16  | increase  | asc         | desc       | 262144     | 1386.38  | 471.31                 | 6   | 28708,28897,29086,28714,28903,29092 | -915.07   | -66.0    |
| 3   | 80         | 10000000 | 1250000   | 117648   | 4       | 2048  | 8    | io_uring | 12        | 16  | decrease  | asc         | asc        | 381072     | 1934.98  | 1013.92                | 6   | 5594,5776,5958,5600,5782,5964       | -921.06   | -47.6    |
| 15  | 80         | 10000000 | 2500000   | 117648   | 1048576 | 2     | 4    | worker   | 12        | 16  | decrease  | asc         | desc       | 762144     | 1899.25  | 959.29                 | 6   | 32124,32313,32502,32130,32319,32508 | -939.96   | -49.49   |
| 10  | 80         | 10000000 | 10000000  | 117648   | 16      | 32    | 1    | worker   | 12        | 16  | increase  | desc        | desc       | 4048576    | 2578.1   | 1631.95                | 6   | 20343,20546,20749,20349,20552,20755 | -946.15   | -36.7    |
| 14  | 80         | 10000000 | 2500000   | 117648   | 1048576 | 2     | 4    | worker   | 12        | 16  | increase  | desc        | asc        | 762144     | 1923.98  | 970.99                 | 6   | 29289,29478,29667,29295,29484,29673 | -952.99   | -49.53   |
| 4   | 80         | 10000000 | 1250000   | 117648   | 4       | 2048  | 8    | worker   | 12        | 16  | decrease  | desc        | asc        | 381072     | 2099.57  | 1145.69                | 6   | 6686,6868,7050,6692,6874,7056       | -953.88   | -45.43   |
| 2   | 80         | 10000000 | 1250000   | 117648   | 4       | 2048  | 8    | io_uring | 12        | 16  | increase  | desc        | desc       | 381072     | 2040.38  | 1086.22                | 6   | 3956,4138,4320,3962,4144,4326       | -954.16   | -46.76   |
| 15  | 80         | 10000000 | 2500000   | 117648   | 1048576 | 2     | 4    | io_uring | 12        | 16  | decrease  | asc         | asc        | 512144     | 1491.01  | 531.46                 | 6   | 32684,32873,33062,32690,32879,33068 | -959.55   | -64.36   |
| 13  | 80         | 10000000 | 2500000   | 117648   | 1048576 | 2     | 4    | io_uring | 12        | 16  | increase  | asc         | asc        | 1262144    | 2128.97  | 1162.19                | 6   | 28169,28358,28547,28175,28364,28553 | -966.78   | -45.41   |
| 16  | 80         | 10000000 | 2500000   | 117648   | 1048576 | 2     | 4    | io_uring | 12        | 16  | decrease  | desc        | desc       | 1262144    | 2134.31  | 1152.11                | 6   | 35540,35729,35918,35546,35735,35924 | -982.2    | -46.02   |
| 12  | 80         | 10000000 | 10000000  | 117648   | 16      | 32    | 1    | io_uring | 12        | 16  | decrease  | desc        | asc        | 5048576    | 3748.16  | 2757.25                | 6   | 25831,26034,26237,25837,26040,26243 | -990.91   | -26.44   |
| 13  | 80         | 10000000 | 2500000   | 117648   | 1048576 | 2     | 4    | worker   | 12        | 16  | increase  | asc         | asc        | 1512144    | 2256.78  | 1264.66                | 6   | 27042,27231,27420,27048,27237,27426 | -992.12   | -43.96   |
| 14  | 80         | 10000000 | 2500000   | 117648   | 1048576 | 2     | 4    | io_uring | 12        | 16  | increase  | desc        | asc        | 512144     | 1785.01  | 771.38                 | 6   | 30416,30605,30794,30422,30611,30800 | -1013.63  | -56.79   |
| 12  | 80         | 10000000 | 10000000  | 117648   | 16      | 32    | 1    | worker   | 12        | 16  | decrease  | desc        | asc        | 4048576    | 2744.54  | 1730.45                | 6   | 24606,24809,25012,24612,24815,25018 | -1014.09  | -36.95   |
| 16  | 80         | 10000000 | 2500000   | 117648   | 1048576 | 2     | 4    | io_uring | 12        | 16  | decrease  | desc        | desc       | 2262144    | 2994.3   | 1977.28                | 6   | 35568,35757,35946,35574,35763,35952 | -1017.02  | -33.97   |
| 15  | 80         | 10000000 | 2500000   | 117648   | 1048576 | 2     | 4    | io_uring | 12        | 16  | decrease  | asc         | desc       | 762144     | 2118.75  | 1097.17                | 6   | 33258,33447,33636,33264,33453,33642 | -1021.58  | -48.22   |
| 14  | 80         | 10000000 | 2500000   | 117648   | 1048576 | 2     | 4    | worker   | 12        | 16  | increase  | desc        | asc        | 1012144    | 2300.21  | 1277.96                | 6   | 29296,29485,29674,29302,29491,29680 | -1022.25  | -44.44   |
| 16  | 80         | 10000000 | 2500000   | 117648   | 1048576 | 2     | 4    | worker   | 12        | 16  | decrease  | desc        | asc        | 512144     | 1715.5   | 692.86                 | 6   | 33818,34007,34196,33824,34013,34202 | -1022.64  | -59.61   |
| 1   | 80         | 10000000 | 1250000   | 117648   | 4       | 2048  | 8    | worker   | 12        | 16  | increase  | asc         | desc       | 381072     | 2370.05  | 1342.92                | 6   | 680,862,1044,686,868,1050           | -1027.13  | -43.34   |
| 16  | 80         | 10000000 | 2500000   | 117648   | 1048576 | 2     | 4    | worker   | 12        | 16  | decrease  | desc        | desc       | 1262144    | 2119.2   | 1081.91                | 6   | 34406,34595,34784,34412,34601,34790 | -1037.29  | -48.95   |
| 14  | 80         | 10000000 | 2500000   | 117648   | 1048576 | 2     | 4    | worker   | 12        | 16  | increase  | desc        | desc       | 512144     | 1564.67  | 524.28                 | 6   | 29849,30038,30227,29855,30044,30233 | -1040.39  | -66.49   |
| 1   | 80         | 10000000 | 1250000   | 117648   | 4       | 2048  | 8    | io_uring | 12        | 16  | increase  | asc         | desc       | 381072     | 2366.97  | 1325.93                | 6   | 1772,1954,2136,1778,1960,2142       | -1041.04  | -43.98   |
| 15  | 80         | 10000000 | 2500000   | 117648   | 1048576 | 2     | 4    | worker   | 12        | 16  | decrease  | asc         | desc       | 1012144    | 2328.84  | 1287.05                | 6   | 32131,32320,32509,32137,32326,32515 | -1041.79  | -44.73   |
| 9   | 80         | 10000000 | 10000000  | 117648   | 16      | 32    | 1    | worker   | 12        | 16  | increase  | asc         | desc       | 4048576    | 3225.68  | 2181.43                | 6   | 17907,18110,18313,17913,18116,18319 | -1044.25  | -32.37   |
| 16  | 80         | 10000000 | 2500000   | 117648   | 1048576 | 2     | 4    | io_uring | 12        | 16  | decrease  | desc        | desc       | 1512144    | 2425.88  | 1380.57                | 6   | 35547,35736,35925,35553,35742,35931 | -1045.31  | -43.09   |
| 13  | 80         | 10000000 | 2500000   | 117648   | 1048576 | 2     | 4    | worker   | 12        | 16  | increase  | asc         | asc        | 1762144    | 2499.81  | 1450.15                | 6   | 27049,27238,27427,27055,27244,27433 | -1049.66  | -41.99   |
| 17  | 20         | 10000000 | 2500000   | 476191   | 4194304 | 128   | 4    | io_uring | 12        | 16  | increase  | asc         | asc        | 8192       | 1194.42  | 143.03                 | 6   | 37178,37367,37556,37184,37373,37562 | -1051.39  | -88.03   |
| 13  | 80         | 10000000 | 2500000   | 117648   | 1048576 | 2     | 4    | worker   | 12        | 16  | increase  | asc         | asc        | 2262144    | 2895.52  | 1840.87                | 6   | 27063,27252,27441,27069,27258,27447 | -1054.65  | -36.42   |
| 18  | 20         | 10000000 | 2500000   | 476191   | 4194304 | 128   | 4    | worker   | 12        | 16  | increase  | desc        | desc       | 8192       | 1203.29  | 147.48                 | 4   | 38879,39068,38885,39074             | -1055.81  | -87.74   |
| 16  | 80         | 10000000 | 2500000   | 117648   | 1048576 | 2     | 4    | io_uring | 12        | 16  | decrease  | desc        | desc       | 2012144    | 2866.05  | 1808.05                | 6   | 35561,35750,35939,35567,35756,35945 | -1058.0   | -36.91   |
| 4   | 80         | 10000000 | 1250000   | 117648   | 4       | 2048  | 8    | io_uring | 12        | 16  | decrease  | desc        | asc        | 381072     | 2401.92  | 1338.24                | 6   | 7778,7960,8142,7784,7966,8148       | -1063.68  | -44.28   |
| 10  | 80         | 10000000 | 10000000  | 117648   | 16      | 32    | 1    | io_uring | 12        | 16  | increase  | desc        | desc       | 4048576    | 2590.49  | 1526.77                | 6   | 21561,21764,21967,21567,21770,21973 | -1063.72  | -41.06   |
| 14  | 80         | 10000000 | 2500000   | 117648   | 1048576 | 2     | 4    | io_uring | 12        | 16  | increase  | desc        | desc       | 512144     | 1619.74  | 554.89                 | 6   | 30983,31172,31361,30989,31178,31367 | -1064.85  | -65.74   |
| 13  | 80         | 10000000 | 2500000   | 117648   | 1048576 | 2     | 4    | worker   | 12        | 16  | increase  | asc         | asc        | 2012144    | 2723.32  | 1651.93                | 6   | 27056,27245,27434,27062,27251,27440 | -1071.39  | -39.34   |
| 11  | 80         | 10000000 | 10000000  | 117648   | 16      | 32    | 1    | io_uring | 12        | 16  | decrease  | asc         | asc        | 4048576    | 2579.38  | 1502.91                | 6   | 23388,23591,23794,23394,23597,23800 | -1076.47  | -41.73   |
| 16  | 80         | 10000000 | 2500000   | 117648   | 1048576 | 2     | 4    | io_uring | 12        | 16  | decrease  | desc        | desc       | 1762144    | 2656.13  | 1567.36                | 6   | 35554,35743,35932,35560,35749,35938 | -1088.77  | -40.99   |
| 13  | 80         | 10000000 | 2500000   | 117648   | 1048576 | 2     | 4    | worker   | 12        | 16  | increase  | asc         | desc       | 512144     | 1842.24  | 751.97                 | 6   | 27581,27770,27959,27587,27776,27965 | -1090.27  | -59.18   |
| 13  | 80         | 10000000 | 2500000   | 117648   | 1048576 | 2     | 4    | io_uring | 12        | 16  | increase  | asc         | asc        | 1512144    | 2492.49  | 1388.44                | 6   | 28176,28365,28554,28182,28371,28560 | -1104.05  | -44.3    |
| 13  | 80         | 10000000 | 2500000   | 117648   | 1048576 | 2     | 4    | io_uring | 12        | 16  | increase  | asc         | asc        | 2262144    | 3086.0   | 1970.53                | 6   | 28197,28386,28575,28203,28392,28581 | -1115.47  | -36.15   |
| 17  | 20         | 10000000 | 2500000   | 476191   | 4194304 | 128   | 4    | worker   | 12        | 16  | increase  | asc         | desc       | 8192       | 1364.46  | 239.21                 | 6   | 36611,36800,36989,36617,36806,36995 | -1125.25  | -82.47   |
| 16  | 80         | 10000000 | 2500000   | 117648   | 1048576 | 2     | 4    | worker   | 12        | 16  | decrease  | desc        | desc       | 2262144    | 2987.14  | 1859.72                | 6   | 34434,34623,34812,34440,34629,34818 | -1127.42  | -37.74   |
| 16  | 80         | 10000000 | 2500000   | 117648   | 1048576 | 2     | 4    | worker   | 12        | 16  | decrease  | desc        | desc       | 1762144    | 2635.77  | 1503.36                | 6   | 34420,34609,34798,34426,34615,34804 | -1132.41  | -42.96   |
| 15  | 80         | 10000000 | 2500000   | 117648   | 1048576 | 2     | 4    | worker   | 12        | 16  | decrease  | asc         | asc        | 762144     | 1812.69  | 677.33                 | 6   | 31557,31746,31935,31563,31752,31941 | -1135.36  | -62.63   |
| 11  | 80         | 10000000 | 10000000  | 117648   | 16      | 32    | 1    | io_uring | 12        | 16  | decrease  | asc         | asc        | 5048576    | 3213.85  | 2078.35                | 6   | 23395,23598,23801,23401,23604,23807 | -1135.5   | -35.33   |
| 14  | 80         | 10000000 | 2500000   | 117648   | 1048576 | 2     | 4    | io_uring | 12        | 16  | increase  | desc        | asc        | 762144     | 2237.17  | 1101.33                | 6   | 30423,30612,30801,30429,30618,30807 | -1135.84  | -50.77   |
| 13  | 80         | 10000000 | 2500000   | 117648   | 1048576 | 2     | 4    | io_uring | 12        | 16  | increase  | asc         | asc        | 2012144    | 2921.14  | 1782.23                | 6   | 28190,28379,28568,28196,28385,28574 | -1138.91  | -38.99   |
| 10  | 80         | 10000000 | 10000000  | 117648   | 16      | 32    | 1    | worker   | 12        | 16  | increase  | desc        | desc       | 5048576    | 3193.4   | 2047.87                | 6   | 20350,20553,20756,20356,20559,20762 | -1145.53  | -35.87   |
| 3   | 80         | 10000000 | 1250000   | 117648   | 4       | 2048  | 8    | worker   | 12        | 16  | decrease  | asc         | asc        | 506072     | 2359.93  | 1213.88                | 6   | 4509,4691,4873,4515,4697,4879       | -1146.05  | -48.56   |
| 16  | 80         | 10000000 | 2500000   | 117648   | 1048576 | 2     | 4    | worker   | 12        | 16  | decrease  | desc        | desc       | 1512144    | 2440.71  | 1293.77                | 6   | 34413,34602,34791,34419,34608,34797 | -1146.94  | -46.99   |
| 15  | 80         | 10000000 | 2500000   | 117648   | 1048576 | 2     | 4    | io_uring | 12        | 16  | decrease  | asc         | desc       | 1012144    | 2579.03  | 1423.01                | 6   | 33265,33454,33643,33271,33460,33649 | -1156.02  | -44.82   |
| 12  | 80         | 10000000 | 10000000  | 117648   | 16      | 32    | 1    | io_uring | 12        | 16  | decrease  | desc        | asc        | 4048576    | 3008.48  | 1849.06                | 6   | 25824,26027,26230,25830,26033,26236 | -1159.42  | -38.54   |
| 13  | 80         | 10000000 | 2500000   | 117648   | 1048576 | 2     | 4    | io_uring | 12        | 16  | increase  | asc         | asc        | 1762144    | 2739.1   | 1576.63                | 6   | 28183,28372,28561,28189,28378,28567 | -1162.47  | -42.44   |
| 16  | 80         | 10000000 | 2500000   | 117648   | 1048576 | 2     | 4    | worker   | 12        | 16  | decrease  | desc        | desc       | 2012144    | 2855.88  | 1686.89                | 6   | 34427,34616,34805,34433,34622,34811 | -1168.99  | -40.93   |
| 16  | 80         | 10000000 | 2500000   | 117648   | 1048576 | 2     | 4    | io_uring | 12        | 16  | decrease  | desc        | asc        | 512144     | 1967.99  | 795.34                 | 6   | 34952,35141,35330,34958,35147,35336 | -1172.65  | -59.59   |
| 11  | 80         | 10000000 | 10000000  | 117648   | 16      | 32    | 1    | worker   | 12        | 16  | decrease  | asc         | asc        | 5048576    | 2828.0   | 1650.85                | 6   | 22177,22380,22583,22183,22386,22589 | -1177.15  | -41.62   |
| 11  | 80         | 10000000 | 10000000  | 117648   | 16      | 32    | 1    | worker   | 12        | 16  | decrease  | asc         | asc        | 6048576    | 3390.4   | 2205.74                | 6   | 22184,22387,22590,22190,22393,22596 | -1184.66  | -34.94   |
| 14  | 80         | 10000000 | 2500000   | 117648   | 1048576 | 2     | 4    | worker   | 12        | 16  | increase  | desc        | asc        | 1262144    | 2756.74  | 1570.0                 | 6   | 29303,29492,29681,29309,29498,29687 | -1186.74  | -43.05   |
| 17  | 20         | 10000000 | 2500000   | 476191   | 4194304 | 128   | 4    | io_uring | 12        | 16  | increase  | asc         | desc       | 8192       | 1434.95  | 248.21                 | 6   | 37745,37934,38123,37751,37940,38129 | -1186.74  | -82.7    |
| 13  | 80         | 10000000 | 2500000   | 117648   | 1048576 | 2     | 4    | io_uring | 12        | 16  | increase  | asc         | desc       | 512144     | 2045.06  | 844.49                 | 6   | 28715,28904,29093,28721,28910,29099 | -1200.57  | -58.71   |
| 2   | 80         | 10000000 | 1250000   | 117648   | 4       | 2048  | 8    | worker   | 12        | 16  | increase  | desc        | desc       | 506072     | 2700.55  | 1496.03                | 6   | 2871,3053,3235,2877,3059,3241       | -1204.52  | -44.6    |
| 15  | 80         | 10000000 | 2500000   | 117648   | 1048576 | 2     | 4    | worker   | 12        | 16  | decrease  | asc         | desc       | 1262144    | 2787.28  | 1571.23                | 6   | 32138,32327,32516,32144,32333,32522 | -1216.05  | -43.63   |
| 9   | 80         | 10000000 | 10000000  | 117648   | 16      | 32    | 1    | io_uring | 12        | 16  | increase  | asc         | desc       | 4048576    | 3225.59  | 1991.56                | 6   | 19125,19328,19531,19131,19334,19537 | -1234.03  | -38.26   |
| 15  | 80         | 10000000 | 2500000   | 117648   | 1048576 | 2     | 4    | io_uring | 12        | 16  | decrease  | asc         | asc        | 762144     | 1994.24  | 757.84                 | 6   | 32691,32880,33069,32697,32886,33075 | -1236.4   | -62.0    |
| 6   | 60         | 10000000 | 625000    | 156250   | 1048576 | 128   | 16   | worker   | 12        | 16  | increase  | desc        | asc        | 16384      | 1471.76  | 232.24                 | 6   | 10935,11110,11285,10941,11116,11291 | -1239.52  | -84.22   |
| 4   | 80         | 10000000 | 1250000   | 117648   | 4       | 2048  | 8    | worker   | 12        | 16  | decrease  | desc        | asc        | 506072     | 2780.18  | 1538.96                | 6   | 6693,6875,7057,6699,6881,7063       | -1241.22  | -44.65   |
| 3   | 80         | 10000000 | 1250000   | 117648   | 4       | 2048  | 8    | io_uring | 12        | 16  | decrease  | asc         | asc        | 506072     | 2583.45  | 1339.9                 | 6   | 5601,5783,5965,5607,5789,5971       | -1243.55  | -48.14   |
| 2   | 80         | 10000000 | 1250000   | 117648   | 4       | 2048  | 8    | io_uring | 12        | 16  | increase  | desc        | desc       | 506072     | 2693.28  | 1434.27                | 6   | 3963,4145,4327,3969,4151,4333       | -1259.01  | -46.75   |
| 8   | 60         | 10000000 | 625000    | 156250   | 1048576 | 128   | 16   | worker   | 12        | 16  | decrease  | desc        | asc        | 16384      | 1496.56  | 232.2                  | 6   | 15135,15310,15485,15141,15316,15491 | -1264.36  | -84.48   |
| 16  | 80         | 10000000 | 2500000   | 117648   | 1048576 | 2     | 4    | worker   | 12        | 16  | decrease  | desc        | asc        | 762144     | 2261.6   | 996.3                  | 6   | 33825,34014,34203,33831,34020,34209 | -1265.3   | -55.95   |
| 15  | 80         | 10000000 | 2500000   | 117648   | 1048576 | 2     | 4    | io_uring | 12        | 16  | decrease  | asc         | desc       | 1262144    | 3053.38  | 1782.98                | 6   | 33272,33461,33650,33278,33467,33656 | -1270.4   | -41.61   |
| 12  | 80         | 10000000 | 10000000  | 117648   | 16      | 32    | 1    | worker   | 12        | 16  | decrease  | desc        | asc        | 5048576    | 3423.94  | 2153.08                | 6   | 24613,24816,25019,24619,24822,25025 | -1270.86  | -37.12   |
| 7   | 60         | 10000000 | 625000    | 156250   | 1048576 | 128   | 16   | worker   | 12        | 16  | decrease  | asc         | desc       | 16384      | 1554.79  | 257.71                 | 6   | 13560,13735,13910,13566,13741,13916 | -1297.08  | -83.42   |
| 15  | 80         | 10000000 | 2500000   | 117648   | 1048576 | 2     | 4    | worker   | 12        | 16  | decrease  | asc         | desc       | 1512144    | 3179.3   | 1880.66                | 6   | 32145,32334,32523,32151,32340,32529 | -1298.64  | -40.85   |
| 14  | 80         | 10000000 | 2500000   | 117648   | 1048576 | 2     | 4    | io_uring | 12        | 16  | increase  | desc        | asc        | 1012144    | 2763.55  | 1447.59                | 6   | 30430,30619,30808,30436,30625,30814 | -1315.96  | -47.62   |
| 14  | 80         | 10000000 | 2500000   | 117648   | 1048576 | 2     | 4    | worker   | 12        | 16  | increase  | desc        | desc       | 762144     | 2082.18  | 750.78                 | 6   | 29856,30045,30234,29862,30051,30240 | -1331.4   | -63.94   |
| 9   | 80         | 10000000 | 10000000  | 117648   | 16      | 32    | 1    | io_uring | 12        | 16  | increase  | asc         | desc       | 5048576    | 3959.83  | 2620.7                 | 6   | 19132,19335,19538,19138,19341,19544 | -1339.13  | -33.82   |
| 15  | 80         | 10000000 | 2500000   | 117648   | 1048576 | 2     | 4    | worker   | 12        | 16  | decrease  | asc         | asc        | 1012144    | 2220.49  | 880.29                 | 6   | 31564,31753,31942,31570,31759,31948 | -1340.2   | -60.36   |
| 10  | 80         | 10000000 | 10000000  | 117648   | 16      | 32    | 1    | io_uring | 12        | 16  | increase  | desc        | desc       | 5048576    | 3222.71  | 1878.0                 | 6   | 21568,21771,21974,21574,21777,21980 | -1344.71  | -41.73   |
| 14  | 80         | 10000000 | 2500000   | 117648   | 1048576 | 2     | 4    | io_uring | 12        | 16  | increase  | desc        | desc       | 762144     | 2137.59  | 787.07                 | 6   | 30990,31179,31368,30996,31185,31374 | -1350.52  | -63.18   |
| 14  | 80         | 10000000 | 2500000   | 117648   | 1048576 | 2     | 4    | worker   | 12        | 16  | increase  | desc        | asc        | 1512144    | 3214.42  | 1860.0                 | 6   | 29310,29499,29688,29316,29505,29694 | -1354.42  | -42.14   |
| 15  | 80         | 10000000 | 2500000   | 117648   | 1048576 | 2     | 4    | worker   | 12        | 16  | decrease  | asc         | desc       | 2262144    | 4111.49  | 2752.33                | 6   | 32166,32355,32544,32172,32361,32550 | -1359.16  | -33.06   |
| 7   | 60         | 10000000 | 625000    | 156250   | 1048576 | 128   | 16   | io_uring | 12        | 16  | decrease  | asc         | desc       | 16384      | 1682.5   | 315.87                 | 6   | 14610,14785,14960,14616,14791,14966 | -1366.63  | -81.23   |
| 14  | 80         | 10000000 | 2500000   | 117648   | 1048576 | 2     | 4    | worker   | 12        | 16  | increase  | desc        | asc        | 2262144    | 4117.11  | 2733.38                | 6   | 29331,29520,29709,29337,29526,29715 | -1383.73  | -33.61   |
| 1   | 80         | 10000000 | 1250000   | 117648   | 4       | 2048  | 8    | worker   | 12        | 16  | increase  | asc         | desc       | 506072     | 3191.75  | 1801.38                | 6   | 687,869,1051,693,875,1057           | -1390.37  | -43.56   |
| 13  | 80         | 10000000 | 2500000   | 117648   | 1048576 | 2     | 4    | worker   | 12        | 16  | increase  | asc         | desc       | 762144     | 2483.07  | 1089.25                | 6   | 27588,27777,27966,27594,27783,27972 | -1393.82  | -56.13   |
| 4   | 80         | 10000000 | 1250000   | 117648   | 4       | 2048  | 8    | io_uring | 12        | 16  | decrease  | desc        | asc        | 506072     | 3168.76  | 1770.78                | 6   | 7785,7967,8149,7791,7973,8155       | -1397.98  | -44.12   |
| 1   | 80         | 10000000 | 1250000   | 117648   | 4       | 2048  | 8    | io_uring | 12        | 16  | increase  | asc         | desc       | 506072     | 3187.19  | 1784.27                | 6   | 1779,1961,2143,1785,1967,2149       | -1402.92  | -44.02   |
| 8   | 60         | 10000000 | 625000    | 156250   | 1048576 | 128   | 16   | io_uring | 12        | 16  | decrease  | desc        | asc        | 16384      | 1737.08  | 329.51                 | 6   | 16185,16360,16535,16191,16366,16541 | -1407.57  | -81.03   |
| 15  | 80         | 10000000 | 2500000   | 117648   | 1048576 | 2     | 4    | io_uring | 12        | 16  | decrease  | asc         | desc       | 1512144    | 3511.15  | 2102.53                | 6   | 33279,33468,33657,33285,33474,33663 | -1408.62  | -40.12   |
| 14  | 80         | 10000000 | 2500000   | 117648   | 1048576 | 2     | 4    | worker   | 12        | 16  | increase  | desc        | asc        | 1762144    | 3573.85  | 2162.39                | 6   | 29317,29506,29695,29323,29512,29701 | -1411.46  | -39.49   |
| 3   | 80         | 10000000 | 1250000   | 117648   | 4       | 2048  | 8    | worker   | 12        | 16  | decrease  | asc         | asc        | 631072     | 2935.44  | 1518.18                | 6   | 4516,4698,4880,4522,4704,4886       | -1417.26  | -48.28   |
| 15  | 80         | 10000000 | 2500000   | 117648   | 1048576 | 2     | 4    | worker   | 12        | 16  | decrease  | asc         | desc       | 1762144    | 3601.76  | 2180.34                | 6   | 32152,32341,32530,32158,32347,32536 | -1421.42  | -39.46   |
| 14  | 80         | 10000000 | 2500000   | 117648   | 1048576 | 2     | 4    | worker   | 12        | 16  | increase  | desc        | asc        | 2012144    | 3862.79  | 2441.26                | 6   | 29324,29513,29702,29330,29519,29708 | -1421.53  | -36.8    |
| 6   | 60         | 10000000 | 625000    | 156250   | 1048576 | 128   | 16   | io_uring | 12        | 16  | increase  | desc        | asc        | 16384      | 1764.03  | 339.81                 | 6   | 11985,12160,12335,11991,12166,12341 | -1424.22  | -80.74   |
| 5   | 60         | 10000000 | 625000    | 156250   | 1048576 | 128   | 16   | io_uring | 12        | 16  | increase  | asc         | desc       | 16384      | 1751.35  | 325.85                 | 6   | 10410,10585,10760,10416,10591,10766 | -1425.5   | -81.39   |
| 10  | 80         | 10000000 | 10000000  | 117648   | 16      | 32    | 1    | worker   | 12        | 16  | increase  | desc        | desc       | 6048576    | 3791.89  | 2366.26                | 6   | 20357,20560,20763,20363,20566,20769 | -1425.63  | -37.6    |
| 5   | 60         | 10000000 | 625000    | 156250   | 1048576 | 128   | 16   | worker   | 12        | 16  | increase  | asc         | desc       | 16384      | 1741.92  | 311.83                 | 6   | 9360,9535,9710,9366,9541,9716       | -1430.09  | -82.1    |
| 16  | 80         | 10000000 | 2500000   | 117648   | 1048576 | 2     | 4    | io_uring | 12        | 16  | decrease  | desc        | asc        | 762144     | 2584.29  | 1136.69                | 6   | 34959,35148,35337,34965,35154,35343 | -1447.6   | -56.02   |
| 15  | 80         | 10000000 | 2500000   | 117648   | 1048576 | 2     | 4    | io_uring | 12        | 16  | decrease  | asc         | asc        | 1012144    | 2433.81  | 984.47                 | 6   | 32698,32887,33076,32704,32893,33082 | -1449.34  | -59.55   |
| 15  | 80         | 10000000 | 2500000   | 117648   | 1048576 | 2     | 4    | io_uring | 12        | 16  | decrease  | asc         | desc       | 1762144    | 3901.36  | 2447.43                | 6   | 33286,33475,33664,33292,33481,33670 | -1453.93  | -37.27   |
| 15  | 80         | 10000000 | 2500000   | 117648   | 1048576 | 2     | 4    | io_uring | 12        | 16  | decrease  | asc         | desc       | 2012144    | 4208.95  | 2750.69                | 6   | 33293,33482,33671,33299,33488,33677 | -1458.26  | -34.65   |
| 17  | 20         | 10000000 | 2500000   | 476191   | 4194304 | 128   | 4    | worker   | 12        | 16  | increase  | asc         | asc        | 16384      | 1681.09  | 214.93                 | 6   | 36051,36240,36429,36057,36246,36435 | -1466.16  | -87.21   |
| 15  | 80         | 10000000 | 2500000   | 117648   | 1048576 | 2     | 4    | io_uring | 12        | 16  | decrease  | asc         | desc       | 2262144    | 4524.13  | 3056.29                | 6   | 33300,33489,33678,33306,33495,33684 | -1467.84  | -32.44   |
| 15  | 80         | 10000000 | 2500000   | 117648   | 1048576 | 2     | 4    | worker   | 12        | 16  | decrease  | asc         | desc       | 2012144    | 3904.3   | 2426.86                | 6   | 32159,32348,32537,32165,32354,32543 | -1477.44  | -37.84   |
| 13  | 80         | 10000000 | 2500000   | 117648   | 1048576 | 2     | 4    | io_uring | 12        | 16  | increase  | asc         | desc       | 762144     | 2702.61  | 1219.23                | 6   | 28722,28911,29100,28728,28917,29106 | -1483.38  | -54.89   |
| 10  | 80         | 10000000 | 10000000  | 117648   | 16      | 32    | 1    | io_uring | 12        | 16  | increase  | desc        | desc       | 6048576    | 3823.0   | 2337.18                | 6   | 21575,21778,21981,21581,21784,21987 | -1485.82  | -38.87   |
| 14  | 80         | 10000000 | 2500000   | 117648   | 1048576 | 2     | 4    | io_uring | 12        | 16  | increase  | desc        | asc        | 1262144    | 3298.08  | 1791.79                | 6   | 30437,30626,30815,30443,30632,30821 | -1506.29  | -45.67   |
| 11  | 80         | 10000000 | 10000000  | 117648   | 16      | 32    | 1    | io_uring | 12        | 16  | decrease  | asc         | asc        | 6048576    | 3839.7   | 2324.76                | 6   | 23402,23605,23808,23408,23611,23814 | -1514.94  | -39.45   |
| 2   | 80         | 10000000 | 1250000   | 117648   | 4       | 2048  | 8    | worker   | 12        | 16  | increase  | desc        | desc       | 631072     | 3350.97  | 1834.86                | 6   | 2878,3060,3242,2884,3066,3248       | -1516.11  | -45.24   |
| 3   | 80         | 10000000 | 1250000   | 117648   | 4       | 2048  | 8    | io_uring | 12        | 16  | decrease  | asc         | asc        | 631072     | 3190.13  | 1666.58                | 6   | 5608,5790,5972,5614,5796,5978       | -1523.55  | -47.76   |
| 16  | 80         | 10000000 | 2500000   | 117648   | 1048576 | 2     | 4    | worker   | 12        | 16  | decrease  | desc        | asc        | 1012144    | 2822.58  | 1291.82                | 6   | 33832,34021,34210,33838,34027,34216 | -1530.76  | -54.23   |
| 12  | 80         | 10000000 | 10000000  | 117648   | 16      | 32    | 1    | worker   | 12        | 16  | decrease  | desc        | asc        | 6048576    | 4091.8   | 2550.77                | 6   | 24620,24823,25026,24626,24829,25032 | -1541.03  | -37.66   |
| 4   | 80         | 10000000 | 1250000   | 117648   | 4       | 2048  | 8    | worker   | 12        | 16  | decrease  | desc        | asc        | 631072     | 3462.13  | 1913.23                | 6   | 6700,6882,7064,6706,6888,7070       | -1548.9   | -44.74   |
| 2   | 80         | 10000000 | 1250000   | 117648   | 4       | 2048  | 8    | io_uring | 12        | 16  | increase  | desc        | desc       | 631072     | 3351.89  | 1778.1                 | 6   | 3970,4152,4334,3976,4158,4340       | -1573.79  | -46.95   |
| 14  | 80         | 10000000 | 2500000   | 117648   | 1048576 | 2     | 4    | worker   | 12        | 16  | increase  | desc        | desc       | 1012144    | 2539.73  | 948.28                 | 6   | 29863,30052,30241,29869,30058,30247 | -1591.45  | -62.66   |
| 15  | 80         | 10000000 | 2500000   | 117648   | 1048576 | 2     | 4    | worker   | 12        | 16  | decrease  | asc         | asc        | 1262144    | 2668.38  | 1067.6                 | 6   | 31571,31760,31949,31577,31766,31955 | -1600.78  | -59.99   |
| 14  | 80         | 10000000 | 2500000   | 117648   | 1048576 | 2     | 4    | io_uring | 12        | 16  | increase  | desc        | desc       | 1012144    | 2620.89  | 1000.84                | 6   | 30997,31186,31375,31003,31192,31381 | -1620.05  | -61.81   |
| 14  | 80         | 10000000 | 2500000   | 117648   | 1048576 | 2     | 4    | io_uring | 12        | 16  | increase  | desc        | asc        | 1512144    | 3777.5   | 2128.77                | 6   | 30444,30633,30822,30450,30639,30828 | -1648.73  | -43.65   |
| 11  | 80         | 10000000 | 10000000  | 117648   | 16      | 32    | 1    | worker   | 12        | 16  | decrease  | asc         | asc        | 7048576    | 3955.92  | 2299.1                 | 6   | 22191,22394,22597,22197,22400,22603 | -1656.82  | -41.88   |
| 9   | 80         | 10000000 | 10000000  | 117648   | 16      | 32    | 1    | worker   | 12        | 16  | increase  | asc         | desc       | 6048576    | 4710.45  | 3045.61                | 6   | 17921,18124,18327,17927,18130,18333 | -1664.84  | -35.34   |
| 15  | 80         | 10000000 | 2500000   | 117648   | 1048576 | 2     | 4    | io_uring | 12        | 16  | decrease  | asc         | asc        | 1262144    | 2870.38  | 1195.3                 | 6   | 32705,32894,33083,32711,32900,33089 | -1675.08  | -58.36   |
| 14  | 80         | 10000000 | 2500000   | 117648   | 1048576 | 2     | 4    | io_uring | 12        | 16  | increase  | desc        | asc        | 2012144    | 4440.73  | 2759.71                | 6   | 30458,30647,30836,30464,30653,30842 | -1681.02  | -37.85   |
| 3   | 80         | 10000000 | 1250000   | 117648   | 4       | 2048  | 8    | worker   | 12        | 16  | decrease  | asc         | asc        | 756072     | 3508.34  | 1819.96                | 6   | 4523,4705,4887,4529,4711,4893       | -1688.38  | -48.12   |
| 12  | 80         | 10000000 | 10000000  | 117648   | 16      | 32    | 1    | worker   | 12        | 16  | decrease  | desc        | asc        | 7048576    | 4764.24  | 3074.57                | 6   | 24627,24830,25033,24633,24836,25039 | -1689.67  | -35.47   |
| 14  | 80         | 10000000 | 2500000   | 117648   | 1048576 | 2     | 4    | io_uring | 12        | 16  | increase  | desc        | asc        | 1762144    | 4140.46  | 2437.28                | 6   | 30451,30640,30829,30457,30646,30835 | -1703.18  | -41.14   |
| 18  | 20         | 10000000 | 2500000   | 476191   | 4194304 | 128   | 4    | worker   | 12        | 16  | increase  | desc        | asc        | 16384      | 2027.23  | 319.35                 | 6   | 38319,38508,38697,38325,38514,38703 | -1707.88  | -84.25   |
| 14  | 80         | 10000000 | 2500000   | 117648   | 1048576 | 2     | 4    | io_uring | 12        | 16  | increase  | desc        | asc        | 2262144    | 4783.75  | 3069.93                | 6   | 30465,30654,30843,30471,30660,30849 | -1713.82  | -35.83   |
| 16  | 80         | 10000000 | 2500000   | 117648   | 1048576 | 2     | 4    | io_uring | 12        | 16  | decrease  | desc        | asc        | 1012144    | 3207.64  | 1490.6                 | 6   | 34966,35155,35344,34972,35161,35350 | -1717.04  | -53.53   |
| 13  | 80         | 10000000 | 2500000   | 117648   | 1048576 | 2     | 4    | worker   | 12        | 16  | increase  | asc         | desc       | 1012144    | 3136.48  | 1417.36                | 6   | 27595,27784,27973,27601,27790,27979 | -1719.12  | -54.81   |
| 12  | 80         | 10000000 | 10000000  | 117648   | 16      | 32    | 1    | io_uring | 12        | 16  | decrease  | desc        | asc        | 6048576    | 4481.38  | 2754.46                | 6   | 25838,26041,26244,25844,26047,26250 | -1726.92  | -38.54   |
| 10  | 80         | 10000000 | 10000000  | 117648   | 16      | 32    | 1    | worker   | 12        | 16  | increase  | desc        | desc       | 7048576    | 4370.58  | 2638.19                | 6   | 20364,20567,20770,20370,20573,20776 | -1732.39  | -39.64   |
| 4   | 80         | 10000000 | 1250000   | 117648   | 4       | 2048  | 8    | io_uring | 12        | 16  | decrease  | desc        | asc        | 631072     | 3942.3   | 2205.77                | 6   | 7792,7974,8156,7798,7980,8162       | -1736.53  | -44.05   |
| 12  | 80         | 10000000 | 10000000  | 117648   | 16      | 32    | 1    | io_uring | 12        | 16  | decrease  | desc        | asc        | 8048576    | 5962.59  | 4217.69                | 6   | 25852,26055,26258,25858,26061,26264 | -1744.9   | -29.26   |
| 1   | 80         | 10000000 | 1250000   | 117648   | 4       | 2048  | 8    | worker   | 12        | 16  | increase  | asc         | desc       | 631072     | 4045.7   | 2291.46                | 6   | 694,876,1058,700,882,1064           | -1754.24  | -43.36   |
| 17  | 20         | 10000000 | 2500000   | 476191   | 4194304 | 128   | 4    | io_uring | 12        | 16  | increase  | asc         | asc        | 16384      | 2030.53  | 273.27                 | 6   | 37185,37374,37563,37191,37380,37569 | -1757.26  | -86.54   |
| 18  | 20         | 10000000 | 2500000   | 476191   | 4194304 | 128   | 4    | worker   | 12        | 16  | increase  | desc        | desc       | 16384      | 2038.89  | 266.66                 | 4   | 38886,39075,38892,39081             | -1772.23  | -86.92   |
| 1   | 80         | 10000000 | 1250000   | 117648   | 4       | 2048  | 8    | io_uring | 12        | 16  | increase  | asc         | desc       | 631072     | 4045.48  | 2260.92                | 6   | 1786,1968,2150,1792,1974,2156       | -1784.56  | -44.11   |
| 8   | 60         | 10000000 | 625000    | 156250   | 1048576 | 128   | 16   | worker   | 12        | 16  | decrease  | desc        | asc        | 32768      | 2182.26  | 392.9                  | 6   | 15142,15317,15492,15148,15323,15498 | -1789.36  | -82.0    |
| 15  | 80         | 10000000 | 2500000   | 117648   | 1048576 | 2     | 4    | worker   | 12        | 16  | decrease  | asc         | asc        | 1512144    | 3073.87  | 1281.85                | 6   | 31578,31767,31956,31584,31773,31962 | -1792.02  | -58.3    |
| 9   | 80         | 10000000 | 10000000  | 117648   | 16      | 32    | 1    | io_uring | 12        | 16  | increase  | asc         | desc       | 6048576    | 4702.58  | 2899.91                | 6   | 19139,19342,19545,19145,19348,19551 | -1802.67  | -38.33   |
| 16  | 80         | 10000000 | 2500000   | 117648   | 1048576 | 2     | 4    | worker   | 12        | 16  | decrease  | desc        | asc        | 1262144    | 3395.2   | 1590.86                | 6   | 33839,34028,34217,33845,34034,34223 | -1804.34  | -53.14   |
| 6   | 60         | 10000000 | 625000    | 156250   | 1048576 | 128   | 16   | worker   | 12        | 16  | increase  | desc        | asc        | 32768      | 2197.02  | 392.0                  | 6   | 10942,11117,11292,10948,11123,11298 | -1805.02  | -82.16   |
| 2   | 80         | 10000000 | 1250000   | 117648   | 4       | 2048  | 8    | worker   | 12        | 16  | increase  | desc        | desc       | 756072     | 3996.45  | 2178.11                | 6   | 2885,3067,3249,2891,3073,3255       | -1818.34  | -45.5    |
| 12  | 80         | 10000000 | 10000000  | 117648   | 16      | 32    | 1    | io_uring | 12        | 16  | decrease  | desc        | asc        | 7048576    | 5219.91  | 3394.34                | 6   | 25845,26048,26251,25851,26054,26257 | -1825.57  | -34.97   |
| 3   | 80         | 10000000 | 1250000   | 117648   | 4       | 2048  | 8    | io_uring | 12        | 16  | decrease  | asc         | asc        | 756072     | 3818.25  | 1991.29                | 6   | 5615,5797,5979,5621,5803,5985       | -1826.96  | -47.85   |
| 7   | 60         | 10000000 | 625000    | 156250   | 1048576 | 128   | 16   | worker   | 12        | 16  | decrease  | asc         | desc       | 32768      | 2255.09  | 427.86                 | 6   | 13567,13742,13917,13573,13748,13923 | -1827.23  | -81.03   |
| 11  | 80         | 10000000 | 10000000  | 117648   | 16      | 32    | 1    | worker   | 12        | 16  | decrease  | asc         | asc        | 8048576    | 4506.95  | 2679.16                | 6   | 22198,22401,22604,22204,22407,22610 | -1827.79  | -40.55   |
| 11  | 80         | 10000000 | 10000000  | 117648   | 16      | 32    | 1    | io_uring | 12        | 16  | decrease  | asc         | asc        | 7048576    | 4469.53  | 2633.16                | 6   | 23409,23612,23815,23415,23618,23821 | -1836.37  | -41.09   |
| 10  | 80         | 10000000 | 10000000  | 117648   | 16      | 32    | 1    | io_uring | 12        | 16  | increase  | desc        | desc       | 7048576    | 4439.99  | 2592.6                 | 6   | 21582,21785,21988,21588,21791,21994 | -1847.39  | -41.61   |
| 12  | 80         | 10000000 | 10000000  | 117648   | 16      | 32    | 1    | worker   | 12        | 16  | decrease  | desc        | asc        | 8048576    | 5437.77  | 3587.36                | 6   | 24634,24837,25040,24640,24843,25046 | -1850.41  | -34.03   |
| 10  | 80         | 10000000 | 10000000  | 117648   | 16      | 32    | 1    | worker   | 12        | 16  | increase  | desc        | desc       | 8048576    | 4949.92  | 3082.62                | 6   | 20371,20574,20777,20377,20580,20783 | -1867.3   | -37.72   |
| 2   | 80         | 10000000 | 1250000   | 117648   | 4       | 2048  | 8    | io_uring | 12        | 16  | increase  | desc        | desc       | 756072     | 3996.18  | 2121.14                | 6   | 3977,4159,4341,3983,4165,4347       | -1875.04  | -46.92   |
| 4   | 80         | 10000000 | 1250000   | 117648   | 4       | 2048  | 8    | worker   | 12        | 16  | decrease  | desc        | asc        | 756072     | 4147.82  | 2262.19                | 6   | 6707,6889,7071,6713,6895,7077       | -1885.63  | -45.46   |
| 13  | 80         | 10000000 | 2500000   | 117648   | 1048576 | 2     | 4    | io_uring | 12        | 16  | increase  | asc         | desc       | 1012144    | 3469.11  | 1557.31                | 6   | 28729,28918,29107,28735,28924,29113 | -1911.8   | -55.11   |
| 15  | 80         | 10000000 | 2500000   | 117648   | 1048576 | 2     | 4    | io_uring | 12        | 16  | decrease  | asc         | asc        | 1512144    | 3336.86  | 1423.15                | 6   | 32712,32901,33090,32718,32907,33096 | -1913.71  | -57.35   |
| 9   | 80         | 10000000 | 10000000  | 117648   | 16      | 32    | 1    | io_uring | 12        | 16  | increase  | asc         | desc       | 7048576    | 5527.09  | 3601.84                | 6   | 19146,19349,19552,19152,19355,19558 | -1925.25  | -34.83   |
| 14  | 80         | 10000000 | 2500000   | 117648   | 1048576 | 2     | 4    | worker   | 12        | 16  | increase  | desc        | desc       | 1262144    | 3098.4   | 1151.82                | 6   | 29870,30059,30248,29876,30065,30254 | -1946.58  | -62.83   |
| 7   | 60         | 10000000 | 625000    | 156250   | 1048576 | 128   | 16   | io_uring | 12        | 16  | decrease  | asc         | desc       | 32768      | 2486.69  | 533.39                 | 6   | 14617,14792,14967,14623,14798,14973 | -1953.3   | -78.55   |
| 14  | 80         | 10000000 | 2500000   | 117648   | 1048576 | 2     | 4    | io_uring | 12        | 16  | increase  | desc        | desc       | 1262144    | 3180.9   | 1226.97                | 6   | 31004,31193,31382,31010,31199,31388 | -1953.93  | -61.43   |
| 10  | 80         | 10000000 | 10000000  | 117648   | 16      | 32    | 1    | worker   | 12        | 16  | increase  | desc        | desc       | 9048576    | 5505.88  | 3551.85                | 6   | 20378,20581,20784,20384,20587,20790 | -1954.03  | -35.49   |
| 11  | 80         | 10000000 | 10000000  | 117648   | 16      | 32    | 1    | worker   | 12        | 16  | decrease  | asc         | asc        | 9048576    | 5057.66  | 3088.74                | 6   | 22205,22408,22611,22211,22414,22617 | -1968.92  | -38.93   |
| 3   | 80         | 10000000 | 1250000   | 117648   | 4       | 2048  | 8    | worker   | 12        | 16  | decrease  | asc         | asc        | 881072     | 4093.5   | 2122.02                | 6   | 4530,4712,4894,4536,4718,4900       | -1971.48  | -48.16   |
| 5   | 60         | 10000000 | 625000    | 156250   | 1048576 | 128   | 16   | worker   | 12        | 16  | increase  | asc         | desc       | 32768      | 2493.52  | 514.39                 | 6   | 9367,9542,9717,9373,9548,9723       | -1979.13  | -79.37   |
| 8   | 60         | 10000000 | 625000    | 156250   | 1048576 | 128   | 16   | worker   | 12        | 16  | decrease  | desc        | asc        | 65536      | 2588.98  | 609.27                 | 6   | 15149,15324,15499,15155,15330,15505 | -1979.71  | -76.47   |
| 6   | 60         | 10000000 | 625000    | 156250   | 1048576 | 128   | 16   | worker   | 12        | 16  | increase  | desc        | asc        | 65536      | 2595.71  | 608.92                 | 6   | 10949,11124,11299,10955,11130,11305 | -1986.79  | -76.54   |
| 10  | 80         | 10000000 | 10000000  | 117648   | 16      | 32    | 1    | io_uring | 12        | 16  | increase  | desc        | desc       | 8048576    | 5054.98  | 3059.88                | 6   | 21589,21792,21995,21595,21798,22001 | -1995.1   | -39.47   |
| 16  | 80         | 10000000 | 2500000   | 117648   | 1048576 | 2     | 4    | io_uring | 12        | 16  | decrease  | desc        | asc        | 1262144    | 3828.64  | 1827.2                 | 6   | 34973,35162,35351,34979,35168,35357 | -2001.44  | -52.28   |
| 5   | 60         | 10000000 | 625000    | 156250   | 1048576 | 128   | 16   | io_uring | 12        | 16  | increase  | asc         | desc       | 32768      | 2541.91  | 535.59                 | 6   | 10417,10592,10767,10423,10598,10773 | -2006.32  | -78.93   |
| 9   | 80         | 10000000 | 10000000  | 117648   | 16      | 32    | 1    | worker   | 12        | 16  | increase  | asc         | desc       | 7048576    | 5519.08  | 3512.32                | 6   | 17928,18131,18334,17934,18137,18340 | -2006.76  | -36.36   |
| 7   | 60         | 10000000 | 625000    | 156250   | 1048576 | 128   | 16   | worker   | 12        | 16  | decrease  | asc         | desc       | 65536      | 2658.16  | 650.86                 | 6   | 13574,13749,13924,13580,13755,13930 | -2007.3   | -75.51   |
| 3   | 80         | 10000000 | 1250000   | 117648   | 4       | 2048  | 8    | io_uring | 12        | 16  | decrease  | asc         | asc        | 881072     | 4488.69  | 2456.56                | 6   | 5622,5804,5986,5628,5810,5992       | -2032.13  | -45.27   |
| 15  | 80         | 10000000 | 2500000   | 117648   | 1048576 | 2     | 4    | worker   | 12        | 16  | decrease  | asc         | asc        | 1762144    | 3475.76  | 1440.21                | 6   | 31585,31774,31963,31591,31780,31969 | -2035.55  | -58.56   |
| 13  | 80         | 10000000 | 2500000   | 117648   | 1048576 | 2     | 4    | worker   | 12        | 16  | increase  | asc         | desc       | 1262144    | 3772.06  | 1729.17                | 6   | 27602,27791,27980,27608,27797,27986 | -2042.89  | -54.16   |
| 6   | 60         | 10000000 | 625000    | 156250   | 1048576 | 128   | 16   | io_uring | 12        | 16  | increase  | desc        | asc        | 32768      | 2615.61  | 555.66                 | 6   | 11992,12167,12342,11998,12173,12348 | -2059.95  | -78.76   |
| 8   | 60         | 10000000 | 625000    | 156250   | 1048576 | 128   | 16   | io_uring | 12        | 16  | decrease  | desc        | asc        | 32768      | 2622.45  | 549.25                 | 6   | 16192,16367,16542,16198,16373,16548 | -2073.2   | -79.06   |
| 11  | 80         | 10000000 | 10000000  | 117648   | 16      | 32    | 1    | io_uring | 12        | 16  | decrease  | asc         | asc        | 8048576    | 5101.43  | 3020.23                | 6   | 23416,23619,23822,23422,23625,23828 | -2081.2   | -40.8    |
| 6   | 60         | 10000000 | 625000    | 156250   | 1048576 | 128   | 16   | worker   | 12        | 16  | increase  | desc        | asc        | 128036     | 3027.45  | 945.98                 | 6   | 10956,11131,11306,10962,11137,11312 | -2081.47  | -68.75   |
| 4   | 80         | 10000000 | 1250000   | 117648   | 4       | 2048  | 8    | io_uring | 12        | 16  | decrease  | desc        | asc        | 756072     | 4726.57  | 2635.71                | 6   | 7799,7981,8163,7805,7987,8169       | -2090.86  | -44.24   |
| 2   | 80         | 10000000 | 1250000   | 117648   | 4       | 2048  | 8    | worker   | 12        | 16  | increase  | desc        | desc       | 881072     | 4609.09  | 2512.48                | 6   | 2892,3074,3256,2898,3080,3262       | -2096.61  | -45.49   |
| 16  | 80         | 10000000 | 2500000   | 117648   | 1048576 | 2     | 4    | worker   | 12        | 16  | decrease  | desc        | asc        | 1512144    | 3984.79  | 1887.92                | 6   | 33846,34035,34224,33852,34041,34230 | -2096.87  | -52.62   |
| 15  | 80         | 10000000 | 2500000   | 117648   | 1048576 | 2     | 4    | io_uring | 12        | 16  | decrease  | asc         | asc        | 1762144    | 3742.1   | 1632.75                | 6   | 32719,32908,33097,32725,32914,33103 | -2109.35  | -56.37   |
| 17  | 20         | 10000000 | 2500000   | 476191   | 4194304 | 128   | 4    | worker   | 12        | 16  | increase  | asc         | desc       | 16384      | 2560.38  | 444.21                 | 6   | 36618,36807,36996,36624,36813,37002 | -2116.17  | -82.65   |
| 1   | 80         | 10000000 | 1250000   | 117648   | 4       | 2048  | 8    | worker   | 12        | 16  | increase  | asc         | desc       | 756072     | 4883.62  | 2765.81                | 6   | 701,883,1065,707,889,1071           | -2117.81  | -43.37   |
| 15  | 80         | 10000000 | 2500000   | 117648   | 1048576 | 2     | 4    | worker   | 12        | 16  | decrease  | asc         | asc        | 2012144    | 3762.31  | 1638.85                | 6   | 31592,31781,31970,31598,31787,31976 | -2123.46  | -56.44   |
| 17  | 20         | 10000000 | 2500000   | 476191   | 4194304 | 128   | 4    | worker   | 12        | 16  | increase  | asc         | asc        | 32768      | 2520.45  | 388.65                 | 6   | 36058,36247,36436,36064,36253,36442 | -2131.8   | -84.58   |
| 8   | 60         | 10000000 | 625000    | 156250   | 1048576 | 128   | 16   | worker   | 12        | 16  | decrease  | desc        | asc        | 128036     | 3111.99  | 973.51                 | 6   | 15156,15331,15506,15162,15337,15512 | -2138.48  | -68.72   |
| 7   | 60         | 10000000 | 625000    | 156250   | 1048576 | 128   | 16   | io_uring | 12        | 16  | decrease  | asc         | desc       | 65536      | 2925.97  | 778.34                 | 6   | 14624,14799,14974,14630,14805,14980 | -2147.63  | -73.4    |
| 1   | 80         | 10000000 | 1250000   | 117648   | 4       | 2048  | 8    | io_uring | 12        | 16  | increase  | asc         | desc       | 756072     | 4886.43  | 2729.73                | 6   | 1793,1975,2157,1799,1981,2163       | -2156.7   | -44.14   |
| 5   | 60         | 10000000 | 625000    | 156250   | 1048576 | 128   | 16   | io_uring | 12        | 16  | increase  | asc         | desc       | 65536      | 2959.02  | 796.49                 | 6   | 10424,10599,10774,10430,10605,10780 | -2162.53  | -73.08   |
| 10  | 80         | 10000000 | 10000000  | 117648   | 16      | 32    | 1    | io_uring | 12        | 16  | increase  | desc        | desc       | 9048576    | 5665.87  | 3498.25                | 6   | 21596,21799,22002,21602,21805,22008 | -2167.62  | -38.26   |
| 7   | 60         | 10000000 | 625000    | 156250   | 1048576 | 128   | 16   | worker   | 12        | 16  | decrease  | asc         | desc       | 128036     | 3181.25  | 1003.92                | 6   | 13581,13756,13931,13587,13762,13937 | -2177.33  | -68.44   |
| 6   | 60         | 10000000 | 625000    | 156250   | 1048576 | 128   | 16   | worker   | 12        | 16  | increase  | desc        | asc        | 190536     | 3473.74  | 1290.72                | 6   | 10963,11138,11313,10969,11144,11319 | -2183.02  | -62.84   |
| 4   | 80         | 10000000 | 1250000   | 117648   | 4       | 2048  | 8    | worker   | 12        | 16  | decrease  | desc        | asc        | 881072     | 4826.02  | 2642.44                | 6   | 6714,6896,7078,6720,6902,7084       | -2183.58  | -45.25   |
| 2   | 80         | 10000000 | 1250000   | 117648   | 4       | 2048  | 8    | io_uring | 12        | 16  | increase  | desc        | desc       | 881072     | 4659.69  | 2471.0                 | 6   | 3984,4166,4348,3990,4172,4354       | -2188.69  | -46.97   |
| 14  | 80         | 10000000 | 2500000   | 117648   | 1048576 | 2     | 4    | io_uring | 12        | 16  | increase  | desc        | desc       | 1512144    | 3635.57  | 1445.78                | 6   | 31011,31200,31389,31017,31206,31395 | -2189.79  | -60.23   |
| 5   | 60         | 10000000 | 625000    | 156250   | 1048576 | 128   | 16   | worker   | 12        | 16  | increase  | asc         | desc       | 65536      | 2941.46  | 743.78                 | 6   | 9374,9549,9724,9380,9555,9730       | -2197.68  | -74.71   |
| 8   | 60         | 10000000 | 625000    | 156250   | 1048576 | 128   | 16   | io_uring | 12        | 16  | decrease  | desc        | asc        | 65536      | 3016.62  | 816.09                 | 6   | 16199,16374,16549,16205,16380,16555 | -2200.53  | -72.95   |
| 14  | 80         | 10000000 | 2500000   | 117648   | 1048576 | 2     | 4    | worker   | 12        | 16  | increase  | desc        | desc       | 1512144    | 3541.14  | 1336.97                | 6   | 29877,30066,30255,29883,30072,30261 | -2204.17  | -62.24   |
| 15  | 80         | 10000000 | 2500000   | 117648   | 1048576 | 2     | 4    | worker   | 12        | 16  | decrease  | asc         | asc        | 2262144    | 4019.58  | 1813.15                | 6   | 31599,31788,31977,31605,31794,31983 | -2206.43  | -54.89   |
| 17  | 20         | 10000000 | 2500000   | 476191   | 4194304 | 128   | 4    | io_uring | 12        | 16  | increase  | asc         | desc       | 16384      | 2679.81  | 465.1                  | 6   | 37752,37941,38130,37758,37947,38136 | -2214.71  | -82.64   |
| 13  | 80         | 10000000 | 2500000   | 117648   | 1048576 | 2     | 4    | io_uring | 12        | 16  | increase  | asc         | desc       | 1262144    | 4151.81  | 1929.64                | 6   | 28736,28925,29114,28742,28931,29120 | -2222.17  | -53.52   |
| 9   | 80         | 10000000 | 10000000  | 117648   | 16      | 32    | 1    | io_uring | 12        | 16  | increase  | asc         | desc       | 8048576    | 6332.42  | 4104.43                | 6   | 19153,19356,19559,19159,19362,19565 | -2227.99  | -35.18   |
| 7   | 60         | 10000000 | 625000    | 156250   | 1048576 | 128   | 16   | io_uring | 12        | 16  | decrease  | asc         | desc       | 128036     | 3409.93  | 1179.78                | 6   | 14631,14806,14981,14637,14812,14987 | -2230.15  | -65.4    |
| 15  | 80         | 10000000 | 2500000   | 117648   | 1048576 | 2     | 4    | io_uring | 12        | 16  | decrease  | asc         | asc        | 2012144    | 4107.15  | 1869.03                | 6   | 32726,32915,33104,32732,32921,33110 | -2238.12  | -54.49   |
| 8   | 60         | 10000000 | 625000    | 156250   | 1048576 | 128   | 16   | worker   | 12        | 16  | decrease  | desc        | asc        | 190536     | 3557.09  | 1313.27                | 6   | 15163,15338,15513,15169,15344,15519 | -2243.82  | -63.08   |
| 6   | 60         | 10000000 | 625000    | 156250   | 1048576 | 128   | 16   | worker   | 12        | 16  | increase  | desc        | asc        | 253036     | 3875.81  | 1629.77                | 6   | 10970,11145,11320,10976,11151,11326 | -2246.04  | -57.95   |
| 6   | 60         | 10000000 | 625000    | 156250   | 1048576 | 128   | 16   | io_uring | 12        | 16  | increase  | desc        | asc        | 65536      | 3075.6   | 819.79                 | 6   | 11999,12174,12349,12005,12180,12355 | -2255.81  | -73.35   |
| 16  | 80         | 10000000 | 2500000   | 117648   | 1048576 | 2     | 4    | worker   | 12        | 16  | decrease  | desc        | asc        | 1762144    | 4458.59  | 2200.11                | 6   | 33853,34042,34231,33859,34048,34237 | -2258.48  | -50.65   |
| 3   | 80         | 10000000 | 1250000   | 117648   | 4       | 2048  | 8    | worker   | 12        | 16  | decrease  | asc         | asc        | 1006072    | 4678.78  | 2411.24                | 6   | 4537,4719,4901,4543,4725,4907       | -2267.54  | -48.46   |
| 12  | 80         | 10000000 | 10000000  | 117648   | 16      | 32    | 1    | worker   | 12        | 16  | decrease  | desc        | asc        | 9048576    | 6111.8   | 3840.93                | 6   | 24641,24844,25047,24647,24850,25053 | -2270.87  | -37.16   |
| 7   | 60         | 10000000 | 625000    | 156250   | 1048576 | 128   | 16   | worker   | 12        | 16  | decrease  | asc         | desc       | 190536     | 3644.78  | 1355.95                | 6   | 13588,13763,13938,13594,13769,13944 | -2288.83  | -62.8    |
| 16  | 80         | 10000000 | 2500000   | 117648   | 1048576 | 2     | 4    | io_uring | 12        | 16  | decrease  | desc        | asc        | 1512144    | 4460.47  | 2165.95                | 6   | 34980,35169,35358,34986,35175,35364 | -2294.52  | -51.44   |
| 6   | 60         | 10000000 | 625000    | 156250   | 1048576 | 128   | 16   | worker   | 12        | 16  | increase  | desc        | asc        | 503036     | 5270.72  | 2972.02                | 6   | 10998,11173,11348,11004,11179,11354 | -2298.7   | -43.61   |
| 6   | 60         | 10000000 | 625000    | 156250   | 1048576 | 128   | 16   | worker   | 12        | 16  | increase  | desc        | asc        | 440536     | 4940.07  | 2639.83                | 6   | 10991,11166,11341,10997,11172,11347 | -2300.24  | -46.56   |
| 8   | 60         | 10000000 | 625000    | 156250   | 1048576 | 128   | 16   | worker   | 12        | 16  | decrease  | desc        | asc        | 253036     | 3969.38  | 1668.53                | 6   | 15170,15345,15520,15176,15351,15526 | -2300.85  | -57.96   |
| 7   | 60         | 10000000 | 625000    | 156250   | 1048576 | 128   | 16   | worker   | 12        | 16  | decrease  | asc         | desc       | 253036     | 3994.31  | 1690.31                | 6   | 13595,13770,13945,13601,13776,13951 | -2304.0   | -57.68   |
| 6   | 60         | 10000000 | 625000    | 156250   | 1048576 | 128   | 16   | worker   | 12        | 16  | increase  | desc        | asc        | 378036     | 4632.31  | 2328.26                | 6   | 10984,11159,11334,10990,11165,11340 | -2304.05  | -49.74   |
| 6   | 60         | 10000000 | 625000    | 156250   | 1048576 | 128   | 16   | worker   | 12        | 16  | increase  | desc        | asc        | 565536     | 5588.77  | 3279.49                | 6   | 11005,11180,11355,11011,11186,11361 | -2309.28  | -41.32   |
| 6   | 60         | 10000000 | 625000    | 156250   | 1048576 | 128   | 16   | worker   | 12        | 16  | increase  | desc        | asc        | 315536     | 4285.32  | 1972.16                | 6   | 10977,11152,11327,10983,11158,11333 | -2313.16  | -53.98   |
| 7   | 60         | 10000000 | 625000    | 156250   | 1048576 | 128   | 16   | worker   | 12        | 16  | decrease  | asc         | desc       | 315536     | 4368.1   | 2050.04                | 6   | 13602,13777,13952,13608,13783,13958 | -2318.06  | -53.07   |
| 9   | 80         | 10000000 | 10000000  | 117648   | 16      | 32    | 1    | worker   | 12        | 16  | increase  | asc         | desc       | 8048576    | 6325.78  | 4004.86                | 6   | 17935,18138,18341,17941,18144,18347 | -2320.92  | -36.69   |
| 17  | 20         | 10000000 | 2500000   | 476191   | 4194304 | 128   | 4    | worker   | 12        | 16  | increase  | asc         | asc        | 65536      | 2994.81  | 672.32                 | 6   | 36065,36254,36443,36071,36260,36449 | -2322.49  | -77.55   |
| 7   | 60         | 10000000 | 625000    | 156250   | 1048576 | 128   | 16   | worker   | 12        | 16  | decrease  | asc         | desc       | 503036     | 5416.09  | 3089.8                 | 6   | 13623,13798,13973,13629,13804,13979 | -2326.29  | -42.95   |
| 17  | 20         | 10000000 | 2500000   | 476191   | 4194304 | 128   | 4    | worker   | 12        | 16  | increase  | asc         | asc        | 131072     | 3376.14  | 1038.72                | 6   | 36072,36261,36450,36078,36267,36456 | -2337.42  | -69.23   |
| 7   | 60         | 10000000 | 625000    | 156250   | 1048576 | 128   | 16   | io_uring | 12        | 16  | decrease  | asc         | desc       | 190536     | 3899.21  | 1561.36                | 6   | 14638,14813,14988,14644,14819,14994 | -2337.85  | -59.96   |
| 6   | 60         | 10000000 | 625000    | 156250   | 1048576 | 128   | 16   | io_uring | 12        | 16  | increase  | desc        | asc        | 128036     | 3550.02  | 1211.12                | 6   | 12006,12181,12356,12012,12187,12362 | -2338.9   | -65.88   |
| 11  | 80         | 10000000 | 10000000  | 117648   | 16      | 32    | 1    | io_uring | 12        | 16  | decrease  | asc         | asc        | 9048576    | 5721.18  | 3378.96                | 6   | 23423,23626,23829,23429,23632,23835 | -2342.22  | -40.94   |
| 5   | 60         | 10000000 | 625000    | 156250   | 1048576 | 128   | 16   | io_uring | 12        | 16  | increase  | asc         | desc       | 128036     | 3549.16  | 1206.75                | 6   | 10431,10606,10781,10437,10612,10787 | -2342.41  | -66.0    |
| 7   | 60         | 10000000 | 625000    | 156250   | 1048576 | 128   | 16   | worker   | 12        | 16  | decrease  | asc         | desc       | 378036     | 4744.63  | 2384.95                | 6   | 13609,13784,13959,13615,13790,13965 | -2359.68  | -49.73   |
| 13  | 80         | 10000000 | 2500000   | 117648   | 1048576 | 2     | 4    | worker   | 12        | 16  | increase  | asc         | desc       | 1512144    | 4416.22  | 2054.26                | 6   | 27609,27798,27987,27615,27804,27993 | -2361.96  | -53.48   |
| 7   | 60         | 10000000 | 625000    | 156250   | 1048576 | 128   | 16   | io_uring | 12        | 16  | decrease  | asc         | desc       | 378036     | 5049.61  | 2677.31                | 6   | 14659,14834,15009,14665,14840,15015 | -2372.3   | -46.98   |
| 7   | 60         | 10000000 | 625000    | 156250   | 1048576 | 128   | 16   | worker   | 12        | 16  | decrease  | asc         | desc       | 565536     | 5765.05  | 3390.11                | 6   | 13630,13805,13980,13636,13811,13986 | -2374.94  | -41.2    |
| 15  | 80         | 10000000 | 2500000   | 117648   | 1048576 | 2     | 4    | io_uring | 12        | 16  | decrease  | asc         | asc        | 2262144    | 4394.92  | 2014.77                | 6   | 32733,32922,33111,32739,32928,33117 | -2380.15  | -54.16   |
| 7   | 60         | 10000000 | 625000    | 156250   | 1048576 | 128   | 16   | io_uring | 12        | 16  | decrease  | asc         | desc       | 253036     | 4310.31  | 1928.13                | 6   | 14645,14820,14995,14651,14826,15001 | -2382.18  | -55.27   |
| 8   | 60         | 10000000 | 625000    | 156250   | 1048576 | 128   | 16   | io_uring | 12        | 16  | decrease  | desc        | asc        | 128036     | 3618.02  | 1235.23                | 6   | 16206,16381,16556,16212,16387,16562 | -2382.79  | -65.86   |
| 7   | 60         | 10000000 | 625000    | 156250   | 1048576 | 128   | 16   | io_uring | 12        | 16  | decrease  | asc         | desc       | 503036     | 5757.51  | 3371.64                | 6   | 14673,14848,15023,14679,14854,15029 | -2385.87  | -41.44   |
| 7   | 60         | 10000000 | 625000    | 156250   | 1048576 | 128   | 16   | io_uring | 12        | 16  | decrease  | asc         | desc       | 565536     | 6097.6   | 3709.08                | 6   | 14680,14855,15030,14686,14861,15036 | -2388.52  | -39.17   |
| 17  | 20         | 10000000 | 2500000   | 476191   | 4194304 | 128   | 4    | worker   | 12        | 16  | increase  | asc         | asc        | 262144     | 3810.08  | 1413.87                | 6   | 36079,36268,36457,36085,36274,36463 | -2396.21  | -62.89   |
| 5   | 60         | 10000000 | 625000    | 156250   | 1048576 | 128   | 16   | worker   | 12        | 16  | increase  | asc         | desc       | 128036     | 3543.67  | 1135.67                | 6   | 9381,9556,9731,9387,9562,9737       | -2408.0   | -67.95   |
| 7   | 60         | 10000000 | 625000    | 156250   | 1048576 | 128   | 16   | io_uring | 12        | 16  | decrease  | asc         | desc       | 315536     | 4706.0   | 2289.11                | 6   | 14652,14827,15002,14658,14833,15008 | -2416.89  | -51.36   |
| 2   | 80         | 10000000 | 1250000   | 117648   | 4       | 2048  | 8    | worker   | 12        | 16  | increase  | desc        | desc       | 1006072    | 5246.21  | 2826.63                | 6   | 2899,3081,3263,2905,3087,3269       | -2419.58  | -46.12   |
| 7   | 60         | 10000000 | 625000    | 156250   | 1048576 | 128   | 16   | io_uring | 12        | 16  | decrease  | asc         | desc       | 440536     | 5440.49  | 3019.31                | 6   | 14666,14841,15016,14672,14847,15022 | -2421.18  | -44.5    |
| 16  | 80         | 10000000 | 2500000   | 117648   | 1048576 | 2     | 4    | worker   | 12        | 16  | decrease  | desc        | asc        | 2012144    | 4892.37  | 2466.14                | 6   | 33860,34049,34238,33866,34055,34244 | -2426.23  | -49.59   |
| 8   | 60         | 10000000 | 625000    | 156250   | 1048576 | 128   | 16   | worker   | 12        | 16  | decrease  | desc        | asc        | 315536     | 4427.72  | 1995.82                | 6   | 15177,15352,15527,15183,15358,15533 | -2431.9   | -54.92   |
| 7   | 60         | 10000000 | 625000    | 156250   | 1048576 | 128   | 16   | worker   | 12        | 16  | decrease  | asc         | desc       | 440536     | 5145.39  | 2712.77                | 6   | 13616,13791,13966,13622,13797,13972 | -2432.62  | -47.28   |
| 6   | 60         | 10000000 | 625000    | 156250   | 1048576 | 128   | 16   | io_uring | 12        | 16  | increase  | desc        | asc        | 190536     | 4042.74  | 1593.62                | 6   | 12013,12188,12363,12019,12194,12369 | -2449.12  | -60.58   |
| 5   | 60         | 10000000 | 625000    | 156250   | 1048576 | 128   | 16   | io_uring | 12        | 16  | increase  | asc         | desc       | 190536     | 4051.04  | 1598.01                | 6   | 10438,10613,10788,10444,10619,10794 | -2453.03  | -60.55   |
| 8   | 60         | 10000000 | 625000    | 156250   | 1048576 | 128   | 16   | worker   | 12        | 16  | decrease  | desc        | asc        | 378036     | 4787.36  | 2330.47                | 6   | 15184,15359,15534,15190,15365,15540 | -2456.89  | -51.32   |
| 4   | 80         | 10000000 | 1250000   | 117648   | 4       | 2048  | 8    | io_uring | 12        | 16  | decrease  | desc        | asc        | 881072     | 5521.84  | 3060.98                | 6   | 7806,7988,8170,7812,7994,8176       | -2460.86  | -44.57   |
| 3   | 80         | 10000000 | 1250000   | 117648   | 4       | 2048  | 8    | io_uring | 12        | 16  | decrease  | asc         | asc        | 1006072    | 5273.74  | 2799.63                | 6   | 5629,5811,5993,5635,5817,5999       | -2474.11  | -46.91   |
| 14  | 80         | 10000000 | 2500000   | 117648   | 1048576 | 2     | 4    | worker   | 12        | 16  | increase  | desc        | desc       | 1762144    | 3998.02  | 1520.48                | 6   | 29884,30073,30262,29890,30079,30268 | -2477.54  | -61.97   |
| 14  | 80         | 10000000 | 2500000   | 117648   | 1048576 | 2     | 4    | io_uring | 12        | 16  | increase  | desc        | desc       | 1762144    | 4116.12  | 1635.72                | 6   | 31018,31207,31396,31024,31213,31402 | -2480.4   | -60.26   |
| 16  | 80         | 10000000 | 2500000   | 117648   | 1048576 | 2     | 4    | io_uring | 12        | 16  | decrease  | desc        | asc        | 1762144    | 5004.94  | 2520.58                | 6   | 34987,35176,35365,34993,35182,35371 | -2484.36  | -49.64   |
| 2   | 80         | 10000000 | 1250000   | 117648   | 4       | 2048  | 8    | io_uring | 12        | 16  | increase  | desc        | desc       | 1006072    | 5307.52  | 2810.7                 | 6   | 3991,4173,4355,3997,4179,4361       | -2496.82  | -47.04   |
| 1   | 80         | 10000000 | 1250000   | 117648   | 4       | 2048  | 8    | worker   | 12        | 16  | increase  | asc         | desc       | 881072     | 5751.1   | 3243.5                 | 6   | 708,890,1072,714,896,1078           | -2507.6   | -43.6    |
| 8   | 60         | 10000000 | 625000    | 156250   | 1048576 | 128   | 16   | io_uring | 12        | 16  | decrease  | desc        | asc        | 190536     | 4130.61  | 1620.33                | 6   | 16213,16388,16563,16219,16394,16569 | -2510.28  | -60.77   |
| 1   | 80         | 10000000 | 1250000   | 117648   | 4       | 2048  | 8    | io_uring | 12        | 16  | increase  | asc         | desc       | 881072     | 5725.29  | 3206.26                | 6   | 1800,1982,2164,1806,1988,2170       | -2519.03  | -44.0    |
| 5   | 60         | 10000000 | 625000    | 156250   | 1048576 | 128   | 16   | worker   | 12        | 16  | increase  | asc         | desc       | 190536     | 4034.86  | 1512.28                | 6   | 9388,9563,9738,9394,9569,9744       | -2522.58  | -62.52   |
| 6   | 60         | 10000000 | 625000    | 156250   | 1048576 | 128   | 16   | io_uring | 12        | 16  | increase  | desc        | asc        | 378036     | 5282.66  | 2756.78                | 6   | 12034,12209,12384,12040,12215,12390 | -2525.88  | -47.81   |
| 4   | 80         | 10000000 | 1250000   | 117648   | 4       | 2048  | 8    | worker   | 12        | 16  | decrease  | desc        | asc        | 1006072    | 5510.61  | 2978.7                 | 6   | 6721,6903,7085,6727,6909,7091       | -2531.91  | -45.95   |
| 17  | 20         | 10000000 | 2500000   | 476191   | 4194304 | 128   | 4    | io_uring | 12        | 16  | increase  | asc         | asc        | 32768      | 3036.65  | 500.59                 | 6   | 37192,37381,37570,37198,37387,37576 | -2536.06  | -83.52   |
| 3   | 80         | 10000000 | 1250000   | 117648   | 4       | 2048  | 8    | worker   | 12        | 16  | decrease  | asc         | asc        | 1131072    | 5242.12  | 2705.15                | 6   | 4544,4726,4908,4550,4732,4914       | -2536.97  | -48.4    |
| 8   | 60         | 10000000 | 625000    | 156250   | 1048576 | 128   | 16   | worker   | 12        | 16  | decrease  | desc        | asc        | 440536     | 5227.94  | 2682.16                | 6   | 15191,15366,15541,15197,15372,15547 | -2545.78  | -48.7    |
| 6   | 60         | 10000000 | 625000    | 156250   | 1048576 | 128   | 16   | io_uring | 12        | 16  | increase  | desc        | asc        | 253036     | 4526.08  | 1963.21                | 6   | 12020,12195,12370,12026,12201,12376 | -2562.87  | -56.62   |
| 8   | 60         | 10000000 | 625000    | 156250   | 1048576 | 128   | 16   | io_uring | 12        | 16  | decrease  | desc        | asc        | 253036     | 4609.36  | 2044.48                | 6   | 16220,16395,16570,16226,16401,16576 | -2564.88  | -55.65   |
| 6   | 60         | 10000000 | 625000    | 156250   | 1048576 | 128   | 16   | io_uring | 12        | 16  | increase  | desc        | asc        | 315536     | 4893.58  | 2323.05                | 6   | 12027,12202,12377,12033,12208,12383 | -2570.53  | -52.53   |
| 12  | 80         | 10000000 | 10000000  | 117648   | 16      | 32    | 1    | io_uring | 12        | 16  | decrease  | desc        | asc        | 9048576    | 6718.55  | 4145.52                | 6   | 25859,26062,26265,25865,26068,26271 | -2573.03  | -38.3    |
| 17  | 20         | 10000000 | 2500000   | 476191   | 4194304 | 128   | 4    | worker   | 12        | 16  | increase  | asc         | asc        | 512144     | 4589.86  | 2016.81                | 6   | 36086,36275,36464,36092,36281,36470 | -2573.05  | -56.06   |
| 16  | 80         | 10000000 | 2500000   | 117648   | 1048576 | 2     | 4    | worker   | 12        | 16  | decrease  | desc        | asc        | 2262144    | 5292.8   | 2716.05                | 6   | 33867,34056,34245,33873,34062,34251 | -2576.75  | -48.68   |
| 5   | 60         | 10000000 | 625000    | 156250   | 1048576 | 128   | 16   | io_uring | 12        | 16  | increase  | asc         | desc       | 253036     | 4550.54  | 1972.59                | 6   | 10445,10620,10795,10451,10626,10801 | -2577.95  | -56.65   |
| 13  | 80         | 10000000 | 2500000   | 117648   | 1048576 | 2     | 4    | worker   | 12        | 16  | increase  | asc         | desc       | 1762144    | 4951.7   | 2372.63                | 6   | 27616,27805,27994,27622,27811,28000 | -2579.07  | -52.08   |
| 17  | 20         | 10000000 | 2500000   | 476191   | 4194304 | 128   | 4    | worker   | 12        | 16  | increase  | asc         | asc        | 2262144    | 8659.76  | 6069.06                | 6   | 36135,36324,36513,36141,36330,36519 | -2590.7   | -29.92   |
| 17  | 20         | 10000000 | 2500000   | 476191   | 4194304 | 128   | 4    | io_uring | 12        | 16  | increase  | asc         | asc        | 131072     | 3929.57  | 1338.24                | 6   | 37206,37395,37584,37212,37401,37590 | -2591.33  | -65.94   |
| 5   | 60         | 10000000 | 625000    | 156250   | 1048576 | 128   | 16   | worker   | 12        | 16  | increase  | asc         | desc       | 253036     | 4473.13  | 1880.93                | 6   | 9395,9570,9745,9401,9576,9751       | -2592.2   | -57.95   |
| 13  | 80         | 10000000 | 2500000   | 117648   | 1048576 | 2     | 4    | io_uring | 12        | 16  | increase  | asc         | desc       | 1512144    | 4875.11  | 2282.43                | 6   | 28743,28932,29121,28749,28938,29127 | -2592.68  | -53.18   |
| 14  | 80         | 10000000 | 2500000   | 117648   | 1048576 | 2     | 4    | io_uring | 12        | 16  | increase  | desc        | desc       | 2012144    | 4460.33  | 1852.78                | 6   | 31025,31214,31403,31031,31220,31409 | -2607.55  | -58.46   |
| 8   | 60         | 10000000 | 625000    | 156250   | 1048576 | 128   | 16   | worker   | 12        | 16  | decrease  | desc        | asc        | 503036     | 5608.46  | 2993.14                | 6   | 15198,15373,15548,15204,15379,15554 | -2615.32  | -46.63   |
| 17  | 20         | 10000000 | 2500000   | 476191   | 4194304 | 128   | 4    | worker   | 12        | 16  | increase  | asc         | asc        | 762144     | 5255.02  | 2636.13                | 6   | 36093,36282,36471,36099,36288,36477 | -2618.89  | -49.84   |
| 9   | 80         | 10000000 | 10000000  | 117648   | 16      | 32    | 1    | worker   | 12        | 16  | increase  | asc         | desc       | 9048576    | 7153.38  | 4528.21                | 6   | 17942,18145,18348,17948,18151,18354 | -2625.17  | -36.7    |
| 17  | 20         | 10000000 | 2500000   | 476191   | 4194304 | 128   | 4    | worker   | 12        | 16  | increase  | asc         | asc        | 2012144    | 8177.07  | 5550.9                 | 6   | 36128,36317,36506,36134,36323,36512 | -2626.17  | -32.12   |
| 14  | 80         | 10000000 | 2500000   | 117648   | 1048576 | 2     | 4    | worker   | 12        | 16  | increase  | desc        | desc       | 2012144    | 4328.36  | 1700.64                | 6   | 29891,30080,30269,29897,30086,30275 | -2627.72  | -60.71   |
| 5   | 60         | 10000000 | 625000    | 156250   | 1048576 | 128   | 16   | io_uring | 12        | 16  | increase  | asc         | desc       | 315536     | 4971.14  | 2335.45                | 6   | 10452,10627,10802,10458,10633,10808 | -2635.69  | -53.02   |
| 17  | 20         | 10000000 | 2500000   | 476191   | 4194304 | 128   | 4    | io_uring | 12        | 16  | increase  | asc         | asc        | 2012144    | 8840.66  | 6200.85                | 6   | 37262,37451,37640,37268,37457,37646 | -2639.81  | -29.86   |
| 17  | 20         | 10000000 | 2500000   | 476191   | 4194304 | 128   | 4    | io_uring | 12        | 16  | increase  | asc         | asc        | 262144     | 4421.59  | 1779.25                | 6   | 37213,37402,37591,37219,37408,37597 | -2642.34  | -59.76   |
| 18  | 20         | 10000000 | 2500000   | 476191   | 4194304 | 128   | 4    | worker   | 12        | 16  | increase  | desc        | desc       | 32768      | 3151.18  | 502.44                 | 4   | 38893,39082,38899,39088             | -2648.74  | -84.06   |
| 17  | 20         | 10000000 | 2500000   | 476191   | 4194304 | 128   | 4    | worker   | 12        | 16  | increase  | asc         | asc        | 1762144    | 7659.35  | 5009.03                | 6   | 36121,36310,36499,36127,36316,36505 | -2650.32  | -34.6    |
| 17  | 20         | 10000000 | 2500000   | 476191   | 4194304 | 128   | 4    | worker   | 12        | 16  | increase  | asc         | asc        | 1512144    | 7079.46  | 4426.85                | 6   | 36114,36303,36492,36120,36309,36498 | -2652.61  | -37.47   |
| 17  | 20         | 10000000 | 2500000   | 476191   | 4194304 | 128   | 4    | io_uring | 12        | 16  | increase  | asc         | asc        | 2262144    | 9334.14  | 6677.73                | 6   | 37269,37458,37647,37275,37464,37653 | -2656.41  | -28.46   |
| 16  | 80         | 10000000 | 2500000   | 117648   | 1048576 | 2     | 4    | io_uring | 12        | 16  | decrease  | desc        | asc        | 2012144    | 5497.45  | 2837.82                | 6   | 34994,35183,35372,35000,35189,35378 | -2659.63  | -48.38   |
| 6   | 60         | 10000000 | 625000    | 156250   | 1048576 | 128   | 16   | io_uring | 12        | 16  | increase  | desc        | asc        | 565536     | 6491.61  | 3829.49                | 6   | 12055,12230,12405,12061,12236,12411 | -2662.12  | -41.01   |
| 8   | 60         | 10000000 | 625000    | 156250   | 1048576 | 128   | 16   | worker   | 12        | 16  | decrease  | desc        | asc        | 565536     | 5978.48  | 3314.69                | 6   | 15205,15380,15555,15211,15386,15561 | -2663.79  | -44.56   |
| 17  | 20         | 10000000 | 2500000   | 476191   | 4194304 | 128   | 4    | worker   | 12        | 16  | increase  | asc         | asc        | 1012144    | 5878.36  | 3208.87                | 6   | 36100,36289,36478,36106,36295,36484 | -2669.49  | -45.41   |
| 17  | 20         | 10000000 | 2500000   | 476191   | 4194304 | 128   | 4    | io_uring | 12        | 16  | increase  | asc         | asc        | 1762144    | 8307.07  | 5632.88                | 6   | 37255,37444,37633,37261,37450,37639 | -2674.19  | -32.19   |
| 6   | 60         | 10000000 | 625000    | 156250   | 1048576 | 128   | 16   | io_uring | 12        | 16  | increase  | desc        | asc        | 503036     | 6159.14  | 3483.09                | 6   | 12048,12223,12398,12054,12229,12404 | -2676.05  | -43.45   |
| 6   | 60         | 10000000 | 625000    | 156250   | 1048576 | 128   | 16   | io_uring | 12        | 16  | increase  | desc        | asc        | 440536     | 5811.14  | 3130.02                | 6   | 12041,12216,12391,12047,12222,12397 | -2681.12  | -46.14   |
| 2   | 80         | 10000000 | 1250000   | 117648   | 4       | 2048  | 8    | worker   | 12        | 16  | increase  | desc        | desc       | 1131072    | 5823.03  | 3136.0                 | 6   | 2906,3088,3270,2912,3094,3276       | -2687.03  | -46.14   |
| 14  | 80         | 10000000 | 2500000   | 117648   | 1048576 | 2     | 4    | io_uring | 12        | 16  | increase  | desc        | desc       | 2262144    | 4733.15  | 2024.22                | 6   | 31032,31221,31410,31038,31227,31416 | -2708.93  | -57.23   |
| 17  | 20         | 10000000 | 2500000   | 476191   | 4194304 | 128   | 4    | worker   | 12        | 16  | increase  | asc         | asc        | 1262144    | 6518.48  | 3808.42                | 6   | 36107,36296,36485,36113,36302,36491 | -2710.06  | -41.58   |
| 9   | 80         | 10000000 | 10000000  | 117648   | 16      | 32    | 1    | io_uring | 12        | 16  | increase  | asc         | desc       | 9048576    | 7135.84  | 4423.99                | 6   | 19160,19363,19566,19166,19369,19572 | -2711.85  | -38.0    |
| 5   | 60         | 10000000 | 625000    | 156250   | 1048576 | 128   | 16   | io_uring | 12        | 16  | increase  | asc         | desc       | 378036     | 5438.16  | 2701.81                | 6   | 10459,10634,10809,10465,10640,10815 | -2736.35  | -50.32   |
| 5   | 60         | 10000000 | 625000    | 156250   | 1048576 | 128   | 16   | worker   | 12        | 16  | increase  | asc         | desc       | 315536     | 4976.9   | 2228.09                | 6   | 9402,9577,9752,9408,9583,9758       | -2748.81  | -55.23   |
| 17  | 20         | 10000000 | 2500000   | 476191   | 4194304 | 128   | 4    | io_uring | 12        | 16  | increase  | asc         | asc        | 65536      | 3626.32  | 868.67                 | 6   | 37199,37388,37577,37205,37394,37583 | -2757.65  | -76.05   |
| 17  | 20         | 10000000 | 2500000   | 476191   | 4194304 | 128   | 4    | io_uring | 12        | 16  | increase  | asc         | asc        | 512144     | 5238.28  | 2479.63                | 6   | 37220,37409,37598,37226,37415,37604 | -2758.65  | -52.66   |
| 17  | 20         | 10000000 | 2500000   | 476191   | 4194304 | 128   | 4    | io_uring | 12        | 16  | increase  | asc         | asc        | 1512144    | 7766.05  | 5005.71                | 6   | 37248,37437,37626,37254,37443,37632 | -2760.34  | -35.54   |
| 5   | 60         | 10000000 | 625000    | 156250   | 1048576 | 128   | 16   | io_uring | 12        | 16  | increase  | asc         | desc       | 440536     | 5836.08  | 3060.31                | 6   | 10466,10641,10816,10472,10647,10822 | -2775.77  | -47.56   |
| 17  | 20         | 10000000 | 2500000   | 476191   | 4194304 | 128   | 4    | io_uring | 12        | 16  | increase  | asc         | asc        | 1012144    | 6551.19  | 3774.1                 | 6   | 37234,37423,37612,37240,37429,37618 | -2777.09  | -42.39   |
| 3   | 80         | 10000000 | 1250000   | 117648   | 4       | 2048  | 8    | io_uring | 12        | 16  | decrease  | asc         | asc        | 1131072    | 5929.71  | 3148.61                | 6   | 5636,5818,6000,5642,5824,6006       | -2781.1   | -46.9    |
| 16  | 80         | 10000000 | 2500000   | 117648   | 1048576 | 2     | 4    | io_uring | 12        | 16  | decrease  | desc        | asc        | 2262144    | 5935.14  | 3150.91                | 6   | 35001,35190,35379,35007,35196,35385 | -2784.23  | -46.91   |
| 14  | 80         | 10000000 | 2500000   | 117648   | 1048576 | 2     | 4    | worker   | 12        | 16  | increase  | desc        | desc       | 2262144    | 4630.25  | 1843.47                | 6   | 29898,30087,30276,29904,30093,30282 | -2786.78  | -60.19   |
| 5   | 60         | 10000000 | 625000    | 156250   | 1048576 | 128   | 16   | worker   | 12        | 16  | increase  | asc         | desc       | 378036     | 5370.95  | 2582.49                | 6   | 9409,9584,9759,9415,9590,9765       | -2788.46  | -51.92   |
| 4   | 80         | 10000000 | 1250000   | 117648   | 4       | 2048  | 8    | io_uring | 12        | 16  | decrease  | desc        | asc        | 1006072    | 6282.12  | 3490.0                 | 6   | 7813,7995,8177,7819,8001,8183       | -2792.12  | -44.45   |
| 2   | 80         | 10000000 | 1250000   | 117648   | 4       | 2048  | 8    | io_uring | 12        | 16  | increase  | desc        | desc       | 1131072    | 5959.1   | 3157.68                | 6   | 3998,4180,4362,4004,4186,4368       | -2801.42  | -47.01   |
| 17  | 20         | 10000000 | 2500000   | 476191   | 4194304 | 128   | 4    | io_uring | 12        | 16  | increase  | asc         | asc        | 762144     | 5933.83  | 3130.06                | 6   | 37227,37416,37605,37233,37422,37611 | -2803.77  | -47.25   |
| 13  | 80         | 10000000 | 2500000   | 117648   | 1048576 | 2     | 4    | io_uring | 12        | 16  | increase  | asc         | desc       | 1762144    | 5470.98  | 2660.89                | 6   | 28750,28939,29128,28756,28945,29134 | -2810.09  | -51.36   |
| 8   | 60         | 10000000 | 625000    | 156250   | 1048576 | 128   | 16   | io_uring | 12        | 16  | decrease  | desc        | asc        | 315536     | 5237.35  | 2425.47                | 6   | 16227,16402,16577,16233,16408,16583 | -2811.88  | -53.69   |
| 17  | 20         | 10000000 | 2500000   | 476191   | 4194304 | 128   | 4    | io_uring | 12        | 16  | increase  | asc         | asc        | 1262144    | 7211.48  | 4399.04                | 6   | 37241,37430,37619,37247,37436,37625 | -2812.44  | -39.0    |
| 18  | 20         | 10000000 | 2500000   | 476191   | 4194304 | 128   | 4    | worker   | 12        | 16  | increase  | desc        | desc       | 131072     | 4149.81  | 1327.56                | 2   | 38907,38913                         | -2822.25  | -68.01   |
| 13  | 80         | 10000000 | 2500000   | 117648   | 1048576 | 2     | 4    | worker   | 12        | 16  | increase  | asc         | desc       | 2012144    | 5502.03  | 2677.96                | 6   | 27623,27812,28001,27629,27818,28007 | -2824.07  | -51.33   |
| 5   | 60         | 10000000 | 625000    | 156250   | 1048576 | 128   | 16   | io_uring | 12        | 16  | increase  | asc         | desc       | 503036     | 6233.6   | 3409.13                | 6   | 10473,10648,10823,10479,10654,10829 | -2824.47  | -45.31   |
| 5   | 60         | 10000000 | 625000    | 156250   | 1048576 | 128   | 16   | io_uring | 12        | 16  | increase  | asc         | desc       | 565536     | 6575.32  | 3748.91                | 6   | 10480,10655,10830,10486,10661,10836 | -2826.41  | -42.99   |
| 4   | 80         | 10000000 | 1250000   | 117648   | 4       | 2048  | 8    | worker   | 12        | 16  | decrease  | desc        | asc        | 1131072    | 6196.11  | 3361.04                | 6   | 6728,6910,7092,6734,6916,7098       | -2835.07  | -45.76   |
| 1   | 80         | 10000000 | 1250000   | 117648   | 4       | 2048  | 8    | worker   | 12        | 16  | increase  | asc         | desc       | 1006072    | 6577.58  | 3719.62                | 6   | 715,897,1079,721,903,1085           | -2857.96  | -43.45   |
| 8   | 60         | 10000000 | 625000    | 156250   | 1048576 | 128   | 16   | io_uring | 12        | 16  | decrease  | desc        | asc        | 378036     | 5684.49  | 2797.47                | 6   | 16234,16409,16584,16240,16415,16590 | -2887.02  | -50.79   |
| 1   | 80         | 10000000 | 1250000   | 117648   | 4       | 2048  | 8    | io_uring | 12        | 16  | increase  | asc         | desc       | 1006072    | 6575.98  | 3681.54                | 6   | 1807,1989,2171,1813,1995,2177       | -2894.44  | -44.02   |
| 5   | 60         | 10000000 | 625000    | 156250   | 1048576 | 128   | 16   | worker   | 12        | 16  | increase  | asc         | desc       | 440536     | 5812.27  | 2915.42                | 6   | 9416,9591,9766,9422,9597,9772       | -2896.85  | -49.84   |
| 18  | 20         | 10000000 | 2500000   | 476191   | 4194304 | 128   | 4    | worker   | 12        | 16  | increase  | desc        | desc       | 65536      | 3774.38  | 866.86                 | 3   | 38900,39089,38906                   | -2907.52  | -77.03   |
| 13  | 80         | 10000000 | 2500000   | 117648   | 1048576 | 2     | 4    | worker   | 12        | 16  | increase  | asc         | desc       | 2262144    | 5892.99  | 2965.33                | 6   | 27630,27819,28008,27636,27825,28014 | -2927.66  | -49.68   |
| 18  | 20         | 10000000 | 2500000   | 476191   | 4194304 | 128   | 4    | worker   | 12        | 16  | increase  | desc        | desc       | 262144     | 4650.36  | 1709.43                | 2   | 38914,38920                         | -2940.93  | -63.24   |
| 5   | 60         | 10000000 | 625000    | 156250   | 1048576 | 128   | 16   | worker   | 12        | 16  | increase  | asc         | desc       | 565536     | 6507.68  | 3545.22                | 6   | 9430,9605,9780,9436,9611,9786       | -2962.46  | -45.52   |
| 5   | 60         | 10000000 | 625000    | 156250   | 1048576 | 128   | 16   | worker   | 12        | 16  | increase  | asc         | desc       | 503036     | 6190.67  | 3227.55                | 6   | 9423,9598,9773,9429,9604,9779       | -2963.12  | -47.86   |
| 8   | 60         | 10000000 | 625000    | 156250   | 1048576 | 128   | 16   | io_uring | 12        | 16  | decrease  | desc        | asc        | 440536     | 6141.04  | 3177.39                | 6   | 16241,16416,16591,16247,16422,16597 | -2963.65  | -48.26   |
| 8   | 60         | 10000000 | 625000    | 156250   | 1048576 | 128   | 16   | io_uring | 12        | 16  | decrease  | desc        | asc        | 565536     | 6882.17  | 3886.95                | 6   | 16255,16430,16605,16261,16436,16611 | -2995.22  | -43.52   |
| 8   | 60         | 10000000 | 625000    | 156250   | 1048576 | 128   | 16   | io_uring | 12        | 16  | decrease  | desc        | asc        | 503036     | 6543.42  | 3541.09                | 6   | 16248,16423,16598,16254,16429,16604 | -3002.33  | -45.88   |
| 13  | 80         | 10000000 | 2500000   | 117648   | 1048576 | 2     | 4    | io_uring | 12        | 16  | increase  | asc         | desc       | 2012144    | 6006.65  | 2970.6                 | 6   | 28757,28946,29135,28763,28952,29141 | -3036.05  | -50.54   |
| 18  | 20         | 10000000 | 2500000   | 476191   | 4194304 | 128   | 4    | worker   | 12        | 16  | increase  | desc        | asc        | 32768      | 3626.08  | 568.76                 | 6   | 38326,38515,38704,38332,38521,38710 | -3057.32  | -84.31   |
| 4   | 80         | 10000000 | 1250000   | 117648   | 4       | 2048  | 8    | io_uring | 12        | 16  | decrease  | desc        | asc        | 1131072    | 7038.65  | 3923.6                 | 6   | 7820,8002,8184,7826,8008,8190       | -3115.05  | -44.26   |
| 18  | 20         | 10000000 | 2500000   | 476191   | 4194304 | 128   | 4    | worker   | 12        | 16  | increase  | desc        | desc       | 512144     | 5520.1   | 2375.61                | 2   | 38921,38927                         | -3144.49  | -56.96   |
| 13  | 80         | 10000000 | 2500000   | 117648   | 1048576 | 2     | 4    | io_uring | 12        | 16  | increase  | asc         | desc       | 2262144    | 6450.99  | 3289.48                | 6   | 28764,28953,29142,28770,28959,29148 | -3161.51  | -49.01   |
| 1   | 80         | 10000000 | 1250000   | 117648   | 4       | 2048  | 8    | worker   | 12        | 16  | increase  | asc         | desc       | 1131072    | 7383.41  | 4163.34                | 6   | 722,904,1086,728,910,1092           | -3220.07  | -43.61   |
| 1   | 80         | 10000000 | 1250000   | 117648   | 4       | 2048  | 8    | io_uring | 12        | 16  | increase  | asc         | desc       | 1131072    | 7389.08  | 4134.82                | 6   | 1814,1996,2178,1820,2002,2184       | -3254.26  | -44.04   |
| 18  | 20         | 10000000 | 2500000   | 476191   | 4194304 | 128   | 4    | worker   | 12        | 16  | increase  | desc        | desc       | 762144     | 6285.2   | 2949.21                | 2   | 38928,38934                         | -3335.99  | -53.08   |
| 18  | 20         | 10000000 | 2500000   | 476191   | 4194304 | 128   | 4    | worker   | 12        | 16  | increase  | desc        | desc       | 1012144    | 7019.67  | 3526.58                | 2   | 38935,38941                         | -3493.09  | -49.76   |
| 18  | 20         | 10000000 | 2500000   | 476191   | 4194304 | 128   | 4    | worker   | 12        | 16  | increase  | desc        | desc       | 1762144    | 8840.58  | 5301.55                | 2   | 38956,38962                         | -3539.03  | -40.03   |
| 18  | 20         | 10000000 | 2500000   | 476191   | 4194304 | 128   | 4    | worker   | 12        | 16  | increase  | desc        | desc       | 1262144    | 7655.84  | 4083.72                | 2   | 38942,38948                         | -3572.12  | -46.66   |
| 18  | 20         | 10000000 | 2500000   | 476191   | 4194304 | 128   | 4    | worker   | 12        | 16  | increase  | desc        | desc       | 1512144    | 8322.0   | 4716.76                | 2   | 38949,38955                         | -3605.24  | -43.32   |
| 18  | 20         | 10000000 | 2500000   | 476191   | 4194304 | 128   | 4    | worker   | 12        | 16  | increase  | desc        | desc       | 2262144    | 10069.67 | 6405.54                | 2   | 38970,38976                         | -3664.13  | -36.39   |
| 18  | 20         | 10000000 | 2500000   | 476191   | 4194304 | 128   | 4    | worker   | 12        | 16  | increase  | desc        | desc       | 2012144    | 9575.33  | 5885.87                | 2   | 38963,38969                         | -3689.46  | -38.53   |
| 17  | 20         | 10000000 | 2500000   | 476191   | 4194304 | 128   | 4    | worker   | 12        | 16  | increase  | asc         | desc       | 32768      | 4560.07  | 788.73                 | 6   | 36625,36814,37003,36631,36820,37009 | -3771.34  | -82.7    |
| 17  | 20         | 10000000 | 2500000   | 476191   | 4194304 | 128   | 4    | io_uring | 12        | 16  | increase  | asc         | desc       | 32768      | 4816.22  | 834.91                 | 6   | 37759,37948,38137,37765,37954,38143 | -3981.31  | -82.66   |
| 18  | 20         | 10000000 | 2500000   | 476191   | 4194304 | 128   | 4    | worker   | 12        | 16  | increase  | desc        | asc        | 65536      | 5931.26  | 949.86                 | 6   | 38333,38522,38711,38339,38528,38717 | -4981.4   | -83.99   |
| 17  | 20         | 10000000 | 2500000   | 476191   | 4194304 | 128   | 4    | worker   | 12        | 16  | increase  | asc         | desc       | 65536      | 7583.27  | 1338.89                | 6   | 36632,36821,37010,36638,36827,37016 | -6244.38  | -82.34   |
| 18  | 20         | 10000000 | 2500000   | 476191   | 4194304 | 128   | 4    | worker   | 12        | 16  | increase  | desc        | asc        | 131072     | 7866.19  | 1445.88                | 6   | 38340,38529,38718,38346,38535,38724 | -6420.31  | -81.62   |
| 17  | 20         | 10000000 | 2500000   | 476191   | 4194304 | 128   | 4    | io_uring | 12        | 16  | increase  | asc         | desc       | 65536      | 8000.33  | 1436.49                | 6   | 37766,37955,38144,37772,37961,38150 | -6563.84  | -82.04   |
| 18  | 20         | 10000000 | 2500000   | 476191   | 4194304 | 128   | 4    | worker   | 12        | 16  | increase  | desc        | asc        | 262144     | 8735.9   | 1916.26                | 6   | 38347,38536,38725,38353,38542,38731 | -6819.64  | -78.06   |
| 18  | 20         | 10000000 | 2500000   | 476191   | 4194304 | 128   | 4    | worker   | 12        | 16  | increase  | desc        | asc        | 512144     | 10001.44 | 2651.21                | 6   | 38354,38543,38732,38360,38549,38738 | -7350.23  | -73.49   |
| 18  | 20         | 10000000 | 2500000   | 476191   | 4194304 | 128   | 4    | worker   | 12        | 16  | increase  | desc        | asc        | 762144     | 11043.97 | 3382.82                | 6   | 38361,38550,38739,38367,38556,38745 | -7661.15  | -69.37   |
| 18  | 20         | 10000000 | 2500000   | 476191   | 4194304 | 128   | 4    | worker   | 12        | 16  | increase  | desc        | asc        | 1012144    | 12072.88 | 4074.88                | 6   | 38368,38557,38746,38374,38563,38752 | -7998.0   | -66.25   |
| 17  | 20         | 10000000 | 2500000   | 476191   | 4194304 | 128   | 4    | worker   | 12        | 16  | increase  | asc         | desc       | 131072     | 9973.64  | 1973.78                | 6   | 36639,36828,37017,36645,36834,37023 | -7999.86  | -80.21   |
| 18  | 20         | 10000000 | 2500000   | 476191   | 4194304 | 128   | 4    | worker   | 12        | 16  | increase  | desc        | asc        | 1262144    | 13044.45 | 4794.51                | 6   | 38375,38564,38753,38381,38570,38759 | -8249.94  | -63.24   |
| 18  | 20         | 10000000 | 2500000   | 476191   | 4194304 | 128   | 4    | worker   | 12        | 16  | increase  | desc        | asc        | 1512144    | 13855.4  | 5511.08                | 6   | 38382,38571,38760,38388,38577,38766 | -8344.32  | -60.22   |
| 18  | 20         | 10000000 | 2500000   | 476191   | 4194304 | 128   | 4    | worker   | 12        | 16  | increase  | desc        | asc        | 1762144    | 14617.08 | 6259.49                | 6   | 38389,38578,38767,38395,38584,38773 | -8357.59  | -57.18   |
| 17  | 20         | 10000000 | 2500000   | 476191   | 4194304 | 128   | 4    | worker   | 12        | 16  | increase  | asc         | desc       | 262144     | 10924.32 | 2543.8                 | 6   | 36646,36835,37024,36652,36841,37030 | -8380.52  | -76.71   |
| 17  | 20         | 10000000 | 2500000   | 476191   | 4194304 | 128   | 4    | io_uring | 12        | 16  | increase  | asc         | desc       | 131072     | 10640.36 | 2149.56                | 6   | 37773,37962,38151,37779,37968,38157 | -8490.8   | -79.8    |
| 18  | 20         | 10000000 | 2500000   | 476191   | 4194304 | 128   | 4    | worker   | 12        | 16  | increase  | desc        | asc        | 2262144    | 16041.74 | 7529.38                | 6   | 38403,38592,38781,38409,38598,38787 | -8512.36  | -53.06   |
| 18  | 20         | 10000000 | 2500000   | 476191   | 4194304 | 128   | 4    | worker   | 12        | 16  | increase  | desc        | asc        | 2012144    | 15454.33 | 6912.86                | 6   | 38396,38585,38774,38402,38591,38780 | -8541.47  | -55.27   |
| 17  | 20         | 10000000 | 2500000   | 476191   | 4194304 | 128   | 4    | io_uring | 12        | 16  | increase  | asc         | desc       | 262144     | 11575.94 | 2722.31                | 6   | 37780,37969,38158,37786,37975,38164 | -8853.63  | -76.48   |
| 17  | 20         | 10000000 | 2500000   | 476191   | 4194304 | 128   | 4    | worker   | 12        | 16  | increase  | asc         | desc       | 512144     | 12684.06 | 3396.83                | 6   | 36653,36842,37031,36659,36848,37037 | -9287.23  | -73.22   |
| 17  | 20         | 10000000 | 2500000   | 476191   | 4194304 | 128   | 4    | io_uring | 12        | 16  | increase  | asc         | desc       | 512144     | 13155.16 | 3658.01                | 6   | 37787,37976,38165,37793,37982,38171 | -9497.15  | -72.19   |
| 17  | 20         | 10000000 | 2500000   | 476191   | 4194304 | 128   | 4    | worker   | 12        | 16  | increase  | asc         | desc       | 762144     | 13930.8  | 4155.96                | 6   | 36660,36849,37038,36666,36855,37044 | -9774.84  | -70.17   |
| 17  | 20         | 10000000 | 2500000   | 476191   | 4194304 | 128   | 4    | io_uring | 12        | 16  | increase  | asc         | desc       | 762144     | 14350.59 | 4436.82                | 6   | 37794,37983,38172,37800,37989,38178 | -9913.77  | -69.08   |
| 17  | 20         | 10000000 | 2500000   | 476191   | 4194304 | 128   | 4    | worker   | 12        | 16  | increase  | asc         | desc       | 1012144    | 15030.0  | 4891.6                 | 6   | 36667,36856,37045,36673,36862,37051 | -10138.4  | -67.45   |
| 17  | 20         | 10000000 | 2500000   | 476191   | 4194304 | 128   | 4    | io_uring | 12        | 16  | increase  | asc         | desc       | 1012144    | 15552.03 | 5217.11                | 6   | 37801,37990,38179,37807,37996,38185 | -10334.92 | -66.45   |
| 17  | 20         | 10000000 | 2500000   | 476191   | 4194304 | 128   | 4    | worker   | 12        | 16  | increase  | asc         | desc       | 1262144    | 16114.58 | 5633.9                 | 6   | 36674,36863,37052,36680,36869,37058 | -10480.68 | -65.04   |
| 17  | 20         | 10000000 | 2500000   | 476191   | 4194304 | 128   | 4    | io_uring | 12        | 16  | increase  | asc         | desc       | 1262144    | 16593.61 | 6025.96                | 6   | 37808,37997,38186,37814,38003,38192 | -10567.65 | -63.69   |
| 17  | 20         | 10000000 | 2500000   | 476191   | 4194304 | 128   | 4    | worker   | 12        | 16  | increase  | asc         | desc       | 1512144    | 17089.24 | 6377.73                | 6   | 36681,36870,37059,36687,36876,37065 | -10711.51 | -62.68   |
| 17  | 20         | 10000000 | 2500000   | 476191   | 4194304 | 128   | 4    | worker   | 12        | 16  | increase  | asc         | desc       | 1762144    | 17939.9  | 7192.0                 | 6   | 36688,36877,37066,36694,36883,37072 | -10747.9  | -59.91   |
| 17  | 20         | 10000000 | 2500000   | 476191   | 4194304 | 128   | 4    | io_uring | 12        | 16  | increase  | asc         | desc       | 1512144    | 17680.7  | 6860.23                | 6   | 37815,38004,38193,37821,38010,38199 | -10820.47 | -61.2    |
| 17  | 20         | 10000000 | 2500000   | 476191   | 4194304 | 128   | 4    | io_uring | 12        | 16  | increase  | asc         | desc       | 1762144    | 18594.24 | 7662.1                 | 6   | 37822,38011,38200,37828,38017,38206 | -10932.14 | -58.79   |
| 17  | 20         | 10000000 | 2500000   | 476191   | 4194304 | 128   | 4    | io_uring | 12        | 16  | increase  | asc         | desc       | 2262144    | 20206.39 | 9109.64                | 6   | 37836,38025,38214,37842,38031,38220 | -11096.75 | -54.92   |
| 17  | 20         | 10000000 | 2500000   | 476191   | 4194304 | 128   | 4    | io_uring | 12        | 16  | increase  | asc         | desc       | 2012144    | 19513.69 | 8402.48                | 6   | 37829,38018,38207,37835,38024,38213 | -11111.21 | -56.94   |
| 17  | 20         | 10000000 | 2500000   | 476191   | 4194304 | 128   | 4    | worker   | 12        | 16  | increase  | asc         | desc       | 2012144    | 19130.96 | 7888.8                 | 6   | 36695,36884,37073,36701,36890,37079 | -11242.16 | -58.76   |
| 17  | 20         | 10000000 | 2500000   | 476191   | 4194304 | 128   | 4    | worker   | 12        | 16  | increase  | asc         | desc       | 2262144    | 19970.98 | 8539.13                | 6   | 36702,36891,37080,36708,36897,37086 | -11431.85 | -57.24   |
+-----+------------+----------+-----------+----------+---------+-------+------+----------+-----------+-----+-----------+-------------+------------+------------+----------+------------------------+-----+-------------------------------------+-----------+----------+
