+-----+------------+----------+-----------+----------+---------+-------+------+----------+-----------+-----+-----------+-------------+------------+------------+------------------------------+------------------------+-----+-------------------------------------+----------+
| did | fillfactor |   rows   | ndistinct | relpages |  fuzz   | fuzz2 | step | iomethod | ioworkers | eic | direction | index_order | scan_order | num_values | patched-geoghegan-2-3ded1b78 | patched-munro-728899ba | cnt |                 qid                 | pct_diff |
+-----+------------+----------+-----------+----------+---------+-------+------+----------+-----------+-----+-----------+-------------+------------+------------+------------------------------+------------------------+-----+-------------------------------------+----------+
| 4   | 80         | 10000000 | 1250000   | 117648   | 4       | 2048  | 8    | worker   | 12        | 16  | decrease  | desc        | desc       | 65536      | 66.61                        | 140.27                 | 6   | 7213,7395,7577,7217,7399,7581       | 110.58   |
| 1   | 80         | 10000000 | 1250000   | 117648   | 4       | 2048  | 8    | worker   | 12        | 16  | increase  | asc         | asc        | 131072     | 129.61                       | 261.05                 | 6   | 122,304,486,126,308,490             | 101.41   |
| 1   | 80         | 10000000 | 1250000   | 117648   | 4       | 2048  | 8    | worker   | 12        | 16  | increase  | asc         | asc        | 32768      | 35.96                        | 70.03                  | 6   | 108,290,472,112,294,476             | 94.74    |
| 4   | 80         | 10000000 | 1250000   | 117648   | 4       | 2048  | 8    | worker   | 12        | 16  | decrease  | desc        | desc       | 16384      | 20.17                        | 38.52                  | 6   | 7199,7381,7563,7203,7385,7567       | 90.98    |
| 4   | 80         | 10000000 | 1250000   | 117648   | 4       | 2048  | 8    | io_uring | 12        | 16  | decrease  | desc        | desc       | 16         | 0.84                         | 1.6                    | 6   | 8221,8403,8585,8225,8407,8589       | 90.48    |
| 4   | 80         | 10000000 | 1250000   | 117648   | 4       | 2048  | 8    | worker   | 12        | 16  | decrease  | desc        | desc       | 256072     | 250.15                       | 468.74                 | 6   | 7227,7409,7591,7231,7413,7595       | 87.38    |
| 1   | 80         | 10000000 | 1250000   | 117648   | 4       | 2048  | 8    | worker   | 12        | 16  | increase  | asc         | asc        | 881072     | 829.64                       | 1518.25                | 6   | 164,346,528,168,350,532             | 83.0     |
| 4   | 80         | 10000000 | 1250000   | 117648   | 4       | 2048  | 8    | worker   | 12        | 16  | decrease  | desc        | desc       | 631072     | 597.2                        | 1092.8                 | 6   | 7248,7430,7612,7252,7434,7616       | 82.99    |
| 4   | 80         | 10000000 | 1250000   | 117648   | 4       | 2048  | 8    | worker   | 12        | 16  | decrease  | desc        | desc       | 506072     | 483.09                       | 883.14                 | 6   | 7241,7423,7605,7245,7427,7609       | 82.81    |
| 4   | 80         | 10000000 | 1250000   | 117648   | 4       | 2048  | 8    | worker   | 12        | 16  | decrease  | desc        | desc       | 32768      | 36.07                        | 65.53                  | 6   | 7206,7388,7570,7210,7392,7574       | 81.67    |
| 1   | 80         | 10000000 | 1250000   | 117648   | 4       | 2048  | 8    | worker   | 12        | 16  | increase  | asc         | asc        | 1131072    | 1068.17                      | 1938.28                | 6   | 178,360,542,182,364,546             | 81.46    |
| 1   | 80         | 10000000 | 1250000   | 117648   | 4       | 2048  | 8    | worker   | 12        | 16  | increase  | asc         | asc        | 65536      | 67.84                        | 122.93                 | 6   | 115,297,479,119,301,483             | 81.21    |
| 1   | 80         | 10000000 | 1250000   | 117648   | 4       | 2048  | 8    | worker   | 12        | 16  | increase  | asc         | asc        | 756072     | 720.87                       | 1304.48                | 6   | 157,339,521,161,343,525             | 80.96    |
| 4   | 80         | 10000000 | 1250000   | 117648   | 4       | 2048  | 8    | worker   | 12        | 16  | decrease  | desc        | desc       | 381072     | 368.18                       | 664.34                 | 6   | 7234,7416,7598,7238,7420,7602       | 80.44    |
| 1   | 80         | 10000000 | 1250000   | 117648   | 4       | 2048  | 8    | worker   | 12        | 16  | increase  | asc         | asc        | 631072     | 601.42                       | 1083.99                | 6   | 150,332,514,154,336,518             | 80.24    |
| 4   | 80         | 10000000 | 1250000   | 117648   | 4       | 2048  | 8    | worker   | 12        | 16  | decrease  | desc        | desc       | 1006072    | 942.67                       | 1698.86                | 6   | 7269,7451,7633,7273,7455,7637       | 80.22    |
| 4   | 80         | 10000000 | 1250000   | 117648   | 4       | 2048  | 8    | worker   | 12        | 16  | decrease  | desc        | desc       | 1131072    | 1074.0                       | 1935.52                | 6   | 7276,7458,7640,7280,7462,7644       | 80.22    |
| 1   | 80         | 10000000 | 1250000   | 117648   | 4       | 2048  | 8    | io_uring | 12        | 16  | increase  | asc         | asc        | 506072     | 483.17                       | 870.35                 | 6   | 1235,1417,1599,1239,1421,1603       | 80.13    |
| 1   | 80         | 10000000 | 1250000   | 117648   | 4       | 2048  | 8    | io_uring | 12        | 16  | increase  | asc         | asc        | 381072     | 362.94                       | 650.55                 | 6   | 1228,1410,1592,1232,1414,1596       | 79.24    |
| 4   | 80         | 10000000 | 1250000   | 117648   | 4       | 2048  | 8    | io_uring | 12        | 16  | decrease  | desc        | desc       | 1006072    | 948.34                       | 1699.57                | 6   | 8361,8543,8725,8365,8547,8729       | 79.22    |
| 4   | 80         | 10000000 | 1250000   | 117648   | 4       | 2048  | 8    | worker   | 12        | 16  | decrease  | desc        | desc       | 881072     | 833.41                       | 1491.55                | 6   | 7262,7444,7626,7266,7448,7630       | 78.97    |
| 1   | 80         | 10000000 | 1250000   | 117648   | 4       | 2048  | 8    | io_uring | 12        | 16  | increase  | asc         | asc        | 881072     | 831.56                       | 1487.87                | 6   | 1256,1438,1620,1260,1442,1624       | 78.93    |
| 1   | 80         | 10000000 | 1250000   | 117648   | 4       | 2048  | 8    | io_uring | 12        | 16  | increase  | asc         | asc        | 131072     | 127.31                       | 227.26                 | 6   | 1214,1396,1578,1218,1400,1582       | 78.51    |
| 1   | 80         | 10000000 | 1250000   | 117648   | 4       | 2048  | 8    | worker   | 12        | 16  | increase  | asc         | asc        | 16384      | 20.23                        | 36.08                  | 6   | 101,283,465,105,287,469             | 78.35    |
| 1   | 80         | 10000000 | 1250000   | 117648   | 4       | 2048  | 8    | io_uring | 12        | 16  | increase  | asc         | asc        | 1131072    | 1068.11                      | 1903.71                | 6   | 1270,1452,1634,1274,1456,1638       | 78.23    |
| 1   | 80         | 10000000 | 1250000   | 117648   | 4       | 2048  | 8    | worker   | 12        | 16  | increase  | asc         | asc        | 381072     | 369.2                        | 657.76                 | 6   | 136,318,500,140,322,504             | 78.16    |
| 1   | 80         | 10000000 | 1250000   | 117648   | 4       | 2048  | 8    | io_uring | 12        | 16  | increase  | asc         | asc        | 631072     | 600.17                       | 1068.93                | 6   | 1242,1424,1606,1246,1428,1610       | 78.1     |
| 4   | 80         | 10000000 | 1250000   | 117648   | 4       | 2048  | 8    | io_uring | 12        | 16  | decrease  | desc        | desc       | 1131072    | 1065.43                      | 1895.48                | 6   | 8368,8550,8732,8372,8554,8736       | 77.91    |
| 1   | 80         | 10000000 | 1250000   | 117648   | 4       | 2048  | 8    | io_uring | 12        | 16  | increase  | asc         | asc        | 256072     | 246.58                       | 438.06                 | 6   | 1221,1403,1585,1225,1407,1589       | 77.65    |
| 4   | 80         | 10000000 | 1250000   | 117648   | 4       | 2048  | 8    | io_uring | 12        | 16  | decrease  | desc        | desc       | 381072     | 365.87                       | 649.38                 | 6   | 8326,8508,8690,8330,8512,8694       | 77.49    |
| 4   | 80         | 10000000 | 1250000   | 117648   | 4       | 2048  | 8    | io_uring | 12        | 16  | decrease  | desc        | desc       | 881072     | 846.71                       | 1499.72                | 6   | 8354,8536,8718,8358,8540,8722       | 77.12    |
| 1   | 80         | 10000000 | 1250000   | 117648   | 4       | 2048  | 8    | worker   | 12        | 16  | increase  | asc         | asc        | 1006072    | 949.32                       | 1680.84                | 6   | 171,353,535,175,357,539             | 77.06    |
| 4   | 80         | 10000000 | 1250000   | 117648   | 4       | 2048  | 8    | io_uring | 12        | 16  | decrease  | desc        | desc       | 506072     | 483.71                       | 855.13                 | 6   | 8333,8515,8697,8337,8519,8701       | 76.79    |
| 4   | 80         | 10000000 | 1250000   | 117648   | 4       | 2048  | 8    | io_uring | 12        | 16  | decrease  | desc        | desc       | 131072     | 127.44                       | 223.69                 | 6   | 8312,8494,8676,8316,8498,8680       | 75.53    |
| 4   | 80         | 10000000 | 1250000   | 117648   | 4       | 2048  | 8    | worker   | 12        | 16  | decrease  | desc        | desc       | 756072     | 718.49                       | 1261.12                | 6   | 7255,7437,7619,7259,7441,7623       | 75.52    |
| 4   | 80         | 10000000 | 1250000   | 117648   | 4       | 2048  | 8    | io_uring | 12        | 16  | decrease  | desc        | desc       | 65536      | 65.86                        | 112.71                 | 6   | 8305,8487,8669,8309,8491,8673       | 71.14    |
| 1   | 80         | 10000000 | 1250000   | 117648   | 4       | 2048  | 8    | io_uring | 12        | 16  | increase  | asc         | asc        | 65536      | 67.34                        | 114.92                 | 6   | 1207,1389,1571,1211,1393,1575       | 70.66    |
| 4   | 80         | 10000000 | 1250000   | 117648   | 4       | 2048  | 8    | io_uring | 12        | 16  | decrease  | desc        | desc       | 32768      | 35.04                        | 59.05                  | 6   | 8298,8480,8662,8302,8484,8666       | 68.52    |
| 13  | 80         | 10000000 | 2500000   | 117648   | 1048576 | 2     | 4    | worker   | 12        | 16  | increase  | asc         | asc        | 128        | 2.75                         | 4.61                   | 6   | 26932,27121,27310,26936,27125,27314 | 67.64    |
| 6   | 60         | 10000000 | 625000    | 156250   | 1048576 | 128   | 16   | worker   | 12        | 16  | increase  | desc        | desc       | 64         | 2.13                         | 3.53                   | 6   | 11406,11581,11756,11410,11585,11760 | 65.73    |
| 1   | 80         | 10000000 | 1250000   | 117648   | 4       | 2048  | 8    | io_uring | 12        | 16  | increase  | asc         | asc        | 32768      | 35.59                        | 58.12                  | 6   | 1200,1382,1564,1204,1386,1568       | 63.3     |
| 11  | 80         | 10000000 | 10000000  | 117648   | 16      | 32    | 1    | io_uring | 12        | 16  | decrease  | asc         | desc       | 128        | 0.27                         | 0.44                   | 6   | 23887,24090,24293,23891,24094,24297 | 62.96    |
| 1   | 80         | 10000000 | 1250000   | 117648   | 4       | 2048  | 8    | io_uring | 12        | 16  | increase  | asc         | asc        | 16384      | 18.72                        | 30.16                  | 6   | 1193,1375,1557,1197,1379,1561       | 61.11    |
| 2   | 80         | 10000000 | 1250000   | 117648   | 4       | 2048  | 8    | worker   | 12        | 16  | increase  | desc        | desc       | 4          | 0.9                          | 1.44                   | 6   | 2747,2929,3111,2751,2933,3115       | 60.0     |
| 4   | 80         | 10000000 | 1250000   | 117648   | 4       | 2048  | 8    | io_uring | 12        | 16  | decrease  | desc        | desc       | 16384      | 19.44                        | 30.88                  | 6   | 8291,8473,8655,8295,8477,8659       | 58.85    |
| 14  | 80         | 10000000 | 2500000   | 117648   | 1048576 | 2     | 4    | io_uring | 12        | 16  | increase  | desc        | asc        | 64         | 2.57                         | 4.08                   | 6   | 30327,30516,30705,30331,30520,30709 | 58.75    |
| 4   | 80         | 10000000 | 1250000   | 117648   | 4       | 2048  | 8    | worker   | 12        | 16  | decrease  | desc        | desc       | 8192       | 11.43                        | 17.99                  | 6   | 7192,7374,7556,7196,7378,7560       | 57.39    |
| 3   | 80         | 10000000 | 1250000   | 117648   | 4       | 2048  | 8    | worker   | 12        | 16  | decrease  | asc         | asc        | 16         | 0.92                         | 1.44                   | 6   | 4399,4581,4763,4403,4585,4767       | 56.52    |
| 18  | 20         | 10000000 | 2500000   | 476191   | 4194304 | 128   | 4    | worker   | 12        | 16  | increase  | desc        | desc       | 128        | 5.56                         | 8.67                   | 4   | 38839,39028,38843,39032             | 55.94    |
| 14  | 80         | 10000000 | 2500000   | 117648   | 1048576 | 2     | 4    | worker   | 12        | 16  | increase  | desc        | asc        | 64         | 1.61                         | 2.44                   | 6   | 29193,29382,29571,29197,29386,29575 | 51.55    |
| 6   | 60         | 10000000 | 625000    | 156250   | 1048576 | 128   | 16   | io_uring | 12        | 16  | increase  | desc        | desc       | 16         | 1.73                         | 2.59                   | 6   | 12442,12617,12792,12446,12621,12796 | 49.71    |
| 1   | 80         | 10000000 | 1250000   | 117648   | 4       | 2048  | 8    | worker   | 12        | 16  | increase  | asc         | asc        | 16         | 1.1                          | 1.64                   | 6   | 31,213,395,35,217,399               | 49.09    |
| 1   | 80         | 10000000 | 1250000   | 117648   | 4       | 2048  | 8    | io_uring | 12        | 16  | increase  | asc         | asc        | 8192       | 10.91                        | 16.26                  | 6   | 1186,1368,1550,1190,1372,1554       | 49.04    |
| 2   | 80         | 10000000 | 1250000   | 117648   | 4       | 2048  | 8    | worker   | 12        | 16  | increase  | desc        | asc        | 131072     | 251.16                       | 371.03                 | 6   | 2306,2488,2670,2310,2492,2674       | 47.73    |
| 4   | 80         | 10000000 | 1250000   | 117648   | 4       | 2048  | 8    | io_uring | 12        | 16  | decrease  | desc        | desc       | 8192       | 10.69                        | 15.77                  | 6   | 8284,8466,8648,8288,8470,8652       | 47.52    |
| 3   | 80         | 10000000 | 1250000   | 117648   | 4       | 2048  | 8    | worker   | 12        | 16  | decrease  | asc         | desc       | 256072     | 481.49                       | 708.34                 | 6   | 5043,5225,5407,5047,5229,5411       | 47.11    |
| 1   | 80         | 10000000 | 1250000   | 117648   | 4       | 2048  | 8    | worker   | 12        | 16  | increase  | asc         | asc        | 4096       | 7.08                         | 10.39                  | 6   | 87,269,451,91,273,455               | 46.75    |
| 3   | 80         | 10000000 | 1250000   | 117648   | 4       | 2048  | 8    | worker   | 12        | 16  | decrease  | asc         | desc       | 16384      | 34.41                        | 50.43                  | 6   | 5015,5197,5379,5019,5201,5383       | 46.56    |
| 3   | 80         | 10000000 | 1250000   | 117648   | 4       | 2048  | 8    | worker   | 12        | 16  | decrease  | asc         | desc       | 32768      | 65.95                        | 96.3                   | 6   | 5022,5204,5386,5026,5208,5390       | 46.02    |
| 2   | 80         | 10000000 | 1250000   | 117648   | 4       | 2048  | 8    | worker   | 12        | 16  | increase  | desc        | asc        | 16384      | 34.89                        | 50.38                  | 6   | 2285,2467,2649,2289,2471,2653       | 44.4     |
| 1   | 80         | 10000000 | 1250000   | 117648   | 4       | 2048  | 8    | worker   | 12        | 16  | increase  | asc         | asc        | 256072     | 310.02                       | 445.04                 | 6   | 129,311,493,133,315,497             | 43.55    |
| 3   | 80         | 10000000 | 1250000   | 117648   | 4       | 2048  | 8    | worker   | 12        | 16  | decrease  | asc         | desc       | 65536      | 127.07                       | 181.2                  | 6   | 5029,5211,5393,5033,5215,5397       | 42.6     |
| 6   | 60         | 10000000 | 625000    | 156250   | 1048576 | 128   | 16   | io_uring | 12        | 16  | increase  | desc        | asc        | 16         | 1.7                          | 2.42                   | 6   | 11917,12092,12267,11921,12096,12271 | 42.35    |
| 17  | 20         | 10000000 | 2500000   | 476191   | 4194304 | 128   | 4    | io_uring | 12        | 16  | increase  | asc         | asc        | 128        | 7.06                         | 10.03                  | 6   | 37138,37327,37516,37142,37331,37520 | 42.07    |
| 13  | 80         | 10000000 | 2500000   | 117648   | 1048576 | 2     | 4    | io_uring | 12        | 16  | increase  | asc         | asc        | 128        | 3.31                         | 4.7                    | 6   | 28066,28255,28444,28070,28259,28448 | 41.99    |
| 1   | 80         | 10000000 | 1250000   | 117648   | 4       | 2048  | 8    | worker   | 12        | 16  | increase  | asc         | asc        | 506072     | 616.76                       | 873.26                 | 6   | 143,325,507,147,329,511             | 41.59    |
| 13  | 80         | 10000000 | 2500000   | 117648   | 1048576 | 2     | 4    | worker   | 12        | 16  | increase  | asc         | desc       | 64         | 1.99                         | 2.81                   | 6   | 27492,27681,27870,27496,27685,27874 | 41.21    |
| 4   | 80         | 10000000 | 1250000   | 117648   | 4       | 2048  | 8    | io_uring | 12        | 16  | decrease  | desc        | desc       | 756072     | 908.32                       | 1280.45                | 6   | 8347,8529,8711,8351,8533,8715       | 40.97    |
| 2   | 80         | 10000000 | 1250000   | 117648   | 4       | 2048  | 8    | worker   | 12        | 16  | increase  | desc        | asc        | 32768      | 66.47                        | 93.58                  | 6   | 2292,2474,2656,2296,2478,2660       | 40.79    |
| 2   | 80         | 10000000 | 1250000   | 117648   | 4       | 2048  | 8    | io_uring | 12        | 16  | increase  | desc        | desc       | 1024       | 6.03                         | 8.48                   | 6   | 3895,4077,4259,3899,4081,4263       | 40.63    |
| 4   | 80         | 10000000 | 1250000   | 117648   | 4       | 2048  | 8    | io_uring | 12        | 16  | decrease  | desc        | desc       | 4096       | 6.16                         | 8.66                   | 6   | 8277,8459,8641,8281,8463,8645       | 40.58    |
| 1   | 80         | 10000000 | 1250000   | 117648   | 4       | 2048  | 8    | io_uring | 12        | 16  | increase  | asc         | asc        | 1006072    | 1204.79                      | 1691.36                | 6   | 1263,1445,1627,1267,1449,1631       | 40.39    |
| 9   | 80         | 10000000 | 10000000  | 117648   | 16      | 32    | 1    | worker   | 12        | 16  | increase  | asc         | asc        | 256        | 0.3                          | 0.42                   | 6   | 17195,17398,17601,17199,17402,17605 | 40.0     |
| 8   | 60         | 10000000 | 625000    | 156250   | 1048576 | 128   | 16   | io_uring | 12        | 16  | decrease  | desc        | asc        | 64         | 2.93                         | 4.1                    | 6   | 16131,16306,16481,16135,16310,16485 | 39.93    |
| 4   | 80         | 10000000 | 1250000   | 117648   | 4       | 2048  | 8    | io_uring | 12        | 16  | decrease  | desc        | desc       | 631072     | 761.3                        | 1063.87                | 6   | 8340,8522,8704,8344,8526,8708       | 39.74    |
| 3   | 80         | 10000000 | 1250000   | 117648   | 4       | 2048  | 8    | worker   | 12        | 16  | decrease  | asc         | desc       | 881072     | 1645.63                      | 2299.53                | 6   | 5078,5260,5442,5082,5264,5446       | 39.74    |
| 15  | 80         | 10000000 | 2500000   | 117648   | 1048576 | 2     | 4    | worker   | 12        | 16  | decrease  | asc         | desc       | 64         | 2.09                         | 2.92                   | 6   | 32028,32217,32406,32032,32221,32410 | 39.71    |
| 1   | 80         | 10000000 | 1250000   | 117648   | 4       | 2048  | 8    | io_uring | 12        | 16  | increase  | asc         | asc        | 756072     | 916.02                       | 1276.84                | 6   | 1249,1431,1613,1253,1435,1617       | 39.39    |
| 1   | 80         | 10000000 | 1250000   | 117648   | 4       | 2048  | 8    | io_uring | 12        | 16  | increase  | asc         | desc       | 8          | 1.2                          | 1.67                   | 6   | 1662,1844,2026,1666,1848,2030       | 39.17    |
| 4   | 80         | 10000000 | 1250000   | 117648   | 4       | 2048  | 8    | worker   | 12        | 16  | decrease  | desc        | desc       | 4096       | 7.75                         | 10.77                  | 6   | 7185,7367,7549,7189,7371,7553       | 38.97    |
| 13  | 80         | 10000000 | 2500000   | 117648   | 1048576 | 2     | 4    | worker   | 12        | 16  | increase  | asc         | desc       | 32         | 1.21                         | 1.68                   | 6   | 27485,27674,27863,27489,27678,27867 | 38.84    |
| 2   | 80         | 10000000 | 1250000   | 117648   | 4       | 2048  | 8    | worker   | 12        | 16  | increase  | desc        | asc        | 881072     | 1653.89                      | 2294.08                | 6   | 2348,2530,2712,2352,2534,2716       | 38.71    |
| 2   | 80         | 10000000 | 1250000   | 117648   | 4       | 2048  | 8    | worker   | 12        | 16  | increase  | desc        | asc        | 1006072    | 1879.97                      | 2607.4                 | 6   | 2355,2537,2719,2359,2541,2723       | 38.69    |
| 3   | 80         | 10000000 | 1250000   | 117648   | 4       | 2048  | 8    | worker   | 12        | 16  | decrease  | asc         | desc       | 381072     | 711.84                       | 986.36                 | 6   | 5050,5232,5414,5054,5236,5418       | 38.56    |
| 2   | 80         | 10000000 | 1250000   | 117648   | 4       | 2048  | 8    | worker   | 12        | 16  | increase  | desc        | desc       | 8          | 1.22                         | 1.69                   | 6   | 2754,2936,3118,2758,2940,3122       | 38.52    |
| 2   | 80         | 10000000 | 1250000   | 117648   | 4       | 2048  | 8    | worker   | 12        | 16  | increase  | desc        | asc        | 631072     | 1180.15                      | 1634.29                | 6   | 2334,2516,2698,2338,2520,2702       | 38.48    |
| 8   | 60         | 10000000 | 625000    | 156250   | 1048576 | 128   | 16   | io_uring | 12        | 16  | decrease  | desc        | asc        | 16         | 1.69                         | 2.34                   | 6   | 16117,16292,16467,16121,16296,16471 | 38.46    |
| 2   | 80         | 10000000 | 1250000   | 117648   | 4       | 2048  | 8    | io_uring | 12        | 16  | increase  | desc        | desc       | 32         | 1.38                         | 1.91                   | 6   | 3860,4042,4224,3864,4046,4228       | 38.41    |
| 3   | 80         | 10000000 | 1250000   | 117648   | 4       | 2048  | 8    | worker   | 12        | 16  | decrease  | asc         | desc       | 631072     | 1179.67                      | 1631.65                | 6   | 5064,5246,5428,5068,5250,5432       | 38.31    |
| 2   | 80         | 10000000 | 1250000   | 117648   | 4       | 2048  | 8    | worker   | 12        | 16  | increase  | desc        | asc        | 381072     | 721.65                       | 997.92                 | 6   | 2320,2502,2684,2324,2506,2688       | 38.28    |
| 3   | 80         | 10000000 | 1250000   | 117648   | 4       | 2048  | 8    | worker   | 12        | 16  | decrease  | asc         | desc       | 1006072    | 1882.38                      | 2602.79                | 6   | 5085,5267,5449,5089,5271,5453       | 38.27    |
| 16  | 80         | 10000000 | 2500000   | 117648   | 1048576 | 2     | 4    | io_uring | 12        | 16  | decrease  | desc        | asc        | 256        | 4.27                         | 5.9                    | 6   | 34877,35066,35255,34881,35070,35259 | 38.17    |
| 3   | 80         | 10000000 | 1250000   | 117648   | 4       | 2048  | 8    | worker   | 12        | 16  | decrease  | asc         | desc       | 131072     | 249.92                       | 345.19                 | 6   | 5036,5218,5400,5040,5222,5404       | 38.12    |
| 10  | 80         | 10000000 | 10000000  | 117648   | 16      | 32    | 1    | io_uring | 12        | 16  | increase  | desc        | desc       | 32         | 0.29                         | 0.4                    | 6   | 21437,21640,21843,21441,21644,21847 | 37.93    |
| 2   | 80         | 10000000 | 1250000   | 117648   | 4       | 2048  | 8    | worker   | 12        | 16  | increase  | desc        | asc        | 756072     | 1409.48                      | 1941.82                | 6   | 2341,2523,2705,2345,2527,2709       | 37.77    |
| 2   | 80         | 10000000 | 1250000   | 117648   | 4       | 2048  | 8    | worker   | 12        | 16  | increase  | desc        | asc        | 65536      | 126.52                       | 174.26                 | 6   | 2299,2481,2663,2303,2485,2667       | 37.73    |
| 2   | 80         | 10000000 | 1250000   | 117648   | 4       | 2048  | 8    | worker   | 12        | 16  | increase  | desc        | asc        | 1131072    | 2105.89                      | 2897.83                | 6   | 2362,2544,2726,2366,2548,2730       | 37.61    |
| 2   | 80         | 10000000 | 1250000   | 117648   | 4       | 2048  | 8    | worker   | 12        | 16  | increase  | desc        | asc        | 256072     | 484.95                       | 666.18                 | 6   | 2313,2495,2677,2317,2499,2681       | 37.37    |
| 16  | 80         | 10000000 | 2500000   | 117648   | 1048576 | 2     | 4    | worker   | 12        | 16  | decrease  | desc        | asc        | 256        | 3.28                         | 4.5                    | 6   | 33743,33932,34121,33747,33936,34125 | 37.2     |
| 3   | 80         | 10000000 | 1250000   | 117648   | 4       | 2048  | 8    | io_uring | 12        | 16  | decrease  | asc         | desc       | 631072     | 1283.53                      | 1759.45                | 6   | 6156,6338,6520,6160,6342,6524       | 37.08    |
| 3   | 80         | 10000000 | 1250000   | 117648   | 4       | 2048  | 8    | worker   | 12        | 16  | decrease  | asc         | desc       | 756072     | 1421.46                      | 1944.11                | 6   | 5071,5253,5435,5075,5257,5439       | 36.77    |
| 4   | 80         | 10000000 | 1250000   | 117648   | 4       | 2048  | 8    | io_uring | 12        | 16  | decrease  | desc        | desc       | 2048       | 4.01                         | 5.48                   | 6   | 8270,8452,8634,8274,8456,8638       | 36.66    |
| 2   | 80         | 10000000 | 1250000   | 117648   | 4       | 2048  | 8    | worker   | 12        | 16  | increase  | desc        | asc        | 8192       | 18.97                        | 25.92                  | 6   | 2278,2460,2642,2282,2464,2646       | 36.64    |
| 2   | 80         | 10000000 | 1250000   | 117648   | 4       | 2048  | 8    | io_uring | 12        | 16  | increase  | desc        | asc        | 881072     | 1737.65                      | 2363.79                | 6   | 3440,3622,3804,3444,3626,3808       | 36.03    |
| 18  | 20         | 10000000 | 2500000   | 476191   | 4194304 | 128   | 4    | worker   | 12        | 16  | increase  | desc        | desc       | 512        | 14.11                        | 19.19                  | 4   | 38853,39042,38857,39046             | 36.0     |
| 3   | 80         | 10000000 | 1250000   | 117648   | 4       | 2048  | 8    | io_uring | 12        | 16  | decrease  | asc         | desc       | 32768      | 69.45                        | 94.4                   | 6   | 6114,6296,6478,6118,6300,6482       | 35.93    |
| 2   | 80         | 10000000 | 1250000   | 117648   | 4       | 2048  | 8    | io_uring | 12        | 16  | increase  | desc        | asc        | 631072     | 1259.5                       | 1708.3                 | 6   | 3426,3608,3790,3430,3612,3794       | 35.63    |
| 2   | 80         | 10000000 | 1250000   | 117648   | 4       | 2048  | 8    | io_uring | 12        | 16  | increase  | desc        | asc        | 1131072    | 2222.23                      | 3012.27                | 6   | 3454,3636,3818,3458,3640,3822       | 35.55    |
| 2   | 80         | 10000000 | 1250000   | 117648   | 4       | 2048  | 8    | io_uring | 12        | 16  | increase  | desc        | asc        | 32768      | 69.24                        | 93.44                  | 6   | 3384,3566,3748,3388,3570,3752       | 34.95    |
| 3   | 80         | 10000000 | 1250000   | 117648   | 4       | 2048  | 8    | io_uring | 12        | 16  | decrease  | asc         | desc       | 506072     | 1021.93                      | 1378.21                | 6   | 6149,6331,6513,6153,6335,6517       | 34.86    |
| 2   | 80         | 10000000 | 1250000   | 117648   | 4       | 2048  | 8    | io_uring | 12        | 16  | increase  | desc        | asc        | 506072     | 1015.67                      | 1369.45                | 6   | 3419,3601,3783,3423,3605,3787       | 34.83    |
| 2   | 80         | 10000000 | 1250000   | 117648   | 4       | 2048  | 8    | io_uring | 12        | 16  | increase  | desc        | asc        | 381072     | 764.31                       | 1029.49                | 6   | 3412,3594,3776,3416,3598,3780       | 34.7     |
| 15  | 80         | 10000000 | 2500000   | 117648   | 1048576 | 2     | 4    | worker   | 12        | 16  | decrease  | asc         | desc       | 128        | 2.48                         | 3.34                   | 6   | 32035,32224,32413,32039,32228,32417 | 34.68    |
| 3   | 80         | 10000000 | 1250000   | 117648   | 4       | 2048  | 8    | worker   | 12        | 16  | decrease  | asc         | desc       | 8192       | 19.58                        | 26.36                  | 6   | 5008,5190,5372,5012,5194,5376       | 34.63    |
| 12  | 80         | 10000000 | 10000000  | 117648   | 16      | 32    | 1    | io_uring | 12        | 16  | decrease  | desc        | asc        | 64         | 0.32                         | 0.43                   | 6   | 25707,25910,26113,25711,25914,26117 | 34.37    |
| 17  | 20         | 10000000 | 2500000   | 476191   | 4194304 | 128   | 4    | io_uring | 12        | 16  | increase  | asc         | desc       | 128        | 6.87                         | 9.23                   | 6   | 37705,37894,38083,37709,37898,38087 | 34.35    |
| 1   | 80         | 10000000 | 1250000   | 117648   | 4       | 2048  | 8    | worker   | 12        | 16  | increase  | asc         | asc        | 8192       | 14.34                        | 19.26                  | 6   | 94,276,458,98,280,462               | 34.31    |
| 5   | 60         | 10000000 | 625000    | 156250   | 1048576 | 128   | 16   | io_uring | 12        | 16  | increase  | asc         | asc        | 8          | 1.14                         | 1.53                   | 6   | 9810,9985,10160,9814,9989,10164     | 34.21    |
| 3   | 80         | 10000000 | 1250000   | 117648   | 4       | 2048  | 8    | io_uring | 12        | 16  | decrease  | asc         | desc       | 256072     | 520.75                       | 698.88                 | 6   | 6135,6317,6499,6139,6321,6503       | 34.21    |
| 3   | 80         | 10000000 | 1250000   | 117648   | 4       | 2048  | 8    | io_uring | 12        | 16  | decrease  | asc         | desc       | 381072     | 774.93                       | 1039.56                | 6   | 6142,6324,6506,6146,6328,6510       | 34.15    |
| 3   | 80         | 10000000 | 1250000   | 117648   | 4       | 2048  | 8    | io_uring | 12        | 16  | decrease  | asc         | desc       | 1006072    | 2075.39                      | 2783.97                | 6   | 6177,6359,6541,6181,6363,6545       | 34.14    |
| 1   | 80         | 10000000 | 1250000   | 117648   | 4       | 2048  | 8    | worker   | 12        | 16  | increase  | asc         | asc        | 8          | 0.91                         | 1.22                   | 6   | 24,206,388,28,210,392               | 34.07    |
| 3   | 80         | 10000000 | 1250000   | 117648   | 4       | 2048  | 8    | io_uring | 12        | 16  | decrease  | asc         | desc       | 131072     | 268.27                       | 359.61                 | 6   | 6128,6310,6492,6132,6314,6496       | 34.05    |
| 3   | 80         | 10000000 | 1250000   | 117648   | 4       | 2048  | 8    | io_uring | 12        | 16  | decrease  | asc         | desc       | 65536      | 135.34                       | 180.81                 | 6   | 6121,6303,6485,6125,6307,6489       | 33.6     |
| 3   | 80         | 10000000 | 1250000   | 117648   | 4       | 2048  | 8    | io_uring | 12        | 16  | decrease  | asc         | desc       | 1131072    | 2356.76                      | 3145.96                | 6   | 6184,6366,6548,6188,6370,6552       | 33.49    |
| 2   | 80         | 10000000 | 1250000   | 117648   | 4       | 2048  | 8    | io_uring | 12        | 16  | increase  | desc        | asc        | 65536      | 136.52                       | 182.11                 | 6   | 3391,3573,3755,3395,3577,3759       | 33.39    |
| 14  | 80         | 10000000 | 2500000   | 117648   | 1048576 | 2     | 4    | worker   | 12        | 16  | increase  | desc        | asc        | 128        | 3.02                         | 4.02                   | 6   | 29200,29389,29578,29204,29393,29582 | 33.11    |
| 2   | 80         | 10000000 | 1250000   | 117648   | 4       | 2048  | 8    | io_uring | 12        | 16  | increase  | desc        | asc        | 131072     | 268.77                       | 356.96                 | 6   | 3398,3580,3762,3402,3584,3766       | 32.81    |
| 8   | 60         | 10000000 | 625000    | 156250   | 1048576 | 128   | 16   | worker   | 12        | 16  | decrease  | desc        | desc       | 32         | 2.5                          | 3.32                   | 6   | 15599,15774,15949,15603,15778,15953 | 32.8     |
| 10  | 80         | 10000000 | 10000000  | 117648   | 16      | 32    | 1    | io_uring | 12        | 16  | increase  | desc        | asc        | 256        | 0.37                         | 0.49                   | 6   | 20849,21052,21255,20853,21056,21259 | 32.43    |
| 5   | 60         | 10000000 | 625000    | 156250   | 1048576 | 128   | 16   | worker   | 12        | 16  | increase  | asc         | desc       | 128        | 4.9                          | 6.48                   | 6   | 9313,9488,9663,9317,9492,9667       | 32.24    |
| 12  | 80         | 10000000 | 10000000  | 117648   | 16      | 32    | 1    | io_uring | 12        | 16  | decrease  | desc        | asc        | 16         | 0.25                         | 0.33                   | 6   | 25693,25896,26099,25697,25900,26103 | 32.0     |
| 2   | 80         | 10000000 | 1250000   | 117648   | 4       | 2048  | 8    | io_uring | 12        | 16  | increase  | desc        | asc        | 16384      | 36.46                        | 48.08                  | 6   | 3377,3559,3741,3381,3563,3745       | 31.87    |
| 4   | 80         | 10000000 | 1250000   | 117648   | 4       | 2048  | 8    | worker   | 12        | 16  | decrease  | desc        | desc       | 131072     | 170.96                       | 224.68                 | 6   | 7220,7402,7584,7224,7406,7588       | 31.42    |
| 3   | 80         | 10000000 | 1250000   | 117648   | 4       | 2048  | 8    | io_uring | 12        | 16  | decrease  | asc         | desc       | 1          | 0.55                         | 0.72                   | 6   | 6009,6191,6373,6013,6195,6377       | 30.91    |
| 10  | 80         | 10000000 | 10000000  | 117648   | 16      | 32    | 1    | io_uring | 12        | 16  | increase  | desc        | desc       | 8          | 0.26                         | 0.34                   | 6   | 21423,21626,21829,21427,21630,21833 | 30.77    |
| 1   | 80         | 10000000 | 1250000   | 117648   | 4       | 2048  | 8    | worker   | 12        | 16  | increase  | asc         | asc        | 4          | 0.75                         | 0.98                   | 6   | 17,199,381,21,203,385               | 30.67    |
| 5   | 60         | 10000000 | 625000    | 156250   | 1048576 | 128   | 16   | io_uring | 12        | 16  | increase  | asc         | desc       | 32         | 1.97                         | 2.57                   | 6   | 10349,10524,10699,10353,10528,10703 | 30.46    |
| 10  | 80         | 10000000 | 10000000  | 117648   | 16      | 32    | 1    | worker   | 12        | 16  | increase  | desc        | asc        | 2          | 0.23                         | 0.3                    | 6   | 19582,19785,19988,19586,19789,19992 | 30.43    |
| 2   | 80         | 10000000 | 1250000   | 117648   | 4       | 2048  | 8    | io_uring | 12        | 16  | increase  | desc        | asc        | 4096       | 10.62                        | 13.84                  | 6   | 3363,3545,3727,3367,3549,3731       | 30.32    |
| 10  | 80         | 10000000 | 10000000  | 117648   | 16      | 32    | 1    | worker   | 12        | 16  | increase  | desc        | desc       | 256        | 0.44                         | 0.57                   | 6   | 20240,20443,20646,20244,20447,20650 | 29.55    |
| 1   | 80         | 10000000 | 1250000   | 117648   | 4       | 2048  | 8    | io_uring | 12        | 16  | increase  | asc         | asc        | 4096       | 6.59                         | 8.51                   | 6   | 1179,1361,1543,1183,1365,1547       | 29.14    |
| 4   | 80         | 10000000 | 1250000   | 117648   | 4       | 2048  | 8    | worker   | 12        | 16  | decrease  | desc        | desc       | 2048       | 4.64                         | 5.99                   | 6   | 7178,7360,7542,7182,7364,7546       | 29.09    |
| 13  | 80         | 10000000 | 2500000   | 117648   | 1048576 | 2     | 4    | io_uring | 12        | 16  | increase  | asc         | desc       | 256        | 3.61                         | 4.65                   | 6   | 28640,28829,29018,28644,28833,29022 | 28.81    |
| 3   | 80         | 10000000 | 1250000   | 117648   | 4       | 2048  | 8    | io_uring | 12        | 16  | decrease  | asc         | desc       | 16384      | 37.2                         | 47.9                   | 6   | 6107,6289,6471,6111,6293,6475       | 28.76    |
| 3   | 80         | 10000000 | 1250000   | 117648   | 4       | 2048  | 8    | io_uring | 12        | 16  | decrease  | asc         | desc       | 4096       | 10.31                        | 13.23                  | 6   | 6093,6275,6457,6097,6279,6461       | 28.32    |
| 2   | 80         | 10000000 | 1250000   | 117648   | 4       | 2048  | 8    | worker   | 12        | 16  | increase  | desc        | asc        | 4096       | 11.24                        | 14.39                  | 6   | 2271,2453,2635,2275,2457,2639       | 28.02    |
| 16  | 80         | 10000000 | 2500000   | 117648   | 1048576 | 2     | 4    | worker   | 12        | 16  | decrease  | desc        | asc        | 32         | 1.22                         | 1.56                   | 6   | 33722,33911,34100,33726,33915,34104 | 27.87    |
| 10  | 80         | 10000000 | 10000000  | 117648   | 16      | 32    | 1    | io_uring | 12        | 16  | increase  | desc        | desc       | 2048       | 1.34                         | 1.71                   | 6   | 21479,21682,21885,21483,21686,21889 | 27.61    |
| 17  | 20         | 10000000 | 2500000   | 476191   | 4194304 | 128   | 4    | worker   | 12        | 16  | increase  | asc         | desc       | 32         | 5.04                         | 6.43                   | 6   | 36557,36746,36935,36561,36750,36939 | 27.58    |
| 8   | 60         | 10000000 | 625000    | 156250   | 1048576 | 128   | 16   | io_uring | 12        | 16  | decrease  | desc        | desc       | 32         | 2.69                         | 3.43                   | 6   | 16649,16824,16999,16653,16828,17003 | 27.51    |
| 16  | 80         | 10000000 | 2500000   | 117648   | 1048576 | 2     | 4    | io_uring | 12        | 16  | decrease  | desc        | desc       | 4          | 0.41                         | 0.52                   | 6   | 35402,35591,35780,35406,35595,35784 | 26.83    |
| 1   | 80         | 10000000 | 1250000   | 117648   | 4       | 2048  | 8    | worker   | 12        | 16  | increase  | asc         | desc       | 32         | 1.42                         | 1.8                    | 6   | 584,766,948,588,770,952             | 26.76    |
| 15  | 80         | 10000000 | 2500000   | 117648   | 1048576 | 2     | 4    | io_uring | 12        | 16  | decrease  | asc         | desc       | 64         | 2.26                         | 2.86                   | 6   | 33162,33351,33540,33166,33355,33544 | 26.55    |
| 2   | 80         | 10000000 | 1250000   | 117648   | 4       | 2048  | 8    | worker   | 12        | 16  | increase  | desc        | desc       | 512        | 4.32                         | 5.46                   | 6   | 2796,2978,3160,2800,2982,3164       | 26.39    |
| 3   | 80         | 10000000 | 1250000   | 117648   | 4       | 2048  | 8    | io_uring | 12        | 16  | decrease  | asc         | desc       | 128        | 1.83                         | 2.31                   | 6   | 6058,6240,6422,6062,6244,6426       | 26.23    |
| 15  | 80         | 10000000 | 2500000   | 117648   | 1048576 | 2     | 4    | worker   | 12        | 16  | decrease  | asc         | asc        | 256        | 4.1                          | 5.16                   | 6   | 31475,31664,31853,31479,31668,31857 | 25.85    |
| 9   | 80         | 10000000 | 10000000  | 117648   | 16      | 32    | 1    | io_uring | 12        | 16  | increase  | asc         | asc        | 2          | 0.28                         | 0.35                   | 6   | 18364,18567,18770,18368,18571,18774 | 25.0     |
| 5   | 60         | 10000000 | 625000    | 156250   | 1048576 | 128   | 16   | worker   | 12        | 16  | increase  | asc         | asc        | 32         | 1.77                         | 2.21                   | 6   | 8774,8949,9124,8778,8953,9128       | 24.86    |
| 8   | 60         | 10000000 | 625000    | 156250   | 1048576 | 128   | 16   | worker   | 12        | 16  | decrease  | desc        | desc       | 16         | 1.87                         | 2.33                   | 6   | 15592,15767,15942,15596,15771,15946 | 24.6     |
| 1   | 80         | 10000000 | 1250000   | 117648   | 4       | 2048  | 8    | worker   | 12        | 16  | increase  | asc         | desc       | 8          | 1.16                         | 1.44                   | 6   | 570,752,934,574,756,938             | 24.14    |
| 10  | 80         | 10000000 | 10000000  | 117648   | 16      | 32    | 1    | worker   | 12        | 16  | increase  | desc        | desc       | 32         | 0.29                         | 0.36                   | 6   | 20219,20422,20625,20223,20426,20629 | 24.14    |
| 13  | 80         | 10000000 | 2500000   | 117648   | 1048576 | 2     | 4    | io_uring | 12        | 16  | increase  | asc         | asc        | 512        | 5.48                         | 6.8                    | 6   | 28080,28269,28458,28084,28273,28462 | 24.09    |
| 16  | 80         | 10000000 | 2500000   | 117648   | 1048576 | 2     | 4    | worker   | 12        | 16  | decrease  | desc        | desc       | 256        | 3.54                         | 4.39                   | 6   | 34310,34499,34688,34314,34503,34692 | 24.01    |
| 12  | 80         | 10000000 | 10000000  | 117648   | 16      | 32    | 1    | io_uring | 12        | 16  | decrease  | desc        | desc       | 8          | 0.25                         | 0.31                   | 6   | 26295,26498,26701,26299,26502,26705 | 24.0     |
| 4   | 80         | 10000000 | 1250000   | 117648   | 4       | 2048  | 8    | worker   | 12        | 16  | decrease  | desc        | desc       | 8          | 1.05                         | 1.3                    | 6   | 7122,7304,7486,7126,7308,7490       | 23.81    |
| 2   | 80         | 10000000 | 1250000   | 117648   | 4       | 2048  | 8    | worker   | 12        | 16  | increase  | desc        | desc       | 32         | 1.11                         | 1.37                   | 6   | 2768,2950,3132,2772,2954,3136       | 23.42    |
| 16  | 80         | 10000000 | 2500000   | 117648   | 1048576 | 2     | 4    | io_uring | 12        | 16  | decrease  | desc        | desc       | 128        | 3.9                          | 4.81                   | 6   | 35437,35626,35815,35441,35630,35819 | 23.33    |
| 3   | 80         | 10000000 | 1250000   | 117648   | 4       | 2048  | 8    | io_uring | 12        | 16  | decrease  | asc         | desc       | 8192       | 20.03                        | 24.68                  | 6   | 6100,6282,6464,6104,6286,6468       | 23.22    |
| 10  | 80         | 10000000 | 10000000  | 117648   | 16      | 32    | 1    | worker   | 12        | 16  | increase  | desc        | desc       | 8          | 0.26                         | 0.32                   | 6   | 20205,20408,20611,20209,20412,20615 | 23.08    |
| 11  | 80         | 10000000 | 10000000  | 117648   | 16      | 32    | 1    | worker   | 12        | 16  | decrease  | asc         | asc        | 64         | 0.26                         | 0.32                   | 6   | 22053,22256,22459,22057,22260,22463 | 23.08    |
| 11  | 80         | 10000000 | 10000000  | 117648   | 16      | 32    | 1    | worker   | 12        | 16  | decrease  | asc         | desc       | 8          | 0.26                         | 0.32                   | 6   | 22641,22844,23047,22645,22848,23051 | 23.08    |
| 1   | 80         | 10000000 | 1250000   | 117648   | 4       | 2048  | 8    | io_uring | 12        | 16  | increase  | asc         | desc       | 64         | 1.48                         | 1.82                   | 6   | 1683,1865,2047,1687,1869,2051       | 22.97    |
| 10  | 80         | 10000000 | 10000000  | 117648   | 16      | 32    | 1    | io_uring | 12        | 16  | increase  | desc        | asc        | 4096       | 1.53                         | 1.88                   | 6   | 20877,21080,21283,20881,21084,21287 | 22.88    |
| 6   | 60         | 10000000 | 625000    | 156250   | 1048576 | 128   | 16   | io_uring | 12        | 16  | increase  | desc        | desc       | 64         | 2.77                         | 3.4                    | 6   | 12456,12631,12806,12460,12635,12810 | 22.74    |
| 12  | 80         | 10000000 | 10000000  | 117648   | 16      | 32    | 1    | worker   | 12        | 16  | decrease  | desc        | asc        | 8          | 0.22                         | 0.27                   | 6   | 24468,24671,24874,24472,24675,24878 | 22.73    |
| 4   | 80         | 10000000 | 1250000   | 117648   | 4       | 2048  | 8    | worker   | 12        | 16  | decrease  | desc        | asc        | 16         | 1.15                         | 1.41                   | 6   | 6583,6765,6947,6587,6769,6951       | 22.61    |
| 6   | 60         | 10000000 | 625000    | 156250   | 1048576 | 128   | 16   | io_uring | 12        | 16  | increase  | desc        | desc       | 8          | 1.21                         | 1.48                   | 6   | 12435,12610,12785,12439,12614,12789 | 22.31    |
| 3   | 80         | 10000000 | 1250000   | 117648   | 4       | 2048  | 8    | worker   | 12        | 16  | decrease  | asc         | desc       | 506072     | 1072.93                      | 1311.97                | 6   | 5057,5239,5421,5061,5243,5425       | 22.28    |
| 5   | 60         | 10000000 | 625000    | 156250   | 1048576 | 128   | 16   | io_uring | 12        | 16  | increase  | asc         | desc       | 1          | 0.36                         | 0.44                   | 6   | 10314,10489,10664,10318,10493,10668 | 22.22    |
| 11  | 80         | 10000000 | 10000000  | 117648   | 16      | 32    | 1    | io_uring | 12        | 16  | decrease  | asc         | desc       | 8          | 0.27                         | 0.33                   | 6   | 23859,24062,24265,23863,24066,24269 | 22.22    |
| 13  | 80         | 10000000 | 2500000   | 117648   | 1048576 | 2     | 4    | io_uring | 12        | 16  | increase  | asc         | asc        | 1          | 0.27                         | 0.33                   | 6   | 28017,28206,28395,28021,28210,28399 | 22.22    |
| 3   | 80         | 10000000 | 1250000   | 117648   | 4       | 2048  | 8    | worker   | 12        | 16  | decrease  | asc         | desc       | 1131072    | 2379.79                      | 2907.97                | 6   | 5092,5274,5456,5096,5278,5460       | 22.19    |
| 2   | 80         | 10000000 | 1250000   | 117648   | 4       | 2048  | 8    | io_uring | 12        | 16  | increase  | desc        | desc       | 4096       | 17.09                        | 20.83                  | 6   | 3909,4091,4273,3913,4095,4277       | 21.88    |
| 3   | 80         | 10000000 | 1250000   | 117648   | 4       | 2048  | 8    | io_uring | 12        | 16  | decrease  | asc         | desc       | 512        | 2.55                         | 3.09                   | 6   | 6072,6254,6436,6076,6258,6440       | 21.18    |
| 15  | 80         | 10000000 | 2500000   | 117648   | 1048576 | 2     | 4    | io_uring | 12        | 16  | decrease  | asc         | asc        | 16         | 0.9                          | 1.09                   | 6   | 32581,32770,32959,32585,32774,32963 | 21.11    |
| 3   | 80         | 10000000 | 1250000   | 117648   | 4       | 2048  | 8    | io_uring | 12        | 16  | decrease  | asc         | asc        | 16         | 1.09                         | 1.32                   | 6   | 5491,5673,5855,5495,5677,5859       | 21.1     |
| 2   | 80         | 10000000 | 1250000   | 117648   | 4       | 2048  | 8    | io_uring | 12        | 16  | increase  | desc        | asc        | 756072     | 1681.9                       | 2030.81                | 6   | 3433,3615,3797,3437,3619,3801       | 20.74    |
| 17  | 20         | 10000000 | 2500000   | 476191   | 4194304 | 128   | 4    | io_uring | 12        | 16  | increase  | asc         | asc        | 8          | 1.64                         | 1.98                   | 6   | 37110,37299,37488,37114,37303,37492 | 20.73    |
| 2   | 80         | 10000000 | 1250000   | 117648   | 4       | 2048  | 8    | io_uring | 12        | 16  | increase  | desc        | asc        | 1006072    | 2221.64                      | 2681.33                | 6   | 3447,3629,3811,3451,3633,3815       | 20.69    |
| 1   | 80         | 10000000 | 1250000   | 117648   | 4       | 2048  | 8    | worker   | 12        | 16  | increase  | asc         | asc        | 256        | 1.99                         | 2.4                    | 6   | 59,241,423,63,245,427               | 20.6     |
| 9   | 80         | 10000000 | 10000000  | 117648   | 16      | 32    | 1    | worker   | 12        | 16  | increase  | asc         | asc        | 128        | 0.34                         | 0.41                   | 6   | 17188,17391,17594,17192,17395,17598 | 20.59    |
| 6   | 60         | 10000000 | 625000    | 156250   | 1048576 | 128   | 16   | io_uring | 12        | 16  | increase  | desc        | asc        | 128        | 5.15                         | 6.21                   | 6   | 11938,12113,12288,11942,12117,12292 | 20.58    |
| 12  | 80         | 10000000 | 10000000  | 117648   | 16      | 32    | 1    | worker   | 12        | 16  | decrease  | desc        | desc       | 1048576    | 101.05                       | 121.77                 | 6   | 25196,25399,25602,25200,25403,25606 | 20.5     |
| 7   | 60         | 10000000 | 625000    | 156250   | 1048576 | 128   | 16   | io_uring | 12        | 16  | decrease  | asc         | desc       | 4          | 0.74                         | 0.89                   | 6   | 14528,14703,14878,14532,14707,14882 | 20.27    |
| 8   | 60         | 10000000 | 625000    | 156250   | 1048576 | 128   | 16   | io_uring | 12        | 16  | decrease  | desc        | desc       | 4          | 0.79                         | 0.95                   | 6   | 16628,16803,16978,16632,16807,16982 | 20.25    |
| 2   | 80         | 10000000 | 1250000   | 117648   | 4       | 2048  | 8    | worker   | 12        | 16  | increase  | desc        | asc        | 506072     | 1098.66                      | 1321.13                | 6   | 2327,2509,2691,2331,2513,2695       | 20.25    |
| 3   | 80         | 10000000 | 1250000   | 117648   | 4       | 2048  | 8    | io_uring | 12        | 16  | decrease  | asc         | desc       | 756072     | 1739.9                       | 2087.83                | 6   | 6163,6345,6527,6167,6349,6531       | 20.0     |
| 4   | 80         | 10000000 | 1250000   | 117648   | 4       | 2048  | 8    | io_uring | 12        | 16  | decrease  | desc        | desc       | 128        | 1.46                         | 1.75                   | 6   | 8242,8424,8606,8246,8428,8610       | 19.86    |
| 14  | 80         | 10000000 | 2500000   | 117648   | 1048576 | 2     | 4    | io_uring | 12        | 16  | increase  | desc        | asc        | 1024       | 9.58                         | 11.48                  | 6   | 30355,30544,30733,30359,30548,30737 | 19.83    |
| 3   | 80         | 10000000 | 1250000   | 117648   | 4       | 2048  | 8    | worker   | 12        | 16  | decrease  | asc         | asc        | 128        | 1.74                         | 2.08                   | 6   | 4420,4602,4784,4424,4606,4788       | 19.54    |
| 14  | 80         | 10000000 | 2500000   | 117648   | 1048576 | 2     | 4    | io_uring | 12        | 16  | increase  | desc        | desc       | 1024       | 7.66                         | 9.12                   | 6   | 30922,31111,31300,30926,31115,31304 | 19.06    |
| 12  | 80         | 10000000 | 10000000  | 117648   | 16      | 32    | 1    | worker   | 12        | 16  | decrease  | desc        | asc        | 2          | 0.21                         | 0.25                   | 6   | 24454,24657,24860,24458,24661,24864 | 19.05    |
| 15  | 80         | 10000000 | 2500000   | 117648   | 1048576 | 2     | 4    | io_uring | 12        | 16  | decrease  | asc         | desc       | 32         | 1.53                         | 1.82                   | 6   | 33155,33344,33533,33159,33348,33537 | 18.95    |
| 18  | 20         | 10000000 | 2500000   | 476191   | 4194304 | 128   | 4    | worker   | 12        | 16  | increase  | desc        | asc        | 512        | 15.52                        | 18.44                  | 6   | 38286,38475,38664,38290,38479,38668 | 18.81    |
| 13  | 80         | 10000000 | 2500000   | 117648   | 1048576 | 2     | 4    | io_uring | 12        | 16  | increase  | asc         | asc        | 1024       | 7.74                         | 9.19                   | 6   | 28087,28276,28465,28091,28280,28469 | 18.73    |
| 3   | 80         | 10000000 | 1250000   | 117648   | 4       | 2048  | 8    | io_uring | 12        | 16  | decrease  | asc         | asc        | 4          | 0.86                         | 1.02                   | 6   | 5477,5659,5841,5481,5663,5845       | 18.6     |
| 9   | 80         | 10000000 | 10000000  | 117648   | 16      | 32    | 1    | worker   | 12        | 16  | increase  | asc         | desc       | 1          | 0.27                         | 0.32                   | 6   | 17748,17951,18154,17752,17955,18158 | 18.52    |
| 12  | 80         | 10000000 | 10000000  | 117648   | 16      | 32    | 1    | io_uring | 12        | 16  | decrease  | desc        | asc        | 1          | 0.27                         | 0.32                   | 6   | 25665,25868,26071,25669,25872,26075 | 18.52    |
| 3   | 80         | 10000000 | 1250000   | 117648   | 4       | 2048  | 8    | worker   | 12        | 16  | decrease  | asc         | desc       | 128        | 1.63                         | 1.93                   | 6   | 4966,5148,5330,4970,5152,5334       | 18.4     |
| 14  | 80         | 10000000 | 2500000   | 117648   | 1048576 | 2     | 4    | io_uring | 12        | 16  | increase  | desc        | asc        | 256        | 4.63                         | 5.48                   | 6   | 30341,30530,30719,30345,30534,30723 | 18.36    |
| 6   | 60         | 10000000 | 625000    | 156250   | 1048576 | 128   | 16   | io_uring | 12        | 16  | increase  | desc        | desc       | 256        | 4.65                         | 5.5                    | 6   | 12470,12645,12820,12474,12649,12824 | 18.28    |
| 7   | 60         | 10000000 | 625000    | 156250   | 1048576 | 128   | 16   | io_uring | 12        | 16  | decrease  | asc         | desc       | 8          | 1.26                         | 1.49                   | 6   | 14535,14710,14885,14539,14714,14889 | 18.25    |
| 10  | 80         | 10000000 | 10000000  | 117648   | 16      | 32    | 1    | worker   | 12        | 16  | increase  | desc        | asc        | 256        | 0.33                         | 0.39                   | 6   | 19631,19834,20037,19635,19838,20041 | 18.18    |
| 14  | 80         | 10000000 | 2500000   | 117648   | 1048576 | 2     | 4    | io_uring | 12        | 16  | increase  | desc        | desc       | 512        | 6.29                         | 7.43                   | 6   | 30915,31104,31293,30919,31108,31297 | 18.12    |
| 3   | 80         | 10000000 | 1250000   | 117648   | 4       | 2048  | 8    | worker   | 12        | 16  | decrease  | asc         | desc       | 1024       | 4.25                         | 5.02                   | 6   | 4987,5169,5351,4991,5173,5355       | 18.12    |
| 2   | 80         | 10000000 | 1250000   | 117648   | 4       | 2048  | 8    | io_uring | 12        | 16  | increase  | desc        | asc        | 256072     | 587.06                       | 693.1                  | 6   | 3405,3587,3769,3409,3591,3773       | 18.06    |
| 15  | 80         | 10000000 | 2500000   | 117648   | 1048576 | 2     | 4    | io_uring | 12        | 16  | decrease  | asc         | desc       | 16         | 0.89                         | 1.05                   | 6   | 33148,33337,33526,33152,33341,33530 | 17.98    |
| 12  | 80         | 10000000 | 10000000  | 117648   | 16      | 32    | 1    | io_uring | 12        | 16  | decrease  | desc        | desc       | 256        | 0.39                         | 0.46                   | 6   | 26330,26533,26736,26334,26537,26740 | 17.95    |
| 11  | 80         | 10000000 | 10000000  | 117648   | 16      | 32    | 1    | io_uring | 12        | 16  | decrease  | asc         | desc       | 16         | 0.28                         | 0.33                   | 6   | 23866,24069,24272,23870,24073,24276 | 17.86    |
| 2   | 80         | 10000000 | 1250000   | 117648   | 4       | 2048  | 8    | io_uring | 12        | 16  | increase  | desc        | asc        | 8          | 1.13                         | 1.33                   | 6   | 3300,3482,3664,3304,3486,3668       | 17.7     |
| 15  | 80         | 10000000 | 2500000   | 117648   | 1048576 | 2     | 4    | io_uring | 12        | 16  | decrease  | asc         | asc        | 2          | 0.34                         | 0.4                    | 6   | 32560,32749,32938,32564,32753,32942 | 17.65    |
| 17  | 20         | 10000000 | 2500000   | 476191   | 4194304 | 128   | 4    | worker   | 12        | 16  | increase  | asc         | asc        | 64         | 8.38                         | 9.84                   | 6   | 35997,36186,36375,36001,36190,36379 | 17.42    |
| 9   | 80         | 10000000 | 10000000  | 117648   | 16      | 32    | 1    | worker   | 12        | 16  | increase  | asc         | asc        | 4          | 0.23                         | 0.27                   | 6   | 17153,17356,17559,17157,17360,17563 | 17.39    |
| 3   | 80         | 10000000 | 1250000   | 117648   | 4       | 2048  | 8    | worker   | 12        | 16  | decrease  | asc         | desc       | 4096       | 10.9                         | 12.78                  | 6   | 5001,5183,5365,5005,5187,5369       | 17.25    |
| 12  | 80         | 10000000 | 10000000  | 117648   | 16      | 32    | 1    | io_uring | 12        | 16  | decrease  | desc        | desc       | 1024       | 0.58                         | 0.68                   | 6   | 26344,26547,26750,26348,26551,26754 | 17.24    |
| 16  | 80         | 10000000 | 2500000   | 117648   | 1048576 | 2     | 4    | worker   | 12        | 16  | decrease  | desc        | desc       | 2          | 0.35                         | 0.41                   | 6   | 34261,34450,34639,34265,34454,34643 | 17.14    |
| 4   | 80         | 10000000 | 1250000   | 117648   | 4       | 2048  | 8    | io_uring | 12        | 16  | decrease  | desc        | desc       | 256072     | 374.94                       | 439.21                 | 6   | 8319,8501,8683,8323,8505,8687       | 17.14    |
| 1   | 80         | 10000000 | 1250000   | 117648   | 4       | 2048  | 8    | io_uring | 12        | 16  | increase  | asc         | asc        | 2048       | 4.04                         | 4.73                   | 6   | 1172,1354,1536,1176,1358,1540       | 17.08    |
| 16  | 80         | 10000000 | 2500000   | 117648   | 1048576 | 2     | 4    | worker   | 12        | 16  | decrease  | desc        | asc        | 128        | 3.31                         | 3.87                   | 6   | 33736,33925,34114,33740,33929,34118 | 16.92    |
| 8   | 60         | 10000000 | 625000    | 156250   | 1048576 | 128   | 16   | worker   | 12        | 16  | decrease  | desc        | desc       | 128        | 2.98                         | 3.48                   | 6   | 15613,15788,15963,15617,15792,15967 | 16.78    |
| 6   | 60         | 10000000 | 625000    | 156250   | 1048576 | 128   | 16   | worker   | 12        | 16  | increase  | desc        | desc       | 256        | 4.18                         | 4.88                   | 6   | 11420,11595,11770,11424,11599,11774 | 16.75    |
| 4   | 80         | 10000000 | 1250000   | 117648   | 4       | 2048  | 8    | io_uring | 12        | 16  | decrease  | desc        | desc       | 2          | 0.72                         | 0.84                   | 6   | 8200,8382,8564,8204,8386,8568       | 16.67    |
| 16  | 80         | 10000000 | 2500000   | 117648   | 1048576 | 2     | 4    | worker   | 12        | 16  | decrease  | desc        | asc        | 512        | 3.72                         | 4.34                   | 6   | 33750,33939,34128,33754,33943,34132 | 16.67    |
| 17  | 20         | 10000000 | 2500000   | 476191   | 4194304 | 128   | 4    | io_uring | 12        | 16  | increase  | asc         | desc       | 256        | 14.05                        | 16.39                  | 6   | 37712,37901,38090,37716,37905,38094 | 16.65    |
| 15  | 80         | 10000000 | 2500000   | 117648   | 1048576 | 2     | 4    | io_uring | 12        | 16  | decrease  | asc         | asc        | 32         | 1.69                         | 1.97                   | 6   | 32588,32777,32966,32592,32781,32970 | 16.57    |
| 5   | 60         | 10000000 | 625000    | 156250   | 1048576 | 128   | 16   | worker   | 12        | 16  | increase  | asc         | desc       | 32         | 2.38                         | 2.77                   | 6   | 9299,9474,9649,9303,9478,9653       | 16.39    |
| 1   | 80         | 10000000 | 1250000   | 117648   | 4       | 2048  | 8    | io_uring | 12        | 16  | increase  | asc         | asc        | 1024       | 3.16                         | 3.67                   | 6   | 1165,1347,1529,1169,1351,1533       | 16.14    |
| 2   | 80         | 10000000 | 1250000   | 117648   | 4       | 2048  | 8    | worker   | 12        | 16  | increase  | desc        | asc        | 2048       | 6.62                         | 7.66                   | 6   | 2264,2446,2628,2268,2450,2632       | 15.71    |
| 2   | 80         | 10000000 | 1250000   | 117648   | 4       | 2048  | 8    | io_uring | 12        | 16  | increase  | desc        | asc        | 2048       | 6.76                         | 7.82                   | 6   | 3356,3538,3720,3360,3542,3724       | 15.68    |
| 16  | 80         | 10000000 | 2500000   | 117648   | 1048576 | 2     | 4    | io_uring | 12        | 16  | decrease  | desc        | asc        | 2          | 0.32                         | 0.37                   | 6   | 34828,35017,35206,34832,35021,35210 | 15.62    |
| 14  | 80         | 10000000 | 2500000   | 117648   | 1048576 | 2     | 4    | io_uring | 12        | 16  | increase  | desc        | desc       | 64         | 3.23                         | 3.73                   | 6   | 30894,31083,31272,30898,31087,31276 | 15.48    |
| 13  | 80         | 10000000 | 2500000   | 117648   | 1048576 | 2     | 4    | io_uring | 12        | 16  | increase  | asc         | asc        | 32         | 1.68                         | 1.94                   | 6   | 28052,28241,28430,28056,28245,28434 | 15.48    |
| 1   | 80         | 10000000 | 1250000   | 117648   | 4       | 2048  | 8    | io_uring | 12        | 16  | increase  | asc         | asc        | 64         | 1.36                         | 1.57                   | 6   | 1137,1319,1501,1141,1323,1505       | 15.44    |
| 17  | 20         | 10000000 | 2500000   | 476191   | 4194304 | 128   | 4    | io_uring | 12        | 16  | increase  | asc         | asc        | 512        | 17.6                         | 20.31                  | 6   | 37152,37341,37530,37156,37345,37534 | 15.4     |
| 11  | 80         | 10000000 | 10000000  | 117648   | 16      | 32    | 1    | worker   | 12        | 16  | decrease  | asc         | asc        | 16         | 0.26                         | 0.3                    | 6   | 22039,22242,22445,22043,22246,22449 | 15.38    |
| 9   | 80         | 10000000 | 10000000  | 117648   | 16      | 32    | 1    | worker   | 12        | 16  | increase  | asc         | asc        | 7048576    | 574.15                       | 662.37                 | 6   | 17321,17524,17727,17325,17528,17731 | 15.37    |
| 5   | 60         | 10000000 | 625000    | 156250   | 1048576 | 128   | 16   | io_uring | 12        | 16  | increase  | asc         | asc        | 16         | 2.29                         | 2.64                   | 6   | 9817,9992,10167,9821,9996,10171     | 15.28    |
| 14  | 80         | 10000000 | 2500000   | 117648   | 1048576 | 2     | 4    | io_uring | 12        | 16  | increase  | desc        | asc        | 2          | 0.33                         | 0.38                   | 6   | 30292,30481,30670,30296,30485,30674 | 15.15    |
| 3   | 80         | 10000000 | 1250000   | 117648   | 4       | 2048  | 8    | worker   | 12        | 16  | decrease  | asc         | desc       | 4          | 0.93                         | 1.07                   | 6   | 4931,5113,5295,4935,5117,5299       | 15.05    |
| 8   | 60         | 10000000 | 625000    | 156250   | 1048576 | 128   | 16   | io_uring | 12        | 16  | decrease  | desc        | desc       | 128        | 3.4                          | 3.91                   | 6   | 16663,16838,17013,16667,16842,17017 | 15.0     |
| 1   | 80         | 10000000 | 1250000   | 117648   | 4       | 2048  | 8    | io_uring | 12        | 16  | increase  | asc         | desc       | 2          | 0.8                          | 0.92                   | 6   | 1648,1830,2012,1652,1834,2016       | 15.0     |
| 3   | 80         | 10000000 | 1250000   | 117648   | 4       | 2048  | 8    | io_uring | 12        | 16  | decrease  | asc         | desc       | 2048       | 6.41                         | 7.36                   | 6   | 6086,6268,6450,6090,6272,6454       | 14.82    |
| 10  | 80         | 10000000 | 10000000  | 117648   | 16      | 32    | 1    | io_uring | 12        | 16  | increase  | desc        | asc        | 64         | 0.34                         | 0.39                   | 6   | 20835,21038,21241,20839,21042,21245 | 14.71    |
| 4   | 80         | 10000000 | 1250000   | 117648   | 4       | 2048  | 8    | io_uring | 12        | 16  | decrease  | desc        | desc       | 1          | 0.55                         | 0.63                   | 6   | 8193,8375,8557,8197,8379,8561       | 14.55    |
| 9   | 80         | 10000000 | 10000000  | 117648   | 16      | 32    | 1    | io_uring | 12        | 16  | increase  | asc         | asc        | 2048576    | 174.57                       | 199.91                 | 6   | 18504,18707,18910,18508,18711,18914 | 14.52    |
| 12  | 80         | 10000000 | 10000000  | 117648   | 16      | 32    | 1    | io_uring | 12        | 16  | decrease  | desc        | desc       | 64         | 0.35                         | 0.4                    | 6   | 26316,26519,26722,26320,26523,26726 | 14.29    |
| 11  | 80         | 10000000 | 10000000  | 117648   | 16      | 32    | 1    | worker   | 12        | 16  | decrease  | asc         | desc       | 32         | 0.28                         | 0.32                   | 6   | 22655,22858,23061,22659,22862,23065 | 14.29    |
| 1   | 80         | 10000000 | 1250000   | 117648   | 4       | 2048  | 8    | io_uring | 12        | 16  | increase  | asc         | asc        | 8          | 1.2                          | 1.37                   | 6   | 1116,1298,1480,1120,1302,1484       | 14.17    |
| 16  | 80         | 10000000 | 2500000   | 117648   | 1048576 | 2     | 4    | io_uring | 12        | 16  | decrease  | desc        | asc        | 512        | 5.47                         | 6.24                   | 6   | 34884,35073,35262,34888,35077,35266 | 14.08    |
| 12  | 80         | 10000000 | 10000000  | 117648   | 16      | 32    | 1    | worker   | 12        | 16  | decrease  | desc        | asc        | 512        | 0.5                          | 0.57                   | 6   | 24510,24713,24916,24514,24717,24920 | 14.0     |
| 9   | 80         | 10000000 | 10000000  | 117648   | 16      | 32    | 1    | io_uring | 12        | 16  | increase  | asc         | desc       | 16         | 0.29                         | 0.33                   | 6   | 18994,19197,19400,18998,19201,19404 | 13.79    |
| 7   | 60         | 10000000 | 625000    | 156250   | 1048576 | 128   | 16   | io_uring | 12        | 16  | decrease  | asc         | desc       | 16         | 2.25                         | 2.56                   | 6   | 14542,14717,14892,14546,14721,14896 | 13.78    |
| 13  | 80         | 10000000 | 2500000   | 117648   | 1048576 | 2     | 4    | io_uring | 12        | 16  | increase  | asc         | desc       | 2048       | 13.32                        | 15.14                  | 6   | 28661,28850,29039,28665,28854,29043 | 13.66    |
| 15  | 80         | 10000000 | 2500000   | 117648   | 1048576 | 2     | 4    | io_uring | 12        | 16  | decrease  | asc         | asc        | 64         | 2.71                         | 3.08                   | 6   | 32595,32784,32973,32599,32788,32977 | 13.65    |
| 2   | 80         | 10000000 | 1250000   | 117648   | 4       | 2048  | 8    | io_uring | 12        | 16  | increase  | desc        | asc        | 2          | 0.81                         | 0.92                   | 6   | 3286,3468,3650,3290,3472,3654       | 13.58    |
| 6   | 60         | 10000000 | 625000    | 156250   | 1048576 | 128   | 16   | worker   | 12        | 16  | increase  | desc        | asc        | 32         | 2.29                         | 2.6                    | 6   | 10874,11049,11224,10878,11053,11228 | 13.54    |
| 11  | 80         | 10000000 | 10000000  | 117648   | 16      | 32    | 1    | worker   | 12        | 16  | decrease  | asc         | desc       | 128        | 0.37                         | 0.42                   | 6   | 22669,22872,23075,22673,22876,23079 | 13.51    |
| 9   | 80         | 10000000 | 10000000  | 117648   | 16      | 32    | 1    | io_uring | 12        | 16  | increase  | asc         | asc        | 524288     | 49.43                        | 56.09                  | 6   | 18490,18693,18896,18494,18697,18900 | 13.47    |
| 8   | 60         | 10000000 | 625000    | 156250   | 1048576 | 128   | 16   | worker   | 12        | 16  | decrease  | desc        | desc       | 64         | 2.31                         | 2.62                   | 6   | 15606,15781,15956,15610,15785,15960 | 13.42    |
| 7   | 60         | 10000000 | 625000    | 156250   | 1048576 | 128   | 16   | io_uring | 12        | 16  | decrease  | asc         | asc        | 128        | 3.44                         | 3.9                    | 6   | 14038,14213,14388,14042,14217,14392 | 13.37    |
| 10  | 80         | 10000000 | 10000000  | 117648   | 16      | 32    | 1    | worker   | 12        | 16  | increase  | desc        | asc        | 512        | 0.53                         | 0.6                    | 6   | 19638,19841,20044,19642,19845,20048 | 13.21    |
| 9   | 80         | 10000000 | 10000000  | 117648   | 16      | 32    | 1    | io_uring | 12        | 16  | increase  | asc         | asc        | 9048576    | 778.59                       | 881.32                 | 6   | 18553,18756,18959,18557,18760,18963 | 13.19    |
| 7   | 60         | 10000000 | 625000    | 156250   | 1048576 | 128   | 16   | io_uring | 12        | 16  | decrease  | asc         | asc        | 1          | 0.38                         | 0.43                   | 6   | 13989,14164,14339,13993,14168,14343 | 13.16    |
| 12  | 80         | 10000000 | 10000000  | 117648   | 16      | 32    | 1    | io_uring | 12        | 16  | decrease  | desc        | desc       | 7048576    | 603.54                       | 682.56                 | 6   | 26456,26659,26862,26460,26663,26866 | 13.09    |
| 10  | 80         | 10000000 | 10000000  | 117648   | 16      | 32    | 1    | worker   | 12        | 16  | increase  | desc        | asc        | 524288     | 120.87                       | 136.45                 | 6   | 19708,19911,20114,19712,19915,20118 | 12.89    |
| 9   | 80         | 10000000 | 10000000  | 117648   | 16      | 32    | 1    | io_uring | 12        | 16  | increase  | asc         | asc        | 1048576    | 94.49                        | 106.66                 | 6   | 18497,18700,18903,18501,18704,18907 | 12.88    |
| 15  | 80         | 10000000 | 2500000   | 117648   | 1048576 | 2     | 4    | worker   | 12        | 16  | decrease  | asc         | desc       | 4          | 0.39                         | 0.44                   | 6   | 32000,32189,32378,32004,32193,32382 | 12.82    |
| 12  | 80         | 10000000 | 10000000  | 117648   | 16      | 32    | 1    | io_uring | 12        | 16  | decrease  | desc        | desc       | 2048576    | 174.58                       | 196.93                 | 6   | 26421,26624,26827,26425,26628,26831 | 12.8     |
| 12  | 80         | 10000000 | 10000000  | 117648   | 16      | 32    | 1    | worker   | 12        | 16  | decrease  | desc        | desc       | 4048576    | 417.48                       | 470.74                 | 6   | 25217,25420,25623,25221,25424,25627 | 12.76    |
| 3   | 80         | 10000000 | 1250000   | 117648   | 4       | 2048  | 8    | io_uring | 12        | 16  | decrease  | asc         | asc        | 8          | 1.02                         | 1.15                   | 6   | 5484,5666,5848,5488,5670,5852       | 12.75    |
| 3   | 80         | 10000000 | 1250000   | 117648   | 4       | 2048  | 8    | worker   | 12        | 16  | decrease  | asc         | desc       | 256        | 2.13                         | 2.4                    | 6   | 4973,5155,5337,4977,5159,5341       | 12.68    |
| 18  | 20         | 10000000 | 2500000   | 476191   | 4194304 | 128   | 4    | worker   | 12        | 16  | increase  | desc        | desc       | 16         | 2.85                         | 3.21                   | 4   | 38818,39007,38822,39011             | 12.63    |
| 9   | 80         | 10000000 | 10000000  | 117648   | 16      | 32    | 1    | io_uring | 12        | 16  | increase  | asc         | asc        | 6048576    | 524.3                        | 590.38                 | 6   | 18532,18735,18938,18536,18739,18942 | 12.6     |
| 2   | 80         | 10000000 | 1250000   | 117648   | 4       | 2048  | 8    | io_uring | 12        | 16  | increase  | desc        | asc        | 8192       | 21.75                        | 24.49                  | 6   | 3370,3552,3734,3374,3556,3738       | 12.6     |
| 15  | 80         | 10000000 | 2500000   | 117648   | 1048576 | 2     | 4    | worker   | 12        | 16  | decrease  | asc         | asc        | 64         | 2.63                         | 2.96                   | 6   | 31461,31650,31839,31465,31654,31843 | 12.55    |
| 10  | 80         | 10000000 | 10000000  | 117648   | 16      | 32    | 1    | worker   | 12        | 16  | increase  | desc        | desc       | 2          | 0.24                         | 0.27                   | 6   | 20191,20394,20597,20195,20398,20601 | 12.5     |
| 11  | 80         | 10000000 | 10000000  | 117648   | 16      | 32    | 1    | io_uring | 12        | 16  | decrease  | asc         | desc       | 2          | 0.24                         | 0.27                   | 6   | 23845,24048,24251,23849,24052,24255 | 12.5     |
| 5   | 60         | 10000000 | 625000    | 156250   | 1048576 | 128   | 16   | io_uring | 12        | 16  | increase  | asc         | desc       | 8          | 1.36                         | 1.53                   | 6   | 10335,10510,10685,10339,10514,10689 | 12.5     |
| 17  | 20         | 10000000 | 2500000   | 476191   | 4194304 | 128   | 4    | worker   | 12        | 16  | increase  | asc         | asc        | 1          | 0.32                         | 0.36                   | 6   | 35955,36144,36333,35959,36148,36337 | 12.5     |
| 8   | 60         | 10000000 | 625000    | 156250   | 1048576 | 128   | 16   | io_uring | 12        | 16  | decrease  | desc        | asc        | 256        | 8.31                         | 9.34                   | 6   | 16145,16320,16495,16149,16324,16499 | 12.39    |
| 9   | 80         | 10000000 | 10000000  | 117648   | 16      | 32    | 1    | worker   | 12        | 16  | increase  | asc         | asc        | 16384      | 3.0                          | 3.37                   | 6   | 17237,17440,17643,17241,17444,17647 | 12.33    |
| 1   | 80         | 10000000 | 1250000   | 117648   | 4       | 2048  | 8    | io_uring | 12        | 16  | increase  | asc         | asc        | 128        | 1.55                         | 1.74                   | 6   | 1144,1326,1508,1148,1330,1512       | 12.26    |
| 2   | 80         | 10000000 | 1250000   | 117648   | 4       | 2048  | 8    | io_uring | 12        | 16  | increase  | desc        | asc        | 4          | 0.98                         | 1.1                    | 6   | 3293,3475,3657,3297,3479,3661       | 12.24    |
| 4   | 80         | 10000000 | 1250000   | 117648   | 4       | 2048  | 8    | io_uring | 12        | 16  | decrease  | desc        | desc       | 32         | 1.47                         | 1.65                   | 6   | 8228,8410,8592,8232,8414,8596       | 12.24    |
| 14  | 80         | 10000000 | 2500000   | 117648   | 1048576 | 2     | 4    | worker   | 12        | 16  | increase  | desc        | desc       | 4          | 0.41                         | 0.46                   | 6   | 29732,29921,30110,29736,29925,30114 | 12.2     |
| 8   | 60         | 10000000 | 625000    | 156250   | 1048576 | 128   | 16   | worker   | 12        | 16  | decrease  | desc        | asc        | 4          | 0.66                         | 0.74                   | 6   | 15053,15228,15403,15057,15232,15407 | 12.12    |
| 16  | 80         | 10000000 | 2500000   | 117648   | 1048576 | 2     | 4    | io_uring | 12        | 16  | decrease  | desc        | desc       | 2048       | 13.01                        | 14.56                  | 6   | 35465,35654,35843,35469,35658,35847 | 11.91    |
| 6   | 60         | 10000000 | 625000    | 156250   | 1048576 | 128   | 16   | worker   | 12        | 16  | increase  | desc        | desc       | 1024       | 9.76                         | 10.92                  | 6   | 11434,11609,11784,11438,11613,11788 | 11.89    |
| 4   | 80         | 10000000 | 1250000   | 117648   | 4       | 2048  | 8    | io_uring | 12        | 16  | decrease  | desc        | asc        | 8          | 1.44                         | 1.61                   | 6   | 7668,7850,8032,7672,7854,8036       | 11.81    |
| 3   | 80         | 10000000 | 1250000   | 117648   | 4       | 2048  | 8    | worker   | 12        | 16  | decrease  | asc         | desc       | 8          | 1.11                         | 1.24                   | 6   | 4938,5120,5302,4942,5124,5306       | 11.71    |
| 2   | 80         | 10000000 | 1250000   | 117648   | 4       | 2048  | 8    | worker   | 12        | 16  | increase  | desc        | asc        | 1024       | 4.63                         | 5.17                   | 6   | 2257,2439,2621,2261,2443,2625       | 11.66    |
| 13  | 80         | 10000000 | 2500000   | 117648   | 1048576 | 2     | 4    | io_uring | 12        | 16  | increase  | asc         | asc        | 4          | 0.43                         | 0.48                   | 6   | 28031,28220,28409,28035,28224,28413 | 11.63    |
| 1   | 80         | 10000000 | 1250000   | 117648   | 4       | 2048  | 8    | io_uring | 12        | 16  | increase  | asc         | asc        | 2          | 0.69                         | 0.77                   | 6   | 1102,1284,1466,1106,1288,1470       | 11.59    |
| 10  | 80         | 10000000 | 10000000  | 117648   | 16      | 32    | 1    | io_uring | 12        | 16  | increase  | desc        | asc        | 16         | 0.26                         | 0.29                   | 6   | 20821,21024,21227,20825,21028,21231 | 11.54    |
| 9   | 80         | 10000000 | 10000000  | 117648   | 16      | 32    | 1    | io_uring | 12        | 16  | increase  | asc         | asc        | 5048576    | 433.73                       | 483.48                 | 6   | 18525,18728,18931,18529,18732,18935 | 11.47    |
| 17  | 20         | 10000000 | 2500000   | 476191   | 4194304 | 128   | 4    | worker   | 12        | 16  | increase  | asc         | desc       | 512        | 22.7                         | 25.29                  | 6   | 36585,36774,36963,36589,36778,36967 | 11.41    |
| 9   | 80         | 10000000 | 10000000  | 117648   | 16      | 32    | 1    | io_uring | 12        | 16  | increase  | asc         | asc        | 262144     | 25.76                        | 28.69                  | 6   | 18483,18686,18889,18487,18690,18893 | 11.37    |
| 12  | 80         | 10000000 | 10000000  | 117648   | 16      | 32    | 1    | io_uring | 12        | 16  | decrease  | desc        | desc       | 9048576    | 775.39                       | 862.94                 | 6   | 26470,26673,26876,26474,26677,26880 | 11.29    |
| 9   | 80         | 10000000 | 10000000  | 117648   | 16      | 32    | 1    | worker   | 12        | 16  | increase  | asc         | asc        | 32768      | 5.08                         | 5.65                   | 6   | 17244,17447,17650,17248,17451,17654 | 11.22    |
| 9   | 80         | 10000000 | 10000000  | 117648   | 16      | 32    | 1    | worker   | 12        | 16  | increase  | asc         | asc        | 32         | 0.27                         | 0.3                    | 6   | 17174,17377,17580,17178,17381,17584 | 11.11    |
| 11  | 80         | 10000000 | 10000000  | 117648   | 16      | 32    | 1    | io_uring | 12        | 16  | decrease  | asc         | asc        | 8          | 0.27                         | 0.3                    | 6   | 23250,23453,23656,23254,23457,23660 | 11.11    |
| 17  | 20         | 10000000 | 2500000   | 476191   | 4194304 | 128   | 4    | worker   | 12        | 16  | increase  | asc         | asc        | 2          | 0.54                         | 0.6                    | 6   | 35962,36151,36340,35966,36155,36344 | 11.11    |
| 7   | 60         | 10000000 | 625000    | 156250   | 1048576 | 128   | 16   | io_uring | 12        | 16  | decrease  | asc         | asc        | 512        | 5.87                         | 6.52                   | 6   | 14052,14227,14402,14056,14231,14406 | 11.07    |
| 3   | 80         | 10000000 | 1250000   | 117648   | 4       | 2048  | 8    | io_uring | 12        | 16  | decrease  | asc         | desc       | 8          | 1.09                         | 1.21                   | 6   | 6030,6212,6394,6034,6216,6398       | 11.01    |
| 4   | 80         | 10000000 | 1250000   | 117648   | 4       | 2048  | 8    | worker   | 12        | 16  | decrease  | desc        | desc       | 256        | 1.82                         | 2.02                   | 6   | 7157,7339,7521,7161,7343,7525       | 10.99    |
| 7   | 60         | 10000000 | 625000    | 156250   | 1048576 | 128   | 16   | worker   | 12        | 16  | decrease  | asc         | asc        | 2          | 0.46                         | 0.51                   | 6   | 12946,13121,13296,12950,13125,13300 | 10.87    |
| 9   | 80         | 10000000 | 10000000  | 117648   | 16      | 32    | 1    | io_uring | 12        | 16  | increase  | asc         | asc        | 7048576    | 619.94                       | 687.26                 | 6   | 18539,18742,18945,18543,18746,18949 | 10.86    |
| 1   | 80         | 10000000 | 1250000   | 117648   | 4       | 2048  | 8    | worker   | 12        | 16  | increase  | asc         | asc        | 2048       | 4.8                          | 5.32                   | 6   | 80,262,444,84,266,448               | 10.83    |
| 12  | 80         | 10000000 | 10000000  | 117648   | 16      | 32    | 1    | io_uring | 12        | 16  | decrease  | desc        | desc       | 4048576    | 358.56                       | 397.35                 | 6   | 26435,26638,26841,26439,26642,26845 | 10.82    |
| 14  | 80         | 10000000 | 2500000   | 117648   | 1048576 | 2     | 4    | worker   | 12        | 16  | increase  | desc        | desc       | 32         | 1.95                         | 2.16                   | 6   | 29753,29942,30131,29757,29946,30135 | 10.77    |
| 9   | 80         | 10000000 | 10000000  | 117648   | 16      | 32    | 1    | io_uring | 12        | 16  | increase  | asc         | desc       | 1          | 0.28                         | 0.31                   | 6   | 18966,19169,19372,18970,19173,19376 | 10.71    |
| 11  | 80         | 10000000 | 10000000  | 117648   | 16      | 32    | 1    | io_uring | 12        | 16  | decrease  | asc         | desc       | 2048       | 1.03                         | 1.14                   | 6   | 23915,24118,24321,23919,24122,24325 | 10.68    |
| 12  | 80         | 10000000 | 10000000  | 117648   | 16      | 32    | 1    | io_uring | 12        | 16  | decrease  | desc        | desc       | 5048576    | 443.6                        | 490.71                 | 6   | 26442,26645,26848,26446,26649,26852 | 10.62    |
| 16  | 80         | 10000000 | 2500000   | 117648   | 1048576 | 2     | 4    | io_uring | 12        | 16  | decrease  | desc        | asc        | 32         | 1.79                         | 1.98                   | 6   | 34856,35045,35234,34860,35049,35238 | 10.61    |
| 3   | 80         | 10000000 | 1250000   | 117648   | 4       | 2048  | 8    | worker   | 12        | 16  | decrease  | asc         | desc       | 32         | 1.32                         | 1.46                   | 6   | 4952,5134,5316,4956,5138,5320       | 10.61    |
| 10  | 80         | 10000000 | 10000000  | 117648   | 16      | 32    | 1    | io_uring | 12        | 16  | increase  | desc        | desc       | 128        | 0.38                         | 0.42                   | 6   | 21451,21654,21857,21455,21658,21861 | 10.53    |
| 14  | 80         | 10000000 | 2500000   | 117648   | 1048576 | 2     | 4    | io_uring | 12        | 16  | increase  | desc        | desc       | 2048       | 15.19                        | 16.78                  | 6   | 30929,31118,31307,30933,31122,31311 | 10.47    |
| 12  | 80         | 10000000 | 10000000  | 117648   | 16      | 32    | 1    | io_uring | 12        | 16  | decrease  | desc        | desc       | 6048576    | 504.96                       | 556.5                  | 6   | 26449,26652,26855,26453,26656,26859 | 10.21    |
| 12  | 80         | 10000000 | 10000000  | 117648   | 16      | 32    | 1    | worker   | 12        | 16  | decrease  | desc        | desc       | 32768      | 5.89                         | 6.48                   | 6   | 25161,25364,25567,25165,25368,25571 | 10.02    |
| 2   | 80         | 10000000 | 1250000   | 117648   | 4       | 2048  | 8    | io_uring | 12        | 16  | increase  | desc        | desc       | 128        | 2.1                          | 2.31                   | 6   | 3874,4056,4238,3878,4060,4242       | 10.0     |
| 1   | 80         | 10000000 | 1250000   | 117648   | 4       | 2048  | 8    | worker   | 12        | 16  | increase  | asc         | desc       | 128        | 2.2                          | 2.42                   | 6   | 598,780,962,602,784,966             | 10.0     |
| 14  | 80         | 10000000 | 2500000   | 117648   | 1048576 | 2     | 4    | io_uring | 12        | 16  | increase  | desc        | desc       | 256        | 4.74                         | 5.21                   | 6   | 30908,31097,31286,30912,31101,31290 | 9.92     |
| 12  | 80         | 10000000 | 10000000  | 117648   | 16      | 32    | 1    | io_uring | 12        | 16  | decrease  | desc        | desc       | 8048576    | 707.84                       | 777.96                 | 6   | 26463,26666,26869,26467,26670,26873 | 9.91     |
| 15  | 80         | 10000000 | 2500000   | 117648   | 1048576 | 2     | 4    | io_uring | 12        | 16  | decrease  | asc         | desc       | 8          | 0.61                         | 0.67                   | 6   | 33141,33330,33519,33145,33334,33523 | 9.84     |
| 11  | 80         | 10000000 | 10000000  | 117648   | 16      | 32    | 1    | worker   | 12        | 16  | decrease  | asc         | desc       | 131072     | 33.46                        | 36.73                  | 6   | 22739,22942,23145,22743,22946,23149 | 9.77     |
| 9   | 80         | 10000000 | 10000000  | 117648   | 16      | 32    | 1    | io_uring | 12        | 16  | increase  | asc         | asc        | 8048576    | 705.12                       | 773.73                 | 6   | 18546,18749,18952,18550,18753,18956 | 9.73     |
| 9   | 80         | 10000000 | 10000000  | 117648   | 16      | 32    | 1    | worker   | 12        | 16  | increase  | asc         | desc       | 512        | 0.72                         | 0.79                   | 6   | 17811,18014,18217,17815,18018,18221 | 9.72     |
| 12  | 80         | 10000000 | 10000000  | 117648   | 16      | 32    | 1    | io_uring | 12        | 16  | decrease  | desc        | desc       | 32         | 0.31                         | 0.34                   | 6   | 26309,26512,26715,26313,26516,26719 | 9.68     |
| 5   | 60         | 10000000 | 625000    | 156250   | 1048576 | 128   | 16   | io_uring | 12        | 16  | increase  | asc         | desc       | 16         | 2.17                         | 2.38                   | 6   | 10342,10517,10692,10346,10521,10696 | 9.68     |
| 7   | 60         | 10000000 | 625000    | 156250   | 1048576 | 128   | 16   | worker   | 12        | 16  | decrease  | asc         | desc       | 16         | 1.97                         | 2.16                   | 6   | 13492,13667,13842,13496,13671,13846 | 9.64     |
| 9   | 80         | 10000000 | 10000000  | 117648   | 16      | 32    | 1    | io_uring | 12        | 16  | increase  | asc         | asc        | 16384      | 2.6                          | 2.85                   | 6   | 18455,18658,18861,18459,18662,18865 | 9.62     |
| 10  | 80         | 10000000 | 10000000  | 117648   | 16      | 32    | 1    | worker   | 12        | 16  | increase  | desc        | asc        | 262144     | 60.54                        | 66.34                  | 6   | 19701,19904,20107,19705,19908,20111 | 9.58     |
| 11  | 80         | 10000000 | 10000000  | 117648   | 16      | 32    | 1    | worker   | 12        | 16  | decrease  | asc         | desc       | 524288     | 119.93                       | 131.38                 | 6   | 22753,22956,23159,22757,22960,23163 | 9.55     |
| 16  | 80         | 10000000 | 2500000   | 117648   | 1048576 | 2     | 4    | io_uring | 12        | 16  | decrease  | desc        | desc       | 256        | 4.4                          | 4.82                   | 6   | 35444,35633,35822,35448,35637,35826 | 9.55     |
| 5   | 60         | 10000000 | 625000    | 156250   | 1048576 | 128   | 16   | worker   | 12        | 16  | increase  | asc         | desc       | 1024       | 26.77                        | 29.32                  | 6   | 9334,9509,9684,9338,9513,9688       | 9.53     |
| 9   | 80         | 10000000 | 10000000  | 117648   | 16      | 32    | 1    | io_uring | 12        | 16  | increase  | asc         | asc        | 4048576    | 359.31                       | 393.28                 | 6   | 18518,18721,18924,18522,18725,18928 | 9.45     |
| 13  | 80         | 10000000 | 2500000   | 117648   | 1048576 | 2     | 4    | worker   | 12        | 16  | increase  | asc         | asc        | 2048       | 11.55                        | 12.64                  | 6   | 26960,27149,27338,26964,27153,27342 | 9.44     |
| 8   | 60         | 10000000 | 625000    | 156250   | 1048576 | 128   | 16   | worker   | 12        | 16  | decrease  | desc        | desc       | 512        | 5.73                         | 6.27                   | 6   | 15627,15802,15977,15631,15806,15981 | 9.42     |
| 6   | 60         | 10000000 | 625000    | 156250   | 1048576 | 128   | 16   | io_uring | 12        | 16  | increase  | desc        | desc       | 512        | 6.48                         | 7.09                   | 6   | 12477,12652,12827,12481,12656,12831 | 9.41     |
| 16  | 80         | 10000000 | 2500000   | 117648   | 1048576 | 2     | 4    | io_uring | 12        | 16  | decrease  | desc        | asc        | 1024       | 9.25                         | 10.12                  | 6   | 34891,35080,35269,34895,35084,35273 | 9.41     |
| 10  | 80         | 10000000 | 10000000  | 117648   | 16      | 32    | 1    | io_uring | 12        | 16  | increase  | desc        | desc       | 16         | 0.32                         | 0.35                   | 6   | 21430,21633,21836,21434,21637,21840 | 9.37     |
| 10  | 80         | 10000000 | 10000000  | 117648   | 16      | 32    | 1    | io_uring | 12        | 16  | increase  | desc        | desc       | 64         | 0.32                         | 0.35                   | 6   | 21444,21647,21850,21448,21651,21854 | 9.37     |
| 11  | 80         | 10000000 | 10000000  | 117648   | 16      | 32    | 1    | io_uring | 12        | 16  | decrease  | asc         | desc       | 256        | 0.43                         | 0.47                   | 6   | 23894,24097,24300,23898,24101,24304 | 9.3      |
| 17  | 20         | 10000000 | 2500000   | 476191   | 4194304 | 128   | 4    | io_uring | 12        | 16  | increase  | asc         | desc       | 4          | 0.97                         | 1.06                   | 6   | 37670,37859,38048,37674,37863,38052 | 9.28     |
| 18  | 20         | 10000000 | 2500000   | 476191   | 4194304 | 128   | 4    | worker   | 12        | 16  | increase  | desc        | desc       | 8          | 1.73                         | 1.89                   | 4   | 38811,39000,38815,39004             | 9.25     |
| 8   | 60         | 10000000 | 625000    | 156250   | 1048576 | 128   | 16   | worker   | 12        | 16  | decrease  | desc        | desc       | 4          | 0.76                         | 0.83                   | 6   | 15578,15753,15928,15582,15757,15932 | 9.21     |
| 18  | 20         | 10000000 | 2500000   | 476191   | 4194304 | 128   | 4    | worker   | 12        | 16  | increase  | desc        | desc       | 2048       | 45.2                         | 49.34                  | 4   | 38867,39056,38871,39060             | 9.16     |
| 13  | 80         | 10000000 | 2500000   | 117648   | 1048576 | 2     | 4    | worker   | 12        | 16  | increase  | asc         | asc        | 1024       | 6.8                          | 7.42                   | 6   | 26953,27142,27331,26957,27146,27335 | 9.12     |
| 12  | 80         | 10000000 | 10000000  | 117648   | 16      | 32    | 1    | worker   | 12        | 16  | decrease  | desc        | asc        | 4          | 0.22                         | 0.24                   | 6   | 24461,24664,24867,24465,24668,24871 | 9.09     |
| 12  | 80         | 10000000 | 10000000  | 117648   | 16      | 32    | 1    | worker   | 12        | 16  | decrease  | desc        | asc        | 16         | 0.22                         | 0.24                   | 6   | 24475,24678,24881,24479,24682,24885 | 9.09     |
| 16  | 80         | 10000000 | 2500000   | 117648   | 1048576 | 2     | 4    | io_uring | 12        | 16  | decrease  | desc        | desc       | 2          | 0.33                         | 0.36                   | 6   | 35395,35584,35773,35399,35588,35777 | 9.09     |
| 3   | 80         | 10000000 | 1250000   | 117648   | 4       | 2048  | 8    | worker   | 12        | 16  | decrease  | asc         | asc        | 64         | 1.55                         | 1.69                   | 6   | 4413,4595,4777,4417,4599,4781       | 9.03     |
| 12  | 80         | 10000000 | 10000000  | 117648   | 16      | 32    | 1    | io_uring | 12        | 16  | decrease  | desc        | desc       | 131072     | 14.21                        | 15.49                  | 6   | 26393,26596,26799,26397,26600,26803 | 9.01     |
| 12  | 80         | 10000000 | 10000000  | 117648   | 16      | 32    | 1    | io_uring | 12        | 16  | decrease  | desc        | desc       | 3048576    | 266.82                       | 290.83                 | 6   | 26428,26631,26834,26432,26635,26838 | 9.0      |
| 12  | 80         | 10000000 | 10000000  | 117648   | 16      | 32    | 1    | io_uring | 12        | 16  | decrease  | desc        | desc       | 65536      | 7.72                         | 8.41                   | 6   | 26386,26589,26792,26390,26593,26796 | 8.94     |
| 3   | 80         | 10000000 | 1250000   | 117648   | 4       | 2048  | 8    | io_uring | 12        | 16  | decrease  | asc         | desc       | 1024       | 4.03                         | 4.39                   | 6   | 6079,6261,6443,6083,6265,6447       | 8.93     |
| 5   | 60         | 10000000 | 625000    | 156250   | 1048576 | 128   | 16   | io_uring | 12        | 16  | increase  | asc         | desc       | 2          | 0.56                         | 0.61                   | 6   | 10321,10496,10671,10325,10500,10675 | 8.93     |
| 12  | 80         | 10000000 | 10000000  | 117648   | 16      | 32    | 1    | io_uring | 12        | 16  | decrease  | desc        | desc       | 1048576    | 97.66                        | 106.3                  | 6   | 26414,26617,26820,26418,26621,26824 | 8.85     |
| 12  | 80         | 10000000 | 10000000  | 117648   | 16      | 32    | 1    | io_uring | 12        | 16  | decrease  | desc        | desc       | 262144     | 26.04                        | 28.29                  | 6   | 26400,26603,26806,26404,26607,26810 | 8.64     |
| 11  | 80         | 10000000 | 10000000  | 117648   | 16      | 32    | 1    | io_uring | 12        | 16  | decrease  | asc         | desc       | 16384      | 4.4                          | 4.78                   | 6   | 23936,24139,24342,23940,24143,24346 | 8.64     |
| 2   | 80         | 10000000 | 1250000   | 117648   | 4       | 2048  | 8    | io_uring | 12        | 16  | increase  | desc        | asc        | 1          | 0.58                         | 0.63                   | 6   | 3279,3461,3643,3283,3465,3647       | 8.62     |
| 13  | 80         | 10000000 | 2500000   | 117648   | 1048576 | 2     | 4    | worker   | 12        | 16  | increase  | asc         | desc       | 1024       | 8.15                         | 8.85                   | 6   | 27520,27709,27898,27524,27713,27902 | 8.59     |
| 12  | 80         | 10000000 | 10000000  | 117648   | 16      | 32    | 1    | io_uring | 12        | 16  | decrease  | desc        | desc       | 128        | 0.35                         | 0.38                   | 6   | 26323,26526,26729,26327,26530,26733 | 8.57     |
| 2   | 80         | 10000000 | 1250000   | 117648   | 4       | 2048  | 8    | io_uring | 12        | 16  | increase  | desc        | desc       | 256        | 2.45                         | 2.66                   | 6   | 3881,4063,4245,3885,4067,4249       | 8.57     |
| 13  | 80         | 10000000 | 2500000   | 117648   | 1048576 | 2     | 4    | io_uring | 12        | 16  | increase  | asc         | asc        | 8          | 0.59                         | 0.64                   | 6   | 28038,28227,28416,28042,28231,28420 | 8.47     |
| 7   | 60         | 10000000 | 625000    | 156250   | 1048576 | 128   | 16   | worker   | 12        | 16  | decrease  | asc         | asc        | 4          | 0.71                         | 0.77                   | 6   | 12953,13128,13303,12957,13132,13307 | 8.45     |
| 2   | 80         | 10000000 | 1250000   | 117648   | 4       | 2048  | 8    | io_uring | 12        | 16  | increase  | desc        | asc        | 1024       | 4.15                         | 4.5                    | 6   | 3349,3531,3713,3353,3535,3717       | 8.43     |
| 5   | 60         | 10000000 | 625000    | 156250   | 1048576 | 128   | 16   | worker   | 12        | 16  | increase  | asc         | asc        | 2          | 0.48                         | 0.52                   | 6   | 8746,8921,9096,8750,8925,9100       | 8.33     |
| 10  | 80         | 10000000 | 10000000  | 117648   | 16      | 32    | 1    | worker   | 12        | 16  | increase  | desc        | asc        | 16         | 0.24                         | 0.26                   | 6   | 19603,19806,20009,19607,19810,20013 | 8.33     |
| 9   | 80         | 10000000 | 10000000  | 117648   | 16      | 32    | 1    | io_uring | 12        | 16  | increase  | asc         | asc        | 3048576    | 271.99                       | 294.42                 | 6   | 18511,18714,18917,18515,18718,18921 | 8.25     |
| 16  | 80         | 10000000 | 2500000   | 117648   | 1048576 | 2     | 4    | worker   | 12        | 16  | decrease  | desc        | desc       | 16         | 1.11                         | 1.2                    | 6   | 34282,34471,34660,34286,34475,34664 | 8.11     |
| 3   | 80         | 10000000 | 1250000   | 117648   | 4       | 2048  | 8    | io_uring | 12        | 16  | decrease  | asc         | desc       | 32         | 1.36                         | 1.47                   | 6   | 6044,6226,6408,6048,6230,6412       | 8.09     |
| 15  | 80         | 10000000 | 2500000   | 117648   | 1048576 | 2     | 4    | worker   | 12        | 16  | decrease  | asc         | desc       | 2048       | 11.63                        | 12.57                  | 6   | 32063,32252,32441,32067,32256,32445 | 8.08     |
| 10  | 80         | 10000000 | 10000000  | 117648   | 16      | 32    | 1    | io_uring | 12        | 16  | increase  | desc        | asc        | 8192       | 2.6                          | 2.81                   | 6   | 20884,21087,21290,20888,21091,21294 | 8.08     |
| 17  | 20         | 10000000 | 2500000   | 476191   | 4194304 | 128   | 4    | io_uring | 12        | 16  | increase  | asc         | asc        | 2262144    | 6179.65                      | 6677.73                | 6   | 37271,37460,37649,37275,37464,37653 | 8.06     |
| 18  | 20         | 10000000 | 2500000   | 476191   | 4194304 | 128   | 4    | worker   | 12        | 16  | increase  | desc        | asc        | 8          | 1.49                         | 1.61                   | 6   | 38244,38433,38622,38248,38437,38626 | 8.05     |
| 12  | 80         | 10000000 | 10000000  | 117648   | 16      | 32    | 1    | io_uring | 12        | 16  | decrease  | desc        | desc       | 524288     | 49.2                         | 53.15                  | 6   | 26407,26610,26813,26411,26614,26817 | 8.03     |
| 10  | 80         | 10000000 | 10000000  | 117648   | 16      | 32    | 1    | io_uring | 12        | 16  | increase  | desc        | desc       | 1          | 0.25                         | 0.27                   | 6   | 21402,21605,21808,21406,21609,21812 | 8.0      |
| 10  | 80         | 10000000 | 10000000  | 117648   | 16      | 32    | 1    | worker   | 12        | 16  | increase  | desc        | desc       | 1          | 0.25                         | 0.27                   | 6   | 20184,20387,20590,20188,20391,20594 | 8.0      |
| 11  | 80         | 10000000 | 10000000  | 117648   | 16      | 32    | 1    | worker   | 12        | 16  | decrease  | asc         | asc        | 4          | 0.25                         | 0.27                   | 6   | 22025,22228,22431,22029,22232,22435 | 8.0      |
| 16  | 80         | 10000000 | 2500000   | 117648   | 1048576 | 2     | 4    | worker   | 12        | 16  | decrease  | desc        | desc       | 1          | 0.25                         | 0.27                   | 6   | 34254,34443,34632,34258,34447,34636 | 8.0      |
| 13  | 80         | 10000000 | 2500000   | 117648   | 1048576 | 2     | 4    | worker   | 12        | 16  | increase  | asc         | desc       | 256        | 3.77                         | 4.07                   | 6   | 27506,27695,27884,27510,27699,27888 | 7.96     |
| 5   | 60         | 10000000 | 625000    | 156250   | 1048576 | 128   | 16   | worker   | 12        | 16  | increase  | asc         | desc       | 1          | 0.38                         | 0.41                   | 6   | 9264,9439,9614,9268,9443,9618       | 7.89     |
| 1   | 80         | 10000000 | 1250000   | 117648   | 4       | 2048  | 8    | io_uring | 12        | 16  | increase  | asc         | asc        | 4          | 0.9                          | 0.97                   | 6   | 1109,1291,1473,1113,1295,1477       | 7.78     |
| 11  | 80         | 10000000 | 10000000  | 117648   | 16      | 32    | 1    | worker   | 12        | 16  | decrease  | asc         | asc        | 1024       | 0.9                          | 0.97                   | 6   | 22081,22284,22487,22085,22288,22491 | 7.78     |
| 13  | 80         | 10000000 | 2500000   | 117648   | 1048576 | 2     | 4    | worker   | 12        | 16  | increase  | asc         | asc        | 256        | 3.76                         | 4.05                   | 6   | 26939,27128,27317,26943,27132,27321 | 7.71     |
| 9   | 80         | 10000000 | 10000000  | 117648   | 16      | 32    | 1    | worker   | 12        | 16  | increase  | asc         | desc       | 2          | 0.26                         | 0.28                   | 6   | 17755,17958,18161,17759,17962,18165 | 7.69     |
| 12  | 80         | 10000000 | 10000000  | 117648   | 16      | 32    | 1    | worker   | 12        | 16  | decrease  | desc        | desc       | 4          | 0.26                         | 0.28                   | 6   | 25070,25273,25476,25074,25277,25480 | 7.69     |
| 13  | 80         | 10000000 | 2500000   | 117648   | 1048576 | 2     | 4    | worker   | 12        | 16  | increase  | asc         | desc       | 4          | 0.39                         | 0.42                   | 6   | 27464,27653,27842,27468,27657,27846 | 7.69     |
| 14  | 80         | 10000000 | 2500000   | 117648   | 1048576 | 2     | 4    | io_uring | 12        | 16  | increase  | desc        | asc        | 2048       | 15.7                         | 16.9                   | 6   | 30362,30551,30740,30366,30555,30744 | 7.64     |
| 11  | 80         | 10000000 | 10000000  | 117648   | 16      | 32    | 1    | worker   | 12        | 16  | decrease  | asc         | desc       | 9048576    | 1932.4                       | 2079.28                | 6   | 22816,23019,23222,22820,23023,23226 | 7.6      |
| 6   | 60         | 10000000 | 625000    | 156250   | 1048576 | 128   | 16   | io_uring | 12        | 16  | increase  | desc        | asc        | 8          | 1.32                         | 1.42                   | 6   | 11910,12085,12260,11914,12089,12264 | 7.58     |
| 8   | 60         | 10000000 | 625000    | 156250   | 1048576 | 128   | 16   | io_uring | 12        | 16  | decrease  | desc        | asc        | 2          | 0.53                         | 0.57                   | 6   | 16096,16271,16446,16100,16275,16450 | 7.55     |
| 12  | 80         | 10000000 | 10000000  | 117648   | 16      | 32    | 1    | io_uring | 12        | 16  | decrease  | desc        | asc        | 1024       | 1.06                         | 1.14                   | 6   | 25735,25938,26141,25739,25942,26145 | 7.55     |
| 14  | 80         | 10000000 | 2500000   | 117648   | 1048576 | 2     | 4    | io_uring | 12        | 16  | increase  | desc        | desc       | 128        | 4.51                         | 4.85                   | 6   | 30901,31090,31279,30905,31094,31283 | 7.54     |
| 15  | 80         | 10000000 | 2500000   | 117648   | 1048576 | 2     | 4    | worker   | 12        | 16  | decrease  | asc         | asc        | 4          | 0.4                          | 0.43                   | 6   | 31433,31622,31811,31437,31626,31815 | 7.5      |
| 12  | 80         | 10000000 | 10000000  | 117648   | 16      | 32    | 1    | worker   | 12        | 16  | decrease  | desc        | asc        | 64         | 0.27                         | 0.29                   | 6   | 24489,24692,24895,24493,24696,24899 | 7.41     |
| 14  | 80         | 10000000 | 2500000   | 117648   | 1048576 | 2     | 4    | worker   | 12        | 16  | increase  | desc        | desc       | 16         | 1.09                         | 1.17                   | 6   | 29746,29935,30124,29750,29939,30128 | 7.34     |
| 16  | 80         | 10000000 | 2500000   | 117648   | 1048576 | 2     | 4    | io_uring | 12        | 16  | decrease  | desc        | asc        | 16         | 1.09                         | 1.17                   | 6   | 34849,35038,35227,34853,35042,35231 | 7.34     |
| 17  | 20         | 10000000 | 2500000   | 476191   | 4194304 | 128   | 4    | io_uring | 12        | 16  | increase  | asc         | asc        | 2012144    | 5783.05                      | 6200.85                | 6   | 37264,37453,37642,37268,37457,37646 | 7.22     |
| 5   | 60         | 10000000 | 625000    | 156250   | 1048576 | 128   | 16   | io_uring | 12        | 16  | increase  | asc         | desc       | 128        | 5.71                         | 6.12                   | 6   | 10363,10538,10713,10367,10542,10717 | 7.18     |
| 7   | 60         | 10000000 | 625000    | 156250   | 1048576 | 128   | 16   | worker   | 12        | 16  | decrease  | asc         | desc       | 64         | 2.93                         | 3.14                   | 6   | 13506,13681,13856,13510,13685,13860 | 7.17     |
| 3   | 80         | 10000000 | 1250000   | 117648   | 4       | 2048  | 8    | worker   | 12        | 16  | decrease  | asc         | asc        | 256        | 2.66                         | 2.85                   | 6   | 4427,4609,4791,4431,4613,4795       | 7.14     |
| 10  | 80         | 10000000 | 10000000  | 117648   | 16      | 32    | 1    | io_uring | 12        | 16  | increase  | desc        | asc        | 1          | 0.28                         | 0.3                    | 6   | 20793,20996,21199,20797,21000,21203 | 7.14     |
| 2   | 80         | 10000000 | 1250000   | 117648   | 4       | 2048  | 8    | worker   | 12        | 16  | increase  | desc        | asc        | 64         | 1.42                         | 1.52                   | 6   | 2229,2411,2593,2233,2415,2597       | 7.04     |
| 6   | 60         | 10000000 | 625000    | 156250   | 1048576 | 128   | 16   | worker   | 12        | 16  | increase  | desc        | asc        | 256        | 7.1                          | 7.6                    | 6   | 10895,11070,11245,10899,11074,11249 | 7.04     |
| 1   | 80         | 10000000 | 1250000   | 117648   | 4       | 2048  | 8    | io_uring | 12        | 16  | increase  | asc         | desc       | 16         | 1.28                         | 1.37                   | 6   | 1669,1851,2033,1673,1855,2037       | 7.03     |
| 2   | 80         | 10000000 | 1250000   | 117648   | 4       | 2048  | 8    | worker   | 12        | 16  | increase  | desc        | desc       | 256        | 2.99                         | 3.2                    | 6   | 2789,2971,3153,2793,2975,3157       | 7.02     |
| 16  | 80         | 10000000 | 2500000   | 117648   | 1048576 | 2     | 4    | worker   | 12        | 16  | decrease  | desc        | desc       | 128        | 2.87                         | 3.07                   | 6   | 34303,34492,34681,34307,34496,34685 | 6.97     |
| 13  | 80         | 10000000 | 2500000   | 117648   | 1048576 | 2     | 4    | worker   | 12        | 16  | increase  | asc         | asc        | 2          | 0.29                         | 0.31                   | 6   | 26890,27079,27268,26894,27083,27272 | 6.9      |
| 16  | 80         | 10000000 | 2500000   | 117648   | 1048576 | 2     | 4    | worker   | 12        | 16  | decrease  | desc        | asc        | 2          | 0.29                         | 0.31                   | 6   | 33694,33883,34072,33698,33887,34076 | 6.9      |
| 10  | 80         | 10000000 | 10000000  | 117648   | 16      | 32    | 1    | io_uring | 12        | 16  | increase  | desc        | desc       | 512        | 0.73                         | 0.78                   | 6   | 21465,21668,21871,21469,21672,21875 | 6.85     |
| 9   | 80         | 10000000 | 10000000  | 117648   | 16      | 32    | 1    | worker   | 12        | 16  | increase  | asc         | desc       | 262144     | 222.1                        | 237.22                 | 6   | 17874,18077,18280,17878,18081,18284 | 6.81     |
| 4   | 80         | 10000000 | 1250000   | 117648   | 4       | 2048  | 8    | io_uring | 12        | 16  | decrease  | desc        | asc        | 2          | 0.89                         | 0.95                   | 6   | 7654,7836,8018,7658,7840,8022       | 6.74     |
| 6   | 60         | 10000000 | 625000    | 156250   | 1048576 | 128   | 16   | worker   | 12        | 16  | increase  | desc        | desc       | 16         | 2.08                         | 2.22                   | 6   | 11392,11567,11742,11396,11571,11746 | 6.73     |
| 9   | 80         | 10000000 | 10000000  | 117648   | 16      | 32    | 1    | worker   | 12        | 16  | increase  | asc         | desc       | 4          | 0.3                          | 0.32                   | 6   | 17762,17965,18168,17766,17969,18172 | 6.67     |
| 11  | 80         | 10000000 | 10000000  | 117648   | 16      | 32    | 1    | io_uring | 12        | 16  | decrease  | asc         | desc       | 1048576    | 225.42                       | 240.38                 | 6   | 23978,24181,24384,23982,24185,24388 | 6.64     |
| 9   | 80         | 10000000 | 10000000  | 117648   | 16      | 32    | 1    | io_uring | 12        | 16  | increase  | asc         | asc        | 32768      | 4.69                         | 5.0                    | 6   | 18462,18665,18868,18466,18669,18872 | 6.61     |
| 8   | 60         | 10000000 | 625000    | 156250   | 1048576 | 128   | 16   | io_uring | 12        | 16  | decrease  | desc        | asc        | 128        | 4.56                         | 4.86                   | 6   | 16138,16313,16488,16142,16317,16492 | 6.58     |
| 15  | 80         | 10000000 | 2500000   | 117648   | 1048576 | 2     | 4    | io_uring | 12        | 16  | decrease  | asc         | asc        | 512        | 5.32                         | 5.67                   | 6   | 32616,32805,32994,32620,32809,32998 | 6.58     |
| 11  | 80         | 10000000 | 10000000  | 117648   | 16      | 32    | 1    | worker   | 12        | 16  | decrease  | asc         | desc       | 3048576    | 662.18                       | 705.62                 | 6   | 22774,22977,23180,22778,22981,23184 | 6.56     |
| 18  | 20         | 10000000 | 2500000   | 476191   | 4194304 | 128   | 4    | worker   | 12        | 16  | increase  | desc        | desc       | 2          | 0.61                         | 0.65                   | 4   | 38797,38986,38801,38990             | 6.56     |
| 4   | 80         | 10000000 | 1250000   | 117648   | 4       | 2048  | 8    | worker   | 12        | 16  | decrease  | desc        | desc       | 4          | 0.92                         | 0.98                   | 6   | 7115,7297,7479,7119,7301,7483       | 6.52     |
| 10  | 80         | 10000000 | 10000000  | 117648   | 16      | 32    | 1    | worker   | 12        | 16  | increase  | desc        | asc        | 1048576    | 223.7                        | 238.11                 | 6   | 19715,19918,20121,19719,19922,20125 | 6.44     |
| 10  | 80         | 10000000 | 10000000  | 117648   | 16      | 32    | 1    | io_uring | 12        | 16  | increase  | desc        | asc        | 2048       | 1.09                         | 1.16                   | 6   | 20870,21073,21276,20874,21077,21280 | 6.42     |
| 11  | 80         | 10000000 | 10000000  | 117648   | 16      | 32    | 1    | worker   | 12        | 16  | decrease  | asc         | asc        | 256        | 0.47                         | 0.5                    | 6   | 22067,22270,22473,22071,22274,22477 | 6.38     |
| 7   | 60         | 10000000 | 625000    | 156250   | 1048576 | 128   | 16   | io_uring | 12        | 16  | decrease  | asc         | desc       | 512        | 14.68                        | 15.6                   | 6   | 14577,14752,14927,14581,14756,14931 | 6.27     |
| 2   | 80         | 10000000 | 1250000   | 117648   | 4       | 2048  | 8    | worker   | 12        | 16  | increase  | desc        | asc        | 4          | 0.97                         | 1.03                   | 6   | 2201,2383,2565,2205,2387,2569       | 6.19     |
| 1   | 80         | 10000000 | 1250000   | 117648   | 4       | 2048  | 8    | worker   | 12        | 16  | increase  | asc         | asc        | 1024       | 3.79                         | 4.02                   | 6   | 73,255,437,77,259,441               | 6.07     |
| 6   | 60         | 10000000 | 625000    | 156250   | 1048576 | 128   | 16   | io_uring | 12        | 16  | increase  | desc        | desc       | 2          | 0.5                          | 0.53                   | 6   | 12421,12596,12771,12425,12600,12775 | 6.0      |
| 17  | 20         | 10000000 | 2500000   | 476191   | 4194304 | 128   | 4    | io_uring | 12        | 16  | increase  | asc         | asc        | 64         | 9.28                         | 9.83                   | 6   | 37131,37320,37509,37135,37324,37513 | 5.93     |
| 5   | 60         | 10000000 | 625000    | 156250   | 1048576 | 128   | 16   | worker   | 12        | 16  | increase  | asc         | desc       | 2          | 0.51                         | 0.54                   | 6   | 9271,9446,9621,9275,9450,9625       | 5.88     |
| 9   | 80         | 10000000 | 10000000  | 117648   | 16      | 32    | 1    | io_uring | 12        | 16  | increase  | asc         | desc       | 32         | 0.34                         | 0.36                   | 6   | 19001,19204,19407,19005,19208,19411 | 5.88     |
| 12  | 80         | 10000000 | 10000000  | 117648   | 16      | 32    | 1    | worker   | 12        | 16  | decrease  | desc        | desc       | 128        | 0.34                         | 0.36                   | 6   | 25105,25308,25511,25109,25312,25515 | 5.88     |
| 10  | 80         | 10000000 | 10000000  | 117648   | 16      | 32    | 1    | worker   | 12        | 16  | increase  | desc        | asc        | 128        | 0.35                         | 0.37                   | 6   | 19624,19827,20030,19628,19831,20034 | 5.71     |
| 3   | 80         | 10000000 | 1250000   | 117648   | 4       | 2048  | 8    | io_uring | 12        | 16  | decrease  | asc         | desc       | 881072     | 2297.14                      | 2427.42                | 6   | 6170,6352,6534,6174,6356,6538       | 5.67     |
| 7   | 60         | 10000000 | 625000    | 156250   | 1048576 | 128   | 16   | worker   | 12        | 16  | decrease  | asc         | asc        | 64         | 3.0                          | 3.17                   | 6   | 12981,13156,13331,12985,13160,13335 | 5.67     |
| 17  | 20         | 10000000 | 2500000   | 476191   | 4194304 | 128   | 4    | io_uring | 12        | 16  | increase  | asc         | asc        | 1762144    | 5331.38                      | 5632.88                | 6   | 37257,37446,37635,37261,37450,37639 | 5.66     |
| 10  | 80         | 10000000 | 10000000  | 117648   | 16      | 32    | 1    | io_uring | 12        | 16  | increase  | desc        | asc        | 5048576    | 1100.54                      | 1162.53                | 6   | 20961,21164,21367,20965,21168,21371 | 5.63     |
| 10  | 80         | 10000000 | 10000000  | 117648   | 16      | 32    | 1    | io_uring | 12        | 16  | increase  | desc        | asc        | 2048576    | 448.65                       | 473.89                 | 6   | 20940,21143,21346,20944,21147,21350 | 5.63     |
| 11  | 80         | 10000000 | 10000000  | 117648   | 16      | 32    | 1    | io_uring | 12        | 16  | decrease  | asc         | desc       | 7048576    | 1492.1                       | 1575.58                | 6   | 24020,24223,24426,24024,24227,24430 | 5.59     |
| 2   | 80         | 10000000 | 1250000   | 117648   | 4       | 2048  | 8    | io_uring | 12        | 16  | increase  | desc        | asc        | 16         | 1.43                         | 1.51                   | 6   | 3307,3489,3671,3311,3493,3675       | 5.59     |
| 17  | 20         | 10000000 | 2500000   | 476191   | 4194304 | 128   | 4    | io_uring | 12        | 16  | increase  | asc         | asc        | 2          | 0.54                         | 0.57                   | 6   | 37096,37285,37474,37100,37289,37478 | 5.56     |
| 15  | 80         | 10000000 | 2500000   | 117648   | 1048576 | 2     | 4    | io_uring | 12        | 16  | decrease  | asc         | asc        | 256        | 3.61                         | 3.81                   | 6   | 32609,32798,32987,32613,32802,32991 | 5.54     |
| 10  | 80         | 10000000 | 10000000  | 117648   | 16      | 32    | 1    | io_uring | 12        | 16  | increase  | desc        | asc        | 7048576    | 1534.81                      | 1619.83                | 6   | 20975,21178,21381,20979,21182,21385 | 5.54     |
| 10  | 80         | 10000000 | 10000000  | 117648   | 16      | 32    | 1    | io_uring | 12        | 16  | increase  | desc        | asc        | 65536      | 16.19                        | 17.08                  | 6   | 20905,21108,21311,20909,21112,21315 | 5.5      |
| 7   | 60         | 10000000 | 625000    | 156250   | 1048576 | 128   | 16   | worker   | 12        | 16  | decrease  | asc         | desc       | 256        | 6.55                         | 6.91                   | 6   | 13520,13695,13870,13524,13699,13874 | 5.5      |
| 13  | 80         | 10000000 | 2500000   | 117648   | 1048576 | 2     | 4    | worker   | 12        | 16  | increase  | asc         | asc        | 131072     | 162.5                        | 171.42                 | 6   | 27002,27191,27380,27006,27195,27384 | 5.49     |
| 11  | 80         | 10000000 | 10000000  | 117648   | 16      | 32    | 1    | io_uring | 12        | 16  | decrease  | asc         | desc       | 524288     | 115.88                       | 122.2                  | 6   | 23971,24174,24377,23975,24178,24381 | 5.45     |
| 12  | 80         | 10000000 | 10000000  | 117648   | 16      | 32    | 1    | io_uring | 12        | 16  | decrease  | desc        | desc       | 16384      | 2.58                         | 2.72                   | 6   | 26372,26575,26778,26376,26579,26782 | 5.43     |
| 11  | 80         | 10000000 | 10000000  | 117648   | 16      | 32    | 1    | io_uring | 12        | 16  | decrease  | asc         | desc       | 4096       | 1.49                         | 1.57                   | 6   | 23922,24125,24328,23926,24129,24332 | 5.37     |
| 17  | 20         | 10000000 | 2500000   | 476191   | 4194304 | 128   | 4    | io_uring | 12        | 16  | increase  | asc         | asc        | 2048       | 42.24                        | 44.5                   | 6   | 37166,37355,37544,37170,37359,37548 | 5.35     |
| 17  | 20         | 10000000 | 2500000   | 476191   | 4194304 | 128   | 4    | io_uring | 12        | 16  | increase  | asc         | desc       | 2048       | 72.91                        | 76.73                  | 6   | 37733,37922,38111,37737,37926,38115 | 5.24     |
| 11  | 80         | 10000000 | 10000000  | 117648   | 16      | 32    | 1    | io_uring | 12        | 16  | decrease  | asc         | desc       | 262144     | 60.1                         | 63.2                   | 6   | 23964,24167,24370,23968,24171,24374 | 5.16     |
| 6   | 60         | 10000000 | 625000    | 156250   | 1048576 | 128   | 16   | io_uring | 12        | 16  | increase  | desc        | asc        | 512        | 15.53                        | 16.33                  | 6   | 11952,12127,12302,11956,12131,12306 | 5.15     |
| 1   | 80         | 10000000 | 1250000   | 117648   | 4       | 2048  | 8    | worker   | 12        | 16  | increase  | asc         | asc        | 128        | 1.77                         | 1.86                   | 6   | 52,234,416,56,238,420               | 5.08     |
| 9   | 80         | 10000000 | 10000000  | 117648   | 16      | 32    | 1    | io_uring | 12        | 16  | increase  | asc         | asc        | 1024       | 0.59                         | 0.62                   | 6   | 18427,18630,18833,18431,18634,18837 | 5.08     |
| 10  | 80         | 10000000 | 10000000  | 117648   | 16      | 32    | 1    | io_uring | 12        | 16  | increase  | desc        | asc        | 9048576    | 1990.34                      | 2089.96                | 6   | 20989,21192,21395,20993,21196,21399 | 5.01     |
| 17  | 20         | 10000000 | 2500000   | 476191   | 4194304 | 128   | 4    | io_uring | 12        | 16  | increase  | asc         | asc        | 1          | 0.4                          | 0.42                   | 6   | 37089,37278,37467,37093,37282,37471 | 5.0      |
| 11  | 80         | 10000000 | 10000000  | 117648   | 16      | 32    | 1    | io_uring | 12        | 16  | decrease  | asc         | desc       | 8048576    | 1712.72                      | 1797.38                | 6   | 24027,24230,24433,24031,24234,24437 | 4.94     |
| 10  | 80         | 10000000 | 10000000  | 117648   | 16      | 32    | 1    | worker   | 12        | 16  | increase  | desc        | asc        | 7048576    | 1461.28                      | 1532.93                | 6   | 19757,19960,20163,19761,19964,20167 | 4.9      |
| 12  | 80         | 10000000 | 10000000  | 117648   | 16      | 32    | 1    | io_uring | 12        | 16  | decrease  | desc        | desc       | 32768      | 4.72                         | 4.95                   | 6   | 26379,26582,26785,26383,26586,26789 | 4.87     |
| 11  | 80         | 10000000 | 10000000  | 117648   | 16      | 32    | 1    | io_uring | 12        | 16  | decrease  | asc         | desc       | 8192       | 2.47                         | 2.59                   | 6   | 23929,24132,24335,23933,24136,24339 | 4.86     |
| 13  | 80         | 10000000 | 2500000   | 117648   | 1048576 | 2     | 4    | worker   | 12        | 16  | increase  | asc         | desc       | 2048       | 11.75                        | 12.32                  | 6   | 27527,27716,27905,27531,27720,27909 | 4.85     |
| 10  | 80         | 10000000 | 10000000  | 117648   | 16      | 32    | 1    | io_uring | 12        | 16  | increase  | desc        | asc        | 6048576    | 1327.7                       | 1389.75                | 6   | 20968,21171,21374,20972,21175,21378 | 4.67     |
| 10  | 80         | 10000000 | 10000000  | 117648   | 16      | 32    | 1    | io_uring | 12        | 16  | increase  | desc        | asc        | 3048576    | 672.56                       | 703.86                 | 6   | 20947,21150,21353,20951,21154,21357 | 4.65     |
| 12  | 80         | 10000000 | 10000000  | 117648   | 16      | 32    | 1    | worker   | 12        | 16  | decrease  | desc        | asc        | 256        | 0.43                         | 0.45                   | 6   | 24503,24706,24909,24507,24710,24913 | 4.65     |
| 15  | 80         | 10000000 | 2500000   | 117648   | 1048576 | 2     | 4    | io_uring | 12        | 16  | decrease  | asc         | desc       | 16384      | 75.85                        | 79.36                  | 6   | 33218,33407,33596,33222,33411,33600 | 4.63     |
| 6   | 60         | 10000000 | 625000    | 156250   | 1048576 | 128   | 16   | io_uring | 12        | 16  | increase  | desc        | desc       | 1024       | 11.24                        | 11.76                  | 6   | 12484,12659,12834,12488,12663,12838 | 4.63     |
| 4   | 80         | 10000000 | 1250000   | 117648   | 4       | 2048  | 8    | io_uring | 12        | 16  | decrease  | desc        | desc       | 512        | 2.17                         | 2.27                   | 6   | 8256,8438,8620,8260,8442,8624       | 4.61     |
| 7   | 60         | 10000000 | 625000    | 156250   | 1048576 | 128   | 16   | io_uring | 12        | 16  | decrease  | asc         | desc       | 256        | 7.61                         | 7.96                   | 6   | 14570,14745,14920,14574,14749,14924 | 4.6      |
| 10  | 80         | 10000000 | 10000000  | 117648   | 16      | 32    | 1    | io_uring | 12        | 16  | increase  | desc        | desc       | 1024       | 1.09                         | 1.14                   | 6   | 21472,21675,21878,21476,21679,21882 | 4.59     |
| 9   | 80         | 10000000 | 10000000  | 117648   | 16      | 32    | 1    | io_uring | 12        | 16  | increase  | asc         | asc        | 128        | 0.44                         | 0.46                   | 6   | 18406,18609,18812,18410,18613,18816 | 4.55     |
| 18  | 20         | 10000000 | 2500000   | 476191   | 4194304 | 128   | 4    | worker   | 12        | 16  | increase  | desc        | asc        | 128        | 9.26                         | 9.68                   | 6   | 38272,38461,38650,38276,38465,38654 | 4.54     |
| 16  | 80         | 10000000 | 2500000   | 117648   | 1048576 | 2     | 4    | io_uring | 12        | 16  | decrease  | desc        | desc       | 1024       | 8.84                         | 9.24                   | 6   | 35458,35647,35836,35462,35651,35840 | 4.52     |
| 14  | 80         | 10000000 | 2500000   | 117648   | 1048576 | 2     | 4    | io_uring | 12        | 16  | increase  | desc        | desc       | 4096       | 25.3                         | 26.44                  | 6   | 30936,31125,31314,30940,31129,31318 | 4.51     |
| 10  | 80         | 10000000 | 10000000  | 117648   | 16      | 32    | 1    | worker   | 12        | 16  | increase  | desc        | desc       | 8192       | 5.59                         | 5.84                   | 6   | 20275,20478,20681,20279,20482,20685 | 4.47     |
| 15  | 80         | 10000000 | 2500000   | 117648   | 1048576 | 2     | 4    | io_uring | 12        | 16  | decrease  | asc         | asc        | 4096       | 23.77                        | 24.83                  | 6   | 32637,32826,33015,32641,32830,33019 | 4.46     |
| 17  | 20         | 10000000 | 2500000   | 476191   | 4194304 | 128   | 4    | worker   | 12        | 16  | increase  | asc         | asc        | 128        | 9.42                         | 9.84                   | 6   | 36004,36193,36382,36008,36197,36386 | 4.46     |
| 4   | 80         | 10000000 | 1250000   | 117648   | 4       | 2048  | 8    | io_uring | 12        | 16  | decrease  | desc        | desc       | 64         | 1.57                         | 1.64                   | 6   | 8235,8417,8599,8239,8421,8603       | 4.46     |
| 11  | 80         | 10000000 | 10000000  | 117648   | 16      | 32    | 1    | io_uring | 12        | 16  | decrease  | asc         | desc       | 4048576    | 879.55                       | 918.52                 | 6   | 23999,24202,24405,24003,24206,24409 | 4.43     |
| 11  | 80         | 10000000 | 10000000  | 117648   | 16      | 32    | 1    | io_uring | 12        | 16  | decrease  | asc         | desc       | 9048576    | 1935.93                      | 2020.59                | 6   | 24034,24237,24440,24038,24241,24444 | 4.37     |
| 6   | 60         | 10000000 | 625000    | 156250   | 1048576 | 128   | 16   | worker   | 12        | 16  | increase  | desc        | asc        | 128        | 4.17                         | 4.35                   | 6   | 10888,11063,11238,10892,11067,11242 | 4.32     |
| 6   | 60         | 10000000 | 625000    | 156250   | 1048576 | 128   | 16   | worker   | 12        | 16  | increase  | desc        | desc       | 8192       | 57.83                        | 60.32                  | 6   | 11455,11630,11805,11459,11634,11809 | 4.31     |
| 8   | 60         | 10000000 | 625000    | 156250   | 1048576 | 128   | 16   | io_uring | 12        | 16  | decrease  | desc        | desc       | 503036     | 1969.3                       | 2053.95                | 6   | 16775,16950,17125,16779,16954,17129 | 4.3      |
| 6   | 60         | 10000000 | 625000    | 156250   | 1048576 | 128   | 16   | worker   | 12        | 16  | increase  | desc        | asc        | 2          | 0.47                         | 0.49                   | 6   | 10846,11021,11196,10850,11025,11200 | 4.26     |
| 16  | 80         | 10000000 | 2500000   | 117648   | 1048576 | 2     | 4    | worker   | 12        | 16  | decrease  | desc        | asc        | 1024       | 7.09                         | 7.39                   | 6   | 33757,33946,34135,33761,33950,34139 | 4.23     |
| 15  | 80         | 10000000 | 2500000   | 117648   | 1048576 | 2     | 4    | io_uring | 12        | 16  | decrease  | asc         | asc        | 8192       | 41.22                        | 42.96                  | 6   | 32644,32833,33022,32648,32837,33026 | 4.22     |
| 13  | 80         | 10000000 | 2500000   | 117648   | 1048576 | 2     | 4    | worker   | 12        | 16  | increase  | asc         | desc       | 16         | 0.95                         | 0.99                   | 6   | 27478,27667,27856,27482,27671,27860 | 4.21     |
| 9   | 80         | 10000000 | 10000000  | 117648   | 16      | 32    | 1    | worker   | 12        | 16  | increase  | asc         | asc        | 262144     | 32.91                        | 34.29                  | 6   | 17265,17468,17671,17269,17472,17675 | 4.19     |
| 11  | 80         | 10000000 | 10000000  | 117648   | 16      | 32    | 1    | worker   | 12        | 16  | decrease  | asc         | desc       | 1          | 0.24                         | 0.25                   | 6   | 22620,22823,23026,22624,22827,23030 | 4.17     |
| 13  | 80         | 10000000 | 2500000   | 117648   | 1048576 | 2     | 4    | worker   | 12        | 16  | increase  | asc         | asc        | 1          | 0.24                         | 0.25                   | 6   | 26883,27072,27261,26887,27076,27265 | 4.17     |
| 17  | 20         | 10000000 | 2500000   | 476191   | 4194304 | 128   | 4    | worker   | 12        | 16  | increase  | asc         | desc       | 4          | 0.96                         | 1.0                    | 6   | 36536,36725,36914,36540,36729,36918 | 4.17     |
| 4   | 80         | 10000000 | 1250000   | 117648   | 4       | 2048  | 8    | io_uring | 12        | 16  | decrease  | desc        | asc        | 16         | 1.47                         | 1.53                   | 6   | 7675,7857,8039,7679,7861,8043       | 4.08     |
| 11  | 80         | 10000000 | 10000000  | 117648   | 16      | 32    | 1    | io_uring | 12        | 16  | decrease  | asc         | desc       | 6048576    | 1301.4                       | 1354.44                | 6   | 24013,24216,24419,24017,24220,24423 | 4.08     |
| 11  | 80         | 10000000 | 10000000  | 117648   | 16      | 32    | 1    | io_uring | 12        | 16  | decrease  | asc         | desc       | 5048576    | 1107.06                      | 1151.97                | 6   | 24006,24209,24412,24010,24213,24416 | 4.06     |
| 9   | 80         | 10000000 | 10000000  | 117648   | 16      | 32    | 1    | worker   | 12        | 16  | increase  | asc         | desc       | 256        | 0.5                          | 0.52                   | 6   | 17804,18007,18210,17808,18011,18214 | 4.0      |
| 12  | 80         | 10000000 | 10000000  | 117648   | 16      | 32    | 1    | io_uring | 12        | 16  | decrease  | desc        | asc        | 4          | 0.25                         | 0.26                   | 6   | 25679,25882,26085,25683,25886,26089 | 4.0      |
| 8   | 60         | 10000000 | 625000    | 156250   | 1048576 | 128   | 16   | io_uring | 12        | 16  | decrease  | desc        | desc       | 565536     | 2162.65                      | 2248.91                | 6   | 16782,16957,17132,16786,16961,17136 | 3.99     |
| 10  | 80         | 10000000 | 10000000  | 117648   | 16      | 32    | 1    | io_uring | 12        | 16  | increase  | desc        | asc        | 262144     | 60.23                        | 62.6                   | 6   | 20919,21122,21325,20923,21126,21329 | 3.93     |
| 7   | 60         | 10000000 | 625000    | 156250   | 1048576 | 128   | 16   | io_uring | 12        | 16  | decrease  | asc         | desc       | 1024       | 26.3                         | 27.33                  | 6   | 14584,14759,14934,14588,14763,14938 | 3.92     |
| 9   | 80         | 10000000 | 10000000  | 117648   | 16      | 32    | 1    | worker   | 12        | 16  | increase  | asc         | asc        | 2          | 0.26                         | 0.27                   | 6   | 17146,17349,17552,17150,17353,17556 | 3.85     |
| 10  | 80         | 10000000 | 10000000  | 117648   | 16      | 32    | 1    | io_uring | 12        | 16  | increase  | desc        | asc        | 512        | 0.52                         | 0.54                   | 6   | 20856,21059,21262,20860,21063,21266 | 3.85     |
| 10  | 80         | 10000000 | 10000000  | 117648   | 16      | 32    | 1    | worker   | 12        | 16  | increase  | desc        | desc       | 4          | 0.26                         | 0.27                   | 6   | 20198,20401,20604,20202,20405,20608 | 3.85     |
| 11  | 80         | 10000000 | 10000000  | 117648   | 16      | 32    | 1    | io_uring | 12        | 16  | decrease  | asc         | asc        | 1          | 0.26                         | 0.27                   | 6   | 23229,23432,23635,23233,23436,23639 | 3.85     |
| 11  | 80         | 10000000 | 10000000  | 117648   | 16      | 32    | 1    | io_uring | 12        | 16  | decrease  | asc         | asc        | 2          | 0.26                         | 0.27                   | 6   | 23236,23439,23642,23240,23443,23646 | 3.85     |
| 14  | 80         | 10000000 | 2500000   | 117648   | 1048576 | 2     | 4    | worker   | 12        | 16  | increase  | desc        | desc       | 1          | 0.26                         | 0.27                   | 6   | 29718,29907,30096,29722,29911,30100 | 3.85     |
| 14  | 80         | 10000000 | 2500000   | 117648   | 1048576 | 2     | 4    | io_uring | 12        | 16  | increase  | desc        | asc        | 65536      | 181.58                       | 188.43                 | 6   | 30397,30586,30775,30401,30590,30779 | 3.77     |
| 9   | 80         | 10000000 | 10000000  | 117648   | 16      | 32    | 1    | io_uring | 12        | 16  | increase  | asc         | asc        | 4          | 0.27                         | 0.28                   | 6   | 18371,18574,18777,18375,18578,18781 | 3.7      |
| 16  | 80         | 10000000 | 2500000   | 117648   | 1048576 | 2     | 4    | io_uring | 12        | 16  | decrease  | desc        | desc       | 1          | 0.27                         | 0.28                   | 6   | 35388,35577,35766,35392,35581,35770 | 3.7      |
| 7   | 60         | 10000000 | 625000    | 156250   | 1048576 | 128   | 16   | io_uring | 12        | 16  | decrease  | asc         | desc       | 2048       | 49.62                        | 51.42                  | 6   | 14591,14766,14941,14595,14770,14945 | 3.63     |
| 10  | 80         | 10000000 | 10000000  | 117648   | 16      | 32    | 1    | io_uring | 12        | 16  | increase  | desc        | asc        | 131072     | 31.02                        | 32.14                  | 6   | 20912,21115,21318,20916,21119,21322 | 3.61     |
| 10  | 80         | 10000000 | 10000000  | 117648   | 16      | 32    | 1    | worker   | 12        | 16  | increase  | desc        | asc        | 8192       | 2.77                         | 2.87                   | 6   | 19666,19869,20072,19670,19873,20076 | 3.61     |
| 3   | 80         | 10000000 | 1250000   | 117648   | 4       | 2048  | 8    | io_uring | 12        | 16  | decrease  | asc         | asc        | 1          | 0.56                         | 0.58                   | 6   | 5463,5645,5827,5467,5649,5831       | 3.57     |
| 11  | 80         | 10000000 | 10000000  | 117648   | 16      | 32    | 1    | io_uring | 12        | 16  | decrease  | asc         | desc       | 4          | 0.28                         | 0.29                   | 6   | 23852,24055,24258,23856,24059,24262 | 3.57     |
| 11  | 80         | 10000000 | 10000000  | 117648   | 16      | 32    | 1    | io_uring | 12        | 16  | decrease  | asc         | desc       | 32         | 0.28                         | 0.29                   | 6   | 23873,24076,24279,23877,24080,24283 | 3.57     |
| 11  | 80         | 10000000 | 10000000  | 117648   | 16      | 32    | 1    | worker   | 12        | 16  | decrease  | asc         | desc       | 4          | 0.28                         | 0.29                   | 6   | 22634,22837,23040,22638,22841,23044 | 3.57     |
| 11  | 80         | 10000000 | 10000000  | 117648   | 16      | 32    | 1    | io_uring | 12        | 16  | decrease  | asc         | desc       | 3048576    | 665.47                       | 689.05                 | 6   | 23992,24195,24398,23996,24199,24402 | 3.54     |
| 13  | 80         | 10000000 | 2500000   | 117648   | 1048576 | 2     | 4    | worker   | 12        | 16  | increase  | asc         | asc        | 8192       | 32.63                        | 33.78                  | 6   | 26974,27163,27352,26978,27167,27356 | 3.52     |
| 7   | 60         | 10000000 | 625000    | 156250   | 1048576 | 128   | 16   | worker   | 12        | 16  | decrease  | asc         | asc        | 256        | 4.54                         | 4.7                    | 6   | 12995,13170,13345,12999,13174,13349 | 3.52     |
| 6   | 60         | 10000000 | 625000    | 156250   | 1048576 | 128   | 16   | io_uring | 12        | 16  | increase  | desc        | asc        | 1024       | 28.11                        | 29.1                   | 6   | 11959,12134,12309,11963,12138,12313 | 3.52     |
| 10  | 80         | 10000000 | 10000000  | 117648   | 16      | 32    | 1    | io_uring | 12        | 16  | increase  | desc        | asc        | 1048576    | 234.07                       | 242.13                 | 6   | 20933,21136,21339,20937,21140,21343 | 3.44     |
| 7   | 60         | 10000000 | 625000    | 156250   | 1048576 | 128   | 16   | worker   | 12        | 16  | decrease  | asc         | asc        | 128        | 3.21                         | 3.32                   | 6   | 12988,13163,13338,12992,13167,13342 | 3.43     |
| 10  | 80         | 10000000 | 10000000  | 117648   | 16      | 32    | 1    | io_uring | 12        | 16  | increase  | desc        | asc        | 8048576    | 1788.28                      | 1849.03                | 6   | 20982,21185,21388,20986,21189,21392 | 3.4      |
| 15  | 80         | 10000000 | 2500000   | 117648   | 1048576 | 2     | 4    | worker   | 12        | 16  | decrease  | asc         | asc        | 16         | 0.92                         | 0.95                   | 6   | 31447,31636,31825,31451,31640,31829 | 3.26     |
| 9   | 80         | 10000000 | 10000000  | 117648   | 16      | 32    | 1    | io_uring | 12        | 16  | increase  | asc         | desc       | 4          | 0.31                         | 0.32                   | 6   | 18980,19183,19386,18984,19187,19390 | 3.23     |
| 11  | 80         | 10000000 | 10000000  | 117648   | 16      | 32    | 1    | io_uring | 12        | 16  | decrease  | asc         | asc        | 512        | 0.62                         | 0.64                   | 6   | 23292,23495,23698,23296,23499,23702 | 3.23     |
| 9   | 80         | 10000000 | 10000000  | 117648   | 16      | 32    | 1    | io_uring | 12        | 16  | increase  | asc         | asc        | 8192       | 1.91                         | 1.97                   | 6   | 18448,18651,18854,18452,18655,18858 | 3.14     |
| 12  | 80         | 10000000 | 10000000  | 117648   | 16      | 32    | 1    | worker   | 12        | 16  | decrease  | desc        | asc        | 128        | 0.32                         | 0.33                   | 6   | 24496,24699,24902,24500,24703,24906 | 3.13     |
| 12  | 80         | 10000000 | 10000000  | 117648   | 16      | 32    | 1    | worker   | 12        | 16  | decrease  | desc        | desc       | 32         | 0.32                         | 0.33                   | 6   | 25091,25294,25497,25095,25298,25501 | 3.13     |
| 17  | 20         | 10000000 | 2500000   | 476191   | 4194304 | 128   | 4    | worker   | 12        | 16  | increase  | asc         | desc       | 2048       | 70.15                        | 72.32                  | 6   | 36599,36788,36977,36603,36792,36981 | 3.09     |
| 5   | 60         | 10000000 | 625000    | 156250   | 1048576 | 128   | 16   | io_uring | 12        | 16  | increase  | asc         | asc        | 565536     | 2191.53                      | 2258.71                | 6   | 9957,10132,10307,9961,10136,10311   | 3.07     |
| 4   | 80         | 10000000 | 1250000   | 117648   | 4       | 2048  | 8    | worker   | 12        | 16  | decrease  | desc        | asc        | 256        | 2.96                         | 3.05                   | 6   | 6611,6793,6975,6615,6797,6979       | 3.04     |
| 14  | 80         | 10000000 | 2500000   | 117648   | 1048576 | 2     | 4    | worker   | 12        | 16  | increase  | desc        | desc       | 16384      | 66.57                        | 68.59                  | 6   | 29816,30005,30194,29820,30009,30198 | 3.03     |
| 9   | 80         | 10000000 | 10000000  | 117648   | 16      | 32    | 1    | io_uring | 12        | 16  | increase  | asc         | desc       | 512        | 0.66                         | 0.68                   | 6   | 19029,19232,19435,19033,19236,19439 | 3.03     |
| 10  | 80         | 10000000 | 10000000  | 117648   | 16      | 32    | 1    | io_uring | 12        | 16  | increase  | desc        | asc        | 4048576    | 905.84                       | 933.18                 | 6   | 20954,21157,21360,20958,21161,21364 | 3.02     |
| 14  | 80         | 10000000 | 2500000   | 117648   | 1048576 | 2     | 4    | io_uring | 12        | 16  | increase  | desc        | asc        | 8192       | 47.62                        | 49.05                  | 6   | 30376,30565,30754,30380,30569,30758 | 3.0      |
| 15  | 80         | 10000000 | 2500000   | 117648   | 1048576 | 2     | 4    | worker   | 12        | 16  | decrease  | asc         | desc       | 32768      | 93.44                        | 96.23                  | 6   | 32091,32280,32469,32095,32284,32473 | 2.99     |
| 17  | 20         | 10000000 | 2500000   | 476191   | 4194304 | 128   | 4    | io_uring | 12        | 16  | increase  | asc         | asc        | 4          | 1.01                         | 1.04                   | 6   | 37103,37292,37481,37107,37296,37485 | 2.97     |
| 17  | 20         | 10000000 | 2500000   | 476191   | 4194304 | 128   | 4    | io_uring | 12        | 16  | increase  | asc         | asc        | 1512144    | 4862.32                      | 5005.71                | 6   | 37250,37439,37628,37254,37443,37632 | 2.95     |
| 4   | 80         | 10000000 | 1250000   | 117648   | 4       | 2048  | 8    | worker   | 12        | 16  | decrease  | desc        | desc       | 2          | 0.68                         | 0.7                    | 6   | 7108,7290,7472,7112,7294,7476       | 2.94     |
| 10  | 80         | 10000000 | 10000000  | 117648   | 16      | 32    | 1    | io_uring | 12        | 16  | increase  | desc        | asc        | 128        | 0.34                         | 0.35                   | 6   | 20842,21045,21248,20846,21049,21252 | 2.94     |
| 10  | 80         | 10000000 | 10000000  | 117648   | 16      | 32    | 1    | worker   | 12        | 16  | increase  | desc        | desc       | 64         | 0.34                         | 0.35                   | 6   | 20226,20429,20632,20230,20433,20636 | 2.94     |
| 11  | 80         | 10000000 | 10000000  | 117648   | 16      | 32    | 1    | io_uring | 12        | 16  | decrease  | asc         | desc       | 131072     | 30.68                        | 31.58                  | 6   | 23957,24160,24363,23961,24164,24367 | 2.93     |
| 13  | 80         | 10000000 | 2500000   | 117648   | 1048576 | 2     | 4    | worker   | 12        | 16  | increase  | asc         | asc        | 32         | 1.72                         | 1.77                   | 6   | 26918,27107,27296,26922,27111,27300 | 2.91     |
| 14  | 80         | 10000000 | 2500000   | 117648   | 1048576 | 2     | 4    | worker   | 12        | 16  | increase  | desc        | asc        | 262144     | 373.4                        | 384.25                 | 6   | 29277,29466,29655,29281,29470,29659 | 2.91     |
| 17  | 20         | 10000000 | 2500000   | 476191   | 4194304 | 128   | 4    | worker   | 12        | 16  | increase  | asc         | asc        | 16384      | 208.87                       | 214.93                 | 6   | 36053,36242,36431,36057,36246,36435 | 2.9      |
| 17  | 20         | 10000000 | 2500000   | 476191   | 4194304 | 128   | 4    | worker   | 12        | 16  | increase  | asc         | asc        | 2262144    | 5898.39                      | 6069.06                | 6   | 36137,36326,36515,36141,36330,36519 | 2.89     |
| 13  | 80         | 10000000 | 2500000   | 117648   | 1048576 | 2     | 4    | worker   | 12        | 16  | increase  | asc         | desc       | 4096       | 21.41                        | 22.02                  | 6   | 27534,27723,27912,27538,27727,27916 | 2.85     |
| 12  | 80         | 10000000 | 10000000  | 117648   | 16      | 32    | 1    | io_uring | 12        | 16  | decrease  | desc        | desc       | 8192       | 1.78                         | 1.83                   | 6   | 26365,26568,26771,26369,26572,26775 | 2.81     |
| 14  | 80         | 10000000 | 2500000   | 117648   | 1048576 | 2     | 4    | io_uring | 12        | 16  | increase  | desc        | asc        | 32768      | 128.76                       | 132.29                 | 6   | 30390,30579,30768,30394,30583,30772 | 2.74     |
| 14  | 80         | 10000000 | 2500000   | 117648   | 1048576 | 2     | 4    | worker   | 12        | 16  | increase  | desc        | asc        | 16384      | 59.74                        | 61.37                  | 6   | 29249,29438,29627,29253,29442,29631 | 2.73     |
| 11  | 80         | 10000000 | 10000000  | 117648   | 16      | 32    | 1    | worker   | 12        | 16  | decrease  | asc         | desc       | 2048576    | 477.9                        | 490.91                 | 6   | 22767,22970,23173,22771,22974,23177 | 2.72     |
| 8   | 60         | 10000000 | 625000    | 156250   | 1048576 | 128   | 16   | worker   | 12        | 16  | decrease  | desc        | desc       | 565536     | 2080.8                       | 2137.44                | 6   | 15732,15907,16082,15736,15911,16086 | 2.72     |
| 5   | 60         | 10000000 | 625000    | 156250   | 1048576 | 128   | 16   | io_uring | 12        | 16  | increase  | asc         | desc       | 512        | 14.73                        | 15.13                  | 6   | 10377,10552,10727,10381,10556,10731 | 2.72     |
| 14  | 80         | 10000000 | 2500000   | 117648   | 1048576 | 2     | 4    | worker   | 12        | 16  | increase  | desc        | asc        | 512144     | 662.17                       | 679.99                 | 6   | 29284,29473,29662,29288,29477,29666 | 2.69     |
| 8   | 60         | 10000000 | 625000    | 156250   | 1048576 | 128   | 16   | worker   | 12        | 16  | decrease  | desc        | desc       | 2048       | 14.94                        | 15.34                  | 6   | 15641,15816,15991,15645,15820,15995 | 2.68     |
| 15  | 80         | 10000000 | 2500000   | 117648   | 1048576 | 2     | 4    | io_uring | 12        | 16  | decrease  | asc         | desc       | 32768      | 119.44                       | 122.58                 | 6   | 33225,33414,33603,33229,33418,33607 | 2.63     |
| 11  | 80         | 10000000 | 10000000  | 117648   | 16      | 32    | 1    | worker   | 12        | 16  | decrease  | asc         | desc       | 1048576    | 240.83                       | 247.1                  | 6   | 22760,22963,23166,22764,22967,23170 | 2.6      |
| 5   | 60         | 10000000 | 625000    | 156250   | 1048576 | 128   | 16   | io_uring | 12        | 16  | increase  | asc         | asc        | 440536     | 1793.32                      | 1839.56                | 6   | 9943,10118,10293,9947,10122,10297   | 2.58     |
| 5   | 60         | 10000000 | 625000    | 156250   | 1048576 | 128   | 16   | io_uring | 12        | 16  | increase  | asc         | asc        | 503036     | 1980.92                      | 2031.71                | 6   | 9950,10125,10300,9954,10129,10304   | 2.56     |
| 8   | 60         | 10000000 | 625000    | 156250   | 1048576 | 128   | 16   | io_uring | 12        | 16  | decrease  | desc        | asc        | 2048       | 52.1                         | 53.43                  | 6   | 16166,16341,16516,16170,16345,16520 | 2.55     |
| 5   | 60         | 10000000 | 625000    | 156250   | 1048576 | 128   | 16   | worker   | 12        | 16  | increase  | asc         | asc        | 2048       | 16.12                        | 16.53                  | 6   | 8816,8991,9166,8820,8995,9170       | 2.54     |
| 13  | 80         | 10000000 | 2500000   | 117648   | 1048576 | 2     | 4    | io_uring | 12        | 16  | increase  | asc         | desc       | 8192       | 46.56                        | 47.74                  | 6   | 28675,28864,29053,28679,28868,29057 | 2.53     |
| 10  | 80         | 10000000 | 10000000  | 117648   | 16      | 32    | 1    | io_uring | 12        | 16  | increase  | desc        | asc        | 524288     | 117.16                       | 120.06                 | 6   | 20926,21129,21332,20930,21133,21336 | 2.48     |
| 12  | 80         | 10000000 | 10000000  | 117648   | 16      | 32    | 1    | io_uring | 12        | 16  | decrease  | desc        | desc       | 2048       | 0.82                         | 0.84                   | 6   | 26351,26554,26757,26355,26558,26761 | 2.44     |
| 6   | 60         | 10000000 | 625000    | 156250   | 1048576 | 128   | 16   | worker   | 12        | 16  | increase  | desc        | asc        | 8192       | 128.0                        | 131.07                 | 6   | 10930,11105,11280,10934,11109,11284 | 2.4      |
| 11  | 80         | 10000000 | 10000000  | 117648   | 16      | 32    | 1    | io_uring | 12        | 16  | decrease  | asc         | desc       | 32768      | 8.34                         | 8.54                   | 6   | 23943,24146,24349,23947,24150,24353 | 2.4      |
| 8   | 60         | 10000000 | 625000    | 156250   | 1048576 | 128   | 16   | io_uring | 12        | 16  | decrease  | desc        | asc        | 253036     | 1996.9                       | 2044.48                | 6   | 16222,16397,16572,16226,16401,16576 | 2.38     |
| 16  | 80         | 10000000 | 2500000   | 117648   | 1048576 | 2     | 4    | worker   | 12        | 16  | decrease  | desc        | desc       | 4          | 0.42                         | 0.43                   | 6   | 34268,34457,34646,34272,34461,34650 | 2.38     |
| 11  | 80         | 10000000 | 10000000  | 117648   | 16      | 32    | 1    | worker   | 12        | 16  | decrease  | asc         | desc       | 4048576    | 885.95                       | 906.73                 | 6   | 22781,22984,23187,22785,22988,23191 | 2.35     |
| 17  | 20         | 10000000 | 2500000   | 476191   | 4194304 | 128   | 4    | worker   | 12        | 16  | increase  | asc         | desc       | 262144     | 2486.36                      | 2543.8                 | 6   | 36648,36837,37026,36652,36841,37030 | 2.31     |
| 13  | 80         | 10000000 | 2500000   | 117648   | 1048576 | 2     | 4    | worker   | 12        | 16  | increase  | asc         | asc        | 512144     | 462.41                       | 473.06                 | 6   | 27016,27205,27394,27020,27209,27398 | 2.3      |
| 11  | 80         | 10000000 | 10000000  | 117648   | 16      | 32    | 1    | worker   | 12        | 16  | decrease  | asc         | desc       | 262144     | 63.11                        | 64.54                  | 6   | 22746,22949,23152,22750,22953,23156 | 2.27     |
| 7   | 60         | 10000000 | 625000    | 156250   | 1048576 | 128   | 16   | worker   | 12        | 16  | decrease  | asc         | asc        | 16         | 2.22                         | 2.27                   | 6   | 12967,13142,13317,12971,13146,13321 | 2.25     |
| 15  | 80         | 10000000 | 2500000   | 117648   | 1048576 | 2     | 4    | io_uring | 12        | 16  | decrease  | asc         | asc        | 4          | 0.45                         | 0.46                   | 6   | 32567,32756,32945,32571,32760,32949 | 2.22     |
| 10  | 80         | 10000000 | 10000000  | 117648   | 16      | 32    | 1    | worker   | 12        | 16  | increase  | desc        | asc        | 9048576    | 1873.21                      | 1914.65                | 6   | 19771,19974,20177,19775,19978,20181 | 2.21     |
| 6   | 60         | 10000000 | 625000    | 156250   | 1048576 | 128   | 16   | io_uring | 12        | 16  | increase  | desc        | desc       | 4          | 0.92                         | 0.94                   | 6   | 12428,12603,12778,12432,12607,12782 | 2.17     |
| 7   | 60         | 10000000 | 625000    | 156250   | 1048576 | 128   | 16   | worker   | 12        | 16  | decrease  | asc         | desc       | 2048       | 41.95                        | 42.86                  | 6   | 13541,13716,13891,13545,13720,13895 | 2.17     |
| 7   | 60         | 10000000 | 625000    | 156250   | 1048576 | 128   | 16   | io_uring | 12        | 16  | decrease  | asc         | asc        | 253036     | 1083.13                      | 1106.62                | 6   | 14122,14297,14472,14126,14301,14476 | 2.17     |
| 18  | 20         | 10000000 | 2500000   | 476191   | 4194304 | 128   | 4    | worker   | 12        | 16  | increase  | desc        | asc        | 16384      | 312.66                       | 319.35                 | 6   | 38321,38510,38699,38325,38514,38703 | 2.14     |
| 15  | 80         | 10000000 | 2500000   | 117648   | 1048576 | 2     | 4    | io_uring | 12        | 16  | decrease  | asc         | asc        | 1024       | 8.93                         | 9.12                   | 6   | 32623,32812,33001,32627,32816,33005 | 2.13     |
| 1   | 80         | 10000000 | 1250000   | 117648   | 4       | 2048  | 8    | worker   | 12        | 16  | increase  | asc         | desc       | 16         | 1.45                         | 1.48                   | 6   | 577,759,941,581,763,945             | 2.07     |
| 15  | 80         | 10000000 | 2500000   | 117648   | 1048576 | 2     | 4    | worker   | 12        | 16  | decrease  | asc         | asc        | 131072     | 167.39                       | 170.83                 | 6   | 31538,31727,31916,31542,31731,31920 | 2.06     |
| 8   | 60         | 10000000 | 625000    | 156250   | 1048576 | 128   | 16   | io_uring | 12        | 16  | decrease  | desc        | desc       | 440536     | 1791.08                      | 1827.35                | 6   | 16768,16943,17118,16772,16947,17122 | 2.03     |
| 6   | 60         | 10000000 | 625000    | 156250   | 1048576 | 128   | 16   | io_uring | 12        | 16  | increase  | desc        | desc       | 253036     | 1095.63                      | 1117.73                | 6   | 12547,12722,12897,12551,12726,12901 | 2.02     |
| 14  | 80         | 10000000 | 2500000   | 117648   | 1048576 | 2     | 4    | worker   | 12        | 16  | increase  | desc        | desc       | 4096       | 23.67                        | 24.14                  | 6   | 29802,29991,30180,29806,29995,30184 | 1.99     |
| 4   | 80         | 10000000 | 1250000   | 117648   | 4       | 2048  | 8    | worker   | 12        | 16  | decrease  | desc        | asc        | 64         | 1.57                         | 1.6                    | 6   | 6597,6779,6961,6601,6783,6965       | 1.91     |
| 16  | 80         | 10000000 | 2500000   | 117648   | 1048576 | 2     | 4    | worker   | 12        | 16  | decrease  | desc        | asc        | 32768      | 96.03                        | 97.86                  | 6   | 33792,33981,34170,33796,33985,34174 | 1.91     |
| 14  | 80         | 10000000 | 2500000   | 117648   | 1048576 | 2     | 4    | io_uring | 12        | 16  | increase  | desc        | desc       | 16384      | 70.39                        | 71.73                  | 6   | 30950,31139,31328,30954,31143,31332 | 1.9      |
| 12  | 80         | 10000000 | 10000000  | 117648   | 16      | 32    | 1    | worker   | 12        | 16  | decrease  | desc        | desc       | 3048576    | 317.51                       | 323.49                 | 6   | 25210,25413,25616,25214,25417,25620 | 1.88     |
| 16  | 80         | 10000000 | 2500000   | 117648   | 1048576 | 2     | 4    | io_uring | 12        | 16  | decrease  | desc        | desc       | 8192       | 42.67                        | 43.46                  | 6   | 35479,35668,35857,35483,35672,35861 | 1.85     |
| 14  | 80         | 10000000 | 2500000   | 117648   | 1048576 | 2     | 4    | worker   | 12        | 16  | increase  | desc        | asc        | 1012144    | 1255.07                      | 1277.96                | 6   | 29298,29487,29676,29302,29491,29680 | 1.82     |
| 10  | 80         | 10000000 | 10000000  | 117648   | 16      | 32    | 1    | io_uring | 12        | 16  | increase  | desc        | asc        | 32768      | 8.24                         | 8.39                   | 6   | 20898,21101,21304,20902,21105,21308 | 1.82     |
| 14  | 80         | 10000000 | 2500000   | 117648   | 1048576 | 2     | 4    | io_uring | 12        | 16  | increase  | desc        | asc        | 128        | 5.02                         | 5.11                   | 6   | 30334,30523,30712,30338,30527,30716 | 1.79     |
| 9   | 80         | 10000000 | 10000000  | 117648   | 16      | 32    | 1    | worker   | 12        | 16  | increase  | asc         | asc        | 512        | 0.56                         | 0.57                   | 6   | 17202,17405,17608,17206,17409,17612 | 1.79     |
| 6   | 60         | 10000000 | 625000    | 156250   | 1048576 | 128   | 16   | io_uring | 12        | 16  | increase  | desc        | desc       | 4096       | 34.8                         | 35.42                  | 6   | 12498,12673,12848,12502,12677,12852 | 1.78     |
| 13  | 80         | 10000000 | 2500000   | 117648   | 1048576 | 2     | 4    | worker   | 12        | 16  | increase  | asc         | asc        | 64         | 2.28                         | 2.32                   | 6   | 26925,27114,27303,26929,27118,27307 | 1.75     |
| 8   | 60         | 10000000 | 625000    | 156250   | 1048576 | 128   | 16   | worker   | 12        | 16  | decrease  | desc        | asc        | 32         | 2.86                         | 2.91                   | 6   | 15074,15249,15424,15078,15253,15428 | 1.75     |
| 2   | 80         | 10000000 | 1250000   | 117648   | 4       | 2048  | 8    | io_uring | 12        | 16  | increase  | desc        | asc        | 512        | 2.87                         | 2.92                   | 6   | 3342,3524,3706,3346,3528,3710       | 1.74     |
| 8   | 60         | 10000000 | 625000    | 156250   | 1048576 | 128   | 16   | io_uring | 12        | 16  | decrease  | desc        | desc       | 2048       | 19.57                        | 19.91                  | 6   | 16691,16866,17041,16695,16870,17045 | 1.74     |
| 14  | 80         | 10000000 | 2500000   | 117648   | 1048576 | 2     | 4    | worker   | 12        | 16  | increase  | desc        | desc       | 131072     | 195.09                       | 198.45                 | 6   | 29837,30026,30215,29841,30030,30219 | 1.72     |
| 1   | 80         | 10000000 | 1250000   | 117648   | 4       | 2048  | 8    | worker   | 12        | 16  | increase  | asc         | asc        | 512        | 2.36                         | 2.4                    | 6   | 66,248,430,70,252,434               | 1.69     |
| 13  | 80         | 10000000 | 2500000   | 117648   | 1048576 | 2     | 4    | io_uring | 12        | 16  | increase  | asc         | desc       | 65536      | 182.89                       | 185.95                 | 6   | 28696,28885,29074,28700,28889,29078 | 1.67     |
| 11  | 80         | 10000000 | 10000000  | 117648   | 16      | 32    | 1    | io_uring | 12        | 16  | decrease  | asc         | desc       | 2048576    | 453.12                       | 460.63                 | 6   | 23985,24188,24391,23989,24192,24395 | 1.66     |
| 2   | 80         | 10000000 | 1250000   | 117648   | 4       | 2048  | 8    | worker   | 12        | 16  | increase  | desc        | asc        | 16         | 1.21                         | 1.23                   | 6   | 2215,2397,2579,2219,2401,2583       | 1.65     |
| 6   | 60         | 10000000 | 625000    | 156250   | 1048576 | 128   | 16   | io_uring | 12        | 16  | increase  | desc        | desc       | 440536     | 1789.17                      | 1818.42                | 6   | 12568,12743,12918,12572,12747,12922 | 1.63     |
| 7   | 60         | 10000000 | 625000    | 156250   | 1048576 | 128   | 16   | io_uring | 12        | 16  | decrease  | asc         | asc        | 315536     | 1315.83                      | 1337.34                | 6   | 14129,14304,14479,14133,14308,14483 | 1.63     |
| 8   | 60         | 10000000 | 625000    | 156250   | 1048576 | 128   | 16   | io_uring | 12        | 16  | decrease  | desc        | desc       | 378036     | 1564.56                      | 1590.09                | 6   | 16761,16936,17111,16765,16940,17115 | 1.63     |
| 8   | 60         | 10000000 | 625000    | 156250   | 1048576 | 128   | 16   | worker   | 12        | 16  | decrease  | desc        | asc        | 8192       | 128.53                       | 130.61                 | 6   | 15130,15305,15480,15134,15309,15484 | 1.62     |
| 1   | 80         | 10000000 | 1250000   | 117648   | 4       | 2048  | 8    | io_uring | 12        | 16  | increase  | asc         | desc       | 1          | 0.62                         | 0.63                   | 6   | 1641,1823,2005,1645,1827,2009       | 1.61     |
| 18  | 20         | 10000000 | 2500000   | 476191   | 4194304 | 128   | 4    | worker   | 12        | 16  | increase  | desc        | desc       | 762144     | 2902.48                      | 2949.21                | 2   | 38930,38934                         | 1.61     |
| 14  | 80         | 10000000 | 2500000   | 117648   | 1048576 | 2     | 4    | worker   | 12        | 16  | increase  | desc        | asc        | 131072     | 216.71                       | 220.16                 | 6   | 29270,29459,29648,29274,29463,29652 | 1.59     |
| 6   | 60         | 10000000 | 625000    | 156250   | 1048576 | 128   | 16   | io_uring | 12        | 16  | increase  | desc        | desc       | 8192       | 67.48                        | 68.55                  | 6   | 12505,12680,12855,12509,12684,12859 | 1.59     |
| 5   | 60         | 10000000 | 625000    | 156250   | 1048576 | 128   | 16   | worker   | 12        | 16  | increase  | asc         | desc       | 32768      | 506.48                       | 514.39                 | 6   | 9369,9544,9719,9373,9548,9723       | 1.56     |
| 18  | 20         | 10000000 | 2500000   | 476191   | 4194304 | 128   | 4    | worker   | 12        | 16  | increase  | desc        | desc       | 8192       | 145.22                       | 147.48                 | 4   | 38881,39070,38885,39074             | 1.56     |
| 8   | 60         | 10000000 | 625000    | 156250   | 1048576 | 128   | 16   | worker   | 12        | 16  | decrease  | desc        | desc       | 8          | 1.29                         | 1.31                   | 6   | 15585,15760,15935,15589,15764,15939 | 1.55     |
| 14  | 80         | 10000000 | 2500000   | 117648   | 1048576 | 2     | 4    | worker   | 12        | 16  | increase  | desc        | desc       | 8          | 0.65                         | 0.66                   | 6   | 29739,29928,30117,29743,29932,30121 | 1.54     |
| 8   | 60         | 10000000 | 625000    | 156250   | 1048576 | 128   | 16   | worker   | 12        | 16  | decrease  | desc        | asc        | 1024       | 19.53                        | 19.83                  | 6   | 15109,15284,15459,15113,15288,15463 | 1.54     |
| 7   | 60         | 10000000 | 625000    | 156250   | 1048576 | 128   | 16   | worker   | 12        | 16  | decrease  | asc         | asc        | 8          | 1.32                         | 1.34                   | 6   | 12960,13135,13310,12964,13139,13314 | 1.52     |
| 17  | 20         | 10000000 | 2500000   | 476191   | 4194304 | 128   | 4    | worker   | 12        | 16  | increase  | asc         | asc        | 32768      | 382.85                       | 388.65                 | 6   | 36060,36249,36438,36064,36253,36442 | 1.51     |
| 6   | 60         | 10000000 | 625000    | 156250   | 1048576 | 128   | 16   | worker   | 12        | 16  | increase  | desc        | asc        | 4          | 0.68                         | 0.69                   | 6   | 10853,11028,11203,10857,11032,11207 | 1.47     |
| 18  | 20         | 10000000 | 2500000   | 476191   | 4194304 | 128   | 4    | worker   | 12        | 16  | increase  | desc        | desc       | 1012144    | 3475.75                      | 3526.58                | 2   | 38937,38941                         | 1.46     |
| 17  | 20         | 10000000 | 2500000   | 476191   | 4194304 | 128   | 4    | io_uring | 12        | 16  | increase  | asc         | asc        | 256        | 16.63                        | 16.87                  | 6   | 37145,37334,37523,37149,37338,37527 | 1.44     |
| 6   | 60         | 10000000 | 625000    | 156250   | 1048576 | 128   | 16   | worker   | 12        | 16  | increase  | desc        | asc        | 1024       | 20.2                         | 20.49                  | 6   | 10909,11084,11259,10913,11088,11263 | 1.44     |
| 16  | 80         | 10000000 | 2500000   | 117648   | 1048576 | 2     | 4    | io_uring | 12        | 16  | decrease  | desc        | asc        | 2048       | 15.37                        | 15.59                  | 6   | 34898,35087,35276,34902,35091,35280 | 1.43     |
| 7   | 60         | 10000000 | 625000    | 156250   | 1048576 | 128   | 16   | io_uring | 12        | 16  | decrease  | asc         | asc        | 378036     | 1543.39                      | 1564.88                | 6   | 14136,14311,14486,14140,14315,14490 | 1.39     |
| 8   | 60         | 10000000 | 625000    | 156250   | 1048576 | 128   | 16   | io_uring | 12        | 16  | decrease  | desc        | asc        | 1024       | 28.74                        | 29.14                  | 6   | 16159,16334,16509,16163,16338,16513 | 1.39     |
| 9   | 80         | 10000000 | 10000000  | 117648   | 16      | 32    | 1    | worker   | 12        | 16  | increase  | asc         | asc        | 2048576    | 237.17                       | 240.46                 | 6   | 17286,17489,17692,17290,17493,17696 | 1.39     |
| 5   | 60         | 10000000 | 625000    | 156250   | 1048576 | 128   | 16   | worker   | 12        | 16  | increase  | asc         | asc        | 253036     | 991.62                       | 1005.26                | 6   | 8872,9047,9222,8876,9051,9226       | 1.38     |
| 15  | 80         | 10000000 | 2500000   | 117648   | 1048576 | 2     | 4    | io_uring | 12        | 16  | decrease  | asc         | asc        | 65536      | 145.62                       | 147.61                 | 6   | 32665,32854,33043,32669,32858,33047 | 1.37     |
| 8   | 60         | 10000000 | 625000    | 156250   | 1048576 | 128   | 16   | worker   | 12        | 16  | decrease  | desc        | desc       | 503036     | 1883.75                      | 1909.17                | 6   | 15725,15900,16075,15729,15904,16079 | 1.35     |
| 3   | 80         | 10000000 | 1250000   | 117648   | 4       | 2048  | 8    | worker   | 12        | 16  | decrease  | asc         | desc       | 64         | 1.49                         | 1.51                   | 6   | 4959,5141,5323,4963,5145,5327       | 1.34     |
| 2   | 80         | 10000000 | 1250000   | 117648   | 4       | 2048  | 8    | worker   | 12        | 16  | increase  | desc        | asc        | 2          | 0.76                         | 0.77                   | 6   | 2194,2376,2558,2198,2380,2562       | 1.32     |
| 17  | 20         | 10000000 | 2500000   | 476191   | 4194304 | 128   | 4    | worker   | 12        | 16  | increase  | asc         | asc        | 2012144    | 5479.56                      | 5550.9                 | 6   | 36130,36319,36508,36134,36323,36512 | 1.3      |
| 15  | 80         | 10000000 | 2500000   | 117648   | 1048576 | 2     | 4    | worker   | 12        | 16  | decrease  | asc         | desc       | 8192       | 35.73                        | 36.19                  | 6   | 32077,32266,32455,32081,32270,32459 | 1.29     |
| 11  | 80         | 10000000 | 10000000  | 117648   | 16      | 32    | 1    | worker   | 12        | 16  | decrease  | asc         | desc       | 1024       | 0.79                         | 0.8                    | 6   | 22690,22893,23096,22694,22897,23100 | 1.27     |
| 16  | 80         | 10000000 | 2500000   | 117648   | 1048576 | 2     | 4    | io_uring | 12        | 16  | decrease  | desc        | asc        | 16384      | 81.22                        | 82.24                  | 6   | 34919,35108,35297,34923,35112,35301 | 1.26     |
| 1   | 80         | 10000000 | 1250000   | 117648   | 4       | 2048  | 8    | worker   | 12        | 16  | increase  | asc         | desc       | 512        | 4.9                          | 4.96                   | 6   | 612,794,976,616,798,980             | 1.22     |
| 3   | 80         | 10000000 | 1250000   | 117648   | 4       | 2048  | 8    | io_uring | 12        | 16  | decrease  | asc         | desc       | 2          | 0.82                         | 0.83                   | 6   | 6016,6198,6380,6020,6202,6384       | 1.22     |
| 6   | 60         | 10000000 | 625000    | 156250   | 1048576 | 128   | 16   | io_uring | 12        | 16  | increase  | desc        | desc       | 315536     | 1332.57                      | 1348.66                | 6   | 12554,12729,12904,12558,12733,12908 | 1.21     |
| 17  | 20         | 10000000 | 2500000   | 476191   | 4194304 | 128   | 4    | io_uring | 12        | 16  | increase  | asc         | asc        | 1262144    | 4346.62                      | 4399.04                | 6   | 37243,37432,37621,37247,37436,37625 | 1.21     |
| 17  | 20         | 10000000 | 2500000   | 476191   | 4194304 | 128   | 4    | worker   | 12        | 16  | increase  | asc         | desc       | 16384      | 438.96                       | 444.21                 | 6   | 36620,36809,36998,36624,36813,37002 | 1.2      |
| 7   | 60         | 10000000 | 625000    | 156250   | 1048576 | 128   | 16   | io_uring | 12        | 16  | decrease  | asc         | asc        | 503036     | 2016.68                      | 2039.91                | 6   | 14150,14325,14500,14154,14329,14504 | 1.15     |
| 13  | 80         | 10000000 | 2500000   | 117648   | 1048576 | 2     | 4    | worker   | 12        | 16  | increase  | asc         | desc       | 32768      | 102.93                       | 104.1                  | 6   | 27555,27744,27933,27559,27748,27937 | 1.14     |
| 8   | 60         | 10000000 | 625000    | 156250   | 1048576 | 128   | 16   | worker   | 12        | 16  | decrease  | desc        | asc        | 256        | 7.08                         | 7.16                   | 6   | 15095,15270,15445,15099,15274,15449 | 1.13     |
| 15  | 80         | 10000000 | 2500000   | 117648   | 1048576 | 2     | 4    | worker   | 12        | 16  | decrease  | asc         | desc       | 512144     | 669.79                       | 677.09                 | 6   | 32119,32308,32497,32123,32312,32501 | 1.09     |
| 17  | 20         | 10000000 | 2500000   | 476191   | 4194304 | 128   | 4    | io_uring | 12        | 16  | increase  | asc         | desc       | 762144     | 4389.29                      | 4436.82                | 6   | 37796,37985,38174,37800,37989,38178 | 1.08     |
| 15  | 80         | 10000000 | 2500000   | 117648   | 1048576 | 2     | 4    | io_uring | 12        | 16  | decrease  | asc         | desc       | 1762144    | 2421.3                       | 2447.43                | 6   | 33288,33477,33666,33292,33481,33670 | 1.08     |
| 7   | 60         | 10000000 | 625000    | 156250   | 1048576 | 128   | 16   | worker   | 12        | 16  | decrease  | asc         | asc        | 253036     | 990.42                       | 1001.05                | 6   | 13072,13247,13422,13076,13251,13426 | 1.07     |
| 7   | 60         | 10000000 | 625000    | 156250   | 1048576 | 128   | 16   | io_uring | 12        | 16  | decrease  | asc         | asc        | 1024       | 10.26                        | 10.37                  | 6   | 14059,14234,14409,14063,14238,14413 | 1.07     |
| 6   | 60         | 10000000 | 625000    | 156250   | 1048576 | 128   | 16   | worker   | 12        | 16  | increase  | desc        | asc        | 315536     | 1951.49                      | 1972.16                | 6   | 10979,11154,11329,10983,11158,11333 | 1.06     |
| 8   | 60         | 10000000 | 625000    | 156250   | 1048576 | 128   | 16   | worker   | 12        | 16  | decrease  | desc        | asc        | 16384      | 229.78                       | 232.2                  | 6   | 15137,15312,15487,15141,15316,15491 | 1.05     |
| 6   | 60         | 10000000 | 625000    | 156250   | 1048576 | 128   | 16   | io_uring | 12        | 16  | increase  | desc        | desc       | 565536     | 2278.08                      | 2301.83                | 6   | 12582,12757,12932,12586,12761,12936 | 1.04     |
| 7   | 60         | 10000000 | 625000    | 156250   | 1048576 | 128   | 16   | io_uring | 12        | 16  | decrease  | asc         | desc       | 378036     | 2649.93                      | 2677.31                | 6   | 14661,14836,15011,14665,14840,15015 | 1.03     |
| 18  | 20         | 10000000 | 2500000   | 476191   | 4194304 | 128   | 4    | worker   | 12        | 16  | increase  | desc        | desc       | 131072     | 1314.07                      | 1327.56                | 2   | 38909,38913                         | 1.03     |
| 5   | 60         | 10000000 | 625000    | 156250   | 1048576 | 128   | 16   | io_uring | 12        | 16  | increase  | asc         | asc        | 2048       | 17.79                        | 17.97                  | 6   | 9866,10041,10216,9870,10045,10220   | 1.01     |
| 17  | 20         | 10000000 | 2500000   | 476191   | 4194304 | 128   | 4    | io_uring | 12        | 16  | increase  | asc         | asc        | 16384      | 270.57                       | 273.27                 | 6   | 37187,37376,37565,37191,37380,37569 | 1.0      |
| 7   | 60         | 10000000 | 625000    | 156250   | 1048576 | 128   | 16   | worker   | 12        | 16  | decrease  | asc         | desc       | 190536     | 1342.56                      | 1355.95                | 6   | 13590,13765,13940,13594,13769,13944 | 1.0      |
| 18  | 20         | 10000000 | 2500000   | 476191   | 4194304 | 128   | 4    | worker   | 12        | 16  | increase  | desc        | asc        | 2048       | 51.31                        | 51.82                  | 6   | 38300,38489,38678,38304,38493,38682 | 0.99     |
| 16  | 80         | 10000000 | 2500000   | 117648   | 1048576 | 2     | 4    | worker   | 12        | 16  | decrease  | desc        | desc       | 2262144    | 1841.42                      | 1859.72                | 6   | 34436,34625,34814,34440,34629,34818 | 0.99     |
| 14  | 80         | 10000000 | 2500000   | 117648   | 1048576 | 2     | 4    | worker   | 12        | 16  | increase  | desc        | asc        | 8192       | 35.8                         | 36.15                  | 6   | 29242,29431,29620,29246,29435,29624 | 0.98     |
| 18  | 20         | 10000000 | 2500000   | 476191   | 4194304 | 128   | 4    | worker   | 12        | 16  | increase  | desc        | desc       | 1512144    | 4671.44                      | 4716.76                | 2   | 38951,38955                         | 0.97     |
| 15  | 80         | 10000000 | 2500000   | 117648   | 1048576 | 2     | 4    | worker   | 12        | 16  | decrease  | asc         | asc        | 65536      | 114.88                       | 115.99                 | 6   | 31531,31720,31909,31535,31724,31913 | 0.97     |
| 15  | 80         | 10000000 | 2500000   | 117648   | 1048576 | 2     | 4    | io_uring | 12        | 16  | decrease  | asc         | desc       | 1024       | 9.47                         | 9.56                   | 6   | 33190,33379,33568,33194,33383,33572 | 0.95     |
| 6   | 60         | 10000000 | 625000    | 156250   | 1048576 | 128   | 16   | io_uring | 12        | 16  | increase  | desc        | desc       | 378036     | 1567.54                      | 1582.3                 | 6   | 12561,12736,12911,12565,12740,12915 | 0.94     |
| 6   | 60         | 10000000 | 625000    | 156250   | 1048576 | 128   | 16   | io_uring | 12        | 16  | increase  | desc        | asc        | 16384      | 336.66                       | 339.81                 | 6   | 11987,12162,12337,11991,12166,12341 | 0.94     |
| 13  | 80         | 10000000 | 2500000   | 117648   | 1048576 | 2     | 4    | io_uring | 12        | 16  | increase  | asc         | asc        | 1512144    | 1375.65                      | 1388.44                | 6   | 28178,28367,28556,28182,28371,28560 | 0.93     |
| 6   | 60         | 10000000 | 625000    | 156250   | 1048576 | 128   | 16   | io_uring | 12        | 16  | increase  | desc        | asc        | 565536     | 3794.39                      | 3829.49                | 6   | 12057,12232,12407,12061,12236,12411 | 0.93     |
| 17  | 20         | 10000000 | 2500000   | 476191   | 4194304 | 128   | 4    | io_uring | 12        | 16  | increase  | asc         | desc       | 1012144    | 5169.58                      | 5217.11                | 6   | 37803,37992,38181,37807,37996,38185 | 0.92     |
| 10  | 80         | 10000000 | 10000000  | 117648   | 16      | 32    | 1    | worker   | 12        | 16  | increase  | desc        | asc        | 2048       | 1.11                         | 1.12                   | 6   | 19652,19855,20058,19656,19859,20062 | 0.9      |
| 8   | 60         | 10000000 | 625000    | 156250   | 1048576 | 128   | 16   | worker   | 12        | 16  | decrease  | desc        | desc       | 256        | 4.53                         | 4.57                   | 6   | 15620,15795,15970,15624,15799,15974 | 0.88     |
| 14  | 80         | 10000000 | 2500000   | 117648   | 1048576 | 2     | 4    | worker   | 12        | 16  | increase  | desc        | asc        | 1262144    | 1556.39                      | 1570.0                 | 6   | 29305,29494,29683,29309,29498,29687 | 0.87     |
| 8   | 60         | 10000000 | 625000    | 156250   | 1048576 | 128   | 16   | worker   | 12        | 16  | decrease  | desc        | desc       | 16384      | 94.43                        | 95.25                  | 6   | 15662,15837,16012,15666,15841,16016 | 0.87     |
| 7   | 60         | 10000000 | 625000    | 156250   | 1048576 | 128   | 16   | worker   | 12        | 16  | decrease  | asc         | asc        | 16384      | 98.34                        | 99.19                  | 6   | 13037,13212,13387,13041,13216,13391 | 0.86     |
| 17  | 20         | 10000000 | 2500000   | 476191   | 4194304 | 128   | 4    | worker   | 12        | 16  | increase  | asc         | asc        | 262144     | 1401.93                      | 1413.87                | 6   | 36081,36270,36459,36085,36274,36463 | 0.85     |
| 17  | 20         | 10000000 | 2500000   | 476191   | 4194304 | 128   | 4    | worker   | 12        | 16  | increase  | asc         | desc       | 762144     | 4121.37                      | 4155.96                | 6   | 36662,36851,37040,36666,36855,37044 | 0.84     |
| 5   | 60         | 10000000 | 625000    | 156250   | 1048576 | 128   | 16   | io_uring | 12        | 16  | increase  | asc         | desc       | 1024       | 27.8                         | 28.03                  | 6   | 10384,10559,10734,10388,10563,10738 | 0.83     |
| 6   | 60         | 10000000 | 625000    | 156250   | 1048576 | 128   | 16   | io_uring | 12        | 16  | increase  | desc        | asc        | 2048       | 53.16                        | 53.58                  | 6   | 11966,12141,12316,11970,12145,12320 | 0.79     |
| 15  | 80         | 10000000 | 2500000   | 117648   | 1048576 | 2     | 4    | worker   | 12        | 16  | decrease  | asc         | desc       | 16384      | 61.15                        | 61.63                  | 6   | 32084,32273,32462,32088,32277,32466 | 0.78     |
| 15  | 80         | 10000000 | 2500000   | 117648   | 1048576 | 2     | 4    | worker   | 12        | 16  | decrease  | asc         | desc       | 1512144    | 1866.27                      | 1880.66                | 6   | 32147,32336,32525,32151,32340,32529 | 0.77     |
| 2   | 80         | 10000000 | 1250000   | 117648   | 4       | 2048  | 8    | io_uring | 12        | 16  | increase  | desc        | desc       | 16         | 1.31                         | 1.32                   | 6   | 3853,4035,4217,3857,4039,4221       | 0.76     |
| 15  | 80         | 10000000 | 2500000   | 117648   | 1048576 | 2     | 4    | worker   | 12        | 16  | decrease  | asc         | desc       | 1012144    | 1277.3                       | 1287.05                | 6   | 32133,32322,32511,32137,32326,32515 | 0.76     |
| 5   | 60         | 10000000 | 625000    | 156250   | 1048576 | 128   | 16   | io_uring | 12        | 16  | increase  | asc         | asc        | 8192       | 64.29                        | 64.78                  | 6   | 9880,10055,10230,9884,10059,10234   | 0.76     |
| 17  | 20         | 10000000 | 2500000   | 476191   | 4194304 | 128   | 4    | io_uring | 12        | 16  | increase  | asc         | desc       | 65536      | 1425.78                      | 1436.49                | 6   | 37768,37957,38146,37772,37961,38150 | 0.75     |
| 7   | 60         | 10000000 | 625000    | 156250   | 1048576 | 128   | 16   | worker   | 12        | 16  | decrease  | asc         | asc        | 315536     | 1216.77                      | 1225.84                | 6   | 13079,13254,13429,13083,13258,13433 | 0.75     |
| 14  | 80         | 10000000 | 2500000   | 117648   | 1048576 | 2     | 4    | worker   | 12        | 16  | increase  | desc        | asc        | 1762144    | 2146.95                      | 2162.39                | 6   | 29319,29508,29697,29323,29512,29701 | 0.72     |
| 16  | 80         | 10000000 | 2500000   | 117648   | 1048576 | 2     | 4    | worker   | 12        | 16  | decrease  | desc        | desc       | 1512144    | 1284.93                      | 1293.77                | 6   | 34415,34604,34793,34419,34608,34797 | 0.69     |
| 17  | 20         | 10000000 | 2500000   | 476191   | 4194304 | 128   | 4    | worker   | 12        | 16  | increase  | asc         | desc       | 32768      | 783.36                       | 788.73                 | 6   | 36627,36816,37005,36631,36820,37009 | 0.69     |
| 5   | 60         | 10000000 | 625000    | 156250   | 1048576 | 128   | 16   | worker   | 12        | 16  | increase  | asc         | asc        | 16384      | 99.24                        | 99.92                  | 6   | 8837,9012,9187,8841,9016,9191       | 0.69     |
| 5   | 60         | 10000000 | 625000    | 156250   | 1048576 | 128   | 16   | io_uring | 12        | 16  | increase  | asc         | asc        | 128036     | 627.78                       | 632.06                 | 6   | 9908,10083,10258,9912,10087,10262   | 0.68     |
| 8   | 60         | 10000000 | 625000    | 156250   | 1048576 | 128   | 16   | worker   | 12        | 16  | decrease  | desc        | desc       | 128036     | 534.1                        | 537.73                 | 6   | 15683,15858,16033,15687,15862,16037 | 0.68     |
| 6   | 60         | 10000000 | 625000    | 156250   | 1048576 | 128   | 16   | io_uring | 12        | 16  | increase  | desc        | asc        | 503036     | 3459.67                      | 3483.09                | 6   | 12050,12225,12400,12054,12229,12404 | 0.68     |
| 11  | 80         | 10000000 | 10000000  | 117648   | 16      | 32    | 1    | io_uring | 12        | 16  | decrease  | asc         | desc       | 65536      | 16.4                         | 16.51                  | 6   | 23950,24153,24356,23954,24157,24360 | 0.67     |
| 6   | 60         | 10000000 | 625000    | 156250   | 1048576 | 128   | 16   | worker   | 12        | 16  | increase  | desc        | desc       | 128036     | 563.14                       | 566.83                 | 6   | 11483,11658,11833,11487,11662,11837 | 0.66     |
| 17  | 20         | 10000000 | 2500000   | 476191   | 4194304 | 128   | 4    | io_uring | 12        | 16  | increase  | asc         | asc        | 4096       | 78.63                        | 79.14                  | 6   | 37173,37362,37551,37177,37366,37555 | 0.65     |
| 16  | 80         | 10000000 | 2500000   | 117648   | 1048576 | 2     | 4    | io_uring | 12        | 16  | decrease  | desc        | desc       | 2262144    | 1964.54                      | 1977.28                | 6   | 35570,35759,35948,35574,35763,35952 | 0.65     |
| 6   | 60         | 10000000 | 625000    | 156250   | 1048576 | 128   | 16   | worker   | 12        | 16  | increase  | desc        | desc       | 32768      | 188.54                       | 189.76                 | 6   | 11469,11644,11819,11473,11648,11823 | 0.65     |
| 1   | 80         | 10000000 | 1250000   | 117648   | 4       | 2048  | 8    | io_uring | 12        | 16  | increase  | asc         | desc       | 512        | 4.64                         | 4.67                   | 6   | 1704,1886,2068,1708,1890,2072       | 0.65     |
| 18  | 20         | 10000000 | 2500000   | 476191   | 4194304 | 128   | 4    | worker   | 12        | 16  | increase  | desc        | desc       | 32768      | 499.25                       | 502.44                 | 4   | 38895,39084,38899,39088             | 0.64     |
| 15  | 80         | 10000000 | 2500000   | 117648   | 1048576 | 2     | 4    | worker   | 12        | 16  | decrease  | asc         | desc       | 2262144    | 2735.04                      | 2752.33                | 6   | 32168,32357,32546,32172,32361,32550 | 0.63     |
| 6   | 60         | 10000000 | 625000    | 156250   | 1048576 | 128   | 16   | worker   | 12        | 16  | increase  | desc        | desc       | 378036     | 1475.79                      | 1484.68                | 6   | 11511,11686,11861,11515,11690,11865 | 0.6      |
| 15  | 80         | 10000000 | 2500000   | 117648   | 1048576 | 2     | 4    | io_uring | 12        | 16  | decrease  | asc         | desc       | 2048       | 15.52                        | 15.61                  | 6   | 33197,33386,33575,33201,33390,33579 | 0.58     |
| 8   | 60         | 10000000 | 625000    | 156250   | 1048576 | 128   | 16   | worker   | 12        | 16  | decrease  | desc        | desc       | 440536     | 1666.23                      | 1675.83                | 6   | 15718,15893,16068,15722,15897,16072 | 0.58     |
| 18  | 20         | 10000000 | 2500000   | 476191   | 4194304 | 128   | 4    | worker   | 12        | 16  | increase  | desc        | desc       | 1762144    | 5271.92                      | 5301.55                | 2   | 38958,38962                         | 0.56     |
| 8   | 60         | 10000000 | 625000    | 156250   | 1048576 | 128   | 16   | worker   | 12        | 16  | decrease  | desc        | asc        | 32768      | 390.72                       | 392.9                  | 6   | 15144,15319,15494,15148,15323,15498 | 0.56     |
| 13  | 80         | 10000000 | 2500000   | 117648   | 1048576 | 2     | 4    | io_uring | 12        | 16  | increase  | asc         | desc       | 16384      | 79.03                        | 79.47                  | 6   | 28682,28871,29060,28686,28875,29064 | 0.56     |
| 8   | 60         | 10000000 | 625000    | 156250   | 1048576 | 128   | 16   | io_uring | 12        | 16  | decrease  | desc        | desc       | 4096       | 35.07                        | 35.26                  | 6   | 16698,16873,17048,16702,16877,17052 | 0.54     |
| 17  | 20         | 10000000 | 2500000   | 476191   | 4194304 | 128   | 4    | worker   | 12        | 16  | increase  | asc         | desc       | 65536      | 1331.85                      | 1338.89                | 6   | 36634,36823,37012,36638,36827,37016 | 0.53     |
| 18  | 20         | 10000000 | 2500000   | 476191   | 4194304 | 128   | 4    | worker   | 12        | 16  | increase  | desc        | asc        | 762144     | 3365.13                      | 3382.82                | 6   | 38363,38552,38741,38367,38556,38745 | 0.53     |
| 7   | 60         | 10000000 | 625000    | 156250   | 1048576 | 128   | 16   | io_uring | 12        | 16  | decrease  | asc         | asc        | 440536     | 1787.38                      | 1796.7                 | 6   | 14143,14318,14493,14147,14322,14497 | 0.52     |
| 5   | 60         | 10000000 | 625000    | 156250   | 1048576 | 128   | 16   | worker   | 12        | 16  | increase  | asc         | desc       | 128036     | 1129.78                      | 1135.67                | 6   | 9383,9558,9733,9387,9562,9737       | 0.52     |
| 14  | 80         | 10000000 | 2500000   | 117648   | 1048576 | 2     | 4    | worker   | 12        | 16  | increase  | desc        | desc       | 32768      | 103.24                       | 103.77                 | 6   | 29823,30012,30201,29827,30016,30205 | 0.51     |
| 13  | 80         | 10000000 | 2500000   | 117648   | 1048576 | 2     | 4    | worker   | 12        | 16  | increase  | asc         | asc        | 1262144    | 1071.41                      | 1076.67                | 6   | 27037,27226,27415,27041,27230,27419 | 0.49     |
| 8   | 60         | 10000000 | 625000    | 156250   | 1048576 | 128   | 16   | worker   | 12        | 16  | decrease  | desc        | asc        | 128036     | 968.85                       | 973.51                 | 6   | 15158,15333,15508,15162,15337,15512 | 0.48     |
| 9   | 80         | 10000000 | 10000000  | 117648   | 16      | 32    | 1    | worker   | 12        | 16  | increase  | asc         | asc        | 1048576    | 99.46                        | 99.93                  | 6   | 17279,17482,17685,17283,17486,17689 | 0.47     |
| 7   | 60         | 10000000 | 625000    | 156250   | 1048576 | 128   | 16   | worker   | 12        | 16  | decrease  | asc         | desc       | 65536      | 647.91                       | 650.86                 | 6   | 13576,13751,13926,13580,13755,13930 | 0.46     |
| 16  | 80         | 10000000 | 2500000   | 117648   | 1048576 | 2     | 4    | worker   | 12        | 16  | decrease  | desc        | desc       | 1762144    | 1496.55                      | 1503.36                | 6   | 34422,34611,34800,34426,34615,34804 | 0.46     |
| 14  | 80         | 10000000 | 2500000   | 117648   | 1048576 | 2     | 4    | io_uring | 12        | 16  | increase  | desc        | asc        | 512144     | 767.92                       | 771.38                 | 6   | 30418,30607,30796,30422,30611,30800 | 0.45     |
| 18  | 20         | 10000000 | 2500000   | 476191   | 4194304 | 128   | 4    | worker   | 12        | 16  | increase  | desc        | asc        | 32768      | 566.21                       | 568.76                 | 6   | 38328,38517,38706,38332,38521,38710 | 0.45     |
| 13  | 80         | 10000000 | 2500000   | 117648   | 1048576 | 2     | 4    | worker   | 12        | 16  | increase  | asc         | asc        | 262144     | 269.18                       | 270.39                 | 6   | 27009,27198,27387,27013,27202,27391 | 0.45     |
| 17  | 20         | 10000000 | 2500000   | 476191   | 4194304 | 128   | 4    | io_uring | 12        | 16  | increase  | asc         | asc        | 8192       | 142.4                        | 143.03                 | 6   | 37180,37369,37558,37184,37373,37562 | 0.44     |
| 15  | 80         | 10000000 | 2500000   | 117648   | 1048576 | 2     | 4    | io_uring | 12        | 16  | decrease  | asc         | desc       | 1262144    | 1775.22                      | 1782.98                | 6   | 33274,33463,33652,33278,33467,33656 | 0.44     |
| 6   | 60         | 10000000 | 625000    | 156250   | 1048576 | 128   | 16   | worker   | 12        | 16  | increase  | desc        | desc       | 315536     | 1250.95                      | 1256.36                | 6   | 11504,11679,11854,11508,11683,11858 | 0.43     |
| 14  | 80         | 10000000 | 2500000   | 117648   | 1048576 | 2     | 4    | io_uring | 12        | 16  | increase  | desc        | asc        | 1262144    | 1784.17                      | 1791.79                | 6   | 30439,30628,30817,30443,30632,30821 | 0.43     |
| 8   | 60         | 10000000 | 625000    | 156250   | 1048576 | 128   | 16   | worker   | 12        | 16  | decrease  | desc        | asc        | 2048       | 37.63                        | 37.79                  | 6   | 15116,15291,15466,15120,15295,15470 | 0.43     |
| 7   | 60         | 10000000 | 625000    | 156250   | 1048576 | 128   | 16   | io_uring | 12        | 16  | decrease  | asc         | asc        | 190536     | 866.64                       | 870.23                 | 6   | 14115,14290,14465,14119,14294,14469 | 0.41     |
| 5   | 60         | 10000000 | 625000    | 156250   | 1048576 | 128   | 16   | worker   | 12        | 16  | increase  | asc         | asc        | 565536     | 2102.86                      | 2111.42                | 6   | 8907,9082,9257,8911,9086,9261       | 0.41     |
| 8   | 60         | 10000000 | 625000    | 156250   | 1048576 | 128   | 16   | io_uring | 12        | 16  | decrease  | desc        | asc        | 8192       | 184.32                       | 185.06                 | 6   | 16180,16355,16530,16184,16359,16534 | 0.4      |
| 14  | 80         | 10000000 | 2500000   | 117648   | 1048576 | 2     | 4    | io_uring | 12        | 16  | increase  | desc        | asc        | 1512144    | 2120.28                      | 2128.77                | 6   | 30446,30635,30824,30450,30639,30828 | 0.4      |
| 7   | 60         | 10000000 | 625000    | 156250   | 1048576 | 128   | 16   | io_uring | 12        | 16  | decrease  | asc         | desc       | 565536     | 3694.31                      | 3709.08                | 6   | 14682,14857,15032,14686,14861,15036 | 0.4      |
| 15  | 80         | 10000000 | 2500000   | 117648   | 1048576 | 2     | 4    | worker   | 12        | 16  | decrease  | asc         | asc        | 32768      | 82.89                        | 83.22                  | 6   | 31524,31713,31902,31528,31717,31906 | 0.4      |
| 5   | 60         | 10000000 | 625000    | 156250   | 1048576 | 128   | 16   | io_uring | 12        | 16  | increase  | asc         | desc       | 253036     | 1965.27                      | 1972.59                | 6   | 10447,10622,10797,10451,10626,10801 | 0.37     |
| 6   | 60         | 10000000 | 625000    | 156250   | 1048576 | 128   | 16   | worker   | 12        | 16  | increase  | desc        | desc       | 190536     | 795.72                       | 798.66                 | 6   | 11490,11665,11840,11494,11669,11844 | 0.37     |
| 6   | 60         | 10000000 | 625000    | 156250   | 1048576 | 128   | 16   | worker   | 12        | 16  | increase  | desc        | asc        | 378036     | 2319.86                      | 2328.26                | 6   | 10986,11161,11336,10990,11165,11340 | 0.36     |
| 17  | 20         | 10000000 | 2500000   | 476191   | 4194304 | 128   | 4    | io_uring | 12        | 16  | increase  | asc         | desc       | 512144     | 3645.15                      | 3658.01                | 6   | 37789,37978,38167,37793,37982,38171 | 0.35     |
| 7   | 60         | 10000000 | 625000    | 156250   | 1048576 | 128   | 16   | worker   | 12        | 16  | decrease  | asc         | desc       | 503036     | 3078.98                      | 3089.8                 | 6   | 13625,13800,13975,13629,13804,13979 | 0.35     |
| 16  | 80         | 10000000 | 2500000   | 117648   | 1048576 | 2     | 4    | worker   | 12        | 16  | decrease  | desc        | desc       | 131072     | 181.23                       | 181.83                 | 6   | 34373,34562,34751,34377,34566,34755 | 0.33     |
| 6   | 60         | 10000000 | 625000    | 156250   | 1048576 | 128   | 16   | worker   | 12        | 16  | increase  | desc        | asc        | 128036     | 942.93                       | 945.98                 | 6   | 10958,11133,11308,10962,11137,11312 | 0.32     |
| 8   | 60         | 10000000 | 625000    | 156250   | 1048576 | 128   | 16   | io_uring | 12        | 16  | decrease  | desc        | desc       | 16384      | 126.9                        | 127.31                 | 6   | 16712,16887,17062,16716,16891,17066 | 0.32     |
| 6   | 60         | 10000000 | 625000    | 156250   | 1048576 | 128   | 16   | io_uring | 12        | 16  | increase  | desc        | asc        | 440536     | 3120.44                      | 3130.02                | 6   | 12043,12218,12393,12047,12222,12397 | 0.31     |
| 8   | 60         | 10000000 | 625000    | 156250   | 1048576 | 128   | 16   | io_uring | 12        | 16  | decrease  | desc        | asc        | 128036     | 1231.53                      | 1235.23                | 6   | 16208,16383,16558,16212,16387,16562 | 0.3      |
| 6   | 60         | 10000000 | 625000    | 156250   | 1048576 | 128   | 16   | io_uring | 12        | 16  | increase  | desc        | asc        | 128036     | 1207.53                      | 1211.12                | 6   | 12008,12183,12358,12012,12187,12362 | 0.3      |
| 7   | 60         | 10000000 | 625000    | 156250   | 1048576 | 128   | 16   | worker   | 12        | 16  | decrease  | asc         | desc       | 315536     | 2044.06                      | 2050.04                | 6   | 13604,13779,13954,13608,13783,13958 | 0.29     |
| 6   | 60         | 10000000 | 625000    | 156250   | 1048576 | 128   | 16   | worker   | 12        | 16  | increase  | desc        | asc        | 65536      | 607.22                       | 608.92                 | 6   | 10951,11126,11301,10955,11130,11305 | 0.28     |
| 8   | 60         | 10000000 | 625000    | 156250   | 1048576 | 128   | 16   | io_uring | 12        | 16  | decrease  | desc        | desc       | 253036     | 1120.71                      | 1123.72                | 6   | 16747,16922,17097,16751,16926,17101 | 0.27     |
| 18  | 20         | 10000000 | 2500000   | 476191   | 4194304 | 128   | 4    | worker   | 12        | 16  | increase  | desc        | desc       | 1262144    | 4072.81                      | 4083.72                | 2   | 38944,38948                         | 0.27     |
| 12  | 80         | 10000000 | 10000000  | 117648   | 16      | 32    | 1    | worker   | 12        | 16  | decrease  | desc        | desc       | 2048576    | 224.91                       | 225.51                 | 6   | 25203,25406,25609,25207,25410,25613 | 0.27     |
| 16  | 80         | 10000000 | 2500000   | 117648   | 1048576 | 2     | 4    | worker   | 12        | 16  | decrease  | desc        | desc       | 16384      | 63.79                        | 63.96                  | 6   | 34352,34541,34730,34356,34545,34734 | 0.27     |
| 16  | 80         | 10000000 | 2500000   | 117648   | 1048576 | 2     | 4    | worker   | 12        | 16  | decrease  | desc        | desc       | 2012144    | 1682.41                      | 1686.89                | 6   | 34429,34618,34807,34433,34622,34811 | 0.27     |
| 16  | 80         | 10000000 | 2500000   | 117648   | 1048576 | 2     | 4    | io_uring | 12        | 16  | decrease  | desc        | desc       | 32768      | 109.23                       | 109.52                 | 6   | 35493,35682,35871,35497,35686,35875 | 0.27     |
| 5   | 60         | 10000000 | 625000    | 156250   | 1048576 | 128   | 16   | worker   | 12        | 16  | increase  | asc         | asc        | 503036     | 1898.5                       | 1903.17                | 6   | 8900,9075,9250,8904,9079,9254       | 0.25     |
| 5   | 60         | 10000000 | 625000    | 156250   | 1048576 | 128   | 16   | worker   | 12        | 16  | increase  | asc         | asc        | 8192       | 53.39                        | 53.52                  | 6   | 8830,9005,9180,8834,9009,9184       | 0.24     |
| 18  | 20         | 10000000 | 2500000   | 476191   | 4194304 | 128   | 4    | worker   | 12        | 16  | increase  | desc        | asc        | 65536      | 947.56                       | 949.86                 | 6   | 38335,38524,38713,38339,38528,38717 | 0.24     |
| 13  | 80         | 10000000 | 2500000   | 117648   | 1048576 | 2     | 4    | io_uring | 12        | 16  | increase  | asc         | asc        | 16384      | 70.22                        | 70.37                  | 6   | 28115,28304,28493,28119,28308,28497 | 0.21     |
| 14  | 80         | 10000000 | 2500000   | 117648   | 1048576 | 2     | 4    | io_uring | 12        | 16  | increase  | desc        | desc       | 65536      | 150.57                       | 150.89                 | 6   | 30964,31153,31342,30968,31157,31346 | 0.21     |
| 15  | 80         | 10000000 | 2500000   | 117648   | 1048576 | 2     | 4    | io_uring | 12        | 16  | decrease  | asc         | desc       | 65536      | 174.73                       | 175.09                 | 6   | 33232,33421,33610,33236,33425,33614 | 0.21     |
| 7   | 60         | 10000000 | 625000    | 156250   | 1048576 | 128   | 16   | worker   | 12        | 16  | decrease  | asc         | desc       | 128036     | 1001.91                      | 1003.92                | 6   | 13583,13758,13933,13587,13762,13937 | 0.2      |
| 5   | 60         | 10000000 | 625000    | 156250   | 1048576 | 128   | 16   | io_uring | 12        | 16  | increase  | asc         | desc       | 8192       | 185.84                       | 186.17                 | 6   | 10405,10580,10755,10409,10584,10759 | 0.18     |
| 17  | 20         | 10000000 | 2500000   | 476191   | 4194304 | 128   | 4    | io_uring | 12        | 16  | increase  | asc         | asc        | 131072     | 1335.93                      | 1338.24                | 6   | 37208,37397,37586,37212,37401,37590 | 0.17     |
| 5   | 60         | 10000000 | 625000    | 156250   | 1048576 | 128   | 16   | worker   | 12        | 16  | increase  | asc         | asc        | 512        | 5.96                         | 5.97                   | 6   | 8802,8977,9152,8806,8981,9156       | 0.17     |
| 5   | 60         | 10000000 | 625000    | 156250   | 1048576 | 128   | 16   | io_uring | 12        | 16  | increase  | asc         | desc       | 190536     | 1595.48                      | 1598.01                | 6   | 10440,10615,10790,10444,10619,10794 | 0.16     |
| 8   | 60         | 10000000 | 625000    | 156250   | 1048576 | 128   | 16   | worker   | 12        | 16  | decrease  | desc        | desc       | 190536     | 770.52                       | 771.74                 | 6   | 15690,15865,16040,15694,15869,16044 | 0.16     |
| 8   | 60         | 10000000 | 625000    | 156250   | 1048576 | 128   | 16   | worker   | 12        | 16  | decrease  | desc        | asc        | 253036     | 1665.9                       | 1668.53                | 6   | 15172,15347,15522,15176,15351,15526 | 0.16     |
| 3   | 80         | 10000000 | 1250000   | 117648   | 4       | 2048  | 8    | worker   | 12        | 16  | decrease  | asc         | desc       | 2048       | 7.05                         | 7.06                   | 6   | 4994,5176,5358,4998,5180,5362       | 0.14     |
| 7   | 60         | 10000000 | 625000    | 156250   | 1048576 | 128   | 16   | worker   | 12        | 16  | decrease  | asc         | asc        | 4096       | 29.07                        | 29.11                  | 6   | 13023,13198,13373,13027,13202,13377 | 0.14     |
| 13  | 80         | 10000000 | 2500000   | 117648   | 1048576 | 2     | 4    | worker   | 12        | 16  | increase  | asc         | asc        | 2262144    | 1838.93                      | 1840.87                | 6   | 27065,27254,27443,27069,27258,27447 | 0.11     |
| 14  | 80         | 10000000 | 2500000   | 117648   | 1048576 | 2     | 4    | worker   | 12        | 16  | increase  | desc        | asc        | 2012144    | 2438.78                      | 2441.26                | 6   | 29326,29515,29704,29330,29519,29708 | 0.1      |
| 16  | 80         | 10000000 | 2500000   | 117648   | 1048576 | 2     | 4    | io_uring | 12        | 16  | decrease  | desc        | desc       | 65536      | 148.63                       | 148.78                 | 6   | 35500,35689,35878,35504,35693,35882 | 0.1      |
| 8   | 60         | 10000000 | 625000    | 156250   | 1048576 | 128   | 16   | io_uring | 12        | 16  | decrease  | desc        | asc        | 32768      | 548.71                       | 549.25                 | 6   | 16194,16369,16544,16198,16373,16548 | 0.1      |
| 7   | 60         | 10000000 | 625000    | 156250   | 1048576 | 128   | 16   | io_uring | 12        | 16  | decrease  | asc         | desc       | 503036     | 3368.56                      | 3371.64                | 6   | 14675,14850,15025,14679,14854,15029 | 0.09     |
| 18  | 20         | 10000000 | 2500000   | 476191   | 4194304 | 128   | 4    | worker   | 12        | 16  | increase  | desc        | desc       | 262144     | 1707.97                      | 1709.43                | 2   | 38916,38920                         | 0.09     |
| 13  | 80         | 10000000 | 2500000   | 117648   | 1048576 | 2     | 4    | io_uring | 12        | 16  | increase  | asc         | asc        | 1262144    | 1161.24                      | 1162.19                | 6   | 28171,28360,28549,28175,28364,28553 | 0.08     |
| 6   | 60         | 10000000 | 625000    | 156250   | 1048576 | 128   | 16   | io_uring | 12        | 16  | increase  | desc        | asc        | 253036     | 1961.7                       | 1963.21                | 6   | 12022,12197,12372,12026,12201,12376 | 0.08     |
| 6   | 60         | 10000000 | 625000    | 156250   | 1048576 | 128   | 16   | worker   | 12        | 16  | increase  | desc        | desc       | 440536     | 1716.59                      | 1717.78                | 6   | 11518,11693,11868,11522,11697,11872 | 0.07     |
| 6   | 60         | 10000000 | 625000    | 156250   | 1048576 | 128   | 16   | io_uring | 12        | 16  | increase  | desc        | asc        | 190536     | 1592.53                      | 1593.62                | 6   | 12015,12190,12365,12019,12194,12369 | 0.07     |
| 6   | 60         | 10000000 | 625000    | 156250   | 1048576 | 128   | 16   | io_uring | 12        | 16  | increase  | desc        | desc       | 503036     | 2040.15                      | 2041.4                 | 6   | 12575,12750,12925,12579,12754,12929 | 0.06     |
| 7   | 60         | 10000000 | 625000    | 156250   | 1048576 | 128   | 16   | io_uring | 12        | 16  | decrease  | asc         | asc        | 65536      | 373.7                        | 373.92                 | 6   | 14101,14276,14451,14105,14280,14455 | 0.06     |
| 5   | 60         | 10000000 | 625000    | 156250   | 1048576 | 128   | 16   | worker   | 12        | 16  | increase  | asc         | desc       | 190536     | 1511.44                      | 1512.28                | 6   | 9390,9565,9740,9394,9569,9744       | 0.06     |
| 13  | 80         | 10000000 | 2500000   | 117648   | 1048576 | 2     | 4    | worker   | 12        | 16  | increase  | asc         | asc        | 32768      | 84.6                         | 84.64                  | 6   | 26988,27177,27366,26992,27181,27370 | 0.05     |
| 7   | 60         | 10000000 | 625000    | 156250   | 1048576 | 128   | 16   | worker   | 12        | 16  | decrease  | asc         | asc        | 128036     | 541.44                       | 541.69                 | 6   | 13058,13233,13408,13062,13237,13412 | 0.05     |
| 17  | 20         | 10000000 | 2500000   | 476191   | 4194304 | 128   | 4    | io_uring | 12        | 16  | increase  | asc         | asc        | 32768      | 500.37                       | 500.59                 | 6   | 37194,37383,37572,37198,37387,37576 | 0.04     |
| 6   | 60         | 10000000 | 625000    | 156250   | 1048576 | 128   | 16   | worker   | 12        | 16  | increase  | desc        | asc        | 503036     | 2970.73                      | 2972.02                | 6   | 11000,11175,11350,11004,11179,11354 | 0.04     |
| 17  | 20         | 10000000 | 2500000   | 476191   | 4194304 | 128   | 4    | io_uring | 12        | 16  | increase  | asc         | asc        | 512144     | 2478.7                       | 2479.63                | 6   | 37222,37411,37600,37226,37415,37604 | 0.04     |
| 18  | 20         | 10000000 | 2500000   | 476191   | 4194304 | 128   | 4    | worker   | 12        | 16  | increase  | desc        | asc        | 131072     | 1445.47                      | 1445.88                | 6   | 38342,38531,38720,38346,38535,38724 | 0.03     |
| 5   | 60         | 10000000 | 625000    | 156250   | 1048576 | 128   | 16   | io_uring | 12        | 16  | increase  | asc         | desc       | 65536      | 796.3                        | 796.49                 | 6   | 10426,10601,10776,10430,10605,10780 | 0.02     |
| 5   | 60         | 10000000 | 625000    | 156250   | 1048576 | 128   | 16   | io_uring | 12        | 16  | increase  | asc         | asc        | 378036     | 1582.29                      | 1582.43                | 6   | 9936,10111,10286,9940,10115,10290   | 0.01     |
| 1   | 80         | 10000000 | 1250000   | 117648   | 4       | 2048  | 8    | io_uring | 12        | 16  | increase  | asc         | desc       | 128        | 2.39                         | 2.39                   | 6   | 1690,1872,2054,1694,1876,2058       | 0.0      |
| 1   | 80         | 10000000 | 1250000   | 117648   | 4       | 2048  | 8    | worker   | 12        | 16  | increase  | asc         | asc        | 32         | 1.45                         | 1.45                   | 6   | 38,220,402,42,224,406               | 0.0      |
| 2   | 80         | 10000000 | 1250000   | 117648   | 4       | 2048  | 8    | worker   | 12        | 16  | increase  | desc        | desc       | 1          | 0.55                         | 0.55                   | 6   | 2733,2915,3097,2737,2919,3101       | 0.0      |
| 3   | 80         | 10000000 | 1250000   | 117648   | 4       | 2048  | 8    | worker   | 12        | 16  | decrease  | asc         | asc        | 4          | 0.94                         | 0.94                   | 6   | 4385,4567,4749,4389,4571,4753       | 0.0      |
| 3   | 80         | 10000000 | 1250000   | 117648   | 4       | 2048  | 8    | worker   | 12        | 16  | decrease  | asc         | desc       | 1          | 0.52                         | 0.52                   | 6   | 4917,5099,5281,4921,5103,5285       | 0.0      |
| 4   | 80         | 10000000 | 1250000   | 117648   | 4       | 2048  | 8    | io_uring | 12        | 16  | decrease  | desc        | desc       | 256        | 1.79                         | 1.79                   | 6   | 8249,8431,8613,8253,8435,8617       | 0.0      |
| 5   | 60         | 10000000 | 625000    | 156250   | 1048576 | 128   | 16   | worker   | 12        | 16  | increase  | asc         | asc        | 4          | 0.76                         | 0.76                   | 6   | 8753,8928,9103,8757,8932,9107       | 0.0      |
| 6   | 60         | 10000000 | 625000    | 156250   | 1048576 | 128   | 16   | io_uring | 12        | 16  | increase  | desc        | asc        | 2          | 0.58                         | 0.58                   | 6   | 11896,12071,12246,11900,12075,12250 | 0.0      |
| 7   | 60         | 10000000 | 625000    | 156250   | 1048576 | 128   | 16   | io_uring | 12        | 16  | decrease  | asc         | asc        | 4          | 0.82                         | 0.82                   | 6   | 14003,14178,14353,14007,14182,14357 | 0.0      |
| 8   | 60         | 10000000 | 625000    | 156250   | 1048576 | 128   | 16   | io_uring | 12        | 16  | decrease  | desc        | desc       | 1          | 0.44                         | 0.44                   | 6   | 16614,16789,16964,16618,16793,16968 | 0.0      |
| 8   | 60         | 10000000 | 625000    | 156250   | 1048576 | 128   | 16   | worker   | 12        | 16  | decrease  | desc        | desc       | 1          | 0.36                         | 0.36                   | 6   | 15564,15739,15914,15568,15743,15918 | 0.0      |
| 9   | 80         | 10000000 | 10000000  | 117648   | 16      | 32    | 1    | io_uring | 12        | 16  | increase  | asc         | asc        | 64         | 0.43                         | 0.43                   | 6   | 18399,18602,18805,18403,18606,18809 | 0.0      |
| 9   | 80         | 10000000 | 10000000  | 117648   | 16      | 32    | 1    | io_uring | 12        | 16  | increase  | asc         | desc       | 64         | 0.4                          | 0.4                    | 6   | 19008,19211,19414,19012,19215,19418 | 0.0      |
| 9   | 80         | 10000000 | 10000000  | 117648   | 16      | 32    | 1    | worker   | 12        | 16  | increase  | asc         | asc        | 1          | 0.26                         | 0.26                   | 6   | 17139,17342,17545,17143,17346,17549 | 0.0      |
| 9   | 80         | 10000000 | 10000000  | 117648   | 16      | 32    | 1    | worker   | 12        | 16  | increase  | asc         | asc        | 8          | 0.28                         | 0.28                   | 6   | 17160,17363,17566,17164,17367,17570 | 0.0      |
| 9   | 80         | 10000000 | 10000000  | 117648   | 16      | 32    | 1    | worker   | 12        | 16  | increase  | asc         | asc        | 16         | 0.28                         | 0.28                   | 6   | 17167,17370,17573,17171,17374,17577 | 0.0      |
| 10  | 80         | 10000000 | 10000000  | 117648   | 16      | 32    | 1    | io_uring | 12        | 16  | increase  | desc        | desc       | 256        | 0.54                         | 0.54                   | 6   | 21458,21661,21864,21462,21665,21868 | 0.0      |
| 10  | 80         | 10000000 | 10000000  | 117648   | 16      | 32    | 1    | worker   | 12        | 16  | increase  | desc        | asc        | 1          | 0.25                         | 0.25                   | 6   | 19575,19778,19981,19579,19782,19985 | 0.0      |
| 10  | 80         | 10000000 | 10000000  | 117648   | 16      | 32    | 1    | worker   | 12        | 16  | increase  | desc        | asc        | 4          | 0.23                         | 0.23                   | 6   | 19589,19792,19995,19593,19796,19999 | 0.0      |
| 10  | 80         | 10000000 | 10000000  | 117648   | 16      | 32    | 1    | worker   | 12        | 16  | increase  | desc        | desc       | 16         | 0.28                         | 0.28                   | 6   | 20212,20415,20618,20216,20419,20622 | 0.0      |
| 10  | 80         | 10000000 | 10000000  | 117648   | 16      | 32    | 1    | worker   | 12        | 16  | increase  | desc        | desc       | 512        | 0.75                         | 0.75                   | 6   | 20247,20450,20653,20251,20454,20657 | 0.0      |
| 11  | 80         | 10000000 | 10000000  | 117648   | 16      | 32    | 1    | io_uring | 12        | 16  | decrease  | asc         | asc        | 128        | 0.38                         | 0.38                   | 6   | 23278,23481,23684,23282,23485,23688 | 0.0      |
| 11  | 80         | 10000000 | 10000000  | 117648   | 16      | 32    | 1    | io_uring | 12        | 16  | decrease  | asc         | desc       | 1          | 0.27                         | 0.27                   | 6   | 23838,24041,24244,23842,24045,24248 | 0.0      |
| 11  | 80         | 10000000 | 10000000  | 117648   | 16      | 32    | 1    | worker   | 12        | 16  | decrease  | asc         | asc        | 128        | 0.34                         | 0.34                   | 6   | 22060,22263,22466,22064,22267,22470 | 0.0      |
| 11  | 80         | 10000000 | 10000000  | 117648   | 16      | 32    | 1    | worker   | 12        | 16  | decrease  | asc         | desc       | 2048       | 1.13                         | 1.13                   | 6   | 22697,22900,23103,22701,22904,23107 | 0.0      |
| 12  | 80         | 10000000 | 10000000  | 117648   | 16      | 32    | 1    | io_uring | 12        | 16  | decrease  | desc        | asc        | 32         | 0.27                         | 0.27                   | 6   | 25700,25903,26106,25704,25907,26110 | 0.0      |
| 12  | 80         | 10000000 | 10000000  | 117648   | 16      | 32    | 1    | io_uring | 12        | 16  | decrease  | desc        | desc       | 16         | 0.28                         | 0.28                   | 6   | 26302,26505,26708,26306,26509,26712 | 0.0      |
| 12  | 80         | 10000000 | 10000000  | 117648   | 16      | 32    | 1    | worker   | 12        | 16  | decrease  | desc        | asc        | 1024       | 1.01                         | 1.01                   | 6   | 24517,24720,24923,24521,24724,24927 | 0.0      |
| 12  | 80         | 10000000 | 10000000  | 117648   | 16      | 32    | 1    | worker   | 12        | 16  | decrease  | desc        | asc        | 8192       | 5.94                         | 5.94                   | 6   | 24538,24741,24944,24542,24745,24948 | 0.0      |
| 12  | 80         | 10000000 | 10000000  | 117648   | 16      | 32    | 1    | worker   | 12        | 16  | decrease  | desc        | desc       | 2          | 0.26                         | 0.26                   | 6   | 25063,25266,25469,25067,25270,25473 | 0.0      |
| 12  | 80         | 10000000 | 10000000  | 117648   | 16      | 32    | 1    | worker   | 12        | 16  | decrease  | desc        | desc       | 64         | 0.34                         | 0.34                   | 6   | 25098,25301,25504,25102,25305,25508 | 0.0      |
| 12  | 80         | 10000000 | 10000000  | 117648   | 16      | 32    | 1    | worker   | 12        | 16  | decrease  | desc        | desc       | 512        | 0.58                         | 0.58                   | 6   | 25119,25322,25525,25123,25326,25529 | 0.0      |
| 13  | 80         | 10000000 | 2500000   | 117648   | 1048576 | 2     | 4    | worker   | 12        | 16  | increase  | asc         | asc        | 4          | 0.39                         | 0.39                   | 6   | 26897,27086,27275,26901,27090,27279 | 0.0      |
| 14  | 80         | 10000000 | 2500000   | 117648   | 1048576 | 2     | 4    | worker   | 12        | 16  | increase  | desc        | asc        | 2          | 0.29                         | 0.29                   | 6   | 29158,29347,29536,29162,29351,29540 | 0.0      |
| 14  | 80         | 10000000 | 2500000   | 117648   | 1048576 | 2     | 4    | worker   | 12        | 16  | increase  | desc        | asc        | 4          | 0.38                         | 0.38                   | 6   | 29165,29354,29543,29169,29358,29547 | 0.0      |
| 14  | 80         | 10000000 | 2500000   | 117648   | 1048576 | 2     | 4    | worker   | 12        | 16  | increase  | desc        | asc        | 16         | 0.95                         | 0.95                   | 6   | 29179,29368,29557,29183,29372,29561 | 0.0      |
| 15  | 80         | 10000000 | 2500000   | 117648   | 1048576 | 2     | 4    | io_uring | 12        | 16  | decrease  | asc         | desc       | 1          | 0.27                         | 0.27                   | 6   | 33120,33309,33498,33124,33313,33502 | 0.0      |
| 15  | 80         | 10000000 | 2500000   | 117648   | 1048576 | 2     | 4    | io_uring | 12        | 16  | decrease  | asc         | desc       | 2          | 0.32                         | 0.32                   | 6   | 33127,33316,33505,33131,33320,33509 | 0.0      |
| 15  | 80         | 10000000 | 2500000   | 117648   | 1048576 | 2     | 4    | worker   | 12        | 16  | decrease  | asc         | asc        | 1          | 0.25                         | 0.25                   | 6   | 31419,31608,31797,31423,31612,31801 | 0.0      |
| 15  | 80         | 10000000 | 2500000   | 117648   | 1048576 | 2     | 4    | worker   | 12        | 16  | decrease  | asc         | desc       | 2          | 0.3                          | 0.3                    | 6   | 31993,32182,32371,31997,32186,32375 | 0.0      |
| 16  | 80         | 10000000 | 2500000   | 117648   | 1048576 | 2     | 4    | io_uring | 12        | 16  | decrease  | desc        | desc       | 64         | 3.48                         | 3.48                   | 6   | 35430,35619,35808,35434,35623,35812 | 0.0      |
| 16  | 80         | 10000000 | 2500000   | 117648   | 1048576 | 2     | 4    | worker   | 12        | 16  | decrease  | desc        | asc        | 1          | 0.23                         | 0.23                   | 6   | 33687,33876,34065,33691,33880,34069 | 0.0      |
| 17  | 20         | 10000000 | 2500000   | 476191   | 4194304 | 128   | 4    | worker   | 12        | 16  | increase  | asc         | asc        | 4          | 0.87                         | 0.87                   | 6   | 35969,36158,36347,35973,36162,36351 | 0.0      |
| 17  | 20         | 10000000 | 2500000   | 476191   | 4194304 | 128   | 4    | worker   | 12        | 16  | increase  | asc         | desc       | 16         | 3.12                         | 3.12                   | 6   | 36550,36739,36928,36554,36743,36932 | 0.0      |
| 17  | 20         | 10000000 | 2500000   | 476191   | 4194304 | 128   | 4    | io_uring | 12        | 16  | increase  | asc         | desc       | 262144     | 2722.37                      | 2722.31                | 6   | 37782,37971,38160,37786,37975,38164 | 0.0      |
| 5   | 60         | 10000000 | 625000    | 156250   | 1048576 | 128   | 16   | worker   | 12        | 16  | increase  | asc         | desc       | 4096       | 98.27                        | 98.26                  | 6   | 9348,9523,9698,9352,9527,9702       | -0.01    |
| 17  | 20         | 10000000 | 2500000   | 476191   | 4194304 | 128   | 4    | worker   | 12        | 16  | increase  | asc         | asc        | 131072     | 1038.86                      | 1038.72                | 6   | 36074,36263,36452,36078,36267,36456 | -0.01    |
| 6   | 60         | 10000000 | 625000    | 156250   | 1048576 | 128   | 16   | io_uring | 12        | 16  | increase  | desc        | desc       | 190536     | 879.59                       | 879.33                 | 6   | 12540,12715,12890,12544,12719,12894 | -0.03    |
| 6   | 60         | 10000000 | 625000    | 156250   | 1048576 | 128   | 16   | worker   | 12        | 16  | increase  | desc        | desc       | 253036     | 1025.39                      | 1025.07                | 6   | 11497,11672,11847,11501,11676,11851 | -0.03    |
| 13  | 80         | 10000000 | 2500000   | 117648   | 1048576 | 2     | 4    | io_uring | 12        | 16  | increase  | asc         | desc       | 262144     | 471.5                        | 471.31                 | 6   | 28710,28899,29088,28714,28903,29092 | -0.04    |
| 16  | 80         | 10000000 | 2500000   | 117648   | 1048576 | 2     | 4    | worker   | 12        | 16  | decrease  | desc        | desc       | 4096       | 23.15                        | 23.14                  | 6   | 34338,34527,34716,34342,34531,34720 | -0.04    |
| 5   | 60         | 10000000 | 625000    | 156250   | 1048576 | 128   | 16   | io_uring | 12        | 16  | increase  | asc         | asc        | 315536     | 1355.88                      | 1355.26                | 6   | 9929,10104,10279,9933,10108,10283   | -0.05    |
| 7   | 60         | 10000000 | 625000    | 156250   | 1048576 | 128   | 16   | worker   | 12        | 16  | decrease  | asc         | desc       | 253036     | 1691.21                      | 1690.31                | 6   | 13597,13772,13947,13601,13776,13951 | -0.05    |
| 15  | 80         | 10000000 | 2500000   | 117648   | 1048576 | 2     | 4    | io_uring | 12        | 16  | decrease  | asc         | desc       | 262144     | 434.19                       | 433.87                 | 6   | 33246,33435,33624,33250,33439,33628 | -0.07    |
| 16  | 80         | 10000000 | 2500000   | 117648   | 1048576 | 2     | 4    | worker   | 12        | 16  | decrease  | desc        | desc       | 262144     | 287.19                       | 286.97                 | 6   | 34380,34569,34758,34384,34573,34762 | -0.08    |
| 8   | 60         | 10000000 | 625000    | 156250   | 1048576 | 128   | 16   | worker   | 12        | 16  | decrease  | desc        | asc        | 65536      | 609.76                       | 609.27                 | 6   | 15151,15326,15501,15155,15330,15505 | -0.08    |
| 6   | 60         | 10000000 | 625000    | 156250   | 1048576 | 128   | 16   | io_uring | 12        | 16  | increase  | desc        | asc        | 32768      | 556.12                       | 555.66                 | 6   | 11994,12169,12344,11998,12173,12348 | -0.08    |
| 5   | 60         | 10000000 | 625000    | 156250   | 1048576 | 128   | 16   | worker   | 12        | 16  | increase  | asc         | desc       | 2048       | 52.2                         | 52.15                  | 6   | 9341,9516,9691,9345,9520,9695       | -0.1     |
| 5   | 60         | 10000000 | 625000    | 156250   | 1048576 | 128   | 16   | io_uring | 12        | 16  | increase  | asc         | desc       | 4096       | 100.26                       | 100.16                 | 6   | 10398,10573,10748,10402,10577,10752 | -0.1     |
| 14  | 80         | 10000000 | 2500000   | 117648   | 1048576 | 2     | 4    | io_uring | 12        | 16  | increase  | desc        | asc        | 131072     | 268.73                       | 268.45                 | 6   | 30404,30593,30782,30408,30597,30786 | -0.1     |
| 17  | 20         | 10000000 | 2500000   | 476191   | 4194304 | 128   | 4    | io_uring | 12        | 16  | increase  | asc         | desc       | 131072     | 2151.9                       | 2149.56                | 6   | 37775,37964,38153,37779,37968,38157 | -0.11    |
| 6   | 60         | 10000000 | 625000    | 156250   | 1048576 | 128   | 16   | io_uring | 12        | 16  | increase  | desc        | desc       | 65536      | 384.78                       | 384.36                 | 6   | 12526,12701,12876,12530,12705,12880 | -0.11    |
| 6   | 60         | 10000000 | 625000    | 156250   | 1048576 | 128   | 16   | worker   | 12        | 16  | increase  | desc        | asc        | 190536     | 1292.17                      | 1290.72                | 6   | 10965,11140,11315,10969,11144,11319 | -0.11    |
| 17  | 20         | 10000000 | 2500000   | 476191   | 4194304 | 128   | 4    | worker   | 12        | 16  | increase  | asc         | asc        | 65536      | 673.13                       | 672.32                 | 6   | 36067,36256,36445,36071,36260,36449 | -0.12    |
| 6   | 60         | 10000000 | 625000    | 156250   | 1048576 | 128   | 16   | io_uring | 12        | 16  | increase  | desc        | asc        | 65536      | 820.91                       | 819.79                 | 6   | 12001,12176,12351,12005,12180,12355 | -0.14    |
| 8   | 60         | 10000000 | 625000    | 156250   | 1048576 | 128   | 16   | io_uring | 12        | 16  | decrease  | desc        | desc       | 190536     | 881.57                       | 880.31                 | 6   | 16740,16915,17090,16744,16919,17094 | -0.14    |
| 15  | 80         | 10000000 | 2500000   | 117648   | 1048576 | 2     | 4    | io_uring | 12        | 16  | decrease  | asc         | desc       | 131072     | 261.62                       | 261.24                 | 6   | 33239,33428,33617,33243,33432,33621 | -0.15    |
| 13  | 80         | 10000000 | 2500000   | 117648   | 1048576 | 2     | 4    | io_uring | 12        | 16  | increase  | asc         | asc        | 1012144    | 946.72                       | 945.3                  | 6   | 28164,28353,28542,28168,28357,28546 | -0.15    |
| 13  | 80         | 10000000 | 2500000   | 117648   | 1048576 | 2     | 4    | io_uring | 12        | 16  | increase  | asc         | asc        | 2262144    | 1973.51                      | 1970.53                | 6   | 28199,28388,28577,28203,28392,28581 | -0.15    |
| 5   | 60         | 10000000 | 625000    | 156250   | 1048576 | 128   | 16   | worker   | 12        | 16  | increase  | asc         | desc       | 8192       | 180.52                       | 180.24                 | 6   | 9355,9530,9705,9359,9534,9709       | -0.16    |
| 6   | 60         | 10000000 | 625000    | 156250   | 1048576 | 128   | 16   | worker   | 12        | 16  | increase  | desc        | asc        | 565536     | 3285.16                      | 3279.49                | 6   | 11007,11182,11357,11011,11186,11361 | -0.17    |
| 6   | 60         | 10000000 | 625000    | 156250   | 1048576 | 128   | 16   | io_uring | 12        | 16  | increase  | desc        | asc        | 378036     | 2761.64                      | 2756.78                | 6   | 12036,12211,12386,12040,12215,12390 | -0.18    |
| 8   | 60         | 10000000 | 625000    | 156250   | 1048576 | 128   | 16   | io_uring | 12        | 16  | decrease  | desc        | desc       | 315536     | 1364.45                      | 1362.03                | 6   | 16754,16929,17104,16758,16933,17108 | -0.18    |
| 7   | 60         | 10000000 | 625000    | 156250   | 1048576 | 128   | 16   | worker   | 12        | 16  | decrease  | asc         | desc       | 8192       | 145.87                       | 145.61                 | 6   | 13555,13730,13905,13559,13734,13909 | -0.18    |
| 15  | 80         | 10000000 | 2500000   | 117648   | 1048576 | 2     | 4    | io_uring | 12        | 16  | decrease  | asc         | asc        | 16384      | 67.21                        | 67.09                  | 6   | 32651,32840,33029,32655,32844,33033 | -0.18    |
| 18  | 20         | 10000000 | 2500000   | 476191   | 4194304 | 128   | 4    | worker   | 12        | 16  | increase  | desc        | asc        | 262144     | 1919.81                      | 1916.26                | 6   | 38349,38538,38727,38353,38542,38731 | -0.18    |
| 17  | 20         | 10000000 | 2500000   | 476191   | 4194304 | 128   | 4    | worker   | 12        | 16  | increase  | asc         | desc       | 1012144    | 4900.8                       | 4891.6                 | 6   | 36669,36858,37047,36673,36862,37051 | -0.19    |
| 7   | 60         | 10000000 | 625000    | 156250   | 1048576 | 128   | 16   | io_uring | 12        | 16  | decrease  | asc         | desc       | 440536     | 3025.04                      | 3019.31                | 6   | 14668,14843,15018,14672,14847,15022 | -0.19    |
| 5   | 60         | 10000000 | 625000    | 156250   | 1048576 | 128   | 16   | io_uring | 12        | 16  | increase  | asc         | asc        | 253036     | 1119.72                      | 1117.59                | 6   | 9922,10097,10272,9926,10101,10276   | -0.19    |
| 18  | 20         | 10000000 | 2500000   | 476191   | 4194304 | 128   | 4    | worker   | 12        | 16  | increase  | desc        | desc       | 512144     | 2380.25                      | 2375.61                | 2   | 38923,38927                         | -0.19    |
| 7   | 60         | 10000000 | 625000    | 156250   | 1048576 | 128   | 16   | io_uring | 12        | 16  | decrease  | asc         | desc       | 16384      | 316.51                       | 315.87                 | 6   | 14612,14787,14962,14616,14791,14966 | -0.2     |
| 6   | 60         | 10000000 | 625000    | 156250   | 1048576 | 128   | 16   | worker   | 12        | 16  | increase  | desc        | asc        | 32768      | 392.82                       | 392.0                  | 6   | 10944,11119,11294,10948,11123,11298 | -0.21    |
| 8   | 60         | 10000000 | 625000    | 156250   | 1048576 | 128   | 16   | io_uring | 12        | 16  | decrease  | desc        | asc        | 190536     | 1624.15                      | 1620.33                | 6   | 16215,16390,16565,16219,16394,16569 | -0.24    |
| 7   | 60         | 10000000 | 625000    | 156250   | 1048576 | 128   | 16   | worker   | 12        | 16  | decrease  | asc         | asc        | 32768      | 178.56                       | 178.14                 | 6   | 13044,13219,13394,13048,13223,13398 | -0.24    |
| 17  | 20         | 10000000 | 2500000   | 476191   | 4194304 | 128   | 4    | io_uring | 12        | 16  | increase  | asc         | asc        | 65536      | 870.73                       | 868.67                 | 6   | 37201,37390,37579,37205,37394,37583 | -0.24    |
| 6   | 60         | 10000000 | 625000    | 156250   | 1048576 | 128   | 16   | worker   | 12        | 16  | increase  | desc        | asc        | 253036     | 1633.65                      | 1629.77                | 6   | 10972,11147,11322,10976,11151,11326 | -0.24    |
| 13  | 80         | 10000000 | 2500000   | 117648   | 1048576 | 2     | 4    | io_uring | 12        | 16  | increase  | asc         | asc        | 65536      | 144.64                       | 144.29                 | 6   | 28129,28318,28507,28133,28322,28511 | -0.24    |
| 7   | 60         | 10000000 | 625000    | 156250   | 1048576 | 128   | 16   | io_uring | 12        | 16  | decrease  | asc         | asc        | 128036     | 625.59                       | 624.04                 | 6   | 14108,14283,14458,14112,14287,14462 | -0.25    |
| 7   | 60         | 10000000 | 625000    | 156250   | 1048576 | 128   | 16   | io_uring | 12        | 16  | decrease  | asc         | desc       | 32768      | 534.79                       | 533.39                 | 6   | 14619,14794,14969,14623,14798,14973 | -0.26    |
| 14  | 80         | 10000000 | 2500000   | 117648   | 1048576 | 2     | 4    | worker   | 12        | 16  | increase  | desc        | asc        | 762144     | 973.56                       | 970.99                 | 6   | 29291,29480,29669,29295,29484,29673 | -0.26    |
| 5   | 60         | 10000000 | 625000    | 156250   | 1048576 | 128   | 16   | io_uring | 12        | 16  | increase  | asc         | desc       | 128036     | 1210.3                       | 1206.75                | 6   | 10433,10608,10783,10437,10612,10787 | -0.29    |
| 3   | 80         | 10000000 | 1250000   | 117648   | 4       | 2048  | 8    | worker   | 12        | 16  | decrease  | asc         | desc       | 512        | 3.39                         | 3.38                   | 6   | 4980,5162,5344,4984,5166,5348       | -0.29    |
| 15  | 80         | 10000000 | 2500000   | 117648   | 1048576 | 2     | 4    | io_uring | 12        | 16  | decrease  | asc         | asc        | 2012144    | 1874.69                      | 1869.03                | 6   | 32728,32917,33106,32732,32921,33110 | -0.3     |
| 17  | 20         | 10000000 | 2500000   | 476191   | 4194304 | 128   | 4    | io_uring | 12        | 16  | increase  | asc         | asc        | 262144     | 1784.72                      | 1779.25                | 6   | 37215,37404,37593,37219,37408,37597 | -0.31    |
| 5   | 60         | 10000000 | 625000    | 156250   | 1048576 | 128   | 16   | worker   | 12        | 16  | increase  | asc         | desc       | 65536      | 746.12                       | 743.78                 | 6   | 9376,9551,9726,9380,9555,9730       | -0.31    |
| 17  | 20         | 10000000 | 2500000   | 476191   | 4194304 | 128   | 4    | worker   | 12        | 16  | increase  | asc         | asc        | 1762144    | 5024.82                      | 5009.03                | 6   | 36123,36312,36501,36127,36316,36505 | -0.31    |
| 7   | 60         | 10000000 | 625000    | 156250   | 1048576 | 128   | 16   | io_uring | 12        | 16  | decrease  | asc         | desc       | 253036     | 1934.5                       | 1928.13                | 6   | 14647,14822,14997,14651,14826,15001 | -0.33    |
| 6   | 60         | 10000000 | 625000    | 156250   | 1048576 | 128   | 16   | io_uring | 12        | 16  | increase  | desc        | desc       | 32768      | 227.92                       | 227.15                 | 6   | 12519,12694,12869,12523,12698,12873 | -0.34    |
| 14  | 80         | 10000000 | 2500000   | 117648   | 1048576 | 2     | 4    | io_uring | 12        | 16  | increase  | desc        | desc       | 131072     | 212.94                       | 212.21                 | 6   | 30971,31160,31349,30975,31164,31353 | -0.34    |
| 16  | 80         | 10000000 | 2500000   | 117648   | 1048576 | 2     | 4    | worker   | 12        | 16  | decrease  | desc        | asc        | 8192       | 36.63                        | 36.5                   | 6   | 33778,33967,34156,33782,33971,34160 | -0.35    |
| 15  | 80         | 10000000 | 2500000   | 117648   | 1048576 | 2     | 4    | worker   | 12        | 16  | decrease  | asc         | desc       | 131072     | 221.52                       | 220.73                 | 6   | 32105,32294,32483,32109,32298,32487 | -0.36    |
| 5   | 60         | 10000000 | 625000    | 156250   | 1048576 | 128   | 16   | worker   | 12        | 16  | increase  | asc         | asc        | 128036     | 542.35                       | 540.41                 | 6   | 8858,9033,9208,8862,9037,9212       | -0.36    |
| 5   | 60         | 10000000 | 625000    | 156250   | 1048576 | 128   | 16   | io_uring | 12        | 16  | increase  | asc         | asc        | 32768      | 217.22                       | 216.43                 | 6   | 9894,10069,10244,9898,10073,10248   | -0.36    |
| 17  | 20         | 10000000 | 2500000   | 476191   | 4194304 | 128   | 4    | io_uring | 12        | 16  | increase  | asc         | desc       | 1262144    | 6048.71                      | 6025.96                | 6   | 37810,37999,38188,37814,38003,38192 | -0.38    |
| 17  | 20         | 10000000 | 2500000   | 476191   | 4194304 | 128   | 4    | io_uring | 12        | 16  | increase  | asc         | desc       | 16384      | 466.89                       | 465.1                  | 6   | 37754,37943,38132,37758,37947,38136 | -0.38    |
| 16  | 80         | 10000000 | 2500000   | 117648   | 1048576 | 2     | 4    | worker   | 12        | 16  | decrease  | desc        | asc        | 262144     | 383.69                       | 382.21                 | 6   | 33813,34002,34191,33817,34006,34195 | -0.39    |
| 14  | 80         | 10000000 | 2500000   | 117648   | 1048576 | 2     | 4    | worker   | 12        | 16  | increase  | desc        | desc       | 64         | 2.54                         | 2.53                   | 6   | 29760,29949,30138,29764,29953,30142 | -0.39    |
| 6   | 60         | 10000000 | 625000    | 156250   | 1048576 | 128   | 16   | worker   | 12        | 16  | increase  | desc        | asc        | 16384      | 233.16                       | 232.24                 | 6   | 10937,11112,11287,10941,11116,11291 | -0.39    |
| 17  | 20         | 10000000 | 2500000   | 476191   | 4194304 | 128   | 4    | worker   | 12        | 16  | increase  | asc         | desc       | 131072     | 1981.73                      | 1973.78                | 6   | 36641,36830,37019,36645,36834,37023 | -0.4     |
| 13  | 80         | 10000000 | 2500000   | 117648   | 1048576 | 2     | 4    | worker   | 12        | 16  | increase  | asc         | desc       | 16384      | 63.76                        | 63.5                   | 6   | 27548,27737,27926,27552,27741,27930 | -0.41    |
| 5   | 60         | 10000000 | 625000    | 156250   | 1048576 | 128   | 16   | worker   | 12        | 16  | increase  | asc         | desc       | 16384      | 313.15                       | 311.83                 | 6   | 9362,9537,9712,9366,9541,9716       | -0.42    |
| 5   | 60         | 10000000 | 625000    | 156250   | 1048576 | 128   | 16   | io_uring | 12        | 16  | increase  | asc         | asc        | 65536      | 373.72                       | 372.09                 | 6   | 9901,10076,10251,9905,10080,10255   | -0.44    |
| 14  | 80         | 10000000 | 2500000   | 117648   | 1048576 | 2     | 4    | io_uring | 12        | 16  | increase  | desc        | asc        | 16384      | 81.54                        | 81.17                  | 6   | 30383,30572,30761,30387,30576,30765 | -0.45    |
| 17  | 20         | 10000000 | 2500000   | 476191   | 4194304 | 128   | 4    | io_uring | 12        | 16  | increase  | asc         | asc        | 1012144    | 3791.34                      | 3774.1                 | 6   | 37236,37425,37614,37240,37429,37618 | -0.45    |
| 6   | 60         | 10000000 | 625000    | 156250   | 1048576 | 128   | 16   | worker   | 12        | 16  | increase  | desc        | asc        | 16         | 2.15                         | 2.14                   | 6   | 10867,11042,11217,10871,11046,11221 | -0.47    |
| 18  | 20         | 10000000 | 2500000   | 476191   | 4194304 | 128   | 4    | worker   | 12        | 16  | increase  | desc        | asc        | 512144     | 2663.8                       | 2651.21                | 6   | 38356,38545,38734,38360,38549,38738 | -0.47    |
| 15  | 80         | 10000000 | 2500000   | 117648   | 1048576 | 2     | 4    | worker   | 12        | 16  | decrease  | asc         | desc       | 65536      | 143.65                       | 142.97                 | 6   | 32098,32287,32476,32102,32291,32480 | -0.47    |
| 7   | 60         | 10000000 | 625000    | 156250   | 1048576 | 128   | 16   | worker   | 12        | 16  | decrease  | asc         | asc        | 378036     | 1450.46                      | 1443.59                | 6   | 13086,13261,13436,13090,13265,13440 | -0.47    |
| 7   | 60         | 10000000 | 625000    | 156250   | 1048576 | 128   | 16   | worker   | 12        | 16  | decrease  | asc         | asc        | 8192       | 52.78                        | 52.53                  | 6   | 13030,13205,13380,13034,13209,13384 | -0.47    |
| 6   | 60         | 10000000 | 625000    | 156250   | 1048576 | 128   | 16   | worker   | 12        | 16  | increase  | desc        | asc        | 440536     | 2652.67                      | 2639.83                | 6   | 10993,11168,11343,10997,11172,11347 | -0.48    |
| 7   | 60         | 10000000 | 625000    | 156250   | 1048576 | 128   | 16   | io_uring | 12        | 16  | decrease  | asc         | desc       | 190536     | 1568.96                      | 1561.36                | 6   | 14640,14815,14990,14644,14819,14994 | -0.48    |
| 7   | 60         | 10000000 | 625000    | 156250   | 1048576 | 128   | 16   | worker   | 12        | 16  | decrease  | asc         | asc        | 190536     | 777.97                       | 774.19                 | 6   | 13065,13240,13415,13069,13244,13419 | -0.49    |
| 17  | 20         | 10000000 | 2500000   | 476191   | 4194304 | 128   | 4    | worker   | 12        | 16  | increase  | asc         | desc       | 512144     | 3413.46                      | 3396.83                | 6   | 36655,36844,37033,36659,36848,37037 | -0.49    |
| 7   | 60         | 10000000 | 625000    | 156250   | 1048576 | 128   | 16   | worker   | 12        | 16  | decrease  | asc         | desc       | 565536     | 3406.91                      | 3390.11                | 6   | 13632,13807,13982,13636,13811,13986 | -0.49    |
| 8   | 60         | 10000000 | 625000    | 156250   | 1048576 | 128   | 16   | worker   | 12        | 16  | decrease  | desc        | desc       | 253036     | 998.7                        | 993.77                 | 6   | 15697,15872,16047,15701,15876,16051 | -0.49    |
| 6   | 60         | 10000000 | 625000    | 156250   | 1048576 | 128   | 16   | io_uring | 12        | 16  | increase  | desc        | asc        | 4096       | 101.39                       | 100.87                 | 6   | 11973,12148,12323,11977,12152,12327 | -0.51    |
| 6   | 60         | 10000000 | 625000    | 156250   | 1048576 | 128   | 16   | worker   | 12        | 16  | increase  | desc        | asc        | 2048       | 38.84                        | 38.64                  | 6   | 10916,11091,11266,10920,11095,11270 | -0.51    |
| 14  | 80         | 10000000 | 2500000   | 117648   | 1048576 | 2     | 4    | io_uring | 12        | 16  | increase  | desc        | asc        | 2012144    | 2774.15                      | 2759.71                | 6   | 30460,30649,30838,30464,30653,30842 | -0.52    |
| 16  | 80         | 10000000 | 2500000   | 117648   | 1048576 | 2     | 4    | io_uring | 12        | 16  | decrease  | desc        | desc       | 131072     | 205.53                       | 204.43                 | 6   | 35507,35696,35885,35511,35700,35889 | -0.54    |
| 15  | 80         | 10000000 | 2500000   | 117648   | 1048576 | 2     | 4    | io_uring | 12        | 16  | decrease  | asc         | desc       | 2012144    | 2765.98                      | 2750.69                | 6   | 33295,33484,33673,33299,33488,33677 | -0.55    |
| 5   | 60         | 10000000 | 625000    | 156250   | 1048576 | 128   | 16   | io_uring | 12        | 16  | increase  | asc         | asc        | 16384      | 120.7                        | 120.03                 | 6   | 9887,10062,10237,9891,10066,10241   | -0.56    |
| 8   | 60         | 10000000 | 625000    | 156250   | 1048576 | 128   | 16   | worker   | 12        | 16  | decrease  | desc        | desc       | 315536     | 1230.07                      | 1223.06                | 6   | 15704,15879,16054,15708,15883,16058 | -0.57    |
| 15  | 80         | 10000000 | 2500000   | 117648   | 1048576 | 2     | 4    | io_uring | 12        | 16  | decrease  | asc         | desc       | 762144     | 1103.46                      | 1097.17                | 6   | 33260,33449,33638,33264,33453,33642 | -0.57    |
| 8   | 60         | 10000000 | 625000    | 156250   | 1048576 | 128   | 16   | io_uring | 12        | 16  | decrease  | desc        | asc        | 4096       | 101.37                       | 100.79                 | 6   | 16173,16348,16523,16177,16352,16527 | -0.57    |
| 14  | 80         | 10000000 | 2500000   | 117648   | 1048576 | 2     | 4    | worker   | 12        | 16  | increase  | desc        | asc        | 1512144    | 1870.77                      | 1860.0                 | 6   | 29312,29501,29690,29316,29505,29694 | -0.58    |
| 5   | 60         | 10000000 | 625000    | 156250   | 1048576 | 128   | 16   | io_uring | 12        | 16  | increase  | asc         | desc       | 32768      | 538.78                       | 535.59                 | 6   | 10419,10594,10769,10423,10598,10773 | -0.59    |
| 18  | 20         | 10000000 | 2500000   | 476191   | 4194304 | 128   | 4    | worker   | 12        | 16  | increase  | desc        | desc       | 65536      | 872.06                       | 866.86                 | 3   | 38902,39091,38906                   | -0.6     |
| 15  | 80         | 10000000 | 2500000   | 117648   | 1048576 | 2     | 4    | worker   | 12        | 16  | decrease  | asc         | desc       | 262144     | 374.17                       | 371.82                 | 6   | 32112,32301,32490,32116,32305,32494 | -0.63    |
| 5   | 60         | 10000000 | 625000    | 156250   | 1048576 | 128   | 16   | io_uring | 12        | 16  | increase  | asc         | asc        | 256        | 4.72                         | 4.69                   | 6   | 9845,10020,10195,9849,10024,10199   | -0.64    |
| 16  | 80         | 10000000 | 2500000   | 117648   | 1048576 | 2     | 4    | io_uring | 12        | 16  | decrease  | desc        | asc        | 262144     | 451.09                       | 448.19                 | 6   | 34947,35136,35325,34951,35140,35329 | -0.64    |
| 13  | 80         | 10000000 | 2500000   | 117648   | 1048576 | 2     | 4    | io_uring | 12        | 16  | increase  | asc         | asc        | 8192       | 41.71                        | 41.44                  | 6   | 28108,28297,28486,28112,28301,28490 | -0.65    |
| 14  | 80         | 10000000 | 2500000   | 117648   | 1048576 | 2     | 4    | io_uring | 12        | 16  | increase  | desc        | asc        | 1012144    | 1457.03                      | 1447.59                | 6   | 30432,30621,30810,30436,30625,30814 | -0.65    |
| 15  | 80         | 10000000 | 2500000   | 117648   | 1048576 | 2     | 4    | worker   | 12        | 16  | decrease  | asc         | desc       | 1262144    | 1581.55                      | 1571.23                | 6   | 32140,32329,32518,32144,32333,32522 | -0.65    |
| 8   | 60         | 10000000 | 625000    | 156250   | 1048576 | 128   | 16   | worker   | 12        | 16  | decrease  | desc        | asc        | 190536     | 1321.95                      | 1313.27                | 6   | 15165,15340,15515,15169,15344,15519 | -0.66    |
| 8   | 60         | 10000000 | 625000    | 156250   | 1048576 | 128   | 16   | io_uring | 12        | 16  | decrease  | desc        | asc        | 65536      | 821.49                       | 816.09                 | 6   | 16201,16376,16551,16205,16380,16555 | -0.66    |
| 14  | 80         | 10000000 | 2500000   | 117648   | 1048576 | 2     | 4    | io_uring | 12        | 16  | increase  | desc        | asc        | 762144     | 1108.71                      | 1101.33                | 6   | 30425,30614,30803,30429,30618,30807 | -0.67    |
| 5   | 60         | 10000000 | 625000    | 156250   | 1048576 | 128   | 16   | worker   | 12        | 16  | increase  | asc         | asc        | 65536      | 310.65                       | 308.56                 | 6   | 8851,9026,9201,8855,9030,9205       | -0.67    |
| 16  | 80         | 10000000 | 2500000   | 117648   | 1048576 | 2     | 4    | worker   | 12        | 16  | decrease  | desc        | asc        | 4096       | 21.19                        | 21.04                  | 6   | 33771,33960,34149,33775,33964,34153 | -0.71    |
| 16  | 80         | 10000000 | 2500000   | 117648   | 1048576 | 2     | 4    | io_uring | 12        | 16  | decrease  | desc        | desc       | 262144     | 315.14                       | 312.9                  | 6   | 35514,35703,35892,35518,35707,35896 | -0.71    |
| 5   | 60         | 10000000 | 625000    | 156250   | 1048576 | 128   | 16   | io_uring | 12        | 16  | increase  | asc         | asc        | 190536     | 870.09                       | 863.75                 | 6   | 9915,10090,10265,9919,10094,10269   | -0.73    |
| 7   | 60         | 10000000 | 625000    | 156250   | 1048576 | 128   | 16   | io_uring | 12        | 16  | decrease  | asc         | desc       | 65536      | 784.06                       | 778.34                 | 6   | 14626,14801,14976,14630,14805,14980 | -0.73    |
| 14  | 80         | 10000000 | 2500000   | 117648   | 1048576 | 2     | 4    | worker   | 12        | 16  | increase  | desc        | asc        | 2262144    | 2753.72                      | 2733.38                | 6   | 29333,29522,29711,29337,29526,29715 | -0.74    |
| 7   | 60         | 10000000 | 625000    | 156250   | 1048576 | 128   | 16   | worker   | 12        | 16  | decrease  | asc         | desc       | 16384      | 259.64                       | 257.71                 | 6   | 13562,13737,13912,13566,13741,13916 | -0.74    |
| 5   | 60         | 10000000 | 625000    | 156250   | 1048576 | 128   | 16   | worker   | 12        | 16  | increase  | asc         | asc        | 8          | 1.34                         | 1.33                   | 6   | 8760,8935,9110,8764,8939,9114       | -0.75    |
| 7   | 60         | 10000000 | 625000    | 156250   | 1048576 | 128   | 16   | io_uring | 12        | 16  | decrease  | asc         | asc        | 565536     | 2273.55                      | 2256.54                | 6   | 14157,14332,14507,14161,14336,14511 | -0.75    |
| 14  | 80         | 10000000 | 2500000   | 117648   | 1048576 | 2     | 4    | worker   | 12        | 16  | increase  | desc        | asc        | 1024       | 7.98                         | 7.92                   | 6   | 29221,29410,29599,29225,29414,29603 | -0.75    |
| 8   | 60         | 10000000 | 625000    | 156250   | 1048576 | 128   | 16   | io_uring | 12        | 16  | decrease  | desc        | asc        | 16384      | 332.04                       | 329.51                 | 6   | 16187,16362,16537,16191,16366,16541 | -0.76    |
| 13  | 80         | 10000000 | 2500000   | 117648   | 1048576 | 2     | 4    | worker   | 12        | 16  | increase  | asc         | desc       | 262144     | 420.8                        | 417.57                 | 6   | 27576,27765,27954,27580,27769,27958 | -0.77    |
| 8   | 60         | 10000000 | 625000    | 156250   | 1048576 | 128   | 16   | io_uring | 12        | 16  | decrease  | desc        | desc       | 128036     | 639.16                       | 634.22                 | 6   | 16733,16908,17083,16737,16912,17087 | -0.77    |
| 8   | 60         | 10000000 | 625000    | 156250   | 1048576 | 128   | 16   | io_uring | 12        | 16  | decrease  | desc        | asc        | 315536     | 2444.39                      | 2425.47                | 6   | 16229,16404,16579,16233,16408,16583 | -0.77    |
| 13  | 80         | 10000000 | 2500000   | 117648   | 1048576 | 2     | 4    | io_uring | 12        | 16  | increase  | asc         | asc        | 4096       | 23.21                        | 23.03                  | 6   | 28101,28290,28479,28105,28294,28483 | -0.78    |
| 15  | 80         | 10000000 | 2500000   | 117648   | 1048576 | 2     | 4    | worker   | 12        | 16  | decrease  | asc         | desc       | 1762144    | 2198.09                      | 2180.34                | 6   | 32154,32343,32532,32158,32347,32536 | -0.81    |
| 13  | 80         | 10000000 | 2500000   | 117648   | 1048576 | 2     | 4    | worker   | 12        | 16  | increase  | asc         | asc        | 2012144    | 1665.38                      | 1651.93                | 6   | 27058,27247,27436,27062,27251,27440 | -0.81    |
| 17  | 20         | 10000000 | 2500000   | 476191   | 4194304 | 128   | 4    | worker   | 12        | 16  | increase  | asc         | asc        | 512144     | 2033.35                      | 2016.81                | 6   | 36088,36277,36466,36092,36281,36470 | -0.81    |
| 15  | 80         | 10000000 | 2500000   | 117648   | 1048576 | 2     | 4    | io_uring | 12        | 16  | decrease  | asc         | desc       | 512144     | 771.99                       | 765.65                 | 6   | 33253,33442,33631,33257,33446,33635 | -0.82    |
| 17  | 20         | 10000000 | 2500000   | 476191   | 4194304 | 128   | 4    | io_uring | 12        | 16  | increase  | asc         | desc       | 32768      | 841.88                       | 834.91                 | 6   | 37761,37950,38139,37765,37954,38143 | -0.83    |
| 18  | 20         | 10000000 | 2500000   | 476191   | 4194304 | 128   | 4    | worker   | 12        | 16  | increase  | desc        | desc       | 16384      | 268.91                       | 266.66                 | 4   | 38888,39077,38892,39081             | -0.84    |
| 8   | 60         | 10000000 | 625000    | 156250   | 1048576 | 128   | 16   | io_uring | 12        | 16  | decrease  | desc        | desc       | 65536      | 385.46                       | 382.21                 | 6   | 16726,16901,17076,16730,16905,17080 | -0.84    |
| 7   | 60         | 10000000 | 625000    | 156250   | 1048576 | 128   | 16   | io_uring | 12        | 16  | decrease  | asc         | desc       | 315536     | 2308.78                      | 2289.11                | 6   | 14654,14829,15004,14658,14833,15008 | -0.85    |
| 17  | 20         | 10000000 | 2500000   | 476191   | 4194304 | 128   | 4    | io_uring | 12        | 16  | increase  | asc         | desc       | 1512144    | 6919.25                      | 6860.23                | 6   | 37817,38006,38195,37821,38010,38199 | -0.85    |
| 14  | 80         | 10000000 | 2500000   | 117648   | 1048576 | 2     | 4    | io_uring | 12        | 16  | increase  | desc        | asc        | 16         | 1.17                         | 1.16                   | 6   | 30313,30502,30691,30317,30506,30695 | -0.85    |
| 5   | 60         | 10000000 | 625000    | 156250   | 1048576 | 128   | 16   | io_uring | 12        | 16  | increase  | asc         | desc       | 315536     | 2355.61                      | 2335.45                | 6   | 10454,10629,10804,10458,10633,10808 | -0.86    |
| 14  | 80         | 10000000 | 2500000   | 117648   | 1048576 | 2     | 4    | io_uring | 12        | 16  | increase  | desc        | asc        | 262144     | 446.37                       | 442.54                 | 6   | 30411,30600,30789,30415,30604,30793 | -0.86    |
| 10  | 80         | 10000000 | 10000000  | 117648   | 16      | 32    | 1    | worker   | 12        | 16  | increase  | desc        | asc        | 16384      | 4.65                         | 4.61                   | 6   | 19673,19876,20079,19677,19880,20083 | -0.86    |
| 16  | 80         | 10000000 | 2500000   | 117648   | 1048576 | 2     | 4    | io_uring | 12        | 16  | decrease  | desc        | desc       | 2012144    | 1823.82                      | 1808.05                | 6   | 35563,35752,35941,35567,35756,35945 | -0.86    |
| 16  | 80         | 10000000 | 2500000   | 117648   | 1048576 | 2     | 4    | io_uring | 12        | 16  | decrease  | desc        | asc        | 131072     | 276.25                       | 273.84                 | 6   | 34940,35129,35318,34944,35133,35322 | -0.87    |
| 6   | 60         | 10000000 | 625000    | 156250   | 1048576 | 128   | 16   | io_uring | 12        | 16  | increase  | desc        | desc       | 16384      | 127.08                       | 125.97                 | 6   | 12512,12687,12862,12516,12691,12866 | -0.87    |
| 15  | 80         | 10000000 | 2500000   | 117648   | 1048576 | 2     | 4    | worker   | 12        | 16  | decrease  | asc         | desc       | 762144     | 967.79                       | 959.29                 | 6   | 32126,32315,32504,32130,32319,32508 | -0.88    |
| 15  | 80         | 10000000 | 2500000   | 117648   | 1048576 | 2     | 4    | io_uring | 12        | 16  | decrease  | asc         | asc        | 32768      | 104.77                       | 103.84                 | 6   | 32658,32847,33036,32662,32851,33040 | -0.89    |
| 6   | 60         | 10000000 | 625000    | 156250   | 1048576 | 128   | 16   | io_uring | 12        | 16  | increase  | desc        | asc        | 315536     | 2343.93                      | 2323.05                | 6   | 12029,12204,12379,12033,12208,12383 | -0.89    |
| 14  | 80         | 10000000 | 2500000   | 117648   | 1048576 | 2     | 4    | io_uring | 12        | 16  | increase  | desc        | asc        | 2262144    | 3098.02                      | 3069.93                | 6   | 30467,30656,30845,30471,30660,30849 | -0.91    |
| 5   | 60         | 10000000 | 625000    | 156250   | 1048576 | 128   | 16   | worker   | 12        | 16  | increase  | asc         | asc        | 190536     | 775.77                       | 768.66                 | 6   | 8865,9040,9215,8869,9044,9219       | -0.92    |
| 8   | 60         | 10000000 | 625000    | 156250   | 1048576 | 128   | 16   | worker   | 12        | 16  | decrease  | desc        | desc       | 378036     | 1471.1                       | 1457.55                | 6   | 15711,15886,16061,15715,15890,16065 | -0.92    |
| 8   | 60         | 10000000 | 625000    | 156250   | 1048576 | 128   | 16   | worker   | 12        | 16  | decrease  | desc        | asc        | 4096       | 71.78                        | 71.11                  | 6   | 15123,15298,15473,15127,15302,15477 | -0.93    |
| 16  | 80         | 10000000 | 2500000   | 117648   | 1048576 | 2     | 4    | worker   | 12        | 16  | decrease  | desc        | asc        | 16384      | 61.29                        | 60.71                  | 6   | 33785,33974,34163,33789,33978,34167 | -0.95    |
| 13  | 80         | 10000000 | 2500000   | 117648   | 1048576 | 2     | 4    | io_uring | 12        | 16  | increase  | asc         | asc        | 762144     | 735.85                       | 728.78                 | 6   | 28157,28346,28535,28161,28350,28539 | -0.96    |
| 8   | 60         | 10000000 | 625000    | 156250   | 1048576 | 128   | 16   | worker   | 12        | 16  | decrease  | desc        | desc       | 32768      | 176.39                       | 174.67                 | 6   | 15669,15844,16019,15673,15848,16023 | -0.98    |
| 17  | 20         | 10000000 | 2500000   | 476191   | 4194304 | 128   | 4    | worker   | 12        | 16  | increase  | asc         | desc       | 8192       | 241.57                       | 239.21                 | 6   | 36613,36802,36991,36617,36806,36995 | -0.98    |
| 16  | 80         | 10000000 | 2500000   | 117648   | 1048576 | 2     | 4    | worker   | 12        | 16  | decrease  | desc        | desc       | 512144     | 477.09                       | 472.39                 | 6   | 34387,34576,34765,34391,34580,34769 | -0.99    |
| 6   | 60         | 10000000 | 625000    | 156250   | 1048576 | 128   | 16   | io_uring | 12        | 16  | increase  | desc        | asc        | 8192       | 188.68                       | 186.78                 | 6   | 11980,12155,12330,11984,12159,12334 | -1.01    |
| 5   | 60         | 10000000 | 625000    | 156250   | 1048576 | 128   | 16   | worker   | 12        | 16  | increase  | asc         | desc       | 253036     | 1900.17                      | 1880.93                | 6   | 9397,9572,9747,9401,9576,9751       | -1.01    |
| 2   | 80         | 10000000 | 1250000   | 117648   | 4       | 2048  | 8    | worker   | 12        | 16  | increase  | desc        | desc       | 128        | 1.97                         | 1.95                   | 6   | 2782,2964,3146,2786,2968,3150       | -1.02    |
| 13  | 80         | 10000000 | 2500000   | 117648   | 1048576 | 2     | 4    | worker   | 12        | 16  | increase  | asc         | asc        | 1512144    | 1277.65                      | 1264.66                | 6   | 27044,27233,27422,27048,27237,27426 | -1.02    |
| 6   | 60         | 10000000 | 625000    | 156250   | 1048576 | 128   | 16   | worker   | 12        | 16  | increase  | desc        | desc       | 503036     | 1946.44                      | 1926.56                | 6   | 11525,11700,11875,11529,11704,11879 | -1.02    |
| 6   | 60         | 10000000 | 625000    | 156250   | 1048576 | 128   | 16   | io_uring | 12        | 16  | increase  | desc        | desc       | 128036     | 647.13                       | 640.43                 | 6   | 12533,12708,12883,12537,12712,12887 | -1.04    |
| 6   | 60         | 10000000 | 625000    | 156250   | 1048576 | 128   | 16   | worker   | 12        | 16  | increase  | desc        | desc       | 16384      | 109.54                       | 108.4                  | 6   | 11462,11637,11812,11466,11641,11816 | -1.04    |
| 7   | 60         | 10000000 | 625000    | 156250   | 1048576 | 128   | 16   | worker   | 12        | 16  | decrease  | asc         | desc       | 32768      | 432.39                       | 427.86                 | 6   | 13569,13744,13919,13573,13748,13923 | -1.05    |
| 2   | 80         | 10000000 | 1250000   | 117648   | 4       | 2048  | 8    | worker   | 12        | 16  | increase  | desc        | desc       | 2          | 0.95                         | 0.94                   | 6   | 2740,2922,3104,2744,2926,3108       | -1.05    |
| 15  | 80         | 10000000 | 2500000   | 117648   | 1048576 | 2     | 4    | io_uring | 12        | 16  | decrease  | asc         | desc       | 2262144    | 3088.91                      | 3056.29                | 6   | 33302,33491,33680,33306,33495,33684 | -1.06    |
| 5   | 60         | 10000000 | 625000    | 156250   | 1048576 | 128   | 16   | io_uring | 12        | 16  | increase  | asc         | desc       | 16384      | 329.35                       | 325.85                 | 6   | 10412,10587,10762,10416,10591,10766 | -1.06    |
| 9   | 80         | 10000000 | 10000000  | 117648   | 16      | 32    | 1    | worker   | 12        | 16  | increase  | asc         | desc       | 2048       | 1.88                         | 1.86                   | 6   | 17825,18028,18231,17829,18032,18235 | -1.06    |
| 7   | 60         | 10000000 | 625000    | 156250   | 1048576 | 128   | 16   | io_uring | 12        | 16  | decrease  | asc         | desc       | 8192       | 178.69                       | 176.74                 | 6   | 14605,14780,14955,14609,14784,14959 | -1.09    |
| 7   | 60         | 10000000 | 625000    | 156250   | 1048576 | 128   | 16   | io_uring | 12        | 16  | decrease  | asc         | asc        | 4096       | 34.26                        | 33.88                  | 6   | 14073,14248,14423,14077,14252,14427 | -1.11    |
| 7   | 60         | 10000000 | 625000    | 156250   | 1048576 | 128   | 16   | worker   | 12        | 16  | decrease  | asc         | desc       | 378036     | 2411.91                      | 2384.95                | 6   | 13611,13786,13961,13615,13790,13965 | -1.12    |
| 7   | 60         | 10000000 | 625000    | 156250   | 1048576 | 128   | 16   | io_uring | 12        | 16  | decrease  | asc         | desc       | 32         | 1.76                         | 1.74                   | 6   | 14549,14724,14899,14553,14728,14903 | -1.14    |
| 7   | 60         | 10000000 | 625000    | 156250   | 1048576 | 128   | 16   | worker   | 12        | 16  | decrease  | asc         | desc       | 4096       | 79.01                        | 78.11                  | 6   | 13548,13723,13898,13552,13727,13902 | -1.14    |
| 9   | 80         | 10000000 | 10000000  | 117648   | 16      | 32    | 1    | io_uring | 12        | 16  | increase  | asc         | asc        | 65536      | 7.9                          | 7.81                   | 6   | 18469,18672,18875,18473,18676,18879 | -1.14    |
| 7   | 60         | 10000000 | 625000    | 156250   | 1048576 | 128   | 16   | io_uring | 12        | 16  | decrease  | asc         | asc        | 16384      | 119.43                       | 118.05                 | 6   | 14087,14262,14437,14091,14266,14441 | -1.16    |
| 14  | 80         | 10000000 | 2500000   | 117648   | 1048576 | 2     | 4    | io_uring | 12        | 16  | increase  | desc        | asc        | 1762144    | 2465.85                      | 2437.28                | 6   | 30453,30642,30831,30457,30646,30835 | -1.16    |
| 7   | 60         | 10000000 | 625000    | 156250   | 1048576 | 128   | 16   | io_uring | 12        | 16  | decrease  | asc         | desc       | 128036     | 1193.74                      | 1179.78                | 6   | 14633,14808,14983,14637,14812,14987 | -1.17    |
| 16  | 80         | 10000000 | 2500000   | 117648   | 1048576 | 2     | 4    | io_uring | 12        | 16  | decrease  | desc        | asc        | 32768      | 127.87                       | 126.37                 | 6   | 34926,35115,35304,34930,35119,35308 | -1.17    |
| 16  | 80         | 10000000 | 2500000   | 117648   | 1048576 | 2     | 4    | io_uring | 12        | 16  | decrease  | desc        | asc        | 65536      | 184.03                       | 181.77                 | 6   | 34933,35122,35311,34937,35126,35315 | -1.23    |
| 7   | 60         | 10000000 | 625000    | 156250   | 1048576 | 128   | 16   | io_uring | 12        | 16  | decrease  | asc         | asc        | 32768      | 219.44                       | 216.72                 | 6   | 14094,14269,14444,14098,14273,14448 | -1.24    |
| 13  | 80         | 10000000 | 2500000   | 117648   | 1048576 | 2     | 4    | io_uring | 12        | 16  | increase  | asc         | asc        | 1762144    | 1596.63                      | 1576.63                | 6   | 28185,28374,28563,28189,28378,28567 | -1.25    |
| 16  | 80         | 10000000 | 2500000   | 117648   | 1048576 | 2     | 4    | worker   | 12        | 16  | decrease  | desc        | desc       | 1012144    | 897.56                       | 886.28                 | 6   | 34401,34590,34779,34405,34594,34783 | -1.26    |
| 18  | 20         | 10000000 | 2500000   | 476191   | 4194304 | 128   | 4    | worker   | 12        | 16  | increase  | desc        | asc        | 8192       | 173.29                       | 171.09                 | 6   | 38314,38503,38692,38318,38507,38696 | -1.27    |
| 16  | 80         | 10000000 | 2500000   | 117648   | 1048576 | 2     | 4    | worker   | 12        | 16  | decrease  | desc        | desc       | 32768      | 98.03                        | 96.78                  | 6   | 34359,34548,34737,34363,34552,34741 | -1.28    |
| 18  | 20         | 10000000 | 2500000   | 476191   | 4194304 | 128   | 4    | worker   | 12        | 16  | increase  | desc        | asc        | 1024       | 30.52                        | 30.13                  | 6   | 38293,38482,38671,38297,38486,38675 | -1.28    |
| 8   | 60         | 10000000 | 625000    | 156250   | 1048576 | 128   | 16   | worker   | 12        | 16  | decrease  | desc        | desc       | 4096       | 28.67                        | 28.3                   | 6   | 15648,15823,15998,15652,15827,16002 | -1.29    |
| 13  | 80         | 10000000 | 2500000   | 117648   | 1048576 | 2     | 4    | worker   | 12        | 16  | increase  | asc         | asc        | 65536      | 114.94                       | 113.45                 | 6   | 26995,27184,27373,26999,27188,27377 | -1.3     |
| 12  | 80         | 10000000 | 10000000  | 117648   | 16      | 32    | 1    | worker   | 12        | 16  | decrease  | desc        | desc       | 5048576    | 541.54                       | 534.51                 | 6   | 25224,25427,25630,25228,25431,25634 | -1.3     |
| 7   | 60         | 10000000 | 625000    | 156250   | 1048576 | 128   | 16   | worker   | 12        | 16  | decrease  | asc         | desc       | 440536     | 2748.49                      | 2712.77                | 6   | 13618,13793,13968,13622,13797,13972 | -1.3     |
| 14  | 80         | 10000000 | 2500000   | 117648   | 1048576 | 2     | 4    | io_uring | 12        | 16  | increase  | desc        | desc       | 8192       | 43.63                        | 43.06                  | 6   | 30943,31132,31321,30947,31136,31325 | -1.31    |
| 5   | 60         | 10000000 | 625000    | 156250   | 1048576 | 128   | 16   | io_uring | 12        | 16  | increase  | asc         | asc        | 1024       | 11.4                         | 11.25                  | 6   | 9859,10034,10209,9863,10038,10213   | -1.32    |
| 8   | 60         | 10000000 | 625000    | 156250   | 1048576 | 128   | 16   | worker   | 12        | 16  | decrease  | desc        | desc       | 65536      | 313.5                        | 309.34                 | 6   | 15676,15851,16026,15680,15855,16030 | -1.33    |
| 17  | 20         | 10000000 | 2500000   | 476191   | 4194304 | 128   | 4    | worker   | 12        | 16  | increase  | asc         | asc        | 8192       | 116.89                       | 115.33                 | 6   | 36046,36235,36424,36050,36239,36428 | -1.33    |
| 9   | 80         | 10000000 | 10000000  | 117648   | 16      | 32    | 1    | io_uring | 12        | 16  | increase  | asc         | asc        | 131072     | 14.95                        | 14.75                  | 6   | 18476,18679,18882,18480,18683,18886 | -1.34    |
| 4   | 80         | 10000000 | 1250000   | 117648   | 4       | 2048  | 8    | io_uring | 12        | 16  | decrease  | desc        | asc        | 32         | 1.49                         | 1.47                   | 6   | 7682,7864,8046,7686,7868,8050       | -1.34    |
| 15  | 80         | 10000000 | 2500000   | 117648   | 1048576 | 2     | 4    | io_uring | 12        | 16  | decrease  | asc         | desc       | 1512144    | 2131.15                      | 2102.53                | 6   | 33281,33470,33659,33285,33474,33663 | -1.34    |
| 16  | 80         | 10000000 | 2500000   | 117648   | 1048576 | 2     | 4    | worker   | 12        | 16  | decrease  | desc        | desc       | 762144     | 685.91                       | 676.68                 | 6   | 34394,34583,34772,34398,34587,34776 | -1.35    |
| 16  | 80         | 10000000 | 2500000   | 117648   | 1048576 | 2     | 4    | io_uring | 12        | 16  | decrease  | desc        | desc       | 762144     | 738.87                       | 728.91                 | 6   | 35528,35717,35906,35532,35721,35910 | -1.35    |
| 13  | 80         | 10000000 | 2500000   | 117648   | 1048576 | 2     | 4    | worker   | 12        | 16  | increase  | asc         | desc       | 65536      | 155.46                       | 153.3                  | 6   | 27562,27751,27940,27566,27755,27944 | -1.39    |
| 14  | 80         | 10000000 | 2500000   | 117648   | 1048576 | 2     | 4    | io_uring | 12        | 16  | increase  | desc        | asc        | 32         | 2.15                         | 2.12                   | 6   | 30320,30509,30698,30324,30513,30702 | -1.4     |
| 16  | 80         | 10000000 | 2500000   | 117648   | 1048576 | 2     | 4    | io_uring | 12        | 16  | decrease  | desc        | desc       | 1512144    | 1400.31                      | 1380.57                | 6   | 35549,35738,35927,35553,35742,35931 | -1.41    |
| 14  | 80         | 10000000 | 2500000   | 117648   | 1048576 | 2     | 4    | io_uring | 12        | 16  | increase  | desc        | desc       | 262144     | 331.58                       | 326.82                 | 6   | 30978,31167,31356,30982,31171,31360 | -1.44    |
| 8   | 60         | 10000000 | 625000    | 156250   | 1048576 | 128   | 16   | worker   | 12        | 16  | decrease  | desc        | asc        | 315536     | 2025.05                      | 1995.82                | 6   | 15179,15354,15529,15183,15358,15533 | -1.44    |
| 5   | 60         | 10000000 | 625000    | 156250   | 1048576 | 128   | 16   | worker   | 12        | 16  | increase  | asc         | asc        | 32768      | 180.01                       | 177.41                 | 6   | 8844,9019,9194,8848,9023,9198       | -1.44    |
| 3   | 80         | 10000000 | 1250000   | 117648   | 4       | 2048  | 8    | worker   | 12        | 16  | decrease  | asc         | asc        | 2          | 0.69                         | 0.68                   | 6   | 4378,4560,4742,4382,4564,4746       | -1.45    |
| 12  | 80         | 10000000 | 10000000  | 117648   | 16      | 32    | 1    | worker   | 12        | 16  | decrease  | desc        | desc       | 1024       | 0.67                         | 0.66                   | 6   | 25126,25329,25532,25130,25333,25536 | -1.49    |
| 6   | 60         | 10000000 | 625000    | 156250   | 1048576 | 128   | 16   | worker   | 12        | 16  | increase  | desc        | desc       | 65536      | 330.59                       | 325.59                 | 6   | 11476,11651,11826,11480,11655,11830 | -1.51    |
| 13  | 80         | 10000000 | 2500000   | 117648   | 1048576 | 2     | 4    | worker   | 12        | 16  | increase  | asc         | desc       | 8192       | 37.38                        | 36.81                  | 6   | 27541,27730,27919,27545,27734,27923 | -1.52    |
| 15  | 80         | 10000000 | 2500000   | 117648   | 1048576 | 2     | 4    | io_uring | 12        | 16  | decrease  | asc         | asc        | 2048       | 14.17                        | 13.95                  | 6   | 32630,32819,33008,32634,32823,33012 | -1.55    |
| 16  | 80         | 10000000 | 2500000   | 117648   | 1048576 | 2     | 4    | worker   | 12        | 16  | decrease  | desc        | desc       | 1262144    | 1099.05                      | 1081.91                | 6   | 34408,34597,34786,34412,34601,34790 | -1.56    |
| 15  | 80         | 10000000 | 2500000   | 117648   | 1048576 | 2     | 4    | worker   | 12        | 16  | decrease  | asc         | desc       | 2012144    | 2465.34                      | 2426.86                | 6   | 32161,32350,32539,32165,32354,32543 | -1.56    |
| 7   | 60         | 10000000 | 625000    | 156250   | 1048576 | 128   | 16   | worker   | 12        | 16  | decrease  | asc         | asc        | 65536      | 314.19                       | 309.27                 | 6   | 13051,13226,13401,13055,13230,13405 | -1.57    |
| 5   | 60         | 10000000 | 625000    | 156250   | 1048576 | 128   | 16   | worker   | 12        | 16  | increase  | asc         | desc       | 256        | 8.28                         | 8.15                   | 6   | 9320,9495,9670,9324,9499,9674       | -1.57    |
| 13  | 80         | 10000000 | 2500000   | 117648   | 1048576 | 2     | 4    | worker   | 12        | 16  | increase  | asc         | asc        | 762144     | 663.46                       | 652.96                 | 6   | 27023,27212,27401,27027,27216,27405 | -1.58    |
| 9   | 80         | 10000000 | 10000000  | 117648   | 16      | 32    | 1    | worker   | 12        | 16  | increase  | asc         | asc        | 4096       | 1.25                         | 1.23                   | 6   | 17223,17426,17629,17227,17430,17633 | -1.6     |
| 13  | 80         | 10000000 | 2500000   | 117648   | 1048576 | 2     | 4    | io_uring | 12        | 16  | increase  | asc         | asc        | 131072     | 203.72                       | 200.42                 | 6   | 28136,28325,28514,28140,28329,28518 | -1.62    |
| 16  | 80         | 10000000 | 2500000   | 117648   | 1048576 | 2     | 4    | worker   | 12        | 16  | decrease  | desc        | desc       | 65536      | 132.44                       | 130.29                 | 6   | 34366,34555,34744,34370,34559,34748 | -1.62    |
| 18  | 20         | 10000000 | 2500000   | 476191   | 4194304 | 128   | 4    | worker   | 12        | 16  | increase  | desc        | desc       | 2012144    | 5983.93                      | 5885.87                | 2   | 38965,38969                         | -1.64    |
| 16  | 80         | 10000000 | 2500000   | 117648   | 1048576 | 2     | 4    | worker   | 12        | 16  | decrease  | desc        | asc        | 8          | 0.61                         | 0.6                    | 6   | 33708,33897,34086,33712,33901,34090 | -1.64    |
| 17  | 20         | 10000000 | 2500000   | 476191   | 4194304 | 128   | 4    | io_uring | 12        | 16  | increase  | asc         | asc        | 762144     | 3182.48                      | 3130.06                | 6   | 37229,37418,37607,37233,37422,37611 | -1.65    |
| 16  | 80         | 10000000 | 2500000   | 117648   | 1048576 | 2     | 4    | worker   | 12        | 16  | decrease  | desc        | asc        | 1762144    | 2237.03                      | 2200.11                | 6   | 33855,34044,34233,33859,34048,34237 | -1.65    |
| 16  | 80         | 10000000 | 2500000   | 117648   | 1048576 | 2     | 4    | io_uring | 12        | 16  | decrease  | desc        | asc        | 2262144    | 3204.01                      | 3150.91                | 6   | 35003,35192,35381,35007,35196,35385 | -1.66    |
| 16  | 80         | 10000000 | 2500000   | 117648   | 1048576 | 2     | 4    | io_uring | 12        | 16  | decrease  | desc        | desc       | 1012144    | 956.64                       | 940.72                 | 6   | 35535,35724,35913,35539,35728,35917 | -1.66    |
| 17  | 20         | 10000000 | 2500000   | 476191   | 4194304 | 128   | 4    | worker   | 12        | 16  | increase  | asc         | asc        | 512        | 15.58                        | 15.32                  | 6   | 36018,36207,36396,36022,36211,36400 | -1.67    |
| 7   | 60         | 10000000 | 625000    | 156250   | 1048576 | 128   | 16   | worker   | 12        | 16  | decrease  | asc         | asc        | 503036     | 1919.81                      | 1887.74                | 6   | 13100,13275,13450,13104,13279,13454 | -1.67    |
| 14  | 80         | 10000000 | 2500000   | 117648   | 1048576 | 2     | 4    | io_uring | 12        | 16  | increase  | desc        | desc       | 32768      | 112.73                       | 110.83                 | 6   | 30957,31146,31335,30961,31150,31339 | -1.69    |
| 13  | 80         | 10000000 | 2500000   | 117648   | 1048576 | 2     | 4    | io_uring | 12        | 16  | increase  | asc         | asc        | 512144     | 519.5                        | 510.71                 | 6   | 28150,28339,28528,28154,28343,28532 | -1.69    |
| 15  | 80         | 10000000 | 2500000   | 117648   | 1048576 | 2     | 4    | worker   | 12        | 16  | decrease  | asc         | desc       | 8          | 0.59                         | 0.58                   | 6   | 32007,32196,32385,32011,32200,32389 | -1.69    |
| 13  | 80         | 10000000 | 2500000   | 117648   | 1048576 | 2     | 4    | io_uring | 12        | 16  | increase  | asc         | asc        | 2012144    | 1813.2                       | 1782.23                | 6   | 28192,28381,28570,28196,28385,28574 | -1.71    |
| 7   | 60         | 10000000 | 625000    | 156250   | 1048576 | 128   | 16   | worker   | 12        | 16  | decrease  | asc         | desc       | 32         | 2.92                         | 2.87                   | 6   | 13499,13674,13849,13503,13678,13853 | -1.71    |
| 14  | 80         | 10000000 | 2500000   | 117648   | 1048576 | 2     | 4    | worker   | 12        | 16  | increase  | desc        | desc       | 65536      | 142.94                       | 140.48                 | 6   | 29830,30019,30208,29834,30023,30212 | -1.72    |
| 14  | 80         | 10000000 | 2500000   | 117648   | 1048576 | 2     | 4    | worker   | 12        | 16  | increase  | desc        | asc        | 4096       | 22.07                        | 21.69                  | 6   | 29235,29424,29613,29239,29428,29617 | -1.72    |
| 14  | 80         | 10000000 | 2500000   | 117648   | 1048576 | 2     | 4    | worker   | 12        | 16  | increase  | desc        | asc        | 8          | 0.58                         | 0.57                   | 6   | 29172,29361,29550,29176,29365,29554 | -1.72    |
| 13  | 80         | 10000000 | 2500000   | 117648   | 1048576 | 2     | 4    | worker   | 12        | 16  | increase  | asc         | desc       | 131072     | 243.65                       | 239.4                  | 6   | 27569,27758,27947,27573,27762,27951 | -1.74    |
| 7   | 60         | 10000000 | 625000    | 156250   | 1048576 | 128   | 16   | worker   | 12        | 16  | decrease  | asc         | asc        | 440536     | 1692.77                      | 1662.84                | 6   | 13093,13268,13443,13097,13272,13447 | -1.77    |
| 5   | 60         | 10000000 | 625000    | 156250   | 1048576 | 128   | 16   | worker   | 12        | 16  | increase  | asc         | asc        | 440536     | 1697.88                      | 1667.74                | 6   | 8893,9068,9243,8897,9072,9247       | -1.78    |
| 13  | 80         | 10000000 | 2500000   | 117648   | 1048576 | 2     | 4    | io_uring | 12        | 16  | increase  | asc         | desc       | 131072     | 283.24                       | 278.21                 | 6   | 28703,28892,29081,28707,28896,29085 | -1.78    |
| 8   | 60         | 10000000 | 625000    | 156250   | 1048576 | 128   | 16   | worker   | 12        | 16  | decrease  | desc        | asc        | 378036     | 2373.02                      | 2330.47                | 6   | 15186,15361,15536,15190,15365,15540 | -1.79    |
| 13  | 80         | 10000000 | 2500000   | 117648   | 1048576 | 2     | 4    | io_uring | 12        | 16  | increase  | asc         | asc        | 16         | 1.1                          | 1.08                   | 6   | 28045,28234,28423,28049,28238,28427 | -1.82    |
| 5   | 60         | 10000000 | 625000    | 156250   | 1048576 | 128   | 16   | worker   | 12        | 16  | increase  | asc         | desc       | 315536     | 2269.58                      | 2228.09                | 6   | 9404,9579,9754,9408,9583,9758       | -1.83    |
| 11  | 80         | 10000000 | 10000000  | 117648   | 16      | 32    | 1    | worker   | 12        | 16  | decrease  | asc         | desc       | 8048576    | 1815.73                      | 1782.26                | 6   | 22809,23012,23215,22813,23016,23219 | -1.84    |
| 12  | 80         | 10000000 | 10000000  | 117648   | 16      | 32    | 1    | io_uring | 12        | 16  | decrease  | desc        | desc       | 512        | 0.53                         | 0.52                   | 6   | 26337,26540,26743,26341,26544,26747 | -1.89    |
| 8   | 60         | 10000000 | 625000    | 156250   | 1048576 | 128   | 16   | io_uring | 12        | 16  | decrease  | desc        | asc        | 378036     | 2851.78                      | 2797.47                | 6   | 16236,16411,16586,16240,16415,16590 | -1.9     |
| 13  | 80         | 10000000 | 2500000   | 117648   | 1048576 | 2     | 4    | worker   | 12        | 16  | increase  | asc         | desc       | 2262144    | 3022.99                      | 2965.33                | 6   | 27632,27821,28010,27636,27825,28014 | -1.91    |
| 5   | 60         | 10000000 | 625000    | 156250   | 1048576 | 128   | 16   | worker   | 12        | 16  | increase  | asc         | asc        | 315536     | 1243.38                      | 1219.62                | 6   | 8879,9054,9229,8883,9058,9233       | -1.91    |
| 17  | 20         | 10000000 | 2500000   | 476191   | 4194304 | 128   | 4    | worker   | 12        | 16  | increase  | asc         | asc        | 762144     | 2687.76                      | 2636.13                | 6   | 36095,36284,36473,36099,36288,36477 | -1.92    |
| 6   | 60         | 10000000 | 625000    | 156250   | 1048576 | 128   | 16   | worker   | 12        | 16  | increase  | desc        | desc       | 2          | 0.52                         | 0.51                   | 6   | 11371,11546,11721,11375,11550,11725 | -1.92    |
| 17  | 20         | 10000000 | 2500000   | 476191   | 4194304 | 128   | 4    | worker   | 12        | 16  | increase  | asc         | asc        | 1512144    | 4514.34                      | 4426.85                | 6   | 36116,36305,36494,36120,36309,36498 | -1.94    |
| 5   | 60         | 10000000 | 625000    | 156250   | 1048576 | 128   | 16   | worker   | 12        | 16  | increase  | asc         | asc        | 378036     | 1482.24                      | 1453.47                | 6   | 8886,9061,9236,8890,9065,9240       | -1.94    |
| 5   | 60         | 10000000 | 625000    | 156250   | 1048576 | 128   | 16   | io_uring | 12        | 16  | increase  | asc         | desc       | 2048       | 53.27                        | 52.2                   | 6   | 10391,10566,10741,10395,10570,10745 | -2.01    |
| 15  | 80         | 10000000 | 2500000   | 117648   | 1048576 | 2     | 4    | worker   | 12        | 16  | decrease  | asc         | asc        | 16384      | 53.64                        | 52.56                  | 6   | 31517,31706,31895,31521,31710,31899 | -2.01    |
| 15  | 80         | 10000000 | 2500000   | 117648   | 1048576 | 2     | 4    | io_uring | 12        | 16  | decrease  | asc         | desc       | 256        | 5.45                         | 5.34                   | 6   | 33176,33365,33554,33180,33369,33558 | -2.02    |
| 17  | 20         | 10000000 | 2500000   | 476191   | 4194304 | 128   | 4    | io_uring | 12        | 16  | increase  | asc         | desc       | 8192       | 253.34                       | 248.21                 | 6   | 37747,37936,38125,37751,37940,38129 | -2.02    |
| 13  | 80         | 10000000 | 2500000   | 117648   | 1048576 | 2     | 4    | io_uring | 12        | 16  | increase  | asc         | desc       | 32768      | 129.58                       | 126.95                 | 6   | 28689,28878,29067,28693,28882,29071 | -2.03    |
| 7   | 60         | 10000000 | 625000    | 156250   | 1048576 | 128   | 16   | worker   | 12        | 16  | decrease  | asc         | desc       | 2          | 0.49                         | 0.48                   | 6   | 13471,13646,13821,13475,13650,13825 | -2.04    |
| 11  | 80         | 10000000 | 10000000  | 117648   | 16      | 32    | 1    | worker   | 12        | 16  | decrease  | asc         | desc       | 5048576    | 1178.98                      | 1154.82                | 6   | 22788,22991,23194,22792,22995,23198 | -2.05    |
| 8   | 60         | 10000000 | 625000    | 156250   | 1048576 | 128   | 16   | io_uring | 12        | 16  | decrease  | desc        | desc       | 32768      | 226.72                       | 222.06                 | 6   | 16719,16894,17069,16723,16898,17073 | -2.06    |
| 2   | 80         | 10000000 | 1250000   | 117648   | 4       | 2048  | 8    | io_uring | 12        | 16  | increase  | desc        | asc        | 256        | 2.42                         | 2.37                   | 6   | 3335,3517,3699,3339,3521,3703       | -2.07    |
| 14  | 80         | 10000000 | 2500000   | 117648   | 1048576 | 2     | 4    | io_uring | 12        | 16  | increase  | desc        | desc       | 4          | 0.48                         | 0.47                   | 6   | 30866,31055,31244,30870,31059,31248 | -2.08    |
| 16  | 80         | 10000000 | 2500000   | 117648   | 1048576 | 2     | 4    | io_uring | 12        | 16  | decrease  | desc        | desc       | 1262144    | 1176.7                       | 1152.11                | 6   | 35542,35731,35920,35546,35735,35924 | -2.09    |
| 13  | 80         | 10000000 | 2500000   | 117648   | 1048576 | 2     | 4    | io_uring | 12        | 16  | increase  | asc         | desc       | 1762144    | 2717.84                      | 2660.89                | 6   | 28752,28941,29130,28756,28945,29134 | -2.1     |
| 5   | 60         | 10000000 | 625000    | 156250   | 1048576 | 128   | 16   | io_uring | 12        | 16  | increase  | asc         | desc       | 440536     | 3126.35                      | 3060.31                | 6   | 10468,10643,10818,10472,10647,10822 | -2.11    |
| 16  | 80         | 10000000 | 2500000   | 117648   | 1048576 | 2     | 4    | worker   | 12        | 16  | decrease  | desc        | asc        | 131072     | 225.41                       | 220.6                  | 6   | 33806,33995,34184,33810,33999,34188 | -2.13    |
| 3   | 80         | 10000000 | 1250000   | 117648   | 4       | 2048  | 8    | worker   | 12        | 16  | decrease  | asc         | desc       | 16         | 1.4                          | 1.37                   | 6   | 4945,5127,5309,4949,5131,5313       | -2.14    |
| 7   | 60         | 10000000 | 625000    | 156250   | 1048576 | 128   | 16   | io_uring | 12        | 16  | decrease  | asc         | desc       | 4096       | 97.84                        | 95.74                  | 6   | 14598,14773,14948,14602,14777,14952 | -2.15    |
| 4   | 80         | 10000000 | 1250000   | 117648   | 4       | 2048  | 8    | io_uring | 12        | 16  | decrease  | desc        | desc       | 1024       | 3.25                         | 3.18                   | 6   | 8263,8445,8627,8267,8449,8631       | -2.15    |
| 13  | 80         | 10000000 | 2500000   | 117648   | 1048576 | 2     | 4    | io_uring | 12        | 16  | increase  | asc         | asc        | 32768      | 106.86                       | 104.55                 | 6   | 28122,28311,28500,28126,28315,28504 | -2.16    |
| 8   | 60         | 10000000 | 625000    | 156250   | 1048576 | 128   | 16   | io_uring | 12        | 16  | decrease  | desc        | asc        | 32         | 2.72                         | 2.66                   | 6   | 16124,16299,16474,16128,16303,16478 | -2.21    |
| 16  | 80         | 10000000 | 2500000   | 117648   | 1048576 | 2     | 4    | io_uring | 12        | 16  | decrease  | desc        | asc        | 2012144    | 2902.19                      | 2837.82                | 6   | 34996,35185,35374,35000,35189,35378 | -2.22    |
| 13  | 80         | 10000000 | 2500000   | 117648   | 1048576 | 2     | 4    | worker   | 12        | 16  | increase  | asc         | asc        | 1762144    | 1483.17                      | 1450.15                | 6   | 27051,27240,27429,27055,27244,27433 | -2.23    |
| 7   | 60         | 10000000 | 625000    | 156250   | 1048576 | 128   | 16   | io_uring | 12        | 16  | decrease  | asc         | desc       | 128        | 4.91                         | 4.8                    | 6   | 14563,14738,14913,14567,14742,14917 | -2.24    |
| 8   | 60         | 10000000 | 625000    | 156250   | 1048576 | 128   | 16   | io_uring | 12        | 16  | decrease  | desc        | asc        | 512        | 15.96                        | 15.6                   | 6   | 16152,16327,16502,16156,16331,16506 | -2.26    |
| 16  | 80         | 10000000 | 2500000   | 117648   | 1048576 | 2     | 4    | io_uring | 12        | 16  | decrease  | desc        | desc       | 16384      | 71.98                        | 70.35                  | 6   | 35486,35675,35864,35490,35679,35868 | -2.26    |
| 6   | 60         | 10000000 | 625000    | 156250   | 1048576 | 128   | 16   | worker   | 12        | 16  | increase  | desc        | desc       | 565536     | 2184.9                       | 2135.21                | 6   | 11532,11707,11882,11536,11711,11886 | -2.27    |
| 14  | 80         | 10000000 | 2500000   | 117648   | 1048576 | 2     | 4    | worker   | 12        | 16  | increase  | desc        | desc       | 2048       | 14.62                        | 14.28                  | 6   | 29795,29984,30173,29799,29988,30177 | -2.33    |
| 15  | 80         | 10000000 | 2500000   | 117648   | 1048576 | 2     | 4    | io_uring | 12        | 16  | decrease  | asc         | desc       | 1012144    | 1457.19                      | 1423.01                | 6   | 33267,33456,33645,33271,33460,33649 | -2.35    |
| 17  | 20         | 10000000 | 2500000   | 476191   | 4194304 | 128   | 4    | worker   | 12        | 16  | increase  | asc         | desc       | 1262144    | 5769.42                      | 5633.9                 | 6   | 36676,36865,37054,36680,36869,37058 | -2.35    |
| 14  | 80         | 10000000 | 2500000   | 117648   | 1048576 | 2     | 4    | worker   | 12        | 16  | increase  | desc        | desc       | 8192       | 41.41                        | 40.43                  | 6   | 29809,29998,30187,29813,30002,30191 | -2.37    |
| 6   | 60         | 10000000 | 625000    | 156250   | 1048576 | 128   | 16   | worker   | 12        | 16  | increase  | desc        | desc       | 4096       | 32.94                        | 32.16                  | 6   | 11448,11623,11798,11452,11627,11802 | -2.37    |
| 8   | 60         | 10000000 | 625000    | 156250   | 1048576 | 128   | 16   | io_uring | 12        | 16  | decrease  | desc        | asc        | 440536     | 3255.2                       | 3177.39                | 6   | 16243,16418,16593,16247,16422,16597 | -2.39    |
| 13  | 80         | 10000000 | 2500000   | 117648   | 1048576 | 2     | 4    | io_uring | 12        | 16  | increase  | asc         | asc        | 262144     | 314.72                       | 307.17                 | 6   | 28143,28332,28521,28147,28336,28525 | -2.4     |
| 15  | 80         | 10000000 | 2500000   | 117648   | 1048576 | 2     | 4    | io_uring | 12        | 16  | decrease  | asc         | asc        | 262144     | 319.43                       | 311.72                 | 6   | 32679,32868,33057,32683,32872,33061 | -2.41    |
| 6   | 60         | 10000000 | 625000    | 156250   | 1048576 | 128   | 16   | worker   | 12        | 16  | increase  | desc        | asc        | 512        | 12.01                        | 11.72                  | 6   | 10902,11077,11252,10906,11081,11256 | -2.41    |
| 11  | 80         | 10000000 | 10000000  | 117648   | 16      | 32    | 1    | worker   | 12        | 16  | decrease  | asc         | desc       | 32768      | 9.49                         | 9.26                   | 6   | 22725,22928,23131,22729,22932,23135 | -2.42    |
| 17  | 20         | 10000000 | 2500000   | 476191   | 4194304 | 128   | 4    | io_uring | 12        | 16  | increase  | asc         | desc       | 1762144    | 7853.63                      | 7662.1                 | 6   | 37824,38013,38202,37828,38017,38206 | -2.44    |
| 8   | 60         | 10000000 | 625000    | 156250   | 1048576 | 128   | 16   | io_uring | 12        | 16  | decrease  | desc        | asc        | 1          | 0.41                         | 0.4                    | 6   | 16089,16264,16439,16093,16268,16443 | -2.44    |
| 4   | 80         | 10000000 | 1250000   | 117648   | 4       | 2048  | 8    | worker   | 12        | 16  | decrease  | desc        | asc        | 8          | 1.23                         | 1.2                    | 6   | 6576,6758,6940,6580,6762,6944       | -2.44    |
| 3   | 80         | 10000000 | 1250000   | 117648   | 4       | 2048  | 8    | io_uring | 12        | 16  | decrease  | asc         | asc        | 1024       | 6.54                         | 6.38                   | 6   | 5533,5715,5897,5537,5719,5901       | -2.45    |
| 7   | 60         | 10000000 | 625000    | 156250   | 1048576 | 128   | 16   | io_uring | 12        | 16  | decrease  | asc         | desc       | 64         | 2.83                         | 2.76                   | 6   | 14556,14731,14906,14560,14735,14910 | -2.47    |
| 6   | 60         | 10000000 | 625000    | 156250   | 1048576 | 128   | 16   | io_uring | 12        | 16  | increase  | desc        | asc        | 1          | 0.4                          | 0.39                   | 6   | 11889,12064,12239,11893,12068,12243 | -2.5     |
| 6   | 60         | 10000000 | 625000    | 156250   | 1048576 | 128   | 16   | worker   | 12        | 16  | increase  | desc        | asc        | 1          | 0.4                          | 0.39                   | 6   | 10839,11014,11189,10843,11018,11193 | -2.5     |
| 7   | 60         | 10000000 | 625000    | 156250   | 1048576 | 128   | 16   | worker   | 12        | 16  | decrease  | asc         | asc        | 1          | 0.4                          | 0.39                   | 6   | 12939,13114,13289,12943,13118,13293 | -2.5     |
| 16  | 80         | 10000000 | 2500000   | 117648   | 1048576 | 2     | 4    | io_uring | 12        | 16  | decrease  | desc        | asc        | 1762144    | 2585.25                      | 2520.58                | 6   | 34989,35178,35367,34993,35182,35371 | -2.5     |
| 16  | 80         | 10000000 | 2500000   | 117648   | 1048576 | 2     | 4    | io_uring | 12        | 16  | decrease  | desc        | desc       | 1762144    | 1607.62                      | 1567.36                | 6   | 35556,35745,35934,35560,35749,35938 | -2.5     |
| 15  | 80         | 10000000 | 2500000   | 117648   | 1048576 | 2     | 4    | io_uring | 12        | 16  | decrease  | asc         | asc        | 131072     | 207.08                       | 201.87                 | 6   | 32672,32861,33050,32676,32865,33054 | -2.52    |
| 8   | 60         | 10000000 | 625000    | 156250   | 1048576 | 128   | 16   | io_uring | 12        | 16  | decrease  | desc        | desc       | 8192       | 67.85                        | 66.14                  | 6   | 16705,16880,17055,16709,16884,17059 | -2.52    |
| 2   | 80         | 10000000 | 1250000   | 117648   | 4       | 2048  | 8    | worker   | 12        | 16  | increase  | desc        | asc        | 8          | 1.18                         | 1.15                   | 6   | 2208,2390,2572,2212,2394,2576       | -2.54    |
| 7   | 60         | 10000000 | 625000    | 156250   | 1048576 | 128   | 16   | worker   | 12        | 16  | decrease  | asc         | desc       | 1          | 0.39                         | 0.38                   | 6   | 13464,13639,13814,13468,13643,13818 | -2.56    |
| 7   | 60         | 10000000 | 625000    | 156250   | 1048576 | 128   | 16   | worker   | 12        | 16  | decrease  | asc         | desc       | 512        | 12.79                        | 12.46                  | 6   | 13527,13702,13877,13531,13706,13881 | -2.58    |
| 13  | 80         | 10000000 | 2500000   | 117648   | 1048576 | 2     | 4    | io_uring | 12        | 16  | increase  | asc         | desc       | 2262144    | 3377.74                      | 3289.48                | 6   | 28766,28955,29144,28770,28959,29148 | -2.61    |
| 13  | 80         | 10000000 | 2500000   | 117648   | 1048576 | 2     | 4    | worker   | 12        | 16  | increase  | asc         | asc        | 4096       | 19.03                        | 18.53                  | 6   | 26967,27156,27345,26971,27160,27349 | -2.63    |
| 4   | 80         | 10000000 | 1250000   | 117648   | 4       | 2048  | 8    | io_uring | 12        | 16  | decrease  | desc        | asc        | 256        | 3.42                         | 3.33                   | 6   | 7703,7885,8067,7707,7889,8071       | -2.63    |
| 18  | 20         | 10000000 | 2500000   | 476191   | 4194304 | 128   | 4    | worker   | 12        | 16  | increase  | desc        | asc        | 4          | 0.76                         | 0.74                   | 6   | 38237,38426,38615,38241,38430,38619 | -2.63    |
| 2   | 80         | 10000000 | 1250000   | 117648   | 4       | 2048  | 8    | worker   | 12        | 16  | increase  | desc        | asc        | 256        | 2.27                         | 2.21                   | 6   | 2243,2425,2607,2247,2429,2611       | -2.64    |
| 7   | 60         | 10000000 | 625000    | 156250   | 1048576 | 128   | 16   | io_uring | 12        | 16  | decrease  | asc         | asc        | 8          | 1.51                         | 1.47                   | 6   | 14010,14185,14360,14014,14189,14364 | -2.65    |
| 13  | 80         | 10000000 | 2500000   | 117648   | 1048576 | 2     | 4    | worker   | 12        | 16  | increase  | asc         | desc       | 512        | 4.88                         | 4.75                   | 6   | 27513,27702,27891,27517,27706,27895 | -2.66    |
| 14  | 80         | 10000000 | 2500000   | 117648   | 1048576 | 2     | 4    | worker   | 12        | 16  | increase  | desc        | asc        | 65536      | 142.35                       | 138.53                 | 6   | 29263,29452,29641,29267,29456,29645 | -2.68    |
| 5   | 60         | 10000000 | 625000    | 156250   | 1048576 | 128   | 16   | io_uring | 12        | 16  | increase  | asc         | desc       | 378036     | 2776.43                      | 2701.81                | 6   | 10461,10636,10811,10465,10640,10815 | -2.69    |
| 12  | 80         | 10000000 | 10000000  | 117648   | 16      | 32    | 1    | worker   | 12        | 16  | decrease  | desc        | desc       | 262144     | 33.39                        | 32.49                  | 6   | 25182,25385,25588,25186,25389,25592 | -2.7     |
| 10  | 80         | 10000000 | 10000000  | 117648   | 16      | 32    | 1    | worker   | 12        | 16  | increase  | desc        | desc       | 128        | 0.37                         | 0.36                   | 6   | 20233,20436,20639,20237,20440,20643 | -2.7     |
| 16  | 80         | 10000000 | 2500000   | 117648   | 1048576 | 2     | 4    | worker   | 12        | 16  | decrease  | desc        | desc       | 8192       | 38.47                        | 37.42                  | 6   | 34345,34534,34723,34349,34538,34727 | -2.73    |
| 14  | 80         | 10000000 | 2500000   | 117648   | 1048576 | 2     | 4    | io_uring | 12        | 16  | increase  | desc        | asc        | 8          | 0.73                         | 0.71                   | 6   | 30306,30495,30684,30310,30499,30688 | -2.74    |
| 16  | 80         | 10000000 | 2500000   | 117648   | 1048576 | 2     | 4    | worker   | 12        | 16  | decrease  | desc        | asc        | 65536      | 145.28                       | 141.23                 | 6   | 33799,33988,34177,33803,33992,34181 | -2.79    |
| 8   | 60         | 10000000 | 625000    | 156250   | 1048576 | 128   | 16   | worker   | 12        | 16  | decrease  | desc        | asc        | 440536     | 2759.66                      | 2682.16                | 6   | 15193,15368,15543,15197,15372,15547 | -2.81    |
| 1   | 80         | 10000000 | 1250000   | 117648   | 4       | 2048  | 8    | worker   | 12        | 16  | increase  | asc         | desc       | 64         | 1.78                         | 1.73                   | 6   | 591,773,955,595,777,959             | -2.81    |
| 13  | 80         | 10000000 | 2500000   | 117648   | 1048576 | 2     | 4    | io_uring | 12        | 16  | increase  | asc         | desc       | 2012144    | 3056.56                      | 2970.6                 | 6   | 28759,28948,29137,28763,28952,29141 | -2.81    |
| 16  | 80         | 10000000 | 2500000   | 117648   | 1048576 | 2     | 4    | worker   | 12        | 16  | decrease  | desc        | asc        | 2048       | 12.39                        | 12.04                  | 6   | 33764,33953,34142,33768,33957,34146 | -2.82    |
| 16  | 80         | 10000000 | 2500000   | 117648   | 1048576 | 2     | 4    | worker   | 12        | 16  | decrease  | desc        | asc        | 2012144    | 2538.18                      | 2466.14                | 6   | 33862,34051,34240,33866,34055,34244 | -2.84    |
| 9   | 80         | 10000000 | 10000000  | 117648   | 16      | 32    | 1    | io_uring | 12        | 16  | increase  | asc         | asc        | 16         | 0.35                         | 0.34                   | 6   | 18385,18588,18791,18389,18592,18795 | -2.86    |
| 10  | 80         | 10000000 | 10000000  | 117648   | 16      | 32    | 1    | io_uring | 12        | 16  | increase  | desc        | asc        | 32         | 0.35                         | 0.34                   | 6   | 20828,21031,21234,20832,21035,21238 | -2.86    |
| 17  | 20         | 10000000 | 2500000   | 476191   | 4194304 | 128   | 4    | worker   | 12        | 16  | increase  | asc         | asc        | 16         | 2.79                         | 2.71                   | 6   | 35983,36172,36361,35987,36176,36365 | -2.87    |
| 14  | 80         | 10000000 | 2500000   | 117648   | 1048576 | 2     | 4    | worker   | 12        | 16  | increase  | desc        | asc        | 32768      | 96.37                        | 93.58                  | 6   | 29256,29445,29634,29260,29449,29638 | -2.9     |
| 15  | 80         | 10000000 | 2500000   | 117648   | 1048576 | 2     | 4    | io_uring | 12        | 16  | decrease  | asc         | asc        | 8          | 0.69                         | 0.67                   | 6   | 32574,32763,32952,32578,32767,32956 | -2.9     |
| 11  | 80         | 10000000 | 10000000  | 117648   | 16      | 32    | 1    | worker   | 12        | 16  | decrease  | asc         | desc       | 65536      | 19.09                        | 18.53                  | 6   | 22732,22935,23138,22736,22939,23142 | -2.93    |
| 17  | 20         | 10000000 | 2500000   | 476191   | 4194304 | 128   | 4    | worker   | 12        | 16  | increase  | asc         | desc       | 4096       | 130.11                       | 126.25                 | 6   | 36606,36795,36984,36610,36799,36988 | -2.97    |
| 13  | 80         | 10000000 | 2500000   | 117648   | 1048576 | 2     | 4    | worker   | 12        | 16  | increase  | asc         | asc        | 1012144    | 885.55                       | 859.21                 | 6   | 27030,27219,27408,27034,27223,27412 | -2.97    |
| 18  | 20         | 10000000 | 2500000   | 476191   | 4194304 | 128   | 4    | worker   | 12        | 16  | increase  | desc        | desc       | 4096       | 77.8                         | 75.48                  | 4   | 38874,39063,38878,39067             | -2.98    |
| 1   | 80         | 10000000 | 1250000   | 117648   | 4       | 2048  | 8    | worker   | 12        | 16  | increase  | asc         | desc       | 1          | 0.67                         | 0.65                   | 6   | 549,731,913,553,735,917             | -2.99    |
| 16  | 80         | 10000000 | 2500000   | 117648   | 1048576 | 2     | 4    | io_uring | 12        | 16  | decrease  | desc        | asc        | 8          | 0.67                         | 0.65                   | 6   | 34842,35031,35220,34846,35035,35224 | -2.99    |
| 11  | 80         | 10000000 | 10000000  | 117648   | 16      | 32    | 1    | io_uring | 12        | 16  | decrease  | asc         | asc        | 32         | 0.33                         | 0.32                   | 6   | 23264,23467,23670,23268,23471,23674 | -3.03    |
| 16  | 80         | 10000000 | 2500000   | 117648   | 1048576 | 2     | 4    | io_uring | 12        | 16  | decrease  | desc        | asc        | 1512144    | 2234.75                      | 2165.95                | 6   | 34982,35171,35360,34986,35175,35364 | -3.08    |
| 16  | 80         | 10000000 | 2500000   | 117648   | 1048576 | 2     | 4    | worker   | 12        | 16  | decrease  | desc        | asc        | 16         | 0.97                         | 0.94                   | 6   | 33715,33904,34093,33719,33908,34097 | -3.09    |
| 7   | 60         | 10000000 | 625000    | 156250   | 1048576 | 128   | 16   | worker   | 12        | 16  | decrease  | asc         | asc        | 565536     | 2169.0                       | 2101.78                | 6   | 13107,13282,13457,13111,13286,13461 | -3.1     |
| 16  | 80         | 10000000 | 2500000   | 117648   | 1048576 | 2     | 4    | worker   | 12        | 16  | decrease  | desc        | asc        | 2262144    | 2803.62                      | 2716.05                | 6   | 33869,34058,34247,33873,34062,34251 | -3.12    |
| 9   | 80         | 10000000 | 10000000  | 117648   | 16      | 32    | 1    | worker   | 12        | 16  | increase  | asc         | desc       | 16         | 0.32                         | 0.31                   | 6   | 17776,17979,18182,17780,17983,18186 | -3.13    |
| 13  | 80         | 10000000 | 2500000   | 117648   | 1048576 | 2     | 4    | io_uring | 12        | 16  | increase  | asc         | desc       | 8          | 0.64                         | 0.62                   | 6   | 28605,28794,28983,28609,28798,28987 | -3.13    |
| 13  | 80         | 10000000 | 2500000   | 117648   | 1048576 | 2     | 4    | worker   | 12        | 16  | increase  | asc         | desc       | 8          | 0.64                         | 0.62                   | 6   | 27471,27660,27849,27475,27664,27853 | -3.13    |
| 5   | 60         | 10000000 | 625000    | 156250   | 1048576 | 128   | 16   | worker   | 12        | 16  | increase  | asc         | desc       | 440536     | 3009.48                      | 2915.42                | 6   | 9418,9593,9768,9422,9597,9772       | -3.13    |
| 16  | 80         | 10000000 | 2500000   | 117648   | 1048576 | 2     | 4    | worker   | 12        | 16  | decrease  | desc        | asc        | 1512144    | 1949.29                      | 1887.92                | 6   | 33848,34037,34226,33852,34041,34230 | -3.15    |
| 16  | 80         | 10000000 | 2500000   | 117648   | 1048576 | 2     | 4    | worker   | 12        | 16  | decrease  | desc        | desc       | 2048       | 14.25                        | 13.8                   | 6   | 34331,34520,34709,34335,34524,34713 | -3.16    |
| 10  | 80         | 10000000 | 10000000  | 117648   | 16      | 32    | 1    | worker   | 12        | 16  | increase  | desc        | asc        | 6048576    | 1331.33                      | 1288.89                | 6   | 19750,19953,20156,19754,19957,20160 | -3.19    |
| 8   | 60         | 10000000 | 625000    | 156250   | 1048576 | 128   | 16   | io_uring | 12        | 16  | decrease  | desc        | asc        | 503036     | 3658.37                      | 3541.09                | 6   | 16250,16425,16600,16254,16429,16604 | -3.21    |
| 5   | 60         | 10000000 | 625000    | 156250   | 1048576 | 128   | 16   | worker   | 12        | 16  | increase  | asc         | asc        | 4096       | 29.32                        | 28.38                  | 6   | 8823,8998,9173,8827,9002,9177       | -3.21    |
| 5   | 60         | 10000000 | 625000    | 156250   | 1048576 | 128   | 16   | worker   | 12        | 16  | increase  | asc         | desc       | 378036     | 2668.53                      | 2582.49                | 6   | 9411,9586,9761,9415,9590,9765       | -3.22    |
| 10  | 80         | 10000000 | 10000000  | 117648   | 16      | 32    | 1    | io_uring | 12        | 16  | increase  | desc        | asc        | 2          | 0.31                         | 0.3                    | 6   | 20800,21003,21206,20804,21007,21210 | -3.23    |
| 16  | 80         | 10000000 | 2500000   | 117648   | 1048576 | 2     | 4    | worker   | 12        | 16  | decrease  | desc        | desc       | 8          | 0.62                         | 0.6                    | 6   | 34275,34464,34653,34279,34468,34657 | -3.23    |
| 16  | 80         | 10000000 | 2500000   | 117648   | 1048576 | 2     | 4    | io_uring | 12        | 16  | decrease  | desc        | asc        | 4096       | 28.18                        | 27.25                  | 6   | 34905,35094,35283,34909,35098,35287 | -3.3     |
| 2   | 80         | 10000000 | 1250000   | 117648   | 4       | 2048  | 8    | worker   | 12        | 16  | increase  | desc        | desc       | 2048       | 13.52                        | 13.07                  | 6   | 2810,2992,3174,2814,2996,3178       | -3.33    |
| 6   | 60         | 10000000 | 625000    | 156250   | 1048576 | 128   | 16   | worker   | 12        | 16  | increase  | desc        | asc        | 4096       | 73.38                        | 70.93                  | 6   | 10923,11098,11273,10927,11102,11277 | -3.34    |
| 16  | 80         | 10000000 | 2500000   | 117648   | 1048576 | 2     | 4    | io_uring | 12        | 16  | decrease  | desc        | asc        | 1262144    | 1890.58                      | 1827.2                 | 6   | 34975,35164,35353,34979,35168,35357 | -3.35    |
| 9   | 80         | 10000000 | 10000000  | 117648   | 16      | 32    | 1    | io_uring | 12        | 16  | increase  | asc         | asc        | 4096       | 1.19                         | 1.15                   | 6   | 18441,18644,18847,18445,18648,18851 | -3.36    |
| 2   | 80         | 10000000 | 1250000   | 117648   | 4       | 2048  | 8    | worker   | 12        | 16  | increase  | desc        | desc       | 1024       | 8.03                         | 7.76                   | 6   | 2803,2985,3167,2807,2989,3171       | -3.36    |
| 6   | 60         | 10000000 | 625000    | 156250   | 1048576 | 128   | 16   | worker   | 12        | 16  | increase  | desc        | desc       | 2048       | 17.69                        | 17.09                  | 6   | 11441,11616,11791,11445,11620,11795 | -3.39    |
| 14  | 80         | 10000000 | 2500000   | 117648   | 1048576 | 2     | 4    | io_uring | 12        | 16  | increase  | desc        | asc        | 4096       | 28.27                        | 27.31                  | 6   | 30369,30558,30747,30373,30562,30751 | -3.4     |
| 8   | 60         | 10000000 | 625000    | 156250   | 1048576 | 128   | 16   | worker   | 12        | 16  | decrease  | desc        | desc       | 8192       | 53.05                        | 51.24                  | 6   | 15655,15830,16005,15659,15834,16009 | -3.41    |
| 11  | 80         | 10000000 | 10000000  | 117648   | 16      | 32    | 1    | worker   | 12        | 16  | decrease  | asc         | asc        | 32         | 0.29                         | 0.28                   | 6   | 22046,22249,22452,22050,22253,22456 | -3.45    |
| 15  | 80         | 10000000 | 2500000   | 117648   | 1048576 | 2     | 4    | worker   | 12        | 16  | decrease  | asc         | asc        | 2          | 0.29                         | 0.28                   | 6   | 31426,31615,31804,31430,31619,31808 | -3.45    |
| 5   | 60         | 10000000 | 625000    | 156250   | 1048576 | 128   | 16   | io_uring | 12        | 16  | increase  | asc         | asc        | 4          | 0.87                         | 0.84                   | 6   | 9803,9978,10153,9807,9982,10157     | -3.45    |
| 11  | 80         | 10000000 | 10000000  | 117648   | 16      | 32    | 1    | io_uring | 12        | 16  | decrease  | asc         | desc       | 512        | 0.57                         | 0.55                   | 6   | 23901,24104,24307,23905,24108,24311 | -3.51    |
| 13  | 80         | 10000000 | 2500000   | 117648   | 1048576 | 2     | 4    | worker   | 12        | 16  | increase  | asc         | desc       | 1762144    | 2459.11                      | 2372.63                | 6   | 27618,27807,27996,27622,27811,28000 | -3.52    |
| 17  | 20         | 10000000 | 2500000   | 476191   | 4194304 | 128   | 4    | worker   | 12        | 16  | increase  | asc         | desc       | 1512144    | 6610.48                      | 6377.73                | 6   | 36683,36872,37061,36687,36876,37065 | -3.52    |
| 17  | 20         | 10000000 | 2500000   | 476191   | 4194304 | 128   | 4    | worker   | 12        | 16  | increase  | asc         | asc        | 1262144    | 3947.96                      | 3808.42                | 6   | 36109,36298,36487,36113,36302,36491 | -3.53    |
| 16  | 80         | 10000000 | 2500000   | 117648   | 1048576 | 2     | 4    | io_uring | 12        | 16  | decrease  | desc        | desc       | 4096       | 25.95                        | 25.03                  | 6   | 35472,35661,35850,35476,35665,35854 | -3.55    |
| 13  | 80         | 10000000 | 2500000   | 117648   | 1048576 | 2     | 4    | worker   | 12        | 16  | increase  | asc         | desc       | 1          | 0.28                         | 0.27                   | 6   | 27450,27639,27828,27454,27643,27832 | -3.57    |
| 16  | 80         | 10000000 | 2500000   | 117648   | 1048576 | 2     | 4    | io_uring | 12        | 16  | decrease  | desc        | asc        | 1          | 0.28                         | 0.27                   | 6   | 34821,35010,35199,34825,35014,35203 | -3.57    |
| 1   | 80         | 10000000 | 1250000   | 117648   | 4       | 2048  | 8    | worker   | 12        | 16  | increase  | asc         | desc       | 256        | 3.34                         | 3.22                   | 6   | 605,787,969,609,791,973             | -3.59    |
| 15  | 80         | 10000000 | 2500000   | 117648   | 1048576 | 2     | 4    | io_uring | 12        | 16  | decrease  | asc         | asc        | 2262144    | 2090.47                      | 2014.77                | 6   | 32735,32924,33113,32739,32928,33117 | -3.62    |
| 10  | 80         | 10000000 | 10000000  | 117648   | 16      | 32    | 1    | worker   | 12        | 16  | increase  | desc        | asc        | 5048576    | 1091.37                      | 1051.63                | 6   | 19743,19946,20149,19747,19950,20153 | -3.64    |
| 3   | 80         | 10000000 | 1250000   | 117648   | 4       | 2048  | 8    | io_uring | 12        | 16  | decrease  | asc         | asc        | 2          | 0.82                         | 0.79                   | 6   | 5470,5652,5834,5474,5656,5838       | -3.66    |
| 1   | 80         | 10000000 | 1250000   | 117648   | 4       | 2048  | 8    | worker   | 12        | 16  | increase  | asc         | desc       | 2048       | 14.67                        | 14.13                  | 6   | 626,808,990,630,812,994             | -3.68    |
| 15  | 80         | 10000000 | 2500000   | 117648   | 1048576 | 2     | 4    | io_uring | 12        | 16  | decrease  | asc         | asc        | 1762144    | 1695.41                      | 1632.75                | 6   | 32721,32910,33099,32725,32914,33103 | -3.7     |
| 11  | 80         | 10000000 | 10000000  | 117648   | 16      | 32    | 1    | io_uring | 12        | 16  | decrease  | asc         | asc        | 4          | 0.27                         | 0.26                   | 6   | 23243,23446,23649,23247,23450,23653 | -3.7     |
| 12  | 80         | 10000000 | 10000000  | 117648   | 16      | 32    | 1    | worker   | 12        | 16  | decrease  | desc        | asc        | 32         | 0.27                         | 0.26                   | 6   | 24482,24685,24888,24486,24689,24892 | -3.7     |
| 12  | 80         | 10000000 | 10000000  | 117648   | 16      | 32    | 1    | worker   | 12        | 16  | decrease  | desc        | desc       | 1          | 0.27                         | 0.26                   | 6   | 25056,25259,25462,25060,25263,25466 | -3.7     |
| 13  | 80         | 10000000 | 2500000   | 117648   | 1048576 | 2     | 4    | worker   | 12        | 16  | increase  | asc         | desc       | 2012144    | 2782.13                      | 2677.96                | 6   | 27625,27814,28003,27629,27818,28007 | -3.74    |
| 3   | 80         | 10000000 | 1250000   | 117648   | 4       | 2048  | 8    | worker   | 12        | 16  | decrease  | asc         | desc       | 2          | 0.8                          | 0.77                   | 6   | 4924,5106,5288,4928,5110,5292       | -3.75    |
| 18  | 20         | 10000000 | 2500000   | 476191   | 4194304 | 128   | 4    | worker   | 12        | 16  | increase  | desc        | desc       | 2262144    | 6655.2                       | 6405.54                | 2   | 38972,38976                         | -3.75    |
| 14  | 80         | 10000000 | 2500000   | 117648   | 1048576 | 2     | 4    | worker   | 12        | 16  | increase  | desc        | desc       | 262144     | 318.93                       | 306.9                  | 6   | 29844,30033,30222,29848,30037,30226 | -3.77    |
| 16  | 80         | 10000000 | 2500000   | 117648   | 1048576 | 2     | 4    | worker   | 12        | 16  | decrease  | desc        | asc        | 1262144    | 1653.23                      | 1590.86                | 6   | 33841,34030,34219,33845,34034,34223 | -3.77    |
| 13  | 80         | 10000000 | 2500000   | 117648   | 1048576 | 2     | 4    | worker   | 12        | 16  | increase  | asc         | desc       | 1512144    | 2134.91                      | 2054.26                | 6   | 27611,27800,27989,27615,27804,27993 | -3.78    |
| 18  | 20         | 10000000 | 2500000   | 476191   | 4194304 | 128   | 4    | worker   | 12        | 16  | increase  | desc        | asc        | 2262144    | 7825.34                      | 7529.38                | 6   | 38405,38594,38783,38409,38598,38787 | -3.78    |
| 16  | 80         | 10000000 | 2500000   | 117648   | 1048576 | 2     | 4    | io_uring | 12        | 16  | decrease  | desc        | asc        | 1012144    | 1549.25                      | 1490.6                 | 6   | 34968,35157,35346,34972,35161,35350 | -3.79    |
| 4   | 80         | 10000000 | 1250000   | 117648   | 4       | 2048  | 8    | io_uring | 12        | 16  | decrease  | desc        | desc       | 8          | 1.32                         | 1.27                   | 6   | 8214,8396,8578,8218,8400,8582       | -3.79    |
| 16  | 80         | 10000000 | 2500000   | 117648   | 1048576 | 2     | 4    | io_uring | 12        | 16  | decrease  | desc        | asc        | 8192       | 49.6                         | 47.71                  | 6   | 34912,35101,35290,34916,35105,35294 | -3.81    |
| 4   | 80         | 10000000 | 1250000   | 117648   | 4       | 2048  | 8    | worker   | 12        | 16  | decrease  | desc        | asc        | 1          | 0.52                         | 0.5                    | 6   | 6555,6737,6919,6559,6741,6923       | -3.85    |
| 8   | 60         | 10000000 | 625000    | 156250   | 1048576 | 128   | 16   | worker   | 12        | 16  | decrease  | desc        | asc        | 2          | 0.52                         | 0.5                    | 6   | 15046,15221,15396,15050,15225,15400 | -3.85    |
| 10  | 80         | 10000000 | 10000000  | 117648   | 16      | 32    | 1    | worker   | 12        | 16  | increase  | desc        | asc        | 8          | 0.26                         | 0.25                   | 6   | 19596,19799,20002,19600,19803,20006 | -3.85    |
| 4   | 80         | 10000000 | 1250000   | 117648   | 4       | 2048  | 8    | worker   | 12        | 16  | decrease  | desc        | asc        | 32         | 1.29                         | 1.24                   | 6   | 6590,6772,6954,6594,6776,6958       | -3.88    |
| 9   | 80         | 10000000 | 10000000  | 117648   | 16      | 32    | 1    | io_uring | 12        | 16  | increase  | asc         | desc       | 8192       | 6.17                         | 5.93                   | 6   | 19057,19260,19463,19061,19264,19467 | -3.89    |
| 6   | 60         | 10000000 | 625000    | 156250   | 1048576 | 128   | 16   | io_uring | 12        | 16  | increase  | desc        | desc       | 128        | 3.84                         | 3.69                   | 6   | 12463,12638,12813,12467,12642,12817 | -3.91    |
| 11  | 80         | 10000000 | 10000000  | 117648   | 16      | 32    | 1    | worker   | 12        | 16  | decrease  | asc         | asc        | 1          | 0.25                         | 0.24                   | 6   | 22011,22214,22417,22015,22218,22421 | -4.0     |
| 18  | 20         | 10000000 | 2500000   | 476191   | 4194304 | 128   | 4    | worker   | 12        | 16  | increase  | desc        | asc        | 2          | 0.5                          | 0.48                   | 6   | 38230,38419,38608,38234,38423,38612 | -4.0     |
| 15  | 80         | 10000000 | 2500000   | 117648   | 1048576 | 2     | 4    | worker   | 12        | 16  | decrease  | asc         | asc        | 2262144    | 1888.79                      | 1813.15                | 6   | 31601,31790,31979,31605,31794,31983 | -4.0     |
| 10  | 80         | 10000000 | 10000000  | 117648   | 16      | 32    | 1    | worker   | 12        | 16  | increase  | desc        | asc        | 8048576    | 1746.14                      | 1675.7                 | 6   | 19764,19967,20170,19768,19971,20174 | -4.03    |
| 4   | 80         | 10000000 | 1250000   | 117648   | 4       | 2048  | 8    | io_uring | 12        | 16  | decrease  | desc        | asc        | 1024       | 8.67                         | 8.32                   | 6   | 7717,7899,8081,7721,7903,8085       | -4.04    |
| 5   | 60         | 10000000 | 625000    | 156250   | 1048576 | 128   | 16   | io_uring | 12        | 16  | increase  | asc         | desc       | 503036     | 3554.41                      | 3409.13                | 6   | 10475,10650,10825,10479,10654,10829 | -4.09    |
| 8   | 60         | 10000000 | 625000    | 156250   | 1048576 | 128   | 16   | io_uring | 12        | 16  | decrease  | desc        | asc        | 565536     | 4053.16                      | 3886.95                | 6   | 16257,16432,16607,16261,16436,16611 | -4.1     |
| 15  | 80         | 10000000 | 2500000   | 117648   | 1048576 | 2     | 4    | worker   | 12        | 16  | decrease  | asc         | asc        | 2012144    | 1708.96                      | 1638.85                | 6   | 31594,31783,31972,31598,31787,31976 | -4.1     |
| 13  | 80         | 10000000 | 2500000   | 117648   | 1048576 | 2     | 4    | io_uring | 12        | 16  | increase  | asc         | desc       | 512144     | 880.68                       | 844.49                 | 6   | 28717,28906,29095,28721,28910,29099 | -4.11    |
| 11  | 80         | 10000000 | 10000000  | 117648   | 16      | 32    | 1    | worker   | 12        | 16  | decrease  | asc         | asc        | 2          | 0.24                         | 0.23                   | 6   | 22018,22221,22424,22022,22225,22428 | -4.17    |
| 12  | 80         | 10000000 | 10000000  | 117648   | 16      | 32    | 1    | worker   | 12        | 16  | decrease  | desc        | asc        | 1          | 0.24                         | 0.23                   | 6   | 24447,24650,24853,24451,24654,24857 | -4.17    |
| 13  | 80         | 10000000 | 2500000   | 117648   | 1048576 | 2     | 4    | io_uring | 12        | 16  | increase  | asc         | desc       | 762144     | 1272.36                      | 1219.23                | 6   | 28724,28913,29102,28728,28917,29106 | -4.18    |
| 13  | 80         | 10000000 | 2500000   | 117648   | 1048576 | 2     | 4    | io_uring | 12        | 16  | increase  | asc         | desc       | 4          | 0.47                         | 0.45                   | 6   | 28598,28787,28976,28602,28791,28980 | -4.26    |
| 7   | 60         | 10000000 | 625000    | 156250   | 1048576 | 128   | 16   | worker   | 12        | 16  | decrease  | asc         | desc       | 1024       | 23.01                        | 22.03                  | 6   | 13534,13709,13884,13538,13713,13888 | -4.26    |
| 14  | 80         | 10000000 | 2500000   | 117648   | 1048576 | 2     | 4    | worker   | 12        | 16  | increase  | desc        | desc       | 128        | 5.61                         | 5.37                   | 6   | 29767,29956,30145,29771,29960,30149 | -4.28    |
| 17  | 20         | 10000000 | 2500000   | 476191   | 4194304 | 128   | 4    | io_uring | 12        | 16  | increase  | asc         | desc       | 2012144    | 8778.74                      | 8402.48                | 6   | 37831,38020,38209,37835,38024,38213 | -4.29    |
| 16  | 80         | 10000000 | 2500000   | 117648   | 1048576 | 2     | 4    | io_uring | 12        | 16  | decrease  | desc        | asc        | 512144     | 831.45                       | 795.34                 | 6   | 34954,35143,35332,34958,35147,35336 | -4.34    |
| 16  | 80         | 10000000 | 2500000   | 117648   | 1048576 | 2     | 4    | io_uring | 12        | 16  | decrease  | desc        | desc       | 16         | 1.15                         | 1.1                    | 6   | 35416,35605,35794,35420,35609,35798 | -4.35    |
| 10  | 80         | 10000000 | 10000000  | 117648   | 16      | 32    | 1    | io_uring | 12        | 16  | increase  | desc        | asc        | 1024       | 0.69                         | 0.66                   | 6   | 20863,21066,21269,20867,21070,21273 | -4.35    |
| 8   | 60         | 10000000 | 625000    | 156250   | 1048576 | 128   | 16   | worker   | 12        | 16  | decrease  | desc        | asc        | 503036     | 3129.55                      | 2993.14                | 6   | 15200,15375,15550,15204,15379,15554 | -4.36    |
| 5   | 60         | 10000000 | 625000    | 156250   | 1048576 | 128   | 16   | io_uring | 12        | 16  | increase  | asc         | desc       | 565536     | 3921.06                      | 3748.91                | 6   | 10482,10657,10832,10486,10661,10836 | -4.39    |
| 16  | 80         | 10000000 | 2500000   | 117648   | 1048576 | 2     | 4    | io_uring | 12        | 16  | decrease  | desc        | desc       | 512144     | 538.92                       | 515.2                  | 6   | 35521,35710,35899,35525,35714,35903 | -4.4     |
| 15  | 80         | 10000000 | 2500000   | 117648   | 1048576 | 2     | 4    | worker   | 12        | 16  | decrease  | asc         | asc        | 1512144    | 1340.88                      | 1281.85                | 6   | 31580,31769,31958,31584,31773,31962 | -4.4     |
| 9   | 80         | 10000000 | 10000000  | 117648   | 16      | 32    | 1    | worker   | 12        | 16  | increase  | asc         | desc       | 128        | 0.45                         | 0.43                   | 6   | 17797,18000,18203,17801,18004,18207 | -4.44    |
| 11  | 80         | 10000000 | 10000000  | 117648   | 16      | 32    | 1    | worker   | 12        | 16  | decrease  | asc         | desc       | 6048576    | 1386.27                      | 1324.49                | 6   | 22795,22998,23201,22799,23002,23205 | -4.46    |
| 3   | 80         | 10000000 | 1250000   | 117648   | 4       | 2048  | 8    | io_uring | 12        | 16  | decrease  | asc         | asc        | 32         | 1.57                         | 1.5                    | 6   | 5498,5680,5862,5502,5684,5866       | -4.46    |
| 1   | 80         | 10000000 | 1250000   | 117648   | 4       | 2048  | 8    | io_uring | 12        | 16  | increase  | asc         | asc        | 16         | 1.34                         | 1.28                   | 6   | 1123,1305,1487,1127,1309,1491       | -4.48    |
| 17  | 20         | 10000000 | 2500000   | 476191   | 4194304 | 128   | 4    | io_uring | 12        | 16  | increase  | asc         | desc       | 2          | 0.67                         | 0.64                   | 6   | 37663,37852,38041,37667,37856,38045 | -4.48    |
| 13  | 80         | 10000000 | 2500000   | 117648   | 1048576 | 2     | 4    | io_uring | 12        | 16  | increase  | asc         | desc       | 1262144    | 2020.46                      | 1929.64                | 6   | 28738,28927,29116,28742,28931,29120 | -4.5     |
| 6   | 60         | 10000000 | 625000    | 156250   | 1048576 | 128   | 16   | io_uring | 12        | 16  | increase  | desc        | desc       | 2048       | 19.77                        | 18.88                  | 6   | 12491,12666,12841,12495,12670,12845 | -4.5     |
| 2   | 80         | 10000000 | 1250000   | 117648   | 4       | 2048  | 8    | io_uring | 12        | 16  | increase  | desc        | asc        | 32         | 1.55                         | 1.48                   | 6   | 3314,3496,3678,3318,3500,3682       | -4.52    |
| 7   | 60         | 10000000 | 625000    | 156250   | 1048576 | 128   | 16   | worker   | 12        | 16  | decrease  | asc         | asc        | 2048       | 16.59                        | 15.84                  | 6   | 13016,13191,13366,13020,13195,13370 | -4.52    |
| 18  | 20         | 10000000 | 2500000   | 476191   | 4194304 | 128   | 4    | worker   | 12        | 16  | increase  | desc        | desc       | 1          | 0.44                         | 0.42                   | 4   | 38790,38979,38794,38983             | -4.55    |
| 18  | 20         | 10000000 | 2500000   | 476191   | 4194304 | 128   | 4    | worker   | 12        | 16  | increase  | desc        | asc        | 1012144    | 4272.13                      | 4074.88                | 6   | 38370,38559,38748,38374,38563,38752 | -4.62    |
| 13  | 80         | 10000000 | 2500000   | 117648   | 1048576 | 2     | 4    | io_uring | 12        | 16  | increase  | asc         | desc       | 1512144    | 2394.59                      | 2282.43                | 6   | 28745,28934,29123,28749,28938,29127 | -4.68    |
| 6   | 60         | 10000000 | 625000    | 156250   | 1048576 | 128   | 16   | io_uring | 12        | 16  | increase  | desc        | asc        | 32         | 2.98                         | 2.84                   | 6   | 11924,12099,12274,11928,12103,12278 | -4.7     |
| 15  | 80         | 10000000 | 2500000   | 117648   | 1048576 | 2     | 4    | io_uring | 12        | 16  | decrease  | asc         | asc        | 1012144    | 1033.13                      | 984.47                 | 6   | 32700,32889,33078,32704,32893,33082 | -4.71    |
| 17  | 20         | 10000000 | 2500000   | 476191   | 4194304 | 128   | 4    | worker   | 12        | 16  | increase  | asc         | asc        | 1012144    | 3367.61                      | 3208.87                | 6   | 36102,36291,36480,36106,36295,36484 | -4.71    |
| 15  | 80         | 10000000 | 2500000   | 117648   | 1048576 | 2     | 4    | io_uring | 12        | 16  | decrease  | asc         | desc       | 128        | 4.22                         | 4.02                   | 6   | 33169,33358,33547,33173,33362,33551 | -4.74    |
| 13  | 80         | 10000000 | 2500000   | 117648   | 1048576 | 2     | 4    | worker   | 12        | 16  | increase  | asc         | desc       | 1012144    | 1487.91                      | 1417.36                | 6   | 27597,27786,27975,27601,27790,27979 | -4.74    |
| 15  | 80         | 10000000 | 2500000   | 117648   | 1048576 | 2     | 4    | io_uring | 12        | 16  | decrease  | asc         | asc        | 1512144    | 1494.64                      | 1423.15                | 6   | 32714,32903,33092,32718,32907,33096 | -4.78    |
| 15  | 80         | 10000000 | 2500000   | 117648   | 1048576 | 2     | 4    | worker   | 12        | 16  | decrease  | asc         | asc        | 262144     | 282.54                       | 268.98                 | 6   | 31545,31734,31923,31549,31738,31927 | -4.8     |
| 16  | 80         | 10000000 | 2500000   | 117648   | 1048576 | 2     | 4    | io_uring | 12        | 16  | decrease  | desc        | desc       | 32         | 1.65                         | 1.57                   | 6   | 35423,35612,35801,35427,35616,35805 | -4.85    |
| 15  | 80         | 10000000 | 2500000   | 117648   | 1048576 | 2     | 4    | io_uring | 12        | 16  | decrease  | asc         | desc       | 4096       | 26.08                        | 24.8                   | 6   | 33204,33393,33582,33208,33397,33586 | -4.91    |
| 14  | 80         | 10000000 | 2500000   | 117648   | 1048576 | 2     | 4    | io_uring | 12        | 16  | increase  | desc        | desc       | 1762144    | 1720.39                      | 1635.72                | 6   | 31020,31209,31398,31024,31213,31402 | -4.92    |
| 11  | 80         | 10000000 | 10000000  | 117648   | 16      | 32    | 1    | worker   | 12        | 16  | decrease  | asc         | desc       | 8192       | 3.01                         | 2.86                   | 6   | 22711,22914,23117,22715,22918,23121 | -4.98    |
| 9   | 80         | 10000000 | 10000000  | 117648   | 16      | 32    | 1    | io_uring | 12        | 16  | increase  | asc         | asc        | 32         | 0.4                          | 0.38                   | 6   | 18392,18595,18798,18396,18599,18802 | -5.0     |
| 14  | 80         | 10000000 | 2500000   | 117648   | 1048576 | 2     | 4    | io_uring | 12        | 16  | increase  | desc        | desc       | 32         | 2.2                          | 2.09                   | 6   | 30887,31076,31265,30891,31080,31269 | -5.0     |
| 16  | 80         | 10000000 | 2500000   | 117648   | 1048576 | 2     | 4    | worker   | 12        | 16  | decrease  | desc        | asc        | 512144     | 729.77                       | 692.86                 | 6   | 33820,34009,34198,33824,34013,34202 | -5.06    |
| 13  | 80         | 10000000 | 2500000   | 117648   | 1048576 | 2     | 4    | worker   | 12        | 16  | increase  | asc         | desc       | 1262144    | 1821.32                      | 1729.17                | 6   | 27604,27793,27982,27608,27797,27986 | -5.06    |
| 4   | 80         | 10000000 | 1250000   | 117648   | 4       | 2048  | 8    | io_uring | 12        | 16  | decrease  | desc        | desc       | 4          | 0.98                         | 0.93                   | 6   | 8207,8389,8571,8211,8393,8575       | -5.1     |
| 7   | 60         | 10000000 | 625000    | 156250   | 1048576 | 128   | 16   | io_uring | 12        | 16  | decrease  | asc         | asc        | 8192       | 65.68                        | 62.32                  | 6   | 14080,14255,14430,14084,14259,14434 | -5.12    |
| 12  | 80         | 10000000 | 10000000  | 117648   | 16      | 32    | 1    | worker   | 12        | 16  | decrease  | desc        | desc       | 16384      | 2.91                         | 2.76                   | 6   | 25154,25357,25560,25158,25361,25564 | -5.15    |
| 15  | 80         | 10000000 | 2500000   | 117648   | 1048576 | 2     | 4    | worker   | 12        | 16  | decrease  | asc         | desc       | 4096       | 22.48                        | 21.32                  | 6   | 32070,32259,32448,32074,32263,32452 | -5.16    |
| 14  | 80         | 10000000 | 2500000   | 117648   | 1048576 | 2     | 4    | io_uring | 12        | 16  | increase  | desc        | desc       | 2262144    | 2136.24                      | 2024.22                | 6   | 31034,31223,31412,31038,31227,31416 | -5.24    |
| 14  | 80         | 10000000 | 2500000   | 117648   | 1048576 | 2     | 4    | io_uring | 12        | 16  | increase  | desc        | desc       | 2012144    | 1955.61                      | 1852.78                | 6   | 31027,31216,31405,31031,31220,31409 | -5.26    |
| 4   | 80         | 10000000 | 1250000   | 117648   | 4       | 2048  | 8    | worker   | 12        | 16  | decrease  | desc        | asc        | 2          | 0.76                         | 0.72                   | 6   | 6562,6744,6926,6566,6748,6930       | -5.26    |
| 5   | 60         | 10000000 | 625000    | 156250   | 1048576 | 128   | 16   | worker   | 12        | 16  | increase  | asc         | asc        | 1          | 0.38                         | 0.36                   | 6   | 8739,8914,9089,8743,8918,9093       | -5.26    |
| 14  | 80         | 10000000 | 2500000   | 117648   | 1048576 | 2     | 4    | io_uring | 12        | 16  | increase  | desc        | desc       | 2          | 0.38                         | 0.36                   | 6   | 30859,31048,31237,30863,31052,31241 | -5.26    |
| 6   | 60         | 10000000 | 625000    | 156250   | 1048576 | 128   | 16   | io_uring | 12        | 16  | increase  | desc        | asc        | 256        | 9.26                         | 8.77                   | 6   | 11945,12120,12295,11949,12124,12299 | -5.29    |
| 7   | 60         | 10000000 | 625000    | 156250   | 1048576 | 128   | 16   | io_uring | 12        | 16  | decrease  | asc         | asc        | 16         | 2.23                         | 2.11                   | 6   | 14017,14192,14367,14021,14196,14371 | -5.38    |
| 18  | 20         | 10000000 | 2500000   | 476191   | 4194304 | 128   | 4    | worker   | 12        | 16  | increase  | desc        | asc        | 2012144    | 7306.11                      | 6912.86                | 6   | 38398,38587,38776,38402,38591,38780 | -5.38    |
| 15  | 80         | 10000000 | 2500000   | 117648   | 1048576 | 2     | 4    | io_uring | 12        | 16  | decrease  | asc         | asc        | 1262144    | 1263.68                      | 1195.3                 | 6   | 32707,32896,33085,32711,32900,33089 | -5.41    |
| 13  | 80         | 10000000 | 2500000   | 117648   | 1048576 | 2     | 4    | worker   | 12        | 16  | increase  | asc         | desc       | 512144     | 795.04                       | 751.97                 | 6   | 27583,27772,27961,27587,27776,27965 | -5.42    |
| 16  | 80         | 10000000 | 2500000   | 117648   | 1048576 | 2     | 4    | worker   | 12        | 16  | decrease  | desc        | asc        | 762144     | 1053.48                      | 996.3                  | 6   | 33827,34016,34205,33831,34020,34209 | -5.43    |
| 16  | 80         | 10000000 | 2500000   | 117648   | 1048576 | 2     | 4    | io_uring | 12        | 16  | decrease  | desc        | asc        | 762144     | 1202.03                      | 1136.69                | 6   | 34961,35150,35339,34965,35154,35343 | -5.44    |
| 8   | 60         | 10000000 | 625000    | 156250   | 1048576 | 128   | 16   | worker   | 12        | 16  | decrease  | desc        | asc        | 565536     | 3506.13                      | 3314.69                | 6   | 15207,15382,15557,15211,15386,15561 | -5.46    |
| 17  | 20         | 10000000 | 2500000   | 476191   | 4194304 | 128   | 4    | io_uring | 12        | 16  | increase  | asc         | asc        | 16         | 3.28                         | 3.1                    | 6   | 37117,37306,37495,37121,37310,37499 | -5.49    |
| 17  | 20         | 10000000 | 2500000   | 476191   | 4194304 | 128   | 4    | io_uring | 12        | 16  | increase  | asc         | asc        | 1024       | 28.53                        | 26.96                  | 6   | 37159,37348,37537,37163,37352,37541 | -5.5     |
| 8   | 60         | 10000000 | 625000    | 156250   | 1048576 | 128   | 16   | worker   | 12        | 16  | decrease  | desc        | asc        | 1          | 0.36                         | 0.34                   | 6   | 15039,15214,15389,15043,15218,15393 | -5.56    |
| 7   | 60         | 10000000 | 625000    | 156250   | 1048576 | 128   | 16   | io_uring | 12        | 16  | decrease  | asc         | asc        | 2          | 0.54                         | 0.51                   | 6   | 13996,14171,14346,14000,14175,14350 | -5.56    |
| 15  | 80         | 10000000 | 2500000   | 117648   | 1048576 | 2     | 4    | worker   | 12        | 16  | decrease  | asc         | asc        | 8192       | 33.46                        | 31.58                  | 6   | 31510,31699,31888,31514,31703,31892 | -5.62    |
| 16  | 80         | 10000000 | 2500000   | 117648   | 1048576 | 2     | 4    | worker   | 12        | 16  | decrease  | desc        | desc       | 32         | 1.95                         | 1.84                   | 6   | 34289,34478,34667,34293,34482,34671 | -5.64    |
| 17  | 20         | 10000000 | 2500000   | 476191   | 4194304 | 128   | 4    | io_uring | 12        | 16  | increase  | asc         | desc       | 2262144    | 9656.08                      | 9109.64                | 6   | 37838,38027,38216,37842,38031,38220 | -5.66    |
| 6   | 60         | 10000000 | 625000    | 156250   | 1048576 | 128   | 16   | io_uring | 12        | 16  | increase  | desc        | asc        | 4          | 0.88                         | 0.83                   | 6   | 11903,12078,12253,11907,12082,12257 | -5.68    |
| 11  | 80         | 10000000 | 10000000  | 117648   | 16      | 32    | 1    | io_uring | 12        | 16  | decrease  | asc         | asc        | 64         | 0.35                         | 0.33                   | 6   | 23271,23474,23677,23275,23478,23681 | -5.71    |
| 13  | 80         | 10000000 | 2500000   | 117648   | 1048576 | 2     | 4    | io_uring | 12        | 16  | increase  | asc         | desc       | 2          | 0.35                         | 0.33                   | 6   | 28591,28780,28969,28595,28784,28973 | -5.71    |
| 3   | 80         | 10000000 | 1250000   | 117648   | 4       | 2048  | 8    | worker   | 12        | 16  | decrease  | asc         | asc        | 8          | 1.05                         | 0.99                   | 6   | 4392,4574,4756,4396,4578,4760       | -5.71    |
| 17  | 20         | 10000000 | 2500000   | 476191   | 4194304 | 128   | 4    | io_uring | 12        | 16  | increase  | asc         | asc        | 32         | 5.94                         | 5.6                    | 6   | 37124,37313,37502,37128,37317,37506 | -5.72    |
| 5   | 60         | 10000000 | 625000    | 156250   | 1048576 | 128   | 16   | worker   | 12        | 16  | increase  | asc         | desc       | 4          | 0.87                         | 0.82                   | 6   | 9278,9453,9628,9282,9457,9632       | -5.75    |
| 16  | 80         | 10000000 | 2500000   | 117648   | 1048576 | 2     | 4    | worker   | 12        | 16  | decrease  | desc        | asc        | 1012144    | 1371.49                      | 1291.82                | 6   | 33834,34023,34212,33838,34027,34216 | -5.81    |
| 8   | 60         | 10000000 | 625000    | 156250   | 1048576 | 128   | 16   | io_uring | 12        | 16  | decrease  | desc        | desc       | 1024       | 11.25                        | 10.59                  | 6   | 16684,16859,17034,16688,16863,17038 | -5.87    |
| 17  | 20         | 10000000 | 2500000   | 476191   | 4194304 | 128   | 4    | worker   | 12        | 16  | increase  | asc         | asc        | 4096       | 60.5                         | 56.95                  | 6   | 36039,36228,36417,36043,36232,36421 | -5.87    |
| 12  | 80         | 10000000 | 10000000  | 117648   | 16      | 32    | 1    | worker   | 12        | 16  | decrease  | desc        | desc       | 16         | 0.34                         | 0.32                   | 6   | 25084,25287,25490,25088,25291,25494 | -5.88    |
| 5   | 60         | 10000000 | 625000    | 156250   | 1048576 | 128   | 16   | worker   | 12        | 16  | increase  | asc         | desc       | 503036     | 3429.63                      | 3227.55                | 6   | 9425,9600,9775,9429,9604,9779       | -5.89    |
| 17  | 20         | 10000000 | 2500000   | 476191   | 4194304 | 128   | 4    | worker   | 12        | 16  | increase  | asc         | desc       | 1762144    | 7643.84                      | 7192.0                 | 6   | 36690,36879,37068,36694,36883,37072 | -5.91    |
| 17  | 20         | 10000000 | 2500000   | 476191   | 4194304 | 128   | 4    | io_uring | 12        | 16  | increase  | asc         | desc       | 4096       | 138.6                        | 130.35                 | 6   | 37740,37929,38118,37744,37933,38122 | -5.95    |
| 9   | 80         | 10000000 | 10000000  | 117648   | 16      | 32    | 1    | worker   | 12        | 16  | increase  | asc         | asc        | 131072     | 17.38                        | 16.34                  | 6   | 17258,17461,17664,17262,17465,17668 | -5.98    |
| 5   | 60         | 10000000 | 625000    | 156250   | 1048576 | 128   | 16   | worker   | 12        | 16  | increase  | asc         | desc       | 565536     | 3772.68                      | 3545.22                | 6   | 9432,9607,9782,9436,9611,9786       | -6.03    |
| 10  | 80         | 10000000 | 10000000  | 117648   | 16      | 32    | 1    | io_uring | 12        | 16  | increase  | desc        | desc       | 4          | 0.33                         | 0.31                   | 6   | 21416,21619,21822,21420,21623,21826 | -6.06    |
| 15  | 80         | 10000000 | 2500000   | 117648   | 1048576 | 2     | 4    | worker   | 12        | 16  | decrease  | asc         | asc        | 2048       | 11.55                        | 10.85                  | 6   | 31496,31685,31874,31500,31689,31878 | -6.06    |
| 18  | 20         | 10000000 | 2500000   | 476191   | 4194304 | 128   | 4    | worker   | 12        | 16  | increase  | desc        | asc        | 1762144    | 6664.66                      | 6259.49                | 6   | 38391,38580,38769,38395,38584,38773 | -6.08    |
| 3   | 80         | 10000000 | 1250000   | 117648   | 4       | 2048  | 8    | worker   | 12        | 16  | decrease  | asc         | asc        | 512        | 4.25                         | 3.99                   | 6   | 4434,4616,4798,4438,4620,4802       | -6.12    |
| 14  | 80         | 10000000 | 2500000   | 117648   | 1048576 | 2     | 4    | worker   | 12        | 16  | increase  | desc        | desc       | 2012144    | 1812.06                      | 1700.64                | 6   | 29893,30082,30271,29897,30086,30275 | -6.15    |
| 6   | 60         | 10000000 | 625000    | 156250   | 1048576 | 128   | 16   | worker   | 12        | 16  | increase  | desc        | desc       | 8          | 1.45                         | 1.36                   | 6   | 11385,11560,11735,11389,11564,11739 | -6.21    |
| 13  | 80         | 10000000 | 2500000   | 117648   | 1048576 | 2     | 4    | io_uring | 12        | 16  | increase  | asc         | desc       | 1012144    | 1660.59                      | 1557.31                | 6   | 28731,28920,29109,28735,28924,29113 | -6.22    |
| 1   | 80         | 10000000 | 1250000   | 117648   | 4       | 2048  | 8    | io_uring | 12        | 16  | increase  | asc         | asc        | 256        | 1.92                         | 1.8                    | 6   | 1151,1333,1515,1155,1337,1519       | -6.25    |
| 7   | 60         | 10000000 | 625000    | 156250   | 1048576 | 128   | 16   | worker   | 12        | 16  | decrease  | asc         | asc        | 32         | 2.56                         | 2.4                    | 6   | 12974,13149,13324,12978,13153,13328 | -6.25    |
| 9   | 80         | 10000000 | 10000000  | 117648   | 16      | 32    | 1    | worker   | 12        | 16  | increase  | asc         | desc       | 8          | 0.32                         | 0.3                    | 6   | 17769,17972,18175,17773,17976,18179 | -6.25    |
| 13  | 80         | 10000000 | 2500000   | 117648   | 1048576 | 2     | 4    | io_uring | 12        | 16  | increase  | asc         | desc       | 16         | 1.12                         | 1.05                   | 6   | 28612,28801,28990,28616,28805,28994 | -6.25    |
| 13  | 80         | 10000000 | 2500000   | 117648   | 1048576 | 2     | 4    | worker   | 12        | 16  | increase  | asc         | desc       | 2          | 0.32                         | 0.3                    | 6   | 27457,27646,27835,27461,27650,27839 | -6.25    |
| 15  | 80         | 10000000 | 2500000   | 117648   | 1048576 | 2     | 4    | worker   | 12        | 16  | decrease  | asc         | asc        | 1762144    | 1536.25                      | 1440.21                | 6   | 31587,31776,31965,31591,31780,31969 | -6.25    |
| 2   | 80         | 10000000 | 1250000   | 117648   | 4       | 2048  | 8    | worker   | 12        | 16  | increase  | desc        | asc        | 512        | 3.18                         | 2.98                   | 6   | 2250,2432,2614,2254,2436,2618       | -6.29    |
| 7   | 60         | 10000000 | 625000    | 156250   | 1048576 | 128   | 16   | io_uring | 12        | 16  | decrease  | asc         | asc        | 2048       | 19.03                        | 17.83                  | 6   | 14066,14241,14416,14070,14245,14420 | -6.31    |
| 13  | 80         | 10000000 | 2500000   | 117648   | 1048576 | 2     | 4    | worker   | 12        | 16  | increase  | asc         | asc        | 16         | 0.95                         | 0.89                   | 6   | 26911,27100,27289,26915,27104,27293 | -6.32    |
| 8   | 60         | 10000000 | 625000    | 156250   | 1048576 | 128   | 16   | worker   | 12        | 16  | decrease  | desc        | desc       | 1024       | 9.54                         | 8.93                   | 6   | 15634,15809,15984,15638,15813,15988 | -6.39    |
| 14  | 80         | 10000000 | 2500000   | 117648   | 1048576 | 2     | 4    | io_uring | 12        | 16  | increase  | desc        | desc       | 1512144    | 1545.47                      | 1445.78                | 6   | 31013,31202,31391,31017,31206,31395 | -6.45    |
| 2   | 80         | 10000000 | 1250000   | 117648   | 4       | 2048  | 8    | io_uring | 12        | 16  | increase  | desc        | desc       | 4          | 0.93                         | 0.87                   | 6   | 3839,4021,4203,3843,4025,4207       | -6.45    |
| 10  | 80         | 10000000 | 10000000  | 117648   | 16      | 32    | 1    | worker   | 12        | 16  | increase  | desc        | asc        | 3048576    | 676.31                       | 632.52                 | 6   | 19729,19932,20135,19733,19936,20139 | -6.47    |
| 7   | 60         | 10000000 | 625000    | 156250   | 1048576 | 128   | 16   | worker   | 12        | 16  | decrease  | asc         | desc       | 4          | 0.77                         | 0.72                   | 6   | 13478,13653,13828,13482,13657,13832 | -6.49    |
| 14  | 80         | 10000000 | 2500000   | 117648   | 1048576 | 2     | 4    | io_uring | 12        | 16  | increase  | desc        | asc        | 512        | 6.46                         | 6.04                   | 6   | 30348,30537,30726,30352,30541,30730 | -6.5     |
| 12  | 80         | 10000000 | 10000000  | 117648   | 16      | 32    | 1    | worker   | 12        | 16  | decrease  | desc        | desc       | 131072     | 18.6                         | 17.39                  | 6   | 25175,25378,25581,25179,25382,25585 | -6.51    |
| 15  | 80         | 10000000 | 2500000   | 117648   | 1048576 | 2     | 4    | io_uring | 12        | 16  | decrease  | asc         | desc       | 4          | 0.46                         | 0.43                   | 6   | 33134,33323,33512,33138,33327,33516 | -6.52    |
| 10  | 80         | 10000000 | 10000000  | 117648   | 16      | 32    | 1    | worker   | 12        | 16  | increase  | desc        | asc        | 131072     | 33.67                        | 31.45                  | 6   | 19694,19897,20100,19698,19901,20104 | -6.59    |
| 14  | 80         | 10000000 | 2500000   | 117648   | 1048576 | 2     | 4    | worker   | 12        | 16  | increase  | desc        | desc       | 2262144    | 1973.75                      | 1843.47                | 6   | 29900,30089,30278,29904,30093,30282 | -6.6     |
| 8   | 60         | 10000000 | 625000    | 156250   | 1048576 | 128   | 16   | worker   | 12        | 16  | decrease  | desc        | asc        | 8          | 1.21                         | 1.13                   | 6   | 15060,15235,15410,15064,15239,15414 | -6.61    |
| 18  | 20         | 10000000 | 2500000   | 476191   | 4194304 | 128   | 4    | worker   | 12        | 16  | increase  | desc        | asc        | 32         | 4.84                         | 4.52                   | 6   | 38258,38447,38636,38262,38451,38640 | -6.61    |
| 13  | 80         | 10000000 | 2500000   | 117648   | 1048576 | 2     | 4    | worker   | 12        | 16  | increase  | asc         | asc        | 16384      | 56.36                        | 52.61                  | 6   | 26981,27170,27359,26985,27174,27363 | -6.65    |
| 10  | 80         | 10000000 | 10000000  | 117648   | 16      | 32    | 1    | worker   | 12        | 16  | increase  | desc        | asc        | 32         | 0.3                          | 0.28                   | 6   | 19610,19813,20016,19614,19817,20020 | -6.67    |
| 13  | 80         | 10000000 | 2500000   | 117648   | 1048576 | 2     | 4    | worker   | 12        | 16  | increase  | asc         | asc        | 8          | 0.6                          | 0.56                   | 6   | 26904,27093,27282,26908,27097,27286 | -6.67    |
| 15  | 80         | 10000000 | 2500000   | 117648   | 1048576 | 2     | 4    | worker   | 12        | 16  | decrease  | asc         | asc        | 8          | 0.6                          | 0.56                   | 6   | 31440,31629,31818,31444,31633,31822 | -6.67    |
| 18  | 20         | 10000000 | 2500000   | 476191   | 4194304 | 128   | 4    | worker   | 12        | 16  | increase  | desc        | asc        | 4096       | 95.25                        | 88.9                   | 6   | 38307,38496,38685,38311,38500,38689 | -6.67    |
| 12  | 80         | 10000000 | 10000000  | 117648   | 16      | 32    | 1    | worker   | 12        | 16  | decrease  | desc        | desc       | 256        | 0.45                         | 0.42                   | 6   | 25112,25315,25518,25116,25319,25522 | -6.67    |
| 13  | 80         | 10000000 | 2500000   | 117648   | 1048576 | 2     | 4    | worker   | 12        | 16  | increase  | asc         | desc       | 762144     | 1167.06                      | 1089.25                | 6   | 27590,27779,27968,27594,27783,27972 | -6.67    |
| 15  | 80         | 10000000 | 2500000   | 117648   | 1048576 | 2     | 4    | worker   | 12        | 16  | decrease  | asc         | asc        | 512144     | 514.05                       | 479.4                  | 6   | 31552,31741,31930,31556,31745,31934 | -6.74    |
| 4   | 80         | 10000000 | 1250000   | 117648   | 4       | 2048  | 8    | worker   | 12        | 16  | decrease  | desc        | desc       | 1024       | 4.1                          | 3.82                   | 6   | 7171,7353,7535,7175,7357,7539       | -6.83    |
| 8   | 60         | 10000000 | 625000    | 156250   | 1048576 | 128   | 16   | io_uring | 12        | 16  | decrease  | desc        | desc       | 8          | 1.31                         | 1.22                   | 6   | 16635,16810,16985,16639,16814,16989 | -6.87    |
| 11  | 80         | 10000000 | 10000000  | 117648   | 16      | 32    | 1    | worker   | 12        | 16  | decrease  | asc         | desc       | 2          | 0.29                         | 0.27                   | 6   | 22627,22830,23033,22631,22834,23037 | -6.9     |
| 12  | 80         | 10000000 | 10000000  | 117648   | 16      | 32    | 1    | io_uring | 12        | 16  | decrease  | desc        | asc        | 8          | 0.29                         | 0.27                   | 6   | 25686,25889,26092,25690,25893,26096 | -6.9     |
| 13  | 80         | 10000000 | 2500000   | 117648   | 1048576 | 2     | 4    | io_uring | 12        | 16  | increase  | asc         | desc       | 1          | 0.29                         | 0.27                   | 6   | 28584,28773,28962,28588,28777,28966 | -6.9     |
| 5   | 60         | 10000000 | 625000    | 156250   | 1048576 | 128   | 16   | worker   | 12        | 16  | increase  | asc         | asc        | 16         | 1.87                         | 1.74                   | 6   | 8767,8942,9117,8771,8946,9121       | -6.95    |
| 15  | 80         | 10000000 | 2500000   | 117648   | 1048576 | 2     | 4    | worker   | 12        | 16  | decrease  | asc         | asc        | 4096       | 19.78                        | 18.4                   | 6   | 31503,31692,31881,31507,31696,31885 | -6.98    |
| 14  | 80         | 10000000 | 2500000   | 117648   | 1048576 | 2     | 4    | io_uring | 12        | 16  | increase  | desc        | desc       | 512144     | 596.56                       | 554.89                 | 6   | 30985,31174,31363,30989,31178,31367 | -6.99    |
| 18  | 20         | 10000000 | 2500000   | 476191   | 4194304 | 128   | 4    | worker   | 12        | 16  | increase  | desc        | desc       | 32         | 6.29                         | 5.85                   | 4   | 38825,39014,38829,39018             | -7.0     |
| 17  | 20         | 10000000 | 2500000   | 476191   | 4194304 | 128   | 4    | worker   | 12        | 16  | increase  | asc         | desc       | 64         | 10.57                        | 9.83                   | 6   | 36564,36753,36942,36568,36757,36946 | -7.0     |
| 5   | 60         | 10000000 | 625000    | 156250   | 1048576 | 128   | 16   | io_uring | 12        | 16  | increase  | asc         | asc        | 2          | 0.57                         | 0.53                   | 6   | 9796,9971,10146,9800,9975,10150     | -7.02    |
| 14  | 80         | 10000000 | 2500000   | 117648   | 1048576 | 2     | 4    | io_uring | 12        | 16  | increase  | desc        | desc       | 1262144    | 1320.46                      | 1226.97                | 6   | 31006,31195,31384,31010,31199,31388 | -7.08    |
| 16  | 80         | 10000000 | 2500000   | 117648   | 1048576 | 2     | 4    | worker   | 12        | 16  | decrease  | desc        | asc        | 4          | 0.42                         | 0.39                   | 6   | 33701,33890,34079,33705,33894,34083 | -7.14    |
| 15  | 80         | 10000000 | 2500000   | 117648   | 1048576 | 2     | 4    | worker   | 12        | 16  | decrease  | asc         | asc        | 1262144    | 1152.01                      | 1067.6                 | 6   | 31573,31762,31951,31577,31766,31955 | -7.33    |
| 14  | 80         | 10000000 | 2500000   | 117648   | 1048576 | 2     | 4    | worker   | 12        | 16  | increase  | desc        | desc       | 1512144    | 1443.5                       | 1336.97                | 6   | 29879,30068,30257,29883,30072,30261 | -7.38    |
| 7   | 60         | 10000000 | 625000    | 156250   | 1048576 | 128   | 16   | worker   | 12        | 16  | decrease  | asc         | asc        | 1024       | 9.75                         | 9.03                   | 6   | 13009,13184,13359,13013,13188,13363 | -7.38    |
| 15  | 80         | 10000000 | 2500000   | 117648   | 1048576 | 2     | 4    | worker   | 12        | 16  | decrease  | asc         | asc        | 1012144    | 950.65                       | 880.29                 | 6   | 31566,31755,31944,31570,31759,31948 | -7.4     |
| 14  | 80         | 10000000 | 2500000   | 117648   | 1048576 | 2     | 4    | worker   | 12        | 16  | increase  | desc        | desc       | 512144     | 566.2                        | 524.28                 | 6   | 29851,30040,30229,29855,30044,30233 | -7.4     |
| 12  | 80         | 10000000 | 10000000  | 117648   | 16      | 32    | 1    | io_uring | 12        | 16  | decrease  | desc        | desc       | 2          | 0.27                         | 0.25                   | 6   | 26281,26484,26687,26285,26488,26691 | -7.41    |
| 18  | 20         | 10000000 | 2500000   | 476191   | 4194304 | 128   | 4    | worker   | 12        | 16  | increase  | desc        | asc        | 1262144    | 5179.07                      | 4794.51                | 6   | 38377,38566,38755,38381,38570,38759 | -7.43    |
| 10  | 80         | 10000000 | 10000000  | 117648   | 16      | 32    | 1    | worker   | 12        | 16  | increase  | desc        | asc        | 4096       | 1.75                         | 1.62                   | 6   | 19659,19862,20065,19663,19866,20069 | -7.43    |
| 10  | 80         | 10000000 | 10000000  | 117648   | 16      | 32    | 1    | io_uring | 12        | 16  | increase  | desc        | asc        | 16384      | 4.69                         | 4.34                   | 6   | 20891,21094,21297,20895,21098,21301 | -7.46    |
| 14  | 80         | 10000000 | 2500000   | 117648   | 1048576 | 2     | 4    | worker   | 12        | 16  | increase  | desc        | desc       | 1262144    | 1245.78                      | 1151.82                | 6   | 29872,30061,30250,29876,30065,30254 | -7.54    |
| 16  | 80         | 10000000 | 2500000   | 117648   | 1048576 | 2     | 4    | worker   | 12        | 16  | decrease  | desc        | desc       | 1024       | 9.2                          | 8.5                    | 6   | 34324,34513,34702,34328,34517,34706 | -7.61    |
| 4   | 80         | 10000000 | 1250000   | 117648   | 4       | 2048  | 8    | worker   | 12        | 16  | decrease  | desc        | asc        | 128        | 2.23                         | 2.06                   | 6   | 6604,6786,6968,6608,6790,6972       | -7.62    |
| 15  | 80         | 10000000 | 2500000   | 117648   | 1048576 | 2     | 4    | io_uring | 12        | 16  | decrease  | asc         | asc        | 512144     | 575.63                       | 531.46                 | 6   | 32686,32875,33064,32690,32879,33068 | -7.67    |
| 3   | 80         | 10000000 | 1250000   | 117648   | 4       | 2048  | 8    | worker   | 12        | 16  | decrease  | asc         | asc        | 1          | 0.52                         | 0.48                   | 6   | 4371,4553,4735,4375,4557,4739       | -7.69    |
| 9   | 80         | 10000000 | 10000000  | 117648   | 16      | 32    | 1    | worker   | 12        | 16  | increase  | asc         | desc       | 32         | 0.39                         | 0.36                   | 6   | 17783,17986,18189,17787,17990,18193 | -7.69    |
| 12  | 80         | 10000000 | 10000000  | 117648   | 16      | 32    | 1    | io_uring | 12        | 16  | decrease  | desc        | asc        | 512        | 0.65                         | 0.6                    | 6   | 25728,25931,26134,25732,25935,26138 | -7.69    |
| 17  | 20         | 10000000 | 2500000   | 476191   | 4194304 | 128   | 4    | worker   | 12        | 16  | increase  | asc         | desc       | 1          | 0.39                         | 0.36                   | 6   | 36522,36711,36900,36526,36715,36904 | -7.69    |
| 2   | 80         | 10000000 | 1250000   | 117648   | 4       | 2048  | 8    | io_uring | 12        | 16  | increase  | desc        | desc       | 512        | 4.5                          | 4.15                   | 6   | 3888,4070,4252,3892,4074,4256       | -7.78    |
| 18  | 20         | 10000000 | 2500000   | 476191   | 4194304 | 128   | 4    | worker   | 12        | 16  | increase  | desc        | asc        | 1512144    | 5977.55                      | 5511.08                | 6   | 38384,38573,38762,38388,38577,38766 | -7.8     |
| 11  | 80         | 10000000 | 10000000  | 117648   | 16      | 32    | 1    | worker   | 12        | 16  | decrease  | asc         | desc       | 7048576    | 1647.79                      | 1518.75                | 6   | 22802,23005,23208,22806,23009,23212 | -7.83    |
| 17  | 20         | 10000000 | 2500000   | 476191   | 4194304 | 128   | 4    | worker   | 12        | 16  | increase  | asc         | asc        | 8          | 1.53                         | 1.41                   | 6   | 35976,36165,36354,35980,36169,36358 | -7.84    |
| 5   | 60         | 10000000 | 625000    | 156250   | 1048576 | 128   | 16   | worker   | 12        | 16  | increase  | asc         | desc       | 512        | 16.33                        | 15.04                  | 6   | 9327,9502,9677,9331,9506,9681       | -7.9     |
| 15  | 80         | 10000000 | 2500000   | 117648   | 1048576 | 2     | 4    | io_uring | 12        | 16  | decrease  | asc         | desc       | 512        | 7.64                         | 7.03                   | 6   | 33183,33372,33561,33187,33376,33565 | -7.98    |
| 11  | 80         | 10000000 | 10000000  | 117648   | 16      | 32    | 1    | worker   | 12        | 16  | decrease  | asc         | asc        | 8          | 0.25                         | 0.23                   | 6   | 22032,22235,22438,22036,22239,22442 | -8.0     |
| 1   | 80         | 10000000 | 1250000   | 117648   | 4       | 2048  | 8    | io_uring | 12        | 16  | increase  | asc         | asc        | 512        | 2.5                          | 2.3                    | 6   | 1158,1340,1522,1162,1344,1526       | -8.0     |
| 14  | 80         | 10000000 | 2500000   | 117648   | 1048576 | 2     | 4    | worker   | 12        | 16  | increase  | desc        | desc       | 1762144    | 1653.58                      | 1520.48                | 6   | 29886,30075,30264,29890,30079,30268 | -8.05    |
| 9   | 80         | 10000000 | 10000000  | 117648   | 16      | 32    | 1    | worker   | 12        | 16  | increase  | asc         | desc       | 65536      | 55.42                        | 50.95                  | 6   | 17860,18063,18266,17864,18067,18270 | -8.07    |
| 17  | 20         | 10000000 | 2500000   | 476191   | 4194304 | 128   | 4    | worker   | 12        | 16  | increase  | asc         | desc       | 256        | 17.7                         | 16.27                  | 6   | 36578,36767,36956,36582,36771,36960 | -8.08    |
| 11  | 80         | 10000000 | 10000000  | 117648   | 16      | 32    | 1    | io_uring | 12        | 16  | decrease  | asc         | desc       | 64         | 0.37                         | 0.34                   | 6   | 23880,24083,24286,23884,24087,24290 | -8.11    |
| 4   | 80         | 10000000 | 1250000   | 117648   | 4       | 2048  | 8    | io_uring | 12        | 16  | decrease  | desc        | asc        | 512        | 4.92                         | 4.52                   | 6   | 7710,7892,8074,7714,7896,8078       | -8.13    |
| 14  | 80         | 10000000 | 2500000   | 117648   | 1048576 | 2     | 4    | io_uring | 12        | 16  | increase  | desc        | asc        | 4          | 0.49                         | 0.45                   | 6   | 30299,30488,30677,30303,30492,30681 | -8.16    |
| 9   | 80         | 10000000 | 10000000  | 117648   | 16      | 32    | 1    | io_uring | 12        | 16  | increase  | asc         | asc        | 512        | 0.61                         | 0.56                   | 6   | 18420,18623,18826,18424,18627,18830 | -8.2     |
| 5   | 60         | 10000000 | 625000    | 156250   | 1048576 | 128   | 16   | io_uring | 12        | 16  | increase  | asc         | desc       | 256        | 9.26                         | 8.5                    | 6   | 10370,10545,10720,10374,10549,10724 | -8.21    |
| 5   | 60         | 10000000 | 625000    | 156250   | 1048576 | 128   | 16   | io_uring | 12        | 16  | increase  | asc         | asc        | 4096       | 35.49                        | 32.55                  | 6   | 9873,10048,10223,9877,10052,10227   | -8.28    |
| 17  | 20         | 10000000 | 2500000   | 476191   | 4194304 | 128   | 4    | worker   | 12        | 16  | increase  | asc         | desc       | 2012144    | 8605.1                       | 7888.8                 | 6   | 36697,36886,37075,36701,36890,37079 | -8.32    |
| 11  | 80         | 10000000 | 10000000  | 117648   | 16      | 32    | 1    | worker   | 12        | 16  | decrease  | asc         | desc       | 4096       | 1.78                         | 1.63                   | 6   | 22704,22907,23110,22708,22911,23114 | -8.43    |
| 7   | 60         | 10000000 | 625000    | 156250   | 1048576 | 128   | 16   | worker   | 12        | 16  | decrease  | asc         | desc       | 128        | 5.21                         | 4.77                   | 6   | 13513,13688,13863,13517,13692,13867 | -8.45    |
| 13  | 80         | 10000000 | 2500000   | 117648   | 1048576 | 2     | 4    | io_uring | 12        | 16  | increase  | asc         | asc        | 2          | 0.35                         | 0.32                   | 6   | 28024,28213,28402,28028,28217,28406 | -8.57    |
| 14  | 80         | 10000000 | 2500000   | 117648   | 1048576 | 2     | 4    | io_uring | 12        | 16  | increase  | desc        | desc       | 8          | 0.7                          | 0.64                   | 6   | 30873,31062,31251,30877,31066,31255 | -8.57    |
| 9   | 80         | 10000000 | 10000000  | 117648   | 16      | 32    | 1    | io_uring | 12        | 16  | increase  | asc         | asc        | 2048       | 0.93                         | 0.85                   | 6   | 18434,18637,18840,18438,18641,18844 | -8.6     |
| 2   | 80         | 10000000 | 1250000   | 117648   | 4       | 2048  | 8    | worker   | 12        | 16  | increase  | desc        | desc       | 4096       | 24.32                        | 22.21                  | 6   | 2817,2999,3181,2821,3003,3185       | -8.68    |
| 15  | 80         | 10000000 | 2500000   | 117648   | 1048576 | 2     | 4    | io_uring | 12        | 16  | decrease  | asc         | asc        | 762144     | 829.98                       | 757.84                 | 6   | 32693,32882,33071,32697,32886,33075 | -8.69    |
| 10  | 80         | 10000000 | 10000000  | 117648   | 16      | 32    | 1    | worker   | 12        | 16  | increase  | desc        | asc        | 1024       | 0.69                         | 0.63                   | 6   | 19645,19848,20051,19649,19852,20055 | -8.7     |
| 14  | 80         | 10000000 | 2500000   | 117648   | 1048576 | 2     | 4    | worker   | 12        | 16  | increase  | desc        | desc       | 1024       | 10.22                        | 9.3                    | 6   | 29788,29977,30166,29792,29981,30170 | -9.0     |
| 14  | 80         | 10000000 | 2500000   | 117648   | 1048576 | 2     | 4    | io_uring | 12        | 16  | increase  | desc        | desc       | 1012144    | 1100.14                      | 1000.84                | 6   | 30999,31188,31377,31003,31192,31381 | -9.03    |
| 9   | 80         | 10000000 | 10000000  | 117648   | 16      | 32    | 1    | worker   | 12        | 16  | increase  | asc         | asc        | 6048576    | 642.68                       | 584.55                 | 6   | 17314,17517,17720,17318,17521,17724 | -9.04    |
| 5   | 60         | 10000000 | 625000    | 156250   | 1048576 | 128   | 16   | worker   | 12        | 16  | increase  | asc         | desc       | 8          | 1.43                         | 1.3                    | 6   | 9285,9460,9635,9289,9464,9639       | -9.09    |
| 9   | 80         | 10000000 | 10000000  | 117648   | 16      | 32    | 1    | io_uring | 12        | 16  | increase  | asc         | desc       | 256        | 0.55                         | 0.5                    | 6   | 19022,19225,19428,19026,19229,19432 | -9.09    |
| 17  | 20         | 10000000 | 2500000   | 476191   | 4194304 | 128   | 4    | worker   | 12        | 16  | increase  | asc         | asc        | 256        | 9.32                         | 8.47                   | 6   | 36011,36200,36389,36015,36204,36393 | -9.12    |
| 1   | 80         | 10000000 | 1250000   | 117648   | 4       | 2048  | 8    | worker   | 12        | 16  | increase  | asc         | desc       | 2          | 0.87                         | 0.79                   | 6   | 556,738,920,560,742,924             | -9.2     |
| 13  | 80         | 10000000 | 2500000   | 117648   | 1048576 | 2     | 4    | io_uring | 12        | 16  | increase  | asc         | asc        | 2048       | 15.1                         | 13.71                  | 6   | 28094,28283,28472,28098,28287,28476 | -9.21    |
| 15  | 80         | 10000000 | 2500000   | 117648   | 1048576 | 2     | 4    | io_uring | 12        | 16  | decrease  | asc         | desc       | 8192       | 49.22                        | 44.68                  | 6   | 33211,33400,33589,33215,33404,33593 | -9.22    |
| 3   | 80         | 10000000 | 1250000   | 117648   | 4       | 2048  | 8    | io_uring | 12        | 16  | decrease  | asc         | asc        | 128        | 1.84                         | 1.67                   | 6   | 5512,5694,5876,5516,5698,5880       | -9.24    |
| 2   | 80         | 10000000 | 1250000   | 117648   | 4       | 2048  | 8    | worker   | 12        | 16  | increase  | desc        | asc        | 1          | 0.54                         | 0.49                   | 6   | 2187,2369,2551,2191,2373,2555       | -9.26    |
| 10  | 80         | 10000000 | 10000000  | 117648   | 16      | 32    | 1    | worker   | 12        | 16  | increase  | desc        | desc       | 1024       | 0.97                         | 0.88                   | 6   | 20254,20457,20660,20258,20461,20664 | -9.28    |
| 11  | 80         | 10000000 | 10000000  | 117648   | 16      | 32    | 1    | io_uring | 12        | 16  | decrease  | asc         | desc       | 1024       | 0.75                         | 0.68                   | 6   | 23908,24111,24314,23912,24115,24318 | -9.33    |
| 12  | 80         | 10000000 | 10000000  | 117648   | 16      | 32    | 1    | worker   | 12        | 16  | decrease  | desc        | desc       | 8192       | 2.24                         | 2.03                   | 6   | 25147,25350,25553,25151,25354,25557 | -9.38    |
| 7   | 60         | 10000000 | 625000    | 156250   | 1048576 | 128   | 16   | worker   | 12        | 16  | decrease  | asc         | asc        | 512        | 6.57                         | 5.94                   | 6   | 13002,13177,13352,13006,13181,13356 | -9.59    |
| 6   | 60         | 10000000 | 625000    | 156250   | 1048576 | 128   | 16   | worker   | 12        | 16  | increase  | desc        | desc       | 128        | 3.44                         | 3.11                   | 6   | 11413,11588,11763,11417,11592,11767 | -9.59    |
| 2   | 80         | 10000000 | 1250000   | 117648   | 4       | 2048  | 8    | worker   | 12        | 16  | increase  | desc        | asc        | 128        | 1.86                         | 1.68                   | 6   | 2236,2418,2600,2240,2422,2604       | -9.68    |
| 6   | 60         | 10000000 | 625000    | 156250   | 1048576 | 128   | 16   | worker   | 12        | 16  | increase  | desc        | desc       | 4          | 0.93                         | 0.84                   | 6   | 11378,11553,11728,11382,11557,11732 | -9.68    |
| 17  | 20         | 10000000 | 2500000   | 476191   | 4194304 | 128   | 4    | worker   | 12        | 16  | increase  | asc         | desc       | 8          | 1.85                         | 1.67                   | 6   | 36543,36732,36921,36547,36736,36925 | -9.73    |
| 2   | 80         | 10000000 | 1250000   | 117648   | 4       | 2048  | 8    | io_uring | 12        | 16  | increase  | desc        | desc       | 8          | 1.23                         | 1.11                   | 6   | 3846,4028,4210,3850,4032,4214       | -9.76    |
| 13  | 80         | 10000000 | 2500000   | 117648   | 1048576 | 2     | 4    | io_uring | 12        | 16  | increase  | asc         | desc       | 512        | 6.14                         | 5.54                   | 6   | 28647,28836,29025,28651,28840,29029 | -9.77    |
| 2   | 80         | 10000000 | 1250000   | 117648   | 4       | 2048  | 8    | io_uring | 12        | 16  | increase  | desc        | asc        | 128        | 1.94                         | 1.75                   | 6   | 3328,3510,3692,3332,3514,3696       | -9.79    |
| 11  | 80         | 10000000 | 10000000  | 117648   | 16      | 32    | 1    | io_uring | 12        | 16  | decrease  | asc         | asc        | 256        | 0.51                         | 0.46                   | 6   | 23285,23488,23691,23289,23492,23695 | -9.8     |
| 17  | 20         | 10000000 | 2500000   | 476191   | 4194304 | 128   | 4    | worker   | 12        | 16  | increase  | asc         | desc       | 2262144    | 9472.49                      | 8539.13                | 6   | 36704,36893,37082,36708,36897,37086 | -9.85    |
| 8   | 60         | 10000000 | 625000    | 156250   | 1048576 | 128   | 16   | io_uring | 12        | 16  | decrease  | desc        | desc       | 512        | 7.57                         | 6.82                   | 6   | 16677,16852,17027,16681,16856,17031 | -9.91    |
| 10  | 80         | 10000000 | 10000000  | 117648   | 16      | 32    | 1    | worker   | 12        | 16  | increase  | desc        | asc        | 2048576    | 487.24                       | 438.91                 | 6   | 19722,19925,20128,19726,19929,20132 | -9.92    |
| 18  | 20         | 10000000 | 2500000   | 476191   | 4194304 | 128   | 4    | worker   | 12        | 16  | increase  | desc        | desc       | 1024       | 23.93                        | 21.55                  | 4   | 38860,39049,38864,39053             | -9.95    |
| 8   | 60         | 10000000 | 625000    | 156250   | 1048576 | 128   | 16   | io_uring | 12        | 16  | decrease  | desc        | desc       | 2          | 0.6                          | 0.54                   | 6   | 16621,16796,16971,16625,16800,16975 | -10.0    |
| 1   | 80         | 10000000 | 1250000   | 117648   | 4       | 2048  | 8    | io_uring | 12        | 16  | increase  | asc         | desc       | 32         | 1.6                          | 1.44                   | 6   | 1676,1858,2040,1680,1862,2044       | -10.0    |
| 15  | 80         | 10000000 | 2500000   | 117648   | 1048576 | 2     | 4    | worker   | 12        | 16  | decrease  | asc         | asc        | 762144     | 753.14                       | 677.33                 | 6   | 31559,31748,31937,31563,31752,31941 | -10.07   |
| 4   | 80         | 10000000 | 1250000   | 117648   | 4       | 2048  | 8    | io_uring | 12        | 16  | decrease  | desc        | asc        | 128        | 2.28                         | 2.05                   | 6   | 7696,7878,8060,7700,7882,8064       | -10.09   |
| 14  | 80         | 10000000 | 2500000   | 117648   | 1048576 | 2     | 4    | io_uring | 12        | 16  | increase  | desc        | desc       | 762144     | 875.81                       | 787.07                 | 6   | 30992,31181,31370,30996,31185,31374 | -10.13   |
| 14  | 80         | 10000000 | 2500000   | 117648   | 1048576 | 2     | 4    | worker   | 12        | 16  | increase  | desc        | asc        | 2048       | 13.12                        | 11.79                  | 6   | 29228,29417,29606,29232,29421,29610 | -10.14   |
| 12  | 80         | 10000000 | 10000000  | 117648   | 16      | 32    | 1    | worker   | 12        | 16  | decrease  | desc        | desc       | 4096       | 1.27                         | 1.14                   | 6   | 25140,25343,25546,25144,25347,25550 | -10.24   |
| 9   | 80         | 10000000 | 10000000  | 117648   | 16      | 32    | 1    | worker   | 12        | 16  | increase  | asc         | desc       | 4096       | 3.01                         | 2.7                    | 6   | 17832,18035,18238,17836,18039,18242 | -10.3    |
| 11  | 80         | 10000000 | 10000000  | 117648   | 16      | 32    | 1    | worker   | 12        | 16  | decrease  | asc         | desc       | 16384      | 4.74                         | 4.25                   | 6   | 22718,22921,23124,22722,22925,23128 | -10.34   |
| 10  | 80         | 10000000 | 10000000  | 117648   | 16      | 32    | 1    | worker   | 12        | 16  | increase  | desc        | asc        | 64         | 0.29                         | 0.26                   | 6   | 19617,19820,20023,19621,19824,20027 | -10.34   |
| 8   | 60         | 10000000 | 625000    | 156250   | 1048576 | 128   | 16   | io_uring | 12        | 16  | decrease  | desc        | asc        | 8          | 1.35                         | 1.21                   | 6   | 16110,16285,16460,16114,16289,16464 | -10.37   |
| 5   | 60         | 10000000 | 625000    | 156250   | 1048576 | 128   | 16   | worker   | 12        | 16  | increase  | asc         | asc        | 1024       | 9.99                         | 8.94                   | 6   | 8809,8984,9159,8813,8988,9163       | -10.51   |
| 18  | 20         | 10000000 | 2500000   | 476191   | 4194304 | 128   | 4    | worker   | 12        | 16  | increase  | desc        | desc       | 256        | 12.4                         | 11.09                  | 4   | 38846,39035,38850,39039             | -10.56   |
| 13  | 80         | 10000000 | 2500000   | 117648   | 1048576 | 2     | 4    | io_uring | 12        | 16  | increase  | asc         | desc       | 4096       | 27.66                        | 24.73                  | 6   | 28668,28857,29046,28672,28861,29050 | -10.59   |
| 12  | 80         | 10000000 | 10000000  | 117648   | 16      | 32    | 1    | io_uring | 12        | 16  | decrease  | desc        | asc        | 256        | 0.47                         | 0.42                   | 6   | 25721,25924,26127,25725,25928,26131 | -10.64   |
| 2   | 80         | 10000000 | 1250000   | 117648   | 4       | 2048  | 8    | io_uring | 12        | 16  | increase  | desc        | desc       | 1          | 0.56                         | 0.5                    | 6   | 3825,4007,4189,3829,4011,4193       | -10.71   |
| 14  | 80         | 10000000 | 2500000   | 117648   | 1048576 | 2     | 4    | worker   | 12        | 16  | increase  | desc        | asc        | 1          | 0.28                         | 0.25                   | 6   | 29151,29340,29529,29155,29344,29533 | -10.71   |
| 15  | 80         | 10000000 | 2500000   | 117648   | 1048576 | 2     | 4    | worker   | 12        | 16  | decrease  | asc         | desc       | 1          | 0.28                         | 0.25                   | 6   | 31986,32175,32364,31990,32179,32368 | -10.71   |
| 9   | 80         | 10000000 | 10000000  | 117648   | 16      | 32    | 1    | worker   | 12        | 16  | increase  | asc         | asc        | 9048576    | 924.82                       | 825.68                 | 6   | 17335,17538,17741,17339,17542,17745 | -10.72   |
| 4   | 80         | 10000000 | 1250000   | 117648   | 4       | 2048  | 8    | worker   | 12        | 16  | decrease  | desc        | asc        | 4          | 1.02                         | 0.91                   | 6   | 6569,6751,6933,6573,6755,6937       | -10.78   |
| 14  | 80         | 10000000 | 2500000   | 117648   | 1048576 | 2     | 4    | worker   | 12        | 16  | increase  | desc        | asc        | 512        | 4.82                         | 4.3                    | 6   | 29214,29403,29592,29218,29407,29596 | -10.79   |
| 12  | 80         | 10000000 | 10000000  | 117648   | 16      | 32    | 1    | worker   | 12        | 16  | decrease  | desc        | asc        | 32768      | 23.82                        | 21.24                  | 6   | 24552,24755,24958,24556,24759,24962 | -10.83   |
| 12  | 80         | 10000000 | 10000000  | 117648   | 16      | 32    | 1    | worker   | 12        | 16  | decrease  | desc        | desc       | 2048       | 1.1                          | 0.98                   | 6   | 25133,25336,25539,25137,25340,25543 | -10.91   |
| 6   | 60         | 10000000 | 625000    | 156250   | 1048576 | 128   | 16   | worker   | 12        | 16  | increase  | desc        | desc       | 512        | 7.24                         | 6.45                   | 6   | 11427,11602,11777,11431,11606,11781 | -10.91   |
| 14  | 80         | 10000000 | 2500000   | 117648   | 1048576 | 2     | 4    | worker   | 12        | 16  | increase  | desc        | desc       | 512        | 6.27                         | 5.58                   | 6   | 29781,29970,30159,29785,29974,30163 | -11.0    |
| 3   | 80         | 10000000 | 1250000   | 117648   | 4       | 2048  | 8    | io_uring | 12        | 16  | decrease  | asc         | desc       | 4          | 1.09                         | 0.97                   | 6   | 6023,6205,6387,6027,6209,6391       | -11.01   |
| 4   | 80         | 10000000 | 1250000   | 117648   | 4       | 2048  | 8    | io_uring | 12        | 16  | decrease  | desc        | asc        | 64         | 1.99                         | 1.77                   | 6   | 7689,7871,8053,7693,7875,8057       | -11.06   |
| 6   | 60         | 10000000 | 625000    | 156250   | 1048576 | 128   | 16   | worker   | 12        | 16  | increase  | desc        | desc       | 1          | 0.45                         | 0.4                    | 6   | 11364,11539,11714,11368,11543,11718 | -11.11   |
| 17  | 20         | 10000000 | 2500000   | 476191   | 4194304 | 128   | 4    | io_uring | 12        | 16  | increase  | asc         | desc       | 8          | 1.8                          | 1.6                    | 6   | 37677,37866,38055,37681,37870,38059 | -11.11   |
| 12  | 80         | 10000000 | 10000000  | 117648   | 16      | 32    | 1    | io_uring | 12        | 16  | decrease  | desc        | asc        | 2          | 0.27                         | 0.24                   | 6   | 25672,25875,26078,25676,25879,26082 | -11.11   |
| 12  | 80         | 10000000 | 10000000  | 117648   | 16      | 32    | 1    | io_uring | 12        | 16  | decrease  | desc        | desc       | 1          | 0.27                         | 0.24                   | 6   | 26274,26477,26680,26278,26481,26684 | -11.11   |
| 1   | 80         | 10000000 | 1250000   | 117648   | 4       | 2048  | 8    | io_uring | 12        | 16  | increase  | asc         | desc       | 256        | 3.14                         | 2.79                   | 6   | 1697,1879,2061,1701,1883,2065       | -11.15   |
| 10  | 80         | 10000000 | 10000000  | 117648   | 16      | 32    | 1    | worker   | 12        | 16  | increase  | desc        | asc        | 4048576    | 968.49                       | 858.87                 | 6   | 19736,19939,20142,19740,19943,20146 | -11.32   |
| 8   | 60         | 10000000 | 625000    | 156250   | 1048576 | 128   | 16   | io_uring | 12        | 16  | decrease  | desc        | asc        | 4          | 0.88                         | 0.78                   | 6   | 16103,16278,16453,16107,16282,16457 | -11.36   |
| 11  | 80         | 10000000 | 10000000  | 117648   | 16      | 32    | 1    | worker   | 12        | 16  | decrease  | asc         | desc       | 256        | 0.44                         | 0.39                   | 6   | 22676,22879,23082,22680,22883,23086 | -11.36   |
| 9   | 80         | 10000000 | 10000000  | 117648   | 16      | 32    | 1    | worker   | 12        | 16  | increase  | asc         | asc        | 64         | 0.35                         | 0.31                   | 6   | 17181,17384,17587,17185,17388,17591 | -11.43   |
| 9   | 80         | 10000000 | 10000000  | 117648   | 16      | 32    | 1    | worker   | 12        | 16  | increase  | asc         | desc       | 64         | 0.35                         | 0.31                   | 6   | 17790,17993,18196,17794,17997,18200 | -11.43   |
| 11  | 80         | 10000000 | 10000000  | 117648   | 16      | 32    | 1    | worker   | 12        | 16  | decrease  | asc         | desc       | 64         | 0.35                         | 0.31                   | 6   | 22662,22865,23068,22666,22869,23072 | -11.43   |
| 14  | 80         | 10000000 | 2500000   | 117648   | 1048576 | 2     | 4    | worker   | 12        | 16  | increase  | desc        | asc        | 256        | 3.92                         | 3.47                   | 6   | 29207,29396,29585,29211,29400,29589 | -11.48   |
| 14  | 80         | 10000000 | 2500000   | 117648   | 1048576 | 2     | 4    | worker   | 12        | 16  | increase  | desc        | desc       | 1012144    | 1071.52                      | 948.28                 | 6   | 29865,30054,30243,29869,30058,30247 | -11.5    |
| 5   | 60         | 10000000 | 625000    | 156250   | 1048576 | 128   | 16   | io_uring | 12        | 16  | increase  | asc         | asc        | 512        | 6.43                         | 5.69                   | 6   | 9852,10027,10202,9856,10031,10206   | -11.51   |
| 6   | 60         | 10000000 | 625000    | 156250   | 1048576 | 128   | 16   | io_uring | 12        | 16  | increase  | desc        | desc       | 32         | 2.5                          | 2.21                   | 6   | 12449,12624,12799,12453,12628,12803 | -11.6    |
| 13  | 80         | 10000000 | 2500000   | 117648   | 1048576 | 2     | 4    | io_uring | 12        | 16  | increase  | asc         | desc       | 1024       | 10.82                        | 9.56                   | 6   | 28654,28843,29032,28658,28847,29036 | -11.65   |
| 10  | 80         | 10000000 | 10000000  | 117648   | 16      | 32    | 1    | io_uring | 12        | 16  | increase  | desc        | asc        | 4          | 0.34                         | 0.3                    | 6   | 20807,21010,21213,20811,21014,21217 | -11.76   |
| 16  | 80         | 10000000 | 2500000   | 117648   | 1048576 | 2     | 4    | worker   | 12        | 16  | decrease  | desc        | desc       | 512        | 5.74                         | 5.06                   | 6   | 34317,34506,34695,34321,34510,34699 | -11.85   |
| 4   | 80         | 10000000 | 1250000   | 117648   | 4       | 2048  | 8    | worker   | 12        | 16  | decrease  | desc        | asc        | 512        | 4.94                         | 4.35                   | 6   | 6618,6800,6982,6622,6804,6986       | -11.94   |
| 17  | 20         | 10000000 | 2500000   | 476191   | 4194304 | 128   | 4    | worker   | 12        | 16  | increase  | asc         | desc       | 1024       | 38.91                        | 34.25                  | 6   | 36592,36781,36970,36596,36785,36974 | -11.98   |
| 14  | 80         | 10000000 | 2500000   | 117648   | 1048576 | 2     | 4    | worker   | 12        | 16  | increase  | desc        | desc       | 762144     | 853.06                       | 750.78                 | 6   | 29858,30047,30236,29862,30051,30240 | -11.99   |
| 15  | 80         | 10000000 | 2500000   | 117648   | 1048576 | 2     | 4    | worker   | 12        | 16  | decrease  | asc         | desc       | 1024       | 8.31                         | 7.31                   | 6   | 32056,32245,32434,32060,32249,32438 | -12.03   |
| 8   | 60         | 10000000 | 625000    | 156250   | 1048576 | 128   | 16   | worker   | 12        | 16  | decrease  | desc        | asc        | 512        | 12.63                        | 11.1                   | 6   | 15102,15277,15452,15106,15281,15456 | -12.11   |
| 18  | 20         | 10000000 | 2500000   | 476191   | 4194304 | 128   | 4    | worker   | 12        | 16  | increase  | desc        | asc        | 64         | 9.29                         | 8.14                   | 6   | 38265,38454,38643,38269,38458,38647 | -12.38   |
| 17  | 20         | 10000000 | 2500000   | 476191   | 4194304 | 128   | 4    | io_uring | 12        | 16  | increase  | asc         | desc       | 1024       | 47.26                        | 41.4                   | 6   | 37726,37915,38104,37730,37919,38108 | -12.4    |
| 17  | 20         | 10000000 | 2500000   | 476191   | 4194304 | 128   | 4    | worker   | 12        | 16  | increase  | asc         | asc        | 1024       | 24.08                        | 21.08                  | 6   | 36025,36214,36403,36029,36218,36407 | -12.46   |
| 3   | 80         | 10000000 | 1250000   | 117648   | 4       | 2048  | 8    | io_uring | 12        | 16  | decrease  | asc         | asc        | 512        | 4.57                         | 4.0                    | 6   | 5526,5708,5890,5530,5712,5894       | -12.47   |
| 1   | 80         | 10000000 | 1250000   | 117648   | 4       | 2048  | 8    | io_uring | 12        | 16  | increase  | asc         | asc        | 1          | 0.64                         | 0.56                   | 6   | 1095,1277,1459,1099,1281,1463       | -12.5    |
| 17  | 20         | 10000000 | 2500000   | 476191   | 4194304 | 128   | 4    | worker   | 12        | 16  | increase  | asc         | desc       | 2          | 0.64                         | 0.56                   | 6   | 36529,36718,36907,36533,36722,36911 | -12.5    |
| 8   | 60         | 10000000 | 625000    | 156250   | 1048576 | 128   | 16   | io_uring | 12        | 16  | decrease  | desc        | desc       | 256        | 4.32                         | 3.78                   | 6   | 16670,16845,17020,16674,16849,17024 | -12.5    |
| 9   | 80         | 10000000 | 10000000  | 117648   | 16      | 32    | 1    | worker   | 12        | 16  | increase  | asc         | asc        | 8048576    | 897.55                       | 784.46                 | 6   | 17328,17531,17734,17332,17535,17738 | -12.6    |
| 4   | 80         | 10000000 | 1250000   | 117648   | 4       | 2048  | 8    | io_uring | 12        | 16  | decrease  | desc        | asc        | 4          | 1.18                         | 1.03                   | 6   | 7661,7843,8025,7665,7847,8029       | -12.71   |
| 3   | 80         | 10000000 | 1250000   | 117648   | 4       | 2048  | 8    | worker   | 12        | 16  | decrease  | asc         | asc        | 1024       | 6.58                         | 5.74                   | 6   | 4441,4623,4805,4445,4627,4809       | -12.77   |
| 17  | 20         | 10000000 | 2500000   | 476191   | 4194304 | 128   | 4    | io_uring | 12        | 16  | increase  | asc         | desc       | 512        | 23.88                        | 20.81                  | 6   | 37719,37908,38097,37723,37912,38101 | -12.86   |
| 7   | 60         | 10000000 | 625000    | 156250   | 1048576 | 128   | 16   | worker   | 12        | 16  | decrease  | asc         | desc       | 8          | 1.24                         | 1.08                   | 6   | 13485,13660,13835,13489,13664,13839 | -12.9    |
| 11  | 80         | 10000000 | 10000000  | 117648   | 16      | 32    | 1    | io_uring | 12        | 16  | decrease  | asc         | asc        | 16         | 0.31                         | 0.27                   | 6   | 23257,23460,23663,23261,23464,23667 | -12.9    |
| 14  | 80         | 10000000 | 2500000   | 117648   | 1048576 | 2     | 4    | io_uring | 12        | 16  | increase  | desc        | asc        | 1          | 0.31                         | 0.27                   | 6   | 30285,30474,30663,30289,30478,30667 | -12.9    |
| 9   | 80         | 10000000 | 10000000  | 117648   | 16      | 32    | 1    | worker   | 12        | 16  | increase  | asc         | asc        | 3048576    | 371.11                       | 323.09                 | 6   | 17293,17496,17699,17297,17500,17703 | -12.94   |
| 10  | 80         | 10000000 | 10000000  | 117648   | 16      | 32    | 1    | io_uring | 12        | 16  | increase  | desc        | desc       | 524288     | 335.46                       | 291.97                 | 6   | 21535,21738,21941,21539,21742,21945 | -12.96   |
| 16  | 80         | 10000000 | 2500000   | 117648   | 1048576 | 2     | 4    | io_uring | 12        | 16  | decrease  | desc        | desc       | 8          | 0.77                         | 0.67                   | 6   | 35409,35598,35787,35413,35602,35791 | -12.99   |
| 9   | 80         | 10000000 | 10000000  | 117648   | 16      | 32    | 1    | io_uring | 12        | 16  | increase  | asc         | desc       | 262144     | 212.98                       | 185.19                 | 6   | 19092,19295,19498,19096,19299,19502 | -13.05   |
| 12  | 80         | 10000000 | 10000000  | 117648   | 16      | 32    | 1    | worker   | 12        | 16  | decrease  | desc        | desc       | 8048576    | 906.91                       | 787.27                 | 6   | 25245,25448,25651,25249,25452,25655 | -13.19   |
| 12  | 80         | 10000000 | 10000000  | 117648   | 16      | 32    | 1    | io_uring | 12        | 16  | decrease  | desc        | desc       | 4096       | 1.21                         | 1.05                   | 6   | 26358,26561,26764,26362,26565,26768 | -13.22   |
| 15  | 80         | 10000000 | 2500000   | 117648   | 1048576 | 2     | 4    | io_uring | 12        | 16  | decrease  | asc         | asc        | 1          | 0.3                          | 0.26                   | 6   | 32553,32742,32931,32557,32746,32935 | -13.33   |
| 6   | 60         | 10000000 | 625000    | 156250   | 1048576 | 128   | 16   | io_uring | 12        | 16  | increase  | desc        | desc       | 1          | 0.45                         | 0.39                   | 6   | 12414,12589,12764,12418,12593,12768 | -13.33   |
| 9   | 80         | 10000000 | 10000000  | 117648   | 16      | 32    | 1    | io_uring | 12        | 16  | increase  | asc         | desc       | 128        | 0.45                         | 0.39                   | 6   | 19015,19218,19421,19019,19222,19425 | -13.33   |
| 2   | 80         | 10000000 | 1250000   | 117648   | 4       | 2048  | 8    | worker   | 12        | 16  | increase  | desc        | asc        | 32         | 1.41                         | 1.22                   | 6   | 2222,2404,2586,2226,2408,2590       | -13.48   |
| 18  | 20         | 10000000 | 2500000   | 476191   | 4194304 | 128   | 4    | worker   | 12        | 16  | increase  | desc        | asc        | 1          | 0.37                         | 0.32                   | 6   | 38223,38412,38601,38227,38416,38605 | -13.51   |
| 6   | 60         | 10000000 | 625000    | 156250   | 1048576 | 128   | 16   | worker   | 12        | 16  | increase  | desc        | asc        | 64         | 3.47                         | 3.0                    | 6   | 10881,11056,11231,10885,11060,11235 | -13.54   |
| 5   | 60         | 10000000 | 625000    | 156250   | 1048576 | 128   | 16   | io_uring | 12        | 16  | increase  | asc         | asc        | 1          | 0.44                         | 0.38                   | 6   | 9789,9964,10139,9793,9968,10143     | -13.64   |
| 10  | 80         | 10000000 | 10000000  | 117648   | 16      | 32    | 1    | io_uring | 12        | 16  | increase  | desc        | desc       | 65536      | 42.51                        | 36.61                  | 6   | 21514,21717,21920,21518,21721,21924 | -13.88   |
| 11  | 80         | 10000000 | 10000000  | 117648   | 16      | 32    | 1    | io_uring | 12        | 16  | decrease  | asc         | asc        | 65536      | 43.85                        | 37.75                  | 6   | 23341,23544,23747,23345,23548,23751 | -13.91   |
| 4   | 80         | 10000000 | 1250000   | 117648   | 4       | 2048  | 8    | worker   | 12        | 16  | decrease  | desc        | desc       | 512        | 3.15                         | 2.71                   | 6   | 7164,7346,7528,7168,7350,7532       | -13.97   |
| 10  | 80         | 10000000 | 10000000  | 117648   | 16      | 32    | 1    | io_uring | 12        | 16  | increase  | desc        | desc       | 262144     | 169.51                       | 145.73                 | 6   | 21528,21731,21934,21532,21735,21938 | -14.03   |
| 14  | 80         | 10000000 | 2500000   | 117648   | 1048576 | 2     | 4    | io_uring | 12        | 16  | increase  | desc        | desc       | 16         | 1.28                         | 1.1                    | 6   | 30880,31069,31258,30884,31073,31262 | -14.06   |
| 9   | 80         | 10000000 | 10000000  | 117648   | 16      | 32    | 1    | worker   | 12        | 16  | increase  | asc         | desc       | 16384      | 13.36                        | 11.48                  | 6   | 17846,18049,18252,17850,18053,18256 | -14.07   |
| 7   | 60         | 10000000 | 625000    | 156250   | 1048576 | 128   | 16   | io_uring | 12        | 16  | decrease  | asc         | desc       | 1          | 0.42                         | 0.36                   | 6   | 14514,14689,14864,14518,14693,14868 | -14.29   |
| 17  | 20         | 10000000 | 2500000   | 476191   | 4194304 | 128   | 4    | io_uring | 12        | 16  | increase  | asc         | desc       | 1          | 0.42                         | 0.36                   | 6   | 37656,37845,38034,37660,37849,38038 | -14.29   |
| 4   | 80         | 10000000 | 1250000   | 117648   | 4       | 2048  | 8    | io_uring | 12        | 16  | decrease  | desc        | asc        | 1          | 0.69                         | 0.59                   | 6   | 7647,7829,8011,7651,7833,8015       | -14.49   |
| 9   | 80         | 10000000 | 10000000  | 117648   | 16      | 32    | 1    | io_uring | 12        | 16  | increase  | asc         | asc        | 1          | 0.34                         | 0.29                   | 6   | 18357,18560,18763,18361,18564,18767 | -14.71   |
| 10  | 80         | 10000000 | 10000000  | 117648   | 16      | 32    | 1    | io_uring | 12        | 16  | increase  | desc        | desc       | 16384      | 10.38                        | 8.85                   | 6   | 21500,21703,21906,21504,21707,21910 | -14.74   |
| 11  | 80         | 10000000 | 10000000  | 117648   | 16      | 32    | 1    | io_uring | 12        | 16  | decrease  | asc         | asc        | 1024       | 1.08                         | 0.92                   | 6   | 23299,23502,23705,23303,23506,23709 | -14.81   |
| 10  | 80         | 10000000 | 10000000  | 117648   | 16      | 32    | 1    | io_uring | 12        | 16  | increase  | desc        | desc       | 4096       | 2.97                         | 2.53                   | 6   | 21486,21689,21892,21490,21693,21896 | -14.81   |
| 11  | 80         | 10000000 | 10000000  | 117648   | 16      | 32    | 1    | worker   | 12        | 16  | decrease  | asc         | asc        | 262144     | 165.17                       | 140.63                 | 6   | 22137,22340,22543,22141,22344,22547 | -14.86   |
| 9   | 80         | 10000000 | 10000000  | 117648   | 16      | 32    | 1    | worker   | 12        | 16  | increase  | asc         | asc        | 1024       | 0.74                         | 0.63                   | 6   | 17209,17412,17615,17213,17416,17619 | -14.86   |
| 2   | 80         | 10000000 | 1250000   | 117648   | 4       | 2048  | 8    | io_uring | 12        | 16  | increase  | desc        | desc       | 2          | 0.94                         | 0.8                    | 6   | 3832,4014,4196,3836,4018,4200       | -14.89   |
| 17  | 20         | 10000000 | 2500000   | 476191   | 4194304 | 128   | 4    | io_uring | 12        | 16  | increase  | asc         | desc       | 16         | 3.52                         | 2.99                   | 6   | 37684,37873,38062,37688,37877,38066 | -15.06   |
| 17  | 20         | 10000000 | 2500000   | 476191   | 4194304 | 128   | 4    | worker   | 12        | 16  | increase  | asc         | asc        | 32         | 4.91                         | 4.17                   | 6   | 35990,36179,36368,35994,36183,36372 | -15.07   |
| 9   | 80         | 10000000 | 10000000  | 117648   | 16      | 32    | 1    | worker   | 12        | 16  | increase  | asc         | asc        | 8192       | 2.32                         | 1.97                   | 6   | 17230,17433,17636,17234,17437,17640 | -15.09   |
| 9   | 80         | 10000000 | 10000000  | 117648   | 16      | 32    | 1    | io_uring | 12        | 16  | increase  | asc         | desc       | 1024       | 1.06                         | 0.9                    | 6   | 19036,19239,19442,19040,19243,19446 | -15.09   |
| 15  | 80         | 10000000 | 2500000   | 117648   | 1048576 | 2     | 4    | worker   | 12        | 16  | decrease  | asc         | asc        | 32         | 1.78                         | 1.51                   | 6   | 31454,31643,31832,31458,31647,31836 | -15.17   |
| 15  | 80         | 10000000 | 2500000   | 117648   | 1048576 | 2     | 4    | worker   | 12        | 16  | decrease  | asc         | desc       | 256        | 4.02                         | 3.41                   | 6   | 32042,32231,32420,32046,32235,32424 | -15.17   |
| 8   | 60         | 10000000 | 625000    | 156250   | 1048576 | 128   | 16   | worker   | 12        | 16  | decrease  | desc        | desc       | 2          | 0.59                         | 0.5                    | 6   | 15571,15746,15921,15575,15750,15925 | -15.25   |
| 14  | 80         | 10000000 | 2500000   | 117648   | 1048576 | 2     | 4    | worker   | 12        | 16  | increase  | desc        | desc       | 256        | 5.49                         | 4.65                   | 6   | 29774,29963,30152,29778,29967,30156 | -15.3    |
| 1   | 80         | 10000000 | 1250000   | 117648   | 4       | 2048  | 8    | worker   | 12        | 16  | increase  | asc         | asc        | 1          | 0.58                         | 0.49                   | 6   | 3,185,367,7,189,371                 | -15.52   |
| 2   | 80         | 10000000 | 1250000   | 117648   | 4       | 2048  | 8    | io_uring | 12        | 16  | increase  | desc        | desc       | 64         | 1.67                         | 1.41                   | 6   | 3867,4049,4231,3871,4053,4235       | -15.57   |
| 12  | 80         | 10000000 | 10000000  | 117648   | 16      | 32    | 1    | worker   | 12        | 16  | decrease  | desc        | desc       | 9048576    | 1022.1                       | 862.5                  | 6   | 25252,25455,25658,25256,25459,25662 | -15.61   |
| 18  | 20         | 10000000 | 2500000   | 476191   | 4194304 | 128   | 4    | worker   | 12        | 16  | increase  | desc        | desc       | 4          | 0.96                         | 0.81                   | 4   | 38804,38993,38808,38997             | -15.62   |
| 5   | 60         | 10000000 | 625000    | 156250   | 1048576 | 128   | 16   | io_uring | 12        | 16  | increase  | asc         | desc       | 4          | 0.89                         | 0.75                   | 6   | 10328,10503,10678,10332,10507,10682 | -15.73   |
| 13  | 80         | 10000000 | 2500000   | 117648   | 1048576 | 2     | 4    | io_uring | 12        | 16  | increase  | asc         | asc        | 256        | 4.04                         | 3.4                    | 6   | 28073,28262,28451,28077,28266,28455 | -15.84   |
| 10  | 80         | 10000000 | 10000000  | 117648   | 16      | 32    | 1    | worker   | 12        | 16  | increase  | desc        | asc        | 65536      | 19.6                         | 16.48                  | 6   | 19687,19890,20093,19691,19894,20097 | -15.92   |
| 16  | 80         | 10000000 | 2500000   | 117648   | 1048576 | 2     | 4    | io_uring | 12        | 16  | decrease  | desc        | asc        | 4          | 0.5                          | 0.42                   | 6   | 34835,35024,35213,34839,35028,35217 | -16.0    |
| 12  | 80         | 10000000 | 10000000  | 117648   | 16      | 32    | 1    | worker   | 12        | 16  | decrease  | desc        | desc       | 7048576    | 801.17                       | 672.75                 | 6   | 25238,25441,25644,25242,25445,25648 | -16.03   |
| 17  | 20         | 10000000 | 2500000   | 476191   | 4194304 | 128   | 4    | worker   | 12        | 16  | increase  | asc         | desc       | 128        | 14.33                        | 12.03                  | 6   | 36571,36760,36949,36575,36764,36953 | -16.05   |
| 1   | 80         | 10000000 | 1250000   | 117648   | 4       | 2048  | 8    | worker   | 12        | 16  | increase  | asc         | asc        | 64         | 1.49                         | 1.25                   | 6   | 45,227,409,49,231,413               | -16.11   |
| 13  | 80         | 10000000 | 2500000   | 117648   | 1048576 | 2     | 4    | worker   | 12        | 16  | increase  | asc         | desc       | 128        | 3.04                         | 2.55                   | 6   | 27499,27688,27877,27503,27692,27881 | -16.12   |
| 11  | 80         | 10000000 | 10000000  | 117648   | 16      | 32    | 1    | worker   | 12        | 16  | decrease  | asc         | asc        | 512        | 0.68                         | 0.57                   | 6   | 22074,22277,22480,22078,22281,22484 | -16.18   |
| 14  | 80         | 10000000 | 2500000   | 117648   | 1048576 | 2     | 4    | worker   | 12        | 16  | increase  | desc        | desc       | 2          | 0.37                         | 0.31                   | 6   | 29725,29914,30103,29729,29918,30107 | -16.22   |
| 9   | 80         | 10000000 | 10000000  | 117648   | 16      | 32    | 1    | worker   | 12        | 16  | increase  | asc         | asc        | 4048576    | 457.39                       | 383.09                 | 6   | 17300,17503,17706,17304,17507,17710 | -16.24   |
| 9   | 80         | 10000000 | 10000000  | 117648   | 16      | 32    | 1    | worker   | 12        | 16  | increase  | asc         | asc        | 2048       | 1.04                         | 0.87                   | 6   | 17216,17419,17622,17220,17423,17626 | -16.35   |
| 15  | 80         | 10000000 | 2500000   | 117648   | 1048576 | 2     | 4    | worker   | 12        | 16  | decrease  | asc         | desc       | 512        | 5.95                         | 4.96                   | 6   | 32049,32238,32427,32053,32242,32431 | -16.64   |
| 18  | 20         | 10000000 | 2500000   | 476191   | 4194304 | 128   | 4    | worker   | 12        | 16  | increase  | desc        | asc        | 256        | 12.61                        | 10.51                  | 6   | 38279,38468,38657,38283,38472,38661 | -16.65   |
| 4   | 80         | 10000000 | 1250000   | 117648   | 4       | 2048  | 8    | worker   | 12        | 16  | decrease  | desc        | desc       | 1          | 0.6                          | 0.5                    | 6   | 7101,7283,7465,7105,7287,7469       | -16.67   |
| 10  | 80         | 10000000 | 10000000  | 117648   | 16      | 32    | 1    | io_uring | 12        | 16  | increase  | desc        | asc        | 8          | 0.3                          | 0.25                   | 6   | 20814,21017,21220,20818,21021,21224 | -16.67   |
| 11  | 80         | 10000000 | 10000000  | 117648   | 16      | 32    | 1    | worker   | 12        | 16  | decrease  | asc         | desc       | 512        | 0.66                         | 0.55                   | 6   | 22683,22886,23089,22687,22890,23093 | -16.67   |
| 12  | 80         | 10000000 | 10000000  | 117648   | 16      | 32    | 1    | io_uring | 12        | 16  | decrease  | desc        | desc       | 4          | 0.3                          | 0.25                   | 6   | 26288,26491,26694,26292,26495,26698 | -16.67   |
| 8   | 60         | 10000000 | 625000    | 156250   | 1048576 | 128   | 16   | worker   | 12        | 16  | decrease  | desc        | asc        | 64         | 4.05                         | 3.37                   | 6   | 15081,15256,15431,15085,15260,15435 | -16.79   |
| 17  | 20         | 10000000 | 2500000   | 476191   | 4194304 | 128   | 4    | worker   | 12        | 16  | increase  | asc         | asc        | 2048       | 38.22                        | 31.8                   | 6   | 36032,36221,36410,36036,36225,36414 | -16.8    |
| 1   | 80         | 10000000 | 1250000   | 117648   | 4       | 2048  | 8    | io_uring | 12        | 16  | increase  | asc         | desc       | 4          | 1.25                         | 1.04                   | 6   | 1655,1837,2019,1659,1841,2023       | -16.8    |
| 3   | 80         | 10000000 | 1250000   | 117648   | 4       | 2048  | 8    | io_uring | 12        | 16  | decrease  | asc         | asc        | 256        | 3.41                         | 2.83                   | 6   | 5519,5701,5883,5523,5705,5887       | -17.01   |
| 10  | 80         | 10000000 | 10000000  | 117648   | 16      | 32    | 1    | worker   | 12        | 16  | increase  | desc        | asc        | 32768      | 10.73                        | 8.9                    | 6   | 19680,19883,20086,19684,19887,20090 | -17.05   |
| 16  | 80         | 10000000 | 2500000   | 117648   | 1048576 | 2     | 4    | io_uring | 12        | 16  | decrease  | desc        | desc       | 512        | 7.17                         | 5.93                   | 6   | 35451,35640,35829,35455,35644,35833 | -17.29   |
| 5   | 60         | 10000000 | 625000    | 156250   | 1048576 | 128   | 16   | io_uring | 12        | 16  | increase  | asc         | desc       | 64         | 4.33                         | 3.58                   | 6   | 10356,10531,10706,10360,10535,10710 | -17.32   |
| 14  | 80         | 10000000 | 2500000   | 117648   | 1048576 | 2     | 4    | worker   | 12        | 16  | increase  | desc        | asc        | 32         | 1.71                         | 1.41                   | 6   | 29186,29375,29564,29190,29379,29568 | -17.54   |
| 15  | 80         | 10000000 | 2500000   | 117648   | 1048576 | 2     | 4    | worker   | 12        | 16  | decrease  | asc         | desc       | 16         | 0.96                         | 0.79                   | 6   | 32014,32203,32392,32018,32207,32396 | -17.71   |
| 15  | 80         | 10000000 | 2500000   | 117648   | 1048576 | 2     | 4    | io_uring | 12        | 16  | decrease  | asc         | asc        | 128        | 3.21                         | 2.64                   | 6   | 32602,32791,32980,32606,32795,32984 | -17.76   |
| 1   | 80         | 10000000 | 1250000   | 117648   | 4       | 2048  | 8    | io_uring | 12        | 16  | increase  | asc         | asc        | 32         | 1.35                         | 1.11                   | 6   | 1130,1312,1494,1134,1316,1498       | -17.78   |
| 7   | 60         | 10000000 | 625000    | 156250   | 1048576 | 128   | 16   | io_uring | 12        | 16  | decrease  | asc         | asc        | 256        | 4.1                          | 3.37                   | 6   | 14045,14220,14395,14049,14224,14399 | -17.8    |
| 6   | 60         | 10000000 | 625000    | 156250   | 1048576 | 128   | 16   | worker   | 12        | 16  | increase  | desc        | asc        | 8          | 1.29                         | 1.06                   | 6   | 10860,11035,11210,10864,11039,11214 | -17.83   |
| 11  | 80         | 10000000 | 10000000  | 117648   | 16      | 32    | 1    | io_uring | 12        | 16  | decrease  | asc         | asc        | 4096       | 2.35                         | 1.93                   | 6   | 23313,23516,23719,23317,23520,23723 | -17.87   |
| 2   | 80         | 10000000 | 1250000   | 117648   | 4       | 2048  | 8    | worker   | 12        | 16  | increase  | desc        | desc       | 64         | 1.79                         | 1.47                   | 6   | 2775,2957,3139,2779,2961,3143       | -17.88   |
| 15  | 80         | 10000000 | 2500000   | 117648   | 1048576 | 2     | 4    | worker   | 12        | 16  | decrease  | asc         | asc        | 512        | 5.98                         | 4.91                   | 6   | 31482,31671,31860,31486,31675,31864 | -17.89   |
| 1   | 80         | 10000000 | 1250000   | 117648   | 4       | 2048  | 8    | worker   | 12        | 16  | increase  | asc         | desc       | 1024       | 9.05                         | 7.43                   | 6   | 619,801,983,623,805,987             | -17.9    |
| 12  | 80         | 10000000 | 10000000  | 117648   | 16      | 32    | 1    | worker   | 12        | 16  | decrease  | desc        | desc       | 6048576    | 717.53                       | 588.66                 | 6   | 25231,25434,25637,25235,25438,25641 | -17.96   |
| 18  | 20         | 10000000 | 2500000   | 476191   | 4194304 | 128   | 4    | worker   | 12        | 16  | increase  | desc        | asc        | 16         | 2.55                         | 2.09                   | 6   | 38251,38440,38629,38255,38444,38633 | -18.04   |
| 3   | 80         | 10000000 | 1250000   | 117648   | 4       | 2048  | 8    | worker   | 12        | 16  | decrease  | asc         | asc        | 32         | 1.38                         | 1.13                   | 6   | 4406,4588,4770,4410,4592,4774       | -18.12   |
| 11  | 80         | 10000000 | 10000000  | 117648   | 16      | 32    | 1    | io_uring | 12        | 16  | decrease  | asc         | asc        | 16384      | 9.69                         | 7.92                   | 6   | 23327,23530,23733,23331,23534,23737 | -18.27   |
| 9   | 80         | 10000000 | 10000000  | 117648   | 16      | 32    | 1    | worker   | 12        | 16  | increase  | asc         | asc        | 5048576    | 558.53                       | 456.4                  | 6   | 17307,17510,17713,17311,17514,17717 | -18.29   |
| 1   | 80         | 10000000 | 1250000   | 117648   | 4       | 2048  | 8    | worker   | 12        | 16  | increase  | asc         | asc        | 2          | 0.76                         | 0.62                   | 6   | 10,192,374,14,196,378               | -18.42   |
| 1   | 80         | 10000000 | 1250000   | 117648   | 4       | 2048  | 8    | worker   | 12        | 16  | increase  | asc         | desc       | 4          | 1.23                         | 1.0                    | 6   | 563,745,927,567,749,931             | -18.7    |
| 15  | 80         | 10000000 | 2500000   | 117648   | 1048576 | 2     | 4    | worker   | 12        | 16  | decrease  | asc         | desc       | 32         | 1.65                         | 1.33                   | 6   | 32021,32210,32399,32025,32214,32403 | -19.39   |
| 12  | 80         | 10000000 | 10000000  | 117648   | 16      | 32    | 1    | io_uring | 12        | 16  | decrease  | desc        | asc        | 128        | 0.41                         | 0.33                   | 6   | 25714,25917,26120,25718,25921,26124 | -19.51   |
| 13  | 80         | 10000000 | 2500000   | 117648   | 1048576 | 2     | 4    | io_uring | 12        | 16  | increase  | asc         | asc        | 64         | 3.3                          | 2.64                   | 6   | 28059,28248,28437,28063,28252,28441 | -20.0    |
| 10  | 80         | 10000000 | 10000000  | 117648   | 16      | 32    | 1    | worker   | 12        | 16  | increase  | desc        | desc       | 131072     | 87.9                         | 70.25                  | 6   | 20303,20506,20709,20307,20510,20713 | -20.08   |
| 3   | 80         | 10000000 | 1250000   | 117648   | 4       | 2048  | 8    | io_uring | 12        | 16  | decrease  | asc         | desc       | 64         | 1.69                         | 1.35                   | 6   | 6051,6233,6415,6055,6237,6419       | -20.12   |
| 4   | 80         | 10000000 | 1250000   | 117648   | 4       | 2048  | 8    | worker   | 12        | 16  | decrease  | desc        | desc       | 128        | 2.03                         | 1.62                   | 6   | 7150,7332,7514,7154,7336,7518       | -20.2    |
| 17  | 20         | 10000000 | 2500000   | 476191   | 4194304 | 128   | 4    | io_uring | 12        | 16  | increase  | asc         | desc       | 32         | 5.67                         | 4.52                   | 6   | 37691,37880,38069,37695,37884,38073 | -20.28   |
| 4   | 80         | 10000000 | 1250000   | 117648   | 4       | 2048  | 8    | worker   | 12        | 16  | decrease  | desc        | desc       | 16         | 1.38                         | 1.1                    | 6   | 7129,7311,7493,7133,7315,7497       | -20.29   |
| 8   | 60         | 10000000 | 625000    | 156250   | 1048576 | 128   | 16   | io_uring | 12        | 16  | decrease  | desc        | desc       | 16         | 2.16                         | 1.72                   | 6   | 16642,16817,16992,16646,16821,16996 | -20.37   |
| 4   | 80         | 10000000 | 1250000   | 117648   | 4       | 2048  | 8    | worker   | 12        | 16  | decrease  | desc        | asc        | 4096       | 21.19                        | 16.85                  | 6   | 6639,6821,7003,6643,6825,7007       | -20.48   |
| 12  | 80         | 10000000 | 10000000  | 117648   | 16      | 32    | 1    | io_uring | 12        | 16  | decrease  | desc        | asc        | 16384      | 11.86                        | 9.42                   | 6   | 25763,25966,26169,25767,25970,26173 | -20.57   |
| 14  | 80         | 10000000 | 2500000   | 117648   | 1048576 | 2     | 4    | io_uring | 12        | 16  | increase  | desc        | desc       | 1          | 0.34                         | 0.27                   | 6   | 30852,31041,31230,30856,31045,31234 | -20.59   |
| 4   | 80         | 10000000 | 1250000   | 117648   | 4       | 2048  | 8    | worker   | 12        | 16  | decrease  | desc        | desc       | 64         | 1.6                          | 1.27                   | 6   | 7143,7325,7507,7147,7329,7511       | -20.63   |
| 6   | 60         | 10000000 | 625000    | 156250   | 1048576 | 128   | 16   | io_uring | 12        | 16  | increase  | desc        | asc        | 64         | 4.08                         | 3.23                   | 6   | 11931,12106,12281,11935,12110,12285 | -20.83   |
| 8   | 60         | 10000000 | 625000    | 156250   | 1048576 | 128   | 16   | io_uring | 12        | 16  | decrease  | desc        | desc       | 64         | 3.93                         | 3.11                   | 6   | 16656,16831,17006,16660,16835,17010 | -20.87   |
| 9   | 80         | 10000000 | 10000000  | 117648   | 16      | 32    | 1    | io_uring | 12        | 16  | increase  | asc         | desc       | 8          | 0.38                         | 0.3                    | 6   | 18987,19190,19393,18991,19194,19397 | -21.05   |
| 10  | 80         | 10000000 | 10000000  | 117648   | 16      | 32    | 1    | worker   | 12        | 16  | increase  | desc        | desc       | 32768      | 22.18                        | 17.46                  | 6   | 20289,20492,20695,20293,20496,20699 | -21.28   |
| 5   | 60         | 10000000 | 625000    | 156250   | 1048576 | 128   | 16   | io_uring | 12        | 16  | increase  | asc         | asc        | 128        | 4.36                         | 3.43                   | 6   | 9838,10013,10188,9842,10017,10192   | -21.33   |
| 12  | 80         | 10000000 | 10000000  | 117648   | 16      | 32    | 1    | worker   | 12        | 16  | decrease  | desc        | desc       | 8          | 0.28                         | 0.22                   | 6   | 25077,25280,25483,25081,25284,25487 | -21.43   |
| 5   | 60         | 10000000 | 625000    | 156250   | 1048576 | 128   | 16   | worker   | 12        | 16  | increase  | asc         | asc        | 128        | 4.05                         | 3.17                   | 6   | 8788,8963,9138,8792,8967,9142       | -21.73   |
| 7   | 60         | 10000000 | 625000    | 156250   | 1048576 | 128   | 16   | io_uring | 12        | 16  | decrease  | asc         | desc       | 2          | 0.64                         | 0.5                    | 6   | 14521,14696,14871,14525,14700,14875 | -21.88   |
| 1   | 80         | 10000000 | 1250000   | 117648   | 4       | 2048  | 8    | io_uring | 12        | 16  | increase  | asc         | desc       | 2048       | 14.72                        | 11.47                  | 6   | 1718,1900,2082,1722,1904,2086       | -22.08   |
| 15  | 80         | 10000000 | 2500000   | 117648   | 1048576 | 2     | 4    | worker   | 12        | 16  | decrease  | asc         | asc        | 1024       | 8.32                         | 6.47                   | 6   | 31489,31678,31867,31493,31682,31871 | -22.24   |
| 11  | 80         | 10000000 | 10000000  | 117648   | 16      | 32    | 1    | worker   | 12        | 16  | decrease  | asc         | asc        | 1048576    | 601.63                       | 467.42                 | 6   | 22151,22354,22557,22155,22358,22561 | -22.31   |
| 5   | 60         | 10000000 | 625000    | 156250   | 1048576 | 128   | 16   | worker   | 12        | 16  | increase  | asc         | desc       | 16         | 2.68                         | 2.08                   | 6   | 9292,9467,9642,9296,9471,9646       | -22.39   |
| 5   | 60         | 10000000 | 625000    | 156250   | 1048576 | 128   | 16   | worker   | 12        | 16  | increase  | asc         | desc       | 64         | 4.6                          | 3.57                   | 6   | 9306,9481,9656,9310,9485,9660       | -22.39   |
| 5   | 60         | 10000000 | 625000    | 156250   | 1048576 | 128   | 16   | worker   | 12        | 16  | increase  | asc         | asc        | 256        | 4.97                         | 3.85                   | 6   | 8795,8970,9145,8799,8974,9149       | -22.54   |
| 12  | 80         | 10000000 | 10000000  | 117648   | 16      | 32    | 1    | worker   | 12        | 16  | decrease  | desc        | asc        | 3048576    | 2151.52                      | 1665.63                | 6   | 24601,24804,25007,24605,24808,25011 | -22.58   |
| 12  | 80         | 10000000 | 10000000  | 117648   | 16      | 32    | 1    | io_uring | 12        | 16  | decrease  | desc        | asc        | 4096       | 2.99                         | 2.31                   | 6   | 25749,25952,26155,25753,25956,26159 | -22.74   |
| 9   | 80         | 10000000 | 10000000  | 117648   | 16      | 32    | 1    | worker   | 12        | 16  | increase  | asc         | desc       | 5048576    | 4099.59                      | 3160.1                 | 6   | 17916,18119,18322,17920,18123,18326 | -22.92   |
| 8   | 60         | 10000000 | 625000    | 156250   | 1048576 | 128   | 16   | worker   | 12        | 16  | decrease  | desc        | asc        | 128        | 4.49                         | 3.46                   | 6   | 15088,15263,15438,15092,15267,15442 | -22.94   |
| 16  | 80         | 10000000 | 2500000   | 117648   | 1048576 | 2     | 4    | worker   | 12        | 16  | decrease  | desc        | asc        | 64         | 2.92                         | 2.25                   | 6   | 33729,33918,34107,33733,33922,34111 | -22.95   |
| 9   | 80         | 10000000 | 10000000  | 117648   | 16      | 32    | 1    | io_uring | 12        | 16  | increase  | asc         | desc       | 2          | 0.39                         | 0.3                    | 6   | 18973,19176,19379,18977,19180,19383 | -23.08   |
| 15  | 80         | 10000000 | 2500000   | 117648   | 1048576 | 2     | 4    | worker   | 12        | 16  | decrease  | asc         | asc        | 128        | 4.14                         | 3.17                   | 6   | 31468,31657,31846,31472,31661,31850 | -23.43   |
| 2   | 80         | 10000000 | 1250000   | 117648   | 4       | 2048  | 8    | worker   | 12        | 16  | increase  | desc        | desc       | 8192       | 49.13                        | 37.59                  | 6   | 2824,3006,3188,2828,3010,3192       | -23.49   |
| 13  | 80         | 10000000 | 2500000   | 117648   | 1048576 | 2     | 4    | worker   | 12        | 16  | increase  | asc         | asc        | 512        | 5.24                         | 4.0                    | 6   | 26946,27135,27324,26950,27139,27328 | -23.66   |
| 3   | 80         | 10000000 | 1250000   | 117648   | 4       | 2048  | 8    | io_uring | 12        | 16  | decrease  | asc         | asc        | 64         | 1.98                         | 1.51                   | 6   | 5505,5687,5869,5509,5691,5873       | -23.74   |
| 10  | 80         | 10000000 | 10000000  | 117648   | 16      | 32    | 1    | worker   | 12        | 16  | increase  | desc        | desc       | 2048       | 2.31                         | 1.76                   | 6   | 20261,20464,20667,20265,20468,20671 | -23.81   |
| 9   | 80         | 10000000 | 10000000  | 117648   | 16      | 32    | 1    | io_uring | 12        | 16  | increase  | asc         | desc       | 65536      | 53.01                        | 40.34                  | 6   | 19078,19281,19484,19082,19285,19488 | -23.9    |
| 9   | 80         | 10000000 | 10000000  | 117648   | 16      | 32    | 1    | worker   | 12        | 16  | increase  | asc         | asc        | 65536      | 10.44                        | 7.93                   | 6   | 17251,17454,17657,17255,17458,17661 | -24.04   |
| 9   | 80         | 10000000 | 10000000  | 117648   | 16      | 32    | 1    | io_uring | 12        | 16  | increase  | asc         | asc        | 256        | 0.54                         | 0.41                   | 6   | 18413,18616,18819,18417,18620,18823 | -24.07   |
| 11  | 80         | 10000000 | 10000000  | 117648   | 16      | 32    | 1    | worker   | 12        | 16  | decrease  | asc         | desc       | 16         | 0.29                         | 0.22                   | 6   | 22648,22851,23054,22652,22855,23058 | -24.14   |
| 12  | 80         | 10000000 | 10000000  | 117648   | 16      | 32    | 1    | worker   | 12        | 16  | decrease  | desc        | desc       | 65536      | 11.9                         | 9.02                   | 6   | 25168,25371,25574,25172,25375,25578 | -24.2    |
| 9   | 80         | 10000000 | 10000000  | 117648   | 16      | 32    | 1    | worker   | 12        | 16  | increase  | asc         | desc       | 8192       | 6.24                         | 4.72                   | 6   | 17839,18042,18245,17843,18046,18249 | -24.36   |
| 5   | 60         | 10000000 | 625000    | 156250   | 1048576 | 128   | 16   | worker   | 12        | 16  | increase  | asc         | asc        | 64         | 3.57                         | 2.7                    | 6   | 8781,8956,9131,8785,8960,9135       | -24.37   |
| 2   | 80         | 10000000 | 1250000   | 117648   | 4       | 2048  | 8    | io_uring | 12        | 16  | increase  | desc        | asc        | 64         | 2.01                         | 1.52                   | 6   | 3321,3503,3685,3325,3507,3689       | -24.38   |
| 1   | 80         | 10000000 | 1250000   | 117648   | 4       | 2048  | 8    | io_uring | 12        | 16  | increase  | asc         | desc       | 1024       | 8.17                         | 6.17                   | 6   | 1711,1893,2075,1715,1897,2079       | -24.48   |
| 4   | 80         | 10000000 | 1250000   | 117648   | 4       | 2048  | 8    | worker   | 12        | 16  | decrease  | desc        | asc        | 1024       | 8.4                          | 6.34                   | 6   | 6625,6807,6989,6629,6811,6993       | -24.52   |
| 9   | 80         | 10000000 | 10000000  | 117648   | 16      | 32    | 1    | io_uring | 12        | 16  | increase  | asc         | desc       | 32768      | 26.38                        | 19.88                  | 6   | 19071,19274,19477,19075,19278,19481 | -24.64   |
| 9   | 80         | 10000000 | 10000000  | 117648   | 16      | 32    | 1    | worker   | 12        | 16  | increase  | asc         | desc       | 32768      | 28.03                        | 21.1                   | 6   | 17853,18056,18259,17857,18060,18263 | -24.72   |
| 12  | 80         | 10000000 | 10000000  | 117648   | 16      | 32    | 1    | io_uring | 12        | 16  | decrease  | desc        | asc        | 5048576    | 3664.68                      | 2757.25                | 6   | 25833,26036,26239,25837,26040,26243 | -24.76   |
| 9   | 80         | 10000000 | 10000000  | 117648   | 16      | 32    | 1    | io_uring | 12        | 16  | increase  | asc         | desc       | 1048576    | 827.41                       | 621.29                 | 6   | 19106,19309,19512,19110,19313,19516 | -24.91   |
| 10  | 80         | 10000000 | 10000000  | 117648   | 16      | 32    | 1    | io_uring | 12        | 16  | increase  | desc        | desc       | 2          | 0.28                         | 0.21                   | 6   | 21409,21612,21815,21413,21616,21819 | -25.0    |
| 2   | 80         | 10000000 | 1250000   | 117648   | 4       | 2048  | 8    | worker   | 12        | 16  | increase  | desc        | desc       | 16         | 1.43                         | 1.07                   | 6   | 2761,2943,3125,2765,2947,3129       | -25.17   |
| 12  | 80         | 10000000 | 10000000  | 117648   | 16      | 32    | 1    | io_uring | 12        | 16  | decrease  | desc        | asc        | 524288     | 385.51                       | 288.34                 | 6   | 25798,26001,26204,25802,26005,26208 | -25.21   |
| 9   | 80         | 10000000 | 10000000  | 117648   | 16      | 32    | 1    | io_uring | 12        | 16  | increase  | asc         | desc       | 16384      | 12.65                        | 9.45                   | 6   | 19064,19267,19470,19068,19271,19474 | -25.3    |
| 12  | 80         | 10000000 | 10000000  | 117648   | 16      | 32    | 1    | io_uring | 12        | 16  | decrease  | desc        | asc        | 1048576    | 772.64                       | 577.13                 | 6   | 25805,26008,26211,25809,26012,26215 | -25.3    |
| 12  | 80         | 10000000 | 10000000  | 117648   | 16      | 32    | 1    | io_uring | 12        | 16  | decrease  | desc        | asc        | 65536      | 49.5                         | 36.91                  | 6   | 25777,25980,26183,25781,25984,26187 | -25.43   |
| 13  | 80         | 10000000 | 2500000   | 117648   | 1048576 | 2     | 4    | io_uring | 12        | 16  | increase  | asc         | desc       | 128        | 4.48                         | 3.34                   | 6   | 28633,28822,29011,28637,28826,29015 | -25.45   |
| 12  | 80         | 10000000 | 10000000  | 117648   | 16      | 32    | 1    | io_uring | 12        | 16  | decrease  | desc        | asc        | 3048576    | 2251.14                      | 1669.79                | 6   | 25819,26022,26225,25823,26026,26229 | -25.82   |
| 3   | 80         | 10000000 | 1250000   | 117648   | 4       | 2048  | 8    | io_uring | 12        | 16  | decrease  | asc         | desc       | 256        | 2.59                         | 1.92                   | 6   | 6065,6247,6429,6069,6251,6433       | -25.87   |
| 12  | 80         | 10000000 | 10000000  | 117648   | 16      | 32    | 1    | io_uring | 12        | 16  | decrease  | desc        | asc        | 262144     | 194.53                       | 144.15                 | 6   | 25791,25994,26197,25795,25998,26201 | -25.9    |
| 9   | 80         | 10000000 | 10000000  | 117648   | 16      | 32    | 1    | io_uring | 12        | 16  | increase  | asc         | desc       | 524288     | 423.11                       | 312.79                 | 6   | 19099,19302,19505,19103,19306,19509 | -26.07   |
| 12  | 80         | 10000000 | 10000000  | 117648   | 16      | 32    | 1    | worker   | 12        | 16  | decrease  | desc        | desc       | 524288     | 73.18                        | 54.07                  | 6   | 25189,25392,25595,25193,25396,25599 | -26.11   |
| 2   | 80         | 10000000 | 1250000   | 117648   | 4       | 2048  | 8    | io_uring | 12        | 16  | increase  | desc        | desc       | 8192       | 46.87                        | 34.48                  | 6   | 3916,4098,4280,3920,4102,4284       | -26.43   |
| 3   | 80         | 10000000 | 1250000   | 117648   | 4       | 2048  | 8    | worker   | 12        | 16  | decrease  | asc         | asc        | 4096       | 22.52                        | 16.55                  | 6   | 4455,4637,4819,4459,4641,4823       | -26.51   |
| 9   | 80         | 10000000 | 10000000  | 117648   | 16      | 32    | 1    | worker   | 12        | 16  | increase  | asc         | desc       | 131072     | 114.81                       | 84.33                  | 6   | 17867,18070,18273,17871,18074,18277 | -26.55   |
| 12  | 80         | 10000000 | 10000000  | 117648   | 16      | 32    | 1    | io_uring | 12        | 16  | decrease  | desc        | asc        | 8192       | 6.62                         | 4.86                   | 6   | 25756,25959,26162,25760,25963,26166 | -26.59   |
| 12  | 80         | 10000000 | 10000000  | 117648   | 16      | 32    | 1    | worker   | 12        | 16  | decrease  | desc        | asc        | 65536      | 47.11                        | 34.44                  | 6   | 24559,24762,24965,24563,24766,24969 | -26.89   |
| 4   | 80         | 10000000 | 1250000   | 117648   | 4       | 2048  | 8    | worker   | 12        | 16  | decrease  | desc        | asc        | 2048       | 13.65                        | 9.95                   | 6   | 6632,6814,6996,6636,6818,7000       | -27.11   |
| 10  | 80         | 10000000 | 10000000  | 117648   | 16      | 32    | 1    | io_uring | 12        | 16  | increase  | desc        | desc       | 1048576    | 674.8                        | 491.02                 | 6   | 21542,21745,21948,21546,21749,21952 | -27.23   |
| 12  | 80         | 10000000 | 10000000  | 117648   | 16      | 32    | 1    | worker   | 12        | 16  | decrease  | desc        | asc        | 262144     | 193.61                       | 140.71                 | 6   | 24573,24776,24979,24577,24780,24983 | -27.32   |
| 11  | 80         | 10000000 | 10000000  | 117648   | 16      | 32    | 1    | io_uring | 12        | 16  | decrease  | asc         | asc        | 1048576    | 661.95                       | 480.67                 | 6   | 23369,23572,23775,23373,23576,23779 | -27.39   |
| 4   | 80         | 10000000 | 1250000   | 117648   | 4       | 2048  | 8    | worker   | 12        | 16  | decrease  | desc        | desc       | 32         | 1.53                         | 1.11                   | 6   | 7136,7318,7500,7140,7322,7504       | -27.45   |
| 12  | 80         | 10000000 | 10000000  | 117648   | 16      | 32    | 1    | io_uring | 12        | 16  | decrease  | desc        | asc        | 8048576    | 5827.56                      | 4217.69                | 6   | 25854,26057,26260,25858,26061,26264 | -27.63   |
| 3   | 80         | 10000000 | 1250000   | 117648   | 4       | 2048  | 8    | io_uring | 12        | 16  | decrease  | asc         | desc       | 16         | 2.0                          | 1.44                   | 6   | 6037,6219,6401,6041,6223,6405       | -28.0    |
| 4   | 80         | 10000000 | 1250000   | 117648   | 4       | 2048  | 8    | io_uring | 12        | 16  | decrease  | desc        | asc        | 8192       | 54.94                        | 39.45                  | 6   | 7738,7920,8102,7742,7924,8106       | -28.19   |
| 12  | 80         | 10000000 | 10000000  | 117648   | 16      | 32    | 1    | worker   | 12        | 16  | decrease  | desc        | asc        | 16384      | 12.4                         | 8.88                   | 6   | 24545,24748,24951,24549,24752,24955 | -28.39   |
| 13  | 80         | 10000000 | 2500000   | 117648   | 1048576 | 2     | 4    | io_uring | 12        | 16  | increase  | asc         | desc       | 32         | 1.86                         | 1.33                   | 6   | 28619,28808,28997,28623,28812,29001 | -28.49   |
| 4   | 80         | 10000000 | 1250000   | 117648   | 4       | 2048  | 8    | io_uring | 12        | 16  | decrease  | desc        | asc        | 4096       | 28.26                        | 20.16                  | 6   | 7731,7913,8095,7735,7917,8099       | -28.66   |
| 12  | 80         | 10000000 | 10000000  | 117648   | 16      | 32    | 1    | worker   | 12        | 16  | decrease  | desc        | asc        | 1048576    | 770.68                       | 548.43                 | 6   | 24587,24790,24993,24591,24794,24997 | -28.84   |
| 1   | 80         | 10000000 | 1250000   | 117648   | 4       | 2048  | 8    | worker   | 12        | 16  | increase  | asc         | desc       | 4096       | 29.94                        | 21.26                  | 6   | 633,815,997,637,819,1001            | -28.99   |
| 5   | 60         | 10000000 | 625000    | 156250   | 1048576 | 128   | 16   | io_uring | 12        | 16  | increase  | asc         | asc        | 64         | 4.27                         | 3.02                   | 6   | 9831,10006,10181,9835,10010,10185   | -29.27   |
| 5   | 60         | 10000000 | 625000    | 156250   | 1048576 | 128   | 16   | io_uring | 12        | 16  | increase  | asc         | asc        | 32         | 3.11                         | 2.18                   | 6   | 9824,9999,10174,9828,10003,10178    | -29.9    |
| 11  | 80         | 10000000 | 10000000  | 117648   | 16      | 32    | 1    | worker   | 12        | 16  | decrease  | asc         | asc        | 524288     | 326.52                       | 228.25                 | 6   | 22144,22347,22550,22148,22351,22554 | -30.1    |
| 9   | 80         | 10000000 | 10000000  | 117648   | 16      | 32    | 1    | worker   | 12        | 16  | increase  | asc         | desc       | 1024       | 1.22                         | 0.85                   | 6   | 17818,18021,18224,17822,18025,18228 | -30.33   |
| 10  | 80         | 10000000 | 10000000  | 117648   | 16      | 32    | 1    | worker   | 12        | 16  | increase  | desc        | desc       | 3048576    | 2028.55                      | 1412.61                | 6   | 20338,20541,20744,20342,20545,20748 | -30.36   |
| 9   | 80         | 10000000 | 10000000  | 117648   | 16      | 32    | 1    | io_uring | 12        | 16  | increase  | asc         | asc        | 8          | 0.36                         | 0.25                   | 6   | 18378,18581,18784,18382,18585,18788 | -30.56   |
| 12  | 80         | 10000000 | 10000000  | 117648   | 16      | 32    | 1    | worker   | 12        | 16  | decrease  | desc        | asc        | 4096       | 3.23                         | 2.23                   | 6   | 24531,24734,24937,24535,24738,24941 | -30.96   |
| 9   | 80         | 10000000 | 10000000  | 117648   | 16      | 32    | 1    | io_uring | 12        | 16  | increase  | asc         | desc       | 2048       | 1.99                         | 1.37                   | 6   | 19043,19246,19449,19047,19250,19453 | -31.16   |
| 8   | 60         | 10000000 | 625000    | 156250   | 1048576 | 128   | 16   | worker   | 12        | 16  | decrease  | desc        | asc        | 16         | 2.15                         | 1.48                   | 6   | 15067,15242,15417,15071,15246,15421 | -31.16   |
| 1   | 80         | 10000000 | 1250000   | 117648   | 4       | 2048  | 8    | worker   | 12        | 16  | increase  | asc         | desc       | 131072     | 702.7                        | 482.14                 | 6   | 668,850,1032,672,854,1036           | -31.39   |
| 4   | 80         | 10000000 | 1250000   | 117648   | 4       | 2048  | 8    | worker   | 12        | 16  | decrease  | desc        | asc        | 8192       | 48.4                         | 32.82                  | 6   | 6646,6828,7010,6650,6832,7014       | -32.19   |
| 16  | 80         | 10000000 | 2500000   | 117648   | 1048576 | 2     | 4    | io_uring | 12        | 16  | decrease  | desc        | asc        | 64         | 3.6                          | 2.44                   | 6   | 34863,35052,35241,34867,35056,35245 | -32.22   |
| 1   | 80         | 10000000 | 1250000   | 117648   | 4       | 2048  | 8    | io_uring | 12        | 16  | increase  | asc         | desc       | 4096       | 26.57                        | 18.0                   | 6   | 1725,1907,2089,1729,1911,2093       | -32.25   |
| 16  | 80         | 10000000 | 2500000   | 117648   | 1048576 | 2     | 4    | worker   | 12        | 16  | decrease  | desc        | desc       | 64         | 3.72                         | 2.51                   | 6   | 34296,34485,34674,34300,34489,34678 | -32.53   |
| 9   | 80         | 10000000 | 10000000  | 117648   | 16      | 32    | 1    | io_uring | 12        | 16  | increase  | asc         | desc       | 5048576    | 3888.4                       | 2620.7                 | 6   | 19134,19337,19540,19138,19341,19544 | -32.6    |
| 4   | 80         | 10000000 | 1250000   | 117648   | 4       | 2048  | 8    | io_uring | 12        | 16  | decrease  | desc        | asc        | 2048       | 15.66                        | 10.47                  | 6   | 7724,7906,8088,7728,7910,8092       | -33.14   |
| 9   | 80         | 10000000 | 10000000  | 117648   | 16      | 32    | 1    | io_uring | 12        | 16  | increase  | asc         | desc       | 7048576    | 5402.66                      | 3601.84                | 6   | 19148,19351,19554,19152,19355,19558 | -33.33   |
| 2   | 80         | 10000000 | 1250000   | 117648   | 4       | 2048  | 8    | io_uring | 12        | 16  | increase  | desc        | desc       | 16384      | 78.11                        | 51.97                  | 6   | 3923,4105,4287,3927,4109,4291       | -33.47   |
| 11  | 80         | 10000000 | 10000000  | 117648   | 16      | 32    | 1    | io_uring | 12        | 16  | decrease  | asc         | asc        | 5048576    | 3127.78                      | 2078.35                | 6   | 23397,23600,23803,23401,23604,23807 | -33.55   |
| 7   | 60         | 10000000 | 625000    | 156250   | 1048576 | 128   | 16   | io_uring | 12        | 16  | decrease  | asc         | asc        | 64         | 2.95                         | 1.96                   | 6   | 14031,14206,14381,14035,14210,14385 | -33.56   |
| 9   | 80         | 10000000 | 10000000  | 117648   | 16      | 32    | 1    | worker   | 12        | 16  | increase  | asc         | desc       | 4048576    | 3290.92                      | 2181.43                | 6   | 17909,18112,18315,17913,18116,18319 | -33.71   |
| 12  | 80         | 10000000 | 10000000  | 117648   | 16      | 32    | 1    | io_uring | 12        | 16  | decrease  | desc        | asc        | 7048576    | 5136.63                      | 3394.34                | 6   | 25847,26050,26253,25851,26054,26257 | -33.92   |
| 1   | 80         | 10000000 | 1250000   | 117648   | 4       | 2048  | 8    | worker   | 12        | 16  | increase  | asc         | desc       | 8192       | 54.33                        | 35.9                   | 6   | 640,822,1004,644,826,1008           | -33.92   |
| 11  | 80         | 10000000 | 10000000  | 117648   | 16      | 32    | 1    | io_uring | 12        | 16  | decrease  | asc         | asc        | 2048       | 2.14                         | 1.41                   | 6   | 23306,23509,23712,23310,23513,23716 | -34.11   |
| 10  | 80         | 10000000 | 10000000  | 117648   | 16      | 32    | 1    | io_uring | 12        | 16  | increase  | desc        | desc       | 8192       | 5.82                         | 3.83                   | 6   | 21493,21696,21899,21497,21700,21903 | -34.19   |
| 17  | 20         | 10000000 | 2500000   | 476191   | 4194304 | 128   | 4    | io_uring | 12        | 16  | increase  | asc         | desc       | 64         | 10.46                        | 6.88                   | 6   | 37698,37887,38076,37702,37891,38080 | -34.23   |
| 11  | 80         | 10000000 | 10000000  | 117648   | 16      | 32    | 1    | io_uring | 12        | 16  | decrease  | asc         | asc        | 8192       | 5.58                         | 3.66                   | 6   | 23320,23523,23726,23324,23527,23730 | -34.41   |
| 1   | 80         | 10000000 | 1250000   | 117648   | 4       | 2048  | 8    | io_uring | 12        | 16  | increase  | asc         | desc       | 381072     | 2024.42                      | 1325.93                | 6   | 1774,1956,2138,1778,1960,2142       | -34.5    |
| 3   | 80         | 10000000 | 1250000   | 117648   | 4       | 2048  | 8    | io_uring | 12        | 16  | decrease  | asc         | asc        | 2048       | 11.88                        | 7.78                   | 6   | 5540,5722,5904,5544,5726,5908       | -34.51   |
| 12  | 80         | 10000000 | 10000000  | 117648   | 16      | 32    | 1    | worker   | 12        | 16  | decrease  | desc        | asc        | 2048       | 1.64                         | 1.07                   | 6   | 24524,24727,24930,24528,24731,24934 | -34.76   |
| 6   | 60         | 10000000 | 625000    | 156250   | 1048576 | 128   | 16   | worker   | 12        | 16  | increase  | desc        | desc       | 32         | 3.45                         | 2.25                   | 6   | 11399,11574,11749,11403,11578,11753 | -34.78   |
| 9   | 80         | 10000000 | 10000000  | 117648   | 16      | 32    | 1    | io_uring | 12        | 16  | increase  | asc         | desc       | 8048576    | 6311.48                      | 4104.43                | 6   | 19155,19358,19561,19159,19362,19565 | -34.97   |
| 10  | 80         | 10000000 | 10000000  | 117648   | 16      | 32    | 1    | io_uring | 12        | 16  | increase  | desc        | desc       | 3048576    | 1916.48                      | 1242.27                | 6   | 21556,21759,21962,21560,21763,21966 | -35.18   |
| 11  | 80         | 10000000 | 10000000  | 117648   | 16      | 32    | 1    | worker   | 12        | 16  | decrease  | asc         | asc        | 4096       | 3.16                         | 2.04                   | 6   | 22095,22298,22501,22099,22302,22505 | -35.44   |
| 9   | 80         | 10000000 | 10000000  | 117648   | 16      | 32    | 1    | io_uring | 12        | 16  | increase  | asc         | desc       | 4096       | 3.91                         | 2.52                   | 6   | 19050,19253,19456,19054,19257,19460 | -35.55   |
| 9   | 80         | 10000000 | 10000000  | 117648   | 16      | 32    | 1    | io_uring | 12        | 16  | increase  | asc         | desc       | 3048576    | 2434.69                      | 1565.02                | 6   | 19120,19323,19526,19124,19327,19530 | -35.72   |
| 12  | 80         | 10000000 | 10000000  | 117648   | 16      | 32    | 1    | worker   | 12        | 16  | decrease  | desc        | asc        | 131072     | 92.35                        | 59.3                   | 6   | 24566,24769,24972,24570,24773,24976 | -35.79   |
| 2   | 80         | 10000000 | 1250000   | 117648   | 4       | 2048  | 8    | worker   | 12        | 16  | increase  | desc        | desc       | 1006072    | 4416.21                      | 2826.63                | 6   | 2901,3083,3265,2905,3087,3269       | -35.99   |
| 10  | 80         | 10000000 | 10000000  | 117648   | 16      | 32    | 1    | worker   | 12        | 16  | increase  | desc        | desc       | 4096       | 3.19                         | 2.03                   | 6   | 20268,20471,20674,20272,20475,20678 | -36.36   |
| 9   | 80         | 10000000 | 10000000  | 117648   | 16      | 32    | 1    | worker   | 12        | 16  | increase  | asc         | desc       | 524288     | 431.77                       | 274.04                 | 6   | 17881,18084,18287,17885,18088,18291 | -36.53   |
| 12  | 80         | 10000000 | 10000000  | 117648   | 16      | 32    | 1    | worker   | 12        | 16  | decrease  | desc        | asc        | 7048576    | 4846.13                      | 3074.57                | 6   | 24629,24832,25035,24633,24836,25039 | -36.56   |
| 13  | 80         | 10000000 | 2500000   | 117648   | 1048576 | 2     | 4    | io_uring | 12        | 16  | increase  | asc         | desc       | 64         | 3.24                         | 2.05                   | 6   | 28626,28815,29004,28630,28819,29008 | -36.73   |
| 10  | 80         | 10000000 | 10000000  | 117648   | 16      | 32    | 1    | io_uring | 12        | 16  | increase  | desc        | desc       | 9048576    | 5531.93                      | 3498.25                | 6   | 21598,21801,22004,21602,21805,22008 | -36.76   |
| 9   | 80         | 10000000 | 10000000  | 117648   | 16      | 32    | 1    | worker   | 12        | 16  | increase  | asc         | desc       | 2048576    | 1691.18                      | 1069.45                | 6   | 17895,18098,18301,17899,18102,18305 | -36.76   |
| 9   | 80         | 10000000 | 10000000  | 117648   | 16      | 32    | 1    | io_uring | 12        | 16  | increase  | asc         | desc       | 9048576    | 6996.57                      | 4423.99                | 6   | 19162,19365,19568,19166,19369,19572 | -36.77   |
| 9   | 80         | 10000000 | 10000000  | 117648   | 16      | 32    | 1    | io_uring | 12        | 16  | increase  | asc         | desc       | 2048576    | 1630.8                       | 1030.71                | 6   | 19113,19316,19519,19117,19320,19523 | -36.8    |
| 3   | 80         | 10000000 | 1250000   | 117648   | 4       | 2048  | 8    | worker   | 12        | 16  | decrease  | asc         | asc        | 131072     | 520.54                       | 327.14                 | 6   | 4490,4672,4854,4494,4676,4858       | -37.15   |
| 10  | 80         | 10000000 | 10000000  | 117648   | 16      | 32    | 1    | io_uring | 12        | 16  | increase  | desc        | desc       | 6048576    | 3720.91                      | 2337.18                | 6   | 21577,21780,21983,21581,21784,21987 | -37.19   |
| 12  | 80         | 10000000 | 10000000  | 117648   | 16      | 32    | 1    | io_uring | 12        | 16  | decrease  | desc        | asc        | 9048576    | 6605.02                      | 4145.52                | 6   | 25861,26064,26267,25865,26068,26271 | -37.24   |
| 12  | 80         | 10000000 | 10000000  | 117648   | 16      | 32    | 1    | io_uring | 12        | 16  | decrease  | desc        | asc        | 6048576    | 4388.73                      | 2754.46                | 6   | 25840,26043,26246,25844,26047,26250 | -37.24   |
| 3   | 80         | 10000000 | 1250000   | 117648   | 4       | 2048  | 8    | io_uring | 12        | 16  | decrease  | asc         | asc        | 1006072    | 4461.42                      | 2799.63                | 6   | 5631,5813,5995,5635,5817,5999       | -37.25   |
| 9   | 80         | 10000000 | 10000000  | 117648   | 16      | 32    | 1    | io_uring | 12        | 16  | increase  | asc         | desc       | 6048576    | 4632.29                      | 2899.91                | 6   | 19141,19344,19547,19145,19348,19551 | -37.4    |
| 1   | 80         | 10000000 | 1250000   | 117648   | 4       | 2048  | 8    | io_uring | 12        | 16  | increase  | asc         | desc       | 8192       | 53.49                        | 33.46                  | 6   | 1732,1914,2096,1736,1918,2100       | -37.45   |
| 9   | 80         | 10000000 | 10000000  | 117648   | 16      | 32    | 1    | worker   | 12        | 16  | increase  | asc         | desc       | 7048576    | 5620.54                      | 3512.32                | 6   | 17930,18133,18336,17934,18137,18340 | -37.51   |
| 3   | 80         | 10000000 | 1250000   | 117648   | 4       | 2048  | 8    | worker   | 12        | 16  | decrease  | asc         | asc        | 381072     | 1491.85                      | 931.66                 | 6   | 4504,4686,4868,4508,4690,4872       | -37.55   |
| 9   | 80         | 10000000 | 10000000  | 117648   | 16      | 32    | 1    | io_uring | 12        | 16  | increase  | asc         | desc       | 131072     | 106.12                       | 66.23                  | 6   | 19085,19288,19491,19089,19292,19495 | -37.59   |
| 12  | 80         | 10000000 | 10000000  | 117648   | 16      | 32    | 1    | worker   | 12        | 16  | decrease  | desc        | asc        | 2048576    | 1426.87                      | 890.12                 | 6   | 24594,24797,25000,24598,24801,25004 | -37.62   |
| 12  | 80         | 10000000 | 10000000  | 117648   | 16      | 32    | 1    | io_uring | 12        | 16  | decrease  | desc        | asc        | 4048576    | 2968.24                      | 1849.06                | 6   | 25826,26029,26232,25830,26033,26236 | -37.71   |
| 12  | 80         | 10000000 | 10000000  | 117648   | 16      | 32    | 1    | worker   | 12        | 16  | decrease  | desc        | asc        | 524288     | 367.52                       | 228.86                 | 6   | 24580,24783,24986,24584,24787,24990 | -37.73   |
| 10  | 80         | 10000000 | 10000000  | 117648   | 16      | 32    | 1    | worker   | 12        | 16  | increase  | desc        | desc       | 9048576    | 5704.84                      | 3551.85                | 6   | 20380,20583,20786,20384,20587,20790 | -37.74   |
| 12  | 80         | 10000000 | 10000000  | 117648   | 16      | 32    | 1    | worker   | 12        | 16  | decrease  | desc        | asc        | 8048576    | 5762.14                      | 3587.36                | 6   | 24636,24839,25042,24640,24843,25046 | -37.74   |
| 10  | 80         | 10000000 | 10000000  | 117648   | 16      | 32    | 1    | worker   | 12        | 16  | increase  | desc        | desc       | 4048576    | 2623.59                      | 1631.95                | 6   | 20345,20548,20751,20349,20552,20755 | -37.8    |
| 10  | 80         | 10000000 | 10000000  | 117648   | 16      | 32    | 1    | io_uring | 12        | 16  | increase  | desc        | desc       | 8048576    | 4926.28                      | 3059.88                | 6   | 21591,21794,21997,21595,21798,22001 | -37.89   |
| 11  | 80         | 10000000 | 10000000  | 117648   | 16      | 32    | 1    | io_uring | 12        | 16  | decrease  | asc         | asc        | 6048576    | 3743.58                      | 2324.76                | 6   | 23404,23607,23810,23408,23611,23814 | -37.9    |
| 7   | 60         | 10000000 | 625000    | 156250   | 1048576 | 128   | 16   | io_uring | 12        | 16  | decrease  | asc         | asc        | 32         | 3.06                         | 1.9                    | 6   | 14024,14199,14374,14028,14203,14378 | -37.91   |
| 9   | 80         | 10000000 | 10000000  | 117648   | 16      | 32    | 1    | io_uring | 12        | 16  | increase  | asc         | desc       | 4048576    | 3209.2                       | 1991.56                | 6   | 19127,19330,19533,19131,19334,19537 | -37.94   |
| 10  | 80         | 10000000 | 10000000  | 117648   | 16      | 32    | 1    | worker   | 12        | 16  | increase  | desc        | desc       | 524288     | 349.01                       | 216.38                 | 6   | 20317,20520,20723,20321,20524,20727 | -38.0    |
| 9   | 80         | 10000000 | 10000000  | 117648   | 16      | 32    | 1    | worker   | 12        | 16  | increase  | asc         | asc        | 524288     | 80.75                        | 49.97                  | 6   | 17272,17475,17678,17276,17479,17682 | -38.12   |
| 12  | 80         | 10000000 | 10000000  | 117648   | 16      | 32    | 1    | worker   | 12        | 16  | decrease  | desc        | asc        | 5048576    | 3479.41                      | 2153.08                | 6   | 24615,24818,25021,24619,24822,25025 | -38.12   |
| 4   | 80         | 10000000 | 1250000   | 117648   | 4       | 2048  | 8    | worker   | 12        | 16  | decrease  | desc        | asc        | 16384      | 94.42                        | 58.37                  | 6   | 6653,6835,7017,6657,6839,7021       | -38.18   |
| 12  | 80         | 10000000 | 10000000  | 117648   | 16      | 32    | 1    | io_uring | 12        | 16  | decrease  | desc        | asc        | 131072     | 98.25                        | 60.73                  | 6   | 25784,25987,26190,25788,25991,26194 | -38.19   |
| 12  | 80         | 10000000 | 10000000  | 117648   | 16      | 32    | 1    | io_uring | 12        | 16  | decrease  | desc        | asc        | 2048576    | 1520.2                       | 939.54                 | 6   | 25812,26015,26218,25816,26019,26222 | -38.2    |
| 9   | 80         | 10000000 | 10000000  | 117648   | 16      | 32    | 1    | worker   | 12        | 16  | increase  | asc         | desc       | 6048576    | 4954.68                      | 3045.61                | 6   | 17923,18126,18329,17927,18130,18333 | -38.53   |
| 11  | 80         | 10000000 | 10000000  | 117648   | 16      | 32    | 1    | io_uring | 12        | 16  | decrease  | asc         | asc        | 3048576    | 1911.79                      | 1174.48                | 6   | 23383,23586,23789,23387,23590,23793 | -38.57   |
| 3   | 80         | 10000000 | 1250000   | 117648   | 4       | 2048  | 8    | worker   | 12        | 16  | decrease  | asc         | asc        | 506072     | 1978.34                      | 1213.88                | 6   | 4511,4693,4875,4515,4697,4879       | -38.64   |
| 10  | 80         | 10000000 | 10000000  | 117648   | 16      | 32    | 1    | worker   | 12        | 16  | increase  | desc        | desc       | 6048576    | 3861.88                      | 2366.26                | 6   | 20359,20562,20765,20363,20566,20769 | -38.73   |
| 11  | 80         | 10000000 | 10000000  | 117648   | 16      | 32    | 1    | worker   | 12        | 16  | decrease  | asc         | asc        | 6048576    | 3610.95                      | 2205.74                | 6   | 22186,22389,22592,22190,22393,22596 | -38.92   |
| 10  | 80         | 10000000 | 10000000  | 117648   | 16      | 32    | 1    | io_uring | 12        | 16  | increase  | desc        | desc       | 32768      | 21.59                        | 13.15                  | 6   | 21507,21710,21913,21511,21714,21917 | -39.09   |
| 12  | 80         | 10000000 | 10000000  | 117648   | 16      | 32    | 1    | io_uring | 12        | 16  | decrease  | desc        | asc        | 32768      | 24.3                         | 14.78                  | 6   | 25770,25973,26176,25774,25977,26180 | -39.18   |
| 9   | 80         | 10000000 | 10000000  | 117648   | 16      | 32    | 1    | worker   | 12        | 16  | increase  | asc         | desc       | 1048576    | 891.52                       | 541.96                 | 6   | 17888,18091,18294,17892,18095,18298 | -39.21   |
| 11  | 80         | 10000000 | 10000000  | 117648   | 16      | 32    | 1    | io_uring | 12        | 16  | decrease  | asc         | asc        | 2048576    | 1272.27                      | 772.97                 | 6   | 23376,23579,23782,23380,23583,23786 | -39.24   |
| 10  | 80         | 10000000 | 10000000  | 117648   | 16      | 32    | 1    | worker   | 12        | 16  | increase  | desc        | desc       | 1048576    | 705.86                       | 428.03                 | 6   | 20324,20527,20730,20328,20531,20734 | -39.36   |
| 1   | 80         | 10000000 | 1250000   | 117648   | 4       | 2048  | 8    | worker   | 12        | 16  | increase  | asc         | desc       | 16384      | 104.37                       | 63.27                  | 6   | 647,829,1011,651,833,1015           | -39.38   |
| 10  | 80         | 10000000 | 10000000  | 117648   | 16      | 32    | 1    | io_uring | 12        | 16  | increase  | desc        | desc       | 2048576    | 1311.57                      | 794.75                 | 6   | 21549,21752,21955,21553,21756,21959 | -39.4    |
| 10  | 80         | 10000000 | 10000000  | 117648   | 16      | 32    | 1    | io_uring | 12        | 16  | increase  | desc        | desc       | 4048576    | 2520.44                      | 1526.77                | 6   | 21563,21766,21969,21567,21770,21973 | -39.42   |
| 10  | 80         | 10000000 | 10000000  | 117648   | 16      | 32    | 1    | worker   | 12        | 16  | increase  | desc        | desc       | 5048576    | 3383.83                      | 2047.87                | 6   | 20352,20555,20758,20356,20559,20762 | -39.48   |
| 10  | 80         | 10000000 | 10000000  | 117648   | 16      | 32    | 1    | worker   | 12        | 16  | increase  | desc        | desc       | 262144     | 178.21                       | 107.68                 | 6   | 20310,20513,20716,20314,20517,20720 | -39.58   |
| 9   | 80         | 10000000 | 10000000  | 117648   | 16      | 32    | 1    | worker   | 12        | 16  | increase  | asc         | desc       | 8048576    | 6630.73                      | 4004.86                | 6   | 17937,18140,18343,17941,18144,18347 | -39.6    |
| 12  | 80         | 10000000 | 10000000  | 117648   | 16      | 32    | 1    | worker   | 12        | 16  | decrease  | desc        | asc        | 6048576    | 4226.56                      | 2550.77                | 6   | 24622,24825,25028,24626,24829,25032 | -39.65   |
| 11  | 80         | 10000000 | 10000000  | 117648   | 16      | 32    | 1    | worker   | 12        | 16  | decrease  | asc         | asc        | 4048576    | 2499.2                       | 1506.82                | 6   | 22172,22375,22578,22176,22379,22582 | -39.71   |
| 10  | 80         | 10000000 | 10000000  | 117648   | 16      | 32    | 1    | worker   | 12        | 16  | increase  | desc        | desc       | 8048576    | 5113.82                      | 3082.62                | 6   | 20373,20576,20779,20377,20580,20783 | -39.72   |
| 9   | 80         | 10000000 | 10000000  | 117648   | 16      | 32    | 1    | worker   | 12        | 16  | increase  | asc         | desc       | 9048576    | 7525.4                       | 4528.21                | 6   | 17944,18147,18350,17948,18151,18354 | -39.83   |
| 9   | 80         | 10000000 | 10000000  | 117648   | 16      | 32    | 1    | worker   | 12        | 16  | increase  | asc         | desc       | 3048576    | 2622.58                      | 1576.47                | 6   | 17902,18105,18308,17906,18109,18312 | -39.89   |
| 11  | 80         | 10000000 | 10000000  | 117648   | 16      | 32    | 1    | io_uring | 12        | 16  | decrease  | asc         | asc        | 8048576    | 5025.01                      | 3020.23                | 6   | 23418,23621,23824,23422,23625,23828 | -39.9    |
| 11  | 80         | 10000000 | 10000000  | 117648   | 16      | 32    | 1    | io_uring | 12        | 16  | decrease  | asc         | asc        | 9048576    | 5623.49                      | 3378.96                | 6   | 23425,23628,23831,23429,23632,23835 | -39.91   |
| 4   | 80         | 10000000 | 1250000   | 117648   | 4       | 2048  | 8    | worker   | 12        | 16  | decrease  | desc        | asc        | 32768      | 186.5                        | 111.97                 | 6   | 6660,6842,7024,6664,6846,7028       | -39.96   |
| 11  | 80         | 10000000 | 10000000  | 117648   | 16      | 32    | 1    | io_uring | 12        | 16  | decrease  | asc         | asc        | 7048576    | 4392.01                      | 2633.16                | 6   | 23411,23614,23817,23415,23618,23821 | -40.05   |
| 10  | 80         | 10000000 | 10000000  | 117648   | 16      | 32    | 1    | io_uring | 12        | 16  | increase  | desc        | desc       | 131072     | 85.35                        | 51.16                  | 6   | 21521,21724,21927,21525,21728,21931 | -40.06   |
| 11  | 80         | 10000000 | 10000000  | 117648   | 16      | 32    | 1    | worker   | 12        | 16  | decrease  | asc         | asc        | 131072     | 77.97                        | 46.72                  | 6   | 22130,22333,22536,22134,22337,22540 | -40.08   |
| 11  | 80         | 10000000 | 10000000  | 117648   | 16      | 32    | 1    | io_uring | 12        | 16  | decrease  | asc         | asc        | 131072     | 83.97                        | 50.26                  | 6   | 23348,23551,23754,23352,23555,23758 | -40.15   |
| 11  | 80         | 10000000 | 10000000  | 117648   | 16      | 32    | 1    | worker   | 12        | 16  | decrease  | asc         | asc        | 3048576    | 1822.09                      | 1090.55                | 6   | 22165,22368,22571,22169,22372,22575 | -40.15   |
| 11  | 80         | 10000000 | 10000000  | 117648   | 16      | 32    | 1    | worker   | 12        | 16  | decrease  | asc         | asc        | 8192       | 4.79                         | 2.86                   | 6   | 22102,22305,22508,22106,22309,22512 | -40.29   |
| 12  | 80         | 10000000 | 10000000  | 117648   | 16      | 32    | 1    | worker   | 12        | 16  | decrease  | desc        | asc        | 9048576    | 6439.36                      | 3840.93                | 6   | 24643,24846,25049,24647,24850,25053 | -40.35   |
| 2   | 80         | 10000000 | 1250000   | 117648   | 4       | 2048  | 8    | io_uring | 12        | 16  | increase  | desc        | desc       | 2048       | 13.61                        | 8.11                   | 6   | 3902,4084,4266,3906,4088,4270       | -40.41   |
| 12  | 80         | 10000000 | 10000000  | 117648   | 16      | 32    | 1    | io_uring | 12        | 16  | decrease  | desc        | asc        | 2048       | 1.88                         | 1.12                   | 6   | 25742,25945,26148,25746,25949,26152 | -40.43   |
| 11  | 80         | 10000000 | 10000000  | 117648   | 16      | 32    | 1    | worker   | 12        | 16  | decrease  | asc         | asc        | 65536      | 39.49                        | 23.47                  | 6   | 22123,22326,22529,22127,22330,22533 | -40.57   |
| 11  | 80         | 10000000 | 10000000  | 117648   | 16      | 32    | 1    | io_uring | 12        | 16  | decrease  | asc         | asc        | 262144     | 166.86                       | 99.13                  | 6   | 23355,23558,23761,23359,23562,23765 | -40.59   |
| 10  | 80         | 10000000 | 10000000  | 117648   | 16      | 32    | 1    | io_uring | 12        | 16  | increase  | desc        | desc       | 7048576    | 4365.09                      | 2592.6                 | 6   | 21584,21787,21990,21588,21791,21994 | -40.61   |
| 3   | 80         | 10000000 | 1250000   | 117648   | 4       | 2048  | 8    | io_uring | 12        | 16  | decrease  | asc         | asc        | 4096       | 23.66                        | 14.04                  | 6   | 5547,5729,5911,5551,5733,5915       | -40.66   |
| 10  | 80         | 10000000 | 10000000  | 117648   | 16      | 32    | 1    | worker   | 12        | 16  | increase  | desc        | desc       | 2048576    | 1387.95                      | 821.75                 | 6   | 20331,20534,20737,20335,20538,20741 | -40.79   |
| 11  | 80         | 10000000 | 10000000  | 117648   | 16      | 32    | 1    | io_uring | 12        | 16  | decrease  | asc         | asc        | 524288     | 333.52                       | 197.25                 | 6   | 23362,23565,23768,23366,23569,23772 | -40.86   |
| 10  | 80         | 10000000 | 10000000  | 117648   | 16      | 32    | 1    | io_uring | 12        | 16  | increase  | desc        | desc       | 5048576    | 3175.6                       | 1878.0                 | 6   | 21570,21773,21976,21574,21777,21980 | -40.86   |
| 12  | 80         | 10000000 | 10000000  | 117648   | 16      | 32    | 1    | worker   | 12        | 16  | decrease  | desc        | asc        | 4048576    | 2926.6                       | 1730.45                | 6   | 24608,24811,25014,24612,24815,25018 | -40.87   |
| 3   | 80         | 10000000 | 1250000   | 117648   | 4       | 2048  | 8    | worker   | 12        | 16  | decrease  | asc         | asc        | 8192       | 42.04                        | 24.84                  | 6   | 4462,4644,4826,4466,4648,4830       | -40.91   |
| 1   | 80         | 10000000 | 1250000   | 117648   | 4       | 2048  | 8    | worker   | 12        | 16  | increase  | asc         | desc       | 32768      | 206.73                       | 121.79                 | 6   | 654,836,1018,658,840,1022           | -41.09   |
| 3   | 80         | 10000000 | 1250000   | 117648   | 4       | 2048  | 8    | worker   | 12        | 16  | decrease  | asc         | asc        | 2048       | 12.75                        | 7.51                   | 6   | 4448,4630,4812,4452,4634,4816       | -41.1    |
| 11  | 80         | 10000000 | 10000000  | 117648   | 16      | 32    | 1    | worker   | 12        | 16  | decrease  | asc         | asc        | 9048576    | 5268.31                      | 3088.74                | 6   | 22207,22410,22613,22211,22414,22617 | -41.37   |
| 11  | 80         | 10000000 | 10000000  | 117648   | 16      | 32    | 1    | io_uring | 12        | 16  | decrease  | asc         | asc        | 32768      | 20.56                        | 12.05                  | 6   | 23334,23537,23740,23338,23541,23744 | -41.39   |
| 10  | 80         | 10000000 | 10000000  | 117648   | 16      | 32    | 1    | worker   | 12        | 16  | increase  | desc        | desc       | 65536      | 46.92                        | 27.4                   | 6   | 20296,20499,20702,20300,20503,20706 | -41.6    |
| 11  | 80         | 10000000 | 10000000  | 117648   | 16      | 32    | 1    | io_uring | 12        | 16  | decrease  | asc         | asc        | 4048576    | 2576.23                      | 1502.91                | 6   | 23390,23593,23796,23394,23597,23800 | -41.66   |
| 1   | 80         | 10000000 | 1250000   | 117648   | 4       | 2048  | 8    | worker   | 12        | 16  | increase  | asc         | desc       | 65536      | 412.08                       | 239.74                 | 6   | 661,843,1025,665,847,1029           | -41.82   |
| 10  | 80         | 10000000 | 10000000  | 117648   | 16      | 32    | 1    | worker   | 12        | 16  | increase  | desc        | desc       | 16384      | 12.1                         | 7.02                   | 6   | 20282,20485,20688,20286,20489,20692 | -41.98   |
| 4   | 80         | 10000000 | 1250000   | 117648   | 4       | 2048  | 8    | io_uring | 12        | 16  | decrease  | desc        | asc        | 16384      | 107.42                       | 62.15                  | 6   | 7745,7927,8109,7749,7931,8113       | -42.14   |
| 16  | 80         | 10000000 | 2500000   | 117648   | 1048576 | 2     | 4    | io_uring | 12        | 16  | decrease  | desc        | asc        | 128        | 5.23                         | 3.02                   | 6   | 34870,35059,35248,34874,35063,35252 | -42.26   |
| 4   | 80         | 10000000 | 1250000   | 117648   | 4       | 2048  | 8    | io_uring | 12        | 16  | decrease  | desc        | asc        | 32768      | 211.12                       | 121.5                  | 6   | 7752,7934,8116,7756,7938,8120       | -42.45   |
| 11  | 80         | 10000000 | 10000000  | 117648   | 16      | 32    | 1    | worker   | 12        | 16  | decrease  | asc         | asc        | 2048       | 1.83                         | 1.05                   | 6   | 22088,22291,22494,22092,22295,22498 | -42.62   |
| 1   | 80         | 10000000 | 1250000   | 117648   | 4       | 2048  | 8    | io_uring | 12        | 16  | increase  | asc         | desc       | 16384      | 104.85                       | 60.04                  | 6   | 1739,1921,2103,1743,1925,2107       | -42.74   |
| 2   | 80         | 10000000 | 1250000   | 117648   | 4       | 2048  | 8    | worker   | 12        | 16  | increase  | desc        | desc       | 131072     | 708.27                       | 402.45                 | 6   | 2852,3034,3216,2856,3038,3220       | -43.18   |
| 4   | 80         | 10000000 | 1250000   | 117648   | 4       | 2048  | 8    | worker   | 12        | 16  | decrease  | desc        | asc        | 65536      | 369.67                       | 209.91                 | 6   | 6667,6849,7031,6671,6853,7035       | -43.22   |
| 1   | 80         | 10000000 | 1250000   | 117648   | 4       | 2048  | 8    | worker   | 12        | 16  | increase  | asc         | desc       | 256072     | 1593.82                      | 904.73                 | 6   | 675,857,1039,679,861,1043           | -43.24   |
| 1   | 80         | 10000000 | 1250000   | 117648   | 4       | 2048  | 8    | worker   | 12        | 16  | increase  | asc         | desc       | 381072     | 2366.64                      | 1342.92                | 6   | 682,864,1046,686,868,1050           | -43.26   |
| 11  | 80         | 10000000 | 10000000  | 117648   | 16      | 32    | 1    | worker   | 12        | 16  | decrease  | asc         | asc        | 32768      | 19.28                        | 10.92                  | 6   | 22116,22319,22522,22120,22323,22526 | -43.36   |
| 3   | 80         | 10000000 | 1250000   | 117648   | 4       | 2048  | 8    | io_uring | 12        | 16  | decrease  | asc         | asc        | 16384      | 87.9                         | 49.77                  | 6   | 5561,5743,5925,5565,5747,5929       | -43.38   |
| 1   | 80         | 10000000 | 1250000   | 117648   | 4       | 2048  | 8    | worker   | 12        | 16  | increase  | asc         | desc       | 756072     | 4887.45                      | 2765.81                | 6   | 703,885,1067,707,889,1071           | -43.41   |
| 11  | 80         | 10000000 | 10000000  | 117648   | 16      | 32    | 1    | worker   | 12        | 16  | decrease  | asc         | asc        | 2048576    | 1227.89                      | 694.84                 | 6   | 22158,22361,22564,22162,22365,22568 | -43.41   |
| 1   | 80         | 10000000 | 1250000   | 117648   | 4       | 2048  | 8    | worker   | 12        | 16  | increase  | asc         | desc       | 631072     | 4049.53                      | 2291.46                | 6   | 696,878,1060,700,882,1064           | -43.41   |
| 1   | 80         | 10000000 | 1250000   | 117648   | 4       | 2048  | 8    | worker   | 12        | 16  | increase  | asc         | desc       | 881072     | 5740.2                       | 3243.5                 | 6   | 710,892,1074,714,896,1078           | -43.5    |
| 1   | 80         | 10000000 | 1250000   | 117648   | 4       | 2048  | 8    | worker   | 12        | 16  | increase  | asc         | desc       | 1006072    | 6586.35                      | 3719.62                | 6   | 717,899,1081,721,903,1085           | -43.53   |
| 1   | 80         | 10000000 | 1250000   | 117648   | 4       | 2048  | 8    | worker   | 12        | 16  | increase  | asc         | desc       | 506072     | 3189.84                      | 1801.38                | 6   | 689,871,1053,693,875,1057           | -43.53   |
| 11  | 80         | 10000000 | 10000000  | 117648   | 16      | 32    | 1    | worker   | 12        | 16  | decrease  | asc         | asc        | 16384      | 9.6                          | 5.42                   | 6   | 22109,22312,22515,22113,22316,22519 | -43.54   |
| 3   | 80         | 10000000 | 1250000   | 117648   | 4       | 2048  | 8    | worker   | 12        | 16  | decrease  | asc         | asc        | 16384      | 81.49                        | 46.0                   | 6   | 4469,4651,4833,4473,4655,4837       | -43.55   |
| 10  | 80         | 10000000 | 10000000  | 117648   | 16      | 32    | 1    | worker   | 12        | 16  | increase  | desc        | desc       | 7048576    | 4673.88                      | 2638.19                | 6   | 20366,20569,20772,20370,20573,20776 | -43.55   |
| 2   | 80         | 10000000 | 1250000   | 117648   | 4       | 2048  | 8    | worker   | 12        | 16  | increase  | desc        | desc       | 32768      | 179.76                       | 101.45                 | 6   | 2838,3020,3202,2842,3024,3206       | -43.56   |
| 2   | 80         | 10000000 | 1250000   | 117648   | 4       | 2048  | 8    | worker   | 12        | 16  | increase  | desc        | desc       | 16384      | 93.42                        | 52.67                  | 6   | 2831,3013,3195,2835,3017,3199       | -43.62   |
| 1   | 80         | 10000000 | 1250000   | 117648   | 4       | 2048  | 8    | worker   | 12        | 16  | increase  | asc         | desc       | 1131072    | 7395.59                      | 4163.34                | 6   | 724,906,1088,728,910,1092           | -43.71   |
| 2   | 80         | 10000000 | 1250000   | 117648   | 4       | 2048  | 8    | worker   | 12        | 16  | increase  | desc        | desc       | 65536      | 357.94                       | 201.48                 | 6   | 2845,3027,3209,2849,3031,3213       | -43.71   |
| 1   | 80         | 10000000 | 1250000   | 117648   | 4       | 2048  | 8    | io_uring | 12        | 16  | increase  | asc         | desc       | 256072     | 1590.21                      | 893.64                 | 6   | 1767,1949,2131,1771,1953,2135       | -43.8    |
| 1   | 80         | 10000000 | 1250000   | 117648   | 4       | 2048  | 8    | io_uring | 12        | 16  | increase  | asc         | desc       | 65536      | 409.89                       | 230.3                  | 6   | 1753,1935,2117,1757,1939,2121       | -43.81   |
| 1   | 80         | 10000000 | 1250000   | 117648   | 4       | 2048  | 8    | io_uring | 12        | 16  | increase  | asc         | desc       | 32768      | 207.67                       | 116.66                 | 6   | 1746,1928,2110,1750,1932,2114       | -43.82   |
| 4   | 80         | 10000000 | 1250000   | 117648   | 4       | 2048  | 8    | io_uring | 12        | 16  | decrease  | desc        | asc        | 65536      | 419.59                       | 235.66                 | 6   | 7759,7941,8123,7763,7945,8127       | -43.84   |
| 11  | 80         | 10000000 | 10000000  | 117648   | 16      | 32    | 1    | worker   | 12        | 16  | decrease  | asc         | asc        | 8048576    | 4770.68                      | 2679.16                | 6   | 22200,22403,22606,22204,22407,22610 | -43.84   |
| 3   | 80         | 10000000 | 1250000   | 117648   | 4       | 2048  | 8    | io_uring | 12        | 16  | decrease  | asc         | asc        | 8192       | 44.19                        | 24.81                  | 6   | 5554,5736,5918,5558,5740,5922       | -43.86   |
| 1   | 80         | 10000000 | 1250000   | 117648   | 4       | 2048  | 8    | io_uring | 12        | 16  | increase  | asc         | desc       | 131072     | 819.68                       | 459.51                 | 6   | 1760,1942,2124,1764,1946,2128       | -43.94   |
| 1   | 80         | 10000000 | 1250000   | 117648   | 4       | 2048  | 8    | io_uring | 12        | 16  | increase  | asc         | desc       | 506072     | 3185.11                      | 1784.27                | 6   | 1781,1963,2145,1785,1967,2149       | -43.98   |
| 4   | 80         | 10000000 | 1250000   | 117648   | 4       | 2048  | 8    | worker   | 12        | 16  | decrease  | desc        | asc        | 131072     | 734.81                       | 411.49                 | 6   | 6674,6856,7038,6678,6860,7042       | -44.0    |
| 1   | 80         | 10000000 | 1250000   | 117648   | 4       | 2048  | 8    | io_uring | 12        | 16  | increase  | asc         | desc       | 1131072    | 7386.66                      | 4134.82                | 6   | 1816,1998,2180,1820,2002,2184       | -44.02   |
| 1   | 80         | 10000000 | 1250000   | 117648   | 4       | 2048  | 8    | io_uring | 12        | 16  | increase  | asc         | desc       | 631072     | 4039.76                      | 2260.92                | 6   | 1788,1970,2152,1792,1974,2156       | -44.03   |
| 4   | 80         | 10000000 | 1250000   | 117648   | 4       | 2048  | 8    | io_uring | 12        | 16  | decrease  | desc        | asc        | 256072     | 1614.79                      | 903.25                 | 6   | 7773,7955,8137,7777,7959,8141       | -44.06   |
| 1   | 80         | 10000000 | 1250000   | 117648   | 4       | 2048  | 8    | io_uring | 12        | 16  | increase  | asc         | desc       | 1006072    | 6583.16                      | 3681.54                | 6   | 1809,1991,2173,1813,1995,2177       | -44.08   |
| 4   | 80         | 10000000 | 1250000   | 117648   | 4       | 2048  | 8    | io_uring | 12        | 16  | decrease  | desc        | asc        | 631072     | 3944.38                      | 2205.77                | 6   | 7794,7976,8158,7798,7980,8162       | -44.08   |
| 4   | 80         | 10000000 | 1250000   | 117648   | 4       | 2048  | 8    | io_uring | 12        | 16  | decrease  | desc        | asc        | 131072     | 833.53                       | 465.42                 | 6   | 7766,7948,8130,7770,7952,8134       | -44.16   |
| 1   | 80         | 10000000 | 1250000   | 117648   | 4       | 2048  | 8    | io_uring | 12        | 16  | increase  | asc         | desc       | 881072     | 5742.28                      | 3206.26                | 6   | 1802,1984,2166,1806,1988,2170       | -44.16   |
| 4   | 80         | 10000000 | 1250000   | 117648   | 4       | 2048  | 8    | io_uring | 12        | 16  | decrease  | desc        | asc        | 506072     | 3172.78                      | 1770.78                | 6   | 7787,7969,8151,7791,7973,8155       | -44.19   |
| 4   | 80         | 10000000 | 1250000   | 117648   | 4       | 2048  | 8    | io_uring | 12        | 16  | decrease  | desc        | asc        | 756072     | 4725.23                      | 2635.71                | 6   | 7801,7983,8165,7805,7987,8169       | -44.22   |
| 4   | 80         | 10000000 | 1250000   | 117648   | 4       | 2048  | 8    | io_uring | 12        | 16  | decrease  | desc        | asc        | 381072     | 2400.41                      | 1338.24                | 6   | 7780,7962,8144,7784,7966,8148       | -44.25   |
| 4   | 80         | 10000000 | 1250000   | 117648   | 4       | 2048  | 8    | io_uring | 12        | 16  | decrease  | desc        | asc        | 881072     | 5496.23                      | 3060.98                | 6   | 7808,7990,8172,7812,7994,8176       | -44.31   |
| 1   | 80         | 10000000 | 1250000   | 117648   | 4       | 2048  | 8    | io_uring | 12        | 16  | increase  | asc         | desc       | 756072     | 4904.78                      | 2729.73                | 6   | 1795,1977,2159,1799,1981,2163       | -44.35   |
| 4   | 80         | 10000000 | 1250000   | 117648   | 4       | 2048  | 8    | io_uring | 12        | 16  | decrease  | desc        | asc        | 1131072    | 7051.75                      | 3923.6                 | 6   | 7822,8004,8186,7826,8008,8190       | -44.36   |
| 2   | 80         | 10000000 | 1250000   | 117648   | 4       | 2048  | 8    | worker   | 12        | 16  | increase  | desc        | desc       | 256072     | 1378.59                      | 766.19                 | 6   | 2859,3041,3223,2863,3045,3227       | -44.42   |
| 4   | 80         | 10000000 | 1250000   | 117648   | 4       | 2048  | 8    | io_uring | 12        | 16  | decrease  | desc        | asc        | 1006072    | 6281.04                      | 3490.0                 | 6   | 7815,7997,8179,7819,8001,8183       | -44.44   |
| 11  | 80         | 10000000 | 10000000  | 117648   | 16      | 32    | 1    | worker   | 12        | 16  | decrease  | asc         | asc        | 5048576    | 2972.13                      | 1650.85                | 6   | 22179,22382,22585,22183,22386,22589 | -44.46   |
| 2   | 80         | 10000000 | 1250000   | 117648   | 4       | 2048  | 8    | worker   | 12        | 16  | increase  | desc        | desc       | 506072     | 2701.08                      | 1496.03                | 6   | 2873,3055,3237,2877,3059,3241       | -44.61   |
| 2   | 80         | 10000000 | 1250000   | 117648   | 4       | 2048  | 8    | worker   | 12        | 16  | increase  | desc        | desc       | 381072     | 2034.65                      | 1124.4                 | 6   | 2866,3048,3230,2870,3052,3234       | -44.74   |
| 4   | 80         | 10000000 | 1250000   | 117648   | 4       | 2048  | 8    | worker   | 12        | 16  | decrease  | desc        | asc        | 506072     | 2785.56                      | 1538.96                | 6   | 6695,6877,7059,6699,6881,7063       | -44.75   |
| 4   | 80         | 10000000 | 1250000   | 117648   | 4       | 2048  | 8    | worker   | 12        | 16  | decrease  | desc        | asc        | 631072     | 3465.86                      | 1913.23                | 6   | 6702,6884,7066,6706,6888,7070       | -44.8    |
| 4   | 80         | 10000000 | 1250000   | 117648   | 4       | 2048  | 8    | worker   | 12        | 16  | decrease  | desc        | asc        | 256072     | 1415.46                      | 781.08                 | 6   | 6681,6863,7045,6685,6867,7049       | -44.82   |
| 3   | 80         | 10000000 | 1250000   | 117648   | 4       | 2048  | 8    | io_uring | 12        | 16  | decrease  | asc         | asc        | 32768      | 171.43                       | 94.33                  | 6   | 5568,5750,5932,5572,5754,5936       | -44.97   |
| 2   | 80         | 10000000 | 1250000   | 117648   | 4       | 2048  | 8    | worker   | 12        | 16  | increase  | desc        | desc       | 631072     | 3345.36                      | 1834.86                | 6   | 2880,3062,3244,2884,3066,3248       | -45.15   |
| 2   | 80         | 10000000 | 1250000   | 117648   | 4       | 2048  | 8    | io_uring | 12        | 16  | increase  | desc        | desc       | 32768      | 181.22                       | 99.35                  | 6   | 3930,4112,4294,3934,4116,4298       | -45.18   |
| 4   | 80         | 10000000 | 1250000   | 117648   | 4       | 2048  | 8    | worker   | 12        | 16  | decrease  | desc        | asc        | 381072     | 2098.37                      | 1145.69                | 6   | 6688,6870,7052,6692,6874,7056       | -45.4    |
| 4   | 80         | 10000000 | 1250000   | 117648   | 4       | 2048  | 8    | worker   | 12        | 16  | decrease  | desc        | asc        | 881072     | 4840.36                      | 2642.44                | 6   | 6716,6898,7080,6720,6902,7084       | -45.41   |
| 4   | 80         | 10000000 | 1250000   | 117648   | 4       | 2048  | 8    | worker   | 12        | 16  | decrease  | desc        | asc        | 756072     | 4156.82                      | 2262.19                | 6   | 6709,6891,7073,6713,6895,7077       | -45.58   |
| 2   | 80         | 10000000 | 1250000   | 117648   | 4       | 2048  | 8    | worker   | 12        | 16  | increase  | desc        | desc       | 756072     | 4004.09                      | 2178.11                | 6   | 2887,3069,3251,2891,3073,3255       | -45.6    |
| 2   | 80         | 10000000 | 1250000   | 117648   | 4       | 2048  | 8    | worker   | 12        | 16  | increase  | desc        | desc       | 881072     | 4620.5                       | 2512.48                | 6   | 2894,3076,3258,2898,3080,3262       | -45.62   |
| 3   | 80         | 10000000 | 1250000   | 117648   | 4       | 2048  | 8    | io_uring | 12        | 16  | decrease  | asc         | asc        | 65536      | 341.22                       | 184.77                 | 6   | 5575,5757,5939,5579,5761,5943       | -45.85   |
| 4   | 80         | 10000000 | 1250000   | 117648   | 4       | 2048  | 8    | worker   | 12        | 16  | decrease  | desc        | asc        | 1131072    | 6208.7                       | 3361.04                | 6   | 6730,6912,7094,6734,6916,7098       | -45.87   |
| 3   | 80         | 10000000 | 1250000   | 117648   | 4       | 2048  | 8    | worker   | 12        | 16  | decrease  | asc         | asc        | 32768      | 158.06                       | 85.42                  | 6   | 4476,4658,4840,4480,4662,4844       | -45.96   |
| 4   | 80         | 10000000 | 1250000   | 117648   | 4       | 2048  | 8    | worker   | 12        | 16  | decrease  | desc        | asc        | 1006072    | 5513.9                       | 2978.7                 | 6   | 6723,6905,7087,6727,6909,7091       | -45.98   |
| 2   | 80         | 10000000 | 1250000   | 117648   | 4       | 2048  | 8    | io_uring | 12        | 16  | increase  | desc        | desc       | 131072     | 708.43                       | 382.7                  | 6   | 3944,4126,4308,3948,4130,4312       | -45.98   |
| 2   | 80         | 10000000 | 1250000   | 117648   | 4       | 2048  | 8    | io_uring | 12        | 16  | increase  | desc        | desc       | 65536      | 356.11                       | 191.46                 | 6   | 3937,4119,4301,3941,4123,4305       | -46.24   |
| 2   | 80         | 10000000 | 1250000   | 117648   | 4       | 2048  | 8    | worker   | 12        | 16  | increase  | desc        | desc       | 1131072    | 5835.44                      | 3136.0                 | 6   | 2908,3090,3272,2912,3094,3276       | -46.26   |
| 3   | 80         | 10000000 | 1250000   | 117648   | 4       | 2048  | 8    | worker   | 12        | 16  | decrease  | asc         | asc        | 65536      | 310.89                       | 166.31                 | 6   | 4483,4665,4847,4487,4669,4851       | -46.51   |
| 11  | 80         | 10000000 | 10000000  | 117648   | 16      | 32    | 1    | worker   | 12        | 16  | decrease  | asc         | asc        | 7048576    | 4307.61                      | 2299.1                 | 6   | 22193,22396,22599,22197,22400,22603 | -46.63   |
| 2   | 80         | 10000000 | 1250000   | 117648   | 4       | 2048  | 8    | io_uring | 12        | 16  | increase  | desc        | desc       | 256072     | 1369.99                      | 730.77                 | 6   | 3951,4133,4315,3955,4137,4319       | -46.66   |
| 2   | 80         | 10000000 | 1250000   | 117648   | 4       | 2048  | 8    | io_uring | 12        | 16  | increase  | desc        | desc       | 381072     | 2036.68                      | 1086.22                | 6   | 3958,4140,4322,3962,4144,4326       | -46.67   |
| 2   | 80         | 10000000 | 1250000   | 117648   | 4       | 2048  | 8    | io_uring | 12        | 16  | increase  | desc        | desc       | 506072     | 2694.69                      | 1434.27                | 6   | 3965,4147,4329,3969,4151,4333       | -46.77   |
| 2   | 80         | 10000000 | 1250000   | 117648   | 4       | 2048  | 8    | io_uring | 12        | 16  | increase  | desc        | desc       | 881072     | 4654.42                      | 2471.0                 | 6   | 3986,4168,4350,3990,4172,4354       | -46.91   |
| 3   | 80         | 10000000 | 1250000   | 117648   | 4       | 2048  | 8    | io_uring | 12        | 16  | decrease  | asc         | asc        | 881072     | 4631.75                      | 2456.56                | 6   | 5624,5806,5988,5628,5810,5992       | -46.96   |
| 2   | 80         | 10000000 | 1250000   | 117648   | 4       | 2048  | 8    | io_uring | 12        | 16  | increase  | desc        | desc       | 631072     | 3353.76                      | 1778.1                 | 6   | 3972,4154,4336,3976,4158,4340       | -46.98   |
| 2   | 80         | 10000000 | 1250000   | 117648   | 4       | 2048  | 8    | io_uring | 12        | 16  | increase  | desc        | desc       | 1131072    | 5960.76                      | 3157.68                | 6   | 4000,4182,4364,4004,4186,4368       | -47.03   |
| 2   | 80         | 10000000 | 1250000   | 117648   | 4       | 2048  | 8    | io_uring | 12        | 16  | increase  | desc        | desc       | 756072     | 4005.48                      | 2121.14                | 6   | 3979,4161,4343,3983,4165,4347       | -47.04   |
| 3   | 80         | 10000000 | 1250000   | 117648   | 4       | 2048  | 8    | io_uring | 12        | 16  | decrease  | asc         | asc        | 1131072    | 5948.28                      | 3148.61                | 6   | 5638,5820,6002,5642,5824,6006       | -47.07   |
| 3   | 80         | 10000000 | 1250000   | 117648   | 4       | 2048  | 8    | io_uring | 12        | 16  | decrease  | asc         | asc        | 131072     | 677.75                       | 358.34                 | 6   | 5582,5764,5946,5586,5768,5950       | -47.13   |
| 2   | 80         | 10000000 | 1250000   | 117648   | 4       | 2048  | 8    | io_uring | 12        | 16  | increase  | desc        | desc       | 1006072    | 5323.93                      | 2810.7                 | 6   | 3993,4175,4357,3997,4179,4361       | -47.21   |
| 3   | 80         | 10000000 | 1250000   | 117648   | 4       | 2048  | 8    | io_uring | 12        | 16  | decrease  | asc         | asc        | 256072     | 1311.94                      | 690.18                 | 6   | 5589,5771,5953,5593,5775,5957       | -47.39   |
| 3   | 80         | 10000000 | 1250000   | 117648   | 4       | 2048  | 8    | io_uring | 12        | 16  | decrease  | asc         | asc        | 381072     | 1941.59                      | 1013.92                | 6   | 5596,5778,5960,5600,5782,5964       | -47.78   |
| 3   | 80         | 10000000 | 1250000   | 117648   | 4       | 2048  | 8    | io_uring | 12        | 16  | decrease  | asc         | asc        | 631072     | 3193.17                      | 1666.58                | 6   | 5610,5792,5974,5614,5796,5978       | -47.81   |
| 3   | 80         | 10000000 | 1250000   | 117648   | 4       | 2048  | 8    | worker   | 12        | 16  | decrease  | asc         | asc        | 256072     | 1203.03                      | 627.62                 | 6   | 4497,4679,4861,4501,4683,4865       | -47.83   |
| 3   | 80         | 10000000 | 1250000   | 117648   | 4       | 2048  | 8    | io_uring | 12        | 16  | decrease  | asc         | asc        | 506072     | 2570.22                      | 1339.9                 | 6   | 5603,5785,5967,5607,5789,5971       | -47.87   |
| 3   | 80         | 10000000 | 1250000   | 117648   | 4       | 2048  | 8    | io_uring | 12        | 16  | decrease  | asc         | asc        | 756072     | 3823.88                      | 1991.29                | 6   | 5617,5799,5981,5621,5803,5985       | -47.92   |
| 3   | 80         | 10000000 | 1250000   | 117648   | 4       | 2048  | 8    | worker   | 12        | 16  | decrease  | asc         | asc        | 881072     | 4100.75                      | 2122.02                | 6   | 4532,4714,4896,4536,4718,4900       | -48.25   |
| 3   | 80         | 10000000 | 1250000   | 117648   | 4       | 2048  | 8    | worker   | 12        | 16  | decrease  | asc         | asc        | 631072     | 2935.01                      | 1518.18                | 6   | 4518,4700,4882,4522,4704,4886       | -48.27   |
| 3   | 80         | 10000000 | 1250000   | 117648   | 4       | 2048  | 8    | worker   | 12        | 16  | decrease  | asc         | asc        | 756072     | 3519.43                      | 1819.96                | 6   | 4525,4707,4889,4529,4711,4893       | -48.29   |
| 3   | 80         | 10000000 | 1250000   | 117648   | 4       | 2048  | 8    | worker   | 12        | 16  | decrease  | asc         | asc        | 1006072    | 4675.08                      | 2411.24                | 6   | 4539,4721,4903,4543,4725,4907       | -48.42   |
| 3   | 80         | 10000000 | 1250000   | 117648   | 4       | 2048  | 8    | worker   | 12        | 16  | decrease  | asc         | asc        | 1131072    | 5258.44                      | 2705.15                | 6   | 4546,4728,4910,4550,4732,4914       | -48.56   |
| 18  | 20         | 10000000 | 2500000   | 476191   | 4194304 | 128   | 4    | worker   | 12        | 16  | increase  | desc        | desc       | 64         | 10.71                        | 5.15                   | 4   | 38832,39021,38836,39025             | -51.91   |
+-----+------------+----------+-----------+----------+---------+-------+------+----------+-----------+-----+-----------+-------------+------------+------------+------------------------------+------------------------+-----+-------------------------------------+----------+
