+-----+------------+----------+-----------+----------+---------+-------+------+----------+-----------+-----+-----------+-------------+------------+------------+------------------+------------------------+-----+-------------------------------------+----------+
| did | fillfactor |   rows   | ndistinct | relpages |  fuzz   | fuzz2 | step | iomethod | ioworkers | eic | direction | index_order | scan_order | num_values | patched-728899ba | patched-munro-728899ba | cnt |                 qid                 | pct_diff |
+-----+------------+----------+-----------+----------+---------+-------+------+----------+-----------+-----+-----------+-------------+------------+------------+------------------+------------------------+-----+-------------------------------------+----------+
| 15  | 80         | 10000000 | 2500000   | 117648   | 1048576 | 2     | 4    | worker   | 12        | 16  | decrease  | asc         | desc       | 128        | 1.89             | 3.34                   | 6   | 32034,32223,32412,32039,32228,32417 | 76.72    |
| 8   | 60         | 10000000 | 625000    | 156250   | 1048576 | 128   | 16   | worker   | 12        | 16  | decrease  | desc        | desc       | 32         | 1.92             | 3.32                   | 6   | 15598,15773,15948,15603,15778,15953 | 72.92    |
| 17  | 20         | 10000000 | 2500000   | 476191   | 4194304 | 128   | 4    | io_uring | 12        | 16  | increase  | asc         | asc        | 256        | 9.86             | 16.87                  | 6   | 37144,37333,37522,37149,37338,37527 | 71.1     |
| 17  | 20         | 10000000 | 2500000   | 476191   | 4194304 | 128   | 4    | io_uring | 12        | 16  | increase  | asc         | asc        | 512        | 12.67            | 20.31                  | 6   | 37151,37340,37529,37156,37345,37534 | 60.3     |
| 1   | 80         | 10000000 | 1250000   | 117648   | 4       | 2048  | 8    | worker   | 12        | 16  | increase  | asc         | desc       | 32         | 1.13             | 1.8                    | 6   | 583,765,947,588,770,952             | 59.29    |
| 4   | 80         | 10000000 | 1250000   | 117648   | 4       | 2048  | 8    | io_uring | 12        | 16  | decrease  | desc        | desc       | 1006072    | 1072.45          | 1699.57                | 6   | 8360,8542,8724,8365,8547,8729       | 58.48    |
| 4   | 80         | 10000000 | 1250000   | 117648   | 4       | 2048  | 8    | io_uring | 12        | 16  | decrease  | desc        | desc       | 881072     | 947.53           | 1499.72                | 6   | 8353,8535,8717,8358,8540,8722       | 58.28    |
| 4   | 80         | 10000000 | 1250000   | 117648   | 4       | 2048  | 8    | io_uring | 12        | 16  | decrease  | desc        | desc       | 381072     | 410.32           | 649.38                 | 6   | 8325,8507,8689,8330,8512,8694       | 58.26    |
| 4   | 80         | 10000000 | 1250000   | 117648   | 4       | 2048  | 8    | io_uring | 12        | 16  | decrease  | desc        | desc       | 756072     | 809.67           | 1280.45                | 6   | 8346,8528,8710,8351,8533,8715       | 58.14    |
| 1   | 80         | 10000000 | 1250000   | 117648   | 4       | 2048  | 8    | io_uring | 12        | 16  | increase  | asc         | asc        | 381072     | 412.36           | 650.55                 | 6   | 1227,1409,1591,1232,1414,1596       | 57.76    |
| 14  | 80         | 10000000 | 2500000   | 117648   | 1048576 | 2     | 4    | io_uring | 12        | 16  | increase  | desc        | asc        | 64         | 2.59             | 4.08                   | 6   | 30326,30515,30704,30331,30520,30709 | 57.53    |
| 1   | 80         | 10000000 | 1250000   | 117648   | 4       | 2048  | 8    | io_uring | 12        | 16  | increase  | asc         | asc        | 256072     | 278.1            | 438.06                 | 6   | 1220,1402,1584,1225,1407,1589       | 57.52    |
| 1   | 80         | 10000000 | 1250000   | 117648   | 4       | 2048  | 8    | io_uring | 12        | 16  | increase  | asc         | asc        | 756072     | 810.86           | 1276.84                | 6   | 1248,1430,1612,1253,1435,1617       | 57.47    |
| 4   | 80         | 10000000 | 1250000   | 117648   | 4       | 2048  | 8    | io_uring | 12        | 16  | decrease  | desc        | desc       | 1131072    | 1204.73          | 1895.48                | 6   | 8367,8549,8731,8372,8554,8736       | 57.34    |
| 1   | 80         | 10000000 | 1250000   | 117648   | 4       | 2048  | 8    | io_uring | 12        | 16  | increase  | asc         | asc        | 65536      | 73.09            | 114.92                 | 6   | 1206,1388,1570,1211,1393,1575       | 57.23    |
| 4   | 80         | 10000000 | 1250000   | 117648   | 4       | 2048  | 8    | io_uring | 12        | 16  | decrease  | desc        | desc       | 631072     | 677.11           | 1063.87                | 6   | 8339,8521,8703,8344,8526,8708       | 57.12    |
| 15  | 80         | 10000000 | 2500000   | 117648   | 1048576 | 2     | 4    | worker   | 12        | 16  | decrease  | asc         | asc        | 256        | 3.29             | 5.16                   | 6   | 31474,31663,31852,31479,31668,31857 | 56.84    |
| 4   | 80         | 10000000 | 1250000   | 117648   | 4       | 2048  | 8    | io_uring | 12        | 16  | decrease  | desc        | desc       | 256072     | 280.19           | 439.21                 | 6   | 8318,8500,8682,8323,8505,8687       | 56.75    |
| 4   | 80         | 10000000 | 1250000   | 117648   | 4       | 2048  | 8    | io_uring | 12        | 16  | decrease  | desc        | desc       | 506072     | 546.15           | 855.13                 | 6   | 8332,8514,8696,8337,8519,8701       | 56.57    |
| 1   | 80         | 10000000 | 1250000   | 117648   | 4       | 2048  | 8    | io_uring | 12        | 16  | increase  | asc         | asc        | 881072     | 950.8            | 1487.87                | 6   | 1255,1437,1619,1260,1442,1624       | 56.49    |
| 5   | 60         | 10000000 | 625000    | 156250   | 1048576 | 128   | 16   | io_uring | 12        | 16  | increase  | asc         | asc        | 16         | 1.69             | 2.64                   | 6   | 9816,9991,10166,9821,9996,10171     | 56.21    |
| 1   | 80         | 10000000 | 1250000   | 117648   | 4       | 2048  | 8    | io_uring | 12        | 16  | increase  | asc         | asc        | 506072     | 558.73           | 870.35                 | 6   | 1234,1416,1598,1239,1421,1603       | 55.77    |
| 1   | 80         | 10000000 | 1250000   | 117648   | 4       | 2048  | 8    | io_uring | 12        | 16  | increase  | asc         | asc        | 131072     | 146.02           | 227.26                 | 6   | 1213,1395,1577,1218,1400,1582       | 55.64    |
| 1   | 80         | 10000000 | 1250000   | 117648   | 4       | 2048  | 8    | io_uring | 12        | 16  | increase  | asc         | asc        | 1131072    | 1227.53          | 1903.71                | 6   | 1269,1451,1633,1274,1456,1638       | 55.08    |
| 1   | 80         | 10000000 | 1250000   | 117648   | 4       | 2048  | 8    | io_uring | 12        | 16  | increase  | asc         | asc        | 1006072    | 1091.73          | 1691.36                | 6   | 1262,1444,1626,1267,1449,1631       | 54.92    |
| 4   | 80         | 10000000 | 1250000   | 117648   | 4       | 2048  | 8    | io_uring | 12        | 16  | decrease  | desc        | desc       | 131072     | 144.49           | 223.69                 | 6   | 8311,8493,8675,8316,8498,8680       | 54.81    |
| 3   | 80         | 10000000 | 1250000   | 117648   | 4       | 2048  | 8    | worker   | 12        | 16  | decrease  | asc         | asc        | 16         | 0.94             | 1.44                   | 6   | 4398,4580,4762,4403,4585,4767       | 53.19    |
| 4   | 80         | 10000000 | 1250000   | 117648   | 4       | 2048  | 8    | io_uring | 12        | 16  | decrease  | desc        | desc       | 65536      | 73.94            | 112.71                 | 6   | 8304,8486,8668,8309,8491,8673       | 52.43    |
| 4   | 80         | 10000000 | 1250000   | 117648   | 4       | 2048  | 8    | io_uring | 12        | 16  | decrease  | desc        | desc       | 32768      | 38.93            | 59.05                  | 6   | 8297,8479,8661,8302,8484,8666       | 51.68    |
| 1   | 80         | 10000000 | 1250000   | 117648   | 4       | 2048  | 8    | io_uring | 12        | 16  | increase  | asc         | asc        | 32768      | 38.94            | 58.12                  | 6   | 1199,1381,1563,1204,1386,1568       | 49.26    |
| 13  | 80         | 10000000 | 2500000   | 117648   | 1048576 | 2     | 4    | io_uring | 12        | 16  | increase  | asc         | asc        | 128        | 3.17             | 4.7                    | 6   | 28065,28254,28443,28070,28259,28448 | 48.26    |
| 4   | 80         | 10000000 | 1250000   | 117648   | 4       | 2048  | 8    | io_uring | 12        | 16  | decrease  | desc        | desc       | 16384      | 21.06            | 30.88                  | 6   | 8290,8472,8654,8295,8477,8659       | 46.63    |
| 2   | 80         | 10000000 | 1250000   | 117648   | 4       | 2048  | 8    | io_uring | 12        | 16  | increase  | desc        | desc       | 1024       | 5.8              | 8.48                   | 6   | 3894,4076,4258,3899,4081,4263       | 46.21    |
| 1   | 80         | 10000000 | 1250000   | 117648   | 4       | 2048  | 8    | io_uring | 12        | 16  | increase  | asc         | asc        | 16384      | 20.89            | 30.16                  | 6   | 1192,1374,1556,1197,1379,1561       | 44.38    |
| 12  | 80         | 10000000 | 10000000  | 117648   | 16      | 32    | 1    | worker   | 12        | 16  | decrease  | desc        | desc       | 32         | 0.23             | 0.33                   | 6   | 25090,25293,25496,25095,25298,25501 | 43.48    |
| 15  | 80         | 10000000 | 2500000   | 117648   | 1048576 | 2     | 4    | worker   | 12        | 16  | decrease  | asc         | desc       | 64         | 2.04             | 2.92                   | 6   | 32027,32216,32405,32032,32221,32410 | 43.14    |
| 10  | 80         | 10000000 | 10000000  | 117648   | 16      | 32    | 1    | io_uring | 12        | 16  | increase  | desc        | asc        | 2          | 0.21             | 0.3                    | 6   | 20799,21002,21205,20804,21007,21210 | 42.86    |
| 8   | 60         | 10000000 | 625000    | 156250   | 1048576 | 128   | 16   | io_uring | 12        | 16  | decrease  | desc        | desc       | 32         | 2.45             | 3.43                   | 6   | 16648,16823,16998,16653,16828,17003 | 40.0     |
| 2   | 80         | 10000000 | 1250000   | 117648   | 4       | 2048  | 8    | worker   | 12        | 16  | increase  | desc        | desc       | 4          | 1.03             | 1.44                   | 6   | 2746,2928,3110,2751,2933,3115       | 39.81    |
| 12  | 80         | 10000000 | 10000000  | 117648   | 16      | 32    | 1    | io_uring | 12        | 16  | decrease  | desc        | asc        | 1          | 0.23             | 0.32                   | 6   | 25664,25867,26070,25669,25872,26075 | 39.13    |
| 12  | 80         | 10000000 | 10000000  | 117648   | 16      | 32    | 1    | io_uring | 12        | 16  | decrease  | desc        | asc        | 64         | 0.31             | 0.43                   | 6   | 25706,25909,26112,25711,25914,26117 | 38.71    |
| 4   | 80         | 10000000 | 1250000   | 117648   | 4       | 2048  | 8    | io_uring | 12        | 16  | decrease  | desc        | desc       | 32         | 1.19             | 1.65                   | 6   | 8227,8409,8591,8232,8414,8596       | 38.66    |
| 4   | 80         | 10000000 | 1250000   | 117648   | 4       | 2048  | 8    | io_uring | 12        | 16  | decrease  | desc        | desc       | 8192       | 11.4             | 15.77                  | 6   | 8283,8465,8647,8288,8470,8652       | 38.33    |
| 10  | 80         | 10000000 | 10000000  | 117648   | 16      | 32    | 1    | io_uring | 12        | 16  | increase  | desc        | desc       | 32         | 0.29             | 0.4                    | 6   | 21436,21639,21842,21441,21644,21847 | 37.93    |
| 14  | 80         | 10000000 | 2500000   | 117648   | 1048576 | 2     | 4    | io_uring | 12        | 16  | increase  | desc        | asc        | 128        | 3.71             | 5.11                   | 6   | 30333,30522,30711,30338,30527,30716 | 37.74    |
| 7   | 60         | 10000000 | 625000    | 156250   | 1048576 | 128   | 16   | io_uring | 12        | 16  | decrease  | asc         | asc        | 128        | 2.85             | 3.9                    | 6   | 14037,14212,14387,14042,14217,14392 | 36.84    |
| 3   | 80         | 10000000 | 1250000   | 117648   | 4       | 2048  | 8    | io_uring | 12        | 16  | decrease  | asc         | desc       | 128        | 1.69             | 2.31                   | 6   | 6057,6239,6421,6062,6244,6426       | 36.69    |
| 9   | 80         | 10000000 | 10000000  | 117648   | 16      | 32    | 1    | worker   | 12        | 16  | increase  | asc         | asc        | 128        | 0.3              | 0.41                   | 6   | 17187,17390,17593,17192,17395,17598 | 36.67    |
| 15  | 80         | 10000000 | 2500000   | 117648   | 1048576 | 2     | 4    | worker   | 12        | 16  | decrease  | asc         | desc       | 256        | 2.5              | 3.41                   | 6   | 32041,32230,32419,32046,32235,32424 | 36.4     |
| 6   | 60         | 10000000 | 625000    | 156250   | 1048576 | 128   | 16   | io_uring | 12        | 16  | increase  | desc        | asc        | 16         | 1.78             | 2.42                   | 6   | 11916,12091,12266,11921,12096,12271 | 35.96    |
| 15  | 80         | 10000000 | 2500000   | 117648   | 1048576 | 2     | 4    | worker   | 12        | 16  | decrease  | asc         | asc        | 128        | 2.34             | 3.17                   | 6   | 31467,31656,31845,31472,31661,31850 | 35.47    |
| 18  | 20         | 10000000 | 2500000   | 476191   | 4194304 | 128   | 4    | worker   | 12        | 16  | increase  | desc        | asc        | 256        | 7.77             | 10.51                  | 6   | 38278,38467,38656,38283,38472,38661 | 35.26    |
| 1   | 80         | 10000000 | 1250000   | 117648   | 4       | 2048  | 8    | io_uring | 12        | 16  | increase  | asc         | asc        | 8192       | 12.03            | 16.26                  | 6   | 1185,1367,1549,1190,1372,1554       | 35.16    |
| 17  | 20         | 10000000 | 2500000   | 476191   | 4194304 | 128   | 4    | worker   | 12        | 16  | increase  | asc         | desc       | 64         | 7.3              | 9.83                   | 6   | 36563,36752,36941,36568,36757,36946 | 34.66    |
| 15  | 80         | 10000000 | 2500000   | 117648   | 1048576 | 2     | 4    | io_uring | 12        | 16  | decrease  | asc         | asc        | 2          | 0.3              | 0.4                    | 6   | 32559,32748,32937,32564,32753,32942 | 33.33    |
| 12  | 80         | 10000000 | 10000000  | 117648   | 16      | 32    | 1    | worker   | 12        | 16  | decrease  | desc        | desc       | 16         | 0.24             | 0.32                   | 6   | 25083,25286,25489,25088,25291,25494 | 33.33    |
| 7   | 60         | 10000000 | 625000    | 156250   | 1048576 | 128   | 16   | worker   | 12        | 16  | decrease  | asc         | asc        | 32         | 1.8              | 2.4                    | 6   | 12973,13148,13323,12978,13153,13328 | 33.33    |
| 16  | 80         | 10000000 | 2500000   | 117648   | 1048576 | 2     | 4    | io_uring | 12        | 16  | decrease  | desc        | asc        | 512        | 4.71             | 6.24                   | 6   | 34883,35072,35261,34888,35077,35266 | 32.48    |
| 4   | 80         | 10000000 | 1250000   | 117648   | 4       | 2048  | 8    | io_uring | 12        | 16  | decrease  | desc        | asc        | 8          | 1.22             | 1.61                   | 6   | 7667,7849,8031,7672,7854,8036       | 31.97    |
| 2   | 80         | 10000000 | 1250000   | 117648   | 4       | 2048  | 8    | io_uring | 12        | 16  | increase  | desc        | desc       | 32         | 1.45             | 1.91                   | 6   | 3859,4041,4223,3864,4046,4228       | 31.72    |
| 1   | 80         | 10000000 | 1250000   | 117648   | 4       | 2048  | 8    | io_uring | 12        | 16  | increase  | asc         | desc       | 8          | 1.27             | 1.67                   | 6   | 1661,1843,2025,1666,1848,2030       | 31.5     |
| 14  | 80         | 10000000 | 2500000   | 117648   | 1048576 | 2     | 4    | io_uring | 12        | 16  | increase  | desc        | desc       | 64         | 2.84             | 3.73                   | 6   | 30893,31082,31271,30898,31087,31276 | 31.34    |
| 1   | 80         | 10000000 | 1250000   | 117648   | 4       | 2048  | 8    | io_uring | 12        | 16  | increase  | asc         | asc        | 631072     | 814.45           | 1068.93                | 6   | 1241,1423,1605,1246,1428,1610       | 31.25    |
| 1   | 80         | 10000000 | 1250000   | 117648   | 4       | 2048  | 8    | io_uring | 12        | 16  | increase  | asc         | asc        | 128        | 1.33             | 1.74                   | 6   | 1143,1325,1507,1148,1330,1512       | 30.83    |
| 17  | 20         | 10000000 | 2500000   | 476191   | 4194304 | 128   | 4    | io_uring | 12        | 16  | increase  | asc         | desc       | 64         | 5.26             | 6.88                   | 6   | 37697,37886,38075,37702,37891,38080 | 30.8     |
| 10  | 80         | 10000000 | 10000000  | 117648   | 16      | 32    | 1    | io_uring | 12        | 16  | increase  | desc        | desc       | 8          | 0.26             | 0.34                   | 6   | 21422,21625,21828,21427,21630,21833 | 30.77    |
| 17  | 20         | 10000000 | 2500000   | 476191   | 4194304 | 128   | 4    | worker   | 12        | 16  | increase  | asc         | desc       | 256        | 12.48            | 16.27                  | 6   | 36577,36766,36955,36582,36771,36960 | 30.37    |
| 16  | 80         | 10000000 | 2500000   | 117648   | 1048576 | 2     | 4    | io_uring | 12        | 16  | decrease  | desc        | asc        | 256        | 4.54             | 5.9                    | 6   | 34876,35065,35254,34881,35070,35259 | 29.96    |
| 3   | 80         | 10000000 | 1250000   | 117648   | 4       | 2048  | 8    | io_uring | 12        | 16  | decrease  | asc         | desc       | 631072     | 1355.97          | 1759.45                | 6   | 6155,6337,6519,6160,6342,6524       | 29.76    |
| 17  | 20         | 10000000 | 2500000   | 476191   | 4194304 | 128   | 4    | io_uring | 12        | 16  | increase  | asc         | asc        | 128        | 7.73             | 10.03                  | 6   | 37137,37326,37515,37142,37331,37520 | 29.75    |
| 14  | 80         | 10000000 | 2500000   | 117648   | 1048576 | 2     | 4    | worker   | 12        | 16  | increase  | desc        | asc        | 128        | 3.1              | 4.02                   | 6   | 29199,29388,29577,29204,29393,29582 | 29.68    |
| 12  | 80         | 10000000 | 10000000  | 117648   | 16      | 32    | 1    | io_uring | 12        | 16  | decrease  | desc        | desc       | 8          | 0.24             | 0.31                   | 6   | 26294,26497,26700,26299,26502,26705 | 29.17    |
| 5   | 60         | 10000000 | 625000    | 156250   | 1048576 | 128   | 16   | worker   | 12        | 16  | increase  | asc         | desc       | 128        | 5.02             | 6.48                   | 6   | 9312,9487,9662,9317,9492,9667       | 29.08    |
| 15  | 80         | 10000000 | 2500000   | 117648   | 1048576 | 2     | 4    | io_uring | 12        | 16  | decrease  | asc         | asc        | 512        | 4.42             | 5.67                   | 6   | 32615,32804,32993,32620,32809,32998 | 28.28    |
| 16  | 80         | 10000000 | 2500000   | 117648   | 1048576 | 2     | 4    | worker   | 12        | 16  | decrease  | desc        | desc       | 2          | 0.32             | 0.41                   | 6   | 34260,34449,34638,34265,34454,34643 | 28.12    |
| 4   | 80         | 10000000 | 1250000   | 117648   | 4       | 2048  | 8    | io_uring | 12        | 16  | decrease  | desc        | desc       | 4096       | 6.76             | 8.66                   | 6   | 8276,8458,8640,8281,8463,8645       | 28.11    |
| 1   | 80         | 10000000 | 1250000   | 117648   | 4       | 2048  | 8    | io_uring | 12        | 16  | increase  | asc         | desc       | 2          | 0.72             | 0.92                   | 6   | 1647,1829,2011,1652,1834,2016       | 27.78    |
| 4   | 80         | 10000000 | 1250000   | 117648   | 4       | 2048  | 8    | io_uring | 12        | 16  | decrease  | desc        | desc       | 2048       | 4.29             | 5.48                   | 6   | 8269,8451,8633,8274,8456,8638       | 27.74    |
| 2   | 80         | 10000000 | 1250000   | 117648   | 4       | 2048  | 8    | io_uring | 12        | 16  | increase  | desc        | asc        | 631072     | 1337.86          | 1708.3                 | 6   | 3425,3607,3789,3430,3612,3794       | 27.69    |
| 16  | 80         | 10000000 | 2500000   | 117648   | 1048576 | 2     | 4    | io_uring | 12        | 16  | decrease  | desc        | asc        | 2          | 0.29             | 0.37                   | 6   | 34827,35016,35205,34832,35021,35210 | 27.59    |
| 2   | 80         | 10000000 | 1250000   | 117648   | 4       | 2048  | 8    | io_uring | 12        | 16  | increase  | desc        | asc        | 1006072    | 2102.05          | 2681.33                | 6   | 3446,3628,3810,3451,3633,3815       | 27.56    |
| 2   | 80         | 10000000 | 1250000   | 117648   | 4       | 2048  | 8    | io_uring | 12        | 16  | increase  | desc        | asc        | 32768      | 73.26            | 93.44                  | 6   | 3383,3565,3747,3388,3570,3752       | 27.55    |
| 2   | 80         | 10000000 | 1250000   | 117648   | 4       | 2048  | 8    | io_uring | 12        | 16  | increase  | desc        | asc        | 1131072    | 2363.09          | 3012.27                | 6   | 3453,3635,3817,3458,3640,3822       | 27.47    |
| 1   | 80         | 10000000 | 1250000   | 117648   | 4       | 2048  | 8    | worker   | 12        | 16  | increase  | asc         | asc        | 128        | 1.46             | 1.86                   | 6   | 51,233,415,56,238,420               | 27.4     |
| 6   | 60         | 10000000 | 625000    | 156250   | 1048576 | 128   | 16   | io_uring | 12        | 16  | increase  | desc        | desc       | 64         | 2.67             | 3.4                    | 6   | 12455,12630,12805,12460,12635,12810 | 27.34    |
| 12  | 80         | 10000000 | 10000000  | 117648   | 16      | 32    | 1    | worker   | 12        | 16  | decrease  | desc        | desc       | 4          | 0.22             | 0.28                   | 6   | 25069,25272,25475,25074,25277,25480 | 27.27    |
| 2   | 80         | 10000000 | 1250000   | 117648   | 4       | 2048  | 8    | io_uring | 12        | 16  | increase  | desc        | asc        | 881072     | 1860.77          | 2363.79                | 6   | 3439,3621,3803,3444,3626,3808       | 27.03    |
| 3   | 80         | 10000000 | 1250000   | 117648   | 4       | 2048  | 8    | io_uring | 12        | 16  | decrease  | asc         | desc       | 256072     | 551.03           | 698.88                 | 6   | 6134,6316,6498,6139,6321,6503       | 26.83    |
| 3   | 80         | 10000000 | 1250000   | 117648   | 4       | 2048  | 8    | io_uring | 12        | 16  | decrease  | asc         | desc       | 381072     | 819.86           | 1039.56                | 6   | 6141,6323,6505,6146,6328,6510       | 26.8     |
| 3   | 80         | 10000000 | 1250000   | 117648   | 4       | 2048  | 8    | io_uring | 12        | 16  | decrease  | asc         | desc       | 506072     | 1087.02          | 1378.21                | 6   | 6148,6330,6512,6153,6335,6517       | 26.79    |
| 2   | 80         | 10000000 | 1250000   | 117648   | 4       | 2048  | 8    | io_uring | 12        | 16  | increase  | desc        | asc        | 756072     | 1602.65          | 2030.81                | 6   | 3432,3614,3796,3437,3619,3801       | 26.72    |
| 12  | 80         | 10000000 | 10000000  | 117648   | 16      | 32    | 1    | io_uring | 12        | 16  | decrease  | desc        | asc        | 1024       | 0.9              | 1.14                   | 6   | 25734,25937,26140,25739,25942,26145 | 26.67    |
| 3   | 80         | 10000000 | 1250000   | 117648   | 4       | 2048  | 8    | io_uring | 12        | 16  | decrease  | asc         | desc       | 1006072    | 2204.85          | 2783.97                | 6   | 6176,6358,6540,6181,6363,6545       | 26.27    |
| 2   | 80         | 10000000 | 1250000   | 117648   | 4       | 2048  | 8    | io_uring | 12        | 16  | increase  | desc        | asc        | 381072     | 815.76           | 1029.49                | 6   | 3411,3593,3775,3416,3598,3780       | 26.2     |
| 13  | 80         | 10000000 | 2500000   | 117648   | 1048576 | 2     | 4    | worker   | 12        | 16  | increase  | asc         | desc       | 64         | 2.23             | 2.81                   | 6   | 27491,27680,27869,27496,27685,27874 | 26.01    |
| 2   | 80         | 10000000 | 1250000   | 117648   | 4       | 2048  | 8    | io_uring | 12        | 16  | increase  | desc        | asc        | 65536      | 144.63           | 182.11                 | 6   | 3390,3572,3754,3395,3577,3759       | 25.91    |
| 3   | 80         | 10000000 | 1250000   | 117648   | 4       | 2048  | 8    | io_uring | 12        | 16  | decrease  | asc         | desc       | 881072     | 1928.51          | 2427.42                | 6   | 6169,6351,6533,6174,6356,6538       | 25.87    |
| 3   | 80         | 10000000 | 1250000   | 117648   | 4       | 2048  | 8    | io_uring | 12        | 16  | decrease  | asc         | desc       | 131072     | 285.96           | 359.61                 | 6   | 6127,6309,6491,6132,6314,6496       | 25.76    |
| 3   | 80         | 10000000 | 1250000   | 117648   | 4       | 2048  | 8    | io_uring | 12        | 16  | decrease  | asc         | desc       | 65536      | 143.82           | 180.81                 | 6   | 6120,6302,6484,6125,6307,6489       | 25.72    |
| 3   | 80         | 10000000 | 1250000   | 117648   | 4       | 2048  | 8    | io_uring | 12        | 16  | decrease  | asc         | desc       | 32768      | 75.2             | 94.4                   | 6   | 6113,6295,6477,6118,6300,6482       | 25.53    |
| 2   | 80         | 10000000 | 1250000   | 117648   | 4       | 2048  | 8    | io_uring | 12        | 16  | increase  | desc        | asc        | 256072     | 552.14           | 693.1                  | 6   | 3404,3586,3768,3409,3591,3773       | 25.53    |
| 16  | 80         | 10000000 | 2500000   | 117648   | 1048576 | 2     | 4    | io_uring | 12        | 16  | decrease  | desc        | desc       | 256        | 3.84             | 4.82                   | 6   | 35443,35632,35821,35448,35637,35826 | 25.52    |
| 8   | 60         | 10000000 | 625000    | 156250   | 1048576 | 128   | 16   | io_uring | 12        | 16  | decrease  | desc        | desc       | 64         | 2.48             | 3.11                   | 6   | 16655,16830,17005,16660,16835,17010 | 25.4     |
| 14  | 80         | 10000000 | 2500000   | 117648   | 1048576 | 2     | 4    | io_uring | 12        | 16  | increase  | desc        | desc       | 128        | 3.87             | 4.85                   | 6   | 30900,31089,31278,30905,31094,31283 | 25.32    |
| 11  | 80         | 10000000 | 10000000  | 117648   | 16      | 32    | 1    | worker   | 12        | 16  | decrease  | asc         | asc        | 16         | 0.24             | 0.3                    | 6   | 22038,22241,22444,22043,22246,22449 | 25.0     |
| 3   | 80         | 10000000 | 1250000   | 117648   | 4       | 2048  | 8    | io_uring | 12        | 16  | decrease  | asc         | desc       | 756072     | 1671.47          | 2087.83                | 6   | 6162,6344,6526,6167,6349,6531       | 24.91    |
| 10  | 80         | 10000000 | 10000000  | 117648   | 16      | 32    | 1    | io_uring | 12        | 16  | increase  | desc        | asc        | 2048       | 0.93             | 1.16                   | 6   | 20869,21072,21275,20874,21077,21280 | 24.73    |
| 15  | 80         | 10000000 | 2500000   | 117648   | 1048576 | 2     | 4    | worker   | 12        | 16  | decrease  | asc         | asc        | 512        | 3.94             | 4.91                   | 6   | 31481,31670,31859,31486,31675,31864 | 24.62    |
| 1   | 80         | 10000000 | 1250000   | 117648   | 4       | 2048  | 8    | io_uring | 12        | 16  | increase  | asc         | asc        | 4          | 0.78             | 0.97                   | 6   | 1108,1290,1472,1113,1295,1477       | 24.36    |
| 2   | 80         | 10000000 | 1250000   | 117648   | 4       | 2048  | 8    | io_uring | 12        | 16  | increase  | desc        | asc        | 131072     | 287.11           | 356.96                 | 6   | 3397,3579,3761,3402,3584,3766       | 24.33    |
| 1   | 80         | 10000000 | 1250000   | 117648   | 4       | 2048  | 8    | worker   | 12        | 16  | increase  | asc         | desc       | 8          | 1.16             | 1.44                   | 6   | 569,751,933,574,756,938             | 24.14    |
| 10  | 80         | 10000000 | 10000000  | 117648   | 16      | 32    | 1    | worker   | 12        | 16  | increase  | desc        | desc       | 32         | 0.29             | 0.36                   | 6   | 20218,20421,20624,20223,20426,20629 | 24.14    |
| 16  | 80         | 10000000 | 2500000   | 117648   | 1048576 | 2     | 4    | io_uring | 12        | 16  | decrease  | desc        | desc       | 2          | 0.29             | 0.36                   | 6   | 35394,35583,35772,35399,35588,35777 | 24.14    |
| 11  | 80         | 10000000 | 10000000  | 117648   | 16      | 32    | 1    | worker   | 12        | 16  | decrease  | asc         | desc       | 128        | 0.34             | 0.42                   | 6   | 22668,22871,23074,22673,22876,23079 | 23.53    |
| 3   | 80         | 10000000 | 1250000   | 117648   | 4       | 2048  | 8    | io_uring | 12        | 16  | decrease  | asc         | desc       | 16384      | 38.84            | 47.9                   | 6   | 6106,6288,6470,6111,6293,6475       | 23.33    |
| 9   | 80         | 10000000 | 10000000  | 117648   | 16      | 32    | 1    | worker   | 12        | 16  | increase  | asc         | desc       | 1          | 0.26             | 0.32                   | 6   | 17747,17950,18153,17752,17955,18158 | 23.08    |
| 2   | 80         | 10000000 | 1250000   | 117648   | 4       | 2048  | 8    | io_uring | 12        | 16  | increase  | desc        | asc        | 4096       | 11.25            | 13.84                  | 6   | 3362,3544,3726,3367,3549,3731       | 23.02    |
| 18  | 20         | 10000000 | 2500000   | 476191   | 4194304 | 128   | 4    | worker   | 12        | 16  | increase  | desc        | asc        | 8          | 1.31             | 1.61                   | 6   | 38243,38432,38621,38248,38437,38626 | 22.9     |
| 9   | 80         | 10000000 | 10000000  | 117648   | 16      | 32    | 1    | worker   | 12        | 16  | increase  | asc         | asc        | 2          | 0.22             | 0.27                   | 6   | 17145,17348,17551,17150,17353,17556 | 22.73    |
| 11  | 80         | 10000000 | 10000000  | 117648   | 16      | 32    | 1    | worker   | 12        | 16  | decrease  | asc         | asc        | 4          | 0.22             | 0.27                   | 6   | 22024,22227,22430,22029,22232,22435 | 22.73    |
| 11  | 80         | 10000000 | 10000000  | 117648   | 16      | 32    | 1    | worker   | 12        | 16  | decrease  | asc         | desc       | 2          | 0.22             | 0.27                   | 6   | 22626,22829,23032,22631,22834,23037 | 22.73    |
| 2   | 80         | 10000000 | 1250000   | 117648   | 4       | 2048  | 8    | io_uring | 12        | 16  | increase  | desc        | asc        | 16384      | 39.19            | 48.08                  | 6   | 3376,3558,3740,3381,3563,3745       | 22.68    |
| 10  | 80         | 10000000 | 10000000  | 117648   | 16      | 32    | 1    | io_uring | 12        | 16  | increase  | desc        | asc        | 256        | 0.4              | 0.49                   | 6   | 20848,21051,21254,20853,21056,21259 | 22.5     |
| 13  | 80         | 10000000 | 2500000   | 117648   | 1048576 | 2     | 4    | worker   | 12        | 16  | increase  | asc         | asc        | 256        | 3.31             | 4.05                   | 6   | 26938,27127,27316,26943,27132,27321 | 22.36    |
| 2   | 80         | 10000000 | 1250000   | 117648   | 4       | 2048  | 8    | io_uring | 12        | 16  | increase  | desc        | desc       | 128        | 1.89             | 2.31                   | 6   | 3873,4055,4237,3878,4060,4242       | 22.22    |
| 12  | 80         | 10000000 | 10000000  | 117648   | 16      | 32    | 1    | io_uring | 12        | 16  | decrease  | desc        | asc        | 16         | 0.27             | 0.33                   | 6   | 25692,25895,26098,25697,25900,26103 | 22.22    |
| 5   | 60         | 10000000 | 625000    | 156250   | 1048576 | 128   | 16   | io_uring | 12        | 16  | increase  | asc         | desc       | 2          | 0.5              | 0.61                   | 6   | 10320,10495,10670,10325,10500,10675 | 22.0     |
| 8   | 60         | 10000000 | 625000    | 156250   | 1048576 | 128   | 16   | worker   | 12        | 16  | decrease  | desc        | desc       | 16         | 1.91             | 2.33                   | 6   | 15591,15766,15941,15596,15771,15946 | 21.99    |
| 9   | 80         | 10000000 | 10000000  | 117648   | 16      | 32    | 1    | worker   | 12        | 16  | increase  | asc         | desc       | 2          | 0.23             | 0.28                   | 6   | 17754,17957,18160,17759,17962,18165 | 21.74    |
| 4   | 80         | 10000000 | 1250000   | 117648   | 4       | 2048  | 8    | io_uring | 12        | 16  | decrease  | desc        | desc       | 128        | 1.44             | 1.75                   | 6   | 8241,8423,8605,8246,8428,8610       | 21.53    |
| 3   | 80         | 10000000 | 1250000   | 117648   | 4       | 2048  | 8    | io_uring | 12        | 16  | decrease  | asc         | desc       | 8192       | 20.34            | 24.68                  | 6   | 6099,6281,6463,6104,6286,6468       | 21.34    |
| 1   | 80         | 10000000 | 1250000   | 117648   | 4       | 2048  | 8    | io_uring | 12        | 16  | increase  | asc         | desc       | 512        | 3.85             | 4.67                   | 6   | 1703,1885,2067,1708,1890,2072       | 21.3     |
| 12  | 80         | 10000000 | 10000000  | 117648   | 16      | 32    | 1    | io_uring | 12        | 16  | decrease  | desc        | desc       | 64         | 0.33             | 0.4                    | 6   | 26315,26518,26721,26320,26523,26726 | 21.21    |
| 4   | 80         | 10000000 | 1250000   | 117648   | 4       | 2048  | 8    | worker   | 12        | 16  | decrease  | desc        | desc       | 4          | 0.81             | 0.98                   | 6   | 7114,7296,7478,7119,7301,7483       | 20.99    |
| 1   | 80         | 10000000 | 1250000   | 117648   | 4       | 2048  | 8    | worker   | 12        | 16  | increase  | asc         | asc        | 8          | 1.01             | 1.22                   | 6   | 23,205,387,28,210,392               | 20.79    |
| 1   | 80         | 10000000 | 1250000   | 117648   | 4       | 2048  | 8    | io_uring | 12        | 16  | increase  | asc         | asc        | 1024       | 3.04             | 3.67                   | 6   | 1164,1346,1528,1169,1351,1533       | 20.72    |
| 9   | 80         | 10000000 | 10000000  | 117648   | 16      | 32    | 1    | io_uring | 12        | 16  | increase  | asc         | asc        | 2          | 0.29             | 0.35                   | 6   | 18363,18566,18769,18368,18571,18774 | 20.69    |
| 18  | 20         | 10000000 | 2500000   | 476191   | 4194304 | 128   | 4    | worker   | 12        | 16  | increase  | desc        | asc        | 512        | 15.29            | 18.44                  | 6   | 38285,38474,38663,38290,38479,38668 | 20.6     |
| 10  | 80         | 10000000 | 10000000  | 117648   | 16      | 32    | 1    | io_uring | 12        | 16  | increase  | desc        | asc        | 4096       | 1.56             | 1.88                   | 6   | 20876,21079,21282,20881,21084,21287 | 20.51    |
| 5   | 60         | 10000000 | 625000    | 156250   | 1048576 | 128   | 16   | io_uring | 12        | 16  | increase  | asc         | desc       | 8          | 1.27             | 1.53                   | 6   | 10334,10509,10684,10339,10514,10689 | 20.47    |
| 7   | 60         | 10000000 | 625000    | 156250   | 1048576 | 128   | 16   | worker   | 12        | 16  | decrease  | asc         | desc       | 32         | 2.39             | 2.87                   | 6   | 13498,13673,13848,13503,13678,13853 | 20.08    |
| 10  | 80         | 10000000 | 10000000  | 117648   | 16      | 32    | 1    | worker   | 12        | 16  | increase  | desc        | asc        | 2          | 0.25             | 0.3                    | 6   | 19581,19784,19987,19586,19789,19992 | 20.0     |
| 8   | 60         | 10000000 | 625000    | 156250   | 1048576 | 128   | 16   | io_uring | 12        | 16  | decrease  | desc        | asc        | 64         | 3.42             | 4.1                    | 6   | 16130,16305,16480,16135,16310,16485 | 19.88    |
| 14  | 80         | 10000000 | 2500000   | 117648   | 1048576 | 2     | 4    | io_uring | 12        | 16  | increase  | desc        | desc       | 256        | 4.35             | 5.21                   | 6   | 30907,31096,31285,30912,31101,31290 | 19.77    |
| 2   | 80         | 10000000 | 1250000   | 117648   | 4       | 2048  | 8    | io_uring | 12        | 16  | increase  | desc        | desc       | 2          | 0.67             | 0.8                    | 6   | 3831,4013,4195,3836,4018,4200       | 19.4     |
| 18  | 20         | 10000000 | 2500000   | 476191   | 4194304 | 128   | 4    | worker   | 12        | 16  | increase  | desc        | desc       | 2048       | 41.41            | 49.34                  | 4   | 38866,39055,38871,39060             | 19.15    |
| 3   | 80         | 10000000 | 1250000   | 117648   | 4       | 2048  | 8    | worker   | 12        | 16  | decrease  | asc         | asc        | 4          | 0.79             | 0.94                   | 6   | 4384,4566,4748,4389,4571,4753       | 18.99    |
| 14  | 80         | 10000000 | 2500000   | 117648   | 1048576 | 2     | 4    | io_uring | 12        | 16  | increase  | desc        | desc       | 2048       | 14.11            | 16.78                  | 6   | 30928,31117,31306,30933,31122,31311 | 18.92    |
| 7   | 60         | 10000000 | 625000    | 156250   | 1048576 | 128   | 16   | worker   | 12        | 16  | decrease  | asc         | asc        | 16         | 1.91             | 2.27                   | 6   | 12966,13141,13316,12971,13146,13321 | 18.85    |
| 2   | 80         | 10000000 | 1250000   | 117648   | 4       | 2048  | 8    | io_uring | 12        | 16  | increase  | desc        | asc        | 2048       | 6.58             | 7.82                   | 6   | 3355,3537,3719,3360,3542,3724       | 18.84    |
| 7   | 60         | 10000000 | 625000    | 156250   | 1048576 | 128   | 16   | worker   | 12        | 16  | decrease  | asc         | desc       | 16         | 1.82             | 2.16                   | 6   | 13491,13666,13841,13496,13671,13846 | 18.68    |
| 3   | 80         | 10000000 | 1250000   | 117648   | 4       | 2048  | 8    | io_uring | 12        | 16  | decrease  | asc         | asc        | 4          | 0.86             | 1.02                   | 6   | 5476,5658,5840,5481,5663,5845       | 18.6     |
| 15  | 80         | 10000000 | 2500000   | 117648   | 1048576 | 2     | 4    | io_uring | 12        | 16  | decrease  | asc         | asc        | 1024       | 7.69             | 9.12                   | 6   | 32622,32811,33000,32627,32816,33005 | 18.6     |
| 10  | 80         | 10000000 | 10000000  | 117648   | 16      | 32    | 1    | worker   | 12        | 16  | increase  | desc        | desc       | 8          | 0.27             | 0.32                   | 6   | 20204,20407,20610,20209,20412,20615 | 18.52    |
| 11  | 80         | 10000000 | 10000000  | 117648   | 16      | 32    | 1    | worker   | 12        | 16  | decrease  | asc         | desc       | 32         | 0.27             | 0.32                   | 6   | 22654,22857,23060,22659,22862,23065 | 18.52    |
| 13  | 80         | 10000000 | 2500000   | 117648   | 1048576 | 2     | 4    | worker   | 12        | 16  | increase  | asc         | desc       | 32         | 1.42             | 1.68                   | 6   | 27484,27673,27862,27489,27678,27867 | 18.31    |
| 4   | 80         | 10000000 | 1250000   | 117648   | 4       | 2048  | 8    | worker   | 12        | 16  | decrease  | desc        | desc       | 381072     | 561.8            | 664.34                 | 6   | 7233,7415,7597,7238,7420,7602       | 18.25    |
| 18  | 20         | 10000000 | 2500000   | 476191   | 4194304 | 128   | 4    | worker   | 12        | 16  | increase  | desc        | asc        | 128        | 8.19             | 9.68                   | 6   | 38271,38460,38649,38276,38465,38654 | 18.19    |
| 2   | 80         | 10000000 | 1250000   | 117648   | 4       | 2048  | 8    | io_uring | 12        | 16  | increase  | desc        | asc        | 8192       | 20.73            | 24.49                  | 6   | 3369,3551,3733,3374,3556,3738       | 18.14    |
| 14  | 80         | 10000000 | 2500000   | 117648   | 1048576 | 2     | 4    | io_uring | 12        | 16  | increase  | desc        | desc       | 512        | 6.29             | 7.43                   | 6   | 30914,31103,31292,30919,31108,31297 | 18.12    |
| 13  | 80         | 10000000 | 2500000   | 117648   | 1048576 | 2     | 4    | worker   | 12        | 16  | increase  | asc         | asc        | 512        | 3.39             | 4.0                    | 6   | 26945,27134,27323,26950,27139,27328 | 17.99    |
| 11  | 80         | 10000000 | 10000000  | 117648   | 16      | 32    | 1    | io_uring | 12        | 16  | decrease  | asc         | desc       | 8          | 0.28             | 0.33                   | 6   | 23858,24061,24264,23863,24066,24269 | 17.86    |
| 13  | 80         | 10000000 | 2500000   | 117648   | 1048576 | 2     | 4    | io_uring | 12        | 16  | increase  | asc         | asc        | 1          | 0.28             | 0.33                   | 6   | 28016,28205,28394,28021,28210,28399 | 17.86    |
| 6   | 60         | 10000000 | 625000    | 156250   | 1048576 | 128   | 16   | worker   | 12        | 16  | increase  | desc        | asc        | 256        | 6.45             | 7.6                    | 6   | 10894,11069,11244,10899,11074,11249 | 17.83    |
| 4   | 80         | 10000000 | 1250000   | 117648   | 4       | 2048  | 8    | worker   | 12        | 16  | decrease  | desc        | desc       | 65536      | 119.09           | 140.27                 | 6   | 7212,7394,7576,7217,7399,7581       | 17.78    |
| 17  | 20         | 10000000 | 2500000   | 476191   | 4194304 | 128   | 4    | worker   | 12        | 16  | increase  | asc         | asc        | 2          | 0.51             | 0.6                    | 6   | 35961,36150,36339,35966,36155,36344 | 17.65    |
| 1   | 80         | 10000000 | 1250000   | 117648   | 4       | 2048  | 8    | worker   | 12        | 16  | increase  | asc         | desc       | 128        | 2.06             | 2.42                   | 6   | 597,779,961,602,784,966             | 17.48    |
| 4   | 80         | 10000000 | 1250000   | 117648   | 4       | 2048  | 8    | io_uring | 12        | 16  | decrease  | desc        | desc       | 64         | 1.4              | 1.64                   | 6   | 8234,8416,8598,8239,8421,8603       | 17.14    |
| 14  | 80         | 10000000 | 2500000   | 117648   | 1048576 | 2     | 4    | worker   | 12        | 16  | increase  | desc        | desc       | 256        | 3.97             | 4.65                   | 6   | 29773,29962,30151,29778,29967,30156 | 17.13    |
| 1   | 80         | 10000000 | 1250000   | 117648   | 4       | 2048  | 8    | io_uring | 12        | 16  | increase  | asc         | asc        | 8          | 1.17             | 1.37                   | 6   | 1115,1297,1479,1120,1302,1484       | 17.09    |
| 6   | 60         | 10000000 | 625000    | 156250   | 1048576 | 128   | 16   | io_uring | 12        | 16  | increase  | desc        | asc        | 128        | 5.31             | 6.21                   | 6   | 11937,12112,12287,11942,12117,12292 | 16.95    |
| 3   | 80         | 10000000 | 1250000   | 117648   | 4       | 2048  | 8    | io_uring | 12        | 16  | decrease  | asc         | desc       | 2          | 0.71             | 0.83                   | 6   | 6015,6197,6379,6020,6202,6384       | 16.9     |
| 3   | 80         | 10000000 | 1250000   | 117648   | 4       | 2048  | 8    | io_uring | 12        | 16  | decrease  | asc         | asc        | 16         | 1.13             | 1.32                   | 6   | 5490,5672,5854,5495,5677,5859       | 16.81    |
| 16  | 80         | 10000000 | 2500000   | 117648   | 1048576 | 2     | 4    | worker   | 12        | 16  | decrease  | desc        | desc       | 128        | 2.63             | 3.07                   | 6   | 34302,34491,34680,34307,34496,34685 | 16.73    |
| 13  | 80         | 10000000 | 2500000   | 117648   | 1048576 | 2     | 4    | io_uring | 12        | 16  | increase  | asc         | desc       | 512        | 4.75             | 5.54                   | 6   | 28646,28835,29024,28651,28840,29029 | 16.63    |
| 14  | 80         | 10000000 | 2500000   | 117648   | 1048576 | 2     | 4    | io_uring | 12        | 16  | increase  | desc        | asc        | 256        | 4.7              | 5.48                   | 6   | 30340,30529,30718,30345,30534,30723 | 16.6     |
| 3   | 80         | 10000000 | 1250000   | 117648   | 4       | 2048  | 8    | io_uring | 12        | 16  | decrease  | asc         | desc       | 4096       | 11.36            | 13.23                  | 6   | 6092,6274,6456,6097,6279,6461       | 16.46    |
| 1   | 80         | 10000000 | 1250000   | 117648   | 4       | 2048  | 8    | io_uring | 12        | 16  | increase  | asc         | asc        | 4096       | 7.31             | 8.51                   | 6   | 1178,1360,1542,1183,1365,1547       | 16.42    |
| 3   | 80         | 10000000 | 1250000   | 117648   | 4       | 2048  | 8    | io_uring | 12        | 16  | decrease  | asc         | desc       | 1131072    | 2702.36          | 3145.96                | 6   | 6183,6365,6547,6188,6370,6552       | 16.42    |
| 11  | 80         | 10000000 | 10000000  | 117648   | 16      | 32    | 1    | io_uring | 12        | 16  | decrease  | asc         | asc        | 512        | 0.55             | 0.64                   | 6   | 23291,23494,23697,23296,23499,23702 | 16.36    |
| 17  | 20         | 10000000 | 2500000   | 476191   | 4194304 | 128   | 4    | io_uring | 12        | 16  | increase  | asc         | desc       | 2          | 0.55             | 0.64                   | 6   | 37662,37851,38040,37667,37856,38045 | 16.36    |
| 15  | 80         | 10000000 | 2500000   | 117648   | 1048576 | 2     | 4    | worker   | 12        | 16  | decrease  | asc         | asc        | 4          | 0.37             | 0.43                   | 6   | 31432,31621,31810,31437,31626,31815 | 16.22    |
| 8   | 60         | 10000000 | 625000    | 156250   | 1048576 | 128   | 16   | worker   | 12        | 16  | decrease  | desc        | asc        | 64         | 2.9              | 3.37                   | 6   | 15080,15255,15430,15085,15260,15435 | 16.21    |
| 1   | 80         | 10000000 | 1250000   | 117648   | 4       | 2048  | 8    | worker   | 12        | 16  | increase  | asc         | asc        | 881072     | 1306.92          | 1518.25                | 6   | 163,345,527,168,350,532             | 16.17    |
| 18  | 20         | 10000000 | 2500000   | 476191   | 4194304 | 128   | 4    | worker   | 12        | 16  | increase  | desc        | desc       | 128        | 7.47             | 8.67                   | 4   | 38838,39027,38843,39032             | 16.06    |
| 6   | 60         | 10000000 | 625000    | 156250   | 1048576 | 128   | 16   | io_uring | 12        | 16  | increase  | desc        | asc        | 32         | 2.45             | 2.84                   | 6   | 11923,12098,12273,11928,12103,12278 | 15.92    |
| 8   | 60         | 10000000 | 625000    | 156250   | 1048576 | 128   | 16   | io_uring | 12        | 16  | decrease  | desc        | desc       | 4          | 0.82             | 0.95                   | 6   | 16627,16802,16977,16632,16807,16982 | 15.85    |
| 5   | 60         | 10000000 | 625000    | 156250   | 1048576 | 128   | 16   | io_uring | 12        | 16  | increase  | asc         | desc       | 1          | 0.38             | 0.44                   | 6   | 10313,10488,10663,10318,10493,10668 | 15.79    |
| 15  | 80         | 10000000 | 2500000   | 117648   | 1048576 | 2     | 4    | worker   | 12        | 16  | decrease  | asc         | desc       | 4          | 0.38             | 0.44                   | 6   | 31999,32188,32377,32004,32193,32382 | 15.79    |
| 2   | 80         | 10000000 | 1250000   | 117648   | 4       | 2048  | 8    | io_uring | 12        | 16  | increase  | desc        | asc        | 506072     | 1182.73          | 1369.45                | 6   | 3418,3600,3782,3423,3605,3787       | 15.79    |
| 7   | 60         | 10000000 | 625000    | 156250   | 1048576 | 128   | 16   | io_uring | 12        | 16  | decrease  | asc         | desc       | 4          | 0.77             | 0.89                   | 6   | 14527,14702,14877,14532,14707,14882 | 15.58    |
| 16  | 80         | 10000000 | 2500000   | 117648   | 1048576 | 2     | 4    | io_uring | 12        | 16  | decrease  | desc        | desc       | 4          | 0.45             | 0.52                   | 6   | 35401,35590,35779,35406,35595,35784 | 15.56    |
| 4   | 80         | 10000000 | 1250000   | 117648   | 4       | 2048  | 8    | worker   | 12        | 16  | decrease  | desc        | desc       | 16384      | 33.35            | 38.52                  | 6   | 7198,7380,7562,7203,7385,7567       | 15.5     |
| 1   | 80         | 10000000 | 1250000   | 117648   | 4       | 2048  | 8    | worker   | 12        | 16  | increase  | asc         | asc        | 16         | 1.42             | 1.64                   | 6   | 30,212,394,35,217,399               | 15.49    |
| 12  | 80         | 10000000 | 10000000  | 117648   | 16      | 32    | 1    | worker   | 12        | 16  | decrease  | desc        | asc        | 256        | 0.39             | 0.45                   | 6   | 24502,24705,24908,24507,24710,24913 | 15.38    |
| 10  | 80         | 10000000 | 10000000  | 117648   | 16      | 32    | 1    | io_uring | 12        | 16  | increase  | desc        | asc        | 1          | 0.26             | 0.3                    | 6   | 20792,20995,21198,20797,21000,21203 | 15.38    |
| 10  | 80         | 10000000 | 10000000  | 117648   | 16      | 32    | 1    | worker   | 12        | 16  | increase  | desc        | asc        | 512        | 0.52             | 0.6                    | 6   | 19637,19840,20043,19642,19845,20048 | 15.38    |
| 1   | 80         | 10000000 | 1250000   | 117648   | 4       | 2048  | 8    | worker   | 12        | 16  | increase  | asc         | asc        | 1024       | 3.49             | 4.02                   | 6   | 72,254,436,77,259,441               | 15.19    |
| 4   | 80         | 10000000 | 1250000   | 117648   | 4       | 2048  | 8    | worker   | 12        | 16  | decrease  | desc        | desc       | 506072     | 767.58           | 883.14                 | 6   | 7240,7422,7604,7245,7427,7609       | 15.06    |
| 4   | 80         | 10000000 | 1250000   | 117648   | 4       | 2048  | 8    | io_uring | 12        | 16  | decrease  | desc        | asc        | 16         | 1.33             | 1.53                   | 6   | 7674,7856,8038,7679,7861,8043       | 15.04    |
| 1   | 80         | 10000000 | 1250000   | 117648   | 4       | 2048  | 8    | worker   | 12        | 16  | increase  | asc         | asc        | 1131072    | 1686.75          | 1938.28                | 6   | 177,359,541,182,364,546             | 14.91    |
| 4   | 80         | 10000000 | 1250000   | 117648   | 4       | 2048  | 8    | worker   | 12        | 16  | decrease  | desc        | desc       | 881072     | 1298.28          | 1491.55                | 6   | 7261,7443,7625,7266,7448,7630       | 14.89    |
| 4   | 80         | 10000000 | 1250000   | 117648   | 4       | 2048  | 8    | worker   | 12        | 16  | decrease  | desc        | desc       | 1006072    | 1478.86          | 1698.86                | 6   | 7268,7450,7632,7273,7455,7637       | 14.88    |
| 14  | 80         | 10000000 | 2500000   | 117648   | 1048576 | 2     | 4    | io_uring | 12        | 16  | increase  | desc        | desc       | 32         | 1.82             | 2.09                   | 6   | 30886,31075,31264,30891,31080,31269 | 14.84    |
| 6   | 60         | 10000000 | 625000    | 156250   | 1048576 | 128   | 16   | worker   | 12        | 16  | increase  | desc        | asc        | 1          | 0.34             | 0.39                   | 6   | 10838,11013,11188,10843,11018,11193 | 14.71    |
| 11  | 80         | 10000000 | 10000000  | 117648   | 16      | 32    | 1    | worker   | 12        | 16  | decrease  | asc         | desc       | 256        | 0.34             | 0.39                   | 6   | 22675,22878,23081,22680,22883,23086 | 14.71    |
| 13  | 80         | 10000000 | 2500000   | 117648   | 1048576 | 2     | 4    | worker   | 12        | 16  | increase  | asc         | asc        | 2048       | 11.05            | 12.64                  | 6   | 26959,27148,27337,26964,27153,27342 | 14.39    |
| 3   | 80         | 10000000 | 1250000   | 117648   | 4       | 2048  | 8    | io_uring | 12        | 16  | decrease  | asc         | desc       | 1024       | 3.84             | 4.39                   | 6   | 6078,6260,6442,6083,6265,6447       | 14.32    |
| 3   | 80         | 10000000 | 1250000   | 117648   | 4       | 2048  | 8    | io_uring | 12        | 16  | decrease  | asc         | desc       | 1          | 0.63             | 0.72                   | 6   | 6008,6190,6372,6013,6195,6377       | 14.29    |
| 6   | 60         | 10000000 | 625000    | 156250   | 1048576 | 128   | 16   | io_uring | 12        | 16  | increase  | desc        | desc       | 128        | 3.23             | 3.69                   | 6   | 12462,12637,12812,12467,12642,12817 | 14.24    |
| 11  | 80         | 10000000 | 10000000  | 117648   | 16      | 32    | 1    | io_uring | 12        | 16  | decrease  | asc         | desc       | 16384      | 4.19             | 4.78                   | 6   | 23935,24138,24341,23940,24143,24346 | 14.08    |
| 4   | 80         | 10000000 | 1250000   | 117648   | 4       | 2048  | 8    | worker   | 12        | 16  | decrease  | desc        | desc       | 256072     | 411.29           | 468.74                 | 6   | 7226,7408,7590,7231,7413,7595       | 13.97    |
| 2   | 80         | 10000000 | 1250000   | 117648   | 4       | 2048  | 8    | worker   | 12        | 16  | increase  | desc        | desc       | 256        | 2.81             | 3.2                    | 6   | 2788,2970,3152,2793,2975,3157       | 13.88    |
| 1   | 80         | 10000000 | 1250000   | 117648   | 4       | 2048  | 8    | worker   | 12        | 16  | increase  | asc         | asc        | 506072     | 767.52           | 873.26                 | 6   | 142,324,506,147,329,511             | 13.78    |
| 5   | 60         | 10000000 | 625000    | 156250   | 1048576 | 128   | 16   | worker   | 12        | 16  | increase  | asc         | desc       | 16         | 1.83             | 2.08                   | 6   | 9291,9466,9641,9296,9471,9646       | 13.66    |
| 12  | 80         | 10000000 | 10000000  | 117648   | 16      | 32    | 1    | worker   | 12        | 16  | decrease  | desc        | asc        | 2          | 0.22             | 0.25                   | 6   | 24453,24656,24859,24458,24661,24864 | 13.64    |
| 9   | 80         | 10000000 | 10000000  | 117648   | 16      | 32    | 1    | io_uring | 12        | 16  | increase  | asc         | asc        | 524288     | 49.37            | 56.09                  | 6   | 18489,18692,18895,18494,18697,18900 | 13.61    |
| 3   | 80         | 10000000 | 1250000   | 117648   | 4       | 2048  | 8    | worker   | 12        | 16  | decrease  | asc         | asc        | 256        | 2.51             | 2.85                   | 6   | 4426,4608,4790,4431,4613,4795       | 13.55    |
| 4   | 80         | 10000000 | 1250000   | 117648   | 4       | 2048  | 8    | worker   | 12        | 16  | decrease  | desc        | desc       | 1131072    | 1704.84          | 1935.52                | 6   | 7275,7457,7639,7280,7462,7644       | 13.53    |
| 16  | 80         | 10000000 | 2500000   | 117648   | 1048576 | 2     | 4    | io_uring | 12        | 16  | decrease  | desc        | asc        | 4          | 0.37             | 0.42                   | 6   | 34834,35023,35212,34839,35028,35217 | 13.51    |
| 6   | 60         | 10000000 | 625000    | 156250   | 1048576 | 128   | 16   | worker   | 12        | 16  | increase  | desc        | desc       | 64         | 3.11             | 3.53                   | 6   | 11405,11580,11755,11410,11585,11760 | 13.5     |
| 16  | 80         | 10000000 | 2500000   | 117648   | 1048576 | 2     | 4    | worker   | 12        | 16  | decrease  | desc        | asc        | 128        | 3.41             | 3.87                   | 6   | 33735,33924,34113,33740,33929,34118 | 13.49    |
| 2   | 80         | 10000000 | 1250000   | 117648   | 4       | 2048  | 8    | worker   | 12        | 16  | increase  | desc        | asc        | 131072     | 327.28           | 371.03                 | 6   | 2305,2487,2669,2310,2492,2674       | 13.37    |
| 2   | 80         | 10000000 | 1250000   | 117648   | 4       | 2048  | 8    | worker   | 12        | 16  | increase  | desc        | desc       | 512        | 4.83             | 5.46                   | 6   | 2795,2977,3159,2800,2982,3164       | 13.04    |
| 3   | 80         | 10000000 | 1250000   | 117648   | 4       | 2048  | 8    | worker   | 12        | 16  | decrease  | asc         | desc       | 512        | 2.99             | 3.38                   | 6   | 4979,5161,5343,4984,5166,5348       | 13.04    |
| 14  | 80         | 10000000 | 2500000   | 117648   | 1048576 | 2     | 4    | io_uring | 12        | 16  | increase  | desc        | asc        | 1024       | 10.16            | 11.48                  | 6   | 30354,30543,30732,30359,30548,30737 | 12.99    |
| 1   | 80         | 10000000 | 1250000   | 117648   | 4       | 2048  | 8    | worker   | 12        | 16  | increase  | asc         | desc       | 16         | 1.31             | 1.48                   | 6   | 576,758,940,581,763,945             | 12.98    |
| 9   | 80         | 10000000 | 10000000  | 117648   | 16      | 32    | 1    | worker   | 12        | 16  | increase  | asc         | desc       | 512        | 0.7              | 0.79                   | 6   | 17810,18013,18216,17815,18018,18221 | 12.86    |
| 6   | 60         | 10000000 | 625000    | 156250   | 1048576 | 128   | 16   | io_uring | 12        | 16  | increase  | desc        | desc       | 32         | 1.96             | 2.21                   | 6   | 12448,12623,12798,12453,12628,12803 | 12.76    |
| 4   | 80         | 10000000 | 1250000   | 117648   | 4       | 2048  | 8    | io_uring | 12        | 16  | decrease  | desc        | desc       | 16         | 1.42             | 1.6                    | 6   | 8220,8402,8584,8225,8407,8589       | 12.68    |
| 9   | 80         | 10000000 | 10000000  | 117648   | 16      | 32    | 1    | worker   | 12        | 16  | increase  | asc         | asc        | 4          | 0.24             | 0.27                   | 6   | 17152,17355,17558,17157,17360,17563 | 12.5     |
| 13  | 80         | 10000000 | 2500000   | 117648   | 1048576 | 2     | 4    | io_uring | 12        | 16  | increase  | asc         | desc       | 1          | 0.24             | 0.27                   | 6   | 28583,28772,28961,28588,28777,28966 | 12.5     |
| 9   | 80         | 10000000 | 10000000  | 117648   | 16      | 32    | 1    | io_uring | 12        | 16  | increase  | asc         | desc       | 32         | 0.32             | 0.36                   | 6   | 19000,19203,19406,19005,19208,19411 | 12.5     |
| 8   | 60         | 10000000 | 625000    | 156250   | 1048576 | 128   | 16   | worker   | 12        | 16  | decrease  | desc        | desc       | 256        | 4.07             | 4.57                   | 6   | 15619,15794,15969,15624,15799,15974 | 12.29    |
| 14  | 80         | 10000000 | 2500000   | 117648   | 1048576 | 2     | 4    | worker   | 12        | 16  | increase  | desc        | desc       | 4          | 0.41             | 0.46                   | 6   | 29731,29920,30109,29736,29925,30114 | 12.2     |
| 15  | 80         | 10000000 | 2500000   | 117648   | 1048576 | 2     | 4    | io_uring | 12        | 16  | decrease  | asc         | asc        | 4          | 0.41             | 0.46                   | 6   | 32566,32755,32944,32571,32760,32949 | 12.2     |
| 8   | 60         | 10000000 | 625000    | 156250   | 1048576 | 128   | 16   | worker   | 12        | 16  | decrease  | desc        | desc       | 4          | 0.74             | 0.83                   | 6   | 15577,15752,15927,15582,15757,15932 | 12.16    |
| 2   | 80         | 10000000 | 1250000   | 117648   | 4       | 2048  | 8    | worker   | 12        | 16  | increase  | desc        | asc        | 1024       | 4.61             | 5.17                   | 6   | 2256,2438,2620,2261,2443,2625       | 12.15    |
| 15  | 80         | 10000000 | 2500000   | 117648   | 1048576 | 2     | 4    | worker   | 12        | 16  | decrease  | asc         | asc        | 64         | 2.64             | 2.96                   | 6   | 31460,31649,31838,31465,31654,31843 | 12.12    |
| 18  | 20         | 10000000 | 2500000   | 476191   | 4194304 | 128   | 4    | worker   | 12        | 16  | increase  | desc        | desc       | 2          | 0.58             | 0.65                   | 4   | 38796,38985,38801,38990             | 12.07    |
| 7   | 60         | 10000000 | 625000    | 156250   | 1048576 | 128   | 16   | io_uring | 12        | 16  | decrease  | asc         | desc       | 8          | 1.33             | 1.49                   | 6   | 14534,14709,14884,14539,14714,14889 | 12.03    |
| 10  | 80         | 10000000 | 10000000  | 117648   | 16      | 32    | 1    | worker   | 12        | 16  | increase  | desc        | asc        | 2048       | 1.0              | 1.12                   | 6   | 19651,19854,20057,19656,19859,20062 | 12.0     |
| 12  | 80         | 10000000 | 10000000  | 117648   | 16      | 32    | 1    | io_uring | 12        | 16  | decrease  | desc        | desc       | 16         | 0.25             | 0.28                   | 6   | 26301,26504,26707,26306,26509,26712 | 12.0     |
| 2   | 80         | 10000000 | 1250000   | 117648   | 4       | 2048  | 8    | worker   | 12        | 16  | increase  | desc        | desc       | 2          | 0.84             | 0.94                   | 6   | 2739,2921,3103,2744,2926,3108       | 11.9     |
| 2   | 80         | 10000000 | 1250000   | 117648   | 4       | 2048  | 8    | io_uring | 12        | 16  | increase  | desc        | asc        | 16         | 1.35             | 1.51                   | 6   | 3306,3488,3670,3311,3493,3675       | 11.85    |
| 16  | 80         | 10000000 | 2500000   | 117648   | 1048576 | 2     | 4    | io_uring | 12        | 16  | decrease  | desc        | asc        | 1024       | 9.05             | 10.12                  | 6   | 34890,35079,35268,34895,35084,35273 | 11.82    |
| 14  | 80         | 10000000 | 2500000   | 117648   | 1048576 | 2     | 4    | io_uring | 12        | 16  | increase  | desc        | asc        | 2          | 0.34             | 0.38                   | 6   | 30291,30480,30669,30296,30485,30674 | 11.76    |
| 1   | 80         | 10000000 | 1250000   | 117648   | 4       | 2048  | 8    | worker   | 12        | 16  | increase  | asc         | asc        | 1006072    | 1504.46          | 1680.84                | 6   | 170,352,534,175,357,539             | 11.72    |
| 9   | 80         | 10000000 | 10000000  | 117648   | 16      | 32    | 1    | io_uring | 12        | 16  | increase  | asc         | asc        | 1048576    | 95.47            | 106.66                 | 6   | 18496,18699,18902,18501,18704,18907 | 11.72    |
| 2   | 80         | 10000000 | 1250000   | 117648   | 4       | 2048  | 8    | worker   | 12        | 16  | increase  | desc        | asc        | 32768      | 83.77            | 93.58                  | 6   | 2291,2473,2655,2296,2478,2660       | 11.71    |
| 17  | 20         | 10000000 | 2500000   | 476191   | 4194304 | 128   | 4    | worker   | 12        | 16  | increase  | asc         | asc        | 64         | 8.81             | 9.84                   | 6   | 35996,36185,36374,36001,36190,36379 | 11.69    |
| 5   | 60         | 10000000 | 625000    | 156250   | 1048576 | 128   | 16   | io_uring | 12        | 16  | increase  | asc         | asc        | 8          | 1.37             | 1.53                   | 6   | 9809,9984,10159,9814,9989,10164     | 11.68    |
| 8   | 60         | 10000000 | 625000    | 156250   | 1048576 | 128   | 16   | worker   | 12        | 16  | decrease  | desc        | asc        | 32         | 2.61             | 2.91                   | 6   | 15073,15248,15423,15078,15253,15428 | 11.49    |
| 4   | 80         | 10000000 | 1250000   | 117648   | 4       | 2048  | 8    | io_uring | 12        | 16  | decrease  | desc        | desc       | 8          | 1.14             | 1.27                   | 6   | 8213,8395,8577,8218,8400,8582       | 11.4     |
| 7   | 60         | 10000000 | 625000    | 156250   | 1048576 | 128   | 16   | worker   | 12        | 16  | decrease  | asc         | asc        | 256        | 4.22             | 4.7                    | 6   | 12994,13169,13344,12999,13174,13349 | 11.37    |
| 13  | 80         | 10000000 | 2500000   | 117648   | 1048576 | 2     | 4    | worker   | 12        | 16  | increase  | asc         | desc       | 1024       | 7.95             | 8.85                   | 6   | 27519,27708,27897,27524,27713,27902 | 11.32    |
| 12  | 80         | 10000000 | 10000000  | 117648   | 16      | 32    | 1    | io_uring | 12        | 16  | decrease  | desc        | desc       | 4048576    | 356.95           | 397.35                 | 6   | 26434,26637,26840,26439,26642,26845 | 11.32    |
| 1   | 80         | 10000000 | 1250000   | 117648   | 4       | 2048  | 8    | worker   | 12        | 16  | increase  | asc         | asc        | 381072     | 590.94           | 657.76                 | 6   | 135,317,499,140,322,504             | 11.31    |
| 13  | 80         | 10000000 | 2500000   | 117648   | 1048576 | 2     | 4    | worker   | 12        | 16  | increase  | asc         | desc       | 256        | 3.66             | 4.07                   | 6   | 27505,27694,27883,27510,27699,27888 | 11.2     |
| 9   | 80         | 10000000 | 10000000  | 117648   | 16      | 32    | 1    | io_uring | 12        | 16  | increase  | asc         | asc        | 6048576    | 530.98           | 590.38                 | 6   | 18531,18734,18937,18536,18739,18942 | 11.19    |
| 18  | 20         | 10000000 | 2500000   | 476191   | 4194304 | 128   | 4    | worker   | 12        | 16  | increase  | desc        | desc       | 8          | 1.7              | 1.89                   | 4   | 38810,38999,38815,39004             | 11.18    |
| 16  | 80         | 10000000 | 2500000   | 117648   | 1048576 | 2     | 4    | worker   | 12        | 16  | decrease  | desc        | asc        | 256        | 4.05             | 4.5                    | 6   | 33742,33931,34120,33747,33936,34125 | 11.11    |
| 8   | 60         | 10000000 | 625000    | 156250   | 1048576 | 128   | 16   | worker   | 12        | 16  | decrease  | desc        | asc        | 2          | 0.45             | 0.5                    | 6   | 15045,15220,15395,15050,15225,15400 | 11.11    |
| 12  | 80         | 10000000 | 10000000  | 117648   | 16      | 32    | 1    | io_uring | 12        | 16  | decrease  | desc        | desc       | 1048576    | 95.8             | 106.3                  | 6   | 26413,26616,26819,26418,26621,26824 | 10.96    |
| 7   | 60         | 10000000 | 625000    | 156250   | 1048576 | 128   | 16   | io_uring | 12        | 16  | decrease  | asc         | desc       | 512        | 14.06            | 15.6                   | 6   | 14576,14751,14926,14581,14756,14931 | 10.95    |
| 6   | 60         | 10000000 | 625000    | 156250   | 1048576 | 128   | 16   | io_uring | 12        | 16  | increase  | desc        | asc        | 512        | 14.72            | 16.33                  | 6   | 11951,12126,12301,11956,12131,12306 | 10.94    |
| 4   | 80         | 10000000 | 1250000   | 117648   | 4       | 2048  | 8    | io_uring | 12        | 16  | decrease  | desc        | asc        | 4          | 0.93             | 1.03                   | 6   | 7660,7842,8024,7665,7847,8029       | 10.75    |
| 9   | 80         | 10000000 | 10000000  | 117648   | 16      | 32    | 1    | io_uring | 12        | 16  | increase  | asc         | asc        | 7048576    | 620.68           | 687.26                 | 6   | 18538,18741,18944,18543,18746,18949 | 10.73    |
| 9   | 80         | 10000000 | 10000000  | 117648   | 16      | 32    | 1    | io_uring | 12        | 16  | increase  | asc         | desc       | 1          | 0.28             | 0.31                   | 6   | 18965,19168,19371,18970,19173,19376 | 10.71    |
| 10  | 80         | 10000000 | 10000000  | 117648   | 16      | 32    | 1    | io_uring | 12        | 16  | increase  | desc        | desc       | 4          | 0.28             | 0.31                   | 6   | 21415,21618,21821,21420,21623,21826 | 10.71    |
| 16  | 80         | 10000000 | 2500000   | 117648   | 1048576 | 2     | 4    | worker   | 12        | 16  | decrease  | desc        | asc        | 2          | 0.28             | 0.31                   | 6   | 33693,33882,34071,33698,33887,34076 | 10.71    |
| 17  | 20         | 10000000 | 2500000   | 476191   | 4194304 | 128   | 4    | worker   | 12        | 16  | increase  | asc         | asc        | 1024       | 19.05            | 21.08                  | 6   | 36024,36213,36402,36029,36218,36407 | 10.66    |
| 1   | 80         | 10000000 | 1250000   | 117648   | 4       | 2048  | 8    | io_uring | 12        | 16  | increase  | asc         | asc        | 64         | 1.42             | 1.57                   | 6   | 1136,1318,1500,1141,1323,1505       | 10.56    |
| 4   | 80         | 10000000 | 1250000   | 117648   | 4       | 2048  | 8    | io_uring | 12        | 16  | decrease  | desc        | desc       | 2          | 0.76             | 0.84                   | 6   | 8199,8381,8563,8204,8386,8568       | 10.53    |
| 6   | 60         | 10000000 | 625000    | 156250   | 1048576 | 128   | 16   | worker   | 12        | 16  | increase  | desc        | desc       | 1024       | 9.88             | 10.92                  | 6   | 11433,11608,11783,11438,11613,11788 | 10.53    |
| 6   | 60         | 10000000 | 625000    | 156250   | 1048576 | 128   | 16   | worker   | 12        | 16  | increase  | desc        | desc       | 16         | 2.01             | 2.22                   | 6   | 11391,11566,11741,11396,11571,11746 | 10.45    |
| 12  | 80         | 10000000 | 10000000  | 117648   | 16      | 32    | 1    | io_uring | 12        | 16  | decrease  | desc        | desc       | 5048576    | 444.57           | 490.71                 | 6   | 26441,26644,26847,26446,26649,26852 | 10.38    |
| 11  | 80         | 10000000 | 10000000  | 117648   | 16      | 32    | 1    | worker   | 12        | 16  | decrease  | asc         | desc       | 8          | 0.29             | 0.32                   | 6   | 22640,22843,23046,22645,22848,23051 | 10.34    |
| 3   | 80         | 10000000 | 1250000   | 117648   | 4       | 2048  | 8    | io_uring | 12        | 16  | decrease  | asc         | desc       | 2048       | 6.67             | 7.36                   | 6   | 6085,6267,6449,6090,6272,6454       | 10.34    |
| 3   | 80         | 10000000 | 1250000   | 117648   | 4       | 2048  | 8    | worker   | 12        | 16  | decrease  | asc         | desc       | 4          | 0.97             | 1.07                   | 6   | 4930,5112,5294,4935,5117,5299       | 10.31    |
| 9   | 80         | 10000000 | 10000000  | 117648   | 16      | 32    | 1    | worker   | 12        | 16  | increase  | asc         | desc       | 128        | 0.39             | 0.43                   | 6   | 17796,17999,18202,17801,18004,18207 | 10.26    |
| 15  | 80         | 10000000 | 2500000   | 117648   | 1048576 | 2     | 4    | io_uring | 12        | 16  | decrease  | asc         | desc       | 4          | 0.39             | 0.43                   | 6   | 33133,33322,33511,33138,33327,33516 | 10.26    |
| 12  | 80         | 10000000 | 10000000  | 117648   | 16      | 32    | 1    | io_uring | 12        | 16  | decrease  | desc        | desc       | 7048576    | 619.32           | 682.56                 | 6   | 26455,26658,26861,26460,26663,26866 | 10.21    |
| 4   | 80         | 10000000 | 1250000   | 117648   | 4       | 2048  | 8    | worker   | 12        | 16  | decrease  | desc        | desc       | 631072     | 991.78           | 1092.8                 | 6   | 7247,7429,7611,7252,7434,7616       | 10.19    |
| 5   | 60         | 10000000 | 625000    | 156250   | 1048576 | 128   | 16   | worker   | 12        | 16  | increase  | asc         | desc       | 8          | 1.18             | 1.3                    | 6   | 9284,9459,9634,9289,9464,9639       | 10.17    |
| 17  | 20         | 10000000 | 2500000   | 476191   | 4194304 | 128   | 4    | worker   | 12        | 16  | increase  | asc         | asc        | 16         | 2.46             | 2.71                   | 6   | 35982,36171,36360,35987,36176,36365 | 10.16    |
| 9   | 80         | 10000000 | 10000000  | 117648   | 16      | 32    | 1    | io_uring | 12        | 16  | increase  | asc         | desc       | 16         | 0.3              | 0.33                   | 6   | 18993,19196,19399,18998,19201,19404 | 10.0     |
| 11  | 80         | 10000000 | 10000000  | 117648   | 16      | 32    | 1    | io_uring | 12        | 16  | decrease  | asc         | desc       | 128        | 0.4              | 0.44                   | 6   | 23886,24089,24292,23891,24094,24297 | 10.0     |
| 17  | 20         | 10000000 | 2500000   | 476191   | 4194304 | 128   | 4    | worker   | 12        | 16  | increase  | asc         | asc        | 512        | 13.93            | 15.32                  | 6   | 36017,36206,36395,36022,36211,36400 | 9.98     |
| 18  | 20         | 10000000 | 2500000   | 476191   | 4194304 | 128   | 4    | worker   | 12        | 16  | increase  | desc        | desc       | 16         | 2.92             | 3.21                   | 4   | 38817,39006,38822,39011             | 9.93     |
| 4   | 80         | 10000000 | 1250000   | 117648   | 4       | 2048  | 8    | io_uring | 12        | 16  | decrease  | desc        | asc        | 256        | 3.03             | 3.33                   | 6   | 7702,7884,8066,7707,7889,8071       | 9.9      |
| 14  | 80         | 10000000 | 2500000   | 117648   | 1048576 | 2     | 4    | worker   | 12        | 16  | increase  | desc        | asc        | 256        | 3.16             | 3.47                   | 6   | 29206,29395,29584,29211,29400,29589 | 9.81     |
| 9   | 80         | 10000000 | 10000000  | 117648   | 16      | 32    | 1    | io_uring | 12        | 16  | increase  | asc         | asc        | 9048576    | 802.65           | 881.32                 | 6   | 18552,18755,18958,18557,18760,18963 | 9.8      |
| 1   | 80         | 10000000 | 1250000   | 117648   | 4       | 2048  | 8    | worker   | 12        | 16  | increase  | asc         | asc        | 631072     | 987.23           | 1083.99                | 6   | 149,331,513,154,336,518             | 9.8      |
| 13  | 80         | 10000000 | 2500000   | 117648   | 1048576 | 2     | 4    | io_uring | 12        | 16  | increase  | asc         | desc       | 4          | 0.41             | 0.45                   | 6   | 28597,28786,28975,28602,28791,28980 | 9.76     |
| 11  | 80         | 10000000 | 10000000  | 117648   | 16      | 32    | 1    | io_uring | 12        | 16  | decrease  | asc         | desc       | 64         | 0.31             | 0.34                   | 6   | 23879,24082,24285,23884,24087,24290 | 9.68     |
| 12  | 80         | 10000000 | 10000000  | 117648   | 16      | 32    | 1    | io_uring | 12        | 16  | decrease  | desc        | desc       | 1024       | 0.62             | 0.68                   | 6   | 26343,26546,26749,26348,26551,26754 | 9.68     |
| 8   | 60         | 10000000 | 625000    | 156250   | 1048576 | 128   | 16   | io_uring | 12        | 16  | decrease  | desc        | asc        | 2          | 0.52             | 0.57                   | 6   | 16095,16270,16445,16100,16275,16450 | 9.62     |
| 4   | 80         | 10000000 | 1250000   | 117648   | 4       | 2048  | 8    | worker   | 12        | 16  | decrease  | desc        | desc       | 4096       | 9.83             | 10.77                  | 6   | 7184,7366,7548,7189,7371,7553       | 9.56     |
| 8   | 60         | 10000000 | 625000    | 156250   | 1048576 | 128   | 16   | worker   | 12        | 16  | decrease  | desc        | asc        | 256        | 6.54             | 7.16                   | 6   | 15094,15269,15444,15099,15274,15449 | 9.48     |
| 12  | 80         | 10000000 | 10000000  | 117648   | 16      | 32    | 1    | io_uring | 12        | 16  | decrease  | desc        | desc       | 8048576    | 710.75           | 777.96                 | 6   | 26462,26665,26868,26467,26670,26873 | 9.46     |
| 3   | 80         | 10000000 | 1250000   | 117648   | 4       | 2048  | 8    | io_uring | 12        | 16  | decrease  | asc         | asc        | 1          | 0.53             | 0.58                   | 6   | 5462,5644,5826,5467,5649,5831       | 9.43     |
| 4   | 80         | 10000000 | 1250000   | 117648   | 4       | 2048  | 8    | worker   | 12        | 16  | decrease  | desc        | desc       | 2          | 0.64             | 0.7                    | 6   | 7107,7289,7471,7112,7294,7476       | 9.37     |
| 10  | 80         | 10000000 | 10000000  | 117648   | 16      | 32    | 1    | io_uring | 12        | 16  | increase  | desc        | desc       | 64         | 0.32             | 0.35                   | 6   | 21443,21646,21849,21448,21651,21854 | 9.37     |
| 17  | 20         | 10000000 | 2500000   | 476191   | 4194304 | 128   | 4    | io_uring | 12        | 16  | increase  | asc         | desc       | 2048       | 70.16            | 76.73                  | 6   | 37732,37921,38110,37737,37926,38115 | 9.36     |
| 18  | 20         | 10000000 | 2500000   | 476191   | 4194304 | 128   | 4    | worker   | 12        | 16  | increase  | desc        | asc        | 32         | 4.14             | 4.52                   | 6   | 38257,38446,38635,38262,38451,38640 | 9.18     |
| 9   | 80         | 10000000 | 10000000  | 117648   | 16      | 32    | 1    | io_uring | 12        | 16  | increase  | asc         | asc        | 8048576    | 710.25           | 773.73                 | 6   | 18545,18748,18951,18550,18753,18956 | 8.94     |
| 9   | 80         | 10000000 | 10000000  | 117648   | 16      | 32    | 1    | io_uring | 12        | 16  | increase  | asc         | asc        | 4048576    | 361.31           | 393.28                 | 6   | 18517,18720,18923,18522,18725,18928 | 8.85     |
| 9   | 80         | 10000000 | 10000000  | 117648   | 16      | 32    | 1    | io_uring | 12        | 16  | increase  | asc         | asc        | 8192       | 1.81             | 1.97                   | 6   | 18447,18650,18853,18452,18655,18858 | 8.84     |
| 15  | 80         | 10000000 | 2500000   | 117648   | 1048576 | 2     | 4    | io_uring | 12        | 16  | decrease  | asc         | desc       | 512        | 6.46             | 7.03                   | 6   | 33182,33371,33560,33187,33376,33565 | 8.82     |
| 8   | 60         | 10000000 | 625000    | 156250   | 1048576 | 128   | 16   | io_uring | 12        | 16  | decrease  | desc        | asc        | 256        | 8.59             | 9.34                   | 6   | 16144,16319,16494,16149,16324,16499 | 8.73     |
| 4   | 80         | 10000000 | 1250000   | 117648   | 4       | 2048  | 8    | worker   | 12        | 16  | decrease  | desc        | desc       | 128        | 1.49             | 1.62                   | 6   | 7149,7331,7513,7154,7336,7518       | 8.72     |
| 2   | 80         | 10000000 | 1250000   | 117648   | 4       | 2048  | 8    | io_uring | 12        | 16  | increase  | desc        | asc        | 256        | 2.18             | 2.37                   | 6   | 3334,3516,3698,3339,3521,3703       | 8.72     |
| 5   | 60         | 10000000 | 625000    | 156250   | 1048576 | 128   | 16   | io_uring | 12        | 16  | increase  | asc         | asc        | 1024       | 10.35            | 11.25                  | 6   | 9858,10033,10208,9863,10038,10213   | 8.7      |
| 10  | 80         | 10000000 | 10000000  | 117648   | 16      | 32    | 1    | worker   | 12        | 16  | increase  | desc        | asc        | 8          | 0.23             | 0.25                   | 6   | 19595,19798,20001,19600,19803,20006 | 8.7      |
| 11  | 80         | 10000000 | 10000000  | 117648   | 16      | 32    | 1    | worker   | 12        | 16  | decrease  | asc         | desc       | 1          | 0.23             | 0.25                   | 6   | 22619,22822,23025,22624,22827,23030 | 8.7      |
| 14  | 80         | 10000000 | 2500000   | 117648   | 1048576 | 2     | 4    | io_uring | 12        | 16  | increase  | desc        | asc        | 2048       | 15.55            | 16.9                   | 6   | 30361,30550,30739,30366,30555,30744 | 8.68     |
| 4   | 80         | 10000000 | 1250000   | 117648   | 4       | 2048  | 8    | worker   | 12        | 16  | decrease  | desc        | asc        | 16         | 1.3              | 1.41                   | 6   | 6582,6764,6946,6587,6769,6951       | 8.46     |
| 9   | 80         | 10000000 | 10000000  | 117648   | 16      | 32    | 1    | io_uring | 12        | 16  | increase  | asc         | asc        | 5048576    | 445.98           | 483.48                 | 6   | 18524,18727,18930,18529,18732,18935 | 8.41     |
| 6   | 60         | 10000000 | 625000    | 156250   | 1048576 | 128   | 16   | io_uring | 12        | 16  | increase  | desc        | desc       | 1024       | 10.85            | 11.76                  | 6   | 12483,12658,12833,12488,12663,12838 | 8.39     |
| 1   | 80         | 10000000 | 1250000   | 117648   | 4       | 2048  | 8    | worker   | 12        | 16  | increase  | asc         | desc       | 1          | 0.6              | 0.65                   | 6   | 548,730,912,553,735,917             | 8.33     |
| 12  | 80         | 10000000 | 10000000  | 117648   | 16      | 32    | 1    | io_uring | 12        | 16  | decrease  | desc        | asc        | 4          | 0.24             | 0.26                   | 6   | 25678,25881,26084,25683,25886,26089 | 8.33     |
| 15  | 80         | 10000000 | 2500000   | 117648   | 1048576 | 2     | 4    | io_uring | 12        | 16  | decrease  | asc         | desc       | 2048       | 14.41            | 15.61                  | 6   | 33196,33385,33574,33201,33390,33579 | 8.33     |
| 2   | 80         | 10000000 | 1250000   | 117648   | 4       | 2048  | 8    | io_uring | 12        | 16  | increase  | desc        | asc        | 2          | 0.85             | 0.92                   | 6   | 3285,3467,3649,3290,3472,3654       | 8.24     |
| 17  | 20         | 10000000 | 2500000   | 476191   | 4194304 | 128   | 4    | io_uring | 12        | 16  | increase  | asc         | asc        | 1024       | 24.92            | 26.96                  | 6   | 37158,37347,37536,37163,37352,37541 | 8.19     |
| 17  | 20         | 10000000 | 2500000   | 476191   | 4194304 | 128   | 4    | io_uring | 12        | 16  | increase  | asc         | desc       | 4          | 0.98             | 1.06                   | 6   | 37669,37858,38047,37674,37863,38052 | 8.16     |
| 10  | 80         | 10000000 | 10000000  | 117648   | 16      | 32    | 1    | worker   | 12        | 16  | increase  | desc        | desc       | 1          | 0.25             | 0.27                   | 6   | 20183,20386,20589,20188,20391,20594 | 8.0      |
| 10  | 80         | 10000000 | 10000000  | 117648   | 16      | 32    | 1    | worker   | 12        | 16  | increase  | desc        | desc       | 4          | 0.25             | 0.27                   | 6   | 20197,20400,20603,20202,20405,20608 | 8.0      |
| 11  | 80         | 10000000 | 10000000  | 117648   | 16      | 32    | 1    | io_uring | 12        | 16  | decrease  | asc         | asc        | 16         | 0.25             | 0.27                   | 6   | 23256,23459,23662,23261,23464,23667 | 8.0      |
| 12  | 80         | 10000000 | 10000000  | 117648   | 16      | 32    | 1    | worker   | 12        | 16  | decrease  | desc        | asc        | 8          | 0.25             | 0.27                   | 6   | 24467,24670,24873,24472,24675,24878 | 8.0      |
| 16  | 80         | 10000000 | 2500000   | 117648   | 1048576 | 2     | 4    | worker   | 12        | 16  | decrease  | desc        | desc       | 1          | 0.25             | 0.27                   | 6   | 34253,34442,34631,34258,34447,34636 | 8.0      |
| 6   | 60         | 10000000 | 625000    | 156250   | 1048576 | 128   | 16   | worker   | 12        | 16  | increase  | desc        | asc        | 128        | 4.03             | 4.35                   | 6   | 10887,11062,11237,10892,11067,11242 | 7.94     |
| 15  | 80         | 10000000 | 2500000   | 117648   | 1048576 | 2     | 4    | io_uring | 12        | 16  | decrease  | asc         | asc        | 16         | 1.01             | 1.09                   | 6   | 32580,32769,32958,32585,32774,32963 | 7.92     |
| 16  | 80         | 10000000 | 2500000   | 117648   | 1048576 | 2     | 4    | io_uring | 12        | 16  | decrease  | desc        | desc       | 128        | 4.46             | 4.81                   | 6   | 35436,35625,35814,35441,35630,35819 | 7.85     |
| 12  | 80         | 10000000 | 10000000  | 117648   | 16      | 32    | 1    | io_uring | 12        | 16  | decrease  | desc        | desc       | 9048576    | 800.87           | 862.94                 | 6   | 26469,26672,26875,26474,26677,26880 | 7.75     |
| 13  | 80         | 10000000 | 2500000   | 117648   | 1048576 | 2     | 4    | worker   | 12        | 16  | increase  | asc         | desc       | 4          | 0.39             | 0.42                   | 6   | 27463,27652,27841,27468,27657,27846 | 7.69     |
| 15  | 80         | 10000000 | 2500000   | 117648   | 1048576 | 2     | 4    | io_uring | 12        | 16  | decrease  | asc         | desc       | 256        | 4.96             | 5.34                   | 6   | 33175,33364,33553,33180,33369,33558 | 7.66     |
| 12  | 80         | 10000000 | 10000000  | 117648   | 16      | 32    | 1    | worker   | 12        | 16  | decrease  | desc        | desc       | 32768      | 6.02             | 6.48                   | 6   | 25160,25363,25566,25165,25368,25571 | 7.64     |
| 17  | 20         | 10000000 | 2500000   | 476191   | 4194304 | 128   | 4    | io_uring | 12        | 16  | increase  | asc         | asc        | 2262144    | 6207.41          | 6677.73                | 6   | 37270,37459,37648,37275,37464,37653 | 7.58     |
| 9   | 80         | 10000000 | 10000000  | 117648   | 16      | 32    | 1    | worker   | 12        | 16  | increase  | asc         | asc        | 512        | 0.53             | 0.57                   | 6   | 17201,17404,17607,17206,17409,17612 | 7.55     |
| 10  | 80         | 10000000 | 10000000  | 117648   | 16      | 32    | 1    | io_uring | 12        | 16  | increase  | desc        | desc       | 1024       | 1.06             | 1.14                   | 6   | 21471,21674,21877,21476,21679,21882 | 7.55     |
| 5   | 60         | 10000000 | 625000    | 156250   | 1048576 | 128   | 16   | io_uring | 12        | 16  | increase  | asc         | desc       | 64         | 3.33             | 3.58                   | 6   | 10355,10530,10705,10360,10535,10710 | 7.51     |
| 17  | 20         | 10000000 | 2500000   | 476191   | 4194304 | 128   | 4    | worker   | 12        | 16  | increase  | asc         | asc        | 8192       | 107.28           | 115.33                 | 6   | 36045,36234,36423,36050,36239,36428 | 7.5      |
| 7   | 60         | 10000000 | 625000    | 156250   | 1048576 | 128   | 16   | io_uring | 12        | 16  | decrease  | asc         | asc        | 1          | 0.4              | 0.43                   | 6   | 13988,14163,14338,13993,14168,14343 | 7.5      |
| 17  | 20         | 10000000 | 2500000   | 476191   | 4194304 | 128   | 4    | io_uring | 12        | 16  | increase  | asc         | asc        | 2012144    | 5771.09          | 6200.85                | 6   | 37263,37452,37641,37268,37457,37646 | 7.45     |
| 10  | 80         | 10000000 | 10000000  | 117648   | 16      | 32    | 1    | io_uring | 12        | 16  | increase  | desc        | asc        | 16         | 0.27             | 0.29                   | 6   | 20820,21023,21226,20825,21028,21231 | 7.41     |
| 9   | 80         | 10000000 | 10000000  | 117648   | 16      | 32    | 1    | io_uring | 12        | 16  | increase  | asc         | asc        | 3048576    | 274.35           | 294.42                 | 6   | 18510,18713,18916,18515,18718,18921 | 7.32     |
| 1   | 80         | 10000000 | 1250000   | 117648   | 4       | 2048  | 8    | worker   | 12        | 16  | increase  | asc         | asc        | 756072     | 1216.03          | 1304.48                | 6   | 156,338,520,161,343,525             | 7.27     |
| 7   | 60         | 10000000 | 625000    | 156250   | 1048576 | 128   | 16   | worker   | 12        | 16  | decrease  | asc         | asc        | 8          | 1.25             | 1.34                   | 6   | 12959,13134,13309,12964,13139,13314 | 7.2      |
| 9   | 80         | 10000000 | 10000000  | 117648   | 16      | 32    | 1    | worker   | 12        | 16  | increase  | asc         | asc        | 32         | 0.28             | 0.3                    | 6   | 17173,17376,17579,17178,17381,17584 | 7.14     |
| 9   | 80         | 10000000 | 10000000  | 117648   | 16      | 32    | 1    | worker   | 12        | 16  | increase  | asc         | desc       | 8          | 0.28             | 0.3                    | 6   | 17768,17971,18174,17773,17976,18179 | 7.14     |
| 12  | 80         | 10000000 | 10000000  | 117648   | 16      | 32    | 1    | io_uring | 12        | 16  | decrease  | desc        | desc       | 8192       | 1.71             | 1.83                   | 6   | 26364,26567,26770,26369,26572,26775 | 7.02     |
| 10  | 80         | 10000000 | 10000000  | 117648   | 16      | 32    | 1    | io_uring | 12        | 16  | increase  | desc        | asc        | 65536      | 15.96            | 17.08                  | 6   | 20904,21107,21310,20909,21112,21315 | 7.02     |
| 3   | 80         | 10000000 | 1250000   | 117648   | 4       | 2048  | 8    | worker   | 12        | 16  | decrease  | asc         | desc       | 256072     | 662.09           | 708.34                 | 6   | 5042,5224,5406,5047,5229,5411       | 6.99     |
| 9   | 80         | 10000000 | 10000000  | 117648   | 16      | 32    | 1    | worker   | 12        | 16  | increase  | asc         | asc        | 64         | 0.29             | 0.31                   | 6   | 17180,17383,17586,17185,17388,17591 | 6.9      |
| 9   | 80         | 10000000 | 10000000  | 117648   | 16      | 32    | 1    | worker   | 12        | 16  | increase  | asc         | desc       | 16         | 0.29             | 0.31                   | 6   | 17775,17978,18181,17780,17983,18186 | 6.9      |
| 13  | 80         | 10000000 | 2500000   | 117648   | 1048576 | 2     | 4    | worker   | 12        | 16  | increase  | asc         | desc       | 8          | 0.58             | 0.62                   | 6   | 27470,27659,27848,27475,27664,27853 | 6.9      |
| 14  | 80         | 10000000 | 2500000   | 117648   | 1048576 | 2     | 4    | worker   | 12        | 16  | increase  | desc        | desc       | 2          | 0.29             | 0.31                   | 6   | 29724,29913,30102,29729,29918,30107 | 6.9      |
| 9   | 80         | 10000000 | 10000000  | 117648   | 16      | 32    | 1    | io_uring | 12        | 16  | increase  | asc         | asc        | 2048576    | 187.08           | 199.91                 | 6   | 18503,18706,18909,18508,18711,18914 | 6.86     |
| 2   | 80         | 10000000 | 1250000   | 117648   | 4       | 2048  | 8    | worker   | 12        | 16  | increase  | desc        | asc        | 881072     | 2147.2           | 2294.08                | 6   | 2347,2529,2711,2352,2534,2716       | 6.84     |
| 12  | 80         | 10000000 | 10000000  | 117648   | 16      | 32    | 1    | io_uring | 12        | 16  | decrease  | desc        | desc       | 524288     | 49.77            | 53.15                  | 6   | 26406,26609,26812,26411,26614,26817 | 6.79     |
| 1   | 80         | 10000000 | 1250000   | 117648   | 4       | 2048  | 8    | io_uring | 12        | 16  | increase  | asc         | asc        | 2048       | 4.43             | 4.73                   | 6   | 1171,1353,1535,1176,1358,1540       | 6.77     |
| 12  | 80         | 10000000 | 10000000  | 117648   | 16      | 32    | 1    | io_uring | 12        | 16  | decrease  | desc        | desc       | 32768      | 4.64             | 4.95                   | 6   | 26378,26581,26784,26383,26586,26789 | 6.68     |
| 2   | 80         | 10000000 | 1250000   | 117648   | 4       | 2048  | 8    | io_uring | 12        | 16  | increase  | desc        | asc        | 1024       | 4.22             | 4.5                    | 6   | 3348,3530,3712,3353,3535,3717       | 6.64     |
| 16  | 80         | 10000000 | 2500000   | 117648   | 1048576 | 2     | 4    | worker   | 12        | 16  | decrease  | desc        | desc       | 2048       | 12.95            | 13.8                   | 6   | 34330,34519,34708,34335,34524,34713 | 6.56     |
| 11  | 80         | 10000000 | 10000000  | 117648   | 16      | 32    | 1    | io_uring | 12        | 16  | decrease  | asc         | desc       | 2048       | 1.07             | 1.14                   | 6   | 23914,24117,24320,23919,24122,24325 | 6.54     |
| 7   | 60         | 10000000 | 625000    | 156250   | 1048576 | 128   | 16   | io_uring | 12        | 16  | decrease  | asc         | asc        | 8          | 1.38             | 1.47                   | 6   | 14009,14184,14359,14014,14189,14364 | 6.52     |
| 6   | 60         | 10000000 | 625000    | 156250   | 1048576 | 128   | 16   | worker   | 12        | 16  | increase  | desc        | asc        | 2          | 0.46             | 0.49                   | 6   | 10845,11020,11195,10850,11025,11200 | 6.52     |
| 11  | 80         | 10000000 | 10000000  | 117648   | 16      | 32    | 1    | io_uring | 12        | 16  | decrease  | asc         | asc        | 64         | 0.31             | 0.33                   | 6   | 23270,23473,23676,23275,23478,23681 | 6.45     |
| 17  | 20         | 10000000 | 2500000   | 476191   | 4194304 | 128   | 4    | io_uring | 12        | 16  | increase  | asc         | asc        | 64         | 9.24             | 9.83                   | 6   | 37130,37319,37508,37135,37324,37513 | 6.39     |
| 3   | 80         | 10000000 | 1250000   | 117648   | 4       | 2048  | 8    | worker   | 12        | 16  | decrease  | asc         | desc       | 1131072    | 2734.05          | 2907.97                | 6   | 5091,5273,5455,5096,5278,5460       | 6.36     |
| 15  | 80         | 10000000 | 2500000   | 117648   | 1048576 | 2     | 4    | io_uring | 12        | 16  | decrease  | asc         | asc        | 8          | 0.63             | 0.67                   | 6   | 32573,32762,32951,32578,32767,32956 | 6.35     |
| 16  | 80         | 10000000 | 2500000   | 117648   | 1048576 | 2     | 4    | io_uring | 12        | 16  | decrease  | desc        | desc       | 8          | 0.63             | 0.67                   | 6   | 35408,35597,35786,35413,35602,35791 | 6.35     |
| 2   | 80         | 10000000 | 1250000   | 117648   | 4       | 2048  | 8    | worker   | 12        | 16  | increase  | desc        | asc        | 128        | 1.58             | 1.68                   | 6   | 2235,2417,2599,2240,2422,2604       | 6.33     |
| 3   | 80         | 10000000 | 1250000   | 117648   | 4       | 2048  | 8    | worker   | 12        | 16  | decrease  | asc         | desc       | 16384      | 47.45            | 50.43                  | 6   | 5014,5196,5378,5019,5201,5383       | 6.28     |
| 9   | 80         | 10000000 | 10000000  | 117648   | 16      | 32    | 1    | io_uring | 12        | 16  | increase  | asc         | asc        | 16         | 0.32             | 0.34                   | 6   | 18384,18587,18790,18389,18592,18795 | 6.25     |
| 11  | 80         | 10000000 | 10000000  | 117648   | 16      | 32    | 1    | worker   | 12        | 16  | decrease  | asc         | asc        | 128        | 0.32             | 0.34                   | 6   | 22059,22262,22465,22064,22267,22470 | 6.25     |
| 1   | 80         | 10000000 | 1250000   | 117648   | 4       | 2048  | 8    | worker   | 12        | 16  | increase  | asc         | asc        | 256        | 2.26             | 2.4                    | 6   | 58,240,422,63,245,427               | 6.19     |
| 4   | 80         | 10000000 | 1250000   | 117648   | 4       | 2048  | 8    | worker   | 12        | 16  | decrease  | desc        | asc        | 8          | 1.13             | 1.2                    | 6   | 6575,6757,6939,6580,6762,6944       | 6.19     |
| 5   | 60         | 10000000 | 625000    | 156250   | 1048576 | 128   | 16   | worker   | 12        | 16  | increase  | asc         | desc       | 1024       | 27.62            | 29.32                  | 6   | 9333,9508,9683,9338,9513,9688       | 6.15     |
| 14  | 80         | 10000000 | 2500000   | 117648   | 1048576 | 2     | 4    | worker   | 12        | 16  | increase  | desc        | desc       | 128        | 5.06             | 5.37                   | 6   | 29766,29955,30144,29771,29960,30149 | 6.13     |
| 13  | 80         | 10000000 | 2500000   | 117648   | 1048576 | 2     | 4    | io_uring | 12        | 16  | increase  | asc         | asc        | 1024       | 8.66             | 9.19                   | 6   | 28086,28275,28464,28091,28280,28469 | 6.12     |
| 12  | 80         | 10000000 | 10000000  | 117648   | 16      | 32    | 1    | io_uring | 12        | 16  | decrease  | desc        | desc       | 3048576    | 274.21           | 290.83                 | 6   | 26427,26630,26833,26432,26635,26838 | 6.06     |
| 10  | 80         | 10000000 | 10000000  | 117648   | 16      | 32    | 1    | io_uring | 12        | 16  | increase  | desc        | desc       | 16         | 0.33             | 0.35                   | 6   | 21429,21632,21835,21434,21637,21840 | 6.06     |
| 12  | 80         | 10000000 | 10000000  | 117648   | 16      | 32    | 1    | io_uring | 12        | 16  | decrease  | desc        | desc       | 262144     | 26.68            | 28.29                  | 6   | 26399,26602,26805,26404,26607,26810 | 6.03     |
| 6   | 60         | 10000000 | 625000    | 156250   | 1048576 | 128   | 16   | io_uring | 12        | 16  | increase  | desc        | asc        | 8          | 1.34             | 1.42                   | 6   | 11909,12084,12259,11914,12089,12264 | 5.97     |
| 12  | 80         | 10000000 | 10000000  | 117648   | 16      | 32    | 1    | io_uring | 12        | 16  | decrease  | desc        | desc       | 2048576    | 185.89           | 196.93                 | 6   | 26420,26623,26826,26425,26628,26831 | 5.94     |
| 17  | 20         | 10000000 | 2500000   | 476191   | 4194304 | 128   | 4    | worker   | 12        | 16  | increase  | asc         | asc        | 1          | 0.34             | 0.36                   | 6   | 35954,36143,36332,35959,36148,36337 | 5.88     |
| 1   | 80         | 10000000 | 1250000   | 117648   | 4       | 2048  | 8    | worker   | 12        | 16  | increase  | asc         | asc        | 65536      | 116.21           | 122.93                 | 6   | 114,296,478,119,301,483             | 5.78     |
| 17  | 20         | 10000000 | 2500000   | 476191   | 4194304 | 128   | 4    | io_uring | 12        | 16  | increase  | asc         | asc        | 1762144    | 5326.71          | 5632.88                | 6   | 37256,37445,37634,37261,37450,37639 | 5.75     |
| 10  | 80         | 10000000 | 10000000  | 117648   | 16      | 32    | 1    | worker   | 12        | 16  | increase  | desc        | asc        | 128        | 0.35             | 0.37                   | 6   | 19623,19826,20029,19628,19831,20034 | 5.71     |
| 17  | 20         | 10000000 | 2500000   | 476191   | 4194304 | 128   | 4    | io_uring | 12        | 16  | increase  | asc         | desc       | 256        | 15.51            | 16.39                  | 6   | 37711,37900,38089,37716,37905,38094 | 5.67     |
| 12  | 80         | 10000000 | 10000000  | 117648   | 16      | 32    | 1    | io_uring | 12        | 16  | decrease  | desc        | desc       | 131072     | 14.66            | 15.49                  | 6   | 26392,26595,26798,26397,26600,26803 | 5.66     |
| 16  | 80         | 10000000 | 2500000   | 117648   | 1048576 | 2     | 4    | worker   | 12        | 16  | decrease  | desc        | desc       | 512        | 4.79             | 5.06                   | 6   | 34316,34505,34694,34321,34510,34699 | 5.64     |
| 6   | 60         | 10000000 | 625000    | 156250   | 1048576 | 128   | 16   | io_uring | 12        | 16  | increase  | desc        | desc       | 4          | 0.89             | 0.94                   | 6   | 12427,12602,12777,12432,12607,12782 | 5.62     |
| 8   | 60         | 10000000 | 625000    | 156250   | 1048576 | 128   | 16   | io_uring | 12        | 16  | decrease  | desc        | desc       | 16384      | 120.55           | 127.31                 | 6   | 16711,16886,17061,16716,16891,17066 | 5.61     |
| 3   | 80         | 10000000 | 1250000   | 117648   | 4       | 2048  | 8    | worker   | 12        | 16  | decrease  | asc         | desc       | 64         | 1.43             | 1.51                   | 6   | 4958,5140,5322,4963,5145,5327       | 5.59     |
| 7   | 60         | 10000000 | 625000    | 156250   | 1048576 | 128   | 16   | worker   | 12        | 16  | decrease  | asc         | desc       | 1          | 0.36             | 0.38                   | 6   | 13463,13638,13813,13468,13643,13818 | 5.56     |
| 4   | 80         | 10000000 | 1250000   | 117648   | 4       | 2048  | 8    | io_uring | 12        | 16  | decrease  | desc        | asc        | 2          | 0.9              | 0.95                   | 6   | 7653,7835,8017,7658,7840,8022       | 5.56     |
| 3   | 80         | 10000000 | 1250000   | 117648   | 4       | 2048  | 8    | worker   | 12        | 16  | decrease  | asc         | desc       | 756072     | 1842.92          | 1944.11                | 6   | 5070,5252,5434,5075,5257,5439       | 5.49     |
| 17  | 20         | 10000000 | 2500000   | 476191   | 4194304 | 128   | 4    | worker   | 12        | 16  | increase  | asc         | desc       | 2048       | 68.56            | 72.32                  | 6   | 36598,36787,36976,36603,36792,36981 | 5.48     |
| 1   | 80         | 10000000 | 1250000   | 117648   | 4       | 2048  | 8    | io_uring | 12        | 16  | increase  | asc         | asc        | 2          | 0.73             | 0.77                   | 6   | 1101,1283,1465,1106,1288,1470       | 5.48     |
| 3   | 80         | 10000000 | 1250000   | 117648   | 4       | 2048  | 8    | worker   | 12        | 16  | decrease  | asc         | desc       | 2          | 0.73             | 0.77                   | 6   | 4923,5105,5287,4928,5110,5292       | 5.48     |
| 7   | 60         | 10000000 | 625000    | 156250   | 1048576 | 128   | 16   | worker   | 12        | 16  | decrease  | asc         | asc        | 4          | 0.73             | 0.77                   | 6   | 12952,13127,13302,12957,13132,13307 | 5.48     |
| 16  | 80         | 10000000 | 2500000   | 117648   | 1048576 | 2     | 4    | worker   | 12        | 16  | decrease  | desc        | desc       | 1024       | 8.06             | 8.5                    | 6   | 34323,34512,34701,34328,34517,34706 | 5.46     |
| 2   | 80         | 10000000 | 1250000   | 117648   | 4       | 2048  | 8    | io_uring | 12        | 16  | increase  | desc        | asc        | 512        | 2.77             | 2.92                   | 6   | 3341,3523,3705,3346,3528,3710       | 5.42     |
| 10  | 80         | 10000000 | 10000000  | 117648   | 16      | 32    | 1    | io_uring | 12        | 16  | increase  | desc        | asc        | 64         | 0.37             | 0.39                   | 6   | 20834,21037,21240,20839,21042,21245 | 5.41     |
| 14  | 80         | 10000000 | 2500000   | 117648   | 1048576 | 2     | 4    | worker   | 12        | 16  | increase  | desc        | desc       | 16         | 1.11             | 1.17                   | 6   | 29745,29934,30123,29750,29939,30128 | 5.41     |
| 2   | 80         | 10000000 | 1250000   | 117648   | 4       | 2048  | 8    | worker   | 12        | 16  | increase  | desc        | asc        | 756072     | 1842.34          | 1941.82                | 6   | 2340,2522,2704,2345,2527,2709       | 5.4      |
| 1   | 80         | 10000000 | 1250000   | 117648   | 4       | 2048  | 8    | worker   | 12        | 16  | increase  | asc         | asc        | 256072     | 422.49           | 445.04                 | 6   | 128,310,492,133,315,497             | 5.34     |
| 3   | 80         | 10000000 | 1250000   | 117648   | 4       | 2048  | 8    | worker   | 12        | 16  | decrease  | asc         | desc       | 8192       | 25.03            | 26.36                  | 6   | 5007,5189,5371,5012,5194,5376       | 5.31     |
| 4   | 80         | 10000000 | 1250000   | 117648   | 4       | 2048  | 8    | io_uring | 12        | 16  | decrease  | desc        | desc       | 1024       | 3.02             | 3.18                   | 6   | 8262,8444,8626,8267,8449,8631       | 5.3      |
| 16  | 80         | 10000000 | 2500000   | 117648   | 1048576 | 2     | 4    | io_uring | 12        | 16  | decrease  | desc        | desc       | 2048       | 13.83            | 14.56                  | 6   | 35464,35653,35842,35469,35658,35847 | 5.28     |
| 16  | 80         | 10000000 | 2500000   | 117648   | 1048576 | 2     | 4    | worker   | 12        | 16  | decrease  | desc        | asc        | 1024       | 7.02             | 7.39                   | 6   | 33756,33945,34134,33761,33950,34139 | 5.27     |
| 16  | 80         | 10000000 | 2500000   | 117648   | 1048576 | 2     | 4    | worker   | 12        | 16  | decrease  | desc        | desc       | 4096       | 21.99            | 23.14                  | 6   | 34337,34526,34715,34342,34531,34720 | 5.23     |
| 12  | 80         | 10000000 | 10000000  | 117648   | 16      | 32    | 1    | worker   | 12        | 16  | decrease  | desc        | asc        | 1024       | 0.96             | 1.01                   | 6   | 24516,24719,24922,24521,24724,24927 | 5.21     |
| 8   | 60         | 10000000 | 625000    | 156250   | 1048576 | 128   | 16   | worker   | 12        | 16  | decrease  | desc        | desc       | 128        | 3.31             | 3.48                   | 6   | 15612,15787,15962,15617,15792,15967 | 5.14     |
| 6   | 60         | 10000000 | 625000    | 156250   | 1048576 | 128   | 16   | worker   | 12        | 16  | increase  | desc        | desc       | 8192       | 57.39            | 60.32                  | 6   | 11454,11629,11804,11459,11634,11809 | 5.11     |
| 3   | 80         | 10000000 | 1250000   | 117648   | 4       | 2048  | 8    | worker   | 12        | 16  | decrease  | asc         | desc       | 8          | 1.18             | 1.24                   | 6   | 4937,5119,5301,4942,5124,5306       | 5.08     |
| 17  | 20         | 10000000 | 2500000   | 476191   | 4194304 | 128   | 4    | worker   | 12        | 16  | increase  | asc         | desc       | 8          | 1.59             | 1.67                   | 6   | 36542,36731,36920,36547,36736,36925 | 5.03     |
| 1   | 80         | 10000000 | 1250000   | 117648   | 4       | 2048  | 8    | io_uring | 12        | 16  | increase  | asc         | desc       | 1          | 0.6              | 0.63                   | 6   | 1640,1822,2004,1645,1827,2009       | 5.0      |
| 9   | 80         | 10000000 | 10000000  | 117648   | 16      | 32    | 1    | worker   | 12        | 16  | increase  | asc         | asc        | 256        | 0.4              | 0.42                   | 6   | 17194,17397,17600,17199,17402,17605 | 5.0      |
| 12  | 80         | 10000000 | 10000000  | 117648   | 16      | 32    | 1    | io_uring | 12        | 16  | decrease  | desc        | desc       | 2048       | 0.8              | 0.84                   | 6   | 26350,26553,26756,26355,26558,26761 | 5.0      |
| 11  | 80         | 10000000 | 10000000  | 117648   | 16      | 32    | 1    | io_uring | 12        | 16  | decrease  | asc         | desc       | 262144     | 60.22            | 63.2                   | 6   | 23963,24166,24369,23968,24171,24374 | 4.95     |
| 1   | 80         | 10000000 | 1250000   | 117648   | 4       | 2048  | 8    | io_uring | 12        | 16  | increase  | asc         | asc        | 16         | 1.22             | 1.28                   | 6   | 1122,1304,1486,1127,1309,1491       | 4.92     |
| 9   | 80         | 10000000 | 10000000  | 117648   | 16      | 32    | 1    | io_uring | 12        | 16  | increase  | asc         | asc        | 64         | 0.41             | 0.43                   | 6   | 18398,18601,18804,18403,18606,18809 | 4.88     |
| 7   | 60         | 10000000 | 625000    | 156250   | 1048576 | 128   | 16   | io_uring | 12        | 16  | decrease  | asc         | desc       | 256        | 7.59             | 7.96                   | 6   | 14569,14744,14919,14574,14749,14924 | 4.87     |
| 11  | 80         | 10000000 | 10000000  | 117648   | 16      | 32    | 1    | io_uring | 12        | 16  | decrease  | asc         | desc       | 524288     | 116.52           | 122.2                  | 6   | 23970,24173,24376,23975,24178,24381 | 4.87     |
| 3   | 80         | 10000000 | 1250000   | 117648   | 4       | 2048  | 8    | worker   | 12        | 16  | decrease  | asc         | desc       | 1006072    | 2482.38          | 2602.79                | 6   | 5084,5266,5448,5089,5271,5453       | 4.85     |
| 8   | 60         | 10000000 | 625000    | 156250   | 1048576 | 128   | 16   | worker   | 12        | 16  | decrease  | desc        | desc       | 64         | 2.5              | 2.62                   | 6   | 15605,15780,15955,15610,15785,15960 | 4.8      |
| 8   | 60         | 10000000 | 625000    | 156250   | 1048576 | 128   | 16   | io_uring | 12        | 16  | decrease  | desc        | desc       | 1          | 0.42             | 0.44                   | 6   | 16613,16788,16963,16618,16793,16968 | 4.76     |
| 5   | 60         | 10000000 | 625000    | 156250   | 1048576 | 128   | 16   | io_uring | 12        | 16  | increase  | asc         | asc        | 565536     | 2157.57          | 2258.71                | 6   | 9956,10131,10306,9961,10136,10311   | 4.69     |
| 14  | 80         | 10000000 | 2500000   | 117648   | 1048576 | 2     | 4    | worker   | 12        | 16  | increase  | desc        | asc        | 262144     | 367.28           | 384.25                 | 6   | 29276,29465,29654,29281,29470,29659 | 4.62     |
| 9   | 80         | 10000000 | 10000000  | 117648   | 16      | 32    | 1    | io_uring | 12        | 16  | increase  | asc         | asc        | 32768      | 4.78             | 5.0                    | 6   | 18461,18664,18867,18466,18669,18872 | 4.6      |
| 15  | 80         | 10000000 | 2500000   | 117648   | 1048576 | 2     | 4    | io_uring | 12        | 16  | decrease  | asc         | asc        | 8192       | 41.07            | 42.96                  | 6   | 32643,32832,33021,32648,32837,33026 | 4.6      |
| 2   | 80         | 10000000 | 1250000   | 117648   | 4       | 2048  | 8    | worker   | 12        | 16  | increase  | desc        | asc        | 1006072    | 2494.04          | 2607.4                 | 6   | 2354,2536,2718,2359,2541,2723       | 4.55     |
| 12  | 80         | 10000000 | 10000000  | 117648   | 16      | 32    | 1    | io_uring | 12        | 16  | decrease  | desc        | desc       | 6048576    | 532.47           | 556.5                  | 6   | 26448,26651,26854,26453,26656,26859 | 4.51     |
| 2   | 80         | 10000000 | 1250000   | 117648   | 4       | 2048  | 8    | worker   | 12        | 16  | increase  | desc        | asc        | 256072     | 637.5            | 666.18                 | 6   | 2312,2494,2676,2317,2499,2681       | 4.5      |
| 7   | 60         | 10000000 | 625000    | 156250   | 1048576 | 128   | 16   | io_uring | 12        | 16  | decrease  | asc         | desc       | 16         | 2.45             | 2.56                   | 6   | 14541,14716,14891,14546,14721,14896 | 4.49     |
| 8   | 60         | 10000000 | 625000    | 156250   | 1048576 | 128   | 16   | io_uring | 12        | 16  | decrease  | desc        | asc        | 1024       | 27.89            | 29.14                  | 6   | 16158,16333,16508,16163,16338,16513 | 4.48     |
| 11  | 80         | 10000000 | 10000000  | 117648   | 16      | 32    | 1    | io_uring | 12        | 16  | decrease  | asc         | desc       | 256        | 0.45             | 0.47                   | 6   | 23893,24096,24299,23898,24101,24304 | 4.44     |
| 6   | 60         | 10000000 | 625000    | 156250   | 1048576 | 128   | 16   | io_uring | 12        | 16  | increase  | desc        | desc       | 16         | 2.48             | 2.59                   | 6   | 12441,12616,12791,12446,12621,12796 | 4.44     |
| 3   | 80         | 10000000 | 1250000   | 117648   | 4       | 2048  | 8    | worker   | 12        | 16  | decrease  | asc         | desc       | 506072     | 1256.28          | 1311.97                | 6   | 5056,5238,5420,5061,5243,5425       | 4.43     |
| 2   | 80         | 10000000 | 1250000   | 117648   | 4       | 2048  | 8    | worker   | 12        | 16  | increase  | desc        | asc        | 4096       | 13.78            | 14.39                  | 6   | 2270,2452,2634,2275,2457,2639       | 4.43     |
| 17  | 20         | 10000000 | 2500000   | 476191   | 4194304 | 128   | 4    | worker   | 12        | 16  | increase  | asc         | desc       | 32         | 6.16             | 6.43                   | 6   | 36556,36745,36934,36561,36750,36939 | 4.38     |
| 4   | 80         | 10000000 | 1250000   | 117648   | 4       | 2048  | 8    | worker   | 12        | 16  | decrease  | desc        | desc       | 1024       | 3.66             | 3.82                   | 6   | 7170,7352,7534,7175,7357,7539       | 4.37     |
| 6   | 60         | 10000000 | 625000    | 156250   | 1048576 | 128   | 16   | worker   | 12        | 16  | increase  | desc        | asc        | 512        | 11.23            | 11.72                  | 6   | 10901,11076,11251,10906,11081,11256 | 4.36     |
| 11  | 80         | 10000000 | 10000000  | 117648   | 16      | 32    | 1    | worker   | 12        | 16  | decrease  | asc         | asc        | 1          | 0.23             | 0.24                   | 6   | 22010,22213,22416,22015,22218,22421 | 4.35     |
| 11  | 80         | 10000000 | 10000000  | 117648   | 16      | 32    | 1    | io_uring | 12        | 16  | decrease  | asc         | desc       | 5048576    | 1104.4           | 1151.97                | 6   | 24005,24208,24411,24010,24213,24416 | 4.31     |
| 11  | 80         | 10000000 | 10000000  | 117648   | 16      | 32    | 1    | worker   | 12        | 16  | decrease  | asc         | asc        | 1024       | 0.93             | 0.97                   | 6   | 22080,22283,22486,22085,22288,22491 | 4.3      |
| 18  | 20         | 10000000 | 2500000   | 476191   | 4194304 | 128   | 4    | worker   | 12        | 16  | increase  | desc        | asc        | 2048       | 49.69            | 51.82                  | 6   | 38299,38488,38677,38304,38493,38682 | 4.29     |
| 17  | 20         | 10000000 | 2500000   | 476191   | 4194304 | 128   | 4    | io_uring | 12        | 16  | increase  | asc         | asc        | 32         | 5.37             | 5.6                    | 6   | 37123,37312,37501,37128,37317,37506 | 4.28     |
| 15  | 80         | 10000000 | 2500000   | 117648   | 1048576 | 2     | 4    | worker   | 12        | 16  | decrease  | asc         | desc       | 1024       | 7.01             | 7.31                   | 6   | 32055,32244,32433,32060,32249,32438 | 4.28     |
| 13  | 80         | 10000000 | 2500000   | 117648   | 1048576 | 2     | 4    | worker   | 12        | 16  | increase  | asc         | asc        | 8192       | 32.4             | 33.78                  | 6   | 26973,27162,27351,26978,27167,27356 | 4.26     |
| 1   | 80         | 10000000 | 1250000   | 117648   | 4       | 2048  | 8    | worker   | 12        | 16  | increase  | asc         | asc        | 4          | 0.94             | 0.98                   | 6   | 16,198,380,21,203,385               | 4.26     |
| 12  | 80         | 10000000 | 10000000  | 117648   | 16      | 32    | 1    | worker   | 12        | 16  | decrease  | desc        | desc       | 2048       | 0.94             | 0.98                   | 6   | 25132,25335,25538,25137,25340,25543 | 4.26     |
| 10  | 80         | 10000000 | 10000000  | 117648   | 16      | 32    | 1    | io_uring | 12        | 16  | increase  | desc        | asc        | 131072     | 30.83            | 32.14                  | 6   | 20911,21114,21317,20916,21119,21322 | 4.25     |
| 9   | 80         | 10000000 | 10000000  | 117648   | 16      | 32    | 1    | io_uring | 12        | 16  | increase  | asc         | asc        | 262144     | 27.54            | 28.69                  | 6   | 18482,18685,18888,18487,18690,18893 | 4.18     |
| 10  | 80         | 10000000 | 10000000  | 117648   | 16      | 32    | 1    | worker   | 12        | 16  | increase  | desc        | asc        | 1          | 0.24             | 0.25                   | 6   | 19574,19777,19980,19579,19782,19985 | 4.17     |
| 10  | 80         | 10000000 | 10000000  | 117648   | 16      | 32    | 1    | io_uring | 12        | 16  | increase  | desc        | asc        | 9048576    | 2009.07          | 2089.96                | 6   | 20988,21191,21394,20993,21196,21399 | 4.03     |
| 3   | 80         | 10000000 | 1250000   | 117648   | 4       | 2048  | 8    | worker   | 12        | 16  | decrease  | asc         | desc       | 1          | 0.5              | 0.52                   | 6   | 4916,5098,5280,4921,5103,5285       | 4.0      |
| 5   | 60         | 10000000 | 625000    | 156250   | 1048576 | 128   | 16   | worker   | 12        | 16  | increase  | asc         | asc        | 2          | 0.5              | 0.52                   | 6   | 8745,8920,9095,8750,8925,9100       | 4.0      |
| 9   | 80         | 10000000 | 10000000  | 117648   | 16      | 32    | 1    | worker   | 12        | 16  | increase  | asc         | asc        | 1          | 0.25             | 0.26                   | 6   | 17138,17341,17544,17143,17346,17549 | 4.0      |
| 12  | 80         | 10000000 | 10000000  | 117648   | 16      | 32    | 1    | worker   | 12        | 16  | decrease  | desc        | asc        | 32         | 0.25             | 0.26                   | 6   | 24481,24684,24887,24486,24689,24892 | 4.0      |
| 11  | 80         | 10000000 | 10000000  | 117648   | 16      | 32    | 1    | io_uring | 12        | 16  | decrease  | asc         | desc       | 4096       | 1.51             | 1.57                   | 6   | 23921,24124,24327,23926,24129,24332 | 3.97     |
| 11  | 80         | 10000000 | 10000000  | 117648   | 16      | 32    | 1    | io_uring | 12        | 16  | decrease  | asc         | desc       | 7048576    | 1516.28          | 1575.58                | 6   | 24019,24222,24425,24024,24227,24430 | 3.91     |
| 5   | 60         | 10000000 | 625000    | 156250   | 1048576 | 128   | 16   | io_uring | 12        | 16  | increase  | asc         | desc       | 128        | 5.89             | 6.12                   | 6   | 10362,10537,10712,10367,10542,10717 | 3.9      |
| 9   | 80         | 10000000 | 10000000  | 117648   | 16      | 32    | 1    | worker   | 12        | 16  | increase  | asc         | desc       | 262144     | 228.33           | 237.22                 | 6   | 17873,18076,18279,17878,18081,18284 | 3.89     |
| 3   | 80         | 10000000 | 1250000   | 117648   | 4       | 2048  | 8    | worker   | 12        | 16  | decrease  | asc         | desc       | 381072     | 949.71           | 986.36                 | 6   | 5049,5231,5413,5054,5236,5418       | 3.86     |
| 11  | 80         | 10000000 | 10000000  | 117648   | 16      | 32    | 1    | io_uring | 12        | 16  | decrease  | asc         | desc       | 1          | 0.26             | 0.27                   | 6   | 23837,24040,24243,23842,24045,24248 | 3.85     |
| 13  | 80         | 10000000 | 2500000   | 117648   | 1048576 | 2     | 4    | worker   | 12        | 16  | increase  | asc         | desc       | 1          | 0.26             | 0.27                   | 6   | 27449,27638,27827,27454,27643,27832 | 3.85     |
| 15  | 80         | 10000000 | 2500000   | 117648   | 1048576 | 2     | 4    | io_uring | 12        | 16  | decrease  | asc         | desc       | 1          | 0.26             | 0.27                   | 6   | 33119,33308,33497,33124,33313,33502 | 3.85     |
| 14  | 80         | 10000000 | 2500000   | 117648   | 1048576 | 2     | 4    | io_uring | 12        | 16  | increase  | desc        | asc        | 65536      | 181.49           | 188.43                 | 6   | 30396,30585,30774,30401,30590,30779 | 3.82     |
| 10  | 80         | 10000000 | 10000000  | 117648   | 16      | 32    | 1    | io_uring | 12        | 16  | increase  | desc        | asc        | 7048576    | 1560.72          | 1619.83                | 6   | 20974,21177,21380,20979,21182,21385 | 3.79     |
| 10  | 80         | 10000000 | 10000000  | 117648   | 16      | 32    | 1    | io_uring | 12        | 16  | increase  | desc        | asc        | 3048576    | 678.19           | 703.86                 | 6   | 20946,21149,21352,20951,21154,21357 | 3.79     |
| 11  | 80         | 10000000 | 10000000  | 117648   | 16      | 32    | 1    | io_uring | 12        | 16  | decrease  | asc         | desc       | 512        | 0.53             | 0.55                   | 6   | 23900,24103,24306,23905,24108,24311 | 3.77     |
| 3   | 80         | 10000000 | 1250000   | 117648   | 4       | 2048  | 8    | worker   | 12        | 16  | decrease  | asc         | desc       | 881072     | 2216.49          | 2299.53                | 6   | 5077,5259,5441,5082,5264,5446       | 3.75     |
| 6   | 60         | 10000000 | 625000    | 156250   | 1048576 | 128   | 16   | worker   | 12        | 16  | increase  | desc        | desc       | 16384      | 104.5            | 108.4                  | 6   | 11461,11636,11811,11466,11641,11816 | 3.73     |
| 9   | 80         | 10000000 | 10000000  | 117648   | 16      | 32    | 1    | worker   | 12        | 16  | increase  | asc         | asc        | 8          | 0.27             | 0.28                   | 6   | 17159,17362,17565,17164,17367,17570 | 3.7      |
| 9   | 80         | 10000000 | 10000000  | 117648   | 16      | 32    | 1    | worker   | 12        | 16  | increase  | asc         | asc        | 16         | 0.27             | 0.28                   | 6   | 17166,17369,17572,17171,17374,17577 | 3.7      |
| 10  | 80         | 10000000 | 10000000  | 117648   | 16      | 32    | 1    | worker   | 12        | 16  | increase  | desc        | desc       | 16         | 0.27             | 0.28                   | 6   | 20211,20414,20617,20216,20419,20622 | 3.7      |
| 11  | 80         | 10000000 | 10000000  | 117648   | 16      | 32    | 1    | worker   | 12        | 16  | decrease  | asc         | asc        | 32         | 0.27             | 0.28                   | 6   | 22045,22248,22451,22050,22253,22456 | 3.7      |
| 15  | 80         | 10000000 | 2500000   | 117648   | 1048576 | 2     | 4    | worker   | 12        | 16  | decrease  | asc         | asc        | 2          | 0.27             | 0.28                   | 6   | 31425,31614,31803,31430,31619,31808 | 3.7      |
| 16  | 80         | 10000000 | 2500000   | 117648   | 1048576 | 2     | 4    | io_uring | 12        | 16  | decrease  | desc        | desc       | 1          | 0.27             | 0.28                   | 6   | 35387,35576,35765,35392,35581,35770 | 3.7      |
| 2   | 80         | 10000000 | 1250000   | 117648   | 4       | 2048  | 8    | worker   | 12        | 16  | increase  | desc        | asc        | 631072     | 1576.63          | 1634.29                | 6   | 2333,2515,2697,2338,2520,2702       | 3.66     |
| 11  | 80         | 10000000 | 10000000  | 117648   | 16      | 32    | 1    | io_uring | 12        | 16  | decrease  | asc         | desc       | 9048576    | 1949.73          | 2020.59                | 6   | 24033,24236,24439,24038,24241,24444 | 3.63     |
| 11  | 80         | 10000000 | 10000000  | 117648   | 16      | 32    | 1    | io_uring | 12        | 16  | decrease  | asc         | desc       | 8048576    | 1734.59          | 1797.38                | 6   | 24026,24229,24432,24031,24234,24437 | 3.62     |
| 10  | 80         | 10000000 | 10000000  | 117648   | 16      | 32    | 1    | io_uring | 12        | 16  | increase  | desc        | asc        | 8048576    | 1784.49          | 1849.03                | 6   | 20981,21184,21387,20986,21189,21392 | 3.62     |
| 3   | 80         | 10000000 | 1250000   | 117648   | 4       | 2048  | 8    | worker   | 12        | 16  | decrease  | asc         | desc       | 131072     | 333.15           | 345.19                 | 6   | 5035,5217,5399,5040,5222,5404       | 3.61     |
| 9   | 80         | 10000000 | 10000000  | 117648   | 16      | 32    | 1    | io_uring | 12        | 16  | increase  | asc         | asc        | 4096       | 1.11             | 1.15                   | 6   | 18440,18643,18846,18445,18648,18851 | 3.6      |
| 4   | 80         | 10000000 | 1250000   | 117648   | 4       | 2048  | 8    | worker   | 12        | 16  | decrease  | desc        | desc       | 756072     | 1217.28          | 1261.12                | 6   | 7254,7436,7618,7259,7441,7623       | 3.6      |
| 8   | 60         | 10000000 | 625000    | 156250   | 1048576 | 128   | 16   | io_uring | 12        | 16  | decrease  | desc        | desc       | 503036     | 1982.61          | 2053.95                | 6   | 16774,16949,17124,16779,16954,17129 | 3.6      |
| 11  | 80         | 10000000 | 10000000  | 117648   | 16      | 32    | 1    | worker   | 12        | 16  | decrease  | asc         | desc       | 4          | 0.28             | 0.29                   | 6   | 22633,22836,23039,22638,22841,23044 | 3.57     |
| 14  | 80         | 10000000 | 2500000   | 117648   | 1048576 | 2     | 4    | worker   | 12        | 16  | increase  | desc        | asc        | 2          | 0.28             | 0.29                   | 6   | 29157,29346,29535,29162,29351,29540 | 3.57     |
| 10  | 80         | 10000000 | 10000000  | 117648   | 16      | 32    | 1    | io_uring | 12        | 16  | increase  | desc        | asc        | 6048576    | 1342.16          | 1389.75                | 6   | 20967,21170,21373,20972,21175,21378 | 3.55     |
| 10  | 80         | 10000000 | 10000000  | 117648   | 16      | 32    | 1    | io_uring | 12        | 16  | increase  | desc        | asc        | 2048576    | 457.88           | 473.89                 | 6   | 20939,21142,21345,20944,21147,21350 | 3.5      |
| 2   | 80         | 10000000 | 1250000   | 117648   | 4       | 2048  | 8    | io_uring | 12        | 16  | increase  | desc        | asc        | 32         | 1.43             | 1.48                   | 6   | 3313,3495,3677,3318,3500,3682       | 3.5      |
| 12  | 80         | 10000000 | 10000000  | 117648   | 16      | 32    | 1    | worker   | 12        | 16  | decrease  | desc        | asc        | 8192       | 5.74             | 5.94                   | 6   | 24537,24740,24943,24542,24745,24948 | 3.48     |
| 14  | 80         | 10000000 | 2500000   | 117648   | 1048576 | 2     | 4    | worker   | 12        | 16  | increase  | desc        | desc       | 65536      | 135.78           | 140.48                 | 6   | 29829,30018,30207,29834,30023,30212 | 3.46     |
| 16  | 80         | 10000000 | 2500000   | 117648   | 1048576 | 2     | 4    | worker   | 12        | 16  | decrease  | desc        | asc        | 8          | 0.58             | 0.6                    | 6   | 33707,33896,34085,33712,33901,34090 | 3.45     |
| 12  | 80         | 10000000 | 10000000  | 117648   | 16      | 32    | 1    | io_uring | 12        | 16  | decrease  | desc        | desc       | 65536      | 8.13             | 8.41                   | 6   | 26385,26588,26791,26390,26593,26796 | 3.44     |
| 4   | 80         | 10000000 | 1250000   | 117648   | 4       | 2048  | 8    | worker   | 12        | 16  | decrease  | desc        | desc       | 512        | 2.62             | 2.71                   | 6   | 7163,7345,7527,7168,7350,7532       | 3.44     |
| 10  | 80         | 10000000 | 10000000  | 117648   | 16      | 32    | 1    | io_uring | 12        | 16  | increase  | desc        | asc        | 5048576    | 1124.05          | 1162.53                | 6   | 20960,21163,21366,20965,21168,21371 | 3.42     |
| 3   | 80         | 10000000 | 1250000   | 117648   | 4       | 2048  | 8    | io_uring | 12        | 16  | decrease  | asc         | desc       | 8          | 1.17             | 1.21                   | 6   | 6029,6211,6393,6034,6216,6398       | 3.42     |
| 16  | 80         | 10000000 | 2500000   | 117648   | 1048576 | 2     | 4    | worker   | 12        | 16  | decrease  | desc        | desc       | 32         | 1.78             | 1.84                   | 6   | 34288,34477,34666,34293,34482,34671 | 3.37     |
| 13  | 80         | 10000000 | 2500000   | 117648   | 1048576 | 2     | 4    | worker   | 12        | 16  | increase  | asc         | asc        | 128        | 4.46             | 4.61                   | 6   | 26931,27120,27309,26936,27125,27314 | 3.36     |
| 11  | 80         | 10000000 | 10000000  | 117648   | 16      | 32    | 1    | io_uring | 12        | 16  | decrease  | asc         | desc       | 4048576    | 888.76           | 918.52                 | 6   | 23998,24201,24404,24003,24206,24409 | 3.35     |
| 7   | 60         | 10000000 | 625000    | 156250   | 1048576 | 128   | 16   | io_uring | 12        | 16  | decrease  | asc         | desc       | 2048       | 49.76            | 51.42                  | 6   | 14590,14765,14940,14595,14770,14945 | 3.34     |
| 10  | 80         | 10000000 | 10000000  | 117648   | 16      | 32    | 1    | io_uring | 12        | 16  | increase  | desc        | asc        | 4048576    | 903.2            | 933.18                 | 6   | 20953,21156,21359,20958,21161,21364 | 3.32     |
| 8   | 60         | 10000000 | 625000    | 156250   | 1048576 | 128   | 16   | worker   | 12        | 16  | decrease  | desc        | desc       | 565536     | 2068.99          | 2137.44                | 6   | 15731,15906,16081,15736,15911,16086 | 3.31     |
| 8   | 60         | 10000000 | 625000    | 156250   | 1048576 | 128   | 16   | io_uring | 12        | 16  | decrease  | desc        | desc       | 440536     | 1769.34          | 1827.35                | 6   | 16767,16942,17117,16772,16947,17122 | 3.28     |
| 15  | 80         | 10000000 | 2500000   | 117648   | 1048576 | 2     | 4    | worker   | 12        | 16  | decrease  | asc         | asc        | 16         | 0.92             | 0.95                   | 6   | 31446,31635,31824,31451,31640,31829 | 3.26     |
| 5   | 60         | 10000000 | 625000    | 156250   | 1048576 | 128   | 16   | io_uring | 12        | 16  | increase  | asc         | asc        | 503036     | 1968.19          | 2031.71                | 6   | 9949,10124,10299,9954,10129,10304   | 3.23     |
| 11  | 80         | 10000000 | 10000000  | 117648   | 16      | 32    | 1    | io_uring | 12        | 16  | decrease  | asc         | asc        | 32         | 0.31             | 0.32                   | 6   | 23263,23466,23669,23268,23471,23674 | 3.23     |
| 11  | 80         | 10000000 | 10000000  | 117648   | 16      | 32    | 1    | worker   | 12        | 16  | decrease  | asc         | asc        | 64         | 0.31             | 0.32                   | 6   | 22052,22255,22458,22057,22260,22463 | 3.23     |
| 15  | 80         | 10000000 | 2500000   | 117648   | 1048576 | 2     | 4    | io_uring | 12        | 16  | decrease  | asc         | desc       | 16384      | 76.91            | 79.36                  | 6   | 33217,33406,33595,33222,33411,33600 | 3.19     |
| 17  | 20         | 10000000 | 2500000   | 476191   | 4194304 | 128   | 4    | io_uring | 12        | 16  | increase  | asc         | asc        | 1512144    | 4852.23          | 5005.71                | 6   | 37249,37438,37627,37254,37443,37632 | 3.16     |
| 16  | 80         | 10000000 | 2500000   | 117648   | 1048576 | 2     | 4    | io_uring | 12        | 16  | decrease  | desc        | asc        | 32         | 1.92             | 1.98                   | 6   | 34855,35044,35233,34860,35049,35238 | 3.13     |
| 8   | 60         | 10000000 | 625000    | 156250   | 1048576 | 128   | 16   | io_uring | 12        | 16  | decrease  | desc        | asc        | 16         | 2.27             | 2.34                   | 6   | 16116,16291,16466,16121,16296,16471 | 3.08     |
| 15  | 80         | 10000000 | 2500000   | 117648   | 1048576 | 2     | 4    | io_uring | 12        | 16  | decrease  | asc         | desc       | 8          | 0.65             | 0.67                   | 6   | 33140,33329,33518,33145,33334,33523 | 3.08     |
| 8   | 60         | 10000000 | 625000    | 156250   | 1048576 | 128   | 16   | io_uring | 12        | 16  | decrease  | desc        | desc       | 565536     | 2181.83          | 2248.91                | 6   | 16781,16956,17131,16786,16961,17136 | 3.07     |
| 3   | 80         | 10000000 | 1250000   | 117648   | 4       | 2048  | 8    | worker   | 12        | 16  | decrease  | asc         | asc        | 64         | 1.64             | 1.69                   | 6   | 4412,4594,4776,4417,4599,4781       | 3.05     |
| 2   | 80         | 10000000 | 1250000   | 117648   | 4       | 2048  | 8    | worker   | 12        | 16  | increase  | desc        | asc        | 1131072    | 2812.36          | 2897.83                | 6   | 2361,2543,2725,2366,2548,2730       | 3.04     |
| 10  | 80         | 10000000 | 10000000  | 117648   | 16      | 32    | 1    | io_uring | 12        | 16  | increase  | desc        | asc        | 32         | 0.33             | 0.34                   | 6   | 20827,21030,21233,20832,21035,21238 | 3.03     |
| 12  | 80         | 10000000 | 10000000  | 117648   | 16      | 32    | 1    | io_uring | 12        | 16  | decrease  | desc        | desc       | 32         | 0.33             | 0.34                   | 6   | 26308,26511,26714,26313,26516,26719 | 3.03     |
| 13  | 80         | 10000000 | 2500000   | 117648   | 1048576 | 2     | 4    | io_uring | 12        | 16  | increase  | asc         | desc       | 1024       | 9.28             | 9.56                   | 6   | 28653,28842,29031,28658,28847,29036 | 3.02     |
| 14  | 80         | 10000000 | 2500000   | 117648   | 1048576 | 2     | 4    | worker   | 12        | 16  | increase  | desc        | asc        | 512144     | 660.1            | 679.99                 | 6   | 29283,29472,29661,29288,29477,29666 | 3.01     |
| 2   | 80         | 10000000 | 1250000   | 117648   | 4       | 2048  | 8    | worker   | 12        | 16  | increase  | desc        | desc       | 32         | 1.33             | 1.37                   | 6   | 2767,2949,3131,2772,2954,3136       | 3.01     |
| 3   | 80         | 10000000 | 1250000   | 117648   | 4       | 2048  | 8    | worker   | 12        | 16  | decrease  | asc         | desc       | 256        | 2.33             | 2.4                    | 6   | 4972,5154,5336,4977,5159,5341       | 3.0      |
| 17  | 20         | 10000000 | 2500000   | 476191   | 4194304 | 128   | 4    | worker   | 12        | 16  | increase  | asc         | asc        | 2262144    | 5894.22          | 6069.06                | 6   | 36136,36325,36514,36141,36330,36519 | 2.97     |
| 10  | 80         | 10000000 | 10000000  | 117648   | 16      | 32    | 1    | worker   | 12        | 16  | increase  | desc        | desc       | 64         | 0.34             | 0.35                   | 6   | 20225,20428,20631,20230,20433,20636 | 2.94     |
| 16  | 80         | 10000000 | 2500000   | 117648   | 1048576 | 2     | 4    | io_uring | 12        | 16  | decrease  | desc        | asc        | 16384      | 79.9             | 82.24                  | 6   | 34918,35107,35296,34923,35112,35301 | 2.93     |
| 4   | 80         | 10000000 | 1250000   | 117648   | 4       | 2048  | 8    | io_uring | 12        | 16  | decrease  | desc        | asc        | 64         | 1.72             | 1.77                   | 6   | 7688,7870,8052,7693,7875,8057       | 2.91     |
| 6   | 60         | 10000000 | 625000    | 156250   | 1048576 | 128   | 16   | worker   | 12        | 16  | increase  | desc        | asc        | 16         | 2.08             | 2.14                   | 6   | 10866,11041,11216,10871,11046,11221 | 2.88     |
| 11  | 80         | 10000000 | 10000000  | 117648   | 16      | 32    | 1    | io_uring | 12        | 16  | decrease  | asc         | desc       | 6048576    | 1316.61          | 1354.44                | 6   | 24012,24215,24418,24017,24220,24423 | 2.87     |
| 9   | 80         | 10000000 | 10000000  | 117648   | 16      | 32    | 1    | worker   | 12        | 16  | increase  | asc         | desc       | 32         | 0.35             | 0.36                   | 6   | 17782,17985,18188,17787,17990,18193 | 2.86     |
| 13  | 80         | 10000000 | 2500000   | 117648   | 1048576 | 2     | 4    | worker   | 12        | 16  | increase  | asc         | asc        | 262144     | 262.91           | 270.39                 | 6   | 27008,27197,27386,27013,27202,27391 | 2.85     |
| 7   | 60         | 10000000 | 625000    | 156250   | 1048576 | 128   | 16   | worker   | 12        | 16  | decrease  | asc         | desc       | 256        | 6.72             | 6.91                   | 6   | 13519,13694,13869,13524,13699,13874 | 2.83     |
| 11  | 80         | 10000000 | 10000000  | 117648   | 16      | 32    | 1    | io_uring | 12        | 16  | decrease  | asc         | desc       | 65536      | 16.06            | 16.51                  | 6   | 23949,24152,24355,23954,24157,24360 | 2.8      |
| 10  | 80         | 10000000 | 10000000  | 117648   | 16      | 32    | 1    | io_uring | 12        | 16  | increase  | desc        | asc        | 262144     | 60.91            | 62.6                   | 6   | 20918,21121,21324,20923,21126,21329 | 2.77     |
| 3   | 80         | 10000000 | 1250000   | 117648   | 4       | 2048  | 8    | worker   | 12        | 16  | decrease  | asc         | desc       | 32768      | 93.75            | 96.3                   | 6   | 5021,5203,5385,5026,5208,5390       | 2.72     |
| 6   | 60         | 10000000 | 625000    | 156250   | 1048576 | 128   | 16   | worker   | 12        | 16  | increase  | desc        | desc       | 512        | 6.28             | 6.45                   | 6   | 11426,11601,11776,11431,11606,11781 | 2.71     |
| 9   | 80         | 10000000 | 10000000  | 117648   | 16      | 32    | 1    | io_uring | 12        | 16  | increase  | asc         | asc        | 32         | 0.37             | 0.38                   | 6   | 18391,18594,18797,18396,18599,18802 | 2.7      |
| 4   | 80         | 10000000 | 1250000   | 117648   | 4       | 2048  | 8    | worker   | 12        | 16  | decrease  | desc        | asc        | 256        | 2.97             | 3.05                   | 6   | 6610,6792,6974,6615,6797,6979       | 2.69     |
| 2   | 80         | 10000000 | 1250000   | 117648   | 4       | 2048  | 8    | worker   | 12        | 16  | increase  | desc        | asc        | 8          | 1.12             | 1.15                   | 6   | 2207,2389,2571,2212,2394,2576       | 2.68     |
| 3   | 80         | 10000000 | 1250000   | 117648   | 4       | 2048  | 8    | io_uring | 12        | 16  | decrease  | asc         | desc       | 256        | 1.87             | 1.92                   | 6   | 6064,6246,6428,6069,6251,6433       | 2.67     |
| 14  | 80         | 10000000 | 2500000   | 117648   | 1048576 | 2     | 4    | io_uring | 12        | 16  | increase  | desc        | asc        | 16         | 1.13             | 1.16                   | 6   | 30312,30501,30690,30317,30506,30695 | 2.65     |
| 16  | 80         | 10000000 | 2500000   | 117648   | 1048576 | 2     | 4    | io_uring | 12        | 16  | decrease  | desc        | asc        | 16         | 1.14             | 1.17                   | 6   | 34848,35037,35226,34853,35042,35231 | 2.63     |
| 10  | 80         | 10000000 | 10000000  | 117648   | 16      | 32    | 1    | worker   | 12        | 16  | increase  | desc        | asc        | 256        | 0.38             | 0.39                   | 6   | 19630,19833,20036,19635,19838,20041 | 2.63     |
| 17  | 20         | 10000000 | 2500000   | 476191   | 4194304 | 128   | 4    | worker   | 12        | 16  | increase  | asc         | desc       | 262144     | 2479.05          | 2543.8                 | 6   | 36647,36836,37025,36652,36841,37030 | 2.61     |
| 15  | 80         | 10000000 | 2500000   | 117648   | 1048576 | 2     | 4    | io_uring | 12        | 16  | decrease  | asc         | asc        | 32         | 1.92             | 1.97                   | 6   | 32587,32776,32965,32592,32781,32970 | 2.6      |
| 3   | 80         | 10000000 | 1250000   | 117648   | 4       | 2048  | 8    | io_uring | 12        | 16  | decrease  | asc         | asc        | 2          | 0.77             | 0.79                   | 6   | 5469,5651,5833,5474,5656,5838       | 2.6      |
| 11  | 80         | 10000000 | 10000000  | 117648   | 16      | 32    | 1    | io_uring | 12        | 16  | decrease  | asc         | desc       | 1048576    | 234.3            | 240.38                 | 6   | 23977,24180,24383,23982,24185,24388 | 2.59     |
| 16  | 80         | 10000000 | 2500000   | 117648   | 1048576 | 2     | 4    | io_uring | 12        | 16  | decrease  | desc        | asc        | 2048       | 15.2             | 15.59                  | 6   | 34897,35086,35275,34902,35091,35280 | 2.57     |
| 4   | 80         | 10000000 | 1250000   | 117648   | 4       | 2048  | 8    | worker   | 12        | 16  | decrease  | desc        | asc        | 64         | 1.56             | 1.6                    | 6   | 6596,6778,6960,6601,6783,6965       | 2.56     |
| 9   | 80         | 10000000 | 10000000  | 117648   | 16      | 32    | 1    | io_uring | 12        | 16  | increase  | asc         | desc       | 64         | 0.39             | 0.4                    | 6   | 19007,19210,19413,19012,19215,19418 | 2.56     |
| 11  | 80         | 10000000 | 10000000  | 117648   | 16      | 32    | 1    | worker   | 12        | 16  | decrease  | asc         | desc       | 1024       | 0.78             | 0.8                    | 6   | 22689,22892,23095,22694,22897,23100 | 2.56     |
| 13  | 80         | 10000000 | 2500000   | 117648   | 1048576 | 2     | 4    | worker   | 12        | 16  | increase  | asc         | desc       | 32768      | 101.51           | 104.1                  | 6   | 27554,27743,27932,27559,27748,27937 | 2.55     |
| 5   | 60         | 10000000 | 625000    | 156250   | 1048576 | 128   | 16   | io_uring | 12        | 16  | increase  | asc         | asc        | 440536     | 1793.83          | 1839.56                | 6   | 9942,10117,10292,9947,10122,10297   | 2.55     |
| 10  | 80         | 10000000 | 10000000  | 117648   | 16      | 32    | 1    | io_uring | 12        | 16  | increase  | desc        | asc        | 1048576    | 236.21           | 242.13                 | 6   | 20932,21135,21338,20937,21140,21343 | 2.51     |
| 5   | 60         | 10000000 | 625000    | 156250   | 1048576 | 128   | 16   | io_uring | 12        | 16  | increase  | asc         | asc        | 4          | 0.82             | 0.84                   | 6   | 9802,9977,10152,9807,9982,10157     | 2.44     |
| 13  | 80         | 10000000 | 2500000   | 117648   | 1048576 | 2     | 4    | io_uring | 12        | 16  | increase  | asc         | asc        | 131072     | 195.66           | 200.42                 | 6   | 28135,28324,28513,28140,28329,28518 | 2.43     |
| 17  | 20         | 10000000 | 2500000   | 476191   | 4194304 | 128   | 4    | io_uring | 12        | 16  | increase  | asc         | desc       | 1024       | 40.42            | 41.4                   | 6   | 37725,37914,38103,37730,37919,38108 | 2.42     |
| 11  | 80         | 10000000 | 10000000  | 117648   | 16      | 32    | 1    | worker   | 12        | 16  | decrease  | asc         | desc       | 131072     | 35.9             | 36.73                  | 6   | 22738,22941,23144,22743,22946,23149 | 2.31     |
| 7   | 60         | 10000000 | 625000    | 156250   | 1048576 | 128   | 16   | worker   | 12        | 16  | decrease  | asc         | desc       | 2048       | 41.9             | 42.86                  | 6   | 13540,13715,13890,13545,13720,13895 | 2.29     |
| 15  | 80         | 10000000 | 2500000   | 117648   | 1048576 | 2     | 4    | worker   | 12        | 16  | decrease  | asc         | desc       | 8192       | 35.39            | 36.19                  | 6   | 32076,32265,32454,32081,32270,32459 | 2.26     |
| 14  | 80         | 10000000 | 2500000   | 117648   | 1048576 | 2     | 4    | io_uring | 12        | 16  | increase  | desc        | desc       | 4096       | 25.86            | 26.44                  | 6   | 30935,31124,31313,30940,31129,31318 | 2.24     |
| 9   | 80         | 10000000 | 10000000  | 117648   | 16      | 32    | 1    | io_uring | 12        | 16  | increase  | asc         | asc        | 128        | 0.45             | 0.46                   | 6   | 18405,18608,18811,18410,18613,18816 | 2.22     |
| 1   | 80         | 10000000 | 1250000   | 117648   | 4       | 2048  | 8    | io_uring | 12        | 16  | increase  | asc         | asc        | 512        | 2.25             | 2.3                    | 6   | 1157,1339,1521,1162,1344,1526       | 2.22     |
| 16  | 80         | 10000000 | 2500000   | 117648   | 1048576 | 2     | 4    | worker   | 12        | 16  | decrease  | desc        | asc        | 16384      | 59.41            | 60.71                  | 6   | 33784,33973,34162,33789,33978,34167 | 2.19     |
| 11  | 80         | 10000000 | 10000000  | 117648   | 16      | 32    | 1    | io_uring | 12        | 16  | decrease  | asc         | desc       | 3048576    | 674.43           | 689.05                 | 6   | 23991,24194,24397,23996,24199,24402 | 2.17     |
| 15  | 80         | 10000000 | 2500000   | 117648   | 1048576 | 2     | 4    | io_uring | 12        | 16  | decrease  | asc         | asc        | 256        | 3.73             | 3.81                   | 6   | 32608,32797,32986,32613,32802,32991 | 2.14     |
| 14  | 80         | 10000000 | 2500000   | 117648   | 1048576 | 2     | 4    | io_uring | 12        | 16  | increase  | desc        | asc        | 32768      | 129.53           | 132.29                 | 6   | 30389,30578,30767,30394,30583,30772 | 2.13     |
| 9   | 80         | 10000000 | 10000000  | 117648   | 16      | 32    | 1    | worker   | 12        | 16  | increase  | asc         | asc        | 16384      | 3.3              | 3.37                   | 6   | 17236,17439,17642,17241,17444,17647 | 2.12     |
| 13  | 80         | 10000000 | 2500000   | 117648   | 1048576 | 2     | 4    | io_uring | 12        | 16  | increase  | asc         | asc        | 16384      | 68.91            | 70.37                  | 6   | 28114,28303,28492,28119,28308,28497 | 2.12     |
| 8   | 60         | 10000000 | 625000    | 156250   | 1048576 | 128   | 16   | worker   | 12        | 16  | decrease  | desc        | desc       | 503036     | 1869.83          | 1909.17                | 6   | 15724,15899,16074,15729,15904,16079 | 2.1      |
| 15  | 80         | 10000000 | 2500000   | 117648   | 1048576 | 2     | 4    | worker   | 12        | 16  | decrease  | asc         | desc       | 131072     | 216.45           | 220.73                 | 6   | 32104,32293,32482,32109,32298,32487 | 1.98     |
| 14  | 80         | 10000000 | 2500000   | 117648   | 1048576 | 2     | 4    | worker   | 12        | 16  | increase  | desc        | asc        | 762144     | 952.22           | 970.99                 | 6   | 29290,29479,29668,29295,29484,29673 | 1.97     |
| 17  | 20         | 10000000 | 2500000   | 476191   | 4194304 | 128   | 4    | io_uring | 12        | 16  | increase  | asc         | asc        | 4          | 1.02             | 1.04                   | 6   | 37102,37291,37480,37107,37296,37485 | 1.96     |
| 7   | 60         | 10000000 | 625000    | 156250   | 1048576 | 128   | 16   | io_uring | 12        | 16  | decrease  | asc         | asc        | 378036     | 1534.89          | 1564.88                | 6   | 14135,14310,14485,14140,14315,14490 | 1.95     |
| 2   | 80         | 10000000 | 1250000   | 117648   | 4       | 2048  | 8    | worker   | 12        | 16  | increase  | desc        | asc        | 506072     | 1296.17          | 1321.13                | 6   | 2326,2508,2690,2331,2513,2695       | 1.93     |
| 6   | 60         | 10000000 | 625000    | 156250   | 1048576 | 128   | 16   | worker   | 12        | 16  | increase  | desc        | asc        | 2048       | 37.91            | 38.64                  | 6   | 10915,11090,11265,10920,11095,11270 | 1.93     |
| 10  | 80         | 10000000 | 10000000  | 117648   | 16      | 32    | 1    | io_uring | 12        | 16  | increase  | desc        | desc       | 256        | 0.53             | 0.54                   | 6   | 21457,21660,21863,21462,21665,21868 | 1.89     |
| 2   | 80         | 10000000 | 1250000   | 117648   | 4       | 2048  | 8    | worker   | 12        | 16  | increase  | desc        | asc        | 256        | 2.17             | 2.21                   | 6   | 2242,2424,2606,2247,2429,2611       | 1.84     |
| 13  | 80         | 10000000 | 2500000   | 117648   | 1048576 | 2     | 4    | worker   | 12        | 16  | increase  | asc         | asc        | 131072     | 168.34           | 171.42                 | 6   | 27001,27190,27379,27006,27195,27384 | 1.83     |
| 13  | 80         | 10000000 | 2500000   | 117648   | 1048576 | 2     | 4    | io_uring | 12        | 16  | increase  | asc         | asc        | 2262144    | 1935.16          | 1970.53                | 6   | 28198,28387,28576,28203,28392,28581 | 1.83     |
| 17  | 20         | 10000000 | 2500000   | 476191   | 4194304 | 128   | 4    | worker   | 12        | 16  | increase  | asc         | desc       | 8192       | 235.0            | 239.21                 | 6   | 36612,36801,36990,36617,36806,36995 | 1.79     |
| 14  | 80         | 10000000 | 2500000   | 117648   | 1048576 | 2     | 4    | worker   | 12        | 16  | increase  | desc        | asc        | 16384      | 60.29            | 61.37                  | 6   | 29248,29437,29626,29253,29442,29631 | 1.79     |
| 10  | 80         | 10000000 | 10000000  | 117648   | 16      | 32    | 1    | worker   | 12        | 16  | increase  | desc        | desc       | 256        | 0.56             | 0.57                   | 6   | 20239,20442,20645,20244,20447,20650 | 1.79     |
| 7   | 60         | 10000000 | 625000    | 156250   | 1048576 | 128   | 16   | io_uring | 12        | 16  | decrease  | asc         | asc        | 253036     | 1087.27          | 1106.62                | 6   | 14121,14296,14471,14126,14301,14476 | 1.78     |
| 15  | 80         | 10000000 | 2500000   | 117648   | 1048576 | 2     | 4    | worker   | 12        | 16  | decrease  | asc         | desc       | 8          | 0.57             | 0.58                   | 6   | 32006,32195,32384,32011,32200,32389 | 1.75     |
| 16  | 80         | 10000000 | 2500000   | 117648   | 1048576 | 2     | 4    | worker   | 12        | 16  | decrease  | desc        | desc       | 16384      | 62.86            | 63.96                  | 6   | 34351,34540,34729,34356,34545,34734 | 1.75     |
| 14  | 80         | 10000000 | 2500000   | 117648   | 1048576 | 2     | 4    | worker   | 12        | 16  | increase  | desc        | asc        | 1012144    | 1256.02          | 1277.96                | 6   | 29297,29486,29675,29302,29491,29680 | 1.75     |
| 15  | 80         | 10000000 | 2500000   | 117648   | 1048576 | 2     | 4    | io_uring | 12        | 16  | decrease  | asc         | asc        | 65536      | 145.1            | 147.61                 | 6   | 32664,32853,33042,32669,32858,33047 | 1.73     |
| 16  | 80         | 10000000 | 2500000   | 117648   | 1048576 | 2     | 4    | worker   | 12        | 16  | decrease  | desc        | desc       | 131072     | 178.74           | 181.83                 | 6   | 34372,34561,34750,34377,34566,34755 | 1.73     |
| 2   | 80         | 10000000 | 1250000   | 117648   | 4       | 2048  | 8    | worker   | 12        | 16  | increase  | desc        | asc        | 65536      | 171.34           | 174.26                 | 6   | 2298,2480,2662,2303,2485,2667       | 1.7      |
| 5   | 60         | 10000000 | 625000    | 156250   | 1048576 | 128   | 16   | io_uring | 12        | 16  | increase  | asc         | desc       | 1024       | 27.57            | 28.03                  | 6   | 10383,10558,10733,10388,10563,10738 | 1.67     |
| 6   | 60         | 10000000 | 625000    | 156250   | 1048576 | 128   | 16   | io_uring | 12        | 16  | increase  | desc        | asc        | 2048       | 52.71            | 53.58                  | 6   | 11965,12140,12315,11970,12145,12320 | 1.65     |
| 8   | 60         | 10000000 | 625000    | 156250   | 1048576 | 128   | 16   | io_uring | 12        | 16  | decrease  | desc        | asc        | 253036     | 2011.42          | 2044.48                | 6   | 16221,16396,16571,16226,16401,16576 | 1.64     |
| 9   | 80         | 10000000 | 10000000  | 117648   | 16      | 32    | 1    | io_uring | 12        | 16  | increase  | asc         | asc        | 1024       | 0.61             | 0.62                   | 6   | 18426,18629,18832,18431,18634,18837 | 1.64     |
| 13  | 80         | 10000000 | 2500000   | 117648   | 1048576 | 2     | 4    | io_uring | 12        | 16  | increase  | asc         | desc       | 8          | 0.61             | 0.62                   | 6   | 28604,28793,28982,28609,28798,28987 | 1.64     |
| 4   | 80         | 10000000 | 1250000   | 117648   | 4       | 2048  | 8    | io_uring | 12        | 16  | decrease  | desc        | desc       | 1          | 0.62             | 0.63                   | 6   | 8192,8374,8556,8197,8379,8561       | 1.61     |
| 15  | 80         | 10000000 | 2500000   | 117648   | 1048576 | 2     | 4    | worker   | 12        | 16  | decrease  | asc         | desc       | 1012144    | 1266.92          | 1287.05                | 6   | 32132,32321,32510,32137,32326,32515 | 1.59     |
| 4   | 80         | 10000000 | 1250000   | 117648   | 4       | 2048  | 8    | worker   | 12        | 16  | decrease  | desc        | desc       | 8          | 1.28             | 1.3                    | 6   | 7121,7303,7485,7126,7308,7490       | 1.56     |
| 7   | 60         | 10000000 | 625000    | 156250   | 1048576 | 128   | 16   | io_uring | 12        | 16  | decrease  | asc         | asc        | 315536     | 1316.95          | 1337.34                | 6   | 14128,14303,14478,14133,14308,14483 | 1.55     |
| 12  | 80         | 10000000 | 10000000  | 117648   | 16      | 32    | 1    | worker   | 12        | 16  | decrease  | desc        | desc       | 1024       | 0.65             | 0.66                   | 6   | 25125,25328,25531,25130,25333,25536 | 1.54     |
| 16  | 80         | 10000000 | 2500000   | 117648   | 1048576 | 2     | 4    | io_uring | 12        | 16  | decrease  | desc        | desc       | 2012144    | 1780.9           | 1808.05                | 6   | 35562,35751,35940,35567,35756,35945 | 1.52     |
| 12  | 80         | 10000000 | 10000000  | 117648   | 16      | 32    | 1    | io_uring | 12        | 16  | decrease  | desc        | desc       | 16384      | 2.68             | 2.72                   | 6   | 26371,26574,26777,26376,26579,26782 | 1.49     |
| 6   | 60         | 10000000 | 625000    | 156250   | 1048576 | 128   | 16   | io_uring | 12        | 16  | increase  | desc        | desc       | 32768      | 223.82           | 227.15                 | 6   | 12518,12693,12868,12523,12698,12873 | 1.49     |
| 6   | 60         | 10000000 | 625000    | 156250   | 1048576 | 128   | 16   | io_uring | 12        | 16  | increase  | desc        | asc        | 378036     | 2716.81          | 2756.78                | 6   | 12035,12210,12385,12040,12215,12390 | 1.47     |
| 17  | 20         | 10000000 | 2500000   | 476191   | 4194304 | 128   | 4    | worker   | 12        | 16  | increase  | asc         | desc       | 128        | 11.86            | 12.03                  | 6   | 36570,36759,36948,36575,36764,36953 | 1.43     |
| 14  | 80         | 10000000 | 2500000   | 117648   | 1048576 | 2     | 4    | io_uring | 12        | 16  | increase  | desc        | asc        | 8          | 0.7              | 0.71                   | 6   | 30305,30494,30683,30310,30499,30688 | 1.43     |
| 17  | 20         | 10000000 | 2500000   | 476191   | 4194304 | 128   | 4    | io_uring | 12        | 16  | increase  | asc         | asc        | 16384      | 269.43           | 273.27                 | 6   | 37186,37375,37564,37191,37380,37569 | 1.43     |
| 11  | 80         | 10000000 | 10000000  | 117648   | 16      | 32    | 1    | io_uring | 12        | 16  | decrease  | asc         | desc       | 32768      | 8.42             | 8.54                   | 6   | 23942,24145,24348,23947,24150,24353 | 1.43     |
| 18  | 20         | 10000000 | 2500000   | 476191   | 4194304 | 128   | 4    | worker   | 12        | 16  | increase  | desc        | desc       | 1012144    | 3477.34          | 3526.58                | 2   | 38936,38941                         | 1.42     |
| 7   | 60         | 10000000 | 625000    | 156250   | 1048576 | 128   | 16   | worker   | 12        | 16  | decrease  | asc         | desc       | 4          | 0.71             | 0.72                   | 6   | 13477,13652,13827,13482,13657,13832 | 1.41     |
| 6   | 60         | 10000000 | 625000    | 156250   | 1048576 | 128   | 16   | io_uring | 12        | 16  | increase  | desc        | desc       | 8192       | 67.6             | 68.55                  | 6   | 12504,12679,12854,12509,12684,12859 | 1.41     |
| 17  | 20         | 10000000 | 2500000   | 476191   | 4194304 | 128   | 4    | io_uring | 12        | 16  | increase  | asc         | asc        | 32768      | 493.7            | 500.59                 | 6   | 37193,37382,37571,37198,37387,37576 | 1.4      |
| 4   | 80         | 10000000 | 1250000   | 117648   | 4       | 2048  | 8    | worker   | 12        | 16  | decrease  | desc        | desc       | 2048       | 5.91             | 5.99                   | 6   | 7177,7359,7541,7182,7364,7546       | 1.35     |
| 13  | 80         | 10000000 | 2500000   | 117648   | 1048576 | 2     | 4    | worker   | 12        | 16  | increase  | asc         | asc        | 2262144    | 1816.29          | 1840.87                | 6   | 27064,27253,27442,27069,27258,27447 | 1.35     |
| 8   | 60         | 10000000 | 625000    | 156250   | 1048576 | 128   | 16   | io_uring | 12        | 16  | decrease  | desc        | asc        | 2048       | 52.72            | 53.43                  | 6   | 16165,16340,16515,16170,16345,16520 | 1.35     |
| 16  | 80         | 10000000 | 2500000   | 117648   | 1048576 | 2     | 4    | worker   | 12        | 16  | decrease  | desc        | asc        | 32768      | 96.58            | 97.86                  | 6   | 33791,33980,34169,33796,33985,34174 | 1.33     |
| 2   | 80         | 10000000 | 1250000   | 117648   | 4       | 2048  | 8    | worker   | 12        | 16  | increase  | desc        | asc        | 2          | 0.76             | 0.77                   | 6   | 2193,2375,2557,2198,2380,2562       | 1.32     |
| 11  | 80         | 10000000 | 10000000  | 117648   | 16      | 32    | 1    | io_uring | 12        | 16  | decrease  | asc         | desc       | 131072     | 31.17            | 31.58                  | 6   | 23956,24159,24362,23961,24164,24367 | 1.32     |
| 17  | 20         | 10000000 | 2500000   | 476191   | 4194304 | 128   | 4    | worker   | 12        | 16  | increase  | asc         | asc        | 32768      | 383.61           | 388.65                 | 6   | 36059,36248,36437,36064,36253,36442 | 1.31     |
| 6   | 60         | 10000000 | 625000    | 156250   | 1048576 | 128   | 16   | worker   | 12        | 16  | increase  | desc        | asc        | 378036     | 2298.24          | 2328.26                | 6   | 10985,11160,11335,10990,11165,11340 | 1.31     |
| 18  | 20         | 10000000 | 2500000   | 476191   | 4194304 | 128   | 4    | worker   | 12        | 16  | increase  | desc        | desc       | 512144     | 2345.16          | 2375.61                | 2   | 38922,38927                         | 1.3      |
| 7   | 60         | 10000000 | 625000    | 156250   | 1048576 | 128   | 16   | worker   | 12        | 16  | decrease  | asc         | asc        | 16384      | 97.94            | 99.19                  | 6   | 13036,13211,13386,13041,13216,13391 | 1.28     |
| 6   | 60         | 10000000 | 625000    | 156250   | 1048576 | 128   | 16   | worker   | 12        | 16  | increase  | desc        | desc       | 315536     | 1240.77          | 1256.36                | 6   | 11503,11678,11853,11508,11683,11858 | 1.26     |
| 18  | 20         | 10000000 | 2500000   | 476191   | 4194304 | 128   | 4    | worker   | 12        | 16  | increase  | desc        | desc       | 16384      | 263.37           | 266.66                 | 4   | 38887,39076,38892,39081             | 1.25     |
| 13  | 80         | 10000000 | 2500000   | 117648   | 1048576 | 2     | 4    | worker   | 12        | 16  | increase  | asc         | desc       | 16384      | 62.73            | 63.5                   | 6   | 27547,27736,27925,27552,27741,27930 | 1.23     |
| 5   | 60         | 10000000 | 625000    | 156250   | 1048576 | 128   | 16   | worker   | 12        | 16  | increase  | asc         | desc       | 32768      | 508.17           | 514.39                 | 6   | 9368,9543,9718,9373,9548,9723       | 1.22     |
| 17  | 20         | 10000000 | 2500000   | 476191   | 4194304 | 128   | 4    | io_uring | 12        | 16  | increase  | asc         | asc        | 1262144    | 4346.62          | 4399.04                | 6   | 37242,37431,37620,37247,37436,37625 | 1.21     |
| 13  | 80         | 10000000 | 2500000   | 117648   | 1048576 | 2     | 4    | io_uring | 12        | 16  | increase  | asc         | asc        | 512        | 6.72             | 6.8                    | 6   | 28079,28268,28457,28084,28273,28462 | 1.19     |
| 15  | 80         | 10000000 | 2500000   | 117648   | 1048576 | 2     | 4    | worker   | 12        | 16  | decrease  | asc         | desc       | 32768      | 95.11            | 96.23                  | 6   | 32090,32279,32468,32095,32284,32473 | 1.18     |
| 17  | 20         | 10000000 | 2500000   | 476191   | 4194304 | 128   | 4    | io_uring | 12        | 16  | increase  | asc         | desc       | 1012144    | 5156.64          | 5217.11                | 6   | 37802,37991,38180,37807,37996,38185 | 1.17     |
| 18  | 20         | 10000000 | 2500000   | 476191   | 4194304 | 128   | 4    | worker   | 12        | 16  | increase  | desc        | asc        | 8192       | 169.13           | 171.09                 | 6   | 38313,38502,38691,38318,38507,38696 | 1.16     |
| 18  | 20         | 10000000 | 2500000   | 476191   | 4194304 | 128   | 4    | worker   | 12        | 16  | increase  | desc        | desc       | 762144     | 2915.94          | 2949.21                | 2   | 38929,38934                         | 1.14     |
| 6   | 60         | 10000000 | 625000    | 156250   | 1048576 | 128   | 16   | io_uring | 12        | 16  | increase  | desc        | asc        | 16384      | 335.98           | 339.81                 | 6   | 11986,12161,12336,11991,12166,12341 | 1.14     |
| 17  | 20         | 10000000 | 2500000   | 476191   | 4194304 | 128   | 4    | io_uring | 12        | 16  | increase  | asc         | desc       | 762144     | 4386.85          | 4436.82                | 6   | 37795,37984,38173,37800,37989,38178 | 1.14     |
| 6   | 60         | 10000000 | 625000    | 156250   | 1048576 | 128   | 16   | io_uring | 12        | 16  | increase  | desc        | asc        | 565536     | 3786.47          | 3829.49                | 6   | 12056,12231,12406,12061,12236,12411 | 1.14     |
| 18  | 20         | 10000000 | 2500000   | 476191   | 4194304 | 128   | 4    | worker   | 12        | 16  | increase  | desc        | desc       | 1512144    | 4664.35          | 4716.76                | 2   | 38950,38955                         | 1.12     |
| 16  | 80         | 10000000 | 2500000   | 117648   | 1048576 | 2     | 4    | worker   | 12        | 16  | decrease  | desc        | desc       | 262144     | 283.83           | 286.97                 | 6   | 34379,34568,34757,34384,34573,34762 | 1.11     |
| 5   | 60         | 10000000 | 625000    | 156250   | 1048576 | 128   | 16   | io_uring | 12        | 16  | increase  | asc         | asc        | 128036     | 625.34           | 632.06                 | 6   | 9907,10082,10257,9912,10087,10262   | 1.07     |
| 8   | 60         | 10000000 | 625000    | 156250   | 1048576 | 128   | 16   | io_uring | 12        | 16  | decrease  | desc        | desc       | 378036     | 1573.25          | 1590.09                | 6   | 16760,16935,17110,16765,16940,17115 | 1.07     |
| 6   | 60         | 10000000 | 625000    | 156250   | 1048576 | 128   | 16   | worker   | 12        | 16  | increase  | desc        | desc       | 4096       | 31.82            | 32.16                  | 6   | 11447,11622,11797,11452,11627,11802 | 1.07     |
| 14  | 80         | 10000000 | 2500000   | 117648   | 1048576 | 2     | 4    | worker   | 12        | 16  | increase  | desc        | asc        | 16         | 0.94             | 0.95                   | 6   | 29178,29367,29556,29183,29372,29561 | 1.06     |
| 5   | 60         | 10000000 | 625000    | 156250   | 1048576 | 128   | 16   | worker   | 12        | 16  | increase  | asc         | asc        | 253036     | 994.68           | 1005.26                | 6   | 8871,9046,9221,8876,9051,9226       | 1.06     |
| 8   | 60         | 10000000 | 625000    | 156250   | 1048576 | 128   | 16   | io_uring | 12        | 16  | decrease  | desc        | asc        | 128036     | 1222.28          | 1235.23                | 6   | 16207,16382,16557,16212,16387,16562 | 1.06     |
| 10  | 80         | 10000000 | 10000000  | 117648   | 16      | 32    | 1    | worker   | 12        | 16  | increase  | desc        | asc        | 8192       | 2.84             | 2.87                   | 6   | 19665,19868,20071,19670,19873,20076 | 1.06     |
| 5   | 60         | 10000000 | 625000    | 156250   | 1048576 | 128   | 16   | worker   | 12        | 16  | increase  | asc         | asc        | 190536     | 760.69           | 768.66                 | 6   | 8864,9039,9214,8869,9044,9219       | 1.05     |
| 15  | 80         | 10000000 | 2500000   | 117648   | 1048576 | 2     | 4    | worker   | 12        | 16  | decrease  | asc         | asc        | 131072     | 169.08           | 170.83                 | 6   | 31537,31726,31915,31542,31731,31920 | 1.04     |
| 18  | 20         | 10000000 | 2500000   | 476191   | 4194304 | 128   | 4    | worker   | 12        | 16  | increase  | desc        | asc        | 32768      | 563.01           | 568.76                 | 6   | 38327,38516,38705,38332,38521,38710 | 1.02     |
| 8   | 60         | 10000000 | 625000    | 156250   | 1048576 | 128   | 16   | worker   | 12        | 16  | decrease  | desc        | asc        | 65536      | 603.15           | 609.27                 | 6   | 15150,15325,15500,15155,15330,15505 | 1.01     |
| 6   | 60         | 10000000 | 625000    | 156250   | 1048576 | 128   | 16   | worker   | 12        | 16  | increase  | desc        | asc        | 64         | 2.97             | 3.0                    | 6   | 10880,11055,11230,10885,11060,11235 | 1.01     |
| 17  | 20         | 10000000 | 2500000   | 476191   | 4194304 | 128   | 4    | worker   | 12        | 16  | increase  | asc         | asc        | 2012144    | 5496.28          | 5550.9                 | 6   | 36129,36318,36507,36134,36323,36512 | 0.99     |
| 15  | 80         | 10000000 | 2500000   | 117648   | 1048576 | 2     | 4    | worker   | 12        | 16  | decrease  | asc         | desc       | 2262144    | 2725.57          | 2752.33                | 6   | 32167,32356,32545,32172,32361,32550 | 0.98     |
| 17  | 20         | 10000000 | 2500000   | 476191   | 4194304 | 128   | 4    | worker   | 12        | 16  | increase  | asc         | desc       | 16         | 3.09             | 3.12                   | 6   | 36549,36738,36927,36554,36743,36932 | 0.97     |
| 6   | 60         | 10000000 | 625000    | 156250   | 1048576 | 128   | 16   | worker   | 12        | 16  | increase  | desc        | asc        | 16384      | 230.02           | 232.24                 | 6   | 10936,11111,11286,10941,11116,11291 | 0.97     |
| 13  | 80         | 10000000 | 2500000   | 117648   | 1048576 | 2     | 4    | worker   | 12        | 16  | increase  | asc         | asc        | 1262144    | 1066.45          | 1076.67                | 6   | 27036,27225,27414,27041,27230,27419 | 0.96     |
| 6   | 60         | 10000000 | 625000    | 156250   | 1048576 | 128   | 16   | io_uring | 12        | 16  | increase  | desc        | desc       | 253036     | 1107.32          | 1117.73                | 6   | 12546,12721,12896,12551,12726,12901 | 0.94     |
| 15  | 80         | 10000000 | 2500000   | 117648   | 1048576 | 2     | 4    | worker   | 12        | 16  | decrease  | asc         | desc       | 512144     | 670.81           | 677.09                 | 6   | 32118,32307,32496,32123,32312,32501 | 0.94     |
| 13  | 80         | 10000000 | 2500000   | 117648   | 1048576 | 2     | 4    | io_uring | 12        | 16  | increase  | asc         | asc        | 16         | 1.07             | 1.08                   | 6   | 28044,28233,28422,28049,28238,28427 | 0.93     |
| 7   | 60         | 10000000 | 625000    | 156250   | 1048576 | 128   | 16   | io_uring | 12        | 16  | decrease  | asc         | desc       | 565536     | 3674.99          | 3709.08                | 6   | 14681,14856,15031,14686,14861,15036 | 0.93     |
| 6   | 60         | 10000000 | 625000    | 156250   | 1048576 | 128   | 16   | worker   | 12        | 16  | increase  | desc        | desc       | 253036     | 1015.72          | 1025.07                | 6   | 11496,11671,11846,11501,11676,11851 | 0.92     |
| 16  | 80         | 10000000 | 2500000   | 117648   | 1048576 | 2     | 4    | io_uring | 12        | 16  | decrease  | desc        | desc       | 16         | 1.09             | 1.1                    | 6   | 35415,35604,35793,35420,35609,35798 | 0.92     |
| 8   | 60         | 10000000 | 625000    | 156250   | 1048576 | 128   | 16   | worker   | 12        | 16  | decrease  | desc        | desc       | 65536      | 306.53           | 309.34                 | 6   | 15675,15850,16025,15680,15855,16030 | 0.92     |
| 18  | 20         | 10000000 | 2500000   | 476191   | 4194304 | 128   | 4    | worker   | 12        | 16  | increase  | desc        | desc       | 131072     | 1315.53          | 1327.56                | 2   | 38908,38913                         | 0.91     |
| 6   | 60         | 10000000 | 625000    | 156250   | 1048576 | 128   | 16   | io_uring | 12        | 16  | increase  | desc        | desc       | 315536     | 1336.45          | 1348.66                | 6   | 12553,12728,12903,12558,12733,12908 | 0.91     |
| 13  | 80         | 10000000 | 2500000   | 117648   | 1048576 | 2     | 4    | worker   | 12        | 16  | increase  | asc         | asc        | 512144     | 468.78           | 473.06                 | 6   | 27015,27204,27393,27020,27209,27398 | 0.91     |
| 16  | 80         | 10000000 | 2500000   | 117648   | 1048576 | 2     | 4    | worker   | 12        | 16  | decrease  | desc        | desc       | 2012144    | 1671.88          | 1686.89                | 6   | 34428,34617,34806,34433,34622,34811 | 0.9      |
| 14  | 80         | 10000000 | 2500000   | 117648   | 1048576 | 2     | 4    | io_uring | 12        | 16  | increase  | desc        | asc        | 1512144    | 2109.93          | 2128.77                | 6   | 30445,30634,30823,30450,30639,30828 | 0.89     |
| 16  | 80         | 10000000 | 2500000   | 117648   | 1048576 | 2     | 4    | io_uring | 12        | 16  | decrease  | desc        | desc       | 1024       | 9.16             | 9.24                   | 6   | 35457,35646,35835,35462,35651,35840 | 0.87     |
| 6   | 60         | 10000000 | 625000    | 156250   | 1048576 | 128   | 16   | io_uring | 12        | 16  | increase  | desc        | asc        | 190536     | 1579.91          | 1593.62                | 6   | 12014,12189,12364,12019,12194,12369 | 0.87     |
| 6   | 60         | 10000000 | 625000    | 156250   | 1048576 | 128   | 16   | io_uring | 12        | 16  | increase  | desc        | asc        | 1024       | 28.85            | 29.1                   | 6   | 11958,12133,12308,11963,12138,12313 | 0.87     |
| 6   | 60         | 10000000 | 625000    | 156250   | 1048576 | 128   | 16   | io_uring | 12        | 16  | increase  | desc        | desc       | 565536     | 2282.18          | 2301.83                | 6   | 12581,12756,12931,12586,12761,12936 | 0.86     |
| 16  | 80         | 10000000 | 2500000   | 117648   | 1048576 | 2     | 4    | worker   | 12        | 16  | decrease  | desc        | desc       | 16         | 1.19             | 1.2                    | 6   | 34281,34470,34659,34286,34475,34664 | 0.84     |
| 8   | 60         | 10000000 | 625000    | 156250   | 1048576 | 128   | 16   | io_uring | 12        | 16  | decrease  | desc        | asc        | 512        | 15.47            | 15.6                   | 6   | 16151,16326,16501,16156,16331,16506 | 0.84     |
| 7   | 60         | 10000000 | 625000    | 156250   | 1048576 | 128   | 16   | worker   | 12        | 16  | decrease  | asc         | asc        | 4096       | 28.87            | 29.11                  | 6   | 13022,13197,13372,13027,13202,13377 | 0.83     |
| 6   | 60         | 10000000 | 625000    | 156250   | 1048576 | 128   | 16   | io_uring | 12        | 16  | increase  | desc        | desc       | 4096       | 35.13            | 35.42                  | 6   | 12497,12672,12847,12502,12677,12852 | 0.83     |
| 5   | 60         | 10000000 | 625000    | 156250   | 1048576 | 128   | 16   | io_uring | 12        | 16  | increase  | asc         | asc        | 8192       | 64.25            | 64.78                  | 6   | 9879,10054,10229,9884,10059,10234   | 0.82     |
| 13  | 80         | 10000000 | 2500000   | 117648   | 1048576 | 2     | 4    | io_uring | 12        | 16  | increase  | asc         | desc       | 8192       | 47.36            | 47.74                  | 6   | 28674,28863,29052,28679,28868,29057 | 0.8      |
| 5   | 60         | 10000000 | 625000    | 156250   | 1048576 | 128   | 16   | worker   | 12        | 16  | increase  | asc         | desc       | 8192       | 178.81           | 180.24                 | 6   | 9354,9529,9704,9359,9534,9709       | 0.8      |
| 16  | 80         | 10000000 | 2500000   | 117648   | 1048576 | 2     | 4    | worker   | 12        | 16  | decrease  | desc        | asc        | 65536      | 140.15           | 141.23                 | 6   | 33798,33987,34176,33803,33992,34181 | 0.77     |
| 8   | 60         | 10000000 | 625000    | 156250   | 1048576 | 128   | 16   | worker   | 12        | 16  | decrease  | desc        | desc       | 8          | 1.3              | 1.31                   | 6   | 15584,15759,15934,15589,15764,15939 | 0.77     |
| 6   | 60         | 10000000 | 625000    | 156250   | 1048576 | 128   | 16   | io_uring | 12        | 16  | increase  | desc        | desc       | 440536     | 1804.6           | 1818.42                | 6   | 12567,12742,12917,12572,12747,12922 | 0.77     |
| 7   | 60         | 10000000 | 625000    | 156250   | 1048576 | 128   | 16   | io_uring | 12        | 16  | decrease  | asc         | asc        | 503036     | 2024.65          | 2039.91                | 6   | 14149,14324,14499,14154,14329,14504 | 0.75     |
| 16  | 80         | 10000000 | 2500000   | 117648   | 1048576 | 2     | 4    | io_uring | 12        | 16  | decrease  | desc        | desc       | 262144     | 310.56           | 312.9                  | 6   | 35513,35702,35891,35518,35707,35896 | 0.75     |
| 14  | 80         | 10000000 | 2500000   | 117648   | 1048576 | 2     | 4    | io_uring | 12        | 16  | increase  | desc        | asc        | 1262144    | 1778.43          | 1791.79                | 6   | 30438,30627,30816,30443,30632,30821 | 0.75     |
| 6   | 60         | 10000000 | 625000    | 156250   | 1048576 | 128   | 16   | worker   | 12        | 16  | increase  | desc        | desc       | 8          | 1.35             | 1.36                   | 6   | 11384,11559,11734,11389,11564,11739 | 0.74     |
| 6   | 60         | 10000000 | 625000    | 156250   | 1048576 | 128   | 16   | worker   | 12        | 16  | increase  | desc        | desc       | 190536     | 792.82           | 798.66                 | 6   | 11489,11664,11839,11494,11669,11844 | 0.74     |
| 6   | 60         | 10000000 | 625000    | 156250   | 1048576 | 128   | 16   | io_uring | 12        | 16  | increase  | desc        | desc       | 378036     | 1570.75          | 1582.3                 | 6   | 12560,12735,12910,12565,12740,12915 | 0.74     |
| 7   | 60         | 10000000 | 625000    | 156250   | 1048576 | 128   | 16   | worker   | 12        | 16  | decrease  | asc         | desc       | 128036     | 996.6            | 1003.92                | 6   | 13582,13757,13932,13587,13762,13937 | 0.73     |
| 5   | 60         | 10000000 | 625000    | 156250   | 1048576 | 128   | 16   | worker   | 12        | 16  | increase  | asc         | asc        | 503036     | 1889.32          | 1903.17                | 6   | 8899,9074,9249,8904,9079,9254       | 0.73     |
| 14  | 80         | 10000000 | 2500000   | 117648   | 1048576 | 2     | 4    | worker   | 12        | 16  | increase  | desc        | desc       | 32768      | 103.02           | 103.77                 | 6   | 29822,30011,30200,29827,30016,30205 | 0.73     |
| 6   | 60         | 10000000 | 625000    | 156250   | 1048576 | 128   | 16   | worker   | 12        | 16  | increase  | desc        | asc        | 65536      | 604.52           | 608.92                 | 6   | 10950,11125,11300,10955,11130,11305 | 0.73     |
| 8   | 60         | 10000000 | 625000    | 156250   | 1048576 | 128   | 16   | io_uring | 12        | 16  | decrease  | desc        | desc       | 315536     | 1352.22          | 1362.03                | 6   | 16753,16928,17103,16758,16933,17108 | 0.73     |
| 14  | 80         | 10000000 | 2500000   | 117648   | 1048576 | 2     | 4    | worker   | 12        | 16  | increase  | desc        | asc        | 1262144    | 1558.99          | 1570.0                 | 6   | 29304,29493,29682,29309,29498,29687 | 0.71     |
| 14  | 80         | 10000000 | 2500000   | 117648   | 1048576 | 2     | 4    | io_uring | 12        | 16  | increase  | desc        | desc       | 262144     | 324.58           | 326.82                 | 6   | 30977,31166,31355,30982,31171,31360 | 0.69     |
| 3   | 80         | 10000000 | 1250000   | 117648   | 4       | 2048  | 8    | io_uring | 12        | 16  | decrease  | asc         | desc       | 32         | 1.46             | 1.47                   | 6   | 6043,6225,6407,6048,6230,6412       | 0.68     |
| 13  | 80         | 10000000 | 2500000   | 117648   | 1048576 | 2     | 4    | io_uring | 12        | 16  | increase  | asc         | desc       | 32768      | 126.09           | 126.95                 | 6   | 28688,28877,29066,28693,28882,29071 | 0.68     |
| 6   | 60         | 10000000 | 625000    | 156250   | 1048576 | 128   | 16   | io_uring | 12        | 16  | increase  | desc        | desc       | 8          | 1.47             | 1.48                   | 6   | 12434,12609,12784,12439,12614,12789 | 0.68     |
| 13  | 80         | 10000000 | 2500000   | 117648   | 1048576 | 2     | 4    | io_uring | 12        | 16  | increase  | asc         | asc        | 1512144    | 1379.42          | 1388.44                | 6   | 28177,28366,28555,28182,28371,28560 | 0.65     |
| 8   | 60         | 10000000 | 625000    | 156250   | 1048576 | 128   | 16   | worker   | 12        | 16  | decrease  | desc        | desc       | 253036     | 987.32           | 993.77                 | 6   | 15696,15871,16046,15701,15876,16051 | 0.65     |
| 6   | 60         | 10000000 | 625000    | 156250   | 1048576 | 128   | 16   | io_uring | 12        | 16  | increase  | desc        | asc        | 503036     | 3460.53          | 3483.09                | 6   | 12049,12224,12399,12054,12229,12404 | 0.65     |
| 7   | 60         | 10000000 | 625000    | 156250   | 1048576 | 128   | 16   | worker   | 12        | 16  | decrease  | asc         | desc       | 1024       | 21.89            | 22.03                  | 6   | 13533,13708,13883,13538,13713,13888 | 0.64     |
| 15  | 80         | 10000000 | 2500000   | 117648   | 1048576 | 2     | 4    | io_uring | 12        | 16  | decrease  | asc         | desc       | 1262144    | 1771.69          | 1782.98                | 6   | 33273,33462,33651,33278,33467,33656 | 0.64     |
| 8   | 60         | 10000000 | 625000    | 156250   | 1048576 | 128   | 16   | worker   | 12        | 16  | decrease  | desc        | desc       | 128036     | 534.37           | 537.73                 | 6   | 15682,15857,16032,15687,15862,16037 | 0.63     |
| 14  | 80         | 10000000 | 2500000   | 117648   | 1048576 | 2     | 4    | worker   | 12        | 16  | increase  | desc        | desc       | 4096       | 23.99            | 24.14                  | 6   | 29801,29990,30179,29806,29995,30184 | 0.63     |
| 3   | 80         | 10000000 | 1250000   | 117648   | 4       | 2048  | 8    | worker   | 12        | 16  | decrease  | asc         | desc       | 631072     | 1621.9           | 1631.65                | 6   | 5063,5245,5427,5068,5250,5432       | 0.6      |
| 6   | 60         | 10000000 | 625000    | 156250   | 1048576 | 128   | 16   | worker   | 12        | 16  | increase  | desc        | asc        | 32768      | 389.69           | 392.0                  | 6   | 10943,11118,11293,10948,11123,11298 | 0.59     |
| 13  | 80         | 10000000 | 2500000   | 117648   | 1048576 | 2     | 4    | worker   | 12        | 16  | increase  | asc         | asc        | 762144     | 649.27           | 652.96                 | 6   | 27022,27211,27400,27027,27216,27405 | 0.57     |
| 13  | 80         | 10000000 | 2500000   | 117648   | 1048576 | 2     | 4    | worker   | 12        | 16  | increase  | asc         | asc        | 32         | 1.76             | 1.77                   | 6   | 26917,27106,27295,26922,27111,27300 | 0.57     |
| 5   | 60         | 10000000 | 625000    | 156250   | 1048576 | 128   | 16   | worker   | 12        | 16  | increase  | asc         | asc        | 8192       | 53.22            | 53.52                  | 6   | 8829,9004,9179,8834,9009,9184       | 0.56     |
| 6   | 60         | 10000000 | 625000    | 156250   | 1048576 | 128   | 16   | io_uring | 12        | 16  | increase  | desc        | asc        | 440536     | 3112.77          | 3130.02                | 6   | 12042,12217,12392,12047,12222,12397 | 0.55     |
| 6   | 60         | 10000000 | 625000    | 156250   | 1048576 | 128   | 16   | io_uring | 12        | 16  | increase  | desc        | desc       | 256        | 5.47             | 5.5                    | 6   | 12469,12644,12819,12474,12649,12824 | 0.55     |
| 5   | 60         | 10000000 | 625000    | 156250   | 1048576 | 128   | 16   | worker   | 12        | 16  | increase  | asc         | asc        | 2048       | 16.44            | 16.53                  | 6   | 8815,8990,9165,8820,8995,9170       | 0.55     |
| 8   | 60         | 10000000 | 625000    | 156250   | 1048576 | 128   | 16   | worker   | 12        | 16  | decrease  | desc        | desc       | 32768      | 173.72           | 174.67                 | 6   | 15668,15843,16018,15673,15848,16023 | 0.55     |
| 18  | 20         | 10000000 | 2500000   | 476191   | 4194304 | 128   | 4    | worker   | 12        | 16  | increase  | desc        | desc       | 8192       | 146.68           | 147.48                 | 4   | 38880,39069,38885,39074             | 0.55     |
| 18  | 20         | 10000000 | 2500000   | 476191   | 4194304 | 128   | 4    | worker   | 12        | 16  | increase  | desc        | desc       | 262144     | 1700.29          | 1709.43                | 2   | 38915,38920                         | 0.54     |
| 17  | 20         | 10000000 | 2500000   | 476191   | 4194304 | 128   | 4    | worker   | 12        | 16  | increase  | asc         | asc        | 262144     | 1406.34          | 1413.87                | 6   | 36080,36269,36458,36085,36274,36463 | 0.54     |
| 7   | 60         | 10000000 | 625000    | 156250   | 1048576 | 128   | 16   | worker   | 12        | 16  | decrease  | asc         | asc        | 315536     | 1219.35          | 1225.84                | 6   | 13078,13253,13428,13083,13258,13433 | 0.53     |
| 7   | 60         | 10000000 | 625000    | 156250   | 1048576 | 128   | 16   | worker   | 12        | 16  | decrease  | asc         | desc       | 8192       | 144.85           | 145.61                 | 6   | 13554,13729,13904,13559,13734,13909 | 0.52     |
| 5   | 60         | 10000000 | 625000    | 156250   | 1048576 | 128   | 16   | worker   | 12        | 16  | increase  | asc         | asc        | 565536     | 2100.74          | 2111.42                | 6   | 8906,9081,9256,8911,9086,9261       | 0.51     |
| 15  | 80         | 10000000 | 2500000   | 117648   | 1048576 | 2     | 4    | io_uring | 12        | 16  | decrease  | asc         | desc       | 512144     | 761.78           | 765.65                 | 6   | 33252,33441,33630,33257,33446,33635 | 0.51     |
| 17  | 20         | 10000000 | 2500000   | 476191   | 4194304 | 128   | 4    | worker   | 12        | 16  | increase  | asc         | asc        | 131072     | 1033.47          | 1038.72                | 6   | 36073,36262,36451,36078,36267,36456 | 0.51     |
| 15  | 80         | 10000000 | 2500000   | 117648   | 1048576 | 2     | 4    | worker   | 12        | 16  | decrease  | asc         | asc        | 4096       | 18.31            | 18.4                   | 6   | 31502,31691,31880,31507,31696,31885 | 0.49     |
| 7   | 60         | 10000000 | 625000    | 156250   | 1048576 | 128   | 16   | io_uring | 12        | 16  | decrease  | asc         | desc       | 378036     | 2664.51          | 2677.31                | 6   | 14660,14835,15010,14665,14840,15015 | 0.48     |
| 18  | 20         | 10000000 | 2500000   | 476191   | 4194304 | 128   | 4    | worker   | 12        | 16  | increase  | desc        | desc       | 1262144    | 4064.53          | 4083.72                | 2   | 38943,38948                         | 0.47     |
| 14  | 80         | 10000000 | 2500000   | 117648   | 1048576 | 2     | 4    | io_uring | 12        | 16  | increase  | desc        | asc        | 16384      | 80.79            | 81.17                  | 6   | 30382,30571,30760,30387,30576,30765 | 0.47     |
| 8   | 60         | 10000000 | 625000    | 156250   | 1048576 | 128   | 16   | io_uring | 12        | 16  | decrease  | desc        | asc        | 8192       | 184.21           | 185.06                 | 6   | 16179,16354,16529,16184,16359,16534 | 0.46     |
| 17  | 20         | 10000000 | 2500000   | 476191   | 4194304 | 128   | 4    | io_uring | 12        | 16  | increase  | asc         | desc       | 512144     | 3641.26          | 3658.01                | 6   | 37788,37977,38166,37793,37982,38171 | 0.46     |
| 14  | 80         | 10000000 | 2500000   | 117648   | 1048576 | 2     | 4    | io_uring | 12        | 16  | increase  | desc        | asc        | 262144     | 440.53           | 442.54                 | 6   | 30410,30599,30788,30415,30604,30793 | 0.46     |
| 15  | 80         | 10000000 | 2500000   | 117648   | 1048576 | 2     | 4    | io_uring | 12        | 16  | decrease  | asc         | desc       | 131072     | 260.08           | 261.24                 | 6   | 33238,33427,33616,33243,33432,33621 | 0.45     |
| 8   | 60         | 10000000 | 625000    | 156250   | 1048576 | 128   | 16   | worker   | 12        | 16  | decrease  | desc        | desc       | 190536     | 768.52           | 771.74                 | 6   | 15689,15864,16039,15694,15869,16044 | 0.42     |
| 1   | 80         | 10000000 | 1250000   | 117648   | 4       | 2048  | 8    | worker   | 12        | 16  | increase  | asc         | asc        | 512        | 2.39             | 2.4                    | 6   | 65,247,429,70,252,434               | 0.42     |
| 16  | 80         | 10000000 | 2500000   | 117648   | 1048576 | 2     | 4    | io_uring | 12        | 16  | decrease  | desc        | desc       | 32768      | 109.07           | 109.52                 | 6   | 35492,35681,35870,35497,35686,35875 | 0.41     |
| 17  | 20         | 10000000 | 2500000   | 476191   | 4194304 | 128   | 4    | worker   | 12        | 16  | increase  | asc         | asc        | 65536      | 669.58           | 672.32                 | 6   | 36066,36255,36444,36071,36260,36449 | 0.41     |
| 4   | 80         | 10000000 | 1250000   | 117648   | 4       | 2048  | 8    | worker   | 12        | 16  | decrease  | desc        | desc       | 131072     | 223.78           | 224.68                 | 6   | 7219,7401,7583,7224,7406,7588       | 0.4      |
| 18  | 20         | 10000000 | 2500000   | 476191   | 4194304 | 128   | 4    | worker   | 12        | 16  | increase  | desc        | asc        | 762144     | 3369.39          | 3382.82                | 6   | 38362,38551,38740,38367,38556,38745 | 0.4      |
| 7   | 60         | 10000000 | 625000    | 156250   | 1048576 | 128   | 16   | io_uring | 12        | 16  | decrease  | asc         | desc       | 503036     | 3358.48          | 3371.64                | 6   | 14674,14849,15024,14679,14854,15029 | 0.39     |
| 5   | 60         | 10000000 | 625000    | 156250   | 1048576 | 128   | 16   | io_uring | 12        | 16  | increase  | asc         | desc       | 8192       | 185.45           | 186.17                 | 6   | 10404,10579,10754,10409,10584,10759 | 0.39     |
| 8   | 60         | 10000000 | 625000    | 156250   | 1048576 | 128   | 16   | io_uring | 12        | 16  | decrease  | desc        | asc        | 65536      | 812.94           | 816.09                 | 6   | 16200,16375,16550,16205,16380,16555 | 0.39     |
| 7   | 60         | 10000000 | 625000    | 156250   | 1048576 | 128   | 16   | io_uring | 12        | 16  | decrease  | asc         | asc        | 440536     | 1790.0           | 1796.7                 | 6   | 14142,14317,14492,14147,14322,14497 | 0.37     |
| 8   | 60         | 10000000 | 625000    | 156250   | 1048576 | 128   | 16   | worker   | 12        | 16  | decrease  | desc        | asc        | 2048       | 37.65            | 37.79                  | 6   | 15115,15290,15465,15120,15295,15470 | 0.37     |
| 13  | 80         | 10000000 | 2500000   | 117648   | 1048576 | 2     | 4    | worker   | 12        | 16  | increase  | asc         | asc        | 1512144    | 1260.0           | 1264.66                | 6   | 27043,27232,27421,27048,27237,27426 | 0.37     |
| 3   | 80         | 10000000 | 1250000   | 117648   | 4       | 2048  | 8    | io_uring | 12        | 16  | decrease  | asc         | asc        | 256        | 2.82             | 2.83                   | 6   | 5518,5700,5882,5523,5705,5887       | 0.35     |
| 9   | 80         | 10000000 | 10000000  | 117648   | 16      | 32    | 1    | io_uring | 12        | 16  | increase  | asc         | asc        | 16384      | 2.84             | 2.85                   | 6   | 18454,18657,18860,18459,18662,18865 | 0.35     |
| 5   | 60         | 10000000 | 625000    | 156250   | 1048576 | 128   | 16   | io_uring | 12        | 16  | increase  | asc         | desc       | 190536     | 1592.41          | 1598.01                | 6   | 10439,10614,10789,10444,10619,10794 | 0.35     |
| 5   | 60         | 10000000 | 625000    | 156250   | 1048576 | 128   | 16   | io_uring | 12        | 16  | increase  | asc         | desc       | 16384      | 324.71           | 325.85                 | 6   | 10411,10586,10761,10416,10591,10766 | 0.35     |
| 8   | 60         | 10000000 | 625000    | 156250   | 1048576 | 128   | 16   | io_uring | 12        | 16  | decrease  | desc        | asc        | 16384      | 328.37           | 329.51                 | 6   | 16186,16361,16536,16191,16366,16541 | 0.35     |
| 17  | 20         | 10000000 | 2500000   | 476191   | 4194304 | 128   | 4    | io_uring | 12        | 16  | increase  | asc         | asc        | 4096       | 78.87            | 79.14                  | 6   | 37172,37361,37550,37177,37366,37555 | 0.34     |
| 9   | 80         | 10000000 | 10000000  | 117648   | 16      | 32    | 1    | io_uring | 12        | 16  | increase  | asc         | asc        | 131072     | 14.7             | 14.75                  | 6   | 18475,18678,18881,18480,18683,18886 | 0.34     |
| 17  | 20         | 10000000 | 2500000   | 476191   | 4194304 | 128   | 4    | worker   | 12        | 16  | increase  | asc         | desc       | 131072     | 1967.31          | 1973.78                | 6   | 36640,36829,37018,36645,36834,37023 | 0.33     |
| 17  | 20         | 10000000 | 2500000   | 476191   | 4194304 | 128   | 4    | worker   | 12        | 16  | increase  | asc         | desc       | 512144     | 3385.72          | 3396.83                | 6   | 36654,36843,37032,36659,36848,37037 | 0.33     |
| 14  | 80         | 10000000 | 2500000   | 117648   | 1048576 | 2     | 4    | io_uring | 12        | 16  | increase  | desc        | desc       | 131072     | 211.55           | 212.21                 | 6   | 30970,31159,31348,30975,31164,31353 | 0.31     |
| 8   | 60         | 10000000 | 625000    | 156250   | 1048576 | 128   | 16   | io_uring | 12        | 16  | decrease  | desc        | asc        | 4096       | 100.48           | 100.79                 | 6   | 16172,16347,16522,16177,16352,16527 | 0.31     |
| 8   | 60         | 10000000 | 625000    | 156250   | 1048576 | 128   | 16   | worker   | 12        | 16  | decrease  | desc        | desc       | 440536     | 1670.73          | 1675.83                | 6   | 15717,15892,16067,15722,15897,16072 | 0.31     |
| 12  | 80         | 10000000 | 10000000  | 117648   | 16      | 32    | 1    | worker   | 12        | 16  | decrease  | desc        | desc       | 1048576    | 121.4            | 121.77                 | 6   | 25195,25398,25601,25200,25403,25606 | 0.3      |
| 17  | 20         | 10000000 | 2500000   | 476191   | 4194304 | 128   | 4    | io_uring | 12        | 16  | increase  | asc         | desc       | 131072     | 2143.11          | 2149.56                | 6   | 37774,37963,38152,37779,37968,38157 | 0.3      |
| 8   | 60         | 10000000 | 625000    | 156250   | 1048576 | 128   | 16   | worker   | 12        | 16  | decrease  | desc        | asc        | 253036     | 1663.57          | 1668.53                | 6   | 15171,15346,15521,15176,15351,15526 | 0.3      |
| 16  | 80         | 10000000 | 2500000   | 117648   | 1048576 | 2     | 4    | worker   | 12        | 16  | decrease  | desc        | desc       | 2262144    | 1854.34          | 1859.72                | 6   | 34435,34624,34813,34440,34629,34818 | 0.29     |
| 17  | 20         | 10000000 | 2500000   | 476191   | 4194304 | 128   | 4    | io_uring | 12        | 16  | increase  | asc         | asc        | 65536      | 866.18           | 868.67                 | 6   | 37200,37389,37578,37205,37394,37583 | 0.29     |
| 5   | 60         | 10000000 | 625000    | 156250   | 1048576 | 128   | 16   | io_uring | 12        | 16  | increase  | asc         | desc       | 128036     | 1203.42          | 1206.75                | 6   | 10432,10607,10782,10437,10612,10787 | 0.28     |
| 11  | 80         | 10000000 | 10000000  | 117648   | 16      | 32    | 1    | worker   | 12        | 16  | decrease  | asc         | desc       | 65536      | 18.48            | 18.53                  | 6   | 22731,22934,23137,22736,22939,23142 | 0.27     |
| 7   | 60         | 10000000 | 625000    | 156250   | 1048576 | 128   | 16   | worker   | 12        | 16  | decrease  | asc         | desc       | 315536     | 2044.51          | 2050.04                | 6   | 13603,13778,13953,13608,13783,13958 | 0.27     |
| 16  | 80         | 10000000 | 2500000   | 117648   | 1048576 | 2     | 4    | io_uring | 12        | 16  | decrease  | desc        | desc       | 1512144    | 1376.85          | 1380.57                | 6   | 35548,35737,35926,35553,35742,35931 | 0.27     |
| 7   | 60         | 10000000 | 625000    | 156250   | 1048576 | 128   | 16   | worker   | 12        | 16  | decrease  | asc         | asc        | 32768      | 177.66           | 178.14                 | 6   | 13043,13218,13393,13048,13223,13398 | 0.27     |
| 6   | 60         | 10000000 | 625000    | 156250   | 1048576 | 128   | 16   | io_uring | 12        | 16  | increase  | desc        | desc       | 503036     | 2035.95          | 2041.4                 | 6   | 12574,12749,12924,12579,12754,12929 | 0.27     |
| 14  | 80         | 10000000 | 2500000   | 117648   | 1048576 | 2     | 4    | io_uring | 12        | 16  | increase  | desc        | asc        | 1012144    | 1443.85          | 1447.59                | 6   | 30431,30620,30809,30436,30625,30814 | 0.26     |
| 17  | 20         | 10000000 | 2500000   | 476191   | 4194304 | 128   | 4    | worker   | 12        | 16  | increase  | asc         | desc       | 762144     | 4145.37          | 4155.96                | 6   | 36661,36850,37039,36666,36855,37044 | 0.26     |
| 5   | 60         | 10000000 | 625000    | 156250   | 1048576 | 128   | 16   | worker   | 12        | 16  | increase  | asc         | asc        | 16384      | 99.67            | 99.92                  | 6   | 8836,9011,9186,8841,9016,9191       | 0.25     |
| 13  | 80         | 10000000 | 2500000   | 117648   | 1048576 | 2     | 4    | worker   | 12        | 16  | increase  | asc         | desc       | 65536      | 152.92           | 153.3                  | 6   | 27561,27750,27939,27566,27755,27944 | 0.25     |
| 14  | 80         | 10000000 | 2500000   | 117648   | 1048576 | 2     | 4    | io_uring | 12        | 16  | increase  | desc        | asc        | 8192       | 48.93            | 49.05                  | 6   | 30375,30564,30753,30380,30569,30758 | 0.25     |
| 17  | 20         | 10000000 | 2500000   | 476191   | 4194304 | 128   | 4    | io_uring | 12        | 16  | increase  | asc         | desc       | 65536      | 1433.0           | 1436.49                | 6   | 37767,37956,38145,37772,37961,38150 | 0.24     |
| 17  | 20         | 10000000 | 2500000   | 476191   | 4194304 | 128   | 4    | io_uring | 12        | 16  | increase  | asc         | desc       | 262144     | 2715.83          | 2722.31                | 6   | 37781,37970,38159,37786,37975,38164 | 0.24     |
| 11  | 80         | 10000000 | 10000000  | 117648   | 16      | 32    | 1    | io_uring | 12        | 16  | decrease  | asc         | desc       | 2048576    | 459.56           | 460.63                 | 6   | 23984,24187,24390,23989,24192,24395 | 0.23     |
| 14  | 80         | 10000000 | 2500000   | 117648   | 1048576 | 2     | 4    | worker   | 12        | 16  | increase  | desc        | asc        | 2262144    | 2727.16          | 2733.38                | 6   | 29332,29521,29710,29337,29526,29715 | 0.23     |
| 13  | 80         | 10000000 | 2500000   | 117648   | 1048576 | 2     | 4    | worker   | 12        | 16  | increase  | asc         | desc       | 262144     | 416.62           | 417.57                 | 6   | 27575,27764,27953,27580,27769,27958 | 0.23     |
| 7   | 60         | 10000000 | 625000    | 156250   | 1048576 | 128   | 16   | io_uring | 12        | 16  | decrease  | asc         | desc       | 32768      | 532.28           | 533.39                 | 6   | 14618,14793,14968,14623,14798,14973 | 0.21     |
| 5   | 60         | 10000000 | 625000    | 156250   | 1048576 | 128   | 16   | io_uring | 12        | 16  | increase  | asc         | asc        | 378036     | 1579.18          | 1582.43                | 6   | 9935,10110,10285,9940,10115,10290   | 0.21     |
| 7   | 60         | 10000000 | 625000    | 156250   | 1048576 | 128   | 16   | worker   | 12        | 16  | decrease  | asc         | asc        | 253036     | 999.09           | 1001.05                | 6   | 13071,13246,13421,13076,13251,13426 | 0.2      |
| 14  | 80         | 10000000 | 2500000   | 117648   | 1048576 | 2     | 4    | worker   | 12        | 16  | increase  | desc        | asc        | 2012144    | 2436.88          | 2441.26                | 6   | 29325,29514,29703,29330,29519,29708 | 0.18     |
| 16  | 80         | 10000000 | 2500000   | 117648   | 1048576 | 2     | 4    | io_uring | 12        | 16  | decrease  | desc        | desc       | 65536      | 148.52           | 148.78                 | 6   | 35499,35688,35877,35504,35693,35882 | 0.18     |
| 14  | 80         | 10000000 | 2500000   | 117648   | 1048576 | 2     | 4    | worker   | 12        | 16  | increase  | desc        | asc        | 2048       | 11.77            | 11.79                  | 6   | 29227,29416,29605,29232,29421,29610 | 0.17     |
| 8   | 60         | 10000000 | 625000    | 156250   | 1048576 | 128   | 16   | io_uring | 12        | 16  | decrease  | desc        | desc       | 253036     | 1121.82          | 1123.72                | 6   | 16746,16921,17096,16751,16926,17101 | 0.17     |
| 7   | 60         | 10000000 | 625000    | 156250   | 1048576 | 128   | 16   | worker   | 12        | 16  | decrease  | asc         | desc       | 503036     | 3084.73          | 3089.8                 | 6   | 13624,13799,13974,13629,13804,13979 | 0.16     |
| 13  | 80         | 10000000 | 2500000   | 117648   | 1048576 | 2     | 4    | io_uring | 12        | 16  | increase  | asc         | asc        | 2012144    | 1779.48          | 1782.23                | 6   | 28191,28380,28569,28196,28385,28574 | 0.15     |
| 5   | 60         | 10000000 | 625000    | 156250   | 1048576 | 128   | 16   | worker   | 12        | 16  | increase  | asc         | asc        | 32768      | 177.14           | 177.41                 | 6   | 8843,9018,9193,8848,9023,9198       | 0.15     |
| 6   | 60         | 10000000 | 625000    | 156250   | 1048576 | 128   | 16   | worker   | 12        | 16  | increase  | desc        | desc       | 128036     | 565.97           | 566.83                 | 6   | 11482,11657,11832,11487,11662,11837 | 0.15     |
| 6   | 60         | 10000000 | 625000    | 156250   | 1048576 | 128   | 16   | worker   | 12        | 16  | increase  | desc        | desc       | 32768      | 189.49           | 189.76                 | 6   | 11468,11643,11818,11473,11648,11823 | 0.14     |
| 15  | 80         | 10000000 | 2500000   | 117648   | 1048576 | 2     | 4    | worker   | 12        | 16  | decrease  | asc         | desc       | 1762144    | 2177.49          | 2180.34                | 6   | 32153,32342,32531,32158,32347,32536 | 0.13     |
| 15  | 80         | 10000000 | 2500000   | 117648   | 1048576 | 2     | 4    | worker   | 12        | 16  | decrease  | asc         | desc       | 1512144    | 1878.23          | 1880.66                | 6   | 32146,32335,32524,32151,32340,32529 | 0.13     |
| 14  | 80         | 10000000 | 2500000   | 117648   | 1048576 | 2     | 4    | worker   | 12        | 16  | increase  | desc        | asc        | 131072     | 219.9            | 220.16                 | 6   | 29269,29458,29647,29274,29463,29652 | 0.12     |
| 7   | 60         | 10000000 | 625000    | 156250   | 1048576 | 128   | 16   | worker   | 12        | 16  | decrease  | asc         | desc       | 190536     | 1354.48          | 1355.95                | 6   | 13589,13764,13939,13594,13769,13944 | 0.11     |
| 8   | 60         | 10000000 | 625000    | 156250   | 1048576 | 128   | 16   | worker   | 12        | 16  | decrease  | desc        | desc       | 315536     | 1221.77          | 1223.06                | 6   | 15703,15878,16053,15708,15883,16058 | 0.11     |
| 10  | 80         | 10000000 | 10000000  | 117648   | 16      | 32    | 1    | io_uring | 12        | 16  | increase  | desc        | asc        | 524288     | 119.94           | 120.06                 | 6   | 20925,21128,21331,20930,21133,21336 | 0.1      |
| 15  | 80         | 10000000 | 2500000   | 117648   | 1048576 | 2     | 4    | worker   | 12        | 16  | decrease  | asc         | asc        | 2048       | 10.84            | 10.85                  | 6   | 31495,31684,31873,31500,31689,31878 | 0.09     |
| 17  | 20         | 10000000 | 2500000   | 476191   | 4194304 | 128   | 4    | io_uring | 12        | 16  | increase  | asc         | asc        | 131072     | 1337.05          | 1338.24                | 6   | 37207,37396,37585,37212,37401,37590 | 0.09     |
| 6   | 60         | 10000000 | 625000    | 156250   | 1048576 | 128   | 16   | worker   | 12        | 16  | increase  | desc        | asc        | 565536     | 3276.73          | 3279.49                | 6   | 11006,11181,11356,11011,11186,11361 | 0.08     |
| 16  | 80         | 10000000 | 2500000   | 117648   | 1048576 | 2     | 4    | worker   | 12        | 16  | decrease  | desc        | desc       | 1012144    | 885.64           | 886.28                 | 6   | 34400,34589,34778,34405,34594,34783 | 0.07     |
| 15  | 80         | 10000000 | 2500000   | 117648   | 1048576 | 2     | 4    | worker   | 12        | 16  | decrease  | asc         | desc       | 16384      | 61.59            | 61.63                  | 6   | 32083,32272,32461,32088,32277,32466 | 0.06     |
| 5   | 60         | 10000000 | 625000    | 156250   | 1048576 | 128   | 16   | worker   | 12        | 16  | increase  | asc         | desc       | 190536     | 1511.31          | 1512.28                | 6   | 9389,9564,9739,9394,9569,9744       | 0.06     |
| 7   | 60         | 10000000 | 625000    | 156250   | 1048576 | 128   | 16   | worker   | 12        | 16  | decrease  | asc         | asc        | 2048       | 15.83            | 15.84                  | 6   | 13015,13190,13365,13020,13195,13370 | 0.06     |
| 8   | 60         | 10000000 | 625000    | 156250   | 1048576 | 128   | 16   | worker   | 12        | 16  | decrease  | desc        | asc        | 8192       | 130.56           | 130.61                 | 6   | 15129,15304,15479,15134,15309,15484 | 0.04     |
| 8   | 60         | 10000000 | 625000    | 156250   | 1048576 | 128   | 16   | io_uring | 12        | 16  | decrease  | desc        | asc        | 32768      | 549.11           | 549.25                 | 6   | 16193,16368,16543,16198,16373,16548 | 0.03     |
| 7   | 60         | 10000000 | 625000    | 156250   | 1048576 | 128   | 16   | io_uring | 12        | 16  | decrease  | asc         | desc       | 440536     | 3018.74          | 3019.31                | 6   | 14667,14842,15017,14672,14847,15022 | 0.02     |
| 6   | 60         | 10000000 | 625000    | 156250   | 1048576 | 128   | 16   | worker   | 12        | 16  | increase  | desc        | asc        | 503036     | 2971.62          | 2972.02                | 6   | 10999,11174,11349,11004,11179,11354 | 0.01     |
| 18  | 20         | 10000000 | 2500000   | 476191   | 4194304 | 128   | 4    | worker   | 12        | 16  | increase  | desc        | asc        | 65536      | 949.75           | 949.86                 | 6   | 38334,38523,38712,38339,38528,38717 | 0.01     |
| 5   | 60         | 10000000 | 625000    | 156250   | 1048576 | 128   | 16   | worker   | 12        | 16  | increase  | asc         | asc        | 65536      | 308.55           | 308.56                 | 6   | 8850,9025,9200,8855,9030,9205       | 0.0      |
| 1   | 80         | 10000000 | 1250000   | 117648   | 4       | 2048  | 8    | io_uring | 12        | 16  | increase  | asc         | asc        | 1          | 0.56             | 0.56                   | 6   | 1094,1276,1458,1099,1281,1463       | 0.0      |
| 2   | 80         | 10000000 | 1250000   | 117648   | 4       | 2048  | 8    | worker   | 12        | 16  | increase  | desc        | desc       | 1          | 0.55             | 0.55                   | 6   | 2732,2914,3096,2737,2919,3101       | 0.0      |
| 3   | 80         | 10000000 | 1250000   | 117648   | 4       | 2048  | 8    | worker   | 12        | 16  | decrease  | asc         | asc        | 2          | 0.68             | 0.68                   | 6   | 4377,4559,4741,4382,4564,4746       | 0.0      |
| 4   | 80         | 10000000 | 1250000   | 117648   | 4       | 2048  | 8    | worker   | 12        | 16  | decrease  | desc        | desc       | 1          | 0.5              | 0.5                    | 6   | 7100,7282,7464,7105,7287,7469       | 0.0      |
| 7   | 60         | 10000000 | 625000    | 156250   | 1048576 | 128   | 16   | worker   | 12        | 16  | decrease  | asc         | asc        | 1          | 0.39             | 0.39                   | 6   | 12938,13113,13288,12943,13118,13293 | 0.0      |
| 7   | 60         | 10000000 | 625000    | 156250   | 1048576 | 128   | 16   | worker   | 12        | 16  | decrease  | asc         | asc        | 2          | 0.51             | 0.51                   | 6   | 12945,13120,13295,12950,13125,13300 | 0.0      |
| 8   | 60         | 10000000 | 625000    | 156250   | 1048576 | 128   | 16   | worker   | 12        | 16  | decrease  | desc        | asc        | 8          | 1.13             | 1.13                   | 6   | 15059,15234,15409,15064,15239,15414 | 0.0      |
| 9   | 80         | 10000000 | 10000000  | 117648   | 16      | 32    | 1    | io_uring | 12        | 16  | increase  | asc         | asc        | 2048       | 0.85             | 0.85                   | 6   | 18433,18636,18839,18438,18641,18844 | 0.0      |
| 9   | 80         | 10000000 | 10000000  | 117648   | 16      | 32    | 1    | io_uring | 12        | 16  | increase  | asc         | desc       | 2          | 0.3              | 0.3                    | 6   | 18972,19175,19378,18977,19180,19383 | 0.0      |
| 9   | 80         | 10000000 | 10000000  | 117648   | 16      | 32    | 1    | worker   | 12        | 16  | increase  | asc         | desc       | 4          | 0.32             | 0.32                   | 6   | 17761,17964,18167,17766,17969,18172 | 0.0      |
| 10  | 80         | 10000000 | 10000000  | 117648   | 16      | 32    | 1    | io_uring | 12        | 16  | increase  | desc        | desc       | 1          | 0.27             | 0.27                   | 6   | 21401,21604,21807,21406,21609,21812 | 0.0      |
| 10  | 80         | 10000000 | 10000000  | 117648   | 16      | 32    | 1    | io_uring | 12        | 16  | increase  | desc        | desc       | 4096       | 2.53             | 2.53                   | 6   | 21485,21688,21891,21490,21693,21896 | 0.0      |
| 11  | 80         | 10000000 | 10000000  | 117648   | 16      | 32    | 1    | io_uring | 12        | 16  | decrease  | asc         | asc        | 1          | 0.27             | 0.27                   | 6   | 23228,23431,23634,23233,23436,23639 | 0.0      |
| 11  | 80         | 10000000 | 10000000  | 117648   | 16      | 32    | 1    | io_uring | 12        | 16  | decrease  | asc         | asc        | 4          | 0.26             | 0.26                   | 6   | 23242,23445,23648,23247,23450,23653 | 0.0      |
| 11  | 80         | 10000000 | 10000000  | 117648   | 16      | 32    | 1    | io_uring | 12        | 16  | decrease  | asc         | desc       | 2          | 0.27             | 0.27                   | 6   | 23844,24047,24250,23849,24052,24255 | 0.0      |
| 11  | 80         | 10000000 | 10000000  | 117648   | 16      | 32    | 1    | io_uring | 12        | 16  | decrease  | asc         | desc       | 4          | 0.29             | 0.29                   | 6   | 23851,24054,24257,23856,24059,24262 | 0.0      |
| 12  | 80         | 10000000 | 10000000  | 117648   | 16      | 32    | 1    | io_uring | 12        | 16  | decrease  | desc        | desc       | 512        | 0.52             | 0.52                   | 6   | 26336,26539,26742,26341,26544,26747 | 0.0      |
| 12  | 80         | 10000000 | 10000000  | 117648   | 16      | 32    | 1    | worker   | 12        | 16  | decrease  | desc        | asc        | 1          | 0.23             | 0.23                   | 6   | 24446,24649,24852,24451,24654,24857 | 0.0      |
| 12  | 80         | 10000000 | 10000000  | 117648   | 16      | 32    | 1    | worker   | 12        | 16  | decrease  | desc        | asc        | 16         | 0.24             | 0.24                   | 6   | 24474,24677,24880,24479,24682,24885 | 0.0      |
| 12  | 80         | 10000000 | 10000000  | 117648   | 16      | 32    | 1    | worker   | 12        | 16  | decrease  | desc        | desc       | 1          | 0.26             | 0.26                   | 6   | 25055,25258,25461,25060,25263,25466 | 0.0      |
| 13  | 80         | 10000000 | 2500000   | 117648   | 1048576 | 2     | 4    | io_uring | 12        | 16  | increase  | asc         | asc        | 2          | 0.32             | 0.32                   | 6   | 28023,28212,28401,28028,28217,28406 | 0.0      |
| 14  | 80         | 10000000 | 2500000   | 117648   | 1048576 | 2     | 4    | io_uring | 12        | 16  | increase  | desc        | asc        | 4          | 0.45             | 0.45                   | 6   | 30298,30487,30676,30303,30492,30681 | 0.0      |
| 14  | 80         | 10000000 | 2500000   | 117648   | 1048576 | 2     | 4    | worker   | 12        | 16  | increase  | desc        | asc        | 8          | 0.57             | 0.57                   | 6   | 29171,29360,29549,29176,29365,29554 | 0.0      |
| 14  | 80         | 10000000 | 2500000   | 117648   | 1048576 | 2     | 4    | worker   | 12        | 16  | increase  | desc        | desc       | 1          | 0.27             | 0.27                   | 6   | 29717,29906,30095,29722,29911,30100 | 0.0      |
| 14  | 80         | 10000000 | 2500000   | 117648   | 1048576 | 2     | 4    | worker   | 12        | 16  | increase  | desc        | desc       | 32         | 2.16             | 2.16                   | 6   | 29752,29941,30130,29757,29946,30135 | 0.0      |
| 15  | 80         | 10000000 | 2500000   | 117648   | 1048576 | 2     | 4    | io_uring | 12        | 16  | decrease  | asc         | desc       | 2          | 0.32             | 0.32                   | 6   | 33126,33315,33504,33131,33320,33509 | 0.0      |
| 15  | 80         | 10000000 | 2500000   | 117648   | 1048576 | 2     | 4    | worker   | 12        | 16  | decrease  | asc         | desc       | 2          | 0.3              | 0.3                    | 6   | 31992,32181,32370,31997,32186,32375 | 0.0      |
| 17  | 20         | 10000000 | 2500000   | 476191   | 4194304 | 128   | 4    | io_uring | 12        | 16  | increase  | asc         | asc        | 1          | 0.42             | 0.42                   | 6   | 37088,37277,37466,37093,37282,37471 | 0.0      |
| 17  | 20         | 10000000 | 2500000   | 476191   | 4194304 | 128   | 4    | worker   | 12        | 16  | increase  | asc         | asc        | 8          | 1.41             | 1.41                   | 6   | 35975,36164,36353,35980,36169,36358 | 0.0      |
| 17  | 20         | 10000000 | 2500000   | 476191   | 4194304 | 128   | 4    | worker   | 12        | 16  | increase  | asc         | asc        | 512144     | 2016.94          | 2016.81                | 6   | 36087,36276,36465,36092,36281,36470 | -0.01    |
| 17  | 20         | 10000000 | 2500000   | 476191   | 4194304 | 128   | 4    | worker   | 12        | 16  | increase  | asc         | desc       | 65536      | 1338.98          | 1338.89                | 6   | 36633,36822,37011,36638,36827,37016 | -0.01    |
| 7   | 60         | 10000000 | 625000    | 156250   | 1048576 | 128   | 16   | io_uring | 12        | 16  | decrease  | asc         | asc        | 190536     | 870.37           | 870.23                 | 6   | 14114,14289,14464,14119,14294,14469 | -0.02    |
| 8   | 60         | 10000000 | 625000    | 156250   | 1048576 | 128   | 16   | worker   | 12        | 16  | decrease  | desc        | asc        | 128036     | 973.69           | 973.51                 | 6   | 15157,15332,15507,15162,15337,15512 | -0.02    |
| 15  | 80         | 10000000 | 2500000   | 117648   | 1048576 | 2     | 4    | io_uring | 12        | 16  | decrease  | asc         | asc        | 2012144    | 1869.49          | 1869.03                | 6   | 32727,32916,33105,32732,32921,33110 | -0.02    |
| 5   | 60         | 10000000 | 625000    | 156250   | 1048576 | 128   | 16   | worker   | 12        | 16  | increase  | asc         | asc        | 128036     | 540.58           | 540.41                 | 6   | 8857,9032,9207,8862,9037,9212       | -0.03    |
| 15  | 80         | 10000000 | 2500000   | 117648   | 1048576 | 2     | 4    | io_uring | 12        | 16  | decrease  | asc         | desc       | 762144     | 1097.75          | 1097.17                | 6   | 33259,33448,33637,33264,33453,33642 | -0.05    |
| 6   | 60         | 10000000 | 625000    | 156250   | 1048576 | 128   | 16   | worker   | 12        | 16  | increase  | desc        | asc        | 8192       | 131.14           | 131.07                 | 6   | 10929,11104,11279,10934,11109,11284 | -0.05    |
| 7   | 60         | 10000000 | 625000    | 156250   | 1048576 | 128   | 16   | worker   | 12        | 16  | decrease  | asc         | desc       | 253036     | 1691.36          | 1690.31                | 6   | 13596,13771,13946,13601,13776,13951 | -0.06    |
| 14  | 80         | 10000000 | 2500000   | 117648   | 1048576 | 2     | 4    | io_uring | 12        | 16  | increase  | desc        | asc        | 2262144    | 3071.93          | 3069.93                | 6   | 30466,30655,30844,30471,30660,30849 | -0.07    |
| 17  | 20         | 10000000 | 2500000   | 476191   | 4194304 | 128   | 4    | io_uring | 12        | 16  | increase  | asc         | asc        | 512144     | 2481.4           | 2479.63                | 6   | 37221,37410,37599,37226,37415,37604 | -0.07    |
| 5   | 60         | 10000000 | 625000    | 156250   | 1048576 | 128   | 16   | worker   | 12        | 16  | increase  | asc         | desc       | 128036     | 1136.56          | 1135.67                | 6   | 9382,9557,9732,9387,9562,9737       | -0.08    |
| 7   | 60         | 10000000 | 625000    | 156250   | 1048576 | 128   | 16   | io_uring | 12        | 16  | decrease  | asc         | desc       | 253036     | 1929.72          | 1928.13                | 6   | 14646,14821,14996,14651,14826,15001 | -0.08    |
| 6   | 60         | 10000000 | 625000    | 156250   | 1048576 | 128   | 16   | worker   | 12        | 16  | increase  | desc        | desc       | 440536     | 1719.29          | 1717.78                | 6   | 11517,11692,11867,11522,11697,11872 | -0.09    |
| 5   | 60         | 10000000 | 625000    | 156250   | 1048576 | 128   | 16   | worker   | 12        | 16  | increase  | asc         | desc       | 253036     | 1882.61          | 1880.93                | 6   | 9396,9571,9746,9401,9576,9751       | -0.09    |
| 7   | 60         | 10000000 | 625000    | 156250   | 1048576 | 128   | 16   | worker   | 12        | 16  | decrease  | asc         | asc        | 65536      | 309.55           | 309.27                 | 6   | 13050,13225,13400,13055,13230,13405 | -0.09    |
| 17  | 20         | 10000000 | 2500000   | 476191   | 4194304 | 128   | 4    | io_uring | 12        | 16  | increase  | asc         | asc        | 262144     | 1781.01          | 1779.25                | 6   | 37214,37403,37592,37219,37408,37597 | -0.1     |
| 8   | 60         | 10000000 | 625000    | 156250   | 1048576 | 128   | 16   | worker   | 12        | 16  | decrease  | desc        | desc       | 4096       | 28.33            | 28.3                   | 6   | 15647,15822,15997,15652,15827,16002 | -0.11    |
| 6   | 60         | 10000000 | 625000    | 156250   | 1048576 | 128   | 16   | worker   | 12        | 16  | increase  | desc        | asc        | 315536     | 1974.36          | 1972.16                | 6   | 10978,11153,11328,10983,11158,11333 | -0.11    |
| 18  | 20         | 10000000 | 2500000   | 476191   | 4194304 | 128   | 4    | worker   | 12        | 16  | increase  | desc        | asc        | 512144     | 2654.45          | 2651.21                | 6   | 38355,38544,38733,38360,38549,38738 | -0.12    |
| 6   | 60         | 10000000 | 625000    | 156250   | 1048576 | 128   | 16   | worker   | 12        | 16  | increase  | desc        | asc        | 440536     | 2643.84          | 2639.83                | 6   | 10992,11167,11342,10997,11172,11347 | -0.15    |
| 17  | 20         | 10000000 | 2500000   | 476191   | 4194304 | 128   | 4    | worker   | 12        | 16  | increase  | asc         | desc       | 512        | 25.33            | 25.29                  | 6   | 36584,36773,36962,36589,36778,36967 | -0.16    |
| 16  | 80         | 10000000 | 2500000   | 117648   | 1048576 | 2     | 4    | io_uring | 12        | 16  | decrease  | desc        | desc       | 4096       | 25.07            | 25.03                  | 6   | 35471,35660,35849,35476,35665,35854 | -0.16    |
| 16  | 80         | 10000000 | 2500000   | 117648   | 1048576 | 2     | 4    | worker   | 12        | 16  | decrease  | desc        | desc       | 32768      | 96.94            | 96.78                  | 6   | 34358,34547,34736,34363,34552,34741 | -0.17    |
| 17  | 20         | 10000000 | 2500000   | 476191   | 4194304 | 128   | 4    | worker   | 12        | 16  | increase  | asc         | desc       | 1012144    | 4899.73          | 4891.6                 | 6   | 36668,36857,37046,36673,36862,37051 | -0.17    |
| 6   | 60         | 10000000 | 625000    | 156250   | 1048576 | 128   | 16   | io_uring | 12        | 16  | increase  | desc        | asc        | 32768      | 556.61           | 555.66                 | 6   | 11993,12168,12343,11998,12173,12348 | -0.17    |
| 6   | 60         | 10000000 | 625000    | 156250   | 1048576 | 128   | 16   | worker   | 12        | 16  | increase  | desc        | asc        | 253036     | 1632.67          | 1629.77                | 6   | 10971,11146,11321,10976,11151,11326 | -0.18    |
| 6   | 60         | 10000000 | 625000    | 156250   | 1048576 | 128   | 16   | io_uring | 12        | 16  | increase  | desc        | asc        | 128036     | 1213.37          | 1211.12                | 6   | 12007,12182,12357,12012,12187,12362 | -0.19    |
| 16  | 80         | 10000000 | 2500000   | 117648   | 1048576 | 2     | 4    | worker   | 12        | 16  | decrease  | desc        | desc       | 8192       | 37.49            | 37.42                  | 6   | 34344,34533,34722,34349,34538,34727 | -0.19    |
| 7   | 60         | 10000000 | 625000    | 156250   | 1048576 | 128   | 16   | io_uring | 12        | 16  | decrease  | asc         | asc        | 32768      | 217.14           | 216.72                 | 6   | 14093,14268,14443,14098,14273,14448 | -0.19    |
| 18  | 20         | 10000000 | 2500000   | 476191   | 4194304 | 128   | 4    | worker   | 12        | 16  | increase  | desc        | asc        | 131072     | 1448.71          | 1445.88                | 6   | 38341,38530,38719,38346,38535,38724 | -0.2     |
| 16  | 80         | 10000000 | 2500000   | 117648   | 1048576 | 2     | 4    | worker   | 12        | 16  | decrease  | desc        | desc       | 1512144    | 1296.4           | 1293.77                | 6   | 34414,34603,34792,34419,34608,34797 | -0.2     |
| 7   | 60         | 10000000 | 625000    | 156250   | 1048576 | 128   | 16   | worker   | 12        | 16  | decrease  | asc         | desc       | 65536      | 652.19           | 650.86                 | 6   | 13575,13750,13925,13580,13755,13930 | -0.2     |
| 17  | 20         | 10000000 | 2500000   | 476191   | 4194304 | 128   | 4    | io_uring | 12        | 16  | increase  | asc         | desc       | 1262144    | 6038.63          | 6025.96                | 6   | 37809,37998,38187,37814,38003,38192 | -0.21    |
| 15  | 80         | 10000000 | 2500000   | 117648   | 1048576 | 2     | 4    | worker   | 12        | 16  | decrease  | asc         | desc       | 1262144    | 1574.57          | 1571.23                | 6   | 32139,32328,32517,32144,32333,32522 | -0.21    |
| 17  | 20         | 10000000 | 2500000   | 476191   | 4194304 | 128   | 4    | io_uring | 12        | 16  | increase  | asc         | asc        | 1012144    | 3782.44          | 3774.1                 | 6   | 37235,37424,37613,37240,37429,37618 | -0.22    |
| 5   | 60         | 10000000 | 625000    | 156250   | 1048576 | 128   | 16   | io_uring | 12        | 16  | increase  | asc         | desc       | 253036     | 1976.95          | 1972.59                | 6   | 10446,10621,10796,10451,10626,10801 | -0.22    |
| 13  | 80         | 10000000 | 2500000   | 117648   | 1048576 | 2     | 4    | io_uring | 12        | 16  | increase  | asc         | asc        | 65536      | 144.61           | 144.29                 | 6   | 28128,28317,28506,28133,28322,28511 | -0.22    |
| 7   | 60         | 10000000 | 625000    | 156250   | 1048576 | 128   | 16   | io_uring | 12        | 16  | decrease  | asc         | desc       | 16384      | 316.59           | 315.87                 | 6   | 14611,14786,14961,14616,14791,14966 | -0.23    |
| 15  | 80         | 10000000 | 2500000   | 117648   | 1048576 | 2     | 4    | io_uring | 12        | 16  | decrease  | asc         | desc       | 1512144    | 2107.43          | 2102.53                | 6   | 33280,33469,33658,33285,33474,33663 | -0.23    |
| 13  | 80         | 10000000 | 2500000   | 117648   | 1048576 | 2     | 4    | io_uring | 12        | 16  | increase  | asc         | desc       | 65536      | 186.41           | 185.95                 | 6   | 28695,28884,29073,28700,28889,29078 | -0.25    |
| 6   | 60         | 10000000 | 625000    | 156250   | 1048576 | 128   | 16   | io_uring | 12        | 16  | increase  | desc        | asc        | 4096       | 101.12           | 100.87                 | 6   | 11972,12147,12322,11977,12152,12327 | -0.25    |
| 15  | 80         | 10000000 | 2500000   | 117648   | 1048576 | 2     | 4    | io_uring | 12        | 16  | decrease  | asc         | desc       | 32768      | 122.9            | 122.58                 | 6   | 33224,33413,33602,33229,33418,33607 | -0.26    |
| 8   | 60         | 10000000 | 625000    | 156250   | 1048576 | 128   | 16   | io_uring | 12        | 16  | decrease  | desc        | desc       | 65536      | 383.21           | 382.21                 | 6   | 16725,16900,17075,16730,16905,17080 | -0.26    |
| 13  | 80         | 10000000 | 2500000   | 117648   | 1048576 | 2     | 4    | io_uring | 12        | 16  | increase  | asc         | asc        | 262144     | 307.98           | 307.17                 | 6   | 28142,28331,28520,28147,28336,28525 | -0.26    |
| 5   | 60         | 10000000 | 625000    | 156250   | 1048576 | 128   | 16   | io_uring | 12        | 16  | increase  | asc         | asc        | 253036     | 1120.54          | 1117.59                | 6   | 9921,10096,10271,9926,10101,10276   | -0.26    |
| 17  | 20         | 10000000 | 2500000   | 476191   | 4194304 | 128   | 4    | io_uring | 12        | 16  | increase  | asc         | asc        | 2048       | 44.62            | 44.5                   | 6   | 37165,37354,37543,37170,37359,37548 | -0.27    |
| 1   | 80         | 10000000 | 1250000   | 117648   | 4       | 2048  | 8    | worker   | 12        | 16  | increase  | asc         | asc        | 32768      | 70.22            | 70.03                  | 6   | 107,289,471,112,294,476             | -0.27    |
| 18  | 20         | 10000000 | 2500000   | 476191   | 4194304 | 128   | 4    | worker   | 12        | 16  | increase  | desc        | desc       | 1762144    | 5315.97          | 5301.55                | 2   | 38957,38962                         | -0.27    |
| 7   | 60         | 10000000 | 625000    | 156250   | 1048576 | 128   | 16   | io_uring | 12        | 16  | decrease  | asc         | desc       | 4096       | 96.01            | 95.74                  | 6   | 14597,14772,14947,14602,14777,14952 | -0.28    |
| 15  | 80         | 10000000 | 2500000   | 117648   | 1048576 | 2     | 4    | io_uring | 12        | 16  | decrease  | asc         | asc        | 262144     | 312.61           | 311.72                 | 6   | 32678,32867,33056,32683,32872,33061 | -0.28    |
| 7   | 60         | 10000000 | 625000    | 156250   | 1048576 | 128   | 16   | io_uring | 12        | 16  | decrease  | asc         | desc       | 190536     | 1565.84          | 1561.36                | 6   | 14639,14814,14989,14644,14819,14994 | -0.29    |
| 7   | 60         | 10000000 | 625000    | 156250   | 1048576 | 128   | 16   | io_uring | 12        | 16  | decrease  | asc         | desc       | 128036     | 1183.21          | 1179.78                | 6   | 14632,14807,14982,14637,14812,14987 | -0.29    |
| 7   | 60         | 10000000 | 625000    | 156250   | 1048576 | 128   | 16   | worker   | 12        | 16  | decrease  | asc         | desc       | 32768      | 429.11           | 427.86                 | 6   | 13568,13743,13918,13573,13748,13923 | -0.29    |
| 13  | 80         | 10000000 | 2500000   | 117648   | 1048576 | 2     | 4    | io_uring | 12        | 16  | increase  | asc         | desc       | 262144     | 472.69           | 471.31                 | 6   | 28709,28898,29087,28714,28903,29092 | -0.29    |
| 6   | 60         | 10000000 | 625000    | 156250   | 1048576 | 128   | 16   | io_uring | 12        | 16  | increase  | desc        | desc       | 190536     | 881.94           | 879.33                 | 6   | 12539,12714,12889,12544,12719,12894 | -0.3     |
| 15  | 80         | 10000000 | 2500000   | 117648   | 1048576 | 2     | 4    | io_uring | 12        | 16  | decrease  | asc         | desc       | 2262144    | 3065.45          | 3056.29                | 6   | 33301,33490,33679,33306,33495,33684 | -0.3     |
| 16  | 80         | 10000000 | 2500000   | 117648   | 1048576 | 2     | 4    | io_uring | 12        | 16  | decrease  | desc        | desc       | 2262144    | 1983.25          | 1977.28                | 6   | 35569,35758,35947,35574,35763,35952 | -0.3     |
| 6   | 60         | 10000000 | 625000    | 156250   | 1048576 | 128   | 16   | io_uring | 12        | 16  | increase  | desc        | desc       | 65536      | 385.56           | 384.36                 | 6   | 12525,12700,12875,12530,12705,12880 | -0.31    |
| 15  | 80         | 10000000 | 2500000   | 117648   | 1048576 | 2     | 4    | io_uring | 12        | 16  | decrease  | asc         | desc       | 262144     | 435.25           | 433.87                 | 6   | 33245,33434,33623,33250,33439,33628 | -0.32    |
| 7   | 60         | 10000000 | 625000    | 156250   | 1048576 | 128   | 16   | worker   | 12        | 16  | decrease  | asc         | desc       | 64         | 3.15             | 3.14                   | 6   | 13505,13680,13855,13510,13685,13860 | -0.32    |
| 15  | 80         | 10000000 | 2500000   | 117648   | 1048576 | 2     | 4    | worker   | 12        | 16  | decrease  | asc         | asc        | 32768      | 83.49            | 83.22                  | 6   | 31523,31712,31901,31528,31717,31906 | -0.32    |
| 16  | 80         | 10000000 | 2500000   | 117648   | 1048576 | 2     | 4    | io_uring | 12        | 16  | decrease  | desc        | desc       | 512144     | 516.93           | 515.2                  | 6   | 35520,35709,35898,35525,35714,35903 | -0.33    |
| 13  | 80         | 10000000 | 2500000   | 117648   | 1048576 | 2     | 4    | worker   | 12        | 16  | increase  | asc         | asc        | 1012144    | 862.1            | 859.21                 | 6   | 27029,27218,27407,27034,27223,27412 | -0.34    |
| 6   | 60         | 10000000 | 625000    | 156250   | 1048576 | 128   | 16   | io_uring | 12        | 16  | increase  | desc        | asc        | 253036     | 1969.88          | 1963.21                | 6   | 12021,12196,12371,12026,12201,12376 | -0.34    |
| 8   | 60         | 10000000 | 625000    | 156250   | 1048576 | 128   | 16   | io_uring | 12        | 16  | decrease  | desc        | desc       | 4096       | 35.38            | 35.26                  | 6   | 16697,16872,17047,16702,16877,17052 | -0.34    |
| 6   | 60         | 10000000 | 625000    | 156250   | 1048576 | 128   | 16   | worker   | 12        | 16  | increase  | desc        | desc       | 378036     | 1489.75          | 1484.68                | 6   | 11510,11685,11860,11515,11690,11865 | -0.34    |
| 13  | 80         | 10000000 | 2500000   | 117648   | 1048576 | 2     | 4    | worker   | 12        | 16  | increase  | asc         | asc        | 2012144    | 1657.88          | 1651.93                | 6   | 27057,27246,27435,27062,27251,27440 | -0.36    |
| 16  | 80         | 10000000 | 2500000   | 117648   | 1048576 | 2     | 4    | worker   | 12        | 16  | decrease  | desc        | desc       | 512144     | 474.12           | 472.39                 | 6   | 34386,34575,34764,34391,34580,34769 | -0.36    |
| 6   | 60         | 10000000 | 625000    | 156250   | 1048576 | 128   | 16   | io_uring | 12        | 16  | increase  | desc        | desc       | 2048       | 18.95            | 18.88                  | 6   | 12490,12665,12840,12495,12670,12845 | -0.37    |
| 8   | 60         | 10000000 | 625000    | 156250   | 1048576 | 128   | 16   | io_uring | 12        | 16  | decrease  | desc        | asc        | 190536     | 1626.64          | 1620.33                | 6   | 16214,16389,16564,16219,16394,16569 | -0.39    |
| 17  | 20         | 10000000 | 2500000   | 476191   | 4194304 | 128   | 4    | worker   | 12        | 16  | increase  | asc         | asc        | 1762144    | 5028.98          | 5009.03                | 6   | 36122,36311,36500,36127,36316,36505 | -0.4     |
| 14  | 80         | 10000000 | 2500000   | 117648   | 1048576 | 2     | 4    | io_uring | 12        | 16  | increase  | desc        | asc        | 512144     | 774.5            | 771.38                 | 6   | 30417,30606,30795,30422,30611,30800 | -0.4     |
| 15  | 80         | 10000000 | 2500000   | 117648   | 1048576 | 2     | 4    | worker   | 12        | 16  | decrease  | asc         | desc       | 65536      | 143.55           | 142.97                 | 6   | 32097,32286,32475,32102,32291,32480 | -0.4     |
| 5   | 60         | 10000000 | 625000    | 156250   | 1048576 | 128   | 16   | io_uring | 12        | 16  | increase  | asc         | desc       | 32768      | 537.78           | 535.59                 | 6   | 10418,10593,10768,10423,10598,10773 | -0.41    |
| 14  | 80         | 10000000 | 2500000   | 117648   | 1048576 | 2     | 4    | worker   | 12        | 16  | increase  | desc        | asc        | 4096       | 21.78            | 21.69                  | 6   | 29234,29423,29612,29239,29428,29617 | -0.41    |
| 18  | 20         | 10000000 | 2500000   | 476191   | 4194304 | 128   | 4    | worker   | 12        | 16  | increase  | desc        | desc       | 32768      | 504.54           | 502.44                 | 4   | 38894,39083,38899,39088             | -0.42    |
| 13  | 80         | 10000000 | 2500000   | 117648   | 1048576 | 2     | 4    | io_uring | 12        | 16  | increase  | asc         | asc        | 1012144    | 949.36           | 945.3                  | 6   | 28163,28352,28541,28168,28357,28546 | -0.43    |
| 16  | 80         | 10000000 | 2500000   | 117648   | 1048576 | 2     | 4    | io_uring | 12        | 16  | decrease  | desc        | asc        | 131072     | 275.02           | 273.84                 | 6   | 34939,35128,35317,34944,35133,35322 | -0.43    |
| 18  | 20         | 10000000 | 2500000   | 476191   | 4194304 | 128   | 4    | worker   | 12        | 16  | increase  | desc        | desc       | 65536      | 870.64           | 866.86                 | 3   | 38901,39090,38906                   | -0.43    |
| 8   | 60         | 10000000 | 625000    | 156250   | 1048576 | 128   | 16   | io_uring | 12        | 16  | decrease  | desc        | desc       | 128036     | 637.07           | 634.22                 | 6   | 16732,16907,17082,16737,16912,17087 | -0.45    |
| 17  | 20         | 10000000 | 2500000   | 476191   | 4194304 | 128   | 4    | io_uring | 12        | 16  | increase  | asc         | asc        | 762144     | 3144.14          | 3130.06                | 6   | 37228,37417,37606,37233,37422,37611 | -0.45    |
| 6   | 60         | 10000000 | 625000    | 156250   | 1048576 | 128   | 16   | worker   | 12        | 16  | increase  | desc        | asc        | 4096       | 71.25            | 70.93                  | 6   | 10922,11097,11272,10927,11102,11277 | -0.45    |
| 13  | 80         | 10000000 | 2500000   | 117648   | 1048576 | 2     | 4    | io_uring | 12        | 16  | increase  | asc         | asc        | 1762144    | 1583.97          | 1576.63                | 6   | 28184,28373,28562,28189,28378,28567 | -0.46    |
| 15  | 80         | 10000000 | 2500000   | 117648   | 1048576 | 2     | 4    | io_uring | 12        | 16  | decrease  | asc         | desc       | 2012144    | 2763.66          | 2750.69                | 6   | 33294,33483,33672,33299,33488,33677 | -0.47    |
| 8   | 60         | 10000000 | 625000    | 156250   | 1048576 | 128   | 16   | io_uring | 12        | 16  | decrease  | desc        | desc       | 190536     | 884.5            | 880.31                 | 6   | 16739,16914,17089,16744,16919,17094 | -0.47    |
| 17  | 20         | 10000000 | 2500000   | 476191   | 4194304 | 128   | 4    | io_uring | 12        | 16  | increase  | asc         | desc       | 16384      | 467.37           | 465.1                  | 6   | 37753,37942,38131,37758,37947,38136 | -0.49    |
| 7   | 60         | 10000000 | 625000    | 156250   | 1048576 | 128   | 16   | worker   | 12        | 16  | decrease  | asc         | desc       | 378036     | 2396.75          | 2384.95                | 6   | 13610,13785,13960,13615,13790,13965 | -0.49    |
| 8   | 60         | 10000000 | 625000    | 156250   | 1048576 | 128   | 16   | worker   | 12        | 16  | decrease  | desc        | desc       | 378036     | 1464.79          | 1457.55                | 6   | 15710,15885,16060,15715,15890,16065 | -0.49    |
| 6   | 60         | 10000000 | 625000    | 156250   | 1048576 | 128   | 16   | io_uring | 12        | 16  | increase  | desc        | desc       | 128036     | 643.63           | 640.43                 | 6   | 12532,12707,12882,12537,12712,12887 | -0.5     |
| 7   | 60         | 10000000 | 625000    | 156250   | 1048576 | 128   | 16   | io_uring | 12        | 16  | decrease  | asc         | asc        | 4096       | 34.05            | 33.88                  | 6   | 14072,14247,14422,14077,14252,14427 | -0.5     |
| 7   | 60         | 10000000 | 625000    | 156250   | 1048576 | 128   | 16   | worker   | 12        | 16  | decrease  | asc         | asc        | 378036     | 1450.84          | 1443.59                | 6   | 13085,13260,13435,13090,13265,13440 | -0.5     |
| 13  | 80         | 10000000 | 2500000   | 117648   | 1048576 | 2     | 4    | worker   | 12        | 16  | increase  | asc         | asc        | 1762144    | 1457.48          | 1450.15                | 6   | 27050,27239,27428,27055,27244,27433 | -0.5     |
| 17  | 20         | 10000000 | 2500000   | 476191   | 4194304 | 128   | 4    | worker   | 12        | 16  | increase  | asc         | desc       | 32768      | 792.78           | 788.73                 | 6   | 36626,36815,37004,36631,36820,37009 | -0.51    |
| 18  | 20         | 10000000 | 2500000   | 476191   | 4194304 | 128   | 4    | worker   | 12        | 16  | increase  | desc        | asc        | 262144     | 1926.1           | 1916.26                | 6   | 38348,38537,38726,38353,38542,38731 | -0.51    |
| 18  | 20         | 10000000 | 2500000   | 476191   | 4194304 | 128   | 4    | worker   | 12        | 16  | increase  | desc        | asc        | 16384      | 321.0            | 319.35                 | 6   | 38320,38509,38698,38325,38514,38703 | -0.51    |
| 17  | 20         | 10000000 | 2500000   | 476191   | 4194304 | 128   | 4    | worker   | 12        | 16  | increase  | asc         | asc        | 16384      | 216.05           | 214.93                 | 6   | 36052,36241,36430,36057,36246,36435 | -0.52    |
| 14  | 80         | 10000000 | 2500000   | 117648   | 1048576 | 2     | 4    | worker   | 12        | 16  | increase  | desc        | asc        | 1762144    | 2173.67          | 2162.39                | 6   | 29318,29507,29696,29323,29512,29701 | -0.52    |
| 13  | 80         | 10000000 | 2500000   | 117648   | 1048576 | 2     | 4    | io_uring | 12        | 16  | increase  | asc         | asc        | 1262144    | 1168.5           | 1162.19                | 6   | 28170,28359,28548,28175,28364,28553 | -0.54    |
| 16  | 80         | 10000000 | 2500000   | 117648   | 1048576 | 2     | 4    | io_uring | 12        | 16  | decrease  | desc        | asc        | 32768      | 127.07           | 126.37                 | 6   | 34925,35114,35303,34930,35119,35308 | -0.55    |
| 16  | 80         | 10000000 | 2500000   | 117648   | 1048576 | 2     | 4    | io_uring | 12        | 16  | decrease  | desc        | asc        | 65536      | 182.79           | 181.77                 | 6   | 34932,35121,35310,34937,35126,35315 | -0.56    |
| 8   | 60         | 10000000 | 625000    | 156250   | 1048576 | 128   | 16   | io_uring | 12        | 16  | decrease  | desc        | desc       | 1024       | 10.65            | 10.59                  | 6   | 16683,16858,17033,16688,16863,17038 | -0.56    |
| 7   | 60         | 10000000 | 625000    | 156250   | 1048576 | 128   | 16   | worker   | 12        | 16  | decrease  | asc         | asc        | 190536     | 778.58           | 774.19                 | 6   | 13064,13239,13414,13069,13244,13419 | -0.56    |
| 14  | 80         | 10000000 | 2500000   | 117648   | 1048576 | 2     | 4    | worker   | 12        | 16  | increase  | desc        | desc       | 131072     | 199.58           | 198.45                 | 6   | 29836,30025,30214,29841,30030,30219 | -0.57    |
| 7   | 60         | 10000000 | 625000    | 156250   | 1048576 | 128   | 16   | worker   | 12        | 16  | decrease  | asc         | asc        | 128036     | 544.91           | 541.69                 | 6   | 13057,13232,13407,13062,13237,13412 | -0.59    |
| 15  | 80         | 10000000 | 2500000   | 117648   | 1048576 | 2     | 4    | io_uring | 12        | 16  | decrease  | asc         | desc       | 1762144    | 2462.21          | 2447.43                | 6   | 33287,33476,33665,33292,33481,33670 | -0.6     |
| 17  | 20         | 10000000 | 2500000   | 476191   | 4194304 | 128   | 4    | worker   | 12        | 16  | increase  | asc         | desc       | 16384      | 446.98           | 444.21                 | 6   | 36619,36808,36997,36624,36813,37002 | -0.62    |
| 7   | 60         | 10000000 | 625000    | 156250   | 1048576 | 128   | 16   | io_uring | 12        | 16  | decrease  | asc         | asc        | 128036     | 628.0            | 624.04                 | 6   | 14107,14282,14457,14112,14287,14462 | -0.63    |
| 5   | 60         | 10000000 | 625000    | 156250   | 1048576 | 128   | 16   | io_uring | 12        | 16  | increase  | asc         | desc       | 65536      | 801.55           | 796.49                 | 6   | 10425,10600,10775,10430,10605,10780 | -0.63    |
| 7   | 60         | 10000000 | 625000    | 156250   | 1048576 | 128   | 16   | io_uring | 12        | 16  | decrease  | asc         | asc        | 565536     | 2271.08          | 2256.54                | 6   | 14156,14331,14506,14161,14336,14511 | -0.64    |
| 13  | 80         | 10000000 | 2500000   | 117648   | 1048576 | 2     | 4    | io_uring | 12        | 16  | increase  | asc         | asc        | 762144     | 733.5            | 728.78                 | 6   | 28156,28345,28534,28161,28350,28539 | -0.64    |
| 6   | 60         | 10000000 | 625000    | 156250   | 1048576 | 128   | 16   | io_uring | 12        | 16  | increase  | desc        | asc        | 8192       | 188.03           | 186.78                 | 6   | 11979,12154,12329,11984,12159,12334 | -0.66    |
| 2   | 80         | 10000000 | 1250000   | 117648   | 4       | 2048  | 8    | worker   | 12        | 16  | increase  | desc        | asc        | 512        | 3.0              | 2.98                   | 6   | 2249,2431,2613,2254,2436,2618       | -0.67    |
| 15  | 80         | 10000000 | 2500000   | 117648   | 1048576 | 2     | 4    | io_uring | 12        | 16  | decrease  | asc         | asc        | 131072     | 203.23           | 201.87                 | 6   | 32671,32860,33049,32676,32865,33054 | -0.67    |
| 3   | 80         | 10000000 | 1250000   | 117648   | 4       | 2048  | 8    | worker   | 12        | 16  | decrease  | asc         | desc       | 32         | 1.47             | 1.46                   | 6   | 4951,5133,5315,4956,5138,5320       | -0.68    |
| 17  | 20         | 10000000 | 2500000   | 476191   | 4194304 | 128   | 4    | io_uring | 12        | 16  | increase  | asc         | desc       | 32768      | 840.68           | 834.91                 | 6   | 37760,37949,38138,37765,37954,38143 | -0.69    |
| 10  | 80         | 10000000 | 10000000  | 117648   | 16      | 32    | 1    | io_uring | 12        | 16  | increase  | desc        | asc        | 16384      | 4.37             | 4.34                   | 6   | 20890,21093,21296,20895,21098,21301 | -0.69    |
| 8   | 60         | 10000000 | 625000    | 156250   | 1048576 | 128   | 16   | worker   | 12        | 16  | decrease  | desc        | asc        | 16384      | 233.81           | 232.2                  | 6   | 15136,15311,15486,15141,15316,15491 | -0.69    |
| 6   | 60         | 10000000 | 625000    | 156250   | 1048576 | 128   | 16   | worker   | 12        | 16  | increase  | desc        | asc        | 190536     | 1299.7           | 1290.72                | 6   | 10964,11139,11314,10969,11144,11319 | -0.69    |
| 16  | 80         | 10000000 | 2500000   | 117648   | 1048576 | 2     | 4    | io_uring | 12        | 16  | decrease  | desc        | desc       | 1012144    | 947.34           | 940.72                 | 6   | 35534,35723,35912,35539,35728,35917 | -0.7     |
| 10  | 80         | 10000000 | 10000000  | 117648   | 16      | 32    | 1    | io_uring | 12        | 16  | increase  | desc        | asc        | 8192       | 2.83             | 2.81                   | 6   | 20883,21086,21289,20888,21091,21294 | -0.71    |
| 7   | 60         | 10000000 | 625000    | 156250   | 1048576 | 128   | 16   | io_uring | 12        | 16  | decrease  | asc         | desc       | 315536     | 2305.45          | 2289.11                | 6   | 14653,14828,15003,14658,14833,15008 | -0.71    |
| 7   | 60         | 10000000 | 625000    | 156250   | 1048576 | 128   | 16   | worker   | 12        | 16  | decrease  | asc         | desc       | 565536     | 3414.31          | 3390.11                | 6   | 13631,13806,13981,13636,13811,13986 | -0.71    |
| 15  | 80         | 10000000 | 2500000   | 117648   | 1048576 | 2     | 4    | worker   | 12        | 16  | decrease  | asc         | desc       | 762144     | 966.14           | 959.29                 | 6   | 32125,32314,32503,32130,32319,32508 | -0.71    |
| 3   | 80         | 10000000 | 1250000   | 117648   | 4       | 2048  | 8    | worker   | 12        | 16  | decrease  | asc         | desc       | 16         | 1.38             | 1.37                   | 6   | 4944,5126,5308,4949,5131,5313       | -0.72    |
| 5   | 60         | 10000000 | 625000    | 156250   | 1048576 | 128   | 16   | worker   | 12        | 16  | increase  | asc         | desc       | 256        | 8.21             | 8.15                   | 6   | 9319,9494,9669,9324,9499,9674       | -0.73    |
| 5   | 60         | 10000000 | 625000    | 156250   | 1048576 | 128   | 16   | io_uring | 12        | 16  | increase  | asc         | desc       | 315536     | 2352.67          | 2335.45                | 6   | 10453,10628,10803,10458,10633,10808 | -0.73    |
| 16  | 80         | 10000000 | 2500000   | 117648   | 1048576 | 2     | 4    | worker   | 12        | 16  | decrease  | desc        | asc        | 262144     | 385.07           | 382.21                 | 6   | 33812,34001,34190,33817,34006,34195 | -0.74    |
| 5   | 60         | 10000000 | 625000    | 156250   | 1048576 | 128   | 16   | worker   | 12        | 16  | increase  | asc         | asc        | 8          | 1.34             | 1.33                   | 6   | 8759,8934,9109,8764,8939,9114       | -0.75    |
| 16  | 80         | 10000000 | 2500000   | 117648   | 1048576 | 2     | 4    | worker   | 12        | 16  | decrease  | desc        | desc       | 1262144    | 1090.07          | 1081.91                | 6   | 34407,34596,34785,34412,34601,34790 | -0.75    |
| 6   | 60         | 10000000 | 625000    | 156250   | 1048576 | 128   | 16   | io_uring | 12        | 16  | increase  | desc        | desc       | 16384      | 126.93           | 125.97                 | 6   | 12511,12686,12861,12516,12691,12866 | -0.76    |
| 3   | 80         | 10000000 | 1250000   | 117648   | 4       | 2048  | 8    | worker   | 12        | 16  | decrease  | asc         | desc       | 1024       | 5.06             | 5.02                   | 6   | 4986,5168,5350,4991,5173,5355       | -0.79    |
| 8   | 60         | 10000000 | 625000    | 156250   | 1048576 | 128   | 16   | worker   | 12        | 16  | decrease  | desc        | asc        | 190536     | 1323.96          | 1313.27                | 6   | 15164,15339,15514,15169,15344,15519 | -0.81    |
| 8   | 60         | 10000000 | 625000    | 156250   | 1048576 | 128   | 16   | io_uring | 12        | 16  | decrease  | desc        | asc        | 315536     | 2445.49          | 2425.47                | 6   | 16228,16403,16578,16233,16408,16583 | -0.82    |
| 4   | 80         | 10000000 | 1250000   | 117648   | 4       | 2048  | 8    | io_uring | 12        | 16  | decrease  | desc        | asc        | 1024       | 8.39             | 8.32                   | 6   | 7716,7898,8080,7721,7903,8085       | -0.83    |
| 15  | 80         | 10000000 | 2500000   | 117648   | 1048576 | 2     | 4    | worker   | 12        | 16  | decrease  | asc         | desc       | 2012144    | 2447.37          | 2426.86                | 6   | 32160,32349,32538,32165,32354,32543 | -0.84    |
| 16  | 80         | 10000000 | 2500000   | 117648   | 1048576 | 2     | 4    | worker   | 12        | 16  | decrease  | desc        | desc       | 1762144    | 1516.28          | 1503.36                | 6   | 34421,34610,34799,34426,34615,34804 | -0.85    |
| 5   | 60         | 10000000 | 625000    | 156250   | 1048576 | 128   | 16   | worker   | 12        | 16  | increase  | asc         | desc       | 65536      | 750.19           | 743.78                 | 6   | 9375,9550,9725,9380,9555,9730       | -0.85    |
| 5   | 60         | 10000000 | 625000    | 156250   | 1048576 | 128   | 16   | io_uring | 12        | 16  | increase  | asc         | asc        | 190536     | 871.46           | 863.75                 | 6   | 9914,10089,10264,9919,10094,10269   | -0.88    |
| 6   | 60         | 10000000 | 625000    | 156250   | 1048576 | 128   | 16   | io_uring | 12        | 16  | increase  | desc        | asc        | 65536      | 827.16           | 819.79                 | 6   | 12000,12175,12350,12005,12180,12355 | -0.89    |
| 7   | 60         | 10000000 | 625000    | 156250   | 1048576 | 128   | 16   | io_uring | 12        | 16  | decrease  | asc         | asc        | 65536      | 377.34           | 373.92                 | 6   | 14100,14275,14450,14105,14280,14455 | -0.91    |
| 5   | 60         | 10000000 | 625000    | 156250   | 1048576 | 128   | 16   | io_uring | 12        | 16  | increase  | asc         | asc        | 32768      | 218.48           | 216.43                 | 6   | 9893,10068,10243,9898,10073,10248   | -0.94    |
| 13  | 80         | 10000000 | 2500000   | 117648   | 1048576 | 2     | 4    | io_uring | 12        | 16  | increase  | asc         | asc        | 512144     | 515.55           | 510.71                 | 6   | 28149,28338,28527,28154,28343,28532 | -0.94    |
| 13  | 80         | 10000000 | 2500000   | 117648   | 1048576 | 2     | 4    | io_uring | 12        | 16  | increase  | asc         | desc       | 16         | 1.06             | 1.05                   | 6   | 28611,28800,28989,28616,28805,28994 | -0.94    |
| 13  | 80         | 10000000 | 2500000   | 117648   | 1048576 | 2     | 4    | worker   | 12        | 16  | increase  | asc         | asc        | 32768      | 85.47            | 84.64                  | 6   | 26987,27176,27365,26992,27181,27370 | -0.97    |
| 5   | 60         | 10000000 | 625000    | 156250   | 1048576 | 128   | 16   | io_uring | 12        | 16  | increase  | asc         | asc        | 315536     | 1368.57          | 1355.26                | 6   | 9928,10103,10278,9933,10108,10283   | -0.97    |
| 16  | 80         | 10000000 | 2500000   | 117648   | 1048576 | 2     | 4    | io_uring | 12        | 16  | decrease  | desc        | desc       | 8192       | 43.89            | 43.46                  | 6   | 35478,35667,35856,35483,35672,35861 | -0.98    |
| 14  | 80         | 10000000 | 2500000   | 117648   | 1048576 | 2     | 4    | io_uring | 12        | 16  | increase  | desc        | asc        | 2012144    | 2787.05          | 2759.71                | 6   | 30459,30648,30837,30464,30653,30842 | -0.98    |
| 14  | 80         | 10000000 | 2500000   | 117648   | 1048576 | 2     | 4    | worker   | 12        | 16  | increase  | desc        | desc       | 16384      | 69.27            | 68.59                  | 6   | 29815,30004,30193,29820,30009,30198 | -0.98    |
| 16  | 80         | 10000000 | 2500000   | 117648   | 1048576 | 2     | 4    | io_uring | 12        | 16  | decrease  | desc        | desc       | 131072     | 206.48           | 204.43                 | 6   | 35506,35695,35884,35511,35700,35889 | -0.99    |
| 15  | 80         | 10000000 | 2500000   | 117648   | 1048576 | 2     | 4    | worker   | 12        | 16  | decrease  | asc         | asc        | 65536      | 117.16           | 115.99                 | 6   | 31530,31719,31908,31535,31724,31913 | -1.0     |
| 8   | 60         | 10000000 | 625000    | 156250   | 1048576 | 128   | 16   | worker   | 12        | 16  | decrease  | desc        | asc        | 32768      | 396.93           | 392.9                  | 6   | 15143,15318,15493,15148,15323,15498 | -1.02    |
| 16  | 80         | 10000000 | 2500000   | 117648   | 1048576 | 2     | 4    | io_uring | 12        | 16  | decrease  | desc        | asc        | 8192       | 48.2             | 47.71                  | 6   | 34911,35100,35289,34916,35105,35294 | -1.02    |
| 6   | 60         | 10000000 | 625000    | 156250   | 1048576 | 128   | 16   | worker   | 12        | 16  | increase  | desc        | asc        | 128036     | 956.16           | 945.98                 | 6   | 10957,11132,11307,10962,11137,11312 | -1.06    |
| 11  | 80         | 10000000 | 10000000  | 117648   | 16      | 32    | 1    | io_uring | 12        | 16  | decrease  | asc         | asc        | 1024       | 0.93             | 0.92                   | 6   | 23298,23501,23704,23303,23506,23709 | -1.08    |
| 17  | 20         | 10000000 | 2500000   | 476191   | 4194304 | 128   | 4    | io_uring | 12        | 16  | increase  | asc         | desc       | 1512144    | 6935.01          | 6860.23                | 6   | 37816,38005,38194,37821,38010,38199 | -1.08    |
| 14  | 80         | 10000000 | 2500000   | 117648   | 1048576 | 2     | 4    | io_uring | 12        | 16  | increase  | desc        | asc        | 762144     | 1113.58          | 1101.33                | 6   | 30424,30613,30802,30429,30618,30807 | -1.1     |
| 18  | 20         | 10000000 | 2500000   | 476191   | 4194304 | 128   | 4    | worker   | 12        | 16  | increase  | desc        | desc       | 2012144    | 5951.88          | 5885.87                | 2   | 38964,38969                         | -1.11    |
| 13  | 80         | 10000000 | 2500000   | 117648   | 1048576 | 2     | 4    | worker   | 12        | 16  | increase  | asc         | asc        | 65536      | 114.74           | 113.45                 | 6   | 26994,27183,27372,26999,27188,27377 | -1.12    |
| 14  | 80         | 10000000 | 2500000   | 117648   | 1048576 | 2     | 4    | io_uring | 12        | 16  | increase  | desc        | desc       | 8192       | 43.55            | 43.06                  | 6   | 30942,31131,31320,30947,31136,31325 | -1.13    |
| 17  | 20         | 10000000 | 2500000   | 476191   | 4194304 | 128   | 4    | worker   | 12        | 16  | increase  | asc         | asc        | 4          | 0.88             | 0.87                   | 6   | 35968,36157,36346,35973,36162,36351 | -1.14    |
| 6   | 60         | 10000000 | 625000    | 156250   | 1048576 | 128   | 16   | io_uring | 12        | 16  | increase  | desc        | asc        | 315536     | 2349.97          | 2323.05                | 6   | 12028,12203,12378,12033,12208,12383 | -1.15    |
| 14  | 80         | 10000000 | 2500000   | 117648   | 1048576 | 2     | 4    | worker   | 12        | 16  | increase  | desc        | asc        | 8192       | 36.57            | 36.15                  | 6   | 29241,29430,29619,29246,29435,29624 | -1.15    |
| 14  | 80         | 10000000 | 2500000   | 117648   | 1048576 | 2     | 4    | worker   | 12        | 16  | increase  | desc        | asc        | 1512144    | 1881.61          | 1860.0                 | 6   | 29311,29500,29689,29316,29505,29694 | -1.15    |
| 7   | 60         | 10000000 | 625000    | 156250   | 1048576 | 128   | 16   | worker   | 12        | 16  | decrease  | asc         | desc       | 16384      | 260.75           | 257.71                 | 6   | 13561,13736,13911,13566,13741,13916 | -1.17    |
| 5   | 60         | 10000000 | 625000    | 156250   | 1048576 | 128   | 16   | worker   | 12        | 16  | increase  | asc         | desc       | 2048       | 52.77            | 52.15                  | 6   | 9340,9515,9690,9345,9520,9695       | -1.17    |
| 5   | 60         | 10000000 | 625000    | 156250   | 1048576 | 128   | 16   | io_uring | 12        | 16  | increase  | asc         | asc        | 16384      | 121.46           | 120.03                 | 6   | 9886,10061,10236,9891,10066,10241   | -1.18    |
| 18  | 20         | 10000000 | 2500000   | 476191   | 4194304 | 128   | 4    | worker   | 12        | 16  | increase  | desc        | asc        | 1024       | 30.49            | 30.13                  | 6   | 38292,38481,38670,38297,38486,38675 | -1.18    |
| 17  | 20         | 10000000 | 2500000   | 476191   | 4194304 | 128   | 4    | io_uring | 12        | 16  | increase  | asc         | desc       | 4096       | 131.93           | 130.35                 | 6   | 37739,37928,38117,37744,37933,38122 | -1.2     |
| 14  | 80         | 10000000 | 2500000   | 117648   | 1048576 | 2     | 4    | io_uring | 12        | 16  | increase  | desc        | asc        | 1762144    | 2467.05          | 2437.28                | 6   | 30452,30641,30830,30457,30646,30835 | -1.21    |
| 1   | 80         | 10000000 | 1250000   | 117648   | 4       | 2048  | 8    | worker   | 12        | 16  | increase  | asc         | desc       | 2          | 0.8              | 0.79                   | 6   | 555,737,919,560,742,924             | -1.25    |
| 16  | 80         | 10000000 | 2500000   | 117648   | 1048576 | 2     | 4    | io_uring | 12        | 16  | decrease  | desc        | desc       | 762144     | 738.64           | 728.91                 | 6   | 35527,35716,35905,35532,35721,35910 | -1.32    |
| 8   | 60         | 10000000 | 625000    | 156250   | 1048576 | 128   | 16   | worker   | 12        | 16  | decrease  | desc        | asc        | 4          | 0.75             | 0.74                   | 6   | 15052,15227,15402,15057,15232,15407 | -1.33    |
| 7   | 60         | 10000000 | 625000    | 156250   | 1048576 | 128   | 16   | io_uring | 12        | 16  | decrease  | asc         | desc       | 1024       | 27.7             | 27.33                  | 6   | 14583,14758,14933,14588,14763,14938 | -1.34    |
| 6   | 60         | 10000000 | 625000    | 156250   | 1048576 | 128   | 16   | worker   | 12        | 16  | increase  | desc        | asc        | 1024       | 20.77            | 20.49                  | 6   | 10908,11083,11258,10913,11088,11263 | -1.35    |
| 16  | 80         | 10000000 | 2500000   | 117648   | 1048576 | 2     | 4    | worker   | 12        | 16  | decrease  | desc        | asc        | 8192       | 37.0             | 36.5                   | 6   | 33777,33966,34155,33782,33971,34160 | -1.35    |
| 2   | 80         | 10000000 | 1250000   | 117648   | 4       | 2048  | 8    | worker   | 12        | 16  | increase  | desc        | asc        | 381072     | 1011.6           | 997.92                 | 6   | 2319,2501,2683,2324,2506,2688       | -1.35    |
| 6   | 60         | 10000000 | 625000    | 156250   | 1048576 | 128   | 16   | worker   | 12        | 16  | increase  | desc        | desc       | 503036     | 1953.08          | 1926.56                | 6   | 11524,11699,11874,11529,11704,11879 | -1.36    |
| 13  | 80         | 10000000 | 2500000   | 117648   | 1048576 | 2     | 4    | io_uring | 12        | 16  | increase  | asc         | desc       | 131072     | 282.04           | 278.21                 | 6   | 28702,28891,29080,28707,28896,29085 | -1.36    |
| 17  | 20         | 10000000 | 2500000   | 476191   | 4194304 | 128   | 4    | worker   | 12        | 16  | increase  | asc         | asc        | 1512144    | 4488.11          | 4426.85                | 6   | 36115,36304,36493,36120,36309,36498 | -1.36    |
| 3   | 80         | 10000000 | 1250000   | 117648   | 4       | 2048  | 8    | io_uring | 12        | 16  | decrease  | asc         | desc       | 16         | 1.46             | 1.44                   | 6   | 6036,6218,6400,6041,6223,6405       | -1.37    |
| 4   | 80         | 10000000 | 1250000   | 117648   | 4       | 2048  | 8    | worker   | 12        | 16  | decrease  | desc        | asc        | 2          | 0.73             | 0.72                   | 6   | 6561,6743,6925,6566,6748,6930       | -1.37    |
| 5   | 60         | 10000000 | 625000    | 156250   | 1048576 | 128   | 16   | io_uring | 12        | 16  | increase  | asc         | asc        | 2048       | 18.22            | 17.97                  | 6   | 9865,10040,10215,9870,10045,10220   | -1.37    |
| 1   | 80         | 10000000 | 1250000   | 117648   | 4       | 2048  | 8    | worker   | 12        | 16  | increase  | asc         | desc       | 512        | 5.03             | 4.96                   | 6   | 611,793,975,616,798,980             | -1.39    |
| 5   | 60         | 10000000 | 625000    | 156250   | 1048576 | 128   | 16   | io_uring | 12        | 16  | increase  | asc         | asc        | 65536      | 377.35           | 372.09                 | 6   | 9900,10075,10250,9905,10080,10255   | -1.39    |
| 5   | 60         | 10000000 | 625000    | 156250   | 1048576 | 128   | 16   | io_uring | 12        | 16  | increase  | asc         | desc       | 4096       | 101.6            | 100.16                 | 6   | 10397,10572,10747,10402,10577,10752 | -1.42    |
| 7   | 60         | 10000000 | 625000    | 156250   | 1048576 | 128   | 16   | io_uring | 12        | 16  | decrease  | asc         | asc        | 16384      | 119.76           | 118.05                 | 6   | 14086,14261,14436,14091,14266,14441 | -1.43    |
| 16  | 80         | 10000000 | 2500000   | 117648   | 1048576 | 2     | 4    | io_uring | 12        | 16  | decrease  | desc        | asc        | 262144     | 454.71           | 448.19                 | 6   | 34946,35135,35324,34951,35140,35329 | -1.43    |
| 7   | 60         | 10000000 | 625000    | 156250   | 1048576 | 128   | 16   | io_uring | 12        | 16  | decrease  | asc         | desc       | 8192       | 179.34           | 176.74                 | 6   | 14604,14779,14954,14609,14784,14959 | -1.45    |
| 8   | 60         | 10000000 | 625000    | 156250   | 1048576 | 128   | 16   | io_uring | 12        | 16  | decrease  | desc        | asc        | 378036     | 2839.18          | 2797.47                | 6   | 16235,16410,16585,16240,16415,16590 | -1.47    |
| 2   | 80         | 10000000 | 1250000   | 117648   | 4       | 2048  | 8    | io_uring | 12        | 16  | increase  | desc        | asc        | 8          | 1.35             | 1.33                   | 6   | 3299,3481,3663,3304,3486,3668       | -1.48    |
| 5   | 60         | 10000000 | 625000    | 156250   | 1048576 | 128   | 16   | io_uring | 12        | 16  | increase  | asc         | desc       | 2048       | 52.99            | 52.2                   | 6   | 10390,10565,10740,10395,10570,10745 | -1.49    |
| 9   | 80         | 10000000 | 10000000  | 117648   | 16      | 32    | 1    | io_uring | 12        | 16  | increase  | asc         | asc        | 65536      | 7.93             | 7.81                   | 6   | 18468,18671,18874,18473,18676,18879 | -1.51    |
| 17  | 20         | 10000000 | 2500000   | 476191   | 4194304 | 128   | 4    | worker   | 12        | 16  | increase  | asc         | asc        | 762144     | 2677.52          | 2636.13                | 6   | 36094,36283,36472,36099,36288,36477 | -1.55    |
| 5   | 60         | 10000000 | 625000    | 156250   | 1048576 | 128   | 16   | io_uring | 12        | 16  | increase  | asc         | desc       | 512        | 15.37            | 15.13                  | 6   | 10376,10551,10726,10381,10556,10731 | -1.56    |
| 16  | 80         | 10000000 | 2500000   | 117648   | 1048576 | 2     | 4    | worker   | 12        | 16  | decrease  | desc        | desc       | 65536      | 132.36           | 130.29                 | 6   | 34365,34554,34743,34370,34559,34748 | -1.56    |
| 13  | 80         | 10000000 | 2500000   | 117648   | 1048576 | 2     | 4    | worker   | 12        | 16  | increase  | asc         | desc       | 4096       | 22.37            | 22.02                  | 6   | 27533,27722,27911,27538,27727,27916 | -1.56    |
| 16  | 80         | 10000000 | 2500000   | 117648   | 1048576 | 2     | 4    | io_uring | 12        | 16  | decrease  | desc        | asc        | 2262144    | 3201.28          | 3150.91                | 6   | 35002,35191,35380,35007,35196,35385 | -1.57    |
| 5   | 60         | 10000000 | 625000    | 156250   | 1048576 | 128   | 16   | worker   | 12        | 16  | increase  | asc         | desc       | 16384      | 316.83           | 311.83                 | 6   | 9361,9536,9711,9366,9541,9716       | -1.58    |
| 15  | 80         | 10000000 | 2500000   | 117648   | 1048576 | 2     | 4    | worker   | 12        | 16  | decrease  | asc         | asc        | 262144     | 273.34           | 268.98                 | 6   | 31544,31733,31922,31549,31738,31927 | -1.6     |
| 17  | 20         | 10000000 | 2500000   | 476191   | 4194304 | 128   | 4    | worker   | 12        | 16  | increase  | asc         | desc       | 1262144    | 5725.52          | 5633.9                 | 6   | 36675,36864,37053,36680,36869,37058 | -1.6     |
| 6   | 60         | 10000000 | 625000    | 156250   | 1048576 | 128   | 16   | worker   | 12        | 16  | increase  | desc        | desc       | 256        | 4.96             | 4.88                   | 6   | 11419,11594,11769,11424,11599,11774 | -1.61    |
| 15  | 80         | 10000000 | 2500000   | 117648   | 1048576 | 2     | 4    | io_uring | 12        | 16  | decrease  | asc         | asc        | 2048       | 14.18            | 13.95                  | 6   | 32629,32818,33007,32634,32823,33012 | -1.62    |
| 6   | 60         | 10000000 | 625000    | 156250   | 1048576 | 128   | 16   | worker   | 12        | 16  | increase  | desc        | desc       | 65536      | 331.02           | 325.59                 | 6   | 11475,11650,11825,11480,11655,11830 | -1.64    |
| 16  | 80         | 10000000 | 2500000   | 117648   | 1048576 | 2     | 4    | io_uring | 12        | 16  | decrease  | desc        | desc       | 512        | 6.03             | 5.93                   | 6   | 35450,35639,35828,35455,35644,35833 | -1.66    |
| 11  | 80         | 10000000 | 10000000  | 117648   | 16      | 32    | 1    | worker   | 12        | 16  | decrease  | asc         | desc       | 1048576    | 251.29           | 247.1                  | 6   | 22759,22962,23165,22764,22967,23170 | -1.67    |
| 6   | 60         | 10000000 | 625000    | 156250   | 1048576 | 128   | 16   | io_uring | 12        | 16  | increase  | desc        | asc        | 2          | 0.59             | 0.58                   | 6   | 11895,12070,12245,11900,12075,12250 | -1.69    |
| 15  | 80         | 10000000 | 2500000   | 117648   | 1048576 | 2     | 4    | worker   | 12        | 16  | decrease  | asc         | asc        | 8          | 0.57             | 0.56                   | 6   | 31439,31628,31817,31444,31633,31822 | -1.75    |
| 7   | 60         | 10000000 | 625000    | 156250   | 1048576 | 128   | 16   | worker   | 12        | 16  | decrease  | asc         | desc       | 440536     | 2761.72          | 2712.77                | 6   | 13617,13792,13967,13622,13797,13972 | -1.77    |
| 8   | 60         | 10000000 | 625000    | 156250   | 1048576 | 128   | 16   | io_uring | 12        | 16  | decrease  | desc        | desc       | 32768      | 226.12           | 222.06                 | 6   | 16718,16893,17068,16723,16898,17073 | -1.8     |
| 13  | 80         | 10000000 | 2500000   | 117648   | 1048576 | 2     | 4    | worker   | 12        | 16  | increase  | asc         | desc       | 131072     | 243.79           | 239.4                  | 6   | 27568,27757,27946,27573,27762,27951 | -1.8     |
| 14  | 80         | 10000000 | 2500000   | 117648   | 1048576 | 2     | 4    | io_uring | 12        | 16  | increase  | desc        | desc       | 65536      | 153.66           | 150.89                 | 6   | 30963,31152,31341,30968,31157,31346 | -1.8     |
| 16  | 80         | 10000000 | 2500000   | 117648   | 1048576 | 2     | 4    | worker   | 12        | 16  | decrease  | desc        | asc        | 131072     | 224.68           | 220.6                  | 6   | 33805,33994,34183,33810,33999,34188 | -1.82    |
| 16  | 80         | 10000000 | 2500000   | 117648   | 1048576 | 2     | 4    | io_uring | 12        | 16  | decrease  | desc        | desc       | 1262144    | 1173.43          | 1152.11                | 6   | 35541,35730,35919,35546,35735,35924 | -1.82    |
| 14  | 80         | 10000000 | 2500000   | 117648   | 1048576 | 2     | 4    | io_uring | 12        | 16  | increase  | desc        | desc       | 32768      | 112.89           | 110.83                 | 6   | 30956,31145,31334,30961,31150,31339 | -1.82    |
| 15  | 80         | 10000000 | 2500000   | 117648   | 1048576 | 2     | 4    | io_uring | 12        | 16  | decrease  | asc         | desc       | 65536      | 178.35           | 175.09                 | 6   | 33231,33420,33609,33236,33425,33614 | -1.83    |
| 15  | 80         | 10000000 | 2500000   | 117648   | 1048576 | 2     | 4    | io_uring | 12        | 16  | decrease  | asc         | asc        | 16384      | 68.34            | 67.09                  | 6   | 32650,32839,33028,32655,32844,33033 | -1.83    |
| 16  | 80         | 10000000 | 2500000   | 117648   | 1048576 | 2     | 4    | worker   | 12        | 16  | decrease  | desc        | desc       | 762144     | 689.58           | 676.68                 | 6   | 34393,34582,34771,34398,34587,34776 | -1.87    |
| 5   | 60         | 10000000 | 625000    | 156250   | 1048576 | 128   | 16   | worker   | 12        | 16  | increase  | asc         | asc        | 440536     | 1699.71          | 1667.74                | 6   | 8892,9067,9242,8897,9072,9247       | -1.88    |
| 2   | 80         | 10000000 | 1250000   | 117648   | 4       | 2048  | 8    | worker   | 12        | 16  | increase  | desc        | asc        | 4          | 1.05             | 1.03                   | 6   | 2200,2382,2564,2205,2387,2569       | -1.9     |
| 16  | 80         | 10000000 | 2500000   | 117648   | 1048576 | 2     | 4    | worker   | 12        | 16  | decrease  | desc        | asc        | 1762144    | 2243.2           | 2200.11                | 6   | 33854,34043,34232,33859,34048,34237 | -1.92    |
| 6   | 60         | 10000000 | 625000    | 156250   | 1048576 | 128   | 16   | worker   | 12        | 16  | increase  | desc        | desc       | 2          | 0.52             | 0.51                   | 6   | 11370,11545,11720,11375,11550,11725 | -1.92    |
| 7   | 60         | 10000000 | 625000    | 156250   | 1048576 | 128   | 16   | io_uring | 12        | 16  | decrease  | asc         | asc        | 2          | 0.52             | 0.51                   | 6   | 13995,14170,14345,14000,14175,14350 | -1.92    |
| 5   | 60         | 10000000 | 625000    | 156250   | 1048576 | 128   | 16   | worker   | 12        | 16  | increase  | asc         | desc       | 315536     | 2272.5           | 2228.09                | 6   | 9403,9578,9753,9408,9583,9758       | -1.95    |
| 1   | 80         | 10000000 | 1250000   | 117648   | 4       | 2048  | 8    | worker   | 12        | 16  | increase  | asc         | desc       | 4          | 1.02             | 1.0                    | 6   | 562,744,926,567,749,931             | -1.96    |
| 2   | 80         | 10000000 | 1250000   | 117648   | 4       | 2048  | 8    | io_uring | 12        | 16  | increase  | desc        | desc       | 1          | 0.51             | 0.5                    | 6   | 3824,4006,4188,3829,4011,4193       | -1.96    |
| 13  | 80         | 10000000 | 2500000   | 117648   | 1048576 | 2     | 4    | worker   | 12        | 16  | increase  | asc         | desc       | 16         | 1.01             | 0.99                   | 6   | 27477,27666,27855,27482,27671,27860 | -1.98    |
| 17  | 20         | 10000000 | 2500000   | 476191   | 4194304 | 128   | 4    | io_uring | 12        | 16  | increase  | asc         | asc        | 8          | 2.02             | 1.98                   | 6   | 37109,37298,37487,37114,37303,37492 | -1.98    |
| 11  | 80         | 10000000 | 10000000  | 117648   | 16      | 32    | 1    | worker   | 12        | 16  | decrease  | asc         | desc       | 2048576    | 500.84           | 490.91                 | 6   | 22766,22969,23172,22771,22974,23177 | -1.98    |
| 13  | 80         | 10000000 | 2500000   | 117648   | 1048576 | 2     | 4    | worker   | 12        | 16  | increase  | asc         | desc       | 2048       | 12.57            | 12.32                  | 6   | 27526,27715,27904,27531,27720,27909 | -1.99    |
| 14  | 80         | 10000000 | 2500000   | 117648   | 1048576 | 2     | 4    | worker   | 12        | 16  | increase  | desc        | asc        | 64         | 2.49             | 2.44                   | 6   | 29192,29381,29570,29197,29386,29575 | -2.01    |
| 8   | 60         | 10000000 | 625000    | 156250   | 1048576 | 128   | 16   | worker   | 12        | 16  | decrease  | desc        | asc        | 378036     | 2378.29          | 2330.47                | 6   | 15185,15360,15535,15190,15365,15540 | -2.01    |
| 5   | 60         | 10000000 | 625000    | 156250   | 1048576 | 128   | 16   | io_uring | 12        | 16  | increase  | asc         | desc       | 378036     | 2757.33          | 2701.81                | 6   | 10460,10635,10810,10465,10640,10815 | -2.01    |
| 5   | 60         | 10000000 | 625000    | 156250   | 1048576 | 128   | 16   | worker   | 12        | 16  | increase  | asc         | asc        | 315536     | 1244.81          | 1219.62                | 6   | 8878,9053,9228,8883,9058,9233       | -2.02    |
| 3   | 80         | 10000000 | 1250000   | 117648   | 4       | 2048  | 8    | worker   | 12        | 16  | decrease  | asc         | desc       | 128        | 1.97             | 1.93                   | 6   | 4965,5147,5329,4970,5152,5334       | -2.03    |
| 17  | 20         | 10000000 | 2500000   | 476191   | 4194304 | 128   | 4    | worker   | 12        | 16  | increase  | asc         | desc       | 4096       | 128.87           | 126.25                 | 6   | 36605,36794,36983,36610,36799,36988 | -2.03    |
| 1   | 80         | 10000000 | 1250000   | 117648   | 4       | 2048  | 8    | io_uring | 12        | 16  | increase  | asc         | desc       | 32         | 1.47             | 1.44                   | 6   | 1675,1857,2039,1680,1862,2044       | -2.04    |
| 5   | 60         | 10000000 | 625000    | 156250   | 1048576 | 128   | 16   | worker   | 12        | 16  | increase  | asc         | desc       | 4096       | 100.31           | 98.26                  | 6   | 9347,9522,9697,9352,9527,9702       | -2.04    |
| 15  | 80         | 10000000 | 2500000   | 117648   | 1048576 | 2     | 4    | worker   | 12        | 16  | decrease  | asc         | asc        | 8192       | 32.24            | 31.58                  | 6   | 31509,31698,31887,31514,31703,31892 | -2.05    |
| 14  | 80         | 10000000 | 2500000   | 117648   | 1048576 | 2     | 4    | io_uring | 12        | 16  | increase  | desc        | desc       | 4          | 0.48             | 0.47                   | 6   | 30865,31054,31243,30870,31059,31248 | -2.08    |
| 16  | 80         | 10000000 | 2500000   | 117648   | 1048576 | 2     | 4    | worker   | 12        | 16  | decrease  | desc        | asc        | 16         | 0.96             | 0.94                   | 6   | 33714,33903,34092,33719,33908,34097 | -2.08    |
| 7   | 60         | 10000000 | 625000    | 156250   | 1048576 | 128   | 16   | worker   | 12        | 16  | decrease  | asc         | asc        | 503036     | 1928.01          | 1887.74                | 6   | 13099,13274,13449,13104,13279,13454 | -2.09    |
| 14  | 80         | 10000000 | 2500000   | 117648   | 1048576 | 2     | 4    | worker   | 12        | 16  | increase  | desc        | desc       | 1024       | 9.5              | 9.3                    | 6   | 29787,29976,30165,29792,29981,30170 | -2.11    |
| 15  | 80         | 10000000 | 2500000   | 117648   | 1048576 | 2     | 4    | io_uring | 12        | 16  | decrease  | asc         | desc       | 1012144    | 1453.63          | 1423.01                | 6   | 33266,33455,33644,33271,33460,33649 | -2.11    |
| 8   | 60         | 10000000 | 625000    | 156250   | 1048576 | 128   | 16   | worker   | 12        | 16  | decrease  | desc        | asc        | 315536     | 2039.11          | 1995.82                | 6   | 15178,15353,15528,15183,15358,15533 | -2.12    |
| 12  | 80         | 10000000 | 10000000  | 117648   | 16      | 32    | 1    | io_uring | 12        | 16  | decrease  | desc        | desc       | 256        | 0.47             | 0.46                   | 6   | 26329,26532,26735,26334,26537,26740 | -2.13    |
| 15  | 80         | 10000000 | 2500000   | 117648   | 1048576 | 2     | 4    | io_uring | 12        | 16  | decrease  | asc         | asc        | 2262144    | 2059.03          | 2014.77                | 6   | 32734,32923,33112,32739,32928,33117 | -2.15    |
| 4   | 80         | 10000000 | 1250000   | 117648   | 4       | 2048  | 8    | io_uring | 12        | 16  | decrease  | desc        | desc       | 512        | 2.32             | 2.27                   | 6   | 8255,8437,8619,8260,8442,8624       | -2.16    |
| 11  | 80         | 10000000 | 10000000  | 117648   | 16      | 32    | 1    | worker   | 12        | 16  | decrease  | asc         | desc       | 9048576    | 2125.19          | 2079.28                | 6   | 22815,23018,23221,22820,23023,23226 | -2.16    |
| 16  | 80         | 10000000 | 2500000   | 117648   | 1048576 | 2     | 4    | io_uring | 12        | 16  | decrease  | desc        | desc       | 1762144    | 1602.06          | 1567.36                | 6   | 35555,35744,35933,35560,35749,35938 | -2.17    |
| 15  | 80         | 10000000 | 2500000   | 117648   | 1048576 | 2     | 4    | io_uring | 12        | 16  | decrease  | asc         | desc       | 4096       | 25.35            | 24.8                   | 6   | 33203,33392,33581,33208,33397,33586 | -2.17    |
| 14  | 80         | 10000000 | 2500000   | 117648   | 1048576 | 2     | 4    | worker   | 12        | 16  | increase  | desc        | desc       | 262144     | 313.74           | 306.9                  | 6   | 29843,30032,30221,29848,30037,30226 | -2.18    |
| 17  | 20         | 10000000 | 2500000   | 476191   | 4194304 | 128   | 4    | worker   | 12        | 16  | increase  | asc         | asc        | 4096       | 58.22            | 56.95                  | 6   | 36038,36227,36416,36043,36232,36421 | -2.18    |
| 8   | 60         | 10000000 | 625000    | 156250   | 1048576 | 128   | 16   | worker   | 12        | 16  | decrease  | desc        | desc       | 16384      | 97.38            | 95.25                  | 6   | 15661,15836,16011,15666,15841,16016 | -2.19    |
| 15  | 80         | 10000000 | 2500000   | 117648   | 1048576 | 2     | 4    | io_uring | 12        | 16  | decrease  | asc         | asc        | 4096       | 25.39            | 24.83                  | 6   | 32636,32825,33014,32641,32830,33019 | -2.21    |
| 11  | 80         | 10000000 | 10000000  | 117648   | 16      | 32    | 1    | worker   | 12        | 16  | decrease  | asc         | desc       | 262144     | 66.0             | 64.54                  | 6   | 22745,22948,23151,22750,22953,23156 | -2.21    |
| 13  | 80         | 10000000 | 2500000   | 117648   | 1048576 | 2     | 4    | io_uring | 12        | 16  | increase  | asc         | desc       | 1762144    | 2721.21          | 2660.89                | 6   | 28751,28940,29129,28756,28945,29134 | -2.22    |
| 7   | 60         | 10000000 | 625000    | 156250   | 1048576 | 128   | 16   | worker   | 12        | 16  | decrease  | asc         | asc        | 440536     | 1701.46          | 1662.84                | 6   | 13092,13267,13442,13097,13272,13447 | -2.27    |
| 14  | 80         | 10000000 | 2500000   | 117648   | 1048576 | 2     | 4    | io_uring | 12        | 16  | increase  | desc        | asc        | 131072     | 274.74           | 268.45                 | 6   | 30403,30592,30781,30408,30597,30786 | -2.29    |
| 5   | 60         | 10000000 | 625000    | 156250   | 1048576 | 128   | 16   | worker   | 12        | 16  | increase  | asc         | asc        | 4096       | 29.05            | 28.38                  | 6   | 8822,8997,9172,8827,9002,9177       | -2.31    |
| 12  | 80         | 10000000 | 10000000  | 117648   | 16      | 32    | 1    | io_uring | 12        | 16  | decrease  | desc        | asc        | 256        | 0.43             | 0.42                   | 6   | 25720,25923,26126,25725,25928,26131 | -2.33    |
| 17  | 20         | 10000000 | 2500000   | 476191   | 4194304 | 128   | 4    | io_uring | 12        | 16  | increase  | asc         | desc       | 1762144    | 7844.75          | 7662.1                 | 6   | 37823,38012,38201,37828,38017,38206 | -2.33    |
| 7   | 60         | 10000000 | 625000    | 156250   | 1048576 | 128   | 16   | io_uring | 12        | 16  | decrease  | asc         | desc       | 65536      | 797.0            | 778.34                 | 6   | 14625,14800,14975,14630,14805,14980 | -2.34    |
| 5   | 60         | 10000000 | 625000    | 156250   | 1048576 | 128   | 16   | io_uring | 12        | 16  | increase  | asc         | desc       | 440536     | 3134.94          | 3060.31                | 6   | 10467,10642,10817,10472,10647,10822 | -2.38    |
| 8   | 60         | 10000000 | 625000    | 156250   | 1048576 | 128   | 16   | io_uring | 12        | 16  | decrease  | desc        | asc        | 440536     | 3255.75          | 3177.39                | 6   | 16242,16417,16592,16247,16422,16597 | -2.41    |
| 7   | 60         | 10000000 | 625000    | 156250   | 1048576 | 128   | 16   | worker   | 12        | 16  | decrease  | asc         | desc       | 4096       | 80.05            | 78.11                  | 6   | 13547,13722,13897,13552,13727,13902 | -2.42    |
| 16  | 80         | 10000000 | 2500000   | 117648   | 1048576 | 2     | 4    | io_uring | 12        | 16  | decrease  | desc        | asc        | 2012144    | 2908.99          | 2837.82                | 6   | 34995,35184,35373,35000,35189,35378 | -2.45    |
| 16  | 80         | 10000000 | 2500000   | 117648   | 1048576 | 2     | 4    | worker   | 12        | 16  | decrease  | desc        | asc        | 4096       | 21.57            | 21.04                  | 6   | 33770,33959,34148,33775,33964,34153 | -2.46    |
| 13  | 80         | 10000000 | 2500000   | 117648   | 1048576 | 2     | 4    | worker   | 12        | 16  | increase  | asc         | desc       | 8192       | 37.75            | 36.81                  | 6   | 27540,27729,27918,27545,27734,27923 | -2.49    |
| 16  | 80         | 10000000 | 2500000   | 117648   | 1048576 | 2     | 4    | worker   | 12        | 16  | decrease  | desc        | asc        | 4          | 0.4              | 0.39                   | 6   | 33700,33889,34078,33705,33894,34083 | -2.5     |
| 13  | 80         | 10000000 | 2500000   | 117648   | 1048576 | 2     | 4    | io_uring | 12        | 16  | increase  | asc         | asc        | 32         | 1.99             | 1.94                   | 6   | 28051,28240,28429,28056,28245,28434 | -2.51    |
| 13  | 80         | 10000000 | 2500000   | 117648   | 1048576 | 2     | 4    | io_uring | 12        | 16  | increase  | asc         | desc       | 2012144    | 3049.19          | 2970.6                 | 6   | 28758,28947,29136,28763,28952,29141 | -2.58    |
| 7   | 60         | 10000000 | 625000    | 156250   | 1048576 | 128   | 16   | io_uring | 12        | 16  | decrease  | asc         | asc        | 8192       | 63.98            | 62.32                  | 6   | 14079,14254,14429,14084,14259,14434 | -2.59    |
| 7   | 60         | 10000000 | 625000    | 156250   | 1048576 | 128   | 16   | worker   | 12        | 16  | decrease  | asc         | asc        | 565536     | 2158.22          | 2101.78                | 6   | 13106,13281,13456,13111,13286,13461 | -2.62    |
| 8   | 60         | 10000000 | 625000    | 156250   | 1048576 | 128   | 16   | worker   | 12        | 16  | decrease  | desc        | asc        | 4096       | 73.02            | 71.11                  | 6   | 15122,15297,15472,15127,15302,15477 | -2.62    |
| 5   | 60         | 10000000 | 625000    | 156250   | 1048576 | 128   | 16   | worker   | 12        | 16  | increase  | asc         | asc        | 378036     | 1492.85          | 1453.47                | 6   | 8885,9060,9235,8890,9065,9240       | -2.64    |
| 15  | 80         | 10000000 | 2500000   | 117648   | 1048576 | 2     | 4    | worker   | 12        | 16  | decrease  | asc         | desc       | 262144     | 381.95           | 371.82                 | 6   | 32111,32300,32489,32116,32305,32494 | -2.65    |
| 13  | 80         | 10000000 | 2500000   | 117648   | 1048576 | 2     | 4    | io_uring | 12        | 16  | increase  | asc         | desc       | 2262144    | 3379.99          | 3289.48                | 6   | 28765,28954,29143,28770,28959,29148 | -2.68    |
| 1   | 80         | 10000000 | 1250000   | 117648   | 4       | 2048  | 8    | worker   | 12        | 16  | increase  | asc         | asc        | 8192       | 19.79            | 19.26                  | 6   | 93,275,457,98,280,462               | -2.68    |
| 14  | 80         | 10000000 | 2500000   | 117648   | 1048576 | 2     | 4    | io_uring | 12        | 16  | increase  | desc        | desc       | 2          | 0.37             | 0.36                   | 6   | 30858,31047,31236,30863,31052,31241 | -2.7     |
| 16  | 80         | 10000000 | 2500000   | 117648   | 1048576 | 2     | 4    | io_uring | 12        | 16  | decrease  | desc        | asc        | 1762144    | 2591.57          | 2520.58                | 6   | 34988,35177,35366,34993,35182,35371 | -2.74    |
| 14  | 80         | 10000000 | 2500000   | 117648   | 1048576 | 2     | 4    | worker   | 12        | 16  | increase  | desc        | asc        | 32768      | 96.22            | 93.58                  | 6   | 29255,29444,29633,29260,29449,29638 | -2.74    |
| 10  | 80         | 10000000 | 10000000  | 117648   | 16      | 32    | 1    | io_uring | 12        | 16  | increase  | desc        | asc        | 128        | 0.36             | 0.35                   | 6   | 20841,21044,21247,20846,21049,21252 | -2.78    |
| 15  | 80         | 10000000 | 2500000   | 117648   | 1048576 | 2     | 4    | worker   | 12        | 16  | decrease  | asc         | asc        | 2262144    | 1865.25          | 1813.15                | 6   | 31600,31789,31978,31605,31794,31983 | -2.79    |
| 4   | 80         | 10000000 | 1250000   | 117648   | 4       | 2048  | 8    | io_uring | 12        | 16  | decrease  | desc        | asc        | 512        | 4.65             | 4.52                   | 6   | 7709,7891,8073,7714,7896,8078       | -2.8     |
| 16  | 80         | 10000000 | 2500000   | 117648   | 1048576 | 2     | 4    | io_uring | 12        | 16  | decrease  | desc        | asc        | 4096       | 28.04            | 27.25                  | 6   | 34904,35093,35282,34909,35098,35287 | -2.82    |
| 4   | 80         | 10000000 | 1250000   | 117648   | 4       | 2048  | 8    | worker   | 12        | 16  | decrease  | desc        | asc        | 128        | 2.12             | 2.06                   | 6   | 6603,6785,6967,6608,6790,6972       | -2.83    |
| 7   | 60         | 10000000 | 625000    | 156250   | 1048576 | 128   | 16   | io_uring | 12        | 16  | decrease  | asc         | asc        | 512        | 6.71             | 6.52                   | 6   | 14051,14226,14401,14056,14231,14406 | -2.83    |
| 13  | 80         | 10000000 | 2500000   | 117648   | 1048576 | 2     | 4    | worker   | 12        | 16  | increase  | asc         | desc       | 2262144    | 3051.77          | 2965.33                | 6   | 27631,27820,28009,27636,27825,28014 | -2.83    |
| 9   | 80         | 10000000 | 10000000  | 117648   | 16      | 32    | 1    | io_uring | 12        | 16  | increase  | asc         | desc       | 512        | 0.7              | 0.68                   | 6   | 19028,19231,19434,19033,19236,19439 | -2.86    |
| 4   | 80         | 10000000 | 1250000   | 117648   | 4       | 2048  | 8    | worker   | 12        | 16  | decrease  | desc        | desc       | 256        | 2.08             | 2.02                   | 6   | 7156,7338,7520,7161,7343,7525       | -2.88    |
| 6   | 60         | 10000000 | 625000    | 156250   | 1048576 | 128   | 16   | worker   | 12        | 16  | increase  | desc        | desc       | 565536     | 2199.13          | 2135.21                | 6   | 11531,11706,11881,11536,11711,11886 | -2.91    |
| 11  | 80         | 10000000 | 10000000  | 117648   | 16      | 32    | 1    | io_uring | 12        | 16  | decrease  | asc         | desc       | 16         | 0.34             | 0.33                   | 6   | 23865,24068,24271,23870,24073,24276 | -2.94    |
| 13  | 80         | 10000000 | 2500000   | 117648   | 1048576 | 2     | 4    | io_uring | 12        | 16  | increase  | asc         | desc       | 2          | 0.34             | 0.33                   | 6   | 28590,28779,28968,28595,28784,28973 | -2.94    |
| 17  | 20         | 10000000 | 2500000   | 476191   | 4194304 | 128   | 4    | io_uring | 12        | 16  | increase  | asc         | desc       | 8192       | 255.79           | 248.21                 | 6   | 37746,37935,38124,37751,37940,38129 | -2.96    |
| 14  | 80         | 10000000 | 2500000   | 117648   | 1048576 | 2     | 4    | worker   | 12        | 16  | increase  | desc        | desc       | 8192       | 41.67            | 40.43                  | 6   | 29808,29997,30186,29813,30002,30191 | -2.98    |
| 16  | 80         | 10000000 | 2500000   | 117648   | 1048576 | 2     | 4    | io_uring | 12        | 16  | decrease  | desc        | asc        | 8          | 0.67             | 0.65                   | 6   | 34841,35030,35219,34846,35035,35224 | -2.99    |
| 16  | 80         | 10000000 | 2500000   | 117648   | 1048576 | 2     | 4    | worker   | 12        | 16  | decrease  | desc        | asc        | 2262144    | 2800.13          | 2716.05                | 6   | 33868,34057,34246,33873,34062,34251 | -3.0     |
| 13  | 80         | 10000000 | 2500000   | 117648   | 1048576 | 2     | 4    | worker   | 12        | 16  | increase  | asc         | desc       | 1762144    | 2446.52          | 2372.63                | 6   | 27617,27806,27995,27622,27811,28000 | -3.02    |
| 9   | 80         | 10000000 | 10000000  | 117648   | 16      | 32    | 1    | io_uring | 12        | 16  | increase  | asc         | desc       | 4          | 0.33             | 0.32                   | 6   | 18979,19182,19385,18984,19187,19390 | -3.03    |
| 7   | 60         | 10000000 | 625000    | 156250   | 1048576 | 128   | 16   | worker   | 12        | 16  | decrease  | asc         | asc        | 8192       | 54.18            | 52.53                  | 6   | 13029,13204,13379,13034,13209,13384 | -3.05    |
| 8   | 60         | 10000000 | 625000    | 156250   | 1048576 | 128   | 16   | worker   | 12        | 16  | decrease  | desc        | asc        | 440536     | 2766.59          | 2682.16                | 6   | 15192,15367,15542,15197,15372,15547 | -3.05    |
| 14  | 80         | 10000000 | 2500000   | 117648   | 1048576 | 2     | 4    | io_uring | 12        | 16  | increase  | desc        | desc       | 16384      | 74.0             | 71.73                  | 6   | 30949,31138,31327,30954,31143,31332 | -3.07    |
| 5   | 60         | 10000000 | 625000    | 156250   | 1048576 | 128   | 16   | worker   | 12        | 16  | increase  | asc         | desc       | 378036     | 2665.08          | 2582.49                | 6   | 9410,9585,9760,9415,9590,9765       | -3.1     |
| 4   | 80         | 10000000 | 1250000   | 117648   | 4       | 2048  | 8    | worker   | 12        | 16  | decrease  | desc        | asc        | 512        | 4.49             | 4.35                   | 6   | 6617,6799,6981,6622,6804,6986       | -3.12    |
| 14  | 80         | 10000000 | 2500000   | 117648   | 1048576 | 2     | 4    | worker   | 12        | 16  | increase  | desc        | asc        | 65536      | 142.99           | 138.53                 | 6   | 29262,29451,29640,29267,29456,29645 | -3.12    |
| 13  | 80         | 10000000 | 2500000   | 117648   | 1048576 | 2     | 4    | worker   | 12        | 16  | increase  | asc         | asc        | 2          | 0.32             | 0.31                   | 6   | 26889,27078,27267,26894,27083,27272 | -3.13    |
| 15  | 80         | 10000000 | 2500000   | 117648   | 1048576 | 2     | 4    | io_uring | 12        | 16  | decrease  | asc         | desc       | 128        | 4.15             | 4.02                   | 6   | 33168,33357,33546,33173,33362,33551 | -3.13    |
| 9   | 80         | 10000000 | 10000000  | 117648   | 16      | 32    | 1    | io_uring | 12        | 16  | increase  | asc         | desc       | 8          | 0.31             | 0.3                    | 6   | 18986,19189,19392,18991,19194,19397 | -3.23    |
| 13  | 80         | 10000000 | 2500000   | 117648   | 1048576 | 2     | 4    | worker   | 12        | 16  | increase  | asc         | desc       | 2          | 0.31             | 0.3                    | 6   | 27456,27645,27834,27461,27650,27839 | -3.23    |
| 10  | 80         | 10000000 | 10000000  | 117648   | 16      | 32    | 1    | worker   | 12        | 16  | increase  | desc        | asc        | 7048576    | 1584.05          | 1532.93                | 6   | 19756,19959,20162,19761,19964,20167 | -3.23    |
| 10  | 80         | 10000000 | 10000000  | 117648   | 16      | 32    | 1    | io_uring | 12        | 16  | increase  | desc        | asc        | 32768      | 8.67             | 8.39                   | 6   | 20897,21100,21303,20902,21105,21308 | -3.23    |
| 5   | 60         | 10000000 | 625000    | 156250   | 1048576 | 128   | 16   | worker   | 12        | 16  | increase  | asc         | asc        | 512        | 6.17             | 5.97                   | 6   | 8801,8976,9151,8806,8981,9156       | -3.24    |
| 4   | 80         | 10000000 | 1250000   | 117648   | 4       | 2048  | 8    | io_uring | 12        | 16  | decrease  | desc        | desc       | 256        | 1.85             | 1.79                   | 6   | 8248,8430,8612,8253,8435,8617       | -3.24    |
| 15  | 80         | 10000000 | 2500000   | 117648   | 1048576 | 2     | 4    | io_uring | 12        | 16  | decrease  | asc         | asc        | 1512144    | 1470.94          | 1423.15                | 6   | 32713,32902,33091,32718,32907,33096 | -3.25    |
| 8   | 60         | 10000000 | 625000    | 156250   | 1048576 | 128   | 16   | io_uring | 12        | 16  | decrease  | desc        | asc        | 503036     | 3660.68          | 3541.09                | 6   | 16249,16424,16599,16254,16429,16604 | -3.27    |
| 4   | 80         | 10000000 | 1250000   | 117648   | 4       | 2048  | 8    | io_uring | 12        | 16  | decrease  | desc        | asc        | 32         | 1.52             | 1.47                   | 6   | 7681,7863,8045,7686,7868,8050       | -3.29    |
| 14  | 80         | 10000000 | 2500000   | 117648   | 1048576 | 2     | 4    | io_uring | 12        | 16  | increase  | desc        | asc        | 4096       | 28.25            | 27.31                  | 6   | 30368,30557,30746,30373,30562,30751 | -3.33    |
| 17  | 20         | 10000000 | 2500000   | 476191   | 4194304 | 128   | 4    | io_uring | 12        | 16  | increase  | asc         | asc        | 2          | 0.59             | 0.57                   | 6   | 37095,37284,37473,37100,37289,37478 | -3.39    |
| 3   | 80         | 10000000 | 1250000   | 117648   | 4       | 2048  | 8    | worker   | 12        | 16  | decrease  | asc         | desc       | 65536      | 187.56           | 181.2                  | 6   | 5028,5210,5392,5033,5215,5397       | -3.39    |
| 16  | 80         | 10000000 | 2500000   | 117648   | 1048576 | 2     | 4    | io_uring | 12        | 16  | decrease  | desc        | desc       | 16384      | 72.82            | 70.35                  | 6   | 35485,35674,35863,35490,35679,35868 | -3.39    |
| 15  | 80         | 10000000 | 2500000   | 117648   | 1048576 | 2     | 4    | worker   | 12        | 16  | decrease  | asc         | asc        | 16384      | 54.42            | 52.56                  | 6   | 31516,31705,31894,31521,31710,31899 | -3.42    |
| 2   | 80         | 10000000 | 1250000   | 117648   | 4       | 2048  | 8    | worker   | 12        | 16  | increase  | desc        | asc        | 8192       | 26.84            | 25.92                  | 6   | 2277,2459,2641,2282,2464,2646       | -3.43    |
| 15  | 80         | 10000000 | 2500000   | 117648   | 1048576 | 2     | 4    | worker   | 12        | 16  | decrease  | asc         | asc        | 2012144    | 1697.08          | 1638.85                | 6   | 31593,31782,31971,31598,31787,31976 | -3.43    |
| 11  | 80         | 10000000 | 10000000  | 117648   | 16      | 32    | 1    | worker   | 12        | 16  | decrease  | asc         | desc       | 32768      | 9.59             | 9.26                   | 6   | 22724,22927,23130,22729,22932,23135 | -3.44    |
| 17  | 20         | 10000000 | 2500000   | 476191   | 4194304 | 128   | 4    | worker   | 12        | 16  | increase  | asc         | desc       | 1512144    | 6607.76          | 6377.73                | 6   | 36682,36871,37060,36687,36876,37065 | -3.48    |
| 6   | 60         | 10000000 | 625000    | 156250   | 1048576 | 128   | 16   | io_uring | 12        | 16  | increase  | desc        | asc        | 4          | 0.86             | 0.83                   | 6   | 11902,12077,12252,11907,12082,12257 | -3.49    |
| 17  | 20         | 10000000 | 2500000   | 476191   | 4194304 | 128   | 4    | io_uring | 12        | 16  | increase  | asc         | asc        | 8192       | 148.2            | 143.03                 | 6   | 37179,37368,37557,37184,37373,37562 | -3.49    |
| 11  | 80         | 10000000 | 10000000  | 117648   | 16      | 32    | 1    | worker   | 12        | 16  | decrease  | asc         | desc       | 512        | 0.57             | 0.55                   | 6   | 22682,22885,23088,22687,22890,23093 | -3.51    |
| 17  | 20         | 10000000 | 2500000   | 476191   | 4194304 | 128   | 4    | worker   | 12        | 16  | increase  | asc         | asc        | 1262144    | 3948.97          | 3808.42                | 6   | 36108,36297,36486,36113,36302,36491 | -3.56    |
| 7   | 60         | 10000000 | 625000    | 156250   | 1048576 | 128   | 16   | worker   | 12        | 16  | decrease  | asc         | desc       | 512        | 12.92            | 12.46                  | 6   | 13526,13701,13876,13531,13706,13881 | -3.56    |
| 10  | 80         | 10000000 | 10000000  | 117648   | 16      | 32    | 1    | worker   | 12        | 16  | increase  | desc        | desc       | 2          | 0.28             | 0.27                   | 6   | 20190,20393,20596,20195,20398,20601 | -3.57    |
| 11  | 80         | 10000000 | 10000000  | 117648   | 16      | 32    | 1    | io_uring | 12        | 16  | decrease  | asc         | asc        | 2          | 0.28             | 0.27                   | 6   | 23235,23438,23641,23240,23443,23646 | -3.57    |
| 12  | 80         | 10000000 | 10000000  | 117648   | 16      | 32    | 1    | io_uring | 12        | 16  | decrease  | desc        | asc        | 8          | 0.28             | 0.27                   | 6   | 25685,25888,26091,25690,25893,26096 | -3.57    |
| 12  | 80         | 10000000 | 10000000  | 117648   | 16      | 32    | 1    | io_uring | 12        | 16  | decrease  | desc        | asc        | 32         | 0.28             | 0.27                   | 6   | 25699,25902,26105,25704,25907,26110 | -3.57    |
| 16  | 80         | 10000000 | 2500000   | 117648   | 1048576 | 2     | 4    | io_uring | 12        | 16  | decrease  | desc        | asc        | 1          | 0.28             | 0.27                   | 6   | 34820,35009,35198,34825,35014,35203 | -3.57    |
| 14  | 80         | 10000000 | 2500000   | 117648   | 1048576 | 2     | 4    | worker   | 12        | 16  | increase  | desc        | asc        | 1024       | 8.22             | 7.92                   | 6   | 29220,29409,29598,29225,29414,29603 | -3.65    |
| 16  | 80         | 10000000 | 2500000   | 117648   | 1048576 | 2     | 4    | worker   | 12        | 16  | decrease  | desc        | asc        | 1512144    | 1959.73          | 1887.92                | 6   | 33847,34036,34225,33852,34041,34230 | -3.66    |
| 12  | 80         | 10000000 | 10000000  | 117648   | 16      | 32    | 1    | io_uring | 12        | 16  | decrease  | desc        | desc       | 4096       | 1.09             | 1.05                   | 6   | 26357,26560,26763,26362,26565,26768 | -3.67    |
| 15  | 80         | 10000000 | 2500000   | 117648   | 1048576 | 2     | 4    | io_uring | 12        | 16  | decrease  | asc         | desc       | 16         | 1.09             | 1.05                   | 6   | 33147,33336,33525,33152,33341,33530 | -3.67    |
| 16  | 80         | 10000000 | 2500000   | 117648   | 1048576 | 2     | 4    | worker   | 12        | 16  | decrease  | desc        | asc        | 512144     | 719.3            | 692.86                 | 6   | 33819,34008,34197,33824,34013,34202 | -3.68    |
| 13  | 80         | 10000000 | 2500000   | 117648   | 1048576 | 2     | 4    | worker   | 12        | 16  | increase  | asc         | desc       | 2012144    | 2780.23          | 2677.96                | 6   | 27624,27813,28002,27629,27818,28007 | -3.68    |
| 5   | 60         | 10000000 | 625000    | 156250   | 1048576 | 128   | 16   | worker   | 12        | 16  | increase  | asc         | desc       | 440536     | 3027.33          | 2915.42                | 6   | 9417,9592,9767,9422,9597,9772       | -3.7     |
| 10  | 80         | 10000000 | 10000000  | 117648   | 16      | 32    | 1    | worker   | 12        | 16  | increase  | desc        | asc        | 16         | 0.27             | 0.26                   | 6   | 19602,19805,20008,19607,19810,20013 | -3.7     |
| 12  | 80         | 10000000 | 10000000  | 117648   | 16      | 32    | 1    | worker   | 12        | 16  | decrease  | desc        | desc       | 2          | 0.27             | 0.26                   | 6   | 25062,25265,25468,25067,25270,25473 | -3.7     |
| 18  | 20         | 10000000 | 2500000   | 476191   | 4194304 | 128   | 4    | worker   | 12        | 16  | increase  | desc        | desc       | 512        | 19.93            | 19.19                  | 4   | 38852,39041,38857,39046             | -3.71    |
| 13  | 80         | 10000000 | 2500000   | 117648   | 1048576 | 2     | 4    | io_uring | 12        | 16  | increase  | asc         | desc       | 1512144    | 2370.57          | 2282.43                | 6   | 28744,28933,29122,28749,28938,29127 | -3.72    |
| 13  | 80         | 10000000 | 2500000   | 117648   | 1048576 | 2     | 4    | io_uring | 12        | 16  | increase  | asc         | desc       | 16384      | 82.54            | 79.47                  | 6   | 28681,28870,29059,28686,28875,29064 | -3.72    |
| 10  | 80         | 10000000 | 10000000  | 117648   | 16      | 32    | 1    | worker   | 12        | 16  | increase  | desc        | asc        | 16384      | 4.79             | 4.61                   | 6   | 19672,19875,20078,19677,19880,20083 | -3.76    |
| 12  | 80         | 10000000 | 10000000  | 117648   | 16      | 32    | 1    | worker   | 12        | 16  | decrease  | desc        | desc       | 4048576    | 489.36           | 470.74                 | 6   | 25216,25419,25622,25221,25424,25627 | -3.8     |
| 5   | 60         | 10000000 | 625000    | 156250   | 1048576 | 128   | 16   | worker   | 12        | 16  | increase  | asc         | desc       | 32         | 2.88             | 2.77                   | 6   | 9298,9473,9648,9303,9478,9653       | -3.82    |
| 7   | 60         | 10000000 | 625000    | 156250   | 1048576 | 128   | 16   | worker   | 12        | 16  | decrease  | asc         | desc       | 128        | 4.96             | 4.77                   | 6   | 13512,13687,13862,13517,13692,13867 | -3.83    |
| 11  | 80         | 10000000 | 10000000  | 117648   | 16      | 32    | 1    | worker   | 12        | 16  | decrease  | asc         | asc        | 256        | 0.52             | 0.5                    | 6   | 22066,22269,22472,22071,22274,22477 | -3.85    |
| 15  | 80         | 10000000 | 2500000   | 117648   | 1048576 | 2     | 4    | worker   | 12        | 16  | decrease  | asc         | asc        | 1          | 0.26             | 0.25                   | 6   | 31418,31607,31796,31423,31612,31801 | -3.85    |
| 16  | 80         | 10000000 | 2500000   | 117648   | 1048576 | 2     | 4    | io_uring | 12        | 16  | decrease  | desc        | asc        | 1262144    | 1900.57          | 1827.2                 | 6   | 34974,35163,35352,34979,35168,35357 | -3.86    |
| 5   | 60         | 10000000 | 625000    | 156250   | 1048576 | 128   | 16   | io_uring | 12        | 16  | increase  | asc         | desc       | 503036     | 3546.42          | 3409.13                | 6   | 10474,10649,10824,10479,10654,10829 | -3.87    |
| 13  | 80         | 10000000 | 2500000   | 117648   | 1048576 | 2     | 4    | worker   | 12        | 16  | increase  | asc         | asc        | 1024       | 7.72             | 7.42                   | 6   | 26952,27141,27330,26957,27146,27335 | -3.89    |
| 18  | 20         | 10000000 | 2500000   | 476191   | 4194304 | 128   | 4    | worker   | 12        | 16  | increase  | desc        | desc       | 2262144    | 6665.19          | 6405.54                | 2   | 38971,38976                         | -3.9     |
| 15  | 80         | 10000000 | 2500000   | 117648   | 1048576 | 2     | 4    | io_uring | 12        | 16  | decrease  | asc         | asc        | 1762144    | 1699.06          | 1632.75                | 6   | 32720,32909,33098,32725,32914,33103 | -3.9     |
| 16  | 80         | 10000000 | 2500000   | 117648   | 1048576 | 2     | 4    | worker   | 12        | 16  | decrease  | desc        | asc        | 2048       | 12.53            | 12.04                  | 6   | 33763,33952,34141,33768,33957,34146 | -3.91    |
| 16  | 80         | 10000000 | 2500000   | 117648   | 1048576 | 2     | 4    | io_uring | 12        | 16  | decrease  | desc        | asc        | 1512144    | 2254.52          | 2165.95                | 6   | 34981,35170,35359,34986,35175,35364 | -3.93    |
| 13  | 80         | 10000000 | 2500000   | 117648   | 1048576 | 2     | 4    | io_uring | 12        | 16  | increase  | asc         | desc       | 512144     | 879.12           | 844.49                 | 6   | 28716,28905,29094,28721,28910,29099 | -3.94    |
| 12  | 80         | 10000000 | 10000000  | 117648   | 16      | 32    | 1    | io_uring | 12        | 16  | decrease  | desc        | desc       | 1          | 0.25             | 0.24                   | 6   | 26273,26476,26679,26278,26481,26684 | -4.0     |
| 18  | 20         | 10000000 | 2500000   | 476191   | 4194304 | 128   | 4    | worker   | 12        | 16  | increase  | desc        | asc        | 2          | 0.5              | 0.48                   | 6   | 38229,38418,38607,38234,38423,38612 | -4.0     |
| 18  | 20         | 10000000 | 2500000   | 476191   | 4194304 | 128   | 4    | worker   | 12        | 16  | increase  | desc        | asc        | 2262144    | 7843.11          | 7529.38                | 6   | 38404,38593,38782,38409,38598,38787 | -4.0     |
| 13  | 80         | 10000000 | 2500000   | 117648   | 1048576 | 2     | 4    | io_uring | 12        | 16  | increase  | asc         | asc        | 8192       | 43.17            | 41.44                  | 6   | 28107,28296,28485,28112,28301,28490 | -4.01    |
| 15  | 80         | 10000000 | 2500000   | 117648   | 1048576 | 2     | 4    | io_uring | 12        | 16  | decrease  | asc         | asc        | 64         | 3.21             | 3.08                   | 6   | 32594,32783,32972,32599,32788,32977 | -4.05    |
| 5   | 60         | 10000000 | 625000    | 156250   | 1048576 | 128   | 16   | io_uring | 12        | 16  | increase  | asc         | desc       | 256        | 8.86             | 8.5                    | 6   | 10369,10544,10719,10374,10549,10724 | -4.06    |
| 17  | 20         | 10000000 | 2500000   | 476191   | 4194304 | 128   | 4    | worker   | 12        | 16  | increase  | asc         | asc        | 128        | 10.26            | 9.84                   | 6   | 36003,36192,36381,36008,36197,36386 | -4.09    |
| 5   | 60         | 10000000 | 625000    | 156250   | 1048576 | 128   | 16   | io_uring | 12        | 16  | increase  | asc         | desc       | 565536     | 3909.22          | 3748.91                | 6   | 10481,10656,10831,10486,10661,10836 | -4.1     |
| 8   | 60         | 10000000 | 625000    | 156250   | 1048576 | 128   | 16   | worker   | 12        | 16  | decrease  | desc        | asc        | 503036     | 3123.7           | 2993.14                | 6   | 15199,15374,15549,15204,15379,15554 | -4.18    |
| 16  | 80         | 10000000 | 2500000   | 117648   | 1048576 | 2     | 4    | worker   | 12        | 16  | decrease  | desc        | asc        | 2012144    | 2573.89          | 2466.14                | 6   | 33861,34050,34239,33866,34055,34244 | -4.19    |
| 5   | 60         | 10000000 | 625000    | 156250   | 1048576 | 128   | 16   | worker   | 12        | 16  | increase  | asc         | asc        | 128        | 3.31             | 3.17                   | 6   | 8787,8962,9137,8792,8967,9142       | -4.23    |
| 8   | 60         | 10000000 | 625000    | 156250   | 1048576 | 128   | 16   | io_uring | 12        | 16  | decrease  | desc        | asc        | 565536     | 4059.09          | 3886.95                | 6   | 16256,16431,16606,16261,16436,16611 | -4.24    |
| 12  | 80         | 10000000 | 10000000  | 117648   | 16      | 32    | 1    | worker   | 12        | 16  | decrease  | desc        | desc       | 8192       | 2.12             | 2.03                   | 6   | 25146,25349,25552,25151,25354,25557 | -4.25    |
| 16  | 80         | 10000000 | 2500000   | 117648   | 1048576 | 2     | 4    | worker   | 12        | 16  | decrease  | desc        | asc        | 1262144    | 1661.73          | 1590.86                | 6   | 33840,34029,34218,33845,34034,34223 | -4.26    |
| 13  | 80         | 10000000 | 2500000   | 117648   | 1048576 | 2     | 4    | worker   | 12        | 16  | increase  | asc         | desc       | 1262144    | 1806.55          | 1729.17                | 6   | 27603,27792,27981,27608,27797,27986 | -4.28    |
| 15  | 80         | 10000000 | 2500000   | 117648   | 1048576 | 2     | 4    | io_uring | 12        | 16  | decrease  | asc         | asc        | 32768      | 108.49           | 103.84                 | 6   | 32657,32846,33035,32662,32851,33040 | -4.29    |
| 15  | 80         | 10000000 | 2500000   | 117648   | 1048576 | 2     | 4    | worker   | 12        | 16  | decrease  | asc         | asc        | 1762144    | 1504.74          | 1440.21                | 6   | 31586,31775,31964,31591,31780,31969 | -4.29    |
| 2   | 80         | 10000000 | 1250000   | 117648   | 4       | 2048  | 8    | io_uring | 12        | 16  | increase  | desc        | desc       | 4          | 0.91             | 0.87                   | 6   | 3838,4020,4202,3843,4025,4207       | -4.4     |
| 14  | 80         | 10000000 | 2500000   | 117648   | 1048576 | 2     | 4    | io_uring | 12        | 16  | increase  | desc        | desc       | 1024       | 9.54             | 9.12                   | 6   | 30921,31110,31299,30926,31115,31304 | -4.4     |
| 13  | 80         | 10000000 | 2500000   | 117648   | 1048576 | 2     | 4    | worker   | 12        | 16  | increase  | asc         | asc        | 16384      | 55.04            | 52.61                  | 6   | 26980,27169,27358,26985,27174,27363 | -4.41    |
| 3   | 80         | 10000000 | 1250000   | 117648   | 4       | 2048  | 8    | io_uring | 12        | 16  | decrease  | asc         | asc        | 32         | 1.57             | 1.5                    | 6   | 5497,5679,5861,5502,5684,5866       | -4.46    |
| 13  | 80         | 10000000 | 2500000   | 117648   | 1048576 | 2     | 4    | worker   | 12        | 16  | increase  | asc         | desc       | 1512144    | 2150.5           | 2054.26                | 6   | 27610,27799,27988,27615,27804,27993 | -4.48    |
| 14  | 80         | 10000000 | 2500000   | 117648   | 1048576 | 2     | 4    | io_uring | 12        | 16  | increase  | desc        | desc       | 8          | 0.67             | 0.64                   | 6   | 30872,31061,31250,30877,31066,31255 | -4.48    |
| 17  | 20         | 10000000 | 2500000   | 476191   | 4194304 | 128   | 4    | worker   | 12        | 16  | increase  | asc         | asc        | 1012144    | 3360.97          | 3208.87                | 6   | 36101,36290,36479,36106,36295,36484 | -4.53    |
| 8   | 60         | 10000000 | 625000    | 156250   | 1048576 | 128   | 16   | worker   | 12        | 16  | decrease  | desc        | desc       | 8192       | 53.67            | 51.24                  | 6   | 15654,15829,16004,15659,15834,16009 | -4.53    |
| 9   | 80         | 10000000 | 10000000  | 117648   | 16      | 32    | 1    | worker   | 12        | 16  | increase  | asc         | asc        | 1024       | 0.66             | 0.63                   | 6   | 17208,17411,17614,17213,17416,17619 | -4.55    |
| 10  | 80         | 10000000 | 10000000  | 117648   | 16      | 32    | 1    | worker   | 12        | 16  | increase  | desc        | asc        | 1024       | 0.66             | 0.63                   | 6   | 19644,19847,20050,19649,19852,20055 | -4.55    |
| 5   | 60         | 10000000 | 625000    | 156250   | 1048576 | 128   | 16   | worker   | 12        | 16  | increase  | asc         | desc       | 64         | 3.74             | 3.57                   | 6   | 9305,9480,9655,9310,9485,9660       | -4.55    |
| 13  | 80         | 10000000 | 2500000   | 117648   | 1048576 | 2     | 4    | io_uring | 12        | 16  | increase  | asc         | desc       | 762144     | 1277.39          | 1219.23                | 6   | 28723,28912,29101,28728,28917,29106 | -4.55    |
| 13  | 80         | 10000000 | 2500000   | 117648   | 1048576 | 2     | 4    | io_uring | 12        | 16  | increase  | asc         | desc       | 1262144    | 2022.37          | 1929.64                | 6   | 28737,28926,29115,28742,28931,29120 | -4.59    |
| 18  | 20         | 10000000 | 2500000   | 476191   | 4194304 | 128   | 4    | worker   | 12        | 16  | increase  | desc        | asc        | 1012144    | 4271.23          | 4074.88                | 6   | 38369,38558,38747,38374,38563,38752 | -4.6     |
| 2   | 80         | 10000000 | 1250000   | 117648   | 4       | 2048  | 8    | worker   | 12        | 16  | increase  | desc        | asc        | 16         | 1.29             | 1.23                   | 6   | 2214,2396,2578,2219,2401,2583       | -4.65    |
| 5   | 60         | 10000000 | 625000    | 156250   | 1048576 | 128   | 16   | worker   | 12        | 16  | increase  | asc         | desc       | 1          | 0.43             | 0.41                   | 6   | 9263,9438,9613,9268,9443,9618       | -4.65    |
| 8   | 60         | 10000000 | 625000    | 156250   | 1048576 | 128   | 16   | io_uring | 12        | 16  | decrease  | desc        | asc        | 32         | 2.79             | 2.66                   | 6   | 16123,16298,16473,16128,16303,16478 | -4.66    |
| 11  | 80         | 10000000 | 10000000  | 117648   | 16      | 32    | 1    | worker   | 12        | 16  | decrease  | asc         | desc       | 4096       | 1.71             | 1.63                   | 6   | 22703,22906,23109,22708,22911,23114 | -4.68    |
| 17  | 20         | 10000000 | 2500000   | 476191   | 4194304 | 128   | 4    | io_uring | 12        | 16  | increase  | asc         | desc       | 2012144    | 8817.84          | 8402.48                | 6   | 37830,38019,38208,37835,38024,38213 | -4.71    |
| 16  | 80         | 10000000 | 2500000   | 117648   | 1048576 | 2     | 4    | io_uring | 12        | 16  | decrease  | desc        | asc        | 1012144    | 1564.76          | 1490.6                 | 6   | 34967,35156,35345,34972,35161,35350 | -4.74    |
| 6   | 60         | 10000000 | 625000    | 156250   | 1048576 | 128   | 16   | worker   | 12        | 16  | increase  | desc        | desc       | 1          | 0.42             | 0.4                    | 6   | 11363,11538,11713,11368,11543,11718 | -4.76    |
| 16  | 80         | 10000000 | 2500000   | 117648   | 1048576 | 2     | 4    | worker   | 12        | 16  | decrease  | desc        | desc       | 8          | 0.63             | 0.6                    | 6   | 34274,34463,34652,34279,34468,34657 | -4.76    |
| 15  | 80         | 10000000 | 2500000   | 117648   | 1048576 | 2     | 4    | io_uring | 12        | 16  | decrease  | asc         | desc       | 8192       | 46.94            | 44.68                  | 6   | 33210,33399,33588,33215,33404,33593 | -4.81    |
| 8   | 60         | 10000000 | 625000    | 156250   | 1048576 | 128   | 16   | worker   | 12        | 16  | decrease  | desc        | asc        | 565536     | 3482.36          | 3314.69                | 6   | 15206,15381,15556,15211,15386,15561 | -4.81    |
| 8   | 60         | 10000000 | 625000    | 156250   | 1048576 | 128   | 16   | io_uring | 12        | 16  | decrease  | desc        | desc       | 8192       | 69.49            | 66.14                  | 6   | 16704,16879,17054,16709,16884,17059 | -4.82    |
| 6   | 60         | 10000000 | 625000    | 156250   | 1048576 | 128   | 16   | io_uring | 12        | 16  | increase  | desc        | desc       | 1          | 0.41             | 0.39                   | 6   | 12413,12588,12763,12418,12593,12768 | -4.88    |
| 13  | 80         | 10000000 | 2500000   | 117648   | 1048576 | 2     | 4    | io_uring | 12        | 16  | increase  | asc         | asc        | 32768      | 109.92           | 104.55                 | 6   | 28121,28310,28499,28126,28315,28504 | -4.89    |
| 14  | 80         | 10000000 | 2500000   | 117648   | 1048576 | 2     | 4    | io_uring | 12        | 16  | increase  | desc        | desc       | 2262144    | 2128.76          | 2024.22                | 6   | 31033,31222,31411,31038,31227,31416 | -4.91    |
| 12  | 80         | 10000000 | 10000000  | 117648   | 16      | 32    | 1    | worker   | 12        | 16  | decrease  | desc        | desc       | 512        | 0.61             | 0.58                   | 6   | 25118,25321,25524,25123,25326,25529 | -4.92    |
| 14  | 80         | 10000000 | 2500000   | 117648   | 1048576 | 2     | 4    | io_uring | 12        | 16  | increase  | desc        | asc        | 32         | 2.23             | 2.12                   | 6   | 30319,30508,30697,30324,30513,30702 | -4.93    |
| 16  | 80         | 10000000 | 2500000   | 117648   | 1048576 | 2     | 4    | io_uring | 12        | 16  | decrease  | desc        | asc        | 512144     | 836.65           | 795.34                 | 6   | 34953,35142,35331,34958,35147,35336 | -4.94    |
| 13  | 80         | 10000000 | 2500000   | 117648   | 1048576 | 2     | 4    | worker   | 12        | 16  | increase  | asc         | desc       | 1012144    | 1491.86          | 1417.36                | 6   | 27596,27785,27974,27601,27790,27979 | -4.99    |
| 2   | 80         | 10000000 | 1250000   | 117648   | 4       | 2048  | 8    | worker   | 12        | 16  | increase  | desc        | asc        | 64         | 1.6              | 1.52                   | 6   | 2228,2410,2592,2233,2415,2597       | -5.0     |
| 12  | 80         | 10000000 | 10000000  | 117648   | 16      | 32    | 1    | io_uring | 12        | 16  | decrease  | desc        | desc       | 128        | 0.4              | 0.38                   | 6   | 26322,26525,26728,26327,26530,26733 | -5.0     |
| 15  | 80         | 10000000 | 2500000   | 117648   | 1048576 | 2     | 4    | io_uring | 12        | 16  | decrease  | asc         | asc        | 1012144    | 1036.71          | 984.47                 | 6   | 32699,32888,33077,32704,32893,33082 | -5.04    |
| 11  | 80         | 10000000 | 10000000  | 117648   | 16      | 32    | 1    | worker   | 12        | 16  | decrease  | asc         | desc       | 2048       | 1.19             | 1.13                   | 6   | 22696,22899,23102,22701,22904,23107 | -5.04    |
| 14  | 80         | 10000000 | 2500000   | 117648   | 1048576 | 2     | 4    | io_uring | 12        | 16  | increase  | desc        | desc       | 2012144    | 1951.19          | 1852.78                | 6   | 31026,31215,31404,31031,31220,31409 | -5.04    |
| 8   | 60         | 10000000 | 625000    | 156250   | 1048576 | 128   | 16   | worker   | 12        | 16  | decrease  | desc        | asc        | 512        | 11.69            | 11.1                   | 6   | 15101,15276,15451,15106,15281,15456 | -5.05    |
| 8   | 60         | 10000000 | 625000    | 156250   | 1048576 | 128   | 16   | worker   | 12        | 16  | decrease  | desc        | asc        | 1024       | 20.89            | 19.83                  | 6   | 15108,15283,15458,15113,15288,15463 | -5.07    |
| 14  | 80         | 10000000 | 2500000   | 117648   | 1048576 | 2     | 4    | io_uring | 12        | 16  | increase  | desc        | desc       | 16         | 1.16             | 1.1                    | 6   | 30879,31068,31257,30884,31073,31262 | -5.17    |
| 13  | 80         | 10000000 | 2500000   | 117648   | 1048576 | 2     | 4    | io_uring | 12        | 16  | increase  | asc         | desc       | 1012144    | 1642.26          | 1557.31                | 6   | 28730,28919,29108,28735,28924,29113 | -5.17    |
| 15  | 80         | 10000000 | 2500000   | 117648   | 1048576 | 2     | 4    | io_uring | 12        | 16  | decrease  | asc         | asc        | 1262144    | 1260.62          | 1195.3                 | 6   | 32706,32895,33084,32711,32900,33089 | -5.18    |
| 8   | 60         | 10000000 | 625000    | 156250   | 1048576 | 128   | 16   | io_uring | 12        | 16  | decrease  | desc        | desc       | 2048       | 21.0             | 19.91                  | 6   | 16690,16865,17040,16695,16870,17045 | -5.19    |
| 18  | 20         | 10000000 | 2500000   | 476191   | 4194304 | 128   | 4    | worker   | 12        | 16  | increase  | desc        | asc        | 2012144    | 7292.31          | 6912.86                | 6   | 38397,38586,38775,38402,38591,38780 | -5.2     |
| 16  | 80         | 10000000 | 2500000   | 117648   | 1048576 | 2     | 4    | io_uring | 12        | 16  | decrease  | desc        | asc        | 762144     | 1199.28          | 1136.69                | 6   | 34960,35149,35338,34965,35154,35343 | -5.22    |
| 8   | 60         | 10000000 | 625000    | 156250   | 1048576 | 128   | 16   | io_uring | 12        | 16  | decrease  | desc        | asc        | 128        | 5.13             | 4.86                   | 6   | 16137,16312,16487,16142,16317,16492 | -5.26    |
| 11  | 80         | 10000000 | 10000000  | 117648   | 16      | 32    | 1    | worker   | 12        | 16  | decrease  | asc         | desc       | 4048576    | 957.35           | 906.73                 | 6   | 22780,22983,23186,22785,22988,23191 | -5.29    |
| 8   | 60         | 10000000 | 625000    | 156250   | 1048576 | 128   | 16   | worker   | 12        | 16  | decrease  | desc        | desc       | 2048       | 16.2             | 15.34                  | 6   | 15640,15815,15990,15645,15820,15995 | -5.31    |
| 2   | 80         | 10000000 | 1250000   | 117648   | 4       | 2048  | 8    | worker   | 12        | 16  | increase  | desc        | asc        | 16384      | 53.22            | 50.38                  | 6   | 2284,2466,2648,2289,2471,2653       | -5.34    |
| 2   | 80         | 10000000 | 1250000   | 117648   | 4       | 2048  | 8    | io_uring | 12        | 16  | increase  | desc        | desc       | 256        | 2.81             | 2.66                   | 6   | 3880,4062,4244,3885,4067,4249       | -5.34    |
| 17  | 20         | 10000000 | 2500000   | 476191   | 4194304 | 128   | 4    | worker   | 12        | 16  | increase  | asc         | desc       | 1762144    | 7597.95          | 7192.0                 | 6   | 36689,36878,37067,36694,36883,37072 | -5.34    |
| 5   | 60         | 10000000 | 625000    | 156250   | 1048576 | 128   | 16   | io_uring | 12        | 16  | increase  | asc         | asc        | 2          | 0.56             | 0.53                   | 6   | 9795,9970,10145,9800,9975,10150     | -5.36    |
| 11  | 80         | 10000000 | 10000000  | 117648   | 16      | 32    | 1    | worker   | 12        | 16  | decrease  | asc         | desc       | 8048576    | 1885.04          | 1782.26                | 6   | 22808,23011,23214,22813,23016,23219 | -5.45    |
| 16  | 80         | 10000000 | 2500000   | 117648   | 1048576 | 2     | 4    | worker   | 12        | 16  | decrease  | desc        | asc        | 32         | 1.65             | 1.56                   | 6   | 33721,33910,34099,33726,33915,34104 | -5.45    |
| 9   | 80         | 10000000 | 10000000  | 117648   | 16      | 32    | 1    | worker   | 12        | 16  | increase  | asc         | desc       | 256        | 0.55             | 0.52                   | 6   | 17803,18006,18209,17808,18011,18214 | -5.45    |
| 14  | 80         | 10000000 | 2500000   | 117648   | 1048576 | 2     | 4    | worker   | 12        | 16  | increase  | desc        | desc       | 2012144    | 1799.18          | 1700.64                | 6   | 29892,30081,30270,29897,30086,30275 | -5.48    |
| 17  | 20         | 10000000 | 2500000   | 476191   | 4194304 | 128   | 4    | io_uring | 12        | 16  | increase  | asc         | desc       | 2262144    | 9637.58          | 9109.64                | 6   | 37837,38026,38215,37842,38031,38220 | -5.48    |
| 6   | 60         | 10000000 | 625000    | 156250   | 1048576 | 128   | 16   | worker   | 12        | 16  | increase  | desc        | asc        | 4          | 0.73             | 0.69                   | 6   | 10852,11027,11202,10857,11032,11207 | -5.48    |
| 16  | 80         | 10000000 | 2500000   | 117648   | 1048576 | 2     | 4    | worker   | 12        | 16  | decrease  | desc        | asc        | 762144     | 1054.06          | 996.3                  | 6   | 33826,34015,34204,33831,34020,34209 | -5.48    |
| 18  | 20         | 10000000 | 2500000   | 476191   | 4194304 | 128   | 4    | worker   | 12        | 16  | increase  | desc        | desc       | 32         | 6.19             | 5.85                   | 4   | 38824,39013,38829,39018             | -5.49    |
| 11  | 80         | 10000000 | 10000000  | 117648   | 16      | 32    | 1    | worker   | 12        | 16  | decrease  | asc         | desc       | 3048576    | 746.7            | 705.62                 | 6   | 22773,22976,23179,22778,22981,23184 | -5.5     |
| 14  | 80         | 10000000 | 2500000   | 117648   | 1048576 | 2     | 4    | io_uring | 12        | 16  | increase  | desc        | desc       | 1512144    | 1530.37          | 1445.78                | 6   | 31012,31201,31390,31017,31206,31395 | -5.53    |
| 15  | 80         | 10000000 | 2500000   | 117648   | 1048576 | 2     | 4    | worker   | 12        | 16  | decrease  | asc         | asc        | 1512144    | 1357.07          | 1281.85                | 6   | 31579,31768,31957,31584,31773,31962 | -5.54    |
| 8   | 60         | 10000000 | 625000    | 156250   | 1048576 | 128   | 16   | worker   | 12        | 16  | decrease  | desc        | asc        | 1          | 0.36             | 0.34                   | 6   | 15038,15213,15388,15043,15218,15393 | -5.56    |
| 11  | 80         | 10000000 | 10000000  | 117648   | 16      | 32    | 1    | io_uring | 12        | 16  | decrease  | asc         | desc       | 1024       | 0.72             | 0.68                   | 6   | 23907,24110,24313,23912,24115,24318 | -5.56    |
| 15  | 80         | 10000000 | 2500000   | 117648   | 1048576 | 2     | 4    | worker   | 12        | 16  | decrease  | asc         | desc       | 4096       | 22.58            | 21.32                  | 6   | 32069,32258,32447,32074,32263,32452 | -5.58    |
| 9   | 80         | 10000000 | 10000000  | 117648   | 16      | 32    | 1    | worker   | 12        | 16  | increase  | asc         | desc       | 2048       | 1.97             | 1.86                   | 6   | 17824,18027,18230,17829,18032,18235 | -5.58    |
| 5   | 60         | 10000000 | 625000    | 156250   | 1048576 | 128   | 16   | worker   | 12        | 16  | increase  | asc         | asc        | 64         | 2.86             | 2.7                    | 6   | 8780,8955,9130,8785,8960,9135       | -5.59    |
| 7   | 60         | 10000000 | 625000    | 156250   | 1048576 | 128   | 16   | worker   | 12        | 16  | decrease  | asc         | asc        | 1024       | 9.57             | 9.03                   | 6   | 13008,13183,13358,13013,13188,13363 | -5.64    |
| 8   | 60         | 10000000 | 625000    | 156250   | 1048576 | 128   | 16   | worker   | 12        | 16  | decrease  | desc        | desc       | 2          | 0.53             | 0.5                    | 6   | 15570,15745,15920,15575,15750,15925 | -5.66    |
| 16  | 80         | 10000000 | 2500000   | 117648   | 1048576 | 2     | 4    | worker   | 12        | 16  | decrease  | desc        | asc        | 1012144    | 1369.56          | 1291.82                | 6   | 33833,34022,34211,33838,34027,34216 | -5.68    |
| 10  | 80         | 10000000 | 10000000  | 117648   | 16      | 32    | 1    | worker   | 12        | 16  | increase  | desc        | asc        | 524288     | 144.76           | 136.45                 | 6   | 19707,19910,20113,19712,19915,20118 | -5.74    |
| 18  | 20         | 10000000 | 2500000   | 476191   | 4194304 | 128   | 4    | worker   | 12        | 16  | increase  | desc        | asc        | 1762144    | 6643.87          | 6259.49                | 6   | 38390,38579,38768,38395,38584,38773 | -5.79    |
| 2   | 80         | 10000000 | 1250000   | 117648   | 4       | 2048  | 8    | worker   | 12        | 16  | increase  | desc        | desc       | 128        | 2.07             | 1.95                   | 6   | 2781,2963,3145,2786,2968,3150       | -5.8     |
| 13  | 80         | 10000000 | 2500000   | 117648   | 1048576 | 2     | 4    | io_uring | 12        | 16  | increase  | asc         | asc        | 4          | 0.51             | 0.48                   | 6   | 28030,28219,28408,28035,28224,28413 | -5.88    |
| 13  | 80         | 10000000 | 2500000   | 117648   | 1048576 | 2     | 4    | io_uring | 12        | 16  | increase  | asc         | asc        | 8          | 0.68             | 0.64                   | 6   | 28037,28226,28415,28042,28231,28420 | -5.88    |
| 7   | 60         | 10000000 | 625000    | 156250   | 1048576 | 128   | 16   | io_uring | 12        | 16  | decrease  | asc         | asc        | 2048       | 18.95            | 17.83                  | 6   | 14065,14240,14415,14070,14245,14420 | -5.91    |
| 5   | 60         | 10000000 | 625000    | 156250   | 1048576 | 128   | 16   | worker   | 12        | 16  | increase  | asc         | desc       | 503036     | 3430.37          | 3227.55                | 6   | 9424,9599,9774,9429,9604,9779       | -5.91    |
| 11  | 80         | 10000000 | 10000000  | 117648   | 16      | 32    | 1    | worker   | 12        | 16  | decrease  | asc         | desc       | 524288     | 139.67           | 131.38                 | 6   | 22752,22955,23158,22757,22960,23163 | -5.94    |
| 5   | 60         | 10000000 | 625000    | 156250   | 1048576 | 128   | 16   | io_uring | 12        | 16  | increase  | asc         | asc        | 4096       | 34.62            | 32.55                  | 6   | 9872,10047,10222,9877,10052,10227   | -5.98    |
| 18  | 20         | 10000000 | 2500000   | 476191   | 4194304 | 128   | 4    | worker   | 12        | 16  | increase  | desc        | asc        | 4096       | 94.61            | 88.9                   | 6   | 38306,38495,38684,38311,38500,38689 | -6.04    |
| 5   | 60         | 10000000 | 625000    | 156250   | 1048576 | 128   | 16   | worker   | 12        | 16  | increase  | asc         | asc        | 1024       | 9.52             | 8.94                   | 6   | 8808,8983,9158,8813,8988,9163       | -6.09    |
| 13  | 80         | 10000000 | 2500000   | 117648   | 1048576 | 2     | 4    | worker   | 12        | 16  | increase  | asc         | desc       | 512144     | 801.13           | 751.97                 | 6   | 27582,27771,27960,27587,27776,27965 | -6.14    |
| 7   | 60         | 10000000 | 625000    | 156250   | 1048576 | 128   | 16   | io_uring | 12        | 16  | decrease  | asc         | asc        | 1024       | 11.05            | 10.37                  | 6   | 14058,14233,14408,14063,14238,14413 | -6.15    |
| 1   | 80         | 10000000 | 1250000   | 117648   | 4       | 2048  | 8    | io_uring | 12        | 16  | increase  | asc         | desc       | 64         | 1.94             | 1.82                   | 6   | 1682,1864,2046,1687,1869,2051       | -6.19    |
| 18  | 20         | 10000000 | 2500000   | 476191   | 4194304 | 128   | 4    | worker   | 12        | 16  | increase  | desc        | desc       | 64         | 5.49             | 5.15                   | 4   | 38831,39020,38836,39025             | -6.19    |
| 14  | 80         | 10000000 | 2500000   | 117648   | 1048576 | 2     | 4    | io_uring | 12        | 16  | increase  | desc        | desc       | 1762144    | 1743.73          | 1635.72                | 6   | 31019,31208,31397,31024,31213,31402 | -6.19    |
| 6   | 60         | 10000000 | 625000    | 156250   | 1048576 | 128   | 16   | worker   | 12        | 16  | increase  | desc        | asc        | 8          | 1.13             | 1.06                   | 6   | 10859,11034,11209,10864,11039,11214 | -6.19    |
| 5   | 60         | 10000000 | 625000    | 156250   | 1048576 | 128   | 16   | worker   | 12        | 16  | increase  | asc         | desc       | 565536     | 3779.6           | 3545.22                | 6   | 9431,9606,9781,9436,9611,9786       | -6.2     |
| 15  | 80         | 10000000 | 2500000   | 117648   | 1048576 | 2     | 4    | worker   | 12        | 16  | decrease  | asc         | asc        | 1012144    | 938.55           | 880.29                 | 6   | 31565,31754,31943,31570,31759,31948 | -6.21    |
| 10  | 80         | 10000000 | 10000000  | 117648   | 16      | 32    | 1    | io_uring | 12        | 16  | increase  | desc        | asc        | 4          | 0.32             | 0.3                    | 6   | 20806,21009,21212,20811,21014,21217 | -6.25    |
| 10  | 80         | 10000000 | 10000000  | 117648   | 16      | 32    | 1    | worker   | 12        | 16  | increase  | desc        | desc       | 512        | 0.8              | 0.75                   | 6   | 20246,20449,20652,20251,20454,20657 | -6.25    |
| 13  | 80         | 10000000 | 2500000   | 117648   | 1048576 | 2     | 4    | io_uring | 12        | 16  | increase  | asc         | asc        | 4096       | 24.57            | 23.03                  | 6   | 28100,28289,28478,28105,28294,28483 | -6.27    |
| 3   | 80         | 10000000 | 1250000   | 117648   | 4       | 2048  | 8    | worker   | 12        | 16  | decrease  | asc         | asc        | 512        | 4.26             | 3.99                   | 6   | 4433,4615,4797,4438,4620,4802       | -6.34    |
| 5   | 60         | 10000000 | 625000    | 156250   | 1048576 | 128   | 16   | worker   | 12        | 16  | increase  | asc         | asc        | 32         | 2.36             | 2.21                   | 6   | 8773,8948,9123,8778,8953,9128       | -6.36    |
| 2   | 80         | 10000000 | 1250000   | 117648   | 4       | 2048  | 8    | worker   | 12        | 16  | increase  | desc        | asc        | 2048       | 8.18             | 7.66                   | 6   | 2263,2445,2627,2268,2450,2632       | -6.36    |
| 15  | 80         | 10000000 | 2500000   | 117648   | 1048576 | 2     | 4    | worker   | 12        | 16  | decrease  | asc         | desc       | 2048       | 13.43            | 12.57                  | 6   | 32062,32251,32440,32067,32256,32445 | -6.4     |
| 14  | 80         | 10000000 | 2500000   | 117648   | 1048576 | 2     | 4    | io_uring | 12        | 16  | increase  | desc        | desc       | 512144     | 592.86           | 554.89                 | 6   | 30984,31173,31362,30989,31178,31367 | -6.4     |
| 15  | 80         | 10000000 | 2500000   | 117648   | 1048576 | 2     | 4    | io_uring | 12        | 16  | decrease  | asc         | asc        | 512144     | 568.06           | 531.46                 | 6   | 32685,32874,33063,32690,32879,33068 | -6.44    |
| 12  | 80         | 10000000 | 10000000  | 117648   | 16      | 32    | 1    | worker   | 12        | 16  | decrease  | desc        | asc        | 64         | 0.31             | 0.29                   | 6   | 24488,24691,24894,24493,24696,24899 | -6.45    |
| 17  | 20         | 10000000 | 2500000   | 476191   | 4194304 | 128   | 4    | worker   | 12        | 16  | increase  | asc         | desc       | 4          | 1.07             | 1.0                    | 6   | 36535,36724,36913,36540,36729,36918 | -6.54    |
| 13  | 80         | 10000000 | 2500000   | 117648   | 1048576 | 2     | 4    | io_uring | 12        | 16  | increase  | asc         | desc       | 2048       | 16.2             | 15.14                  | 6   | 28660,28849,29038,28665,28854,29043 | -6.54    |
| 14  | 80         | 10000000 | 2500000   | 117648   | 1048576 | 2     | 4    | worker   | 12        | 16  | increase  | desc        | desc       | 1762144    | 1627.44          | 1520.48                | 6   | 29885,30074,30263,29890,30079,30268 | -6.57    |
| 11  | 80         | 10000000 | 10000000  | 117648   | 16      | 32    | 1    | worker   | 12        | 16  | decrease  | asc         | desc       | 5048576    | 1236.08          | 1154.82                | 6   | 22787,22990,23193,22792,22995,23198 | -6.57    |
| 15  | 80         | 10000000 | 2500000   | 117648   | 1048576 | 2     | 4    | worker   | 12        | 16  | decrease  | asc         | desc       | 512        | 5.31             | 4.96                   | 6   | 32048,32237,32426,32053,32242,32431 | -6.59    |
| 3   | 80         | 10000000 | 1250000   | 117648   | 4       | 2048  | 8    | worker   | 12        | 16  | decrease  | asc         | asc        | 8          | 1.06             | 0.99                   | 6   | 4391,4573,4755,4396,4578,4760       | -6.6     |
| 7   | 60         | 10000000 | 625000    | 156250   | 1048576 | 128   | 16   | io_uring | 12        | 16  | decrease  | asc         | desc       | 128        | 5.14             | 4.8                    | 6   | 14562,14737,14912,14567,14742,14917 | -6.61    |
| 15  | 80         | 10000000 | 2500000   | 117648   | 1048576 | 2     | 4    | worker   | 12        | 16  | decrease  | asc         | asc        | 1262144    | 1143.41          | 1067.6                 | 6   | 31572,31761,31950,31577,31766,31955 | -6.63    |
| 10  | 80         | 10000000 | 10000000  | 117648   | 16      | 32    | 1    | worker   | 12        | 16  | increase  | desc        | asc        | 2048576    | 470.17           | 438.91                 | 6   | 19721,19924,20127,19726,19929,20132 | -6.65    |
| 9   | 80         | 10000000 | 10000000  | 117648   | 16      | 32    | 1    | worker   | 12        | 16  | increase  | asc         | asc        | 2048576    | 257.62           | 240.46                 | 6   | 17285,17488,17691,17290,17493,17696 | -6.66    |
| 9   | 80         | 10000000 | 10000000  | 117648   | 16      | 32    | 1    | io_uring | 12        | 16  | increase  | asc         | asc        | 512        | 0.6              | 0.56                   | 6   | 18419,18622,18825,18424,18627,18830 | -6.67    |
| 6   | 60         | 10000000 | 625000    | 156250   | 1048576 | 128   | 16   | worker   | 12        | 16  | increase  | desc        | desc       | 4          | 0.9              | 0.84                   | 6   | 11377,11552,11727,11382,11557,11732 | -6.67    |
| 1   | 80         | 10000000 | 1250000   | 117648   | 4       | 2048  | 8    | worker   | 12        | 16  | increase  | asc         | asc        | 4096       | 11.14            | 10.39                  | 6   | 86,268,450,91,273,455               | -6.73    |
| 15  | 80         | 10000000 | 2500000   | 117648   | 1048576 | 2     | 4    | worker   | 12        | 16  | decrease  | asc         | asc        | 512144     | 514.14           | 479.4                  | 6   | 31551,31740,31929,31556,31745,31934 | -6.76    |
| 3   | 80         | 10000000 | 1250000   | 117648   | 4       | 2048  | 8    | io_uring | 12        | 16  | decrease  | asc         | asc        | 64         | 1.62             | 1.51                   | 6   | 5504,5686,5868,5509,5691,5873       | -6.79    |
| 18  | 20         | 10000000 | 2500000   | 476191   | 4194304 | 128   | 4    | worker   | 12        | 16  | increase  | desc        | asc        | 1262144    | 5144.3           | 4794.51                | 6   | 38376,38565,38754,38381,38570,38759 | -6.8     |
| 14  | 80         | 10000000 | 2500000   | 117648   | 1048576 | 2     | 4    | io_uring | 12        | 16  | increase  | desc        | desc       | 1262144    | 1317.05          | 1226.97                | 6   | 31005,31194,31383,31010,31199,31388 | -6.84    |
| 10  | 80         | 10000000 | 10000000  | 117648   | 16      | 32    | 1    | io_uring | 12        | 16  | increase  | desc        | asc        | 512        | 0.58             | 0.54                   | 6   | 20855,21058,21261,20860,21063,21266 | -6.9     |
| 10  | 80         | 10000000 | 10000000  | 117648   | 16      | 32    | 1    | worker   | 12        | 16  | increase  | desc        | asc        | 4096       | 1.74             | 1.62                   | 6   | 19658,19861,20064,19663,19866,20069 | -6.9     |
| 13  | 80         | 10000000 | 2500000   | 117648   | 1048576 | 2     | 4    | worker   | 12        | 16  | increase  | asc         | desc       | 762144     | 1170.05          | 1089.25                | 6   | 27589,27778,27967,27594,27783,27972 | -6.91    |
| 14  | 80         | 10000000 | 2500000   | 117648   | 1048576 | 2     | 4    | worker   | 12        | 16  | increase  | desc        | desc       | 2262144    | 1981.09          | 1843.47                | 6   | 29899,30088,30277,29904,30093,30282 | -6.95    |
| 5   | 60         | 10000000 | 625000    | 156250   | 1048576 | 128   | 16   | worker   | 12        | 16  | increase  | asc         | asc        | 16         | 1.87             | 1.74                   | 6   | 8766,8941,9116,8771,8946,9121       | -6.95    |
| 8   | 60         | 10000000 | 625000    | 156250   | 1048576 | 128   | 16   | io_uring | 12        | 16  | decrease  | desc        | asc        | 1          | 0.43             | 0.4                    | 6   | 16088,16263,16438,16093,16268,16443 | -6.98    |
| 5   | 60         | 10000000 | 625000    | 156250   | 1048576 | 128   | 16   | io_uring | 12        | 16  | increase  | asc         | asc        | 512        | 6.12             | 5.69                   | 6   | 9851,10026,10201,9856,10031,10206   | -7.03    |
| 10  | 80         | 10000000 | 10000000  | 117648   | 16      | 32    | 1    | io_uring | 12        | 16  | increase  | desc        | asc        | 1024       | 0.71             | 0.66                   | 6   | 20862,21065,21268,20867,21070,21273 | -7.04    |
| 6   | 60         | 10000000 | 625000    | 156250   | 1048576 | 128   | 16   | worker   | 12        | 16  | increase  | desc        | asc        | 32         | 2.8              | 2.6                    | 6   | 10873,11048,11223,10878,11053,11228 | -7.14    |
| 6   | 60         | 10000000 | 625000    | 156250   | 1048576 | 128   | 16   | io_uring | 12        | 16  | increase  | desc        | asc        | 1          | 0.42             | 0.39                   | 6   | 11888,12063,12238,11893,12068,12243 | -7.14    |
| 8   | 60         | 10000000 | 625000    | 156250   | 1048576 | 128   | 16   | io_uring | 12        | 16  | decrease  | desc        | asc        | 4          | 0.84             | 0.78                   | 6   | 16102,16277,16452,16107,16282,16457 | -7.14    |
| 9   | 80         | 10000000 | 10000000  | 117648   | 16      | 32    | 1    | io_uring | 12        | 16  | increase  | asc         | desc       | 128        | 0.42             | 0.39                   | 6   | 19014,19217,19420,19019,19222,19425 | -7.14    |
| 3   | 80         | 10000000 | 1250000   | 117648   | 4       | 2048  | 8    | worker   | 12        | 16  | decrease  | asc         | asc        | 128        | 2.24             | 2.08                   | 6   | 4419,4601,4783,4424,4606,4788       | -7.14    |
| 18  | 20         | 10000000 | 2500000   | 476191   | 4194304 | 128   | 4    | worker   | 12        | 16  | increase  | desc        | desc       | 4096       | 81.3             | 75.48                  | 4   | 38873,39062,38878,39067             | -7.16    |
| 14  | 80         | 10000000 | 2500000   | 117648   | 1048576 | 2     | 4    | worker   | 12        | 16  | increase  | desc        | desc       | 1512144    | 1441.66          | 1336.97                | 6   | 29878,30067,30256,29883,30072,30261 | -7.26    |
| 17  | 20         | 10000000 | 2500000   | 476191   | 4194304 | 128   | 4    | worker   | 12        | 16  | increase  | asc         | asc        | 2048       | 34.3             | 31.8                   | 6   | 36031,36220,36409,36036,36225,36414 | -7.29    |
| 13  | 80         | 10000000 | 2500000   | 117648   | 1048576 | 2     | 4    | worker   | 12        | 16  | increase  | asc         | asc        | 16         | 0.96             | 0.89                   | 6   | 26910,27099,27288,26915,27104,27293 | -7.29    |
| 18  | 20         | 10000000 | 2500000   | 476191   | 4194304 | 128   | 4    | worker   | 12        | 16  | increase  | desc        | asc        | 1512144    | 5945.29          | 5511.08                | 6   | 38383,38572,38761,38388,38577,38766 | -7.3     |
| 5   | 60         | 10000000 | 625000    | 156250   | 1048576 | 128   | 16   | worker   | 12        | 16  | increase  | asc         | asc        | 4          | 0.82             | 0.76                   | 6   | 8752,8927,9102,8757,8932,9107       | -7.32    |
| 14  | 80         | 10000000 | 2500000   | 117648   | 1048576 | 2     | 4    | worker   | 12        | 16  | increase  | desc        | asc        | 4          | 0.41             | 0.38                   | 6   | 29164,29353,29542,29169,29358,29547 | -7.32    |
| 6   | 60         | 10000000 | 625000    | 156250   | 1048576 | 128   | 16   | worker   | 12        | 16  | increase  | desc        | desc       | 2048       | 18.45            | 17.09                  | 6   | 11440,11615,11790,11445,11620,11795 | -7.37    |
| 4   | 80         | 10000000 | 1250000   | 117648   | 4       | 2048  | 8    | worker   | 12        | 16  | decrease  | desc        | asc        | 1          | 0.54             | 0.5                    | 6   | 6554,6736,6918,6559,6741,6923       | -7.41    |
| 12  | 80         | 10000000 | 10000000  | 117648   | 16      | 32    | 1    | io_uring | 12        | 16  | decrease  | desc        | desc       | 2          | 0.27             | 0.25                   | 6   | 26280,26483,26686,26285,26488,26691 | -7.41    |
| 13  | 80         | 10000000 | 2500000   | 117648   | 1048576 | 2     | 4    | worker   | 12        | 16  | increase  | asc         | asc        | 1          | 0.27             | 0.25                   | 6   | 26882,27071,27260,26887,27076,27265 | -7.41    |
| 4   | 80         | 10000000 | 1250000   | 117648   | 4       | 2048  | 8    | worker   | 12        | 16  | decrease  | desc        | desc       | 32         | 1.2              | 1.11                   | 6   | 7135,7317,7499,7140,7322,7504       | -7.5     |
| 7   | 60         | 10000000 | 625000    | 156250   | 1048576 | 128   | 16   | worker   | 12        | 16  | decrease  | asc         | asc        | 128        | 3.59             | 3.32                   | 6   | 12987,13162,13337,12992,13167,13342 | -7.52    |
| 2   | 80         | 10000000 | 1250000   | 117648   | 4       | 2048  | 8    | worker   | 12        | 16  | increase  | desc        | asc        | 1          | 0.53             | 0.49                   | 6   | 2186,2368,2550,2191,2373,2555       | -7.55    |
| 8   | 60         | 10000000 | 625000    | 156250   | 1048576 | 128   | 16   | worker   | 12        | 16  | decrease  | desc        | desc       | 1024       | 9.66             | 8.93                   | 6   | 15633,15808,15983,15638,15813,15988 | -7.56    |
| 8   | 60         | 10000000 | 625000    | 156250   | 1048576 | 128   | 16   | io_uring | 12        | 16  | decrease  | desc        | desc       | 8          | 1.32             | 1.22                   | 6   | 16634,16809,16984,16639,16814,16989 | -7.58    |
| 10  | 80         | 10000000 | 10000000  | 117648   | 16      | 32    | 1    | worker   | 12        | 16  | increase  | desc        | asc        | 9048576    | 2071.92          | 1914.65                | 6   | 19770,19973,20176,19775,19978,20181 | -7.59    |
| 4   | 80         | 10000000 | 1250000   | 117648   | 4       | 2048  | 8    | worker   | 12        | 16  | decrease  | desc        | desc       | 8192       | 19.47            | 17.99                  | 6   | 7191,7373,7555,7196,7378,7560       | -7.6     |
| 1   | 80         | 10000000 | 1250000   | 117648   | 4       | 2048  | 8    | worker   | 12        | 16  | increase  | asc         | asc        | 16384      | 39.05            | 36.08                  | 6   | 100,282,464,105,287,469             | -7.61    |
| 11  | 80         | 10000000 | 10000000  | 117648   | 16      | 32    | 1    | worker   | 12        | 16  | decrease  | asc         | desc       | 6048576    | 1434.13          | 1324.49                | 6   | 22794,22997,23200,22799,23002,23205 | -7.65    |
| 2   | 80         | 10000000 | 1250000   | 117648   | 4       | 2048  | 8    | worker   | 12        | 16  | increase  | desc        | desc       | 8          | 1.83             | 1.69                   | 6   | 2753,2935,3117,2758,2940,3122       | -7.65    |
| 8   | 60         | 10000000 | 625000    | 156250   | 1048576 | 128   | 16   | worker   | 12        | 16  | decrease  | desc        | desc       | 512        | 6.79             | 6.27                   | 6   | 15626,15801,15976,15631,15806,15981 | -7.66    |
| 16  | 80         | 10000000 | 2500000   | 117648   | 1048576 | 2     | 4    | worker   | 12        | 16  | decrease  | desc        | asc        | 512        | 4.7              | 4.34                   | 6   | 33749,33938,34127,33754,33943,34132 | -7.66    |
| 7   | 60         | 10000000 | 625000    | 156250   | 1048576 | 128   | 16   | worker   | 12        | 16  | decrease  | asc         | desc       | 8          | 1.17             | 1.08                   | 6   | 13484,13659,13834,13489,13664,13839 | -7.69    |
| 5   | 60         | 10000000 | 625000    | 156250   | 1048576 | 128   | 16   | worker   | 12        | 16  | increase  | asc         | asc        | 1          | 0.39             | 0.36                   | 6   | 8738,8913,9088,8743,8918,9093       | -7.69    |
| 7   | 60         | 10000000 | 625000    | 156250   | 1048576 | 128   | 16   | io_uring | 12        | 16  | decrease  | asc         | desc       | 1          | 0.39             | 0.36                   | 6   | 14513,14688,14863,14518,14693,14868 | -7.69    |
| 8   | 60         | 10000000 | 625000    | 156250   | 1048576 | 128   | 16   | worker   | 12        | 16  | decrease  | desc        | desc       | 1          | 0.39             | 0.36                   | 6   | 15563,15738,15913,15568,15743,15918 | -7.69    |
| 17  | 20         | 10000000 | 2500000   | 476191   | 4194304 | 128   | 4    | worker   | 12        | 16  | increase  | asc         | desc       | 1          | 0.39             | 0.36                   | 6   | 36521,36710,36899,36526,36715,36904 | -7.69    |
| 17  | 20         | 10000000 | 2500000   | 476191   | 4194304 | 128   | 4    | io_uring | 12        | 16  | increase  | asc         | desc       | 512        | 22.58            | 20.81                  | 6   | 37718,37907,38096,37723,37912,38101 | -7.84    |
| 10  | 80         | 10000000 | 10000000  | 117648   | 16      | 32    | 1    | worker   | 12        | 16  | increase  | desc        | asc        | 5048576    | 1141.14          | 1051.63                | 6   | 19742,19945,20148,19747,19950,20153 | -7.84    |
| 5   | 60         | 10000000 | 625000    | 156250   | 1048576 | 128   | 16   | worker   | 12        | 16  | increase  | asc         | desc       | 4          | 0.89             | 0.82                   | 6   | 9277,9452,9627,9282,9457,9632       | -7.87    |
| 3   | 80         | 10000000 | 1250000   | 117648   | 4       | 2048  | 8    | io_uring | 12        | 16  | decrease  | asc         | asc        | 1024       | 6.93             | 6.38                   | 6   | 5532,5714,5896,5537,5719,5901       | -7.94    |
| 10  | 80         | 10000000 | 10000000  | 117648   | 16      | 32    | 1    | worker   | 12        | 16  | increase  | desc        | asc        | 8048576    | 1820.51          | 1675.7                 | 6   | 19763,19966,20169,19768,19971,20174 | -7.95    |
| 10  | 80         | 10000000 | 10000000  | 117648   | 16      | 32    | 1    | worker   | 12        | 16  | increase  | desc        | asc        | 4          | 0.25             | 0.23                   | 6   | 19588,19791,19994,19593,19796,19999 | -8.0     |
| 11  | 80         | 10000000 | 10000000  | 117648   | 16      | 32    | 1    | worker   | 12        | 16  | decrease  | asc         | asc        | 8          | 0.25             | 0.23                   | 6   | 22031,22234,22437,22036,22239,22442 | -8.0     |
| 5   | 60         | 10000000 | 625000    | 156250   | 1048576 | 128   | 16   | io_uring | 12        | 16  | increase  | asc         | asc        | 256        | 5.1              | 4.69                   | 6   | 9844,10019,10194,9849,10024,10199   | -8.04    |
| 15  | 80         | 10000000 | 2500000   | 117648   | 1048576 | 2     | 4    | io_uring | 12        | 16  | decrease  | asc         | desc       | 32         | 1.98             | 1.82                   | 6   | 33154,33343,33532,33159,33348,33537 | -8.08    |
| 15  | 80         | 10000000 | 2500000   | 117648   | 1048576 | 2     | 4    | io_uring | 12        | 16  | decrease  | asc         | asc        | 762144     | 824.97           | 757.84                 | 6   | 32692,32881,33070,32697,32886,33075 | -8.14    |
| 10  | 80         | 10000000 | 10000000  | 117648   | 16      | 32    | 1    | worker   | 12        | 16  | increase  | desc        | asc        | 262144     | 72.23            | 66.34                  | 6   | 19700,19903,20106,19705,19908,20111 | -8.15    |
| 14  | 80         | 10000000 | 2500000   | 117648   | 1048576 | 2     | 4    | worker   | 12        | 16  | increase  | desc        | desc       | 1262144    | 1254.09          | 1151.82                | 6   | 29871,30060,30249,29876,30065,30254 | -8.15    |
| 10  | 80         | 10000000 | 10000000  | 117648   | 16      | 32    | 1    | worker   | 12        | 16  | increase  | desc        | asc        | 6048576    | 1404.16          | 1288.89                | 6   | 19749,19952,20155,19754,19957,20160 | -8.21    |
| 17  | 20         | 10000000 | 2500000   | 476191   | 4194304 | 128   | 4    | worker   | 12        | 16  | increase  | asc         | desc       | 2012144    | 8594.58          | 7888.8                 | 6   | 36696,36885,37074,36701,36890,37079 | -8.21    |
| 10  | 80         | 10000000 | 10000000  | 117648   | 16      | 32    | 1    | worker   | 12        | 16  | increase  | desc        | asc        | 32768      | 9.71             | 8.9                    | 6   | 19679,19882,20085,19684,19887,20090 | -8.34    |
| 2   | 80         | 10000000 | 1250000   | 117648   | 4       | 2048  | 8    | io_uring | 12        | 16  | increase  | desc        | asc        | 128        | 1.91             | 1.75                   | 6   | 3327,3509,3691,3332,3514,3696       | -8.38    |
| 2   | 80         | 10000000 | 1250000   | 117648   | 4       | 2048  | 8    | io_uring | 12        | 16  | increase  | desc        | asc        | 64         | 1.66             | 1.52                   | 6   | 3320,3502,3684,3325,3507,3689       | -8.43    |
| 5   | 60         | 10000000 | 625000    | 156250   | 1048576 | 128   | 16   | io_uring | 12        | 16  | increase  | asc         | desc       | 16         | 2.6              | 2.38                   | 6   | 10341,10516,10691,10346,10521,10696 | -8.46    |
| 8   | 60         | 10000000 | 625000    | 156250   | 1048576 | 128   | 16   | io_uring | 12        | 16  | decrease  | desc        | desc       | 2          | 0.59             | 0.54                   | 6   | 16620,16795,16970,16625,16800,16975 | -8.47    |
| 5   | 60         | 10000000 | 625000    | 156250   | 1048576 | 128   | 16   | io_uring | 12        | 16  | increase  | asc         | desc       | 4          | 0.82             | 0.75                   | 6   | 10327,10502,10677,10332,10507,10682 | -8.54    |
| 15  | 80         | 10000000 | 2500000   | 117648   | 1048576 | 2     | 4    | worker   | 12        | 16  | decrease  | asc         | asc        | 762144     | 740.55           | 677.33                 | 6   | 31558,31747,31936,31563,31752,31941 | -8.54    |
| 5   | 60         | 10000000 | 625000    | 156250   | 1048576 | 128   | 16   | io_uring | 12        | 16  | increase  | asc         | desc       | 32         | 2.81             | 2.57                   | 6   | 10348,10523,10698,10353,10528,10703 | -8.54    |
| 3   | 80         | 10000000 | 1250000   | 117648   | 4       | 2048  | 8    | io_uring | 12        | 16  | decrease  | asc         | desc       | 512        | 3.38             | 3.09                   | 6   | 6071,6253,6435,6076,6258,6440       | -8.58    |
| 6   | 60         | 10000000 | 625000    | 156250   | 1048576 | 128   | 16   | io_uring | 12        | 16  | increase  | desc        | desc       | 2          | 0.58             | 0.53                   | 6   | 12420,12595,12770,12425,12600,12775 | -8.62    |
| 2   | 80         | 10000000 | 1250000   | 117648   | 4       | 2048  | 8    | io_uring | 12        | 16  | increase  | desc        | asc        | 1          | 0.69             | 0.63                   | 6   | 3278,3460,3642,3283,3465,3647       | -8.7     |
| 1   | 80         | 10000000 | 1250000   | 117648   | 4       | 2048  | 8    | worker   | 12        | 16  | increase  | asc         | asc        | 131072     | 285.92           | 261.05                 | 6   | 121,303,485,126,308,490             | -8.7     |
| 9   | 80         | 10000000 | 10000000  | 117648   | 16      | 32    | 1    | worker   | 12        | 16  | increase  | asc         | asc        | 32768      | 6.19             | 5.65                   | 6   | 17243,17446,17649,17248,17451,17654 | -8.72    |
| 1   | 80         | 10000000 | 1250000   | 117648   | 4       | 2048  | 8    | io_uring | 12        | 16  | increase  | asc         | desc       | 4          | 1.14             | 1.04                   | 6   | 1654,1836,2018,1659,1841,2023       | -8.77    |
| 3   | 80         | 10000000 | 1250000   | 117648   | 4       | 2048  | 8    | io_uring | 12        | 16  | decrease  | asc         | desc       | 64         | 1.48             | 1.35                   | 6   | 6050,6232,6414,6055,6237,6419       | -8.78    |
| 11  | 80         | 10000000 | 10000000  | 117648   | 16      | 32    | 1    | worker   | 12        | 16  | decrease  | asc         | desc       | 7048576    | 1666.92          | 1518.75                | 6   | 22801,23004,23207,22806,23009,23212 | -8.89    |
| 16  | 80         | 10000000 | 2500000   | 117648   | 1048576 | 2     | 4    | io_uring | 12        | 16  | decrease  | desc        | desc       | 64         | 3.82             | 3.48                   | 6   | 35429,35618,35807,35434,35623,35812 | -8.9     |
| 4   | 80         | 10000000 | 1250000   | 117648   | 4       | 2048  | 8    | worker   | 12        | 16  | decrease  | desc        | desc       | 32768      | 71.95            | 65.53                  | 6   | 7205,7387,7569,7210,7392,7574       | -8.92    |
| 14  | 80         | 10000000 | 2500000   | 117648   | 1048576 | 2     | 4    | io_uring | 12        | 16  | increase  | desc        | desc       | 762144     | 864.6            | 787.07                 | 6   | 30991,31180,31369,30996,31185,31374 | -8.97    |
| 2   | 80         | 10000000 | 1250000   | 117648   | 4       | 2048  | 8    | io_uring | 12        | 16  | increase  | desc        | desc       | 64         | 1.55             | 1.41                   | 6   | 3866,4048,4230,3871,4053,4235       | -9.03    |
| 15  | 80         | 10000000 | 2500000   | 117648   | 1048576 | 2     | 4    | worker   | 12        | 16  | decrease  | asc         | asc        | 32         | 1.66             | 1.51                   | 6   | 31453,31642,31831,31458,31647,31836 | -9.04    |
| 8   | 60         | 10000000 | 625000    | 156250   | 1048576 | 128   | 16   | io_uring | 12        | 16  | decrease  | desc        | desc       | 512        | 7.5              | 6.82                   | 6   | 16676,16851,17026,16681,16856,17031 | -9.07    |
| 3   | 80         | 10000000 | 1250000   | 117648   | 4       | 2048  | 8    | io_uring | 12        | 16  | decrease  | asc         | asc        | 128        | 1.84             | 1.67                   | 6   | 5511,5693,5875,5516,5698,5880       | -9.24    |
| 13  | 80         | 10000000 | 2500000   | 117648   | 1048576 | 2     | 4    | worker   | 12        | 16  | increase  | asc         | asc        | 4          | 0.43             | 0.39                   | 6   | 26896,27085,27274,26901,27090,27279 | -9.3     |
| 17  | 20         | 10000000 | 2500000   | 476191   | 4194304 | 128   | 4    | worker   | 12        | 16  | increase  | asc         | desc       | 1024       | 37.77            | 34.25                  | 6   | 36591,36780,36969,36596,36785,36974 | -9.32    |
| 1   | 80         | 10000000 | 1250000   | 117648   | 4       | 2048  | 8    | worker   | 12        | 16  | increase  | asc         | asc        | 32         | 1.6              | 1.45                   | 6   | 37,219,401,42,224,406               | -9.38    |
| 14  | 80         | 10000000 | 2500000   | 117648   | 1048576 | 2     | 4    | io_uring | 12        | 16  | increase  | desc        | desc       | 1012144    | 1104.98          | 1000.84                | 6   | 30998,31187,31376,31003,31192,31381 | -9.42    |
| 7   | 60         | 10000000 | 625000    | 156250   | 1048576 | 128   | 16   | worker   | 12        | 16  | decrease  | asc         | desc       | 2          | 0.53             | 0.48                   | 6   | 13470,13645,13820,13475,13650,13825 | -9.43    |
| 11  | 80         | 10000000 | 10000000  | 117648   | 16      | 32    | 1    | io_uring | 12        | 16  | decrease  | asc         | desc       | 8192       | 2.86             | 2.59                   | 6   | 23928,24131,24334,23933,24136,24339 | -9.44    |
| 4   | 80         | 10000000 | 1250000   | 117648   | 4       | 2048  | 8    | worker   | 12        | 16  | decrease  | desc        | asc        | 32         | 1.37             | 1.24                   | 6   | 6589,6771,6953,6594,6776,6958       | -9.49    |
| 5   | 60         | 10000000 | 625000    | 156250   | 1048576 | 128   | 16   | io_uring | 12        | 16  | increase  | asc         | asc        | 1          | 0.42             | 0.38                   | 6   | 9788,9963,10138,9793,9968,10143     | -9.52    |
| 14  | 80         | 10000000 | 2500000   | 117648   | 1048576 | 2     | 4    | worker   | 12        | 16  | increase  | desc        | desc       | 8          | 0.73             | 0.66                   | 6   | 29738,29927,30116,29743,29932,30121 | -9.59    |
| 2   | 80         | 10000000 | 1250000   | 117648   | 4       | 2048  | 8    | worker   | 12        | 16  | increase  | desc        | desc       | 2048       | 14.47            | 13.07                  | 6   | 2809,2991,3173,2814,2996,3178       | -9.68    |
| 13  | 80         | 10000000 | 2500000   | 117648   | 1048576 | 2     | 4    | worker   | 12        | 16  | increase  | asc         | asc        | 8          | 0.62             | 0.56                   | 6   | 26903,27092,27281,26908,27097,27286 | -9.68    |
| 10  | 80         | 10000000 | 10000000  | 117648   | 16      | 32    | 1    | worker   | 12        | 16  | increase  | desc        | asc        | 1048576    | 263.73           | 238.11                 | 6   | 19714,19917,20120,19719,19922,20125 | -9.71    |
| 11  | 80         | 10000000 | 10000000  | 117648   | 16      | 32    | 1    | worker   | 12        | 16  | decrease  | asc         | desc       | 8192       | 3.17             | 2.86                   | 6   | 22710,22913,23116,22715,22918,23121 | -9.78    |
| 13  | 80         | 10000000 | 2500000   | 117648   | 1048576 | 2     | 4    | io_uring | 12        | 16  | increase  | asc         | desc       | 4096       | 27.43            | 24.73                  | 6   | 28667,28856,29045,28672,28861,29050 | -9.84    |
| 17  | 20         | 10000000 | 2500000   | 476191   | 4194304 | 128   | 4    | io_uring | 12        | 16  | increase  | asc         | asc        | 16         | 3.44             | 3.1                    | 6   | 37116,37305,37494,37121,37310,37499 | -9.88    |
| 5   | 60         | 10000000 | 625000    | 156250   | 1048576 | 128   | 16   | worker   | 12        | 16  | increase  | asc         | desc       | 512        | 16.69            | 15.04                  | 6   | 9326,9501,9676,9331,9506,9681       | -9.89    |
| 7   | 60         | 10000000 | 625000    | 156250   | 1048576 | 128   | 16   | io_uring | 12        | 16  | decrease  | asc         | asc        | 4          | 0.91             | 0.82                   | 6   | 14002,14177,14352,14007,14182,14357 | -9.89    |
| 14  | 80         | 10000000 | 2500000   | 117648   | 1048576 | 2     | 4    | io_uring | 12        | 16  | increase  | desc        | asc        | 1          | 0.3              | 0.27                   | 6   | 30284,30473,30662,30289,30478,30667 | -10.0    |
| 6   | 60         | 10000000 | 625000    | 156250   | 1048576 | 128   | 16   | worker   | 12        | 16  | increase  | desc        | desc       | 32         | 2.5              | 2.25                   | 6   | 11398,11573,11748,11403,11578,11753 | -10.0    |
| 17  | 20         | 10000000 | 2500000   | 476191   | 4194304 | 128   | 4    | worker   | 12        | 16  | increase  | asc         | desc       | 2262144    | 9488.92          | 8539.13                | 6   | 36703,36892,37081,36708,36897,37086 | -10.01   |
| 14  | 80         | 10000000 | 2500000   | 117648   | 1048576 | 2     | 4    | worker   | 12        | 16  | increase  | desc        | desc       | 1012144    | 1053.93          | 948.28                 | 6   | 29864,30053,30242,29869,30058,30247 | -10.02   |
| 13  | 80         | 10000000 | 2500000   | 117648   | 1048576 | 2     | 4    | worker   | 12        | 16  | increase  | asc         | desc       | 512        | 5.28             | 4.75                   | 6   | 27512,27701,27890,27517,27706,27895 | -10.04   |
| 5   | 60         | 10000000 | 625000    | 156250   | 1048576 | 128   | 16   | worker   | 12        | 16  | increase  | asc         | asc        | 256        | 4.29             | 3.85                   | 6   | 8794,8969,9144,8799,8974,9149       | -10.26   |
| 9   | 80         | 10000000 | 10000000  | 117648   | 16      | 32    | 1    | worker   | 12        | 16  | increase  | asc         | asc        | 2048       | 0.97             | 0.87                   | 6   | 17215,17418,17621,17220,17423,17626 | -10.31   |
| 2   | 80         | 10000000 | 1250000   | 117648   | 4       | 2048  | 8    | io_uring | 12        | 16  | increase  | desc        | desc       | 512        | 4.63             | 4.15                   | 6   | 3887,4069,4251,3892,4074,4256       | -10.37   |
| 12  | 80         | 10000000 | 10000000  | 117648   | 16      | 32    | 1    | worker   | 12        | 16  | decrease  | desc        | desc       | 6048576    | 657.98           | 588.66                 | 6   | 25230,25433,25636,25235,25438,25641 | -10.54   |
| 4   | 80         | 10000000 | 1250000   | 117648   | 4       | 2048  | 8    | io_uring | 12        | 16  | decrease  | desc        | asc        | 1          | 0.66             | 0.59                   | 6   | 7646,7828,8010,7651,7833,8015       | -10.61   |
| 10  | 80         | 10000000 | 10000000  | 117648   | 16      | 32    | 1    | worker   | 12        | 16  | increase  | desc        | asc        | 4048576    | 961.05           | 858.87                 | 6   | 19735,19938,20141,19740,19943,20146 | -10.63   |
| 10  | 80         | 10000000 | 10000000  | 117648   | 16      | 32    | 1    | worker   | 12        | 16  | increase  | desc        | asc        | 3048576    | 707.8            | 632.52                 | 6   | 19728,19931,20134,19733,19936,20139 | -10.64   |
| 14  | 80         | 10000000 | 2500000   | 117648   | 1048576 | 2     | 4    | io_uring | 12        | 16  | increase  | desc        | asc        | 512        | 6.76             | 6.04                   | 6   | 30347,30536,30725,30352,30541,30730 | -10.65   |
| 15  | 80         | 10000000 | 2500000   | 117648   | 1048576 | 2     | 4    | worker   | 12        | 16  | decrease  | asc         | desc       | 1          | 0.28             | 0.25                   | 6   | 31985,32174,32363,31990,32179,32368 | -10.71   |
| 9   | 80         | 10000000 | 10000000  | 117648   | 16      | 32    | 1    | worker   | 12        | 16  | increase  | asc         | asc        | 262144     | 38.41            | 34.29                  | 6   | 17264,17467,17670,17269,17472,17675 | -10.73   |
| 12  | 80         | 10000000 | 10000000  | 117648   | 16      | 32    | 1    | worker   | 12        | 16  | decrease  | desc        | asc        | 128        | 0.37             | 0.33                   | 6   | 24495,24698,24901,24500,24703,24906 | -10.81   |
| 13  | 80         | 10000000 | 2500000   | 117648   | 1048576 | 2     | 4    | io_uring | 12        | 16  | increase  | asc         | asc        | 64         | 2.96             | 2.64                   | 6   | 28058,28247,28436,28063,28252,28441 | -10.81   |
| 6   | 60         | 10000000 | 625000    | 156250   | 1048576 | 128   | 16   | io_uring | 12        | 16  | increase  | desc        | desc       | 512        | 7.95             | 7.09                   | 6   | 12476,12651,12826,12481,12656,12831 | -10.82   |
| 15  | 80         | 10000000 | 2500000   | 117648   | 1048576 | 2     | 4    | io_uring | 12        | 16  | decrease  | asc         | desc       | 1024       | 10.72            | 9.56                   | 6   | 33189,33378,33567,33194,33383,33572 | -10.82   |
| 18  | 20         | 10000000 | 2500000   | 476191   | 4194304 | 128   | 4    | worker   | 12        | 16  | increase  | desc        | asc        | 4          | 0.83             | 0.74                   | 6   | 38236,38425,38614,38241,38430,38619 | -10.84   |
| 9   | 80         | 10000000 | 10000000  | 117648   | 16      | 32    | 1    | io_uring | 12        | 16  | increase  | asc         | desc       | 1024       | 1.01             | 0.9                    | 6   | 19035,19238,19441,19040,19243,19446 | -10.89   |
| 12  | 80         | 10000000 | 10000000  | 117648   | 16      | 32    | 1    | worker   | 12        | 16  | decrease  | desc        | asc        | 512        | 0.64             | 0.57                   | 6   | 24509,24712,24915,24514,24717,24920 | -10.94   |
| 13  | 80         | 10000000 | 2500000   | 117648   | 1048576 | 2     | 4    | io_uring | 12        | 16  | increase  | asc         | asc        | 2048       | 15.4             | 13.71                  | 6   | 28093,28282,28471,28098,28287,28476 | -10.97   |
| 14  | 80         | 10000000 | 2500000   | 117648   | 1048576 | 2     | 4    | worker   | 12        | 16  | increase  | desc        | desc       | 762144     | 844.28           | 750.78                 | 6   | 29857,30046,30235,29862,30051,30240 | -11.07   |
| 14  | 80         | 10000000 | 2500000   | 117648   | 1048576 | 2     | 4    | worker   | 12        | 16  | increase  | desc        | desc       | 512144     | 589.67           | 524.28                 | 6   | 29850,30039,30228,29855,30044,30233 | -11.09   |
| 12  | 80         | 10000000 | 10000000  | 117648   | 16      | 32    | 1    | io_uring | 12        | 16  | decrease  | desc        | asc        | 2          | 0.27             | 0.24                   | 6   | 25671,25874,26077,25676,25879,26082 | -11.11   |
| 12  | 80         | 10000000 | 10000000  | 117648   | 16      | 32    | 1    | worker   | 12        | 16  | decrease  | desc        | asc        | 4          | 0.27             | 0.24                   | 6   | 24460,24663,24866,24465,24668,24871 | -11.11   |
| 1   | 80         | 10000000 | 1250000   | 117648   | 4       | 2048  | 8    | io_uring | 12        | 16  | increase  | asc         | desc       | 128        | 2.69             | 2.39                   | 6   | 1689,1871,2053,1694,1876,2058       | -11.15   |
| 10  | 80         | 10000000 | 10000000  | 117648   | 16      | 32    | 1    | io_uring | 12        | 16  | increase  | desc        | desc       | 512        | 0.88             | 0.78                   | 6   | 21464,21667,21870,21469,21672,21875 | -11.36   |
| 11  | 80         | 10000000 | 10000000  | 117648   | 16      | 32    | 1    | worker   | 12        | 16  | decrease  | asc         | desc       | 64         | 0.35             | 0.31                   | 6   | 22661,22864,23067,22666,22869,23072 | -11.43   |
| 13  | 80         | 10000000 | 2500000   | 117648   | 1048576 | 2     | 4    | worker   | 12        | 16  | increase  | asc         | asc        | 64         | 2.62             | 2.32                   | 6   | 26924,27113,27302,26929,27118,27307 | -11.45   |
| 5   | 60         | 10000000 | 625000    | 156250   | 1048576 | 128   | 16   | worker   | 12        | 16  | increase  | asc         | desc       | 2          | 0.61             | 0.54                   | 6   | 9270,9445,9620,9275,9450,9625       | -11.48   |
| 6   | 60         | 10000000 | 625000    | 156250   | 1048576 | 128   | 16   | io_uring | 12        | 16  | increase  | desc        | asc        | 256        | 9.91             | 8.77                   | 6   | 11944,12119,12294,11949,12124,12299 | -11.5    |
| 17  | 20         | 10000000 | 2500000   | 476191   | 4194304 | 128   | 4    | io_uring | 12        | 16  | increase  | asc         | desc       | 16         | 3.38             | 2.99                   | 6   | 37683,37872,38061,37688,37877,38066 | -11.54   |
| 16  | 80         | 10000000 | 2500000   | 117648   | 1048576 | 2     | 4    | worker   | 12        | 16  | decrease  | desc        | asc        | 1          | 0.26             | 0.23                   | 6   | 33686,33875,34064,33691,33880,34069 | -11.54   |
| 14  | 80         | 10000000 | 2500000   | 117648   | 1048576 | 2     | 4    | worker   | 12        | 16  | increase  | desc        | desc       | 512        | 6.31             | 5.58                   | 6   | 29780,29969,30158,29785,29974,30163 | -11.57   |
| 11  | 80         | 10000000 | 10000000  | 117648   | 16      | 32    | 1    | io_uring | 12        | 16  | decrease  | asc         | asc        | 128        | 0.43             | 0.38                   | 6   | 23277,23480,23683,23282,23485,23688 | -11.63   |
| 4   | 80         | 10000000 | 1250000   | 117648   | 4       | 2048  | 8    | worker   | 12        | 16  | decrease  | desc        | asc        | 4          | 1.03             | 0.91                   | 6   | 6568,6750,6932,6573,6755,6937       | -11.65   |
| 10  | 80         | 10000000 | 10000000  | 117648   | 16      | 32    | 1    | io_uring | 12        | 16  | increase  | desc        | desc       | 16384      | 10.02            | 8.85                   | 6   | 21499,21702,21905,21504,21707,21910 | -11.68   |
| 1   | 80         | 10000000 | 1250000   | 117648   | 4       | 2048  | 8    | io_uring | 12        | 16  | increase  | asc         | desc       | 256        | 3.16             | 2.79                   | 6   | 1696,1878,2060,1701,1883,2065       | -11.71   |
| 6   | 60         | 10000000 | 625000    | 156250   | 1048576 | 128   | 16   | io_uring | 12        | 16  | increase  | desc        | asc        | 64         | 3.66             | 3.23                   | 6   | 11930,12105,12280,11935,12110,12285 | -11.75   |
| 11  | 80         | 10000000 | 10000000  | 117648   | 16      | 32    | 1    | io_uring | 12        | 16  | decrease  | asc         | asc        | 8          | 0.34             | 0.3                    | 6   | 23249,23452,23655,23254,23457,23660 | -11.76   |
| 7   | 60         | 10000000 | 625000    | 156250   | 1048576 | 128   | 16   | worker   | 12        | 16  | decrease  | asc         | asc        | 512        | 6.74             | 5.94                   | 6   | 13001,13176,13351,13006,13181,13356 | -11.87   |
| 12  | 80         | 10000000 | 10000000  | 117648   | 16      | 32    | 1    | worker   | 12        | 16  | decrease  | desc        | desc       | 5048576    | 606.91           | 534.51                 | 6   | 25223,25426,25629,25228,25431,25634 | -11.93   |
| 12  | 80         | 10000000 | 10000000  | 117648   | 16      | 32    | 1    | worker   | 12        | 16  | decrease  | desc        | desc       | 8          | 0.25             | 0.22                   | 6   | 25076,25279,25482,25081,25284,25487 | -12.0    |
| 5   | 60         | 10000000 | 625000    | 156250   | 1048576 | 128   | 16   | io_uring | 12        | 16  | increase  | asc         | asc        | 128        | 3.9              | 3.43                   | 6   | 9837,10012,10187,9842,10017,10192   | -12.05   |
| 9   | 80         | 10000000 | 10000000  | 117648   | 16      | 32    | 1    | io_uring | 12        | 16  | increase  | asc         | asc        | 1          | 0.33             | 0.29                   | 6   | 18356,18559,18762,18361,18564,18767 | -12.12   |
| 12  | 80         | 10000000 | 10000000  | 117648   | 16      | 32    | 1    | worker   | 12        | 16  | decrease  | desc        | desc       | 128        | 0.41             | 0.36                   | 6   | 25104,25307,25510,25109,25312,25515 | -12.2    |
| 16  | 80         | 10000000 | 2500000   | 117648   | 1048576 | 2     | 4    | worker   | 12        | 16  | decrease  | desc        | desc       | 4          | 0.49             | 0.43                   | 6   | 34267,34456,34645,34272,34461,34650 | -12.24   |
| 8   | 60         | 10000000 | 625000    | 156250   | 1048576 | 128   | 16   | io_uring | 12        | 16  | decrease  | desc        | asc        | 8          | 1.38             | 1.21                   | 6   | 16109,16284,16459,16114,16289,16464 | -12.32   |
| 14  | 80         | 10000000 | 2500000   | 117648   | 1048576 | 2     | 4    | worker   | 12        | 16  | increase  | desc        | desc       | 2048       | 16.29            | 14.28                  | 6   | 29794,29983,30172,29799,29988,30177 | -12.34   |
| 4   | 80         | 10000000 | 1250000   | 117648   | 4       | 2048  | 8    | io_uring | 12        | 16  | decrease  | desc        | asc        | 128        | 2.34             | 2.05                   | 6   | 7695,7877,8059,7700,7882,8064       | -12.39   |
| 9   | 80         | 10000000 | 10000000  | 117648   | 16      | 32    | 1    | worker   | 12        | 16  | increase  | asc         | asc        | 8048576    | 895.5            | 784.46                 | 6   | 17327,17530,17733,17332,17535,17738 | -12.4    |
| 10  | 80         | 10000000 | 10000000  | 117648   | 16      | 32    | 1    | worker   | 12        | 16  | increase  | desc        | asc        | 32         | 0.32             | 0.28                   | 6   | 19609,19812,20015,19614,19817,20020 | -12.5    |
| 10  | 80         | 10000000 | 10000000  | 117648   | 16      | 32    | 1    | io_uring | 12        | 16  | increase  | desc        | desc       | 2          | 0.24             | 0.21                   | 6   | 21408,21611,21814,21413,21616,21819 | -12.5    |
| 9   | 80         | 10000000 | 10000000  | 117648   | 16      | 32    | 1    | io_uring | 12        | 16  | increase  | asc         | desc       | 262144     | 211.69           | 185.19                 | 6   | 19091,19294,19497,19096,19299,19502 | -12.52   |
| 1   | 80         | 10000000 | 1250000   | 117648   | 4       | 2048  | 8    | worker   | 12        | 16  | increase  | asc         | asc        | 64         | 1.43             | 1.25                   | 6   | 44,226,408,49,231,413               | -12.59   |
| 8   | 60         | 10000000 | 625000    | 156250   | 1048576 | 128   | 16   | worker   | 12        | 16  | decrease  | desc        | asc        | 128        | 3.96             | 3.46                   | 6   | 15087,15262,15437,15092,15267,15442 | -12.63   |
| 10  | 80         | 10000000 | 10000000  | 117648   | 16      | 32    | 1    | worker   | 12        | 16  | increase  | desc        | desc       | 8192       | 6.69             | 5.84                   | 6   | 20274,20477,20680,20279,20482,20685 | -12.71   |
| 9   | 80         | 10000000 | 10000000  | 117648   | 16      | 32    | 1    | worker   | 12        | 16  | increase  | asc         | asc        | 3048576    | 370.15           | 323.09                 | 6   | 17292,17495,17698,17297,17500,17703 | -12.71   |
| 12  | 80         | 10000000 | 10000000  | 117648   | 16      | 32    | 1    | worker   | 12        | 16  | decrease  | desc        | desc       | 65536      | 10.35            | 9.02                   | 6   | 25167,25370,25573,25172,25375,25578 | -12.85   |
| 14  | 80         | 10000000 | 2500000   | 117648   | 1048576 | 2     | 4    | io_uring | 12        | 16  | increase  | desc        | desc       | 1          | 0.31             | 0.27                   | 6   | 30851,31040,31229,30856,31045,31234 | -12.9    |
| 11  | 80         | 10000000 | 10000000  | 117648   | 16      | 32    | 1    | io_uring | 12        | 16  | decrease  | asc         | asc        | 2048       | 1.62             | 1.41                   | 6   | 23305,23508,23711,23310,23513,23716 | -12.96   |
| 12  | 80         | 10000000 | 10000000  | 117648   | 16      | 32    | 1    | worker   | 12        | 16  | decrease  | desc        | desc       | 131072     | 19.99            | 17.39                  | 6   | 25174,25377,25580,25179,25382,25585 | -13.01   |
| 10  | 80         | 10000000 | 10000000  | 117648   | 16      | 32    | 1    | io_uring | 12        | 16  | increase  | desc        | desc       | 524288     | 335.76           | 291.97                 | 6   | 21534,21737,21940,21539,21742,21945 | -13.04   |
| 9   | 80         | 10000000 | 10000000  | 117648   | 16      | 32    | 1    | worker   | 12        | 16  | increase  | asc         | desc       | 65536      | 58.6             | 50.95                  | 6   | 17859,18062,18265,17864,18067,18270 | -13.05   |
| 4   | 80         | 10000000 | 1250000   | 117648   | 4       | 2048  | 8    | io_uring | 12        | 16  | decrease  | desc        | desc       | 4          | 1.07             | 0.93                   | 6   | 8206,8388,8570,8211,8393,8575       | -13.08   |
| 11  | 80         | 10000000 | 10000000  | 117648   | 16      | 32    | 1    | io_uring | 12        | 16  | decrease  | asc         | asc        | 65536      | 43.44            | 37.75                  | 6   | 23340,23543,23746,23345,23548,23751 | -13.1    |
| 7   | 60         | 10000000 | 625000    | 156250   | 1048576 | 128   | 16   | worker   | 12        | 16  | decrease  | asc         | asc        | 64         | 3.65             | 3.17                   | 6   | 12980,13155,13330,12985,13160,13335 | -13.15   |
| 13  | 80         | 10000000 | 2500000   | 117648   | 1048576 | 2     | 4    | worker   | 12        | 16  | increase  | asc         | asc        | 4096       | 21.34            | 18.53                  | 6   | 26966,27155,27344,26971,27160,27349 | -13.17   |
| 1   | 80         | 10000000 | 1250000   | 117648   | 4       | 2048  | 8    | worker   | 12        | 16  | increase  | asc         | desc       | 2048       | 16.28            | 14.13                  | 6   | 625,807,989,630,812,994             | -13.21   |
| 12  | 80         | 10000000 | 10000000  | 117648   | 16      | 32    | 1    | worker   | 12        | 16  | decrease  | desc        | desc       | 262144     | 37.45            | 32.49                  | 6   | 25181,25384,25587,25186,25389,25592 | -13.24   |
| 3   | 80         | 10000000 | 1250000   | 117648   | 4       | 2048  | 8    | worker   | 12        | 16  | decrease  | asc         | desc       | 4096       | 14.74            | 12.78                  | 6   | 5000,5182,5364,5005,5187,5369       | -13.3    |
| 9   | 80         | 10000000 | 10000000  | 117648   | 16      | 32    | 1    | worker   | 12        | 16  | increase  | asc         | asc        | 4096       | 1.42             | 1.23                   | 6   | 17222,17425,17628,17227,17430,17633 | -13.38   |
| 1   | 80         | 10000000 | 1250000   | 117648   | 4       | 2048  | 8    | worker   | 12        | 16  | increase  | asc         | desc       | 256        | 3.72             | 3.22                   | 6   | 604,786,968,609,791,973             | -13.44   |
| 2   | 80         | 10000000 | 1250000   | 117648   | 4       | 2048  | 8    | worker   | 12        | 16  | increase  | desc        | asc        | 32         | 1.41             | 1.22                   | 6   | 2221,2403,2585,2226,2408,2590       | -13.48   |
| 15  | 80         | 10000000 | 2500000   | 117648   | 1048576 | 2     | 4    | worker   | 12        | 16  | decrease  | asc         | asc        | 1024       | 7.48             | 6.47                   | 6   | 31488,31677,31866,31493,31682,31871 | -13.5    |
| 10  | 80         | 10000000 | 10000000  | 117648   | 16      | 32    | 1    | io_uring | 12        | 16  | increase  | desc        | desc       | 65536      | 42.39            | 36.61                  | 6   | 21513,21716,21919,21518,21721,21924 | -13.64   |
| 14  | 80         | 10000000 | 2500000   | 117648   | 1048576 | 2     | 4    | worker   | 12        | 16  | increase  | desc        | asc        | 1          | 0.29             | 0.25                   | 6   | 29150,29339,29528,29155,29344,29533 | -13.79   |
| 17  | 20         | 10000000 | 2500000   | 476191   | 4194304 | 128   | 4    | worker   | 12        | 16  | increase  | asc         | desc       | 2          | 0.65             | 0.56                   | 6   | 36528,36717,36906,36533,36722,36911 | -13.85   |
| 1   | 80         | 10000000 | 1250000   | 117648   | 4       | 2048  | 8    | worker   | 12        | 16  | increase  | asc         | asc        | 2          | 0.72             | 0.62                   | 6   | 9,191,373,14,196,378                | -13.89   |
| 12  | 80         | 10000000 | 10000000  | 117648   | 16      | 32    | 1    | worker   | 12        | 16  | decrease  | desc        | desc       | 7048576    | 782.56           | 672.75                 | 6   | 25237,25440,25643,25242,25445,25648 | -14.03   |
| 1   | 80         | 10000000 | 1250000   | 117648   | 4       | 2048  | 8    | worker   | 12        | 16  | increase  | asc         | asc        | 2048       | 6.19             | 5.32                   | 6   | 79,261,443,84,266,448               | -14.05   |
| 2   | 80         | 10000000 | 1250000   | 117648   | 4       | 2048  | 8    | io_uring | 12        | 16  | increase  | desc        | desc       | 8192       | 40.13            | 34.48                  | 6   | 3915,4097,4279,3920,4102,4284       | -14.08   |
| 10  | 80         | 10000000 | 10000000  | 117648   | 16      | 32    | 1    | io_uring | 12        | 16  | increase  | desc        | desc       | 262144     | 169.7            | 145.73                 | 6   | 21527,21730,21933,21532,21735,21938 | -14.12   |
| 15  | 80         | 10000000 | 2500000   | 117648   | 1048576 | 2     | 4    | worker   | 12        | 16  | decrease  | asc         | desc       | 16         | 0.92             | 0.79                   | 6   | 32013,32202,32391,32018,32207,32396 | -14.13   |
| 9   | 80         | 10000000 | 10000000  | 117648   | 16      | 32    | 1    | io_uring | 12        | 16  | increase  | asc         | desc       | 8192       | 6.91             | 5.93                   | 6   | 19056,19259,19462,19061,19264,19467 | -14.18   |
| 18  | 20         | 10000000 | 2500000   | 476191   | 4194304 | 128   | 4    | worker   | 12        | 16  | increase  | desc        | desc       | 1024       | 25.12            | 21.55                  | 4   | 38859,39048,38864,39053             | -14.21   |
| 3   | 80         | 10000000 | 1250000   | 117648   | 4       | 2048  | 8    | worker   | 12        | 16  | decrease  | asc         | desc       | 2048       | 8.23             | 7.06                   | 6   | 4993,5175,5357,4998,5180,5362       | -14.22   |
| 12  | 80         | 10000000 | 10000000  | 117648   | 16      | 32    | 1    | io_uring | 12        | 16  | decrease  | desc        | asc        | 512        | 0.7              | 0.6                    | 6   | 25727,25930,26133,25732,25935,26138 | -14.29   |
| 10  | 80         | 10000000 | 10000000  | 117648   | 16      | 32    | 1    | worker   | 12        | 16  | increase  | desc        | desc       | 128        | 0.42             | 0.36                   | 6   | 20232,20435,20638,20237,20440,20643 | -14.29   |
| 12  | 80         | 10000000 | 10000000  | 117648   | 16      | 32    | 1    | worker   | 12        | 16  | decrease  | desc        | desc       | 256        | 0.49             | 0.42                   | 6   | 25111,25314,25517,25116,25319,25522 | -14.29   |
| 8   | 60         | 10000000 | 625000    | 156250   | 1048576 | 128   | 16   | io_uring | 12        | 16  | decrease  | desc        | desc       | 256        | 4.41             | 3.78                   | 6   | 16669,16844,17019,16674,16849,17024 | -14.29   |
| 18  | 20         | 10000000 | 2500000   | 476191   | 4194304 | 128   | 4    | worker   | 12        | 16  | increase  | desc        | asc        | 64         | 9.5              | 8.14                   | 6   | 38264,38453,38642,38269,38458,38647 | -14.32   |
| 9   | 80         | 10000000 | 10000000  | 117648   | 16      | 32    | 1    | worker   | 12        | 16  | increase  | asc         | asc        | 8192       | 2.3              | 1.97                   | 6   | 17229,17432,17635,17234,17437,17640 | -14.35   |
| 1   | 80         | 10000000 | 1250000   | 117648   | 4       | 2048  | 8    | io_uring | 12        | 16  | increase  | asc         | desc       | 16         | 1.6              | 1.37                   | 6   | 1668,1850,2032,1673,1855,2037       | -14.37   |
| 2   | 80         | 10000000 | 1250000   | 117648   | 4       | 2048  | 8    | io_uring | 12        | 16  | increase  | desc        | asc        | 4          | 1.29             | 1.1                    | 6   | 3292,3474,3656,3297,3479,3661       | -14.73   |
| 11  | 80         | 10000000 | 10000000  | 117648   | 16      | 32    | 1    | io_uring | 12        | 16  | decrease  | asc         | asc        | 256        | 0.54             | 0.46                   | 6   | 23284,23487,23690,23289,23492,23695 | -14.81   |
| 11  | 80         | 10000000 | 10000000  | 117648   | 16      | 32    | 1    | worker   | 12        | 16  | decrease  | asc         | asc        | 2          | 0.27             | 0.23                   | 6   | 22017,22220,22423,22022,22225,22428 | -14.81   |
| 10  | 80         | 10000000 | 10000000  | 117648   | 16      | 32    | 1    | worker   | 12        | 16  | increase  | desc        | asc        | 65536      | 19.37            | 16.48                  | 6   | 19686,19889,20092,19691,19894,20097 | -14.92   |
| 11  | 80         | 10000000 | 10000000  | 117648   | 16      | 32    | 1    | worker   | 12        | 16  | decrease  | asc         | asc        | 512        | 0.67             | 0.57                   | 6   | 22073,22276,22479,22078,22281,22484 | -14.93   |
| 11  | 80         | 10000000 | 10000000  | 117648   | 16      | 32    | 1    | worker   | 12        | 16  | decrease  | asc         | desc       | 16384      | 5.0              | 4.25                   | 6   | 22717,22920,23123,22722,22925,23128 | -15.0    |
| 12  | 80         | 10000000 | 10000000  | 117648   | 16      | 32    | 1    | worker   | 12        | 16  | decrease  | desc        | asc        | 32768      | 24.99            | 21.24                  | 6   | 24551,24754,24957,24556,24759,24962 | -15.01   |
| 18  | 20         | 10000000 | 2500000   | 476191   | 4194304 | 128   | 4    | worker   | 12        | 16  | increase  | desc        | desc       | 256        | 13.07            | 11.09                  | 4   | 38845,39034,38850,39039             | -15.15   |
| 9   | 80         | 10000000 | 10000000  | 117648   | 16      | 32    | 1    | io_uring | 12        | 16  | increase  | asc         | asc        | 4          | 0.33             | 0.28                   | 6   | 18370,18573,18776,18375,18578,18781 | -15.15   |
| 12  | 80         | 10000000 | 10000000  | 117648   | 16      | 32    | 1    | io_uring | 12        | 16  | decrease  | desc        | asc        | 128        | 0.39             | 0.33                   | 6   | 25713,25916,26119,25718,25921,26124 | -15.38   |
| 11  | 80         | 10000000 | 10000000  | 117648   | 16      | 32    | 1    | worker   | 12        | 16  | decrease  | asc         | desc       | 16         | 0.26             | 0.22                   | 6   | 22647,22850,23053,22652,22855,23058 | -15.38   |
| 1   | 80         | 10000000 | 1250000   | 117648   | 4       | 2048  | 8    | worker   | 12        | 16  | increase  | asc         | asc        | 1          | 0.58             | 0.49                   | 6   | 2,184,366,7,189,371                 | -15.52   |
| 13  | 80         | 10000000 | 2500000   | 117648   | 1048576 | 2     | 4    | io_uring | 12        | 16  | increase  | asc         | desc       | 256        | 5.51             | 4.65                   | 6   | 28639,28828,29017,28644,28833,29022 | -15.61   |
| 1   | 80         | 10000000 | 1250000   | 117648   | 4       | 2048  | 8    | worker   | 12        | 16  | increase  | asc         | desc       | 64         | 2.05             | 1.73                   | 6   | 590,772,954,595,777,959             | -15.61   |
| 3   | 80         | 10000000 | 1250000   | 117648   | 4       | 2048  | 8    | worker   | 12        | 16  | decrease  | asc         | asc        | 32         | 1.34             | 1.13                   | 6   | 4405,4587,4769,4410,4592,4774       | -15.67   |
| 18  | 20         | 10000000 | 2500000   | 476191   | 4194304 | 128   | 4    | worker   | 12        | 16  | increase  | desc        | asc        | 16         | 2.48             | 2.09                   | 6   | 38250,38439,38628,38255,38444,38633 | -15.73   |
| 3   | 80         | 10000000 | 1250000   | 117648   | 4       | 2048  | 8    | worker   | 12        | 16  | decrease  | asc         | asc        | 1          | 0.57             | 0.48                   | 6   | 4370,4552,4734,4375,4557,4739       | -15.79   |
| 14  | 80         | 10000000 | 2500000   | 117648   | 1048576 | 2     | 4    | worker   | 12        | 16  | increase  | desc        | asc        | 32         | 1.68             | 1.41                   | 6   | 29185,29374,29563,29190,29379,29568 | -16.07   |
| 8   | 60         | 10000000 | 625000    | 156250   | 1048576 | 128   | 16   | io_uring | 12        | 16  | decrease  | desc        | desc       | 16         | 2.05             | 1.72                   | 6   | 16641,16816,16991,16646,16821,16996 | -16.1    |
| 9   | 80         | 10000000 | 10000000  | 117648   | 16      | 32    | 1    | worker   | 12        | 16  | increase  | asc         | asc        | 131072     | 19.48            | 16.34                  | 6   | 17257,17460,17663,17262,17465,17668 | -16.12   |
| 12  | 80         | 10000000 | 10000000  | 117648   | 16      | 32    | 1    | worker   | 12        | 16  | decrease  | desc        | desc       | 8048576    | 939.22           | 787.27                 | 6   | 25244,25447,25650,25249,25452,25655 | -16.18   |
| 17  | 20         | 10000000 | 2500000   | 476191   | 4194304 | 128   | 4    | io_uring | 12        | 16  | increase  | asc         | desc       | 8          | 1.91             | 1.6                    | 6   | 37676,37865,38054,37681,37870,38059 | -16.23   |
| 9   | 80         | 10000000 | 10000000  | 117648   | 16      | 32    | 1    | io_uring | 12        | 16  | increase  | asc         | asc        | 256        | 0.49             | 0.41                   | 6   | 18412,18615,18818,18417,18620,18823 | -16.33   |
| 7   | 60         | 10000000 | 625000    | 156250   | 1048576 | 128   | 16   | io_uring | 12        | 16  | decrease  | asc         | desc       | 64         | 3.3              | 2.76                   | 6   | 14555,14730,14905,14560,14735,14910 | -16.36   |
| 18  | 20         | 10000000 | 2500000   | 476191   | 4194304 | 128   | 4    | worker   | 12        | 16  | increase  | desc        | desc       | 4          | 0.97             | 0.81                   | 4   | 38803,38992,38808,38997             | -16.49   |
| 9   | 80         | 10000000 | 10000000  | 117648   | 16      | 32    | 1    | io_uring | 12        | 16  | increase  | asc         | asc        | 8          | 0.3              | 0.25                   | 6   | 18377,18580,18783,18382,18585,18788 | -16.67   |
| 9   | 80         | 10000000 | 10000000  | 117648   | 16      | 32    | 1    | io_uring | 12        | 16  | increase  | asc         | desc       | 256        | 0.6              | 0.5                    | 6   | 19021,19224,19427,19026,19229,19432 | -16.67   |
| 17  | 20         | 10000000 | 2500000   | 476191   | 4194304 | 128   | 4    | worker   | 12        | 16  | increase  | asc         | asc        | 32         | 5.01             | 4.17                   | 6   | 35989,36178,36367,35994,36183,36372 | -16.77   |
| 11  | 80         | 10000000 | 10000000  | 117648   | 16      | 32    | 1    | worker   | 12        | 16  | decrease  | asc         | asc        | 262144     | 169.03           | 140.63                 | 6   | 22136,22339,22542,22141,22344,22547 | -16.8    |
| 9   | 80         | 10000000 | 10000000  | 117648   | 16      | 32    | 1    | worker   | 12        | 16  | increase  | asc         | asc        | 6048576    | 703.48           | 584.55                 | 6   | 17313,17516,17719,17318,17521,17724 | -16.91   |
| 12  | 80         | 10000000 | 10000000  | 117648   | 16      | 32    | 1    | worker   | 12        | 16  | decrease  | desc        | desc       | 64         | 0.41             | 0.34                   | 6   | 25097,25300,25503,25102,25305,25508 | -17.07   |
| 2   | 80         | 10000000 | 1250000   | 117648   | 4       | 2048  | 8    | io_uring | 12        | 16  | increase  | desc        | desc       | 4096       | 25.13            | 20.83                  | 6   | 3908,4090,4272,3913,4095,4277       | -17.11   |
| 16  | 80         | 10000000 | 2500000   | 117648   | 1048576 | 2     | 4    | io_uring | 12        | 16  | decrease  | desc        | asc        | 128        | 3.65             | 3.02                   | 6   | 34869,35058,35247,34874,35063,35252 | -17.26   |
| 9   | 80         | 10000000 | 10000000  | 117648   | 16      | 32    | 1    | worker   | 12        | 16  | increase  | asc         | asc        | 65536      | 9.61             | 7.93                   | 6   | 17250,17453,17656,17255,17458,17661 | -17.48   |
| 9   | 80         | 10000000 | 10000000  | 117648   | 16      | 32    | 1    | worker   | 12        | 16  | increase  | asc         | asc        | 7048576    | 803.06           | 662.37                 | 6   | 17320,17523,17726,17325,17528,17731 | -17.52   |
| 14  | 80         | 10000000 | 2500000   | 117648   | 1048576 | 2     | 4    | worker   | 12        | 16  | increase  | desc        | asc        | 512        | 5.22             | 4.3                    | 6   | 29213,29402,29591,29218,29407,29596 | -17.62   |
| 16  | 80         | 10000000 | 2500000   | 117648   | 1048576 | 2     | 4    | worker   | 12        | 16  | decrease  | desc        | desc       | 64         | 3.05             | 2.51                   | 6   | 34295,34484,34673,34300,34489,34678 | -17.7    |
| 6   | 60         | 10000000 | 625000    | 156250   | 1048576 | 128   | 16   | worker   | 12        | 16  | increase  | desc        | desc       | 128        | 3.78             | 3.11                   | 6   | 11412,11587,11762,11417,11592,11767 | -17.72   |
| 18  | 20         | 10000000 | 2500000   | 476191   | 4194304 | 128   | 4    | worker   | 12        | 16  | increase  | desc        | asc        | 1          | 0.39             | 0.32                   | 6   | 38222,38411,38600,38227,38416,38605 | -17.95   |
| 7   | 60         | 10000000 | 625000    | 156250   | 1048576 | 128   | 16   | io_uring | 12        | 16  | decrease  | asc         | asc        | 16         | 2.58             | 2.11                   | 6   | 14016,14191,14366,14021,14196,14371 | -18.22   |
| 8   | 60         | 10000000 | 625000    | 156250   | 1048576 | 128   | 16   | worker   | 12        | 16  | decrease  | desc        | asc        | 16         | 1.81             | 1.48                   | 6   | 15066,15241,15416,15071,15246,15421 | -18.23   |
| 7   | 60         | 10000000 | 625000    | 156250   | 1048576 | 128   | 16   | io_uring | 12        | 16  | decrease  | asc         | desc       | 32         | 2.13             | 1.74                   | 6   | 14548,14723,14898,14553,14728,14903 | -18.31   |
| 9   | 80         | 10000000 | 10000000  | 117648   | 16      | 32    | 1    | worker   | 12        | 16  | increase  | asc         | desc       | 64         | 0.38             | 0.31                   | 6   | 17789,17992,18195,17794,17997,18200 | -18.42   |
| 3   | 80         | 10000000 | 1250000   | 117648   | 4       | 2048  | 8    | io_uring | 12        | 16  | decrease  | asc         | desc       | 4          | 1.19             | 0.97                   | 6   | 6022,6204,6386,6027,6209,6391       | -18.49   |
| 13  | 80         | 10000000 | 2500000   | 117648   | 1048576 | 2     | 4    | io_uring | 12        | 16  | increase  | asc         | desc       | 128        | 4.1              | 3.34                   | 6   | 28632,28821,29010,28637,28826,29015 | -18.54   |
| 8   | 60         | 10000000 | 625000    | 156250   | 1048576 | 128   | 16   | io_uring | 12        | 16  | decrease  | desc        | desc       | 128        | 4.8              | 3.91                   | 6   | 16662,16837,17012,16667,16842,17017 | -18.54   |
| 2   | 80         | 10000000 | 1250000   | 117648   | 4       | 2048  | 8    | worker   | 12        | 16  | increase  | desc        | desc       | 1024       | 9.53             | 7.76                   | 6   | 2802,2984,3166,2807,2989,3171       | -18.57   |
| 12  | 80         | 10000000 | 10000000  | 117648   | 16      | 32    | 1    | worker   | 12        | 16  | decrease  | desc        | desc       | 16384      | 3.39             | 2.76                   | 6   | 25153,25356,25559,25158,25361,25564 | -18.58   |
| 10  | 80         | 10000000 | 10000000  | 117648   | 16      | 32    | 1    | worker   | 12        | 16  | increase  | desc        | asc        | 64         | 0.32             | 0.26                   | 6   | 19616,19819,20022,19621,19824,20027 | -18.75   |
| 11  | 80         | 10000000 | 10000000  | 117648   | 16      | 32    | 1    | io_uring | 12        | 16  | decrease  | asc         | asc        | 16384      | 9.75             | 7.92                   | 6   | 23326,23529,23732,23331,23534,23737 | -18.77   |
| 2   | 80         | 10000000 | 1250000   | 117648   | 4       | 2048  | 8    | worker   | 12        | 16  | increase  | desc        | desc       | 64         | 1.81             | 1.47                   | 6   | 2774,2956,3138,2779,2961,3143       | -18.78   |
| 9   | 80         | 10000000 | 10000000  | 117648   | 16      | 32    | 1    | worker   | 12        | 16  | increase  | asc         | asc        | 4048576    | 471.95           | 383.09                 | 6   | 17299,17502,17705,17304,17507,17710 | -18.83   |
| 12  | 80         | 10000000 | 10000000  | 117648   | 16      | 32    | 1    | worker   | 12        | 16  | decrease  | desc        | desc       | 9048576    | 1064.15          | 862.5                  | 6   | 25251,25454,25657,25256,25459,25662 | -18.95   |
| 12  | 80         | 10000000 | 10000000  | 117648   | 16      | 32    | 1    | worker   | 12        | 16  | decrease  | desc        | desc       | 3048576    | 399.87           | 323.49                 | 6   | 25209,25412,25615,25214,25417,25620 | -19.1    |
| 10  | 80         | 10000000 | 10000000  | 117648   | 16      | 32    | 1    | io_uring | 12        | 16  | increase  | desc        | desc       | 128        | 0.52             | 0.42                   | 6   | 21450,21653,21856,21455,21658,21861 | -19.23   |
| 18  | 20         | 10000000 | 2500000   | 476191   | 4194304 | 128   | 4    | worker   | 12        | 16  | increase  | desc        | desc       | 1          | 0.52             | 0.42                   | 4   | 38789,38978,38794,38983             | -19.23   |
| 10  | 80         | 10000000 | 10000000  | 117648   | 16      | 32    | 1    | io_uring | 12        | 16  | increase  | desc        | desc       | 2048       | 2.12             | 1.71                   | 6   | 21478,21681,21884,21483,21686,21889 | -19.34   |
| 12  | 80         | 10000000 | 10000000  | 117648   | 16      | 32    | 1    | worker   | 12        | 16  | decrease  | desc        | desc       | 524288     | 67.07            | 54.07                  | 6   | 25188,25391,25594,25193,25396,25599 | -19.38   |
| 11  | 80         | 10000000 | 10000000  | 117648   | 16      | 32    | 1    | io_uring | 12        | 16  | decrease  | asc         | desc       | 32         | 0.36             | 0.29                   | 6   | 23872,24075,24278,23877,24080,24283 | -19.44   |
| 4   | 80         | 10000000 | 1250000   | 117648   | 4       | 2048  | 8    | io_uring | 12        | 16  | decrease  | desc        | asc        | 4096       | 25.16            | 20.16                  | 6   | 7730,7912,8094,7735,7917,8099       | -19.87   |
| 4   | 80         | 10000000 | 1250000   | 117648   | 4       | 2048  | 8    | worker   | 12        | 16  | decrease  | desc        | desc       | 64         | 1.59             | 1.27                   | 6   | 7142,7324,7506,7147,7329,7511       | -20.13   |
| 9   | 80         | 10000000 | 10000000  | 117648   | 16      | 32    | 1    | worker   | 12        | 16  | increase  | asc         | desc       | 1024       | 1.07             | 0.85                   | 6   | 17817,18020,18223,17822,18025,18228 | -20.56   |
| 2   | 80         | 10000000 | 1250000   | 117648   | 4       | 2048  | 8    | worker   | 12        | 16  | increase  | desc        | desc       | 8192       | 47.36            | 37.59                  | 6   | 2823,3005,3187,2828,3010,3192       | -20.63   |
| 7   | 60         | 10000000 | 625000    | 156250   | 1048576 | 128   | 16   | io_uring | 12        | 16  | decrease  | asc         | desc       | 2          | 0.63             | 0.5                    | 6   | 14520,14695,14870,14525,14700,14875 | -20.63   |
| 12  | 80         | 10000000 | 10000000  | 117648   | 16      | 32    | 1    | io_uring | 12        | 16  | decrease  | desc        | asc        | 16384      | 11.88            | 9.42                   | 6   | 25762,25965,26168,25767,25970,26173 | -20.71   |
| 15  | 80         | 10000000 | 2500000   | 117648   | 1048576 | 2     | 4    | worker   | 12        | 16  | decrease  | asc         | desc       | 32         | 1.68             | 1.33                   | 6   | 32020,32209,32398,32025,32214,32403 | -20.83   |
| 10  | 80         | 10000000 | 10000000  | 117648   | 16      | 32    | 1    | io_uring | 12        | 16  | increase  | desc        | desc       | 8192       | 4.85             | 3.83                   | 6   | 21492,21695,21898,21497,21700,21903 | -21.03   |
| 10  | 80         | 10000000 | 10000000  | 117648   | 16      | 32    | 1    | worker   | 12        | 16  | increase  | desc        | asc        | 131072     | 39.83            | 31.45                  | 6   | 19693,19896,20099,19698,19901,20104 | -21.04   |
| 16  | 80         | 10000000 | 2500000   | 117648   | 1048576 | 2     | 4    | io_uring | 12        | 16  | decrease  | desc        | desc       | 32         | 1.99             | 1.57                   | 6   | 35422,35611,35800,35427,35616,35805 | -21.11   |
| 2   | 80         | 10000000 | 1250000   | 117648   | 4       | 2048  | 8    | worker   | 12        | 16  | increase  | desc        | desc       | 4096       | 28.16            | 22.21                  | 6   | 2816,2998,3180,2821,3003,3185       | -21.13   |
| 15  | 80         | 10000000 | 2500000   | 117648   | 1048576 | 2     | 4    | io_uring | 12        | 16  | decrease  | asc         | asc        | 1          | 0.33             | 0.26                   | 6   | 32552,32741,32930,32557,32746,32935 | -21.21   |
| 1   | 80         | 10000000 | 1250000   | 117648   | 4       | 2048  | 8    | io_uring | 12        | 16  | increase  | asc         | asc        | 256        | 2.29             | 1.8                    | 6   | 1150,1332,1514,1155,1337,1519       | -21.4    |
| 9   | 80         | 10000000 | 10000000  | 117648   | 16      | 32    | 1    | worker   | 12        | 16  | increase  | asc         | asc        | 9048576    | 1052.44          | 825.68                 | 6   | 17334,17537,17740,17339,17542,17745 | -21.55   |
| 15  | 80         | 10000000 | 2500000   | 117648   | 1048576 | 2     | 4    | io_uring | 12        | 16  | decrease  | asc         | desc       | 64         | 3.66             | 2.86                   | 6   | 33161,33350,33539,33166,33355,33544 | -21.86   |
| 16  | 80         | 10000000 | 2500000   | 117648   | 1048576 | 2     | 4    | worker   | 12        | 16  | decrease  | desc        | desc       | 256        | 5.62             | 4.39                   | 6   | 34309,34498,34687,34314,34503,34692 | -21.89   |
| 1   | 80         | 10000000 | 1250000   | 117648   | 4       | 2048  | 8    | worker   | 12        | 16  | increase  | asc         | desc       | 1024       | 9.57             | 7.43                   | 6   | 618,800,982,623,805,987             | -22.36   |
| 12  | 80         | 10000000 | 10000000  | 117648   | 16      | 32    | 1    | worker   | 12        | 16  | decrease  | desc        | desc       | 4096       | 1.47             | 1.14                   | 6   | 25139,25342,25545,25144,25347,25550 | -22.45   |
| 13  | 80         | 10000000 | 2500000   | 117648   | 1048576 | 2     | 4    | io_uring | 12        | 16  | increase  | asc         | asc        | 256        | 4.39             | 3.4                    | 6   | 28072,28261,28450,28077,28266,28455 | -22.55   |
| 1   | 80         | 10000000 | 1250000   | 117648   | 4       | 2048  | 8    | io_uring | 12        | 16  | increase  | asc         | desc       | 2048       | 14.84            | 11.47                  | 6   | 1717,1899,2081,1722,1904,2086       | -22.71   |
| 17  | 20         | 10000000 | 2500000   | 476191   | 4194304 | 128   | 4    | io_uring | 12        | 16  | increase  | asc         | desc       | 128        | 11.97            | 9.23                   | 6   | 37704,37893,38082,37709,37898,38087 | -22.89   |
| 10  | 80         | 10000000 | 10000000  | 117648   | 16      | 32    | 1    | worker   | 12        | 16  | increase  | desc        | desc       | 2048       | 2.29             | 1.76                   | 6   | 20260,20463,20666,20265,20468,20671 | -23.14   |
| 9   | 80         | 10000000 | 10000000  | 117648   | 16      | 32    | 1    | io_uring | 12        | 16  | increase  | asc         | desc       | 65536      | 52.54            | 40.34                  | 6   | 19077,19280,19483,19082,19285,19488 | -23.22   |
| 12  | 80         | 10000000 | 10000000  | 117648   | 16      | 32    | 1    | io_uring | 12        | 16  | decrease  | desc        | asc        | 8192       | 6.36             | 4.86                   | 6   | 25755,25958,26161,25760,25963,26166 | -23.58   |
| 3   | 80         | 10000000 | 1250000   | 117648   | 4       | 2048  | 8    | worker   | 12        | 16  | decrease  | asc         | asc        | 1024       | 7.53             | 5.74                   | 6   | 4440,4622,4804,4445,4627,4809       | -23.77   |
| 3   | 80         | 10000000 | 1250000   | 117648   | 4       | 2048  | 8    | io_uring | 12        | 16  | decrease  | asc         | asc        | 512        | 5.25             | 4.0                    | 6   | 5525,5707,5889,5530,5712,5894       | -23.81   |
| 9   | 80         | 10000000 | 10000000  | 117648   | 16      | 32    | 1    | io_uring | 12        | 16  | increase  | asc         | desc       | 32768      | 26.11            | 19.88                  | 6   | 19070,19273,19476,19075,19278,19481 | -23.86   |
| 9   | 80         | 10000000 | 10000000  | 117648   | 16      | 32    | 1    | worker   | 12        | 16  | increase  | asc         | desc       | 16384      | 15.09            | 11.48                  | 6   | 17845,18048,18251,17850,18053,18256 | -23.92   |
| 9   | 80         | 10000000 | 10000000  | 117648   | 16      | 32    | 1    | worker   | 12        | 16  | increase  | asc         | desc       | 5048576    | 4163.38          | 3160.1                 | 6   | 17915,18118,18321,17920,18123,18326 | -24.1    |
| 3   | 80         | 10000000 | 1250000   | 117648   | 4       | 2048  | 8    | worker   | 12        | 16  | decrease  | asc         | asc        | 4096       | 21.83            | 16.55                  | 6   | 4454,4636,4818,4459,4641,4823       | -24.19   |
| 12  | 80         | 10000000 | 10000000  | 117648   | 16      | 32    | 1    | io_uring | 12        | 16  | decrease  | desc        | desc       | 4          | 0.33             | 0.25                   | 6   | 26287,26490,26693,26292,26495,26698 | -24.24   |
| 5   | 60         | 10000000 | 625000    | 156250   | 1048576 | 128   | 16   | io_uring | 12        | 16  | increase  | asc         | asc        | 64         | 3.99             | 3.02                   | 6   | 9830,10005,10180,9835,10010,10185   | -24.31   |
| 3   | 80         | 10000000 | 1250000   | 117648   | 4       | 2048  | 8    | io_uring | 12        | 16  | decrease  | asc         | asc        | 8          | 1.52             | 1.15                   | 6   | 5483,5665,5847,5488,5670,5852       | -24.34   |
| 12  | 80         | 10000000 | 10000000  | 117648   | 16      | 32    | 1    | io_uring | 12        | 16  | decrease  | desc        | asc        | 3048576    | 2221.67          | 1669.79                | 6   | 25818,26021,26224,25823,26026,26229 | -24.84   |
| 12  | 80         | 10000000 | 10000000  | 117648   | 16      | 32    | 1    | io_uring | 12        | 16  | decrease  | desc        | asc        | 5048576    | 3669.0           | 2757.25                | 6   | 25832,26035,26238,25837,26040,26243 | -24.85   |
| 7   | 60         | 10000000 | 625000    | 156250   | 1048576 | 128   | 16   | io_uring | 12        | 16  | decrease  | asc         | asc        | 32         | 2.53             | 1.9                    | 6   | 14023,14198,14373,14028,14203,14378 | -24.9    |
| 12  | 80         | 10000000 | 10000000  | 117648   | 16      | 32    | 1    | io_uring | 12        | 16  | decrease  | desc        | asc        | 65536      | 49.19            | 36.91                  | 6   | 25776,25979,26182,25781,25984,26187 | -24.96   |
| 9   | 80         | 10000000 | 10000000  | 117648   | 16      | 32    | 1    | io_uring | 12        | 16  | increase  | asc         | desc       | 1048576    | 828.18           | 621.29                 | 6   | 19105,19308,19511,19110,19313,19516 | -24.98   |
| 9   | 80         | 10000000 | 10000000  | 117648   | 16      | 32    | 1    | io_uring | 12        | 16  | increase  | asc         | desc       | 4096       | 3.36             | 2.52                   | 6   | 19049,19252,19455,19054,19257,19460 | -25.0    |
| 9   | 80         | 10000000 | 10000000  | 117648   | 16      | 32    | 1    | io_uring | 12        | 16  | increase  | asc         | desc       | 524288     | 417.21           | 312.79                 | 6   | 19098,19301,19504,19103,19306,19509 | -25.03   |
| 12  | 80         | 10000000 | 10000000  | 117648   | 16      | 32    | 1    | io_uring | 12        | 16  | decrease  | desc        | asc        | 1048576    | 770.8            | 577.13                 | 6   | 25804,26007,26210,25809,26012,26215 | -25.13   |
| 12  | 80         | 10000000 | 10000000  | 117648   | 16      | 32    | 1    | worker   | 12        | 16  | decrease  | desc        | desc       | 2048576    | 301.29           | 225.51                 | 6   | 25202,25405,25608,25207,25410,25613 | -25.15   |
| 12  | 80         | 10000000 | 10000000  | 117648   | 16      | 32    | 1    | io_uring | 12        | 16  | decrease  | desc        | asc        | 524288     | 385.57           | 288.34                 | 6   | 25797,26000,26203,25802,26005,26208 | -25.22   |
| 12  | 80         | 10000000 | 10000000  | 117648   | 16      | 32    | 1    | worker   | 12        | 16  | decrease  | desc        | asc        | 3048576    | 2231.06          | 1665.63                | 6   | 24600,24803,25006,24605,24808,25011 | -25.34   |
| 12  | 80         | 10000000 | 10000000  | 117648   | 16      | 32    | 1    | io_uring | 12        | 16  | decrease  | desc        | asc        | 262144     | 194.34           | 144.15                 | 6   | 25790,25993,26196,25795,25998,26201 | -25.83   |
| 12  | 80         | 10000000 | 10000000  | 117648   | 16      | 32    | 1    | worker   | 12        | 16  | decrease  | desc        | asc        | 16384      | 11.99            | 8.88                   | 6   | 24544,24747,24950,24549,24752,24955 | -25.94   |
| 13  | 80         | 10000000 | 2500000   | 117648   | 1048576 | 2     | 4    | io_uring | 12        | 16  | increase  | asc         | desc       | 64         | 2.77             | 2.05                   | 6   | 28625,28814,29003,28630,28819,29008 | -25.99   |
| 9   | 80         | 10000000 | 10000000  | 117648   | 16      | 32    | 1    | worker   | 12        | 16  | increase  | asc         | asc        | 524288     | 67.54            | 49.97                  | 6   | 17271,17474,17677,17276,17479,17682 | -26.01   |
| 16  | 80         | 10000000 | 2500000   | 117648   | 1048576 | 2     | 4    | io_uring | 12        | 16  | decrease  | desc        | asc        | 64         | 3.3              | 2.44                   | 6   | 34862,35051,35240,34867,35056,35245 | -26.06   |
| 9   | 80         | 10000000 | 10000000  | 117648   | 16      | 32    | 1    | worker   | 12        | 16  | increase  | asc         | desc       | 32768      | 28.6             | 21.1                   | 6   | 17852,18055,18258,17857,18060,18263 | -26.22   |
| 9   | 80         | 10000000 | 10000000  | 117648   | 16      | 32    | 1    | io_uring | 12        | 16  | increase  | asc         | desc       | 16384      | 12.87            | 9.45                   | 6   | 19063,19266,19469,19068,19271,19474 | -26.57   |
| 10  | 80         | 10000000 | 10000000  | 117648   | 16      | 32    | 1    | io_uring | 12        | 16  | increase  | desc        | desc       | 1048576    | 670.27           | 491.02                 | 6   | 21541,21744,21947,21546,21749,21952 | -26.74   |
| 11  | 80         | 10000000 | 10000000  | 117648   | 16      | 32    | 1    | io_uring | 12        | 16  | decrease  | asc         | asc        | 1048576    | 657.99           | 480.67                 | 6   | 23368,23571,23774,23373,23576,23779 | -26.95   |
| 2   | 80         | 10000000 | 1250000   | 117648   | 4       | 2048  | 8    | io_uring | 12        | 16  | increase  | desc        | desc       | 8          | 1.52             | 1.11                   | 6   | 3845,4027,4209,3850,4032,4214       | -26.97   |
| 4   | 80         | 10000000 | 1250000   | 117648   | 4       | 2048  | 8    | worker   | 12        | 16  | decrease  | desc        | asc        | 1024       | 8.7              | 6.34                   | 6   | 6624,6806,6988,6629,6811,6993       | -27.13   |
| 2   | 80         | 10000000 | 1250000   | 117648   | 4       | 2048  | 8    | worker   | 12        | 16  | increase  | desc        | desc       | 16         | 1.47             | 1.07                   | 6   | 2760,2942,3124,2765,2947,3129       | -27.21   |
| 4   | 80         | 10000000 | 1250000   | 117648   | 4       | 2048  | 8    | io_uring | 12        | 16  | decrease  | desc        | asc        | 8192       | 54.32            | 39.45                  | 6   | 7737,7919,8101,7742,7924,8106       | -27.37   |
| 2   | 80         | 10000000 | 1250000   | 117648   | 4       | 2048  | 8    | io_uring | 12        | 16  | increase  | desc        | desc       | 16         | 1.82             | 1.32                   | 6   | 3852,4034,4216,3857,4039,4221       | -27.47   |
| 4   | 80         | 10000000 | 1250000   | 117648   | 4       | 2048  | 8    | worker   | 12        | 16  | decrease  | desc        | desc       | 16         | 1.52             | 1.1                    | 6   | 7128,7310,7492,7133,7315,7497       | -27.63   |
| 12  | 80         | 10000000 | 10000000  | 117648   | 16      | 32    | 1    | io_uring | 12        | 16  | decrease  | desc        | asc        | 8048576    | 5835.19          | 4217.69                | 6   | 25853,26056,26259,25858,26061,26264 | -27.72   |
| 10  | 80         | 10000000 | 10000000  | 117648   | 16      | 32    | 1    | worker   | 12        | 16  | increase  | desc        | desc       | 32768      | 24.3             | 17.46                  | 6   | 20288,20491,20694,20293,20496,20699 | -28.15   |
| 10  | 80         | 10000000 | 10000000  | 117648   | 16      | 32    | 1    | worker   | 12        | 16  | increase  | desc        | desc       | 131072     | 97.86            | 70.25                  | 6   | 20302,20505,20708,20307,20510,20713 | -28.21   |
| 1   | 80         | 10000000 | 1250000   | 117648   | 4       | 2048  | 8    | io_uring | 12        | 16  | increase  | asc         | asc        | 32         | 1.55             | 1.11                   | 6   | 1129,1311,1493,1134,1316,1498       | -28.39   |
| 12  | 80         | 10000000 | 10000000  | 117648   | 16      | 32    | 1    | worker   | 12        | 16  | decrease  | desc        | asc        | 4096       | 3.12             | 2.23                   | 6   | 24530,24733,24936,24535,24738,24941 | -28.53   |
| 1   | 80         | 10000000 | 1250000   | 117648   | 4       | 2048  | 8    | io_uring | 12        | 16  | increase  | asc         | desc       | 8192       | 46.89            | 33.46                  | 6   | 1731,1913,2095,1736,1918,2100       | -28.64   |
| 12  | 80         | 10000000 | 10000000  | 117648   | 16      | 32    | 1    | worker   | 12        | 16  | decrease  | desc        | asc        | 1048576    | 772.28           | 548.43                 | 6   | 24586,24789,24992,24591,24794,24997 | -28.99   |
| 9   | 80         | 10000000 | 10000000  | 117648   | 16      | 32    | 1    | worker   | 12        | 16  | increase  | asc         | desc       | 131072     | 119.31           | 84.33                  | 6   | 17866,18069,18272,17871,18074,18277 | -29.32   |
| 17  | 20         | 10000000 | 2500000   | 476191   | 4194304 | 128   | 4    | io_uring | 12        | 16  | increase  | asc         | desc       | 1          | 0.51             | 0.36                   | 6   | 37655,37844,38033,37660,37849,38038 | -29.41   |
| 16  | 80         | 10000000 | 2500000   | 117648   | 1048576 | 2     | 4    | worker   | 12        | 16  | decrease  | desc        | asc        | 64         | 3.19             | 2.25                   | 6   | 33728,33917,34106,33733,33922,34111 | -29.47   |
| 4   | 80         | 10000000 | 1250000   | 117648   | 4       | 2048  | 8    | io_uring | 12        | 16  | decrease  | desc        | asc        | 2048       | 14.88            | 10.47                  | 6   | 7723,7905,8087,7728,7910,8092       | -29.64   |
| 13  | 80         | 10000000 | 2500000   | 117648   | 1048576 | 2     | 4    | worker   | 12        | 16  | increase  | asc         | desc       | 128        | 3.63             | 2.55                   | 6   | 27498,27687,27876,27503,27692,27881 | -29.75   |
| 11  | 80         | 10000000 | 10000000  | 117648   | 16      | 32    | 1    | worker   | 12        | 16  | decrease  | asc         | asc        | 1048576    | 667.17           | 467.42                 | 6   | 22150,22353,22556,22155,22358,22561 | -29.94   |
| 9   | 80         | 10000000 | 10000000  | 117648   | 16      | 32    | 1    | worker   | 12        | 16  | increase  | asc         | desc       | 4096       | 3.87             | 2.7                    | 6   | 17831,18034,18237,17836,18039,18242 | -30.23   |
| 12  | 80         | 10000000 | 10000000  | 117648   | 16      | 32    | 1    | worker   | 12        | 16  | decrease  | desc        | asc        | 65536      | 49.52            | 34.44                  | 6   | 24558,24761,24964,24563,24766,24969 | -30.45   |
| 1   | 80         | 10000000 | 1250000   | 117648   | 4       | 2048  | 8    | io_uring | 12        | 16  | increase  | asc         | desc       | 1024       | 8.88             | 6.17                   | 6   | 1710,1892,2074,1715,1897,2079       | -30.52   |
| 10  | 80         | 10000000 | 10000000  | 117648   | 16      | 32    | 1    | io_uring | 12        | 16  | increase  | desc        | asc        | 8          | 0.36             | 0.25                   | 6   | 20813,21016,21219,20818,21021,21224 | -30.56   |
| 12  | 80         | 10000000 | 10000000  | 117648   | 16      | 32    | 1    | worker   | 12        | 16  | decrease  | desc        | asc        | 262144     | 203.11           | 140.71                 | 6   | 24572,24775,24978,24577,24780,24983 | -30.72   |
| 9   | 80         | 10000000 | 10000000  | 117648   | 16      | 32    | 1    | worker   | 12        | 16  | increase  | asc         | desc       | 8192       | 6.82             | 4.72                   | 6   | 17838,18041,18244,17843,18046,18249 | -30.79   |
| 17  | 20         | 10000000 | 2500000   | 476191   | 4194304 | 128   | 4    | io_uring | 12        | 16  | increase  | asc         | desc       | 32         | 6.54             | 4.52                   | 6   | 37690,37879,38068,37695,37884,38073 | -30.89   |
| 10  | 80         | 10000000 | 10000000  | 117648   | 16      | 32    | 1    | worker   | 12        | 16  | increase  | desc        | desc       | 3048576    | 2063.41          | 1412.61                | 6   | 20337,20540,20743,20342,20545,20748 | -31.54   |
| 11  | 80         | 10000000 | 10000000  | 117648   | 16      | 32    | 1    | worker   | 12        | 16  | decrease  | asc         | asc        | 524288     | 336.78           | 228.25                 | 6   | 22143,22346,22549,22148,22351,22554 | -32.23   |
| 12  | 80         | 10000000 | 10000000  | 117648   | 16      | 32    | 1    | worker   | 12        | 16  | decrease  | desc        | asc        | 2048       | 1.58             | 1.07                   | 6   | 24523,24726,24929,24528,24731,24934 | -32.28   |
| 7   | 60         | 10000000 | 625000    | 156250   | 1048576 | 128   | 16   | io_uring | 12        | 16  | decrease  | asc         | asc        | 256        | 4.98             | 3.37                   | 6   | 14044,14219,14394,14049,14224,14399 | -32.33   |
| 9   | 80         | 10000000 | 10000000  | 117648   | 16      | 32    | 1    | worker   | 12        | 16  | increase  | asc         | asc        | 5048576    | 674.99           | 456.4                  | 6   | 17306,17509,17712,17311,17514,17717 | -32.38   |
| 12  | 80         | 10000000 | 10000000  | 117648   | 16      | 32    | 1    | io_uring | 12        | 16  | decrease  | desc        | asc        | 4096       | 3.42             | 2.31                   | 6   | 25748,25951,26154,25753,25956,26159 | -32.46   |
| 9   | 80         | 10000000 | 10000000  | 117648   | 16      | 32    | 1    | io_uring | 12        | 16  | increase  | asc         | desc       | 2048       | 2.03             | 1.37                   | 6   | 19042,19245,19448,19047,19250,19453 | -32.51   |
| 9   | 80         | 10000000 | 10000000  | 117648   | 16      | 32    | 1    | io_uring | 12        | 16  | increase  | asc         | desc       | 5048576    | 3888.23          | 2620.7                 | 6   | 19133,19336,19539,19138,19341,19544 | -32.6    |
| 3   | 80         | 10000000 | 1250000   | 117648   | 4       | 2048  | 8    | worker   | 12        | 16  | decrease  | asc         | asc        | 2048       | 11.17            | 7.51                   | 6   | 4447,4629,4811,4452,4634,4816       | -32.77   |
| 13  | 80         | 10000000 | 2500000   | 117648   | 1048576 | 2     | 4    | io_uring | 12        | 16  | increase  | asc         | desc       | 32         | 1.98             | 1.33                   | 6   | 28618,28807,28996,28623,28812,29001 | -32.83   |
| 4   | 80         | 10000000 | 1250000   | 117648   | 4       | 2048  | 8    | worker   | 12        | 16  | decrease  | desc        | asc        | 2048       | 14.92            | 9.95                   | 6   | 6631,6813,6995,6636,6818,7000       | -33.31   |
| 9   | 80         | 10000000 | 10000000  | 117648   | 16      | 32    | 1    | io_uring | 12        | 16  | increase  | asc         | desc       | 7048576    | 5406.85          | 3601.84                | 6   | 19147,19350,19553,19152,19355,19558 | -33.38   |
| 11  | 80         | 10000000 | 10000000  | 117648   | 16      | 32    | 1    | worker   | 12        | 16  | decrease  | asc         | asc        | 16384      | 8.14             | 5.42                   | 6   | 22108,22311,22514,22113,22316,22519 | -33.42   |
| 12  | 80         | 10000000 | 10000000  | 117648   | 16      | 32    | 1    | io_uring | 12        | 16  | decrease  | desc        | asc        | 7048576    | 5114.22          | 3394.34                | 6   | 25846,26049,26252,25851,26054,26257 | -33.63   |
| 11  | 80         | 10000000 | 10000000  | 117648   | 16      | 32    | 1    | io_uring | 12        | 16  | decrease  | asc         | asc        | 5048576    | 3132.58          | 2078.35                | 6   | 23396,23599,23802,23401,23604,23807 | -33.65   |
| 9   | 80         | 10000000 | 10000000  | 117648   | 16      | 32    | 1    | io_uring | 12        | 16  | increase  | asc         | desc       | 8048576    | 6208.37          | 4104.43                | 6   | 19154,19357,19560,19159,19362,19565 | -33.89   |
| 1   | 80         | 10000000 | 1250000   | 117648   | 4       | 2048  | 8    | io_uring | 12        | 16  | increase  | asc         | desc       | 16384      | 91.56            | 60.04                  | 6   | 1738,1920,2102,1743,1925,2107       | -34.43   |
| 10  | 80         | 10000000 | 10000000  | 117648   | 16      | 32    | 1    | worker   | 12        | 16  | increase  | desc        | desc       | 1024       | 1.35             | 0.88                   | 6   | 20253,20456,20659,20258,20461,20664 | -34.81   |
| 10  | 80         | 10000000 | 10000000  | 117648   | 16      | 32    | 1    | worker   | 12        | 16  | increase  | desc        | desc       | 4096       | 3.12             | 2.03                   | 6   | 20267,20470,20673,20272,20475,20678 | -34.94   |
| 10  | 80         | 10000000 | 10000000  | 117648   | 16      | 32    | 1    | io_uring | 12        | 16  | increase  | desc        | desc       | 3048576    | 1911.56          | 1242.27                | 6   | 21555,21758,21961,21560,21763,21966 | -35.01   |
| 10  | 80         | 10000000 | 10000000  | 117648   | 16      | 32    | 1    | worker   | 12        | 16  | increase  | desc        | desc       | 16384      | 10.85            | 7.02                   | 6   | 20281,20484,20687,20286,20489,20692 | -35.3    |
| 1   | 80         | 10000000 | 1250000   | 117648   | 4       | 2048  | 8    | io_uring | 12        | 16  | increase  | asc         | desc       | 881072     | 4963.12          | 3206.26                | 6   | 1801,1983,2165,1806,1988,2170       | -35.4    |
| 11  | 80         | 10000000 | 10000000  | 117648   | 16      | 32    | 1    | worker   | 12        | 16  | decrease  | asc         | asc        | 4096       | 3.16             | 2.04                   | 6   | 22094,22297,22500,22099,22302,22505 | -35.44   |
| 1   | 80         | 10000000 | 1250000   | 117648   | 4       | 2048  | 8    | io_uring | 12        | 16  | increase  | asc         | desc       | 381072     | 2056.62          | 1325.93                | 6   | 1773,1955,2137,1778,1960,2142       | -35.53   |
| 9   | 80         | 10000000 | 10000000  | 117648   | 16      | 32    | 1    | io_uring | 12        | 16  | increase  | asc         | desc       | 3048576    | 2433.96          | 1565.02                | 6   | 19119,19322,19525,19124,19327,19530 | -35.7    |
| 7   | 60         | 10000000 | 625000    | 156250   | 1048576 | 128   | 16   | io_uring | 12        | 16  | decrease  | asc         | asc        | 64         | 3.05             | 1.96                   | 6   | 14030,14205,14380,14035,14210,14385 | -35.74   |
| 14  | 80         | 10000000 | 2500000   | 117648   | 1048576 | 2     | 4    | worker   | 12        | 16  | increase  | desc        | desc       | 64         | 3.94             | 2.53                   | 6   | 29759,29948,30137,29764,29953,30142 | -35.79   |
| 3   | 80         | 10000000 | 1250000   | 117648   | 4       | 2048  | 8    | io_uring | 12        | 16  | decrease  | asc         | asc        | 2048       | 12.13            | 7.78                   | 6   | 5539,5721,5903,5544,5726,5908       | -35.86   |
| 1   | 80         | 10000000 | 1250000   | 117648   | 4       | 2048  | 8    | io_uring | 12        | 16  | increase  | asc         | desc       | 4096       | 28.13            | 18.0                   | 6   | 1724,1906,2088,1729,1911,2093       | -36.01   |
| 11  | 80         | 10000000 | 10000000  | 117648   | 16      | 32    | 1    | worker   | 12        | 16  | decrease  | asc         | asc        | 8192       | 4.5              | 2.86                   | 6   | 22101,22304,22507,22106,22309,22512 | -36.44   |
| 1   | 80         | 10000000 | 1250000   | 117648   | 4       | 2048  | 8    | worker   | 12        | 16  | increase  | asc         | desc       | 4096       | 33.57            | 21.26                  | 6   | 632,814,996,637,819,1001            | -36.67   |
| 12  | 80         | 10000000 | 10000000  | 117648   | 16      | 32    | 1    | io_uring | 12        | 16  | decrease  | desc        | asc        | 2048       | 1.77             | 1.12                   | 6   | 25741,25944,26147,25746,25949,26152 | -36.72   |
| 10  | 80         | 10000000 | 10000000  | 117648   | 16      | 32    | 1    | io_uring | 12        | 16  | increase  | desc        | desc       | 9048576    | 5533.22          | 3498.25                | 6   | 21597,21800,22003,21602,21805,22008 | -36.78   |
| 12  | 80         | 10000000 | 10000000  | 117648   | 16      | 32    | 1    | io_uring | 12        | 16  | decrease  | desc        | asc        | 9048576    | 6560.95          | 4145.52                | 6   | 25860,26063,26266,25865,26068,26271 | -36.82   |
| 9   | 80         | 10000000 | 10000000  | 117648   | 16      | 32    | 1    | io_uring | 12        | 16  | increase  | asc         | desc       | 2048576    | 1631.37          | 1030.71                | 6   | 19112,19315,19518,19117,19320,19523 | -36.82   |
| 9   | 80         | 10000000 | 10000000  | 117648   | 16      | 32    | 1    | io_uring | 12        | 16  | increase  | asc         | desc       | 9048576    | 7008.09          | 4423.99                | 6   | 19161,19364,19567,19166,19369,19572 | -36.87   |
| 9   | 80         | 10000000 | 10000000  | 117648   | 16      | 32    | 1    | io_uring | 12        | 16  | increase  | asc         | desc       | 4048576    | 3161.77          | 1991.56                | 6   | 19126,19329,19532,19131,19334,19537 | -37.01   |
| 9   | 80         | 10000000 | 10000000  | 117648   | 16      | 32    | 1    | io_uring | 12        | 16  | increase  | asc         | desc       | 6048576    | 4607.8           | 2899.91                | 6   | 19140,19343,19546,19145,19348,19551 | -37.07   |
| 9   | 80         | 10000000 | 10000000  | 117648   | 16      | 32    | 1    | worker   | 12        | 16  | increase  | asc         | desc       | 4048576    | 3468.79          | 2181.43                | 6   | 17908,18111,18314,17913,18116,18319 | -37.11   |
| 12  | 80         | 10000000 | 10000000  | 117648   | 16      | 32    | 1    | io_uring | 12        | 16  | decrease  | desc        | asc        | 4048576    | 2944.78          | 1849.06                | 6   | 25825,26028,26231,25830,26033,26236 | -37.21   |
| 10  | 80         | 10000000 | 10000000  | 117648   | 16      | 32    | 1    | io_uring | 12        | 16  | increase  | desc        | desc       | 6048576    | 3727.06          | 2337.18                | 6   | 21576,21779,21982,21581,21784,21987 | -37.29   |
| 12  | 80         | 10000000 | 10000000  | 117648   | 16      | 32    | 1    | io_uring | 12        | 16  | decrease  | desc        | asc        | 6048576    | 4394.44          | 2754.46                | 6   | 25839,26042,26245,25844,26047,26250 | -37.32   |
| 12  | 80         | 10000000 | 10000000  | 117648   | 16      | 32    | 1    | io_uring | 12        | 16  | decrease  | desc        | asc        | 2048576    | 1501.44          | 939.54                 | 6   | 25811,26014,26217,25816,26019,26222 | -37.42   |
| 9   | 80         | 10000000 | 10000000  | 117648   | 16      | 32    | 1    | io_uring | 12        | 16  | increase  | asc         | desc       | 131072     | 105.94           | 66.23                  | 6   | 19084,19287,19490,19089,19292,19495 | -37.48   |
| 12  | 80         | 10000000 | 10000000  | 117648   | 16      | 32    | 1    | io_uring | 12        | 16  | decrease  | desc        | asc        | 131072     | 97.25            | 60.73                  | 6   | 25783,25986,26189,25788,25991,26194 | -37.55   |
| 12  | 80         | 10000000 | 10000000  | 117648   | 16      | 32    | 1    | worker   | 12        | 16  | decrease  | desc        | asc        | 8048576    | 5767.49          | 3587.36                | 6   | 24635,24838,25041,24640,24843,25046 | -37.8    |
| 11  | 80         | 10000000 | 10000000  | 117648   | 16      | 32    | 1    | io_uring | 12        | 16  | decrease  | asc         | asc        | 6048576    | 3747.35          | 2324.76                | 6   | 23403,23606,23809,23408,23611,23814 | -37.96   |
| 10  | 80         | 10000000 | 10000000  | 117648   | 16      | 32    | 1    | io_uring | 12        | 16  | increase  | desc        | desc       | 8048576    | 4933.15          | 3059.88                | 6   | 21590,21793,21996,21595,21798,22001 | -37.97   |
| 2   | 80         | 10000000 | 1250000   | 117648   | 4       | 2048  | 8    | io_uring | 12        | 16  | increase  | desc        | desc       | 2048       | 13.09            | 8.11                   | 6   | 3901,4083,4265,3906,4088,4270       | -38.04   |
| 11  | 80         | 10000000 | 10000000  | 117648   | 16      | 32    | 1    | io_uring | 12        | 16  | decrease  | asc         | asc        | 3048576    | 1896.02          | 1174.48                | 6   | 23382,23585,23788,23387,23590,23793 | -38.06   |
| 2   | 80         | 10000000 | 1250000   | 117648   | 4       | 2048  | 8    | io_uring | 12        | 16  | increase  | desc        | desc       | 881072     | 3997.14          | 2471.0                 | 6   | 3985,4167,4349,3990,4172,4354       | -38.18   |
| 12  | 80         | 10000000 | 10000000  | 117648   | 16      | 32    | 1    | io_uring | 12        | 16  | decrease  | desc        | asc        | 32768      | 23.92            | 14.78                  | 6   | 25769,25972,26175,25774,25977,26180 | -38.21   |
| 9   | 80         | 10000000 | 10000000  | 117648   | 16      | 32    | 1    | worker   | 12        | 16  | increase  | asc         | desc       | 6048576    | 4934.45          | 3045.61                | 6   | 17922,18125,18328,17927,18130,18333 | -38.28   |
| 1   | 80         | 10000000 | 1250000   | 117648   | 4       | 2048  | 8    | worker   | 12        | 16  | increase  | asc         | desc       | 881072     | 5261.84          | 3243.5                 | 6   | 709,891,1073,714,896,1078           | -38.36   |
| 11  | 80         | 10000000 | 10000000  | 117648   | 16      | 32    | 1    | io_uring | 12        | 16  | decrease  | asc         | asc        | 32768      | 19.59            | 12.05                  | 6   | 23333,23536,23739,23338,23541,23744 | -38.49   |
| 12  | 80         | 10000000 | 10000000  | 117648   | 16      | 32    | 1    | worker   | 12        | 16  | decrease  | desc        | asc        | 7048576    | 5006.47          | 3074.57                | 6   | 24628,24831,25034,24633,24836,25039 | -38.59   |
| 10  | 80         | 10000000 | 10000000  | 117648   | 16      | 32    | 1    | io_uring | 12        | 16  | increase  | desc        | desc       | 32768      | 21.44            | 13.15                  | 6   | 21506,21709,21912,21511,21714,21917 | -38.67   |
| 10  | 80         | 10000000 | 10000000  | 117648   | 16      | 32    | 1    | io_uring | 12        | 16  | increase  | desc        | desc       | 2048576    | 1300.07          | 794.75                 | 6   | 21548,21751,21954,21553,21756,21959 | -38.87   |
| 3   | 80         | 10000000 | 1250000   | 117648   | 4       | 2048  | 8    | io_uring | 12        | 16  | decrease  | asc         | asc        | 631072     | 2728.23          | 1666.58                | 6   | 5609,5791,5973,5614,5796,5978       | -38.91   |
| 11  | 80         | 10000000 | 10000000  | 117648   | 16      | 32    | 1    | worker   | 12        | 16  | decrease  | asc         | asc        | 4048576    | 2474.27          | 1506.82                | 6   | 22171,22374,22577,22176,22379,22582 | -39.1    |
| 10  | 80         | 10000000 | 10000000  | 117648   | 16      | 32    | 1    | worker   | 12        | 16  | increase  | desc        | desc       | 9048576    | 5835.94          | 3551.85                | 6   | 20379,20582,20785,20384,20587,20790 | -39.14   |
| 11  | 80         | 10000000 | 10000000  | 117648   | 16      | 32    | 1    | io_uring | 12        | 16  | decrease  | asc         | asc        | 2048576    | 1274.52          | 772.97                 | 6   | 23375,23578,23781,23380,23583,23786 | -39.35   |
| 11  | 80         | 10000000 | 10000000  | 117648   | 16      | 32    | 1    | io_uring | 12        | 16  | decrease  | asc         | asc        | 8048576    | 4980.69          | 3020.23                | 6   | 23417,23620,23823,23422,23625,23828 | -39.36   |
| 1   | 80         | 10000000 | 1250000   | 117648   | 4       | 2048  | 8    | worker   | 12        | 16  | increase  | asc         | desc       | 16384      | 104.34           | 63.27                  | 6   | 646,828,1010,651,833,1015           | -39.36   |
| 10  | 80         | 10000000 | 10000000  | 117648   | 16      | 32    | 1    | io_uring | 12        | 16  | increase  | desc        | desc       | 4048576    | 2519.91          | 1526.77                | 6   | 21562,21765,21968,21567,21770,21973 | -39.41   |
| 5   | 60         | 10000000 | 625000    | 156250   | 1048576 | 128   | 16   | io_uring | 12        | 16  | increase  | asc         | asc        | 32         | 3.6              | 2.18                   | 6   | 9823,9998,10173,9828,10003,10178    | -39.44   |
| 11  | 80         | 10000000 | 10000000  | 117648   | 16      | 32    | 1    | io_uring | 12        | 16  | decrease  | asc         | asc        | 9048576    | 5583.05          | 3378.96                | 6   | 23424,23627,23830,23429,23632,23835 | -39.48   |
| 11  | 80         | 10000000 | 10000000  | 117648   | 16      | 32    | 1    | io_uring | 12        | 16  | decrease  | asc         | asc        | 7048576    | 4360.21          | 2633.16                | 6   | 23410,23613,23816,23415,23618,23821 | -39.61   |
| 9   | 80         | 10000000 | 10000000  | 117648   | 16      | 32    | 1    | worker   | 12        | 16  | increase  | asc         | desc       | 8048576    | 6644.27          | 4004.86                | 6   | 17936,18139,18342,17941,18144,18347 | -39.72   |
| 11  | 80         | 10000000 | 10000000  | 117648   | 16      | 32    | 1    | worker   | 12        | 16  | decrease  | asc         | asc        | 6048576    | 3660.11          | 2205.74                | 6   | 22185,22388,22591,22190,22393,22596 | -39.74   |
| 9   | 80         | 10000000 | 10000000  | 117648   | 16      | 32    | 1    | worker   | 12        | 16  | increase  | asc         | desc       | 9048576    | 7519.9           | 4528.21                | 6   | 17943,18146,18349,17948,18151,18354 | -39.78   |
| 11  | 80         | 10000000 | 10000000  | 117648   | 16      | 32    | 1    | io_uring | 12        | 16  | decrease  | asc         | asc        | 8192       | 6.08             | 3.66                   | 6   | 23319,23522,23725,23324,23527,23730 | -39.8    |
| 9   | 80         | 10000000 | 10000000  | 117648   | 16      | 32    | 1    | worker   | 12        | 16  | increase  | asc         | desc       | 1048576    | 900.78           | 541.96                 | 6   | 17887,18090,18293,17892,18095,18298 | -39.83   |
| 12  | 80         | 10000000 | 10000000  | 117648   | 16      | 32    | 1    | worker   | 12        | 16  | decrease  | desc        | asc        | 131072     | 98.61            | 59.3                   | 6   | 24565,24768,24971,24570,24773,24976 | -39.86   |
| 11  | 80         | 10000000 | 10000000  | 117648   | 16      | 32    | 1    | io_uring | 12        | 16  | decrease  | asc         | asc        | 524288     | 328.22           | 197.25                 | 6   | 23361,23564,23767,23366,23569,23772 | -39.9    |
| 9   | 80         | 10000000 | 10000000  | 117648   | 16      | 32    | 1    | worker   | 12        | 16  | increase  | asc         | desc       | 7048576    | 5848.05          | 3512.32                | 6   | 17929,18132,18335,17934,18137,18340 | -39.94   |
| 10  | 80         | 10000000 | 10000000  | 117648   | 16      | 32    | 1    | io_uring | 12        | 16  | increase  | desc        | desc       | 7048576    | 4322.12          | 2592.6                 | 6   | 21583,21786,21989,21588,21791,21994 | -40.02   |
| 10  | 80         | 10000000 | 10000000  | 117648   | 16      | 32    | 1    | io_uring | 12        | 16  | increase  | desc        | desc       | 5048576    | 3132.92          | 1878.0                 | 6   | 21569,21772,21975,21574,21777,21980 | -40.06   |
| 10  | 80         | 10000000 | 10000000  | 117648   | 16      | 32    | 1    | io_uring | 12        | 16  | increase  | desc        | desc       | 131072     | 85.35            | 51.16                  | 6   | 21520,21723,21926,21525,21728,21931 | -40.06   |
| 11  | 80         | 10000000 | 10000000  | 117648   | 16      | 32    | 1    | io_uring | 12        | 16  | decrease  | asc         | asc        | 262144     | 165.43           | 99.13                  | 6   | 23354,23557,23760,23359,23562,23765 | -40.08   |
| 9   | 80         | 10000000 | 10000000  | 117648   | 16      | 32    | 1    | worker   | 12        | 16  | increase  | asc         | asc        | 1048576    | 166.81           | 99.93                  | 6   | 17278,17481,17684,17283,17486,17689 | -40.09   |
| 11  | 80         | 10000000 | 10000000  | 117648   | 16      | 32    | 1    | io_uring | 12        | 16  | decrease  | asc         | asc        | 4048576    | 2512.77          | 1502.91                | 6   | 23389,23592,23795,23394,23597,23800 | -40.19   |
| 9   | 80         | 10000000 | 10000000  | 117648   | 16      | 32    | 1    | worker   | 12        | 16  | increase  | asc         | desc       | 3048576    | 2637.09          | 1576.47                | 6   | 17901,18104,18307,17906,18109,18312 | -40.22   |
| 15  | 80         | 10000000 | 2500000   | 117648   | 1048576 | 2     | 4    | io_uring | 12        | 16  | decrease  | asc         | asc        | 128        | 4.42             | 2.64                   | 6   | 32601,32790,32979,32606,32795,32984 | -40.27   |
| 12  | 80         | 10000000 | 10000000  | 117648   | 16      | 32    | 1    | worker   | 12        | 16  | decrease  | desc        | asc        | 9048576    | 6439.36          | 3840.93                | 6   | 24642,24845,25048,24647,24850,25053 | -40.35   |
| 1   | 80         | 10000000 | 1250000   | 117648   | 4       | 2048  | 8    | worker   | 12        | 16  | increase  | asc         | desc       | 8192       | 60.22            | 35.9                   | 6   | 639,821,1003,644,826,1008           | -40.39   |
| 11  | 80         | 10000000 | 10000000  | 117648   | 16      | 32    | 1    | worker   | 12        | 16  | decrease  | asc         | asc        | 3048576    | 1830.06          | 1090.55                | 6   | 22164,22367,22570,22169,22372,22575 | -40.41   |
| 10  | 80         | 10000000 | 10000000  | 117648   | 16      | 32    | 1    | worker   | 12        | 16  | increase  | desc        | desc       | 4048576    | 2739.71          | 1631.95                | 6   | 20344,20547,20750,20349,20552,20755 | -40.43   |
| 11  | 80         | 10000000 | 10000000  | 117648   | 16      | 32    | 1    | io_uring | 12        | 16  | decrease  | asc         | asc        | 131072     | 84.43            | 50.26                  | 6   | 23347,23550,23753,23352,23555,23758 | -40.47   |
| 4   | 80         | 10000000 | 1250000   | 117648   | 4       | 2048  | 8    | worker   | 12        | 16  | decrease  | desc        | asc        | 631072     | 3217.38          | 1913.23                | 6   | 6701,6883,7065,6706,6888,7070       | -40.53   |
| 10  | 80         | 10000000 | 10000000  | 117648   | 16      | 32    | 1    | worker   | 12        | 16  | increase  | desc        | desc       | 524288     | 363.92           | 216.38                 | 6   | 20316,20519,20722,20321,20524,20727 | -40.54   |
| 12  | 80         | 10000000 | 10000000  | 117648   | 16      | 32    | 1    | worker   | 12        | 16  | decrease  | desc        | asc        | 4048576    | 2914.88          | 1730.45                | 6   | 24607,24810,25013,24612,24815,25018 | -40.63   |
| 12  | 80         | 10000000 | 10000000  | 117648   | 16      | 32    | 1    | worker   | 12        | 16  | decrease  | desc        | asc        | 6048576    | 4300.87          | 2550.77                | 6   | 24621,24824,25027,24626,24829,25032 | -40.69   |
| 11  | 80         | 10000000 | 10000000  | 117648   | 16      | 32    | 1    | worker   | 12        | 16  | decrease  | asc         | asc        | 32768      | 18.44            | 10.92                  | 6   | 22115,22318,22521,22120,22323,22526 | -40.78   |
| 11  | 80         | 10000000 | 10000000  | 117648   | 16      | 32    | 1    | worker   | 12        | 16  | decrease  | asc         | asc        | 2048       | 1.78             | 1.05                   | 6   | 22087,22290,22493,22092,22295,22498 | -41.01   |
| 10  | 80         | 10000000 | 10000000  | 117648   | 16      | 32    | 1    | worker   | 12        | 16  | increase  | desc        | desc       | 5048576    | 3480.31          | 2047.87                | 6   | 20351,20554,20757,20356,20559,20762 | -41.16   |
| 11  | 80         | 10000000 | 10000000  | 117648   | 16      | 32    | 1    | io_uring | 12        | 16  | decrease  | asc         | asc        | 4096       | 3.28             | 1.93                   | 6   | 23312,23515,23718,23317,23520,23723 | -41.16   |
| 12  | 80         | 10000000 | 10000000  | 117648   | 16      | 32    | 1    | worker   | 12        | 16  | decrease  | desc        | asc        | 524288     | 390.39           | 228.86                 | 6   | 24579,24782,24985,24584,24787,24990 | -41.38   |
| 3   | 80         | 10000000 | 1250000   | 117648   | 4       | 2048  | 8    | io_uring | 12        | 16  | decrease  | asc         | asc        | 4096       | 23.97            | 14.04                  | 6   | 5546,5728,5910,5551,5733,5915       | -41.43   |
| 4   | 80         | 10000000 | 1250000   | 117648   | 4       | 2048  | 8    | worker   | 12        | 16  | decrease  | desc        | asc        | 1131072    | 5742.59          | 3361.04                | 6   | 6729,6911,7093,6734,6916,7098       | -41.47   |
| 9   | 80         | 10000000 | 10000000  | 117648   | 16      | 32    | 1    | worker   | 12        | 16  | increase  | asc         | desc       | 2048576    | 1832.28          | 1069.45                | 6   | 17894,18097,18300,17899,18102,18305 | -41.63   |
| 9   | 80         | 10000000 | 10000000  | 117648   | 16      | 32    | 1    | worker   | 12        | 16  | increase  | asc         | desc       | 524288     | 470.79           | 274.04                 | 6   | 17880,18083,18286,17885,18088,18291 | -41.79   |
| 12  | 80         | 10000000 | 10000000  | 117648   | 16      | 32    | 1    | worker   | 12        | 16  | decrease  | desc        | asc        | 2048576    | 1529.62          | 890.12                 | 6   | 24593,24796,24999,24598,24801,25004 | -41.81   |
| 10  | 80         | 10000000 | 10000000  | 117648   | 16      | 32    | 1    | worker   | 12        | 16  | increase  | desc        | desc       | 8048576    | 5297.79          | 3082.62                | 6   | 20372,20575,20778,20377,20580,20783 | -41.81   |
| 12  | 80         | 10000000 | 10000000  | 117648   | 16      | 32    | 1    | worker   | 12        | 16  | decrease  | desc        | asc        | 5048576    | 3702.61          | 2153.08                | 6   | 24614,24817,25020,24619,24822,25025 | -41.85   |
| 10  | 80         | 10000000 | 10000000  | 117648   | 16      | 32    | 1    | worker   | 12        | 16  | increase  | desc        | desc       | 6048576    | 4079.39          | 2366.26                | 6   | 20358,20561,20764,20363,20566,20769 | -41.99   |
| 17  | 20         | 10000000 | 2500000   | 476191   | 4194304 | 128   | 4    | worker   | 12        | 16  | increase  | asc         | asc        | 256        | 14.68            | 8.47                   | 6   | 36010,36199,36388,36015,36204,36393 | -42.3    |
| 10  | 80         | 10000000 | 10000000  | 117648   | 16      | 32    | 1    | worker   | 12        | 16  | increase  | desc        | desc       | 1048576    | 741.89           | 428.03                 | 6   | 20323,20526,20729,20328,20531,20734 | -42.31   |
| 4   | 80         | 10000000 | 1250000   | 117648   | 4       | 2048  | 8    | worker   | 12        | 16  | decrease  | desc        | asc        | 4096       | 29.39            | 16.85                  | 6   | 6638,6820,7002,6643,6825,7007       | -42.67   |
| 10  | 80         | 10000000 | 10000000  | 117648   | 16      | 32    | 1    | worker   | 12        | 16  | increase  | desc        | desc       | 7048576    | 4610.34          | 2638.19                | 6   | 20365,20568,20771,20370,20573,20776 | -42.78   |
| 11  | 80         | 10000000 | 10000000  | 117648   | 16      | 32    | 1    | worker   | 12        | 16  | decrease  | asc         | asc        | 131072     | 81.91            | 46.72                  | 6   | 22129,22332,22535,22134,22337,22540 | -42.96   |
| 11  | 80         | 10000000 | 10000000  | 117648   | 16      | 32    | 1    | worker   | 12        | 16  | decrease  | asc         | asc        | 9048576    | 5424.63          | 3088.74                | 6   | 22206,22409,22612,22211,22414,22617 | -43.06   |
| 4   | 80         | 10000000 | 1250000   | 117648   | 4       | 2048  | 8    | worker   | 12        | 16  | decrease  | desc        | asc        | 8192       | 57.83            | 32.82                  | 6   | 6645,6827,7009,6650,6832,7014       | -43.25   |
| 4   | 80         | 10000000 | 1250000   | 117648   | 4       | 2048  | 8    | io_uring | 12        | 16  | decrease  | desc        | asc        | 16384      | 110.23           | 62.15                  | 6   | 7744,7926,8108,7749,7931,8113       | -43.62   |
| 4   | 80         | 10000000 | 1250000   | 117648   | 4       | 2048  | 8    | io_uring | 12        | 16  | decrease  | desc        | asc        | 32768      | 215.81           | 121.5                  | 6   | 7751,7933,8115,7756,7938,8120       | -43.7    |
| 3   | 80         | 10000000 | 1250000   | 117648   | 4       | 2048  | 8    | worker   | 12        | 16  | decrease  | asc         | asc        | 256072     | 1120.58          | 627.62                 | 6   | 4496,4678,4860,4501,4683,4865       | -43.99   |
| 11  | 80         | 10000000 | 10000000  | 117648   | 16      | 32    | 1    | worker   | 12        | 16  | decrease  | asc         | asc        | 65536      | 41.94            | 23.47                  | 6   | 22122,22325,22528,22127,22330,22533 | -44.04   |
| 3   | 80         | 10000000 | 1250000   | 117648   | 4       | 2048  | 8    | io_uring | 12        | 16  | decrease  | asc         | asc        | 16384      | 88.98            | 49.77                  | 6   | 5560,5742,5924,5565,5747,5929       | -44.07   |
| 11  | 80         | 10000000 | 10000000  | 117648   | 16      | 32    | 1    | worker   | 12        | 16  | decrease  | asc         | asc        | 2048576    | 1244.15          | 694.84                 | 6   | 22157,22360,22563,22162,22365,22568 | -44.15   |
| 1   | 80         | 10000000 | 1250000   | 117648   | 4       | 2048  | 8    | io_uring | 12        | 16  | increase  | asc         | desc       | 32768      | 209.8            | 116.66                 | 6   | 1745,1927,2109,1750,1932,2114       | -44.39   |
| 10  | 80         | 10000000 | 10000000  | 117648   | 16      | 32    | 1    | worker   | 12        | 16  | increase  | desc        | desc       | 262144     | 194.04           | 107.68                 | 6   | 20309,20512,20715,20314,20517,20720 | -44.51   |
| 11  | 80         | 10000000 | 10000000  | 117648   | 16      | 32    | 1    | worker   | 12        | 16  | decrease  | asc         | asc        | 8048576    | 4828.16          | 2679.16                | 6   | 22199,22402,22605,22204,22407,22610 | -44.51   |
| 10  | 80         | 10000000 | 10000000  | 117648   | 16      | 32    | 1    | worker   | 12        | 16  | increase  | desc        | desc       | 65536      | 49.51            | 27.4                   | 6   | 20295,20498,20701,20300,20503,20706 | -44.66   |
| 1   | 80         | 10000000 | 1250000   | 117648   | 4       | 2048  | 8    | io_uring | 12        | 16  | increase  | asc         | desc       | 65536      | 417.57           | 230.3                  | 6   | 1752,1934,2116,1757,1939,2121       | -44.85   |
| 1   | 80         | 10000000 | 1250000   | 117648   | 4       | 2048  | 8    | io_uring | 12        | 16  | increase  | asc         | desc       | 131072     | 833.58           | 459.51                 | 6   | 1759,1941,2123,1764,1946,2128       | -44.88   |
| 10  | 80         | 10000000 | 10000000  | 117648   | 16      | 32    | 1    | worker   | 12        | 16  | increase  | desc        | desc       | 2048576    | 1492.06          | 821.75                 | 6   | 20330,20533,20736,20335,20538,20741 | -44.93   |
| 4   | 80         | 10000000 | 1250000   | 117648   | 4       | 2048  | 8    | io_uring | 12        | 16  | decrease  | desc        | asc        | 65536      | 428.34           | 235.66                 | 6   | 7758,7940,8122,7763,7945,8127       | -44.98   |
| 11  | 80         | 10000000 | 10000000  | 117648   | 16      | 32    | 1    | worker   | 12        | 16  | decrease  | asc         | asc        | 5048576    | 3000.62          | 1650.85                | 6   | 22178,22381,22584,22183,22386,22589 | -44.98   |
| 2   | 80         | 10000000 | 1250000   | 117648   | 4       | 2048  | 8    | io_uring | 12        | 16  | increase  | desc        | desc       | 16384      | 94.52            | 51.97                  | 6   | 3922,4104,4286,3927,4109,4291       | -45.02   |
| 1   | 80         | 10000000 | 1250000   | 117648   | 4       | 2048  | 8    | io_uring | 12        | 16  | increase  | asc         | desc       | 631072     | 4114.24          | 2260.92                | 6   | 1787,1969,2151,1792,1974,2156       | -45.05   |
| 1   | 80         | 10000000 | 1250000   | 117648   | 4       | 2048  | 8    | io_uring | 12        | 16  | increase  | asc         | desc       | 1006072    | 6700.49          | 3681.54                | 6   | 1808,1990,2172,1813,1995,2177       | -45.06   |
| 11  | 80         | 10000000 | 10000000  | 117648   | 16      | 32    | 1    | worker   | 12        | 16  | decrease  | asc         | asc        | 7048576    | 4186.92          | 2299.1                 | 6   | 22192,22395,22598,22197,22400,22603 | -45.09   |
| 1   | 80         | 10000000 | 1250000   | 117648   | 4       | 2048  | 8    | io_uring | 12        | 16  | increase  | asc         | desc       | 1131072    | 7537.89          | 4134.82                | 6   | 1815,1997,2179,1820,2002,2184       | -45.15   |
| 1   | 80         | 10000000 | 1250000   | 117648   | 4       | 2048  | 8    | io_uring | 12        | 16  | increase  | asc         | desc       | 506072     | 3254.38          | 1784.27                | 6   | 1780,1962,2144,1785,1967,2149       | -45.17   |
| 4   | 80         | 10000000 | 1250000   | 117648   | 4       | 2048  | 8    | io_uring | 12        | 16  | decrease  | desc        | asc        | 631072     | 4023.38          | 2205.77                | 6   | 7793,7975,8157,7798,7980,8162       | -45.18   |
| 3   | 80         | 10000000 | 1250000   | 117648   | 4       | 2048  | 8    | io_uring | 12        | 16  | decrease  | asc         | asc        | 8192       | 45.26            | 24.81                  | 6   | 5553,5735,5917,5558,5740,5922       | -45.18   |
| 1   | 80         | 10000000 | 1250000   | 117648   | 4       | 2048  | 8    | io_uring | 12        | 16  | increase  | asc         | desc       | 756072     | 4982.31          | 2729.73                | 6   | 1794,1976,2158,1799,1981,2163       | -45.21   |
| 4   | 80         | 10000000 | 1250000   | 117648   | 4       | 2048  | 8    | io_uring | 12        | 16  | decrease  | desc        | asc        | 131072     | 849.56           | 465.42                 | 6   | 7765,7947,8129,7770,7952,8134       | -45.22   |
| 4   | 80         | 10000000 | 1250000   | 117648   | 4       | 2048  | 8    | worker   | 12        | 16  | decrease  | desc        | asc        | 32768      | 204.4            | 111.97                 | 6   | 6659,6841,7023,6664,6846,7028       | -45.22   |
| 4   | 80         | 10000000 | 1250000   | 117648   | 4       | 2048  | 8    | io_uring | 12        | 16  | decrease  | desc        | asc        | 756072     | 4812.34          | 2635.71                | 6   | 7800,7982,8164,7805,7987,8169       | -45.23   |
| 4   | 80         | 10000000 | 1250000   | 117648   | 4       | 2048  | 8    | io_uring | 12        | 16  | decrease  | desc        | asc        | 381072     | 2444.74          | 1338.24                | 6   | 7779,7961,8143,7784,7966,8148       | -45.26   |
| 1   | 80         | 10000000 | 1250000   | 117648   | 4       | 2048  | 8    | io_uring | 12        | 16  | increase  | asc         | desc       | 256072     | 1632.71          | 893.64                 | 6   | 1766,1948,2130,1771,1953,2135       | -45.27   |
| 4   | 80         | 10000000 | 1250000   | 117648   | 4       | 2048  | 8    | io_uring | 12        | 16  | decrease  | desc        | asc        | 256072     | 1651.01          | 903.25                 | 6   | 7772,7954,8136,7777,7959,8141       | -45.29   |
| 4   | 80         | 10000000 | 1250000   | 117648   | 4       | 2048  | 8    | io_uring | 12        | 16  | decrease  | desc        | asc        | 506072     | 3239.77          | 1770.78                | 6   | 7786,7968,8150,7791,7973,8155       | -45.34   |
| 4   | 80         | 10000000 | 1250000   | 117648   | 4       | 2048  | 8    | io_uring | 12        | 16  | decrease  | desc        | asc        | 1131072    | 7186.82          | 3923.6                 | 6   | 7821,8003,8185,7826,8008,8190       | -45.41   |
| 4   | 80         | 10000000 | 1250000   | 117648   | 4       | 2048  | 8    | io_uring | 12        | 16  | decrease  | desc        | asc        | 881072     | 5607.83          | 3060.98                | 6   | 7807,7989,8171,7812,7994,8176       | -45.42   |
| 4   | 80         | 10000000 | 1250000   | 117648   | 4       | 2048  | 8    | io_uring | 12        | 16  | decrease  | desc        | asc        | 1006072    | 6410.91          | 3490.0                 | 6   | 7814,7996,8178,7819,8001,8183       | -45.56   |
| 3   | 80         | 10000000 | 1250000   | 117648   | 4       | 2048  | 8    | worker   | 12        | 16  | decrease  | asc         | asc        | 631072     | 2796.25          | 1518.18                | 6   | 4517,4699,4881,4522,4704,4886       | -45.71   |
| 2   | 80         | 10000000 | 1250000   | 117648   | 4       | 2048  | 8    | io_uring | 12        | 16  | increase  | desc        | desc       | 32768      | 184.43           | 99.35                  | 6   | 3929,4111,4293,3934,4116,4298       | -46.13   |
| 1   | 80         | 10000000 | 1250000   | 117648   | 4       | 2048  | 8    | worker   | 12        | 16  | increase  | asc         | desc       | 131072     | 897.31           | 482.14                 | 6   | 667,849,1031,672,854,1036           | -46.27   |
| 3   | 80         | 10000000 | 1250000   | 117648   | 4       | 2048  | 8    | io_uring | 12        | 16  | decrease  | asc         | asc        | 32768      | 176.31           | 94.33                  | 6   | 5567,5749,5931,5572,5754,5936       | -46.5    |
| 3   | 80         | 10000000 | 1250000   | 117648   | 4       | 2048  | 8    | io_uring | 12        | 16  | decrease  | asc         | asc        | 65536      | 349.69           | 184.77                 | 6   | 5574,5756,5938,5579,5761,5943       | -47.16   |
| 2   | 80         | 10000000 | 1250000   | 117648   | 4       | 2048  | 8    | io_uring | 12        | 16  | increase  | desc        | desc       | 131072     | 725.39           | 382.7                  | 6   | 3943,4125,4307,3948,4130,4312       | -47.24   |
| 2   | 80         | 10000000 | 1250000   | 117648   | 4       | 2048  | 8    | io_uring | 12        | 16  | increase  | desc        | desc       | 65536      | 363.8            | 191.46                 | 6   | 3936,4118,4300,3941,4123,4305       | -47.37   |
| 2   | 80         | 10000000 | 1250000   | 117648   | 4       | 2048  | 8    | io_uring | 12        | 16  | increase  | desc        | desc       | 381072     | 2076.72          | 1086.22                | 6   | 3957,4139,4321,3962,4144,4326       | -47.7    |
| 2   | 80         | 10000000 | 1250000   | 117648   | 4       | 2048  | 8    | io_uring | 12        | 16  | increase  | desc        | desc       | 256072     | 1400.73          | 730.77                 | 6   | 3950,4132,4314,3955,4137,4319       | -47.83   |
| 2   | 80         | 10000000 | 1250000   | 117648   | 4       | 2048  | 8    | io_uring | 12        | 16  | increase  | desc        | desc       | 506072     | 2758.12          | 1434.27                | 6   | 3964,4146,4328,3969,4151,4333       | -48.0    |
| 2   | 80         | 10000000 | 1250000   | 117648   | 4       | 2048  | 8    | io_uring | 12        | 16  | increase  | desc        | desc       | 631072     | 3426.21          | 1778.1                 | 6   | 3971,4153,4335,3976,4158,4340       | -48.1    |
| 3   | 80         | 10000000 | 1250000   | 117648   | 4       | 2048  | 8    | io_uring | 12        | 16  | decrease  | asc         | asc        | 1131072    | 6071.16          | 3148.61                | 6   | 5637,5819,6001,5642,5824,6006       | -48.14   |
| 2   | 80         | 10000000 | 1250000   | 117648   | 4       | 2048  | 8    | io_uring | 12        | 16  | increase  | desc        | desc       | 1006072    | 5427.93          | 2810.7                 | 6   | 3992,4174,4356,3997,4179,4361       | -48.22   |
| 2   | 80         | 10000000 | 1250000   | 117648   | 4       | 2048  | 8    | io_uring | 12        | 16  | increase  | desc        | desc       | 756072     | 4097.73          | 2121.14                | 6   | 3978,4160,4342,3983,4165,4347       | -48.24   |
| 1   | 80         | 10000000 | 1250000   | 117648   | 4       | 2048  | 8    | worker   | 12        | 16  | increase  | asc         | desc       | 1006072    | 7188.39          | 3719.62                | 6   | 716,898,1080,721,903,1085           | -48.26   |
| 3   | 80         | 10000000 | 1250000   | 117648   | 4       | 2048  | 8    | io_uring | 12        | 16  | decrease  | asc         | asc        | 1006072    | 5412.19          | 2799.63                | 6   | 5630,5812,5994,5635,5817,5999       | -48.27   |
| 1   | 80         | 10000000 | 1250000   | 117648   | 4       | 2048  | 8    | worker   | 12        | 16  | increase  | asc         | desc       | 631072     | 4430.35          | 2291.46                | 6   | 695,877,1059,700,882,1064           | -48.28   |
| 2   | 80         | 10000000 | 1250000   | 117648   | 4       | 2048  | 8    | io_uring | 12        | 16  | increase  | desc        | desc       | 1131072    | 6107.91          | 3157.68                | 6   | 3999,4181,4363,4004,4186,4368       | -48.3    |
| 3   | 80         | 10000000 | 1250000   | 117648   | 4       | 2048  | 8    | io_uring | 12        | 16  | decrease  | asc         | asc        | 881072     | 4754.65          | 2456.56                | 6   | 5623,5805,5987,5628,5810,5992       | -48.33   |
| 3   | 80         | 10000000 | 1250000   | 117648   | 4       | 2048  | 8    | io_uring | 12        | 16  | decrease  | asc         | asc        | 131072     | 695.13           | 358.34                 | 6   | 5581,5763,5945,5586,5768,5950       | -48.45   |
| 1   | 80         | 10000000 | 1250000   | 117648   | 4       | 2048  | 8    | worker   | 12        | 16  | increase  | asc         | desc       | 1131072    | 8081.69          | 4163.34                | 6   | 723,905,1087,728,910,1092           | -48.48   |
| 4   | 80         | 10000000 | 1250000   | 117648   | 4       | 2048  | 8    | worker   | 12        | 16  | decrease  | desc        | asc        | 16384      | 113.45           | 58.37                  | 6   | 6652,6834,7016,6657,6839,7021       | -48.55   |
| 3   | 80         | 10000000 | 1250000   | 117648   | 4       | 2048  | 8    | io_uring | 12        | 16  | decrease  | asc         | asc        | 256072     | 1343.07          | 690.18                 | 6   | 5588,5770,5952,5593,5775,5957       | -48.61   |
| 1   | 80         | 10000000 | 1250000   | 117648   | 4       | 2048  | 8    | worker   | 12        | 16  | increase  | asc         | desc       | 756072     | 5385.18          | 2765.81                | 6   | 702,884,1066,707,889,1071           | -48.64   |
| 1   | 80         | 10000000 | 1250000   | 117648   | 4       | 2048  | 8    | worker   | 12        | 16  | increase  | asc         | desc       | 256072     | 1761.96          | 904.73                 | 6   | 674,856,1038,679,861,1043           | -48.65   |
| 1   | 80         | 10000000 | 1250000   | 117648   | 4       | 2048  | 8    | worker   | 12        | 16  | increase  | asc         | desc       | 32768      | 237.61           | 121.79                 | 6   | 653,835,1017,658,840,1022           | -48.74   |
| 2   | 80         | 10000000 | 1250000   | 117648   | 4       | 2048  | 8    | worker   | 12        | 16  | increase  | desc        | desc       | 16384      | 103.07           | 52.67                  | 6   | 2830,3012,3194,2835,3017,3199       | -48.9    |
| 2   | 80         | 10000000 | 1250000   | 117648   | 4       | 2048  | 8    | worker   | 12        | 16  | increase  | desc        | desc       | 65536      | 394.44           | 201.48                 | 6   | 2844,3026,3208,2849,3031,3213       | -48.92   |
| 3   | 80         | 10000000 | 1250000   | 117648   | 4       | 2048  | 8    | io_uring | 12        | 16  | decrease  | asc         | asc        | 381072     | 1987.03          | 1013.92                | 6   | 5595,5777,5959,5600,5782,5964       | -48.97   |
| 1   | 80         | 10000000 | 1250000   | 117648   | 4       | 2048  | 8    | worker   | 12        | 16  | increase  | asc         | desc       | 506072     | 3531.35          | 1801.38                | 6   | 688,870,1052,693,875,1057           | -48.99   |
| 3   | 80         | 10000000 | 1250000   | 117648   | 4       | 2048  | 8    | io_uring | 12        | 16  | decrease  | asc         | asc        | 506072     | 2631.69          | 1339.9                 | 6   | 5602,5784,5966,5607,5789,5971       | -49.09   |
| 3   | 80         | 10000000 | 1250000   | 117648   | 4       | 2048  | 8    | io_uring | 12        | 16  | decrease  | asc         | asc        | 756072     | 3918.6           | 1991.29                | 6   | 5616,5798,5980,5621,5803,5985       | -49.18   |
| 1   | 80         | 10000000 | 1250000   | 117648   | 4       | 2048  | 8    | worker   | 12        | 16  | increase  | asc         | desc       | 65536      | 472.95           | 239.74                 | 6   | 660,842,1024,665,847,1029           | -49.31   |
| 2   | 80         | 10000000 | 1250000   | 117648   | 4       | 2048  | 8    | worker   | 12        | 16  | increase  | desc        | desc       | 256072     | 1523.78          | 766.19                 | 6   | 2858,3040,3222,2863,3045,3227       | -49.72   |
| 1   | 80         | 10000000 | 1250000   | 117648   | 4       | 2048  | 8    | worker   | 12        | 16  | increase  | asc         | desc       | 381072     | 2686.27          | 1342.92                | 6   | 681,863,1045,686,868,1050           | -50.01   |
| 3   | 80         | 10000000 | 1250000   | 117648   | 4       | 2048  | 8    | worker   | 12        | 16  | decrease  | asc         | asc        | 8192       | 49.73            | 24.84                  | 6   | 4461,4643,4825,4466,4648,4830       | -50.05   |
| 4   | 80         | 10000000 | 1250000   | 117648   | 4       | 2048  | 8    | worker   | 12        | 16  | decrease  | desc        | asc        | 506072     | 3083.07          | 1538.96                | 6   | 6694,6876,7058,6699,6881,7063       | -50.08   |
| 2   | 80         | 10000000 | 1250000   | 117648   | 4       | 2048  | 8    | worker   | 12        | 16  | increase  | desc        | desc       | 506072     | 3000.39          | 1496.03                | 6   | 2872,3054,3236,2877,3059,3241       | -50.14   |
| 2   | 80         | 10000000 | 1250000   | 117648   | 4       | 2048  | 8    | worker   | 12        | 16  | increase  | desc        | desc       | 32768      | 204.87           | 101.45                 | 6   | 2837,3019,3201,2842,3024,3206       | -50.48   |
| 4   | 80         | 10000000 | 1250000   | 117648   | 4       | 2048  | 8    | worker   | 12        | 16  | decrease  | desc        | asc        | 756072     | 4573.89          | 2262.19                | 6   | 6708,6890,7072,6713,6895,7077       | -50.54   |
| 4   | 80         | 10000000 | 1250000   | 117648   | 4       | 2048  | 8    | worker   | 12        | 16  | decrease  | desc        | asc        | 881072     | 5349.87          | 2642.44                | 6   | 6715,6897,7079,6720,6902,7084       | -50.61   |
| 2   | 80         | 10000000 | 1250000   | 117648   | 4       | 2048  | 8    | worker   | 12        | 16  | increase  | desc        | desc       | 381072     | 2289.08          | 1124.4                 | 6   | 2865,3047,3229,2870,3052,3234       | -50.88   |
| 2   | 80         | 10000000 | 1250000   | 117648   | 4       | 2048  | 8    | worker   | 12        | 16  | increase  | desc        | desc       | 631072     | 3752.24          | 1834.86                | 6   | 2879,3061,3243,2884,3066,3248       | -51.1    |
| 2   | 80         | 10000000 | 1250000   | 117648   | 4       | 2048  | 8    | worker   | 12        | 16  | increase  | desc        | desc       | 131072     | 823.25           | 402.45                 | 6   | 2851,3033,3215,2856,3038,3220       | -51.11   |
| 4   | 80         | 10000000 | 1250000   | 117648   | 4       | 2048  | 8    | worker   | 12        | 16  | decrease  | desc        | asc        | 256072     | 1603.46          | 781.08                 | 6   | 6680,6862,7044,6685,6867,7049       | -51.29   |
| 2   | 80         | 10000000 | 1250000   | 117648   | 4       | 2048  | 8    | worker   | 12        | 16  | increase  | desc        | desc       | 756072     | 4483.82          | 2178.11                | 6   | 2886,3068,3250,2891,3073,3255       | -51.42   |
| 4   | 80         | 10000000 | 1250000   | 117648   | 4       | 2048  | 8    | worker   | 12        | 16  | decrease  | desc        | asc        | 1006072    | 6145.56          | 2978.7                 | 6   | 6722,6904,7086,6727,6909,7091       | -51.53   |
| 2   | 80         | 10000000 | 1250000   | 117648   | 4       | 2048  | 8    | worker   | 12        | 16  | increase  | desc        | desc       | 1006072    | 5834.06          | 2826.63                | 6   | 2900,3082,3264,2905,3087,3269       | -51.55   |
| 2   | 80         | 10000000 | 1250000   | 117648   | 4       | 2048  | 8    | worker   | 12        | 16  | increase  | desc        | desc       | 881072     | 5193.19          | 2512.48                | 6   | 2893,3075,3257,2898,3080,3262       | -51.62   |
| 4   | 80         | 10000000 | 1250000   | 117648   | 4       | 2048  | 8    | worker   | 12        | 16  | decrease  | desc        | asc        | 381072     | 2376.48          | 1145.69                | 6   | 6687,6869,7051,6692,6874,7056       | -51.79   |
| 2   | 80         | 10000000 | 1250000   | 117648   | 4       | 2048  | 8    | worker   | 12        | 16  | increase  | desc        | desc       | 1131072    | 6548.46          | 3136.0                 | 6   | 2907,3089,3271,2912,3094,3276       | -52.11   |
| 4   | 80         | 10000000 | 1250000   | 117648   | 4       | 2048  | 8    | worker   | 12        | 16  | decrease  | desc        | asc        | 131072     | 868.2            | 411.49                 | 6   | 6673,6855,7037,6678,6860,7042       | -52.6    |
| 3   | 80         | 10000000 | 1250000   | 117648   | 4       | 2048  | 8    | worker   | 12        | 16  | decrease  | asc         | asc        | 65536      | 353.63           | 166.31                 | 6   | 4482,4664,4846,4487,4669,4851       | -52.97   |
| 4   | 80         | 10000000 | 1250000   | 117648   | 4       | 2048  | 8    | worker   | 12        | 16  | decrease  | desc        | asc        | 65536      | 446.92           | 209.91                 | 6   | 6666,6848,7030,6671,6853,7035       | -53.03   |
| 3   | 80         | 10000000 | 1250000   | 117648   | 4       | 2048  | 8    | worker   | 12        | 16  | decrease  | asc         | asc        | 16384      | 98.62            | 46.0                   | 6   | 4468,4650,4832,4473,4655,4837       | -53.36   |
| 3   | 80         | 10000000 | 1250000   | 117648   | 4       | 2048  | 8    | worker   | 12        | 16  | decrease  | asc         | asc        | 131072     | 703.07           | 327.14                 | 6   | 4489,4671,4853,4494,4676,4858       | -53.47   |
| 3   | 80         | 10000000 | 1250000   | 117648   | 4       | 2048  | 8    | worker   | 12        | 16  | decrease  | asc         | asc        | 881072     | 4608.25          | 2122.02                | 6   | 4531,4713,4895,4536,4718,4900       | -53.95   |
| 3   | 80         | 10000000 | 1250000   | 117648   | 4       | 2048  | 8    | worker   | 12        | 16  | decrease  | asc         | asc        | 506072     | 2642.71          | 1213.88                | 6   | 4510,4692,4874,4515,4697,4879       | -54.07   |
| 3   | 80         | 10000000 | 1250000   | 117648   | 4       | 2048  | 8    | worker   | 12        | 16  | decrease  | asc         | asc        | 381072     | 2030.15          | 931.66                 | 6   | 4503,4685,4867,4508,4690,4872       | -54.11   |
| 3   | 80         | 10000000 | 1250000   | 117648   | 4       | 2048  | 8    | worker   | 12        | 16  | decrease  | asc         | asc        | 1131072    | 5970.65          | 2705.15                | 6   | 4545,4727,4909,4550,4732,4914       | -54.69   |
| 3   | 80         | 10000000 | 1250000   | 117648   | 4       | 2048  | 8    | worker   | 12        | 16  | decrease  | asc         | asc        | 756072     | 4047.12          | 1819.96                | 6   | 4524,4706,4888,4529,4711,4893       | -55.03   |
| 3   | 80         | 10000000 | 1250000   | 117648   | 4       | 2048  | 8    | worker   | 12        | 16  | decrease  | asc         | asc        | 1006072    | 5376.26          | 2411.24                | 6   | 4538,4720,4902,4543,4725,4907       | -55.15   |
| 3   | 80         | 10000000 | 1250000   | 117648   | 4       | 2048  | 8    | worker   | 12        | 16  | decrease  | asc         | asc        | 32768      | 200.55           | 85.42                  | 6   | 4475,4657,4839,4480,4662,4844       | -57.41   |
+-----+------------+----------+-----------+----------+---------+-------+------+----------+-----------+-----+-----------+-------------+------------+------------+------------------+------------------------+-----+-------------------------------------+----------+
