+-----+------------+----------+-----------+----------+---------+-------+------+----------+-----------+-----+-----------+-------------+------------+------------+-------------------------+-------------------+-----+-------------------------------------+----------+----------+
| did | fillfactor |   rows   | ndistinct | relpages |  fuzz   | fuzz2 | step | iomethod | ioworkers | eic | direction | index_order | scan_order | num_values | patched-geoghegan-munro | patched-geoghegan | cnt |                 qid                 |   diff   | pct_diff |
+-----+------------+----------+-----------+----------+---------+-------+------+----------+-----------+-----+-----------+-------------+------------+------------+-------------------------+-------------------+-----+-------------------------------------+----------+----------+
| 14  | 20         | 10000000 | 2500000   | 476191   | 0       | 8     | 4    | io_uring | 12        | 16  | increase  | desc        | desc       | 2262144    | 12585.71                | 26878.63          | 6   | 20489,20624,20759,20488,20623,20758 | 14292.92 | 113.56   |
| 14  | 20         | 10000000 | 2500000   | 476191   | 0       | 8     | 4    | io_uring | 12        | 16  | increase  | desc        | desc       | 2012144    | 11169.6                 | 23834.6           | 6   | 20484,20619,20754,20483,20618,20753 | 12665.0  | 113.39   |
| 14  | 20         | 10000000 | 2500000   | 476191   | 0       | 8     | 4    | worker   | 12        | 16  | increase  | desc        | desc       | 2262144    | 10205.82                | 22117.47          | 6   | 19679,19814,19949,19678,19813,19948 | 11911.65 | 116.71   |
| 14  | 20         | 10000000 | 2500000   | 476191   | 0       | 8     | 4    | io_uring | 12        | 16  | increase  | desc        | desc       | 1762144    | 9744.49                 | 20819.37          | 6   | 20479,20614,20749,20478,20613,20748 | 11074.88 | 113.65   |
| 15  | 20         | 10000000 | 2500000   | 476191   | 0       | 8     | 4    | io_uring | 12        | 16  | decrease  | asc         | asc        | 1762144    | 9763.84                 | 20742.0           | 6   | 21694,21829,21964,21693,21828,21963 | 10978.16 | 112.44   |
| 14  | 20         | 10000000 | 2500000   | 476191   | 0       | 8     | 4    | worker   | 12        | 16  | increase  | desc        | desc       | 2012144    | 9078.68                 | 19676.8           | 6   | 19674,19809,19944,19673,19808,19943 | 10598.12 | 116.74   |
| 15  | 20         | 10000000 | 2500000   | 476191   | 0       | 8     | 4    | io_uring | 12        | 16  | decrease  | asc         | asc        | 1512144    | 8470.04                 | 17952.34          | 6   | 21689,21824,21959,21688,21823,21958 | 9482.3   | 111.95   |
| 14  | 20         | 10000000 | 2500000   | 476191   | 0       | 8     | 4    | io_uring | 12        | 16  | increase  | desc        | desc       | 1512144    | 8344.43                 | 17826.13          | 6   | 20474,20609,20744,20473,20608,20743 | 9481.7   | 113.63   |
| 15  | 20         | 10000000 | 2500000   | 476191   | 0       | 8     | 4    | worker   | 12        | 16  | decrease  | asc         | asc        | 2012144    | 7402.07                 | 16872.21          | 6   | 20889,21024,21159,20888,21023,21158 | 9470.14  | 127.94   |
| 15  | 20         | 10000000 | 2500000   | 476191   | 0       | 8     | 4    | io_uring | 12        | 16  | decrease  | asc         | asc        | 2012144    | 15078.12                | 23526.03          | 6   | 21699,21834,21969,21698,21833,21968 | 8447.91  | 56.03    |
| 14  | 20         | 10000000 | 2500000   | 476191   | 0       | 8     | 4    | worker   | 12        | 16  | increase  | desc        | desc       | 1512144    | 6825.89                 | 14829.48          | 6   | 19664,19799,19934,19663,19798,19933 | 8003.59  | 117.25   |
| 15  | 20         | 10000000 | 2500000   | 476191   | 0       | 8     | 4    | io_uring | 12        | 16  | decrease  | asc         | asc        | 1262144    | 7144.84                 | 15105.35          | 6   | 21684,21819,21954,21683,21818,21953 | 7960.51  | 111.42   |
| 14  | 20         | 10000000 | 2500000   | 476191   | 0       | 8     | 4    | io_uring | 12        | 16  | increase  | desc        | desc       | 1262144    | 6926.71                 | 14807.47          | 6   | 20469,20604,20739,20468,20603,20738 | 7880.76  | 113.77   |
| 15  | 20         | 10000000 | 2500000   | 476191   | 0       | 8     | 4    | worker   | 12        | 16  | decrease  | asc         | asc        | 1512144    | 5632.92                 | 12794.9           | 6   | 20879,21014,21149,20878,21013,21148 | 7161.98  | 127.15   |
| 15  | 20         | 10000000 | 2500000   | 476191   | 0       | 8     | 4    | worker   | 12        | 16  | decrease  | asc         | asc        | 2262144    | 11830.08                | 18912.07          | 6   | 20894,21029,21164,20893,21028,21163 | 7081.99  | 59.86    |
| 15  | 20         | 10000000 | 2500000   | 476191   | 0       | 8     | 4    | io_uring | 12        | 16  | decrease  | asc         | asc        | 1012144    | 5784.61                 | 12224.48          | 6   | 21679,21814,21949,21678,21813,21948 | 6439.87  | 111.33   |
| 14  | 20         | 10000000 | 2500000   | 476191   | 0       | 8     | 4    | io_uring | 12        | 16  | increase  | desc        | desc       | 1012144    | 5537.48                 | 11855.33          | 6   | 20464,20599,20734,20463,20598,20733 | 6317.85  | 114.09   |
| 15  | 20         | 10000000 | 2500000   | 476191   | 0       | 8     | 4    | worker   | 12        | 16  | decrease  | asc         | asc        | 1262144    | 4723.07                 | 10759.77          | 6   | 20874,21009,21144,20873,21008,21143 | 6036.7   | 127.81   |
| 14  | 20         | 10000000 | 2500000   | 476191   | 0       | 8     | 4    | worker   | 12        | 16  | increase  | desc        | desc       | 1762144    | 11247.71                | 17232.88          | 6   | 19669,19804,19939,19668,19803,19938 | 5985.17  | 53.21    |
| 15  | 20         | 10000000 | 2500000   | 476191   | 0       | 8     | 4    | worker   | 12        | 16  | decrease  | asc         | asc        | 1762144    | 9298.77                 | 14846.77          | 6   | 20884,21019,21154,20883,21018,21153 | 5548.0   | 59.66    |
| 14  | 20         | 10000000 | 2500000   | 476191   | 0       | 8     | 4    | worker   | 12        | 16  | increase  | desc        | desc       | 1012144    | 4597.38                 | 9970.52           | 6   | 19654,19789,19924,19653,19788,19923 | 5373.14  | 116.87   |
| 15  | 20         | 10000000 | 2500000   | 476191   | 0       | 8     | 4    | io_uring | 12        | 16  | decrease  | asc         | asc        | 2262144    | 21289.01                | 26324.19          | 6   | 21704,21839,21974,21703,21838,21973 | 5035.18  | 23.65    |
| 15  | 20         | 10000000 | 2500000   | 476191   | 0       | 8     | 4    | worker   | 12        | 16  | decrease  | asc         | asc        | 1012144    | 3860.44                 | 8713.46           | 6   | 20869,21004,21139,20868,21003,21138 | 4853.02  | 125.71   |
| 15  | 20         | 10000000 | 2500000   | 476191   | 0       | 8     | 4    | io_uring | 12        | 16  | decrease  | asc         | asc        | 762144     | 4343.25                 | 9191.43           | 6   | 21674,21809,21944,21673,21808,21943 | 4848.18  | 111.63   |
| 14  | 20         | 10000000 | 2500000   | 476191   | 0       | 8     | 4    | io_uring | 12        | 16  | increase  | desc        | desc       | 762144     | 4075.41                 | 8762.73           | 6   | 20459,20594,20729,20458,20593,20728 | 4687.32  | 115.01   |
| 14  | 20         | 10000000 | 2500000   | 476191   | 0       | 8     | 4    | worker   | 12        | 16  | increase  | desc        | desc       | 762144     | 3488.92                 | 7536.87           | 6   | 19649,19784,19919,19648,19783,19918 | 4047.95  | 116.02   |
| 15  | 20         | 10000000 | 2500000   | 476191   | 0       | 8     | 4    | worker   | 12        | 16  | decrease  | asc         | asc        | 762144     | 2987.06                 | 6688.38           | 6   | 20864,20999,21134,20863,20998,21133 | 3701.32  | 123.91   |
| 15  | 20         | 10000000 | 2500000   | 476191   | 0       | 8     | 4    | io_uring | 12        | 16  | decrease  | asc         | asc        | 512144     | 2909.26                 | 6157.03           | 6   | 21669,21804,21939,21668,21803,21938 | 3247.77  | 111.64   |
| 14  | 20         | 10000000 | 2500000   | 476191   | 0       | 8     | 4    | io_uring | 12        | 16  | increase  | desc        | desc       | 512144     | 2688.36                 | 5787.61           | 6   | 20454,20589,20724,20453,20588,20723 | 3099.25  | 115.28   |
| 14  | 20         | 10000000 | 2500000   | 476191   | 0       | 8     | 4    | worker   | 12        | 16  | increase  | desc        | desc       | 512144     | 2366.5                  | 5087.47           | 6   | 19644,19779,19914,19643,19778,19913 | 2720.97  | 114.98   |
| 15  | 20         | 10000000 | 2500000   | 476191   | 0       | 8     | 4    | worker   | 12        | 16  | decrease  | asc         | asc        | 512144     | 2079.44                 | 4606.28           | 6   | 20859,20994,21129,20858,20993,21128 | 2526.84  | 121.52   |
| 14  | 20         | 10000000 | 2500000   | 476191   | 0       | 8     | 4    | worker   | 12        | 16  | increase  | desc        | desc       | 1262144    | 10054.59                | 12400.32          | 6   | 19659,19794,19929,19658,19793,19928 | 2345.73  | 23.33    |
| 15  | 20         | 10000000 | 2500000   | 476191   | 0       | 8     | 4    | io_uring | 12        | 16  | decrease  | asc         | asc        | 262144     | 1471.56                 | 3119.55           | 6   | 21664,21799,21934,21663,21798,21933 | 1647.99  | 111.99   |
| 14  | 20         | 10000000 | 2500000   | 476191   | 0       | 8     | 4    | worker   | 12        | 16  | increase  | desc        | desc       | 262144     | 1230.95                 | 2647.86           | 6   | 19639,19774,19909,19638,19773,19908 | 1416.91  | 115.11   |
| 15  | 20         | 10000000 | 2500000   | 476191   | 0       | 8     | 4    | worker   | 12        | 16  | decrease  | asc         | asc        | 262144     | 1074.49                 | 2357.84           | 6   | 20854,20989,21124,20853,20988,21123 | 1283.35  | 119.44   |
| 14  | 20         | 10000000 | 2500000   | 476191   | 0       | 8     | 4    | io_uring | 12        | 16  | increase  | desc        | desc       | 262144     | 1329.59                 | 2341.59           | 6   | 20449,20584,20719,20448,20583,20718 | 1012.0   | 76.11    |
| 15  | 20         | 10000000 | 2500000   | 476191   | 0       | 8     | 4    | io_uring | 12        | 16  | decrease  | asc         | asc        | 131072     | 727.87                  | 1555.09           | 6   | 21659,21794,21929,21658,21793,21928 | 827.22   | 113.65   |
| 14  | 20         | 10000000 | 2500000   | 476191   | 0       | 8     | 4    | io_uring | 12        | 16  | increase  | desc        | desc       | 131072     | 659.44                  | 1423.71           | 6   | 20444,20579,20714,20443,20578,20713 | 764.27   | 115.9    |
| 15  | 20         | 10000000 | 2500000   | 476191   | 0       | 8     | 4    | worker   | 12        | 16  | decrease  | asc         | asc        | 131072     | 542.25                  | 1185.66           | 6   | 20849,20984,21119,20848,20983,21118 | 643.41   | 118.66   |
| 14  | 20         | 10000000 | 2500000   | 476191   | 0       | 8     | 4    | worker   | 12        | 16  | increase  | desc        | desc       | 131072     | 802.05                  | 1265.2            | 6   | 19634,19769,19904,19633,19768,19903 | 463.15   | 57.75    |
| 15  | 20         | 10000000 | 2500000   | 476191   | 0       | 8     | 4    | io_uring | 12        | 16  | decrease  | asc         | asc        | 65536      | 363.56                  | 781.29            | 6   | 21654,21789,21924,21653,21788,21923 | 417.73   | 114.9    |
| 14  | 20         | 10000000 | 2500000   | 476191   | 0       | 8     | 4    | io_uring | 12        | 16  | increase  | desc        | desc       | 65536      | 329.26                  | 713.0             | 6   | 20439,20574,20709,20438,20573,20708 | 383.74   | 116.55   |
| 14  | 20         | 10000000 | 2500000   | 476191   | 0       | 8     | 4    | worker   | 12        | 16  | increase  | desc        | desc       | 65536      | 298.41                  | 632.82            | 6   | 19629,19764,19899,19628,19763,19898 | 334.41   | 112.06   |
| 15  | 20         | 10000000 | 2500000   | 476191   | 0       | 8     | 4    | worker   | 12        | 16  | decrease  | asc         | asc        | 65536      | 272.01                  | 593.56            | 6   | 20844,20979,21114,20843,20978,21113 | 321.55   | 118.21   |
| 15  | 20         | 10000000 | 2500000   | 476191   | 0       | 8     | 4    | io_uring | 12        | 16  | decrease  | asc         | asc        | 32768      | 183.42                  | 394.68            | 6   | 21649,21784,21919,21648,21783,21918 | 211.26   | 115.18   |
| 14  | 20         | 10000000 | 2500000   | 476191   | 0       | 8     | 4    | io_uring | 12        | 16  | increase  | desc        | desc       | 32768      | 165.62                  | 356.81            | 6   | 20434,20569,20704,20433,20568,20703 | 191.19   | 115.44   |
| 14  | 20         | 10000000 | 2500000   | 476191   | 0       | 8     | 4    | worker   | 12        | 16  | increase  | desc        | desc       | 32768      | 149.23                  | 318.38            | 6   | 19624,19759,19894,19623,19758,19893 | 169.15   | 113.35   |
| 15  | 20         | 10000000 | 2500000   | 476191   | 0       | 8     | 4    | worker   | 12        | 16  | decrease  | asc         | asc        | 32768      | 137.71                  | 297.23            | 6   | 20839,20974,21109,20838,20973,21108 | 159.52   | 115.84   |
| 15  | 20         | 10000000 | 2500000   | 476191   | 0       | 8     | 4    | worker   | 12        | 16  | decrease  | asc         | desc       | 2262144    | 2711.29                 | 2839.44           | 6   | 21299,21434,21569,21298,21433,21568 | 128.15   | 4.73     |
| 14  | 20         | 10000000 | 2500000   | 476191   | 0       | 8     | 4    | worker   | 12        | 16  | increase  | desc        | asc        | 2012144    | 2344.42                 | 2465.0            | 6   | 19269,19404,19539,19268,19403,19538 | 120.58   | 5.14     |
| 15  | 20         | 10000000 | 2500000   | 476191   | 0       | 8     | 4    | io_uring | 12        | 16  | decrease  | asc         | asc        | 16384      | 93.95                   | 198.22            | 6   | 21644,21779,21914,21643,21778,21913 | 104.27   | 110.98   |
| 15  | 20         | 10000000 | 2500000   | 476191   | 0       | 8     | 4    | worker   | 12        | 16  | decrease  | asc         | desc       | 1762144    | 2117.88                 | 2215.39           | 6   | 21289,21424,21559,21288,21423,21558 | 97.51    | 4.6      |
| 14  | 20         | 10000000 | 2500000   | 476191   | 0       | 8     | 4    | io_uring | 12        | 16  | increase  | desc        | desc       | 16384      | 83.57                   | 180.41            | 6   | 20429,20564,20699,20428,20563,20698 | 96.84    | 115.88   |
| 14  | 20         | 10000000 | 2500000   | 476191   | 0       | 8     | 4    | worker   | 12        | 16  | increase  | desc        | asc        | 1512144    | 1770.74                 | 1861.99           | 6   | 19259,19394,19529,19258,19393,19528 | 91.25    | 5.15     |
| 14  | 20         | 10000000 | 2500000   | 476191   | 0       | 8     | 4    | worker   | 12        | 16  | increase  | desc        | asc        | 2262144    | 2681.84                 | 2767.72           | 6   | 19274,19409,19544,19273,19408,19543 | 85.88    | 3.2      |
| 14  | 20         | 10000000 | 2500000   | 476191   | 0       | 8     | 4    | worker   | 12        | 16  | increase  | desc        | desc       | 16384      | 74.59                   | 159.08            | 6   | 19619,19754,19889,19618,19753,19888 | 84.49    | 113.27   |
| 21  | 80         | 10000000 | 10000000  | 117648   | 1048576 | 128   | 1    | io_uring | 12        | 16  | increase  | asc         | desc       | 65536      | 128.54                  | 212.23            | 4   | 31149,31294,31148,31293             | 83.69    | 65.11    |
| 15  | 20         | 10000000 | 2500000   | 476191   | 0       | 8     | 4    | worker   | 12        | 16  | decrease  | asc         | desc       | 2012144    | 2439.41                 | 2521.89           | 6   | 21294,21429,21564,21293,21428,21563 | 82.48    | 3.38     |
| 15  | 20         | 10000000 | 2500000   | 476191   | 0       | 8     | 4    | worker   | 12        | 16  | decrease  | asc         | desc       | 1262144    | 1506.5                  | 1586.82           | 6   | 21279,21414,21549,21278,21413,21548 | 80.32    | 5.33     |
| 15  | 20         | 10000000 | 2500000   | 476191   | 0       | 8     | 4    | worker   | 12        | 16  | decrease  | asc         | asc        | 16384      | 69.45                   | 149.48            | 6   | 20834,20969,21104,20833,20968,21103 | 80.03    | 115.23   |
| 15  | 20         | 10000000 | 2500000   | 476191   | 0       | 8     | 4    | worker   | 12        | 16  | decrease  | asc         | desc       | 1512144    | 1826.37                 | 1904.78           | 6   | 21284,21419,21554,21283,21418,21553 | 78.41    | 4.29     |
| 5   | 80         | 10000000 | 312500    | 117648   | 16384   | 2048  | 32   | io_uring | 12        | 16  | increase  | asc         | desc       | 220268     | 5421.13                 | 5498.94           | 6   | 7189,7309,7429,7188,7308,7428       | 77.81    | 1.44     |
| 14  | 20         | 10000000 | 2500000   | 476191   | 0       | 8     | 4    | worker   | 12        | 16  | increase  | desc        | asc        | 1762144    | 2080.29                 | 2155.66           | 6   | 19264,19399,19534,19263,19398,19533 | 75.37    | 3.62     |
| 21  | 80         | 10000000 | 10000000  | 117648   | 1048576 | 128   | 1    | io_uring | 12        | 16  | increase  | asc         | asc        | 1048576    | 382.43                  | 452.76            | 6   | 30734,30879,31024,30733,30878,31023 | 70.33    | 18.39    |
| 21  | 80         | 10000000 | 10000000  | 117648   | 1048576 | 128   | 1    | worker   | 12        | 16  | increase  | asc         | desc       | 9048576    | 6794.61                 | 6859.96           | 6   | 30339,30484,30629,30338,30483,30628 | 65.35    | 0.96     |
| 13  | 20         | 10000000 | 2500000   | 476191   | 0       | 8     | 4    | worker   | 12        | 16  | increase  | asc         | asc        | 1512144    | 827.64                  | 891.87            | 6   | 17639,17774,17909,17638,17773,17908 | 64.23    | 7.76     |
| 21  | 80         | 10000000 | 10000000  | 117648   | 1048576 | 128   | 1    | io_uring | 12        | 16  | increase  | asc         | asc        | 65536      | 108.44                  | 171.38            | 6   | 30714,30859,31004,30713,30858,31003 | 62.94    | 58.04    |
| 21  | 80         | 10000000 | 10000000  | 117648   | 1048576 | 128   | 1    | io_uring | 12        | 16  | increase  | asc         | asc        | 8048576    | 2352.56                 | 2408.0            | 6   | 30769,30914,31059,30768,30913,31058 | 55.44    | 2.36     |
| 14  | 20         | 10000000 | 2500000   | 476191   | 0       | 8     | 4    | io_uring | 12        | 16  | increase  | desc        | desc       | 8192       | 42.64                   | 90.6              | 6   | 20424,20559,20694,20423,20558,20693 | 47.96    | 112.48   |
| 21  | 80         | 10000000 | 10000000  | 117648   | 1048576 | 128   | 1    | io_uring | 12        | 16  | increase  | asc         | asc        | 3048576    | 970.42                  | 1017.23           | 6   | 30744,30889,31034,30743,30888,31033 | 46.81    | 4.82     |
| 16  | 20         | 10000000 | 2500000   | 476191   | 0       | 8     | 4    | worker   | 12        | 16  | decrease  | desc        | desc       | 1012144    | 553.51                  | 595.2             | 6   | 22894,23029,23164,22893,23028,23163 | 41.69    | 7.53     |
| 14  | 20         | 10000000 | 2500000   | 476191   | 0       | 8     | 4    | worker   | 12        | 16  | increase  | desc        | desc       | 8192       | 38.01                   | 79.7              | 6   | 19614,19749,19884,19613,19748,19883 | 41.69    | 109.68   |
| 6   | 80         | 10000000 | 312500    | 117648   | 16384   | 2048  | 32   | io_uring | 12        | 16  | increase  | desc        | asc        | 282768     | 3064.7                  | 3106.34           | 6   | 8279,8399,8519,8278,8398,8518       | 41.64    | 1.36     |
| 15  | 20         | 10000000 | 2500000   | 476191   | 0       | 8     | 4    | worker   | 12        | 16  | decrease  | asc         | desc       | 762144     | 930.18                  | 971.09            | 6   | 21269,21404,21539,21268,21403,21538 | 40.91    | 4.4      |
| 14  | 20         | 10000000 | 2500000   | 476191   | 0       | 8     | 4    | worker   | 12        | 16  | increase  | desc        | asc        | 1262144    | 1511.75                 | 1550.94           | 6   | 19254,19389,19524,19253,19388,19523 | 39.19    | 2.59     |
| 15  | 20         | 10000000 | 2500000   | 476191   | 0       | 8     | 4    | worker   | 12        | 16  | decrease  | asc         | desc       | 1012144    | 1242.74                 | 1281.39           | 6   | 21274,21409,21544,21273,21408,21543 | 38.65    | 3.11     |
| 21  | 80         | 10000000 | 10000000  | 117648   | 1048576 | 128   | 1    | io_uring | 12        | 16  | increase  | asc         | desc       | 4096       | 74.67                   | 111.54            | 4   | 31129,31274,31128,31273             | 36.87    | 49.38    |
| 17  | 40         | 10000000 | 312500    | 238096   | 4096    | 128   | 32   | worker   | 12        | 16  | increase  | asc         | asc        | 251518     | 959.82                  | 996.67            | 6   | 24114,24234,24354,24113,24233,24353 | 36.85    | 3.84     |
| 19  | 40         | 10000000 | 312500    | 238096   | 4096    | 128   | 32   | io_uring | 12        | 16  | decrease  | asc         | desc       | 220268     | 2113.36                 | 2149.98           | 6   | 28069,28189,28309,28068,28188,28308 | 36.62    | 1.73     |
| 21  | 80         | 10000000 | 10000000  | 117648   | 1048576 | 128   | 1    | worker   | 12        | 16  | increase  | asc         | asc        | 16384      | 91.25                   | 127.55            | 6   | 29834,29979,30124,29833,29978,30123 | 36.3     | 39.78    |
| 21  | 80         | 10000000 | 10000000  | 117648   | 1048576 | 128   | 1    | worker   | 12        | 16  | increase  | asc         | desc       | 65536      | 138.43                  | 174.32            | 6   | 30279,30424,30569,30278,30423,30568 | 35.89    | 25.93    |
| 21  | 80         | 10000000 | 10000000  | 117648   | 1048576 | 128   | 1    | io_uring | 12        | 16  | increase  | asc         | asc        | 4096       | 83.77                   | 118.51            | 6   | 30694,30839,30984,30693,30838,30983 | 34.74    | 41.47    |
| 19  | 40         | 10000000 | 312500    | 238096   | 4096    | 128   | 32   | io_uring | 12        | 16  | decrease  | asc         | desc       | 282768     | 2730.86                 | 2765.55           | 6   | 28079,28199,28319,28078,28198,28318 | 34.69    | 1.27     |
| 15  | 20         | 10000000 | 2500000   | 476191   | 0       | 8     | 4    | io_uring | 12        | 16  | decrease  | asc         | asc        | 8192       | 64.32                   | 99.01             | 6   | 21639,21774,21909,21638,21773,21908 | 34.69    | 53.93    |
| 8   | 80         | 10000000 | 312500    | 117648   | 16384   | 2048  | 32   | worker   | 12        | 16  | decrease  | desc        | asc        | 126518     | 2788.21                 | 2822.62           | 6   | 10414,10534,10654,10413,10533,10653 | 34.41    | 1.23     |
| 5   | 80         | 10000000 | 312500    | 117648   | 16384   | 2048  | 32   | io_uring | 12        | 16  | increase  | asc         | desc       | 157768     | 3899.13                 | 3932.69           | 6   | 7179,7299,7419,7178,7298,7418       | 33.56    | 0.86     |
| 16  | 20         | 10000000 | 2500000   | 476191   | 0       | 8     | 4    | io_uring | 12        | 16  | decrease  | desc        | desc       | 2262144    | 1623.66                 | 1656.65           | 6   | 23729,23864,23999,23728,23863,23998 | 32.99    | 2.03     |
| 5   | 80         | 10000000 | 312500    | 117648   | 16384   | 2048  | 32   | io_uring | 12        | 16  | increase  | asc         | desc       | 64018      | 1593.27                 | 1625.53           | 6   | 7164,7284,7404,7163,7283,7403       | 32.26    | 2.02     |
| 18  | 40         | 10000000 | 312500    | 238096   | 4096    | 128   | 32   | io_uring | 12        | 16  | increase  | desc        | asc        | 282768     | 2680.41                 | 2711.93           | 6   | 26279,26399,26519,26278,26398,26518 | 31.52    | 1.18     |
| 21  | 80         | 10000000 | 10000000  | 117648   | 1048576 | 128   | 1    | io_uring | 12        | 16  | increase  | asc         | desc       | 3048576    | 2658.87                 | 2688.6            | 4   | 31179,31324,31178,31323             | 29.73    | 1.12     |
| 17  | 40         | 10000000 | 312500    | 238096   | 4096    | 128   | 32   | io_uring | 12        | 16  | increase  | asc         | asc        | 251518     | 1079.26                 | 1108.49           | 6   | 24834,24954,25074,24833,24953,25073 | 29.23    | 2.71     |
| 21  | 80         | 10000000 | 10000000  | 117648   | 1048576 | 128   | 1    | worker   | 12        | 16  | increase  | asc         | asc        | 262144     | 165.23                  | 194.33            | 6   | 29854,29999,30144,29853,29998,30143 | 29.1     | 17.61    |
| 15  | 20         | 10000000 | 2500000   | 476191   | 0       | 8     | 4    | worker   | 12        | 16  | decrease  | asc         | desc       | 512144     | 626.8                   | 655.4             | 6   | 21264,21399,21534,21263,21398,21533 | 28.6     | 4.56     |
| 7   | 80         | 10000000 | 312500    | 117648   | 16384   | 2048  | 32   | io_uring | 12        | 16  | decrease  | asc         | asc        | 189018     | 1701.88                 | 1730.31           | 6   | 9704,9824,9944,9703,9823,9943       | 28.43    | 1.67     |
| 15  | 20         | 10000000 | 2500000   | 476191   | 0       | 8     | 4    | worker   | 12        | 16  | decrease  | asc         | asc        | 8192       | 47.82                   | 75.77             | 6   | 20829,20964,21099,20828,20963,21098 | 27.95    | 58.45    |
| 18  | 40         | 10000000 | 312500    | 238096   | 4096    | 128   | 32   | worker   | 12        | 16  | increase  | desc        | asc        | 220268     | 1791.54                 | 1818.54           | 6   | 25549,25669,25789,25548,25668,25788 | 27.0     | 1.51     |
| 5   | 80         | 10000000 | 312500    | 117648   | 16384   | 2048  | 32   | worker   | 12        | 16  | increase  | asc         | asc        | 220268     | 1461.39                 | 1488.08           | 6   | 6109,6229,6349,6108,6228,6348       | 26.69    | 1.83     |
| 21  | 80         | 10000000 | 10000000  | 117648   | 1048576 | 128   | 1    | io_uring | 12        | 16  | increase  | asc         | asc        | 5048576    | 1532.27                 | 1558.77           | 6   | 30754,30899,31044,30753,30898,31043 | 26.5     | 1.73     |
| 7   | 80         | 10000000 | 312500    | 117648   | 16384   | 2048  | 32   | io_uring | 12        | 16  | decrease  | asc         | asc        | 282768     | 2574.1                  | 2600.0            | 6   | 9719,9839,9959,9718,9838,9958       | 25.9     | 1.01     |
| 6   | 80         | 10000000 | 312500    | 117648   | 16384   | 2048  | 32   | worker   | 12        | 16  | increase  | desc        | desc       | 251518     | 2274.54                 | 2300.34           | 6   | 7914,8034,8154,7913,8033,8153       | 25.8     | 1.13     |
| 16  | 20         | 10000000 | 2500000   | 476191   | 0       | 8     | 4    | worker   | 12        | 16  | decrease  | desc        | desc       | 1512144    | 809.04                  | 834.82            | 6   | 22904,23039,23174,22903,23038,23173 | 25.78    | 3.19     |
| 20  | 40         | 10000000 | 312500    | 238096   | 4096    | 128   | 32   | worker   | 12        | 16  | decrease  | desc        | desc       | 189018     | 737.15                  | 762.41            | 6   | 28784,28904,29024,28783,28903,29023 | 25.26    | 3.43     |
| 11  | 40         | 10000000 | 312500    | 238096   | 1024    | 0     | 32   | worker   | 12        | 16  | decrease  | asc         | desc       | 157768     | 1087.9                  | 1112.98           | 6   | 15099,15219,15339,15098,15218,15338 | 25.08    | 2.31     |
| 6   | 80         | 10000000 | 312500    | 117648   | 16384   | 2048  | 32   | io_uring | 12        | 16  | increase  | desc        | desc       | 251518     | 2419.48                 | 2444.02           | 6   | 8634,8754,8874,8633,8753,8873       | 24.54    | 1.01     |
| 8   | 80         | 10000000 | 312500    | 117648   | 16384   | 2048  | 32   | io_uring | 12        | 16  | decrease  | desc        | asc        | 251518     | 6038.26                 | 6062.71           | 6   | 11154,11274,11394,11153,11273,11393 | 24.45    | 0.4      |
| 5   | 80         | 10000000 | 312500    | 117648   | 16384   | 2048  | 32   | io_uring | 12        | 16  | increase  | asc         | desc       | 32768      | 823.89                  | 848.0             | 6   | 7159,7279,7399,7158,7278,7398       | 24.11    | 2.93     |
| 8   | 80         | 10000000 | 312500    | 117648   | 16384   | 2048  | 32   | io_uring | 12        | 16  | decrease  | desc        | asc        | 4096       | 107.87                  | 131.11            | 6   | 11104,11224,11344,11103,11223,11343 | 23.24    | 21.54    |
| 12  | 40         | 10000000 | 312500    | 238096   | 1024    | 0     | 32   | worker   | 12        | 16  | decrease  | desc        | asc        | 220268     | 1495.26                 | 1518.17           | 6   | 16189,16309,16429,16188,16308,16428 | 22.91    | 1.53     |
| 8   | 80         | 10000000 | 312500    | 117648   | 16384   | 2048  | 32   | io_uring | 12        | 16  | decrease  | desc        | desc       | 189018     | 1264.32                 | 1287.03           | 6   | 11504,11624,11744,11503,11623,11743 | 22.71    | 1.8      |
| 4   | 100        | 10000000 | 625000    | 93458    | 16384   | 8     | 16   | worker   | 12        | 16  | decrease  | desc        | asc        | 440536     | 1331.0                  | 1353.68           | 6   | 4614,4739,4864,4613,4738,4863       | 22.68    | 1.7      |
| 5   | 80         | 10000000 | 312500    | 117648   | 16384   | 2048  | 32   | worker   | 12        | 16  | increase  | asc         | desc       | 32768      | 744.14                  | 766.55            | 6   | 6439,6559,6679,6438,6558,6678       | 22.41    | 3.01     |
| 21  | 80         | 10000000 | 10000000  | 117648   | 1048576 | 128   | 1    | worker   | 12        | 16  | increase  | asc         | desc       | 4096       | 64.9                    | 87.25             | 6   | 30259,30404,30549,30258,30403,30548 | 22.35    | 34.44    |
| 13  | 20         | 10000000 | 2500000   | 476191   | 0       | 8     | 4    | io_uring | 12        | 16  | increase  | asc         | asc        | 1512144    | 1084.33                 | 1106.63           | 6   | 18449,18584,18719,18448,18583,18718 | 22.3     | 2.06     |
| 5   | 80         | 10000000 | 312500    | 117648   | 16384   | 2048  | 32   | worker   | 12        | 16  | increase  | asc         | desc       | 220268     | 4914.81                 | 4937.1            | 6   | 6469,6589,6709,6468,6588,6708       | 22.29    | 0.45     |
| 5   | 80         | 10000000 | 312500    | 117648   | 16384   | 2048  | 32   | worker   | 12        | 16  | increase  | asc         | desc       | 64018      | 1443.33                 | 1465.25           | 6   | 6444,6564,6684,6443,6563,6683       | 21.92    | 1.52     |
| 7   | 80         | 10000000 | 312500    | 117648   | 16384   | 2048  | 32   | worker   | 12        | 16  | decrease  | asc         | asc        | 282768     | 2556.44                 | 2578.35           | 6   | 8999,9119,9239,8998,9118,9238       | 21.91    | 0.86     |
| 8   | 80         | 10000000 | 312500    | 117648   | 16384   | 2048  | 32   | worker   | 12        | 16  | decrease  | desc        | asc        | 251518     | 5621.55                 | 5642.77           | 6   | 10434,10554,10674,10433,10553,10673 | 21.22    | 0.38     |
| 15  | 20         | 10000000 | 2500000   | 476191   | 0       | 8     | 4    | worker   | 12        | 16  | decrease  | asc         | asc        | 4096       | 17.78                   | 38.55             | 6   | 20824,20959,21094,20823,20958,21093 | 20.77    | 116.82   |
| 9   | 40         | 10000000 | 312500    | 238096   | 1024    | 0     | 32   | worker   | 12        | 16  | increase  | asc         | asc        | 189018     | 568.97                  | 589.63            | 6   | 11864,11984,12104,11863,11983,12103 | 20.66    | 3.63     |
| 9   | 40         | 10000000 | 312500    | 238096   | 1024    | 0     | 32   | worker   | 12        | 16  | increase  | asc         | desc       | 282768     | 1993.98                 | 2014.4            | 6   | 12239,12359,12479,12238,12358,12478 | 20.42    | 1.02     |
| 20  | 40         | 10000000 | 312500    | 238096   | 4096    | 128   | 32   | io_uring | 12        | 16  | decrease  | desc        | desc       | 282768     | 1223.26                 | 1242.67           | 6   | 29519,29639,29759,29518,29638,29758 | 19.41    | 1.59     |
| 21  | 80         | 10000000 | 10000000  | 117648   | 1048576 | 128   | 1    | worker   | 12        | 16  | increase  | asc         | asc        | 3048576    | 924.51                  | 943.46            | 6   | 29874,30019,30164,29873,30018,30163 | 18.95    | 2.05     |
| 5   | 80         | 10000000 | 312500    | 117648   | 16384   | 2048  | 32   | io_uring | 12        | 16  | increase  | asc         | asc        | 251518     | 1677.72                 | 1696.57           | 6   | 6834,6954,7074,6833,6953,7073       | 18.85    | 1.12     |
| 7   | 80         | 10000000 | 312500    | 117648   | 16384   | 2048  | 32   | worker   | 12        | 16  | decrease  | asc         | desc       | 126518     | 1328.68                 | 1347.26           | 6   | 9334,9454,9574,9333,9453,9573       | 18.58    | 1.4      |
| 20  | 40         | 10000000 | 312500    | 238096   | 4096    | 128   | 32   | worker   | 12        | 16  | decrease  | desc        | asc        | 189018     | 1528.05                 | 1546.61           | 6   | 28424,28544,28664,28423,28543,28663 | 18.56    | 1.21     |
| 4   | 100        | 10000000 | 625000    | 93458    | 16384   | 8     | 16   | worker   | 12        | 16  | decrease  | desc        | desc       | 565536     | 731.73                  | 750.03            | 6   | 4999,5124,5249,4998,5123,5248       | 18.3     | 2.5      |
| 7   | 80         | 10000000 | 312500    | 117648   | 16384   | 2048  | 32   | io_uring | 12        | 16  | decrease  | asc         | desc       | 32768      | 398.47                  | 416.74            | 6   | 10039,10159,10279,10038,10158,10278 | 18.27    | 4.59     |
| 5   | 80         | 10000000 | 312500    | 117648   | 16384   | 2048  | 32   | worker   | 12        | 16  | increase  | asc         | asc        | 251518     | 1680.52                 | 1698.61           | 6   | 6114,6234,6354,6113,6233,6353       | 18.09    | 1.08     |
| 10  | 40         | 10000000 | 312500    | 238096   | 1024    | 0     | 32   | worker   | 12        | 16  | increase  | desc        | asc        | 189018     | 1302.41                 | 1320.5            | 6   | 13304,13424,13544,13303,13423,13543 | 18.09    | 1.39     |
| 12  | 40         | 10000000 | 312500    | 238096   | 1024    | 0     | 32   | io_uring | 12        | 16  | decrease  | desc        | desc       | 251518     | 854.88                  | 872.71            | 6   | 17274,17394,17514,17273,17393,17513 | 17.83    | 2.09     |
| 14  | 20         | 10000000 | 2500000   | 476191   | 0       | 8     | 4    | worker   | 12        | 16  | increase  | desc        | asc        | 762144     | 928.74                  | 946.33            | 6   | 19244,19379,19514,19243,19378,19513 | 17.59    | 1.89     |
| 1   | 100        | 10000000 | 625000    | 93458    | 16384   | 8     | 16   | worker   | 12        | 16  | increase  | asc         | desc       | 565536     | 1980.3                  | 1997.86           | 6   | 499,624,749,498,623,748             | 17.56    | 0.89     |
| 17  | 40         | 10000000 | 312500    | 238096   | 4096    | 128   | 32   | worker   | 12        | 16  | increase  | asc         | asc        | 220268     | 847.6                   | 865.12            | 6   | 24109,24229,24349,24108,24228,24348 | 17.52    | 2.07     |
| 20  | 40         | 10000000 | 312500    | 238096   | 4096    | 128   | 32   | worker   | 12        | 16  | decrease  | desc        | asc        | 64018      | 526.78                  | 544.25            | 6   | 28404,28524,28644,28403,28523,28643 | 17.47    | 3.32     |
| 8   | 80         | 10000000 | 312500    | 117648   | 16384   | 2048  | 32   | worker   | 12        | 16  | decrease  | desc        | asc        | 16384      | 375.16                  | 392.58            | 6   | 10394,10514,10634,10393,10513,10633 | 17.42    | 4.64     |
| 19  | 40         | 10000000 | 312500    | 238096   | 4096    | 128   | 32   | io_uring | 12        | 16  | decrease  | asc         | asc        | 282768     | 1209.55                 | 1226.82           | 6   | 27719,27839,27959,27718,27838,27958 | 17.27    | 1.43     |
| 12  | 40         | 10000000 | 312500    | 238096   | 1024    | 0     | 32   | io_uring | 12        | 16  | decrease  | desc        | desc       | 220268     | 747.6                   | 764.83            | 6   | 17269,17389,17509,17268,17388,17508 | 17.23    | 2.3      |
| 9   | 40         | 10000000 | 312500    | 238096   | 1024    | 0     | 32   | worker   | 12        | 16  | increase  | asc         | asc        | 282768     | 852.68                  | 869.61            | 6   | 11879,11999,12119,11878,11998,12118 | 16.93    | 1.99     |
| 7   | 80         | 10000000 | 312500    | 117648   | 16384   | 2048  | 32   | worker   | 12        | 16  | decrease  | asc         | desc       | 220268     | 2289.8                  | 2306.55           | 6   | 9349,9469,9589,9348,9468,9588       | 16.75    | 0.73     |
| 18  | 40         | 10000000 | 312500    | 238096   | 4096    | 128   | 32   | io_uring | 12        | 16  | increase  | desc        | asc        | 189018     | 1809.76                 | 1826.25           | 6   | 26264,26384,26504,26263,26383,26503 | 16.49    | 0.91     |
| 7   | 80         | 10000000 | 312500    | 117648   | 16384   | 2048  | 32   | io_uring | 12        | 16  | decrease  | asc         | asc        | 251518     | 2289.93                 | 2306.34           | 6   | 9714,9834,9954,9713,9833,9953       | 16.41    | 0.72     |
| 7   | 80         | 10000000 | 312500    | 117648   | 16384   | 2048  | 32   | worker   | 12        | 16  | decrease  | asc         | asc        | 189018     | 1689.43                 | 1705.72           | 6   | 8984,9104,9224,8983,9103,9223       | 16.29    | 0.96     |
| 8   | 80         | 10000000 | 312500    | 117648   | 16384   | 2048  | 32   | worker   | 12        | 16  | decrease  | desc        | asc        | 157768     | 3509.0                  | 3525.28           | 6   | 10419,10539,10659,10418,10538,10658 | 16.28    | 0.46     |
| 16  | 20         | 10000000 | 2500000   | 476191   | 0       | 8     | 4    | io_uring | 12        | 16  | decrease  | desc        | desc       | 1012144    | 730.28                  | 746.51            | 6   | 23704,23839,23974,23703,23838,23973 | 16.23    | 2.22     |
| 14  | 20         | 10000000 | 2500000   | 476191   | 0       | 8     | 4    | io_uring | 12        | 16  | increase  | desc        | desc       | 4096       | 29.78                   | 45.95             | 6   | 20419,20554,20689,20418,20553,20688 | 16.17    | 54.3     |
| 8   | 80         | 10000000 | 312500    | 117648   | 16384   | 2048  | 32   | worker   | 12        | 16  | decrease  | desc        | asc        | 64018      | 1435.9                  | 1452.04           | 6   | 10404,10524,10644,10403,10523,10643 | 16.14    | 1.12     |
| 18  | 40         | 10000000 | 312500    | 238096   | 4096    | 128   | 32   | worker   | 12        | 16  | increase  | desc        | asc        | 282768     | 2253.06                 | 2269.07           | 6   | 25559,25679,25799,25558,25678,25798 | 16.01    | 0.71     |
| 5   | 80         | 10000000 | 312500    | 117648   | 16384   | 2048  | 32   | io_uring | 12        | 16  | increase  | asc         | desc       | 189018     | 4686.17                 | 4702.15           | 6   | 7184,7304,7424,7183,7303,7423       | 15.98    | 0.34     |
| 14  | 20         | 10000000 | 2500000   | 476191   | 0       | 8     | 4    | worker   | 12        | 16  | increase  | desc        | asc        | 512144     | 622.14                  | 638.03            | 6   | 19239,19374,19509,19238,19373,19508 | 15.89    | 2.55     |
| 15  | 20         | 10000000 | 2500000   | 476191   | 0       | 8     | 4    | io_uring | 12        | 16  | decrease  | asc         | asc        | 4096       | 32.63                   | 48.49             | 6   | 21634,21769,21904,21633,21768,21903 | 15.86    | 48.61    |
| 5   | 80         | 10000000 | 312500    | 117648   | 16384   | 2048  | 32   | worker   | 12        | 16  | increase  | asc         | asc        | 126518     | 846.94                  | 862.63            | 6   | 6094,6214,6334,6093,6213,6333       | 15.69    | 1.85     |
| 4   | 100        | 10000000 | 625000    | 93458    | 16384   | 8     | 16   | io_uring | 12        | 16  | decrease  | desc        | desc       | 565536     | 774.49                  | 790.1             | 6   | 5749,5874,5999,5748,5873,5998       | 15.61    | 2.02     |
| 2   | 100        | 10000000 | 625000    | 93458    | 16384   | 8     | 16   | io_uring | 12        | 16  | increase  | desc        | asc        | 378036     | 1271.65                 | 1287.2            | 6   | 2359,2484,2609,2358,2483,2608       | 15.55    | 1.22     |
| 5   | 80         | 10000000 | 312500    | 117648   | 16384   | 2048  | 32   | worker   | 12        | 16  | increase  | asc         | desc       | 189018     | 4224.15                 | 4239.65           | 6   | 6464,6584,6704,6463,6583,6703       | 15.5     | 0.37     |
| 4   | 100        | 10000000 | 625000    | 93458    | 16384   | 8     | 16   | worker   | 12        | 16  | decrease  | desc        | desc       | 440536     | 573.14                  | 588.39            | 6   | 4989,5114,5239,4988,5113,5238       | 15.25    | 2.66     |
| 5   | 80         | 10000000 | 312500    | 117648   | 16384   | 2048  | 32   | io_uring | 12        | 16  | increase  | asc         | asc        | 126518     | 855.92                  | 871.17            | 6   | 6814,6934,7054,6813,6933,7053       | 15.25    | 1.78     |
| 14  | 20         | 10000000 | 2500000   | 476191   | 0       | 8     | 4    | worker   | 12        | 16  | increase  | desc        | desc       | 4096       | 19.62                   | 34.33             | 6   | 19609,19744,19879,19608,19743,19878 | 14.71    | 74.97    |
| 14  | 20         | 10000000 | 2500000   | 476191   | 0       | 8     | 4    | worker   | 12        | 16  | increase  | desc        | asc        | 1012144    | 1233.45                 | 1248.0            | 6   | 19249,19384,19519,19248,19383,19518 | 14.55    | 1.18     |
| 5   | 80         | 10000000 | 312500    | 117648   | 16384   | 2048  | 32   | io_uring | 12        | 16  | increase  | asc         | asc        | 282768     | 1898.35                 | 1912.89           | 6   | 6839,6959,7079,6838,6958,7078       | 14.54    | 0.77     |
| 17  | 40         | 10000000 | 312500    | 238096   | 4096    | 128   | 32   | io_uring | 12        | 16  | increase  | asc         | desc       | 282768     | 3412.59                 | 3426.76           | 6   | 25199,25319,25439,25198,25318,25438 | 14.17    | 0.42     |
| 8   | 80         | 10000000 | 312500    | 117648   | 16384   | 2048  | 32   | io_uring | 12        | 16  | decrease  | desc        | desc       | 282768     | 1885.68                 | 1899.83           | 6   | 11519,11639,11759,11518,11638,11758 | 14.15    | 0.75     |
| 12  | 40         | 10000000 | 312500    | 238096   | 1024    | 0     | 32   | worker   | 12        | 16  | decrease  | desc        | asc        | 189018     | 1306.99                 | 1321.08           | 6   | 16184,16304,16424,16183,16303,16423 | 14.09    | 1.08     |
| 17  | 40         | 10000000 | 312500    | 238096   | 4096    | 128   | 32   | worker   | 12        | 16  | increase  | asc         | desc       | 126518     | 1108.52                 | 1122.45           | 6   | 24454,24574,24694,24453,24573,24693 | 13.93    | 1.26     |
| 9   | 40         | 10000000 | 312500    | 238096   | 1024    | 0     | 32   | worker   | 12        | 16  | increase  | asc         | desc       | 220268     | 1567.47                 | 1581.26           | 6   | 12229,12349,12469,12228,12348,12468 | 13.79    | 0.88     |
| 19  | 40         | 10000000 | 312500    | 238096   | 4096    | 128   | 32   | worker   | 12        | 16  | decrease  | asc         | desc       | 220268     | 1789.21                 | 1802.88           | 6   | 27349,27469,27589,27348,27468,27588 | 13.67    | 0.76     |
| 8   | 80         | 10000000 | 312500    | 117648   | 16384   | 2048  | 32   | io_uring | 12        | 16  | decrease  | desc        | desc       | 126518     | 847.5                   | 861.17            | 6   | 11494,11614,11734,11493,11613,11733 | 13.67    | 1.61     |
| 16  | 20         | 10000000 | 2500000   | 476191   | 0       | 8     | 4    | worker   | 12        | 16  | decrease  | desc        | asc        | 1762144    | 5352.91                 | 5366.54           | 6   | 22504,22639,22774,22503,22638,22773 | 13.63    | 0.25     |
| 7   | 80         | 10000000 | 312500    | 117648   | 16384   | 2048  | 32   | io_uring | 12        | 16  | decrease  | asc         | desc       | 64018      | 736.92                  | 750.42            | 6   | 10044,10164,10284,10043,10163,10283 | 13.5     | 1.83     |
| 1   | 100        | 10000000 | 625000    | 93458    | 16384   | 8     | 16   | worker   | 12        | 16  | increase  | asc         | desc       | 378036     | 1286.58                 | 1299.64           | 6   | 484,609,734,483,608,733             | 13.06    | 1.02     |
| 20  | 40         | 10000000 | 312500    | 238096   | 4096    | 128   | 32   | worker   | 12        | 16  | decrease  | desc        | desc       | 220268     | 859.02                  | 872.07            | 6   | 28789,28909,29029,28788,28908,29028 | 13.05    | 1.52     |
| 8   | 80         | 10000000 | 312500    | 117648   | 16384   | 2048  | 32   | worker   | 12        | 16  | decrease  | desc        | desc       | 251518     | 1675.23                 | 1688.26           | 6   | 10794,10914,11034,10793,10913,11033 | 13.03    | 0.78     |
| 18  | 40         | 10000000 | 312500    | 238096   | 4096    | 128   | 32   | worker   | 12        | 16  | increase  | desc        | desc       | 251518     | 913.51                  | 926.52            | 6   | 25914,26034,26154,25913,26033,26153 | 13.01    | 1.42     |
| 6   | 80         | 10000000 | 312500    | 117648   | 16384   | 2048  | 32   | worker   | 12        | 16  | increase  | desc        | desc       | 64018      | 581.91                  | 594.67            | 6   | 7884,8004,8124,7883,8003,8123       | 12.76    | 2.19     |
| 18  | 40         | 10000000 | 312500    | 238096   | 4096    | 128   | 32   | worker   | 12        | 16  | increase  | desc        | asc        | 64018      | 534.75                  | 547.33            | 6   | 25524,25644,25764,25523,25643,25763 | 12.58    | 2.35     |
| 15  | 20         | 10000000 | 2500000   | 476191   | 0       | 8     | 4    | io_uring | 12        | 16  | decrease  | asc         | asc        | 2048       | 12.36                   | 24.8              | 6   | 21629,21764,21899,21628,21763,21898 | 12.44    | 100.65   |
| 10  | 40         | 10000000 | 312500    | 238096   | 1024    | 0     | 32   | worker   | 12        | 16  | increase  | desc        | asc        | 251518     | 1738.05                 | 1750.43           | 6   | 13314,13434,13554,13313,13433,13553 | 12.38    | 0.71     |
| 6   | 80         | 10000000 | 312500    | 117648   | 16384   | 2048  | 32   | io_uring | 12        | 16  | increase  | desc        | asc        | 126518     | 1400.04                 | 1412.4            | 6   | 8254,8374,8494,8253,8373,8493       | 12.36    | 0.88     |
| 18  | 40         | 10000000 | 312500    | 238096   | 4096    | 128   | 32   | worker   | 12        | 16  | increase  | desc        | asc        | 126518     | 1035.58                 | 1047.86           | 6   | 25534,25654,25774,25533,25653,25773 | 12.28    | 1.19     |
| 4   | 100        | 10000000 | 625000    | 93458    | 16384   | 8     | 16   | worker   | 12        | 16  | decrease  | desc        | asc        | 190536     | 594.36                  | 606.62            | 6   | 4594,4719,4844,4593,4718,4843       | 12.26    | 2.06     |
| 13  | 20         | 10000000 | 2500000   | 476191   | 0       | 8     | 4    | io_uring | 12        | 16  | increase  | asc         | asc        | 512144     | 377.26                  | 389.52            | 6   | 18429,18564,18699,18428,18563,18698 | 12.26    | 3.25     |
| 1   | 100        | 10000000 | 625000    | 93458    | 16384   | 8     | 16   | worker   | 12        | 16  | increase  | asc         | asc        | 503036     | 651.56                  | 663.54            | 6   | 119,244,369,118,243,368             | 11.98    | 1.84     |
| 18  | 40         | 10000000 | 312500    | 238096   | 4096    | 128   | 32   | worker   | 12        | 16  | increase  | desc        | asc        | 95268      | 786.69                  | 798.29            | 6   | 25529,25649,25769,25528,25648,25768 | 11.6     | 1.47     |
| 14  | 20         | 10000000 | 2500000   | 476191   | 0       | 8     | 4    | worker   | 12        | 16  | increase  | desc        | desc       | 2048       | 10.18                   | 21.77             | 6   | 19604,19739,19874,19603,19738,19873 | 11.59    | 113.85   |
| 17  | 40         | 10000000 | 312500    | 238096   | 4096    | 128   | 32   | io_uring | 12        | 16  | increase  | asc         | asc        | 282768     | 1231.12                 | 1242.65           | 6   | 24839,24959,25079,24838,24958,25078 | 11.53    | 0.94     |
| 21  | 80         | 10000000 | 10000000  | 117648   | 1048576 | 128   | 1    | io_uring | 12        | 16  | increase  | asc         | asc        | 2048       | 47.52                   | 58.99             | 6   | 30689,30834,30979,30688,30833,30978 | 11.47    | 24.14    |
| 12  | 40         | 10000000 | 312500    | 238096   | 1024    | 0     | 32   | worker   | 12        | 16  | decrease  | desc        | desc       | 64018      | 196.81                  | 208.26            | 6   | 16524,16644,16764,16523,16643,16763 | 11.45    | 5.82     |
| 13  | 20         | 10000000 | 2500000   | 476191   | 0       | 8     | 4    | worker   | 12        | 16  | increase  | asc         | asc        | 262144     | 146.75                  | 158.11            | 6   | 17614,17749,17884,17613,17748,17883 | 11.36    | 7.74     |
| 15  | 20         | 10000000 | 2500000   | 476191   | 0       | 8     | 4    | worker   | 12        | 16  | decrease  | asc         | desc       | 262144     | 327.2                   | 338.29            | 6   | 21259,21394,21529,21258,21393,21528 | 11.09    | 3.39     |
| 14  | 20         | 10000000 | 2500000   | 476191   | 0       | 8     | 4    | io_uring | 12        | 16  | increase  | desc        | desc       | 2048       | 11.12                   | 22.2              | 6   | 20414,20549,20684,20413,20548,20683 | 11.08    | 99.64    |
| 18  | 40         | 10000000 | 312500    | 238096   | 4096    | 128   | 32   | io_uring | 12        | 16  | increase  | desc        | desc       | 157768     | 675.37                  | 686.17            | 6   | 26619,26739,26859,26618,26738,26858 | 10.8     | 1.6      |
| 17  | 40         | 10000000 | 312500    | 238096   | 4096    | 128   | 32   | io_uring | 12        | 16  | increase  | asc         | desc       | 251518     | 3049.15                 | 3059.8            | 6   | 25194,25314,25434,25193,25313,25433 | 10.65    | 0.35     |
| 19  | 40         | 10000000 | 312500    | 238096   | 4096    | 128   | 32   | io_uring | 12        | 16  | decrease  | asc         | desc       | 126518     | 1223.58                 | 1234.19           | 6   | 28054,28174,28294,28053,28173,28293 | 10.61    | 0.87     |
| 5   | 80         | 10000000 | 312500    | 117648   | 16384   | 2048  | 32   | io_uring | 12        | 16  | increase  | asc         | desc       | 16384      | 434.9                   | 445.47            | 6   | 7154,7274,7394,7153,7273,7393       | 10.57    | 2.43     |
| 21  | 80         | 10000000 | 10000000  | 117648   | 1048576 | 128   | 1    | io_uring | 12        | 16  | increase  | asc         | desc       | 7048576    | 5996.27                 | 6006.54           | 4   | 31199,31344,31198,31343             | 10.27    | 0.17     |
| 8   | 80         | 10000000 | 312500    | 117648   | 16384   | 2048  | 32   | io_uring | 12        | 16  | decrease  | desc        | asc        | 2048       | 71.1                    | 81.31             | 6   | 11099,11219,11339,11098,11218,11338 | 10.21    | 14.36    |
| 10  | 40         | 10000000 | 312500    | 238096   | 1024    | 0     | 32   | io_uring | 12        | 16  | increase  | desc        | desc       | 220268     | 893.11                  | 903.16            | 6   | 14389,14509,14629,14388,14508,14628 | 10.05    | 1.13     |
| 18  | 40         | 10000000 | 312500    | 238096   | 4096    | 128   | 32   | io_uring | 12        | 16  | increase  | desc        | asc        | 251518     | 2397.61                 | 2407.4            | 6   | 26274,26394,26514,26273,26393,26513 | 9.79     | 0.41     |
| 12  | 40         | 10000000 | 312500    | 238096   | 1024    | 0     | 32   | worker   | 12        | 16  | decrease  | desc        | asc        | 126518     | 878.67                  | 888.26            | 6   | 16174,16294,16414,16173,16293,16413 | 9.59     | 1.09     |
| 21  | 80         | 10000000 | 10000000  | 117648   | 1048576 | 128   | 1    | worker   | 12        | 16  | increase  | asc         | asc        | 1048576    | 405.35                  | 414.94            | 6   | 29864,30009,30154,29863,30008,30153 | 9.59     | 2.37     |
| 21  | 80         | 10000000 | 10000000  | 117648   | 1048576 | 128   | 1    | io_uring | 12        | 16  | increase  | asc         | desc       | 2048576    | 1857.45                 | 1867.02           | 4   | 31174,31319,31173,31318             | 9.57     | 0.52     |
| 12  | 40         | 10000000 | 312500    | 238096   | 1024    | 0     | 32   | worker   | 12        | 16  | decrease  | desc        | desc       | 251518     | 759.13                  | 768.67            | 6   | 16554,16674,16794,16553,16673,16793 | 9.54     | 1.26     |
| 2   | 100        | 10000000 | 625000    | 93458    | 16384   | 8     | 16   | worker   | 12        | 16  | increase  | desc        | asc        | 565536     | 1769.83                 | 1779.31           | 6   | 1624,1749,1874,1623,1748,1873       | 9.48     | 0.54     |
| 8   | 80         | 10000000 | 312500    | 117648   | 16384   | 2048  | 32   | worker   | 12        | 16  | decrease  | desc        | asc        | 32768      | 713.18                  | 722.48            | 6   | 10399,10519,10639,10398,10518,10638 | 9.3      | 1.3      |
| 19  | 40         | 10000000 | 312500    | 238096   | 4096    | 128   | 32   | worker   | 12        | 16  | decrease  | asc         | asc        | 189018     | 684.74                  | 694.04            | 6   | 26984,27104,27224,26983,27103,27223 | 9.3      | 1.36     |
| 17  | 40         | 10000000 | 312500    | 238096   | 4096    | 128   | 32   | worker   | 12        | 16  | increase  | asc         | desc       | 157768     | 1434.82                 | 1444.05           | 6   | 24459,24579,24699,24458,24578,24698 | 9.23     | 0.64     |
| 1   | 100        | 10000000 | 625000    | 93458    | 16384   | 8     | 16   | worker   | 12        | 16  | increase  | asc         | desc       | 440536     | 1541.55                 | 1550.75           | 6   | 489,614,739,488,613,738             | 9.2      | 0.6      |
| 10  | 40         | 10000000 | 312500    | 238096   | 1024    | 0     | 32   | io_uring | 12        | 16  | increase  | desc        | asc        | 282768     | 2145.17                 | 2154.28           | 6   | 14039,14159,14279,14038,14158,14278 | 9.11     | 0.42     |
| 12  | 40         | 10000000 | 312500    | 238096   | 1024    | 0     | 32   | worker   | 12        | 16  | decrease  | desc        | asc        | 157768     | 1089.39                 | 1098.38           | 6   | 16179,16299,16419,16178,16298,16418 | 8.99     | 0.83     |
| 17  | 40         | 10000000 | 312500    | 238096   | 4096    | 128   | 32   | io_uring | 12        | 16  | increase  | asc         | asc        | 189018     | 825.0                   | 833.95            | 6   | 24824,24944,25064,24823,24943,25063 | 8.95     | 1.08     |
| 20  | 40         | 10000000 | 312500    | 238096   | 4096    | 128   | 32   | worker   | 12        | 16  | decrease  | desc        | desc       | 282768     | 1078.12                 | 1087.01           | 6   | 28799,28919,29039,28798,28918,29038 | 8.89     | 0.82     |
| 17  | 40         | 10000000 | 312500    | 238096   | 4096    | 128   | 32   | worker   | 12        | 16  | increase  | asc         | asc        | 157768     | 613.81                  | 622.44            | 6   | 24099,24219,24339,24098,24218,24338 | 8.63     | 1.41     |
| 16  | 20         | 10000000 | 2500000   | 476191   | 0       | 8     | 4    | worker   | 12        | 16  | decrease  | desc        | asc        | 2262144    | 6791.19                 | 6799.81           | 6   | 22514,22649,22784,22513,22648,22783 | 8.62     | 0.13     |
| 13  | 20         | 10000000 | 2500000   | 476191   | 0       | 8     | 4    | worker   | 12        | 16  | increase  | asc         | desc       | 1762144    | 7532.66                 | 7541.26           | 6   | 18049,18184,18319,18048,18183,18318 | 8.6      | 0.11     |
| 5   | 80         | 10000000 | 312500    | 117648   | 16384   | 2048  | 32   | worker   | 12        | 16  | increase  | asc         | desc       | 8192       | 193.05                  | 201.51            | 6   | 6429,6549,6669,6428,6548,6668       | 8.46     | 4.38     |
| 12  | 40         | 10000000 | 312500    | 238096   | 1024    | 0     | 32   | worker   | 12        | 16  | decrease  | desc        | asc        | 95268      | 654.74                  | 663.07            | 6   | 16169,16289,16409,16168,16288,16408 | 8.33     | 1.27     |
| 6   | 80         | 10000000 | 312500    | 117648   | 16384   | 2048  | 32   | worker   | 12        | 16  | increase  | desc        | asc        | 251518     | 2604.42                 | 2612.74           | 6   | 7554,7674,7794,7553,7673,7793       | 8.32     | 0.32     |
| 19  | 40         | 10000000 | 312500    | 238096   | 4096    | 128   | 32   | io_uring | 12        | 16  | decrease  | asc         | asc        | 157768     | 678.24                  | 686.54            | 6   | 27699,27819,27939,27698,27818,27938 | 8.3      | 1.22     |
| 16  | 20         | 10000000 | 2500000   | 476191   | 0       | 8     | 4    | worker   | 12        | 16  | decrease  | desc        | desc       | 762144     | 413.45                  | 421.62            | 6   | 22889,23024,23159,22888,23023,23158 | 8.17     | 1.98     |
| 7   | 80         | 10000000 | 312500    | 117648   | 16384   | 2048  | 32   | worker   | 12        | 16  | decrease  | asc         | asc        | 220268     | 1977.55                 | 1985.6            | 6   | 8989,9109,9229,8988,9108,9228       | 8.05     | 0.41     |
| 17  | 40         | 10000000 | 312500    | 238096   | 4096    | 128   | 32   | worker   | 12        | 16  | increase  | asc         | asc        | 282768     | 1079.9                  | 1087.88           | 6   | 24119,24239,24359,24118,24238,24358 | 7.98     | 0.74     |
| 2   | 100        | 10000000 | 625000    | 93458    | 16384   | 8     | 16   | worker   | 12        | 16  | increase  | desc        | asc        | 190536     | 608.49                  | 616.42            | 6   | 1594,1719,1844,1593,1718,1843       | 7.93     | 1.3      |
| 19  | 40         | 10000000 | 312500    | 238096   | 4096    | 128   | 32   | io_uring | 12        | 16  | decrease  | asc         | asc        | 251518     | 1081.83                 | 1089.74           | 6   | 27714,27834,27954,27713,27833,27953 | 7.91     | 0.73     |
| 8   | 80         | 10000000 | 312500    | 117648   | 16384   | 2048  | 32   | worker   | 12        | 16  | decrease  | desc        | asc        | 2048       | 63.16                   | 71.06             | 6   | 10379,10499,10619,10378,10498,10618 | 7.9      | 12.51    |
| 13  | 20         | 10000000 | 2500000   | 476191   | 0       | 8     | 4    | worker   | 12        | 16  | increase  | asc         | asc        | 1262144    | 687.48                  | 695.33            | 6   | 17634,17769,17904,17633,17768,17903 | 7.85     | 1.14     |
| 8   | 80         | 10000000 | 312500    | 117648   | 16384   | 2048  | 32   | worker   | 12        | 16  | decrease  | desc        | asc        | 512        | 36.33                   | 44.06             | 6   | 10369,10489,10609,10368,10488,10608 | 7.73     | 21.28    |
| 1   | 100        | 10000000 | 625000    | 93458    | 16384   | 8     | 16   | io_uring | 12        | 16  | increase  | asc         | asc        | 503036     | 699.3                   | 706.89            | 6   | 869,994,1119,868,993,1118           | 7.59     | 1.09     |
| 16  | 20         | 10000000 | 2500000   | 476191   | 0       | 8     | 4    | worker   | 12        | 16  | decrease  | desc        | desc       | 262144     | 151.09                  | 158.67            | 6   | 22879,23014,23149,22878,23013,23148 | 7.58     | 5.02     |
| 4   | 100        | 10000000 | 625000    | 93458    | 16384   | 8     | 16   | io_uring | 12        | 16  | decrease  | desc        | desc       | 315536     | 441.79                  | 449.31            | 6   | 5729,5854,5979,5728,5853,5978       | 7.52     | 1.7      |
| 6   | 80         | 10000000 | 312500    | 117648   | 16384   | 2048  | 32   | io_uring | 12        | 16  | increase  | desc        | asc        | 189018     | 2063.07                 | 2070.59           | 6   | 8264,8384,8504,8263,8383,8503       | 7.52     | 0.36     |
| 16  | 20         | 10000000 | 2500000   | 476191   | 0       | 8     | 4    | worker   | 12        | 16  | decrease  | desc        | desc       | 1762144    | 945.51                  | 953.03            | 6   | 22909,23044,23179,22908,23043,23178 | 7.52     | 0.8      |
| 11  | 40         | 10000000 | 312500    | 238096   | 1024    | 0     | 32   | io_uring | 12        | 16  | decrease  | asc         | desc       | 220268     | 1748.4                  | 1755.88           | 6   | 15829,15949,16069,15828,15948,16068 | 7.48     | 0.43     |
| 21  | 80         | 10000000 | 10000000  | 117648   | 1048576 | 128   | 1    | io_uring | 12        | 16  | increase  | asc         | asc        | 8192       | 154.92                  | 162.32            | 6   | 30699,30844,30989,30698,30843,30988 | 7.4      | 4.78     |
| 13  | 20         | 10000000 | 2500000   | 476191   | 0       | 8     | 4    | io_uring | 12        | 16  | increase  | asc         | desc       | 1512144    | 7122.34                 | 7129.71           | 6   | 18854,18989,19124,18853,18988,19123 | 7.37     | 0.1      |
| 8   | 80         | 10000000 | 312500    | 117648   | 16384   | 2048  | 32   | io_uring | 12        | 16  | decrease  | desc        | asc        | 32768      | 793.64                  | 800.97            | 6   | 11119,11239,11359,11118,11238,11358 | 7.33     | 0.92     |
| 20  | 40         | 10000000 | 312500    | 238096   | 4096    | 128   | 32   | io_uring | 12        | 16  | decrease  | desc        | desc       | 189018     | 829.87                  | 837.19            | 6   | 29504,29624,29744,29503,29623,29743 | 7.32     | 0.88     |
| 17  | 40         | 10000000 | 312500    | 238096   | 4096    | 128   | 32   | worker   | 12        | 16  | increase  | asc         | desc       | 220268     | 1962.2                  | 1969.52           | 6   | 24469,24589,24709,24468,24588,24708 | 7.32     | 0.37     |
| 12  | 40         | 10000000 | 312500    | 238096   | 1024    | 0     | 32   | io_uring | 12        | 16  | decrease  | desc        | desc       | 157768     | 534.41                  | 541.7             | 6   | 17259,17379,17499,17258,17378,17498 | 7.29     | 1.36     |
| 15  | 20         | 10000000 | 2500000   | 476191   | 0       | 8     | 4    | worker   | 12        | 16  | decrease  | asc         | asc        | 2048       | 12.67                   | 19.89             | 6   | 20819,20954,21089,20818,20953,21088 | 7.22     | 56.99    |
| 1   | 100        | 10000000 | 625000    | 93458    | 16384   | 8     | 16   | worker   | 12        | 16  | increase  | asc         | asc        | 253036     | 337.61                  | 344.82            | 6   | 99,224,349,98,223,348               | 7.21     | 2.14     |
| 9   | 40         | 10000000 | 312500    | 238096   | 1024    | 0     | 32   | worker   | 12        | 16  | increase  | asc         | asc        | 95268      | 294.46                  | 301.64            | 6   | 11849,11969,12089,11848,11968,12088 | 7.18     | 2.44     |
| 6   | 80         | 10000000 | 312500    | 117648   | 16384   | 2048  | 32   | worker   | 12        | 16  | increase  | desc        | asc        | 157768     | 1664.02                 | 1671.03           | 6   | 7539,7659,7779,7538,7658,7778       | 7.01     | 0.42     |
| 19  | 40         | 10000000 | 312500    | 238096   | 4096    | 128   | 32   | worker   | 12        | 16  | decrease  | asc         | asc        | 32768      | 133.03                  | 139.98            | 6   | 26959,27079,27199,26958,27078,27198 | 6.95     | 5.22     |
| 12  | 40         | 10000000 | 312500    | 238096   | 1024    | 0     | 32   | io_uring | 12        | 16  | decrease  | desc        | asc        | 251518     | 2164.2                  | 2171.13           | 6   | 16914,17034,17154,16913,17033,17153 | 6.93     | 0.32     |
| 20  | 40         | 10000000 | 312500    | 238096   | 4096    | 128   | 32   | io_uring | 12        | 16  | decrease  | desc        | asc        | 282768     | 3158.57                 | 3165.48           | 6   | 29159,29279,29399,29158,29278,29398 | 6.91     | 0.22     |
| 4   | 100        | 10000000 | 625000    | 93458    | 16384   | 8     | 16   | io_uring | 12        | 16  | decrease  | desc        | desc       | 440536     | 613.46                  | 620.35            | 6   | 5739,5864,5989,5738,5863,5988       | 6.89     | 1.12     |
| 5   | 80         | 10000000 | 312500    | 117648   | 16384   | 2048  | 32   | worker   | 12        | 16  | increase  | asc         | asc        | 189018     | 1267.07                 | 1273.88           | 6   | 6104,6224,6344,6103,6223,6343       | 6.81     | 0.54     |
| 1   | 100        | 10000000 | 625000    | 93458    | 16384   | 8     | 16   | io_uring | 12        | 16  | increase  | asc         | asc        | 440536     | 611.56                  | 618.32            | 6   | 864,989,1114,863,988,1113           | 6.76     | 1.11     |
| 9   | 40         | 10000000 | 312500    | 238096   | 1024    | 0     | 32   | worker   | 12        | 16  | increase  | asc         | desc       | 189018     | 1341.33                 | 1347.99           | 6   | 12224,12344,12464,12223,12343,12463 | 6.66     | 0.5      |
| 11  | 40         | 10000000 | 312500    | 238096   | 1024    | 0     | 32   | worker   | 12        | 16  | decrease  | asc         | asc        | 251518     | 745.5                   | 752.16            | 6   | 14754,14874,14994,14753,14873,14993 | 6.66     | 0.89     |
| 21  | 80         | 10000000 | 10000000  | 117648   | 1048576 | 128   | 1    | worker   | 12        | 16  | increase  | asc         | desc       | 2048576    | 1621.64                 | 1628.29           | 6   | 30304,30449,30594,30303,30448,30593 | 6.65     | 0.41     |
| 6   | 80         | 10000000 | 312500    | 117648   | 16384   | 2048  | 32   | io_uring | 12        | 16  | increase  | desc        | desc       | 16384      | 167.82                  | 174.42            | 6   | 8594,8714,8834,8593,8713,8833       | 6.6      | 3.93     |
| 9   | 40         | 10000000 | 312500    | 238096   | 1024    | 0     | 32   | io_uring | 12        | 16  | increase  | asc         | asc        | 189018     | 642.88                  | 649.41            | 6   | 12584,12704,12824,12583,12703,12823 | 6.53     | 1.02     |
| 7   | 80         | 10000000 | 312500    | 117648   | 16384   | 2048  | 32   | worker   | 12        | 16  | decrease  | asc         | desc       | 16384      | 207.61                  | 214.13            | 6   | 9314,9434,9554,9313,9433,9553       | 6.52     | 3.14     |
| 5   | 80         | 10000000 | 312500    | 117648   | 16384   | 2048  | 32   | io_uring | 12        | 16  | increase  | asc         | asc        | 32768      | 230.05                  | 236.54            | 6   | 6799,6919,7039,6798,6918,7038       | 6.49     | 2.82     |
| 14  | 20         | 10000000 | 2500000   | 476191   | 0       | 8     | 4    | io_uring | 12        | 16  | increase  | desc        | desc       | 1024       | 6.03                    | 12.43             | 6   | 20409,20544,20679,20408,20543,20678 | 6.4      | 106.14   |
| 8   | 80         | 10000000 | 312500    | 117648   | 16384   | 2048  | 32   | io_uring | 12        | 16  | decrease  | desc        | asc        | 157768     | 3857.56                 | 3863.91           | 6   | 11139,11259,11379,11138,11258,11378 | 6.35     | 0.16     |
| 10  | 40         | 10000000 | 312500    | 238096   | 1024    | 0     | 32   | worker   | 12        | 16  | increase  | desc        | asc        | 220268     | 1508.51                 | 1514.82           | 6   | 13309,13429,13549,13308,13428,13548 | 6.31     | 0.42     |
| 11  | 40         | 10000000 | 312500    | 238096   | 1024    | 0     | 32   | io_uring | 12        | 16  | decrease  | asc         | asc        | 220268     | 853.06                  | 859.36            | 6   | 15469,15589,15709,15468,15588,15708 | 6.3      | 0.74     |
| 9   | 40         | 10000000 | 312500    | 238096   | 1024    | 0     | 32   | worker   | 12        | 16  | increase  | asc         | asc        | 157768     | 483.67                  | 489.97            | 6   | 11859,11979,12099,11858,11978,12098 | 6.3      | 1.3      |
| 4   | 100        | 10000000 | 625000    | 93458    | 16384   | 8     | 16   | io_uring | 12        | 16  | decrease  | desc        | asc        | 440536     | 1589.2                  | 1595.5            | 6   | 5364,5489,5614,5363,5488,5613       | 6.3      | 0.4      |
| 11  | 40         | 10000000 | 312500    | 238096   | 1024    | 0     | 32   | io_uring | 12        | 16  | decrease  | asc         | desc       | 64018      | 500.45                  | 506.72            | 6   | 15804,15924,16044,15803,15923,16043 | 6.27     | 1.25     |
| 13  | 20         | 10000000 | 2500000   | 476191   | 0       | 8     | 4    | worker   | 12        | 16  | increase  | asc         | asc        | 2262144    | 1220.48                 | 1226.68           | 6   | 17654,17789,17924,17653,17788,17923 | 6.2      | 0.51     |
| 19  | 40         | 10000000 | 312500    | 238096   | 4096    | 128   | 32   | worker   | 12        | 16  | decrease  | asc         | desc       | 32768      | 288.01                  | 294.1             | 6   | 27319,27439,27559,27318,27438,27558 | 6.09     | 2.11     |
| 8   | 80         | 10000000 | 312500    | 117648   | 16384   | 2048  | 32   | io_uring | 12        | 16  | decrease  | desc        | desc       | 95268      | 646.65                  | 652.72            | 6   | 11489,11609,11729,11488,11608,11728 | 6.07     | 0.94     |
| 7   | 80         | 10000000 | 312500    | 117648   | 16384   | 2048  | 32   | worker   | 12        | 16  | decrease  | asc         | asc        | 64018      | 576.03                  | 582.04            | 6   | 8964,9084,9204,8963,9083,9203       | 6.01     | 1.04     |
| 11  | 40         | 10000000 | 312500    | 238096   | 1024    | 0     | 32   | worker   | 12        | 16  | decrease  | asc         | desc       | 189018     | 1307.59                 | 1313.58           | 6   | 15104,15224,15344,15103,15223,15343 | 5.99     | 0.46     |
| 5   | 80         | 10000000 | 312500    | 117648   | 16384   | 2048  | 32   | worker   | 12        | 16  | increase  | asc         | desc       | 157768     | 3543.01                 | 3549.0            | 6   | 6459,6579,6699,6458,6578,6698       | 5.99     | 0.17     |
| 2   | 100        | 10000000 | 625000    | 93458    | 16384   | 8     | 16   | io_uring | 12        | 16  | increase  | desc        | asc        | 503036     | 1686.36                 | 1692.34           | 6   | 2369,2494,2619,2368,2493,2618       | 5.98     | 0.35     |
| 18  | 40         | 10000000 | 312500    | 238096   | 4096    | 128   | 32   | worker   | 12        | 16  | increase  | desc        | asc        | 189018     | 1536.25                 | 1542.15           | 6   | 25544,25664,25784,25543,25663,25783 | 5.9      | 0.38     |
| 13  | 20         | 10000000 | 2500000   | 476191   | 0       | 8     | 4    | worker   | 12        | 16  | increase  | asc         | asc        | 1762144    | 952.53                  | 958.4             | 6   | 17644,17779,17914,17643,17778,17913 | 5.87     | 0.62     |
| 19  | 40         | 10000000 | 312500    | 238096   | 4096    | 128   | 32   | io_uring | 12        | 16  | decrease  | asc         | desc       | 64018      | 632.07                  | 637.84            | 6   | 28044,28164,28284,28043,28163,28283 | 5.77     | 0.91     |
| 5   | 80         | 10000000 | 312500    | 117648   | 16384   | 2048  | 32   | worker   | 12        | 16  | increase  | asc         | desc       | 282768     | 6309.39                 | 6315.14           | 6   | 6479,6599,6719,6478,6598,6718       | 5.75     | 0.09     |
| 21  | 80         | 10000000 | 10000000  | 117648   | 1048576 | 128   | 1    | worker   | 12        | 16  | increase  | asc         | desc       | 5048576    | 3777.62                 | 3783.28           | 6   | 30319,30464,30609,30318,30463,30608 | 5.66     | 0.15     |
| 6   | 80         | 10000000 | 312500    | 117648   | 16384   | 2048  | 32   | worker   | 12        | 16  | increase  | desc        | desc       | 95268      | 867.52                  | 873.17            | 6   | 7889,8009,8129,7888,8008,8128       | 5.65     | 0.65     |
| 11  | 40         | 10000000 | 312500    | 238096   | 1024    | 0     | 32   | io_uring | 12        | 16  | decrease  | asc         | desc       | 157768     | 1233.47                 | 1239.12           | 6   | 15819,15939,16059,15818,15938,16058 | 5.65     | 0.46     |
| 16  | 20         | 10000000 | 2500000   | 476191   | 0       | 8     | 4    | worker   | 12        | 16  | decrease  | desc        | asc        | 2012144    | 6080.92                 | 6086.52           | 6   | 22509,22644,22779,22508,22643,22778 | 5.6      | 0.09     |
| 6   | 80         | 10000000 | 312500    | 117648   | 16384   | 2048  | 32   | worker   | 12        | 16  | increase  | desc        | asc        | 512        | 35.64                   | 41.18             | 6   | 7489,7609,7729,7488,7608,7728       | 5.54     | 15.54    |
| 16  | 20         | 10000000 | 2500000   | 476191   | 0       | 8     | 4    | io_uring | 12        | 16  | decrease  | desc        | asc        | 762144     | 3336.21                 | 3341.75           | 6   | 23294,23429,23564,23293,23428,23563 | 5.54     | 0.17     |
| 10  | 40         | 10000000 | 312500    | 238096   | 1024    | 0     | 32   | worker   | 12        | 16  | increase  | desc        | asc        | 282768     | 1944.97                 | 1950.47           | 6   | 13319,13439,13559,13318,13438,13558 | 5.5      | 0.28     |
| 18  | 40         | 10000000 | 312500    | 238096   | 4096    | 128   | 32   | worker   | 12        | 16  | increase  | desc        | desc       | 157768     | 567.71                  | 573.2             | 6   | 25899,26019,26139,25898,26018,26138 | 5.49     | 0.97     |
| 2   | 100        | 10000000 | 625000    | 93458    | 16384   | 8     | 16   | worker   | 12        | 16  | increase  | desc        | desc       | 378036     | 490.44                  | 495.77            | 6   | 1984,2109,2234,1983,2108,2233       | 5.33     | 1.09     |
| 14  | 20         | 10000000 | 2500000   | 476191   | 0       | 8     | 4    | worker   | 12        | 16  | increase  | desc        | desc       | 1024       | 5.71                    | 10.97             | 6   | 19599,19734,19869,19598,19733,19868 | 5.26     | 92.12    |
| 5   | 80         | 10000000 | 312500    | 117648   | 16384   | 2048  | 32   | io_uring | 12        | 16  | increase  | asc         | desc       | 95268      | 2384.85                 | 2390.1            | 6   | 7169,7289,7409,7168,7288,7408       | 5.25     | 0.22     |
| 20  | 40         | 10000000 | 312500    | 238096   | 4096    | 128   | 32   | io_uring | 12        | 16  | decrease  | desc        | desc       | 32768      | 146.82                  | 152.06            | 6   | 29479,29599,29719,29478,29598,29718 | 5.24     | 3.57     |
| 19  | 40         | 10000000 | 312500    | 238096   | 4096    | 128   | 32   | io_uring | 12        | 16  | decrease  | asc         | asc        | 64018      | 278.4                   | 283.61            | 6   | 27684,27804,27924,27683,27803,27923 | 5.21     | 1.87     |
| 2   | 100        | 10000000 | 625000    | 93458    | 16384   | 8     | 16   | worker   | 12        | 16  | increase  | desc        | desc       | 440536     | 565.16                  | 570.34            | 6   | 1989,2114,2239,1988,2113,2238       | 5.18     | 0.92     |
| 5   | 80         | 10000000 | 312500    | 117648   | 16384   | 2048  | 32   | worker   | 12        | 16  | increase  | asc         | desc       | 126518     | 2842.99                 | 2848.01           | 6   | 6454,6574,6694,6453,6573,6693       | 5.02     | 0.18     |
| 11  | 40         | 10000000 | 312500    | 238096   | 1024    | 0     | 32   | io_uring | 12        | 16  | decrease  | asc         | desc       | 282768     | 2309.67                 | 2314.52           | 6   | 15839,15959,16079,15838,15958,16078 | 4.85     | 0.21     |
| 17  | 40         | 10000000 | 312500    | 238096   | 4096    | 128   | 32   | worker   | 12        | 16  | increase  | asc         | asc        | 32768      | 134.27                  | 139.06            | 6   | 24079,24199,24319,24078,24198,24318 | 4.79     | 3.57     |
| 7   | 80         | 10000000 | 312500    | 117648   | 16384   | 2048  | 32   | worker   | 12        | 16  | decrease  | asc         | asc        | 251518     | 2268.54                 | 2273.29           | 6   | 8994,9114,9234,8993,9113,9233       | 4.75     | 0.21     |
| 20  | 40         | 10000000 | 312500    | 238096   | 4096    | 128   | 32   | io_uring | 12        | 16  | decrease  | desc        | asc        | 157768     | 1808.5                  | 1813.24           | 6   | 29139,29259,29379,29138,29258,29378 | 4.74     | 0.26     |
| 18  | 40         | 10000000 | 312500    | 238096   | 4096    | 128   | 32   | io_uring | 12        | 16  | increase  | desc        | desc       | 95268      | 413.55                  | 418.22            | 6   | 26609,26729,26849,26608,26728,26848 | 4.67     | 1.13     |
| 14  | 20         | 10000000 | 2500000   | 476191   | 0       | 8     | 4    | worker   | 12        | 16  | increase  | desc        | asc        | 262144     | 325.12                  | 329.76            | 6   | 19234,19369,19504,19233,19368,19503 | 4.64     | 1.43     |
| 7   | 80         | 10000000 | 312500    | 117648   | 16384   | 2048  | 32   | worker   | 12        | 16  | decrease  | asc         | desc       | 32768      | 378.61                  | 383.19            | 6   | 9319,9439,9559,9318,9438,9558       | 4.58     | 1.21     |
| 12  | 40         | 10000000 | 312500    | 238096   | 1024    | 0     | 32   | worker   | 12        | 16  | decrease  | desc        | asc        | 251518     | 1711.2                  | 1715.75           | 6   | 16194,16314,16434,16193,16313,16433 | 4.55     | 0.27     |
| 10  | 40         | 10000000 | 312500    | 238096   | 1024    | 0     | 32   | io_uring | 12        | 16  | increase  | desc        | asc        | 32768      | 247.05                  | 251.54            | 6   | 13999,14119,14239,13998,14118,14238 | 4.49     | 1.82     |
| 7   | 80         | 10000000 | 312500    | 117648   | 16384   | 2048  | 32   | io_uring | 12        | 16  | decrease  | asc         | desc       | 16384      | 229.22                  | 233.68            | 6   | 10034,10154,10274,10033,10153,10273 | 4.46     | 1.95     |
| 19  | 40         | 10000000 | 312500    | 238096   | 4096    | 128   | 32   | io_uring | 12        | 16  | decrease  | asc         | asc        | 95268      | 413.06                  | 417.49            | 6   | 27689,27809,27929,27688,27808,27928 | 4.43     | 1.07     |
| 13  | 20         | 10000000 | 2500000   | 476191   | 0       | 8     | 4    | worker   | 12        | 16  | increase  | asc         | asc        | 2012144    | 1073.44                 | 1077.87           | 6   | 17649,17784,17919,17648,17783,17918 | 4.43     | 0.41     |
| 5   | 80         | 10000000 | 312500    | 117648   | 16384   | 2048  | 32   | worker   | 12        | 16  | increase  | asc         | asc        | 16384      | 122.44                  | 126.85            | 6   | 6074,6194,6314,6073,6193,6313       | 4.41     | 3.6      |
| 4   | 100        | 10000000 | 625000    | 93458    | 16384   | 8     | 16   | worker   | 12        | 16  | decrease  | desc        | desc       | 315536     | 419.14                  | 423.52            | 6   | 4979,5104,5229,4978,5103,5228       | 4.38     | 1.04     |
| 16  | 20         | 10000000 | 2500000   | 476191   | 0       | 8     | 4    | io_uring | 12        | 16  | decrease  | desc        | desc       | 762144     | 554.73                  | 559.06            | 6   | 23699,23834,23969,23698,23833,23968 | 4.33     | 0.78     |
| 6   | 80         | 10000000 | 312500    | 117648   | 16384   | 2048  | 32   | worker   | 12        | 16  | increase  | desc        | asc        | 126518     | 1333.52                 | 1337.8            | 6   | 7534,7654,7774,7533,7653,7773       | 4.28     | 0.32     |
| 5   | 80         | 10000000 | 312500    | 117648   | 16384   | 2048  | 32   | io_uring | 12        | 16  | increase  | asc         | desc       | 1024       | 56.52                   | 60.79             | 6   | 7134,7254,7374,7133,7253,7373       | 4.27     | 7.55     |
| 7   | 80         | 10000000 | 312500    | 117648   | 16384   | 2048  | 32   | io_uring | 12        | 16  | decrease  | asc         | desc       | 220268     | 2438.57                 | 2442.82           | 6   | 10069,10189,10309,10068,10188,10308 | 4.25     | 0.17     |
| 13  | 20         | 10000000 | 2500000   | 476191   | 0       | 8     | 4    | io_uring | 12        | 16  | increase  | asc         | asc        | 1762144    | 1262.87                 | 1267.09           | 6   | 18454,18589,18724,18453,18588,18723 | 4.22     | 0.33     |
| 7   | 80         | 10000000 | 312500    | 117648   | 16384   | 2048  | 32   | io_uring | 12        | 16  | decrease  | asc         | asc        | 2048       | 29.56                   | 33.78             | 6   | 9659,9779,9899,9658,9778,9898       | 4.22     | 14.28    |
| 15  | 20         | 10000000 | 2500000   | 476191   | 0       | 8     | 4    | io_uring | 12        | 16  | decrease  | asc         | asc        | 1024       | 8.49                    | 12.71             | 6   | 21624,21759,21894,21623,21758,21893 | 4.22     | 49.71    |
| 12  | 40         | 10000000 | 312500    | 238096   | 1024    | 0     | 32   | io_uring | 12        | 16  | decrease  | desc        | asc        | 189018     | 1642.75                 | 1646.94           | 6   | 16904,17024,17144,16903,17023,17143 | 4.19     | 0.26     |
| 11  | 40         | 10000000 | 312500    | 238096   | 1024    | 0     | 32   | worker   | 12        | 16  | decrease  | asc         | desc       | 64018      | 448.04                  | 452.2             | 6   | 15084,15204,15324,15083,15203,15323 | 4.16     | 0.93     |
| 13  | 20         | 10000000 | 2500000   | 476191   | 0       | 8     | 4    | io_uring | 12        | 16  | increase  | asc         | desc       | 762144     | 3467.48                 | 3471.61           | 6   | 18839,18974,19109,18838,18973,19108 | 4.13     | 0.12     |
| 11  | 40         | 10000000 | 312500    | 238096   | 1024    | 0     | 32   | worker   | 12        | 16  | decrease  | asc         | desc       | 95268      | 674.91                  | 679.02            | 6   | 15089,15209,15329,15088,15208,15328 | 4.11     | 0.61     |
| 11  | 40         | 10000000 | 312500    | 238096   | 1024    | 0     | 32   | worker   | 12        | 16  | decrease  | asc         | desc       | 16384      | 117.99                  | 122.09            | 6   | 15074,15194,15314,15073,15193,15313 | 4.1      | 3.47     |
| 3   | 100        | 10000000 | 625000    | 93458    | 16384   | 8     | 16   | worker   | 12        | 16  | decrease  | asc         | desc       | 65536      | 222.85                  | 226.94            | 6   | 3459,3584,3709,3458,3583,3708       | 4.09     | 1.84     |
| 7   | 80         | 10000000 | 312500    | 117648   | 16384   | 2048  | 32   | worker   | 12        | 16  | decrease  | asc         | desc       | 256        | 29.88                   | 33.95             | 6   | 9284,9404,9524,9283,9403,9523       | 4.07     | 13.62    |
| 6   | 80         | 10000000 | 312500    | 117648   | 16384   | 2048  | 32   | worker   | 12        | 16  | increase  | desc        | desc       | 32768      | 302.3                   | 306.36            | 6   | 7879,7999,8119,7878,7998,8118       | 4.06     | 1.34     |
| 8   | 80         | 10000000 | 312500    | 117648   | 16384   | 2048  | 32   | io_uring | 12        | 16  | decrease  | desc        | desc       | 32768      | 231.02                  | 235.07            | 6   | 11479,11599,11719,11478,11598,11718 | 4.05     | 1.75     |
| 19  | 40         | 10000000 | 312500    | 238096   | 4096    | 128   | 32   | io_uring | 12        | 16  | decrease  | asc         | desc       | 95268      | 925.28                  | 929.31            | 6   | 28049,28169,28289,28048,28168,28288 | 4.03     | 0.44     |
| 12  | 40         | 10000000 | 312500    | 238096   | 1024    | 0     | 32   | worker   | 12        | 16  | decrease  | desc        | desc       | 95268      | 293.73                  | 297.75            | 6   | 16529,16649,16769,16528,16648,16768 | 4.02     | 1.37     |
| 8   | 80         | 10000000 | 312500    | 117648   | 16384   | 2048  | 32   | io_uring | 12        | 16  | decrease  | desc        | desc       | 251518     | 1684.12                 | 1688.09           | 6   | 11514,11634,11754,11513,11633,11753 | 3.97     | 0.24     |
| 16  | 20         | 10000000 | 2500000   | 476191   | 0       | 8     | 4    | io_uring | 12        | 16  | decrease  | desc        | desc       | 131072     | 101.16                  | 105.13            | 6   | 23684,23819,23954,23683,23818,23953 | 3.97     | 3.92     |
| 20  | 40         | 10000000 | 312500    | 238096   | 4096    | 128   | 32   | io_uring | 12        | 16  | decrease  | desc        | desc       | 64018      | 288.85                  | 292.82            | 6   | 29484,29604,29724,29483,29603,29723 | 3.97     | 1.37     |
| 17  | 40         | 10000000 | 312500    | 238096   | 4096    | 128   | 32   | io_uring | 12        | 16  | increase  | asc         | asc        | 126518     | 563.4                   | 567.36            | 6   | 24814,24934,25054,24813,24933,25053 | 3.96     | 0.7      |
| 7   | 80         | 10000000 | 312500    | 117648   | 16384   | 2048  | 32   | worker   | 12        | 16  | decrease  | asc         | desc       | 8192       | 123.58                  | 127.54            | 6   | 9309,9429,9549,9308,9428,9548       | 3.96     | 3.2      |
| 16  | 20         | 10000000 | 2500000   | 476191   | 0       | 8     | 4    | worker   | 12        | 16  | decrease  | desc        | asc        | 762144     | 2364.68                 | 2368.57           | 6   | 22484,22619,22754,22483,22618,22753 | 3.89     | 0.16     |
| 20  | 40         | 10000000 | 312500    | 238096   | 4096    | 128   | 32   | worker   | 12        | 16  | decrease  | desc        | asc        | 8192       | 80.97                   | 84.8              | 6   | 28389,28509,28629,28388,28508,28628 | 3.83     | 4.73     |
| 17  | 40         | 10000000 | 312500    | 238096   | 4096    | 128   | 32   | io_uring | 12        | 16  | increase  | asc         | asc        | 95268      | 422.75                  | 426.58            | 6   | 24809,24929,25049,24808,24928,25048 | 3.83     | 0.91     |
| 6   | 80         | 10000000 | 312500    | 117648   | 16384   | 2048  | 32   | io_uring | 12        | 16  | increase  | desc        | desc       | 2048       | 34.22                   | 38.03             | 6   | 8579,8699,8819,8578,8698,8818       | 3.81     | 11.13    |
| 12  | 40         | 10000000 | 312500    | 238096   | 1024    | 0     | 32   | io_uring | 12        | 16  | decrease  | desc        | asc        | 220268     | 1904.13                 | 1907.91           | 6   | 16909,17029,17149,16908,17028,17148 | 3.78     | 0.2      |
| 1   | 100        | 10000000 | 625000    | 93458    | 16384   | 8     | 16   | io_uring | 12        | 16  | increase  | asc         | asc        | 253036     | 358.62                  | 362.39            | 6   | 849,974,1099,848,973,1098           | 3.77     | 1.05     |
| 20  | 40         | 10000000 | 312500    | 238096   | 4096    | 128   | 32   | io_uring | 12        | 16  | decrease  | desc        | asc        | 189018     | 2149.24                 | 2152.95           | 6   | 29144,29264,29384,29143,29263,29383 | 3.71     | 0.17     |
| 6   | 80         | 10000000 | 312500    | 117648   | 16384   | 2048  | 32   | worker   | 12        | 16  | increase  | desc        | asc        | 4096       | 80.26                   | 83.94             | 6   | 7504,7624,7744,7503,7623,7743       | 3.68     | 4.59     |
| 7   | 80         | 10000000 | 312500    | 117648   | 16384   | 2048  | 32   | worker   | 12        | 16  | decrease  | asc         | desc       | 1024       | 44.5                    | 48.16             | 6   | 9294,9414,9534,9293,9413,9533       | 3.66     | 8.22     |
| 13  | 20         | 10000000 | 2500000   | 476191   | 0       | 8     | 4    | worker   | 12        | 16  | increase  | asc         | desc       | 1012144    | 4307.99                 | 4311.65           | 6   | 18034,18169,18304,18033,18168,18303 | 3.66     | 0.08     |
| 10  | 40         | 10000000 | 312500    | 238096   | 1024    | 0     | 32   | worker   | 12        | 16  | increase  | desc        | desc       | 126518     | 420.86                  | 424.39            | 6   | 13654,13774,13894,13653,13773,13893 | 3.53     | 0.84     |
| 16  | 20         | 10000000 | 2500000   | 476191   | 0       | 8     | 4    | io_uring | 12        | 16  | decrease  | desc        | asc        | 131072     | 574.22                  | 577.74            | 6   | 23279,23414,23549,23278,23413,23548 | 3.52     | 0.61     |
| 5   | 80         | 10000000 | 312500    | 117648   | 16384   | 2048  | 32   | io_uring | 12        | 16  | increase  | asc         | desc       | 256        | 34.47                   | 37.96             | 6   | 7124,7244,7364,7123,7243,7363       | 3.49     | 10.12    |
| 8   | 80         | 10000000 | 312500    | 117648   | 16384   | 2048  | 32   | worker   | 12        | 16  | decrease  | desc        | desc       | 126518     | 854.37                  | 857.81            | 6   | 10774,10894,11014,10773,10893,11013 | 3.44     | 0.4      |
| 2   | 100        | 10000000 | 625000    | 93458    | 16384   | 8     | 16   | io_uring | 12        | 16  | increase  | desc        | asc        | 190536     | 647.77                  | 651.2             | 6   | 2344,2469,2594,2343,2468,2593       | 3.43     | 0.53     |
| 12  | 40         | 10000000 | 312500    | 238096   | 1024    | 0     | 32   | io_uring | 12        | 16  | decrease  | desc        | desc       | 64018      | 219.72                  | 223.11            | 6   | 17244,17364,17484,17243,17363,17483 | 3.39     | 1.54     |
| 10  | 40         | 10000000 | 312500    | 238096   | 1024    | 0     | 32   | worker   | 12        | 16  | increase  | desc        | asc        | 95268      | 658.37                  | 661.71            | 6   | 13289,13409,13529,13288,13408,13528 | 3.34     | 0.51     |
| 19  | 40         | 10000000 | 312500    | 238096   | 4096    | 128   | 32   | io_uring | 12        | 16  | decrease  | asc         | asc        | 189018     | 819.5                   | 822.83            | 6   | 27704,27824,27944,27703,27823,27943 | 3.33     | 0.41     |
| 9   | 40         | 10000000 | 312500    | 238096   | 1024    | 0     | 32   | worker   | 12        | 16  | increase  | asc         | asc        | 64018      | 199.41                  | 202.74            | 6   | 11844,11964,12084,11843,11963,12083 | 3.33     | 1.67     |
| 7   | 80         | 10000000 | 312500    | 117648   | 16384   | 2048  | 32   | worker   | 12        | 16  | decrease  | asc         | desc       | 95268      | 1017.53                 | 1020.84           | 6   | 9329,9449,9569,9328,9448,9568       | 3.31     | 0.33     |
| 6   | 80         | 10000000 | 312500    | 117648   | 16384   | 2048  | 32   | worker   | 12        | 16  | increase  | desc        | desc       | 220268     | 1989.04                 | 1992.31           | 6   | 7909,8029,8149,7908,8028,8148       | 3.27     | 0.16     |
| 16  | 20         | 10000000 | 2500000   | 476191   | 0       | 8     | 4    | io_uring | 12        | 16  | decrease  | desc        | desc       | 1262144    | 922.11                  | 925.34            | 6   | 23709,23844,23979,23708,23843,23978 | 3.23     | 0.35     |
| 11  | 40         | 10000000 | 312500    | 238096   | 1024    | 0     | 32   | io_uring | 12        | 16  | decrease  | asc         | asc        | 95268      | 373.76                  | 376.96            | 6   | 15449,15569,15689,15448,15568,15688 | 3.2      | 0.86     |
| 8   | 80         | 10000000 | 312500    | 117648   | 16384   | 2048  | 32   | worker   | 12        | 16  | decrease  | desc        | asc        | 128        | 18.7                    | 21.89             | 6   | 10359,10479,10599,10358,10478,10598 | 3.19     | 17.06    |
| 15  | 20         | 10000000 | 2500000   | 476191   | 0       | 8     | 4    | io_uring | 12        | 16  | decrease  | asc         | asc        | 512        | 4.03                    | 7.22              | 6   | 21619,21754,21889,21618,21753,21888 | 3.19     | 79.16    |
| 21  | 80         | 10000000 | 10000000  | 117648   | 1048576 | 128   | 1    | io_uring | 12        | 16  | increase  | asc         | asc        | 32768      | 125.28                  | 128.42            | 6   | 30709,30854,30999,30708,30853,30998 | 3.14     | 2.51     |
| 3   | 100        | 10000000 | 625000    | 93458    | 16384   | 8     | 16   | worker   | 12        | 16  | decrease  | asc         | asc        | 128036     | 175.74                  | 178.85            | 6   | 3089,3214,3339,3088,3213,3338       | 3.11     | 1.77     |
| 20  | 40         | 10000000 | 312500    | 238096   | 4096    | 128   | 32   | io_uring | 12        | 16  | decrease  | desc        | desc       | 251518     | 1096.49                 | 1099.6            | 6   | 29514,29634,29754,29513,29633,29753 | 3.11     | 0.28     |
| 18  | 40         | 10000000 | 312500    | 238096   | 4096    | 128   | 32   | worker   | 12        | 16  | increase  | desc        | desc       | 126518     | 462.71                  | 465.81            | 6   | 25894,26014,26134,25893,26013,26133 | 3.1      | 0.67     |
| 17  | 40         | 10000000 | 312500    | 238096   | 4096    | 128   | 32   | io_uring | 12        | 16  | increase  | asc         | desc       | 95268      | 1203.06                 | 1206.14           | 6   | 25169,25289,25409,25168,25288,25408 | 3.08     | 0.26     |
| 14  | 20         | 10000000 | 2500000   | 476191   | 0       | 8     | 4    | io_uring | 12        | 16  | increase  | desc        | desc       | 512        | 3.45                    | 6.51              | 6   | 20404,20539,20674,20403,20538,20673 | 3.06     | 88.7     |
| 21  | 80         | 10000000 | 10000000  | 117648   | 1048576 | 128   | 1    | io_uring | 12        | 16  | increase  | asc         | desc       | 1024       | 26.58                   | 29.62             | 4   | 31119,31264,31118,31263             | 3.04     | 11.44    |
| 18  | 40         | 10000000 | 312500    | 238096   | 4096    | 128   | 32   | io_uring | 12        | 16  | increase  | desc        | asc        | 220268     | 2106.93                 | 2109.96           | 6   | 26269,26389,26509,26268,26388,26508 | 3.03     | 0.14     |
| 21  | 80         | 10000000 | 10000000  | 117648   | 1048576 | 128   | 1    | worker   | 12        | 16  | increase  | asc         | asc        | 131072     | 161.55                  | 164.58            | 6   | 29849,29994,30139,29848,29993,30138 | 3.03     | 1.88     |
| 11  | 40         | 10000000 | 312500    | 238096   | 1024    | 0     | 32   | io_uring | 12        | 16  | decrease  | asc         | desc       | 126518     | 981.72                  | 984.74            | 6   | 15814,15934,16054,15813,15933,16053 | 3.02     | 0.31     |
| 19  | 40         | 10000000 | 312500    | 238096   | 4096    | 128   | 32   | worker   | 12        | 16  | decrease  | asc         | desc       | 95268      | 791.53                  | 794.55            | 6   | 27329,27449,27569,27328,27448,27568 | 3.02     | 0.38     |
| 18  | 40         | 10000000 | 312500    | 238096   | 4096    | 128   | 32   | io_uring | 12        | 16  | increase  | desc        | asc        | 4096       | 53.96                   | 56.97             | 6   | 26224,26344,26464,26223,26343,26463 | 3.01     | 5.58     |
| 11  | 40         | 10000000 | 312500    | 238096   | 1024    | 0     | 32   | worker   | 12        | 16  | decrease  | asc         | asc        | 282768     | 840.91                  | 843.92            | 6   | 14759,14879,14999,14758,14878,14998 | 3.01     | 0.36     |
| 11  | 40         | 10000000 | 312500    | 238096   | 1024    | 0     | 32   | worker   | 12        | 16  | decrease  | asc         | asc        | 157768     | 470.91                  | 473.91            | 6   | 14739,14859,14979,14738,14858,14978 | 3.0      | 0.64     |
| 15  | 20         | 10000000 | 2500000   | 476191   | 0       | 8     | 4    | worker   | 12        | 16  | decrease  | asc         | asc        | 1024       | 7.04                    | 10.01             | 6   | 20814,20949,21084,20813,20948,21083 | 2.97     | 42.19    |
| 5   | 80         | 10000000 | 312500    | 117648   | 16384   | 2048  | 32   | worker   | 12        | 16  | increase  | asc         | asc        | 32768      | 229.93                  | 232.88            | 6   | 6079,6199,6319,6078,6198,6318       | 2.95     | 1.28     |
| 1   | 100        | 10000000 | 625000    | 93458    | 16384   | 8     | 16   | worker   | 12        | 16  | increase  | asc         | desc       | 65536      | 237.68                  | 240.61            | 6   | 459,584,709,458,583,708             | 2.93     | 1.23     |
| 2   | 100        | 10000000 | 625000    | 93458    | 16384   | 8     | 16   | io_uring | 12        | 16  | increase  | desc        | desc       | 565536     | 838.22                  | 841.15            | 6   | 2749,2874,2999,2748,2873,2998       | 2.93     | 0.35     |
| 18  | 40         | 10000000 | 312500    | 238096   | 4096    | 128   | 32   | io_uring | 12        | 16  | increase  | desc        | desc       | 189018     | 812.91                  | 815.8             | 6   | 26624,26744,26864,26623,26743,26863 | 2.89     | 0.36     |
| 13  | 20         | 10000000 | 2500000   | 476191   | 0       | 8     | 4    | worker   | 12        | 16  | increase  | asc         | asc        | 32768      | 23.55                   | 26.43             | 6   | 17599,17734,17869,17598,17733,17868 | 2.88     | 12.23    |
| 10  | 40         | 10000000 | 312500    | 238096   | 1024    | 0     | 32   | worker   | 12        | 16  | increase  | desc        | asc        | 16384      | 122.57                  | 125.38            | 6   | 13274,13394,13514,13273,13393,13513 | 2.81     | 2.29     |
| 9   | 40         | 10000000 | 312500    | 238096   | 1024    | 0     | 32   | worker   | 12        | 16  | increase  | asc         | desc       | 157768     | 1123.69                 | 1126.5            | 6   | 12219,12339,12459,12218,12338,12458 | 2.81     | 0.25     |
| 20  | 40         | 10000000 | 312500    | 238096   | 4096    | 128   | 32   | io_uring | 12        | 16  | decrease  | desc        | desc       | 8192       | 42.02                   | 44.81             | 6   | 29469,29589,29709,29468,29588,29708 | 2.79     | 6.64     |
| 20  | 40         | 10000000 | 312500    | 238096   | 4096    | 128   | 32   | io_uring | 12        | 16  | decrease  | desc        | desc       | 16384      | 81.61                   | 84.38             | 6   | 29474,29594,29714,29473,29593,29713 | 2.77     | 3.39     |
| 1   | 100        | 10000000 | 625000    | 93458    | 16384   | 8     | 16   | worker   | 12        | 16  | increase  | asc         | asc        | 378036     | 498.55                  | 501.31            | 6   | 109,234,359,108,233,358             | 2.76     | 0.55     |
| 18  | 40         | 10000000 | 312500    | 238096   | 4096    | 128   | 32   | io_uring | 12        | 16  | increase  | desc        | asc        | 126518     | 1212.23                 | 1214.96           | 6   | 26254,26374,26494,26253,26373,26493 | 2.73     | 0.23     |
| 17  | 40         | 10000000 | 312500    | 238096   | 4096    | 128   | 32   | io_uring | 12        | 16  | increase  | asc         | desc       | 2048       | 46.81                   | 49.49             | 6   | 25139,25259,25379,25138,25258,25378 | 2.68     | 5.73     |
| 7   | 80         | 10000000 | 312500    | 117648   | 16384   | 2048  | 32   | io_uring | 12        | 16  | decrease  | asc         | desc       | 16         | 6.03                    | 8.7               | 6   | 9984,10104,10224,9983,10103,10223   | 2.67     | 44.28    |
| 3   | 100        | 10000000 | 625000    | 93458    | 16384   | 8     | 16   | worker   | 12        | 16  | decrease  | asc         | asc        | 378036     | 491.79                  | 494.46            | 6   | 3109,3234,3359,3108,3233,3358       | 2.67     | 0.54     |
| 21  | 80         | 10000000 | 10000000  | 117648   | 1048576 | 128   | 1    | worker   | 12        | 16  | increase  | asc         | desc       | 262144     | 315.97                  | 318.64            | 6   | 30289,30434,30579,30288,30433,30578 | 2.67     | 0.85     |
| 1   | 100        | 10000000 | 625000    | 93458    | 16384   | 8     | 16   | worker   | 12        | 16  | increase  | asc         | asc        | 65536      | 94.35                   | 96.99             | 6   | 84,209,334,83,208,333               | 2.64     | 2.8      |
| 20  | 40         | 10000000 | 312500    | 238096   | 4096    | 128   | 32   | worker   | 12        | 16  | decrease  | desc        | desc       | 251518     | 967.96                  | 970.56            | 6   | 28794,28914,29034,28793,28913,29033 | 2.6      | 0.27     |
| 13  | 20         | 10000000 | 2500000   | 476191   | 0       | 8     | 4    | worker   | 12        | 16  | increase  | asc         | asc        | 1012144    | 545.96                  | 548.55            | 6   | 17629,17764,17899,17628,17763,17898 | 2.59     | 0.47     |
| 21  | 80         | 10000000 | 10000000  | 117648   | 1048576 | 128   | 1    | worker   | 12        | 16  | increase  | asc         | desc       | 16384      | 131.96                  | 134.51            | 6   | 30269,30414,30559,30268,30413,30558 | 2.55     | 1.93     |
| 8   | 80         | 10000000 | 312500    | 117648   | 16384   | 2048  | 32   | worker   | 12        | 16  | decrease  | desc        | desc       | 512        | 16.33                   | 18.87             | 6   | 10729,10849,10969,10728,10848,10968 | 2.54     | 15.55    |
| 11  | 40         | 10000000 | 312500    | 238096   | 1024    | 0     | 32   | io_uring | 12        | 16  | decrease  | asc         | desc       | 16384      | 129.37                  | 131.91            | 6   | 15794,15914,16034,15793,15913,16033 | 2.54     | 1.96     |
| 18  | 40         | 10000000 | 312500    | 238096   | 4096    | 128   | 32   | worker   | 12        | 16  | increase  | desc        | asc        | 32768      | 288.69                  | 291.18            | 6   | 25519,25639,25759,25518,25638,25758 | 2.49     | 0.86     |
| 1   | 100        | 10000000 | 625000    | 93458    | 16384   | 8     | 16   | worker   | 12        | 16  | increase  | asc         | asc        | 128036     | 172.68                  | 175.17            | 6   | 89,214,339,88,213,338               | 2.49     | 1.44     |
| 3   | 100        | 10000000 | 625000    | 93458    | 16384   | 8     | 16   | worker   | 12        | 16  | decrease  | asc         | asc        | 65536      | 93.46                   | 95.92             | 6   | 3084,3209,3334,3083,3208,3333       | 2.46     | 2.63     |
| 17  | 40         | 10000000 | 312500    | 238096   | 4096    | 128   | 32   | io_uring | 12        | 16  | increase  | asc         | desc       | 32768      | 432.65                  | 435.1             | 6   | 25159,25279,25399,25158,25278,25398 | 2.45     | 0.57     |
| 3   | 100        | 10000000 | 625000    | 93458    | 16384   | 8     | 16   | worker   | 12        | 16  | decrease  | asc         | asc        | 32768      | 49.45                   | 51.9              | 6   | 3079,3204,3329,3078,3203,3328       | 2.45     | 4.95     |
| 8   | 80         | 10000000 | 312500    | 117648   | 16384   | 2048  | 32   | worker   | 12        | 16  | decrease  | desc        | asc        | 64         | 11.35                   | 13.77             | 6   | 10354,10474,10594,10353,10473,10593 | 2.42     | 21.32    |
| 19  | 40         | 10000000 | 312500    | 238096   | 4096    | 128   | 32   | worker   | 12        | 16  | decrease  | asc         | asc        | 157768     | 573.97                  | 576.36            | 6   | 26979,27099,27219,26978,27098,27218 | 2.39     | 0.42     |
| 2   | 100        | 10000000 | 625000    | 93458    | 16384   | 8     | 16   | io_uring | 12        | 16  | increase  | desc        | asc        | 440536     | 1480.73                 | 1483.12           | 6   | 2364,2489,2614,2363,2488,2613       | 2.39     | 0.16     |
| 11  | 40         | 10000000 | 312500    | 238096   | 1024    | 0     | 32   | worker   | 12        | 16  | decrease  | asc         | asc        | 126518     | 381.74                  | 384.1             | 6   | 14734,14854,14974,14733,14853,14973 | 2.36     | 0.62     |
| 9   | 40         | 10000000 | 312500    | 238096   | 1024    | 0     | 32   | io_uring | 12        | 16  | increase  | asc         | desc       | 282768     | 2565.05                 | 2567.41           | 6   | 12959,13079,13199,12958,13078,13198 | 2.36     | 0.09     |
| 6   | 80         | 10000000 | 312500    | 117648   | 16384   | 2048  | 32   | worker   | 12        | 16  | increase  | desc        | asc        | 16         | 4.87                    | 7.2               | 6   | 7464,7584,7704,7463,7583,7703       | 2.33     | 47.84    |
| 12  | 40         | 10000000 | 312500    | 238096   | 1024    | 0     | 32   | io_uring | 12        | 16  | decrease  | desc        | asc        | 64018      | 560.15                  | 562.46            | 6   | 16884,17004,17124,16883,17003,17123 | 2.31     | 0.41     |
| 4   | 100        | 10000000 | 625000    | 93458    | 16384   | 8     | 16   | worker   | 12        | 16  | decrease  | desc        | asc        | 315536     | 973.48                  | 975.78            | 6   | 4604,4729,4854,4603,4728,4853       | 2.3      | 0.24     |
| 6   | 80         | 10000000 | 312500    | 117648   | 16384   | 2048  | 32   | io_uring | 12        | 16  | increase  | desc        | desc       | 282768     | 2724.98                 | 2727.27           | 6   | 8639,8759,8879,8638,8758,8878       | 2.29     | 0.08     |
| 18  | 40         | 10000000 | 312500    | 238096   | 4096    | 128   | 32   | io_uring | 12        | 16  | increase  | desc        | asc        | 8192       | 95.19                   | 97.47             | 6   | 26229,26349,26469,26228,26348,26468 | 2.28     | 2.4      |
| 7   | 80         | 10000000 | 312500    | 117648   | 16384   | 2048  | 32   | worker   | 12        | 16  | decrease  | asc         | asc        | 8192       | 81.56                   | 83.83             | 6   | 8949,9069,9189,8948,9068,9188       | 2.27     | 2.78     |
| 6   | 80         | 10000000 | 312500    | 117648   | 16384   | 2048  | 32   | io_uring | 12        | 16  | increase  | desc        | asc        | 157768     | 1741.94                 | 1744.21           | 6   | 8259,8379,8499,8258,8378,8498       | 2.27     | 0.13     |
| 14  | 20         | 10000000 | 2500000   | 476191   | 0       | 8     | 4    | worker   | 12        | 16  | increase  | desc        | desc       | 512        | 3.19                    | 5.45              | 6   | 19594,19729,19864,19593,19728,19863 | 2.26     | 70.85    |
| 10  | 40         | 10000000 | 312500    | 238096   | 1024    | 0     | 32   | io_uring | 12        | 16  | increase  | desc        | desc       | 157768     | 645.34                  | 647.57            | 6   | 14379,14499,14619,14378,14498,14618 | 2.23     | 0.35     |
| 17  | 40         | 10000000 | 312500    | 238096   | 4096    | 128   | 32   | io_uring | 12        | 16  | increase  | asc         | desc       | 126518     | 1585.2                  | 1587.43           | 6   | 25174,25294,25414,25173,25293,25413 | 2.23     | 0.14     |
| 7   | 80         | 10000000 | 312500    | 117648   | 16384   | 2048  | 32   | worker   | 12        | 16  | decrease  | asc         | desc       | 128        | 20.29                   | 22.5              | 6   | 9279,9399,9519,9278,9398,9518       | 2.21     | 10.89    |
| 6   | 80         | 10000000 | 312500    | 117648   | 16384   | 2048  | 32   | worker   | 12        | 16  | increase  | desc        | asc        | 128        | 18.95                   | 21.12             | 6   | 7479,7599,7719,7478,7598,7718       | 2.17     | 11.45    |
| 19  | 40         | 10000000 | 312500    | 238096   | 4096    | 128   | 32   | worker   | 12        | 16  | decrease  | asc         | asc        | 64018      | 240.96                  | 243.12            | 6   | 26964,27084,27204,26963,27083,27203 | 2.16     | 0.9      |
| 7   | 80         | 10000000 | 312500    | 117648   | 16384   | 2048  | 32   | io_uring | 12        | 16  | decrease  | asc         | desc       | 128        | 25.32                   | 27.47             | 6   | 9999,10119,10239,9998,10118,10238   | 2.15     | 8.49     |
| 15  | 20         | 10000000 | 2500000   | 476191   | 0       | 8     | 4    | worker   | 12        | 16  | decrease  | asc         | asc        | 512        | 3.61                    | 5.75              | 6   | 20809,20944,21079,20808,20943,21078 | 2.14     | 59.28    |
| 10  | 40         | 10000000 | 312500    | 238096   | 1024    | 0     | 32   | io_uring | 12        | 16  | increase  | desc        | asc        | 95268      | 711.54                  | 713.68            | 6   | 14009,14129,14249,14008,14128,14248 | 2.14     | 0.3      |
| 13  | 20         | 10000000 | 2500000   | 476191   | 0       | 8     | 4    | worker   | 12        | 16  | increase  | asc         | desc       | 262144     | 1073.24                 | 1075.37           | 6   | 18019,18154,18289,18018,18153,18288 | 2.13     | 0.2      |
| 9   | 40         | 10000000 | 312500    | 238096   | 1024    | 0     | 32   | io_uring | 12        | 16  | increase  | asc         | asc        | 220268     | 755.92                  | 758.01            | 6   | 12589,12709,12829,12588,12708,12828 | 2.09     | 0.28     |
| 8   | 80         | 10000000 | 312500    | 117648   | 16384   | 2048  | 32   | io_uring | 12        | 16  | decrease  | desc        | desc       | 8192       | 70.98                   | 73.07             | 6   | 11469,11589,11709,11468,11588,11708 | 2.09     | 2.94     |
| 1   | 100        | 10000000 | 625000    | 93458    | 16384   | 8     | 16   | io_uring | 12        | 16  | increase  | asc         | asc        | 8192       | 20.89                   | 22.96             | 6   | 819,944,1069,818,943,1068           | 2.07     | 9.91     |
| 5   | 80         | 10000000 | 312500    | 117648   | 16384   | 2048  | 32   | worker   | 12        | 16  | increase  | asc         | desc       | 128        | 20.0                    | 22.06             | 6   | 6399,6519,6639,6398,6518,6638       | 2.06     | 10.3     |
| 4   | 100        | 10000000 | 625000    | 93458    | 16384   | 8     | 16   | io_uring | 12        | 16  | decrease  | desc        | asc        | 8192       | 39.13                   | 41.18             | 6   | 5319,5444,5569,5318,5443,5568       | 2.05     | 5.24     |
| 13  | 20         | 10000000 | 2500000   | 476191   | 0       | 8     | 4    | io_uring | 12        | 16  | increase  | asc         | asc        | 1012144    | 750.31                  | 752.35            | 6   | 18439,18574,18709,18438,18573,18708 | 2.04     | 0.27     |
| 1   | 100        | 10000000 | 625000    | 93458    | 16384   | 8     | 16   | worker   | 12        | 16  | increase  | asc         | asc        | 565536     | 736.62                  | 738.63            | 6   | 124,249,374,123,248,373             | 2.01     | 0.27     |
| 9   | 40         | 10000000 | 312500    | 238096   | 1024    | 0     | 32   | io_uring | 12        | 16  | increase  | asc         | desc       | 16384      | 147.65                  | 149.65            | 6   | 12914,13034,13154,12913,13033,13153 | 2.0      | 1.35     |
| 12  | 40         | 10000000 | 312500    | 238096   | 1024    | 0     | 32   | io_uring | 12        | 16  | decrease  | desc        | asc        | 282768     | 2438.83                 | 2440.82           | 6   | 16919,17039,17159,16918,17038,17158 | 1.99     | 0.08     |
| 19  | 40         | 10000000 | 312500    | 238096   | 4096    | 128   | 32   | worker   | 12        | 16  | decrease  | asc         | asc        | 16384      | 69.41                   | 71.38             | 6   | 26954,27074,27194,26953,27073,27193 | 1.97     | 2.84     |
| 16  | 20         | 10000000 | 2500000   | 476191   | 0       | 8     | 4    | io_uring | 12        | 16  | decrease  | desc        | desc       | 262144     | 200.03                  | 201.97            | 6   | 23689,23824,23959,23688,23823,23958 | 1.94     | 0.97     |
| 1   | 100        | 10000000 | 625000    | 93458    | 16384   | 8     | 16   | io_uring | 12        | 16  | increase  | asc         | desc       | 253036     | 1053.14                 | 1055.08           | 6   | 1224,1349,1474,1223,1348,1473       | 1.94     | 0.18     |
| 6   | 80         | 10000000 | 312500    | 117648   | 16384   | 2048  | 32   | io_uring | 12        | 16  | increase  | desc        | desc       | 1024       | 25.06                   | 26.95             | 6   | 8574,8694,8814,8573,8693,8813       | 1.89     | 7.54     |
| 6   | 80         | 10000000 | 312500    | 117648   | 16384   | 2048  | 32   | worker   | 12        | 16  | increase  | desc        | desc       | 16         | 2.1                     | 3.98              | 6   | 7824,7944,8064,7823,7943,8063       | 1.88     | 89.52    |
| 2   | 100        | 10000000 | 625000    | 93458    | 16384   | 8     | 16   | io_uring | 12        | 16  | increase  | desc        | desc       | 503036     | 747.82                  | 749.7             | 6   | 2744,2869,2994,2743,2868,2993       | 1.88     | 0.25     |
| 11  | 40         | 10000000 | 312500    | 238096   | 1024    | 0     | 32   | io_uring | 12        | 16  | decrease  | asc         | asc        | 282768     | 1093.22                 | 1095.09           | 6   | 15479,15599,15719,15478,15598,15718 | 1.87     | 0.17     |
| 6   | 80         | 10000000 | 312500    | 117648   | 16384   | 2048  | 32   | io_uring | 12        | 16  | increase  | desc        | asc        | 64         | 16.25                   | 18.11             | 6   | 8194,8314,8434,8193,8313,8433       | 1.86     | 11.45    |
| 6   | 80         | 10000000 | 312500    | 117648   | 16384   | 2048  | 32   | io_uring | 12        | 16  | increase  | desc        | desc       | 157768     | 1512.73                 | 1514.59           | 6   | 8619,8739,8859,8618,8738,8858       | 1.86     | 0.12     |
| 5   | 80         | 10000000 | 312500    | 117648   | 16384   | 2048  | 32   | io_uring | 12        | 16  | increase  | asc         | desc       | 128        | 24.56                   | 26.37             | 6   | 7119,7239,7359,7118,7238,7358       | 1.81     | 7.37     |
| 12  | 40         | 10000000 | 312500    | 238096   | 1024    | 0     | 32   | io_uring | 12        | 16  | decrease  | desc        | asc        | 157768     | 1373.05                 | 1374.86           | 6   | 16899,17019,17139,16898,17018,17138 | 1.81     | 0.13     |
| 7   | 80         | 10000000 | 312500    | 117648   | 16384   | 2048  | 32   | worker   | 12        | 16  | decrease  | asc         | desc       | 157768     | 1668.89                 | 1670.66           | 6   | 9339,9459,9579,9338,9458,9578       | 1.77     | 0.11     |
| 21  | 80         | 10000000 | 10000000  | 117648   | 1048576 | 128   | 1    | worker   | 12        | 16  | increase  | asc         | asc        | 524288     | 231.52                  | 233.29            | 6   | 29859,30004,30149,29858,30003,30148 | 1.77     | 0.76     |
| 3   | 100        | 10000000 | 625000    | 93458    | 16384   | 8     | 16   | io_uring | 12        | 16  | decrease  | asc         | asc        | 32768      | 58.23                   | 59.98             | 6   | 3829,3954,4079,3828,3953,4078       | 1.75     | 3.01     |
| 5   | 80         | 10000000 | 312500    | 117648   | 16384   | 2048  | 32   | io_uring | 12        | 16  | increase  | asc         | asc        | 16384      | 126.91                  | 128.65            | 6   | 6794,6914,7034,6793,6913,7033       | 1.74     | 1.37     |
| 9   | 40         | 10000000 | 312500    | 238096   | 1024    | 0     | 32   | worker   | 12        | 16  | increase  | asc         | asc        | 32768      | 109.24                  | 110.98            | 6   | 11839,11959,12079,11838,11958,12078 | 1.74     | 1.59     |
| 8   | 80         | 10000000 | 312500    | 117648   | 16384   | 2048  | 32   | worker   | 12        | 16  | decrease  | desc        | asc        | 1024       | 49.18                   | 50.92             | 6   | 10374,10494,10614,10373,10493,10613 | 1.74     | 3.54     |
| 13  | 20         | 10000000 | 2500000   | 476191   | 0       | 8     | 4    | io_uring | 12        | 16  | increase  | asc         | desc       | 1262144    | 5853.97                 | 5855.71           | 6   | 18849,18984,19119,18848,18983,19118 | 1.74     | 0.03     |
| 17  | 40         | 10000000 | 312500    | 238096   | 4096    | 128   | 32   | worker   | 12        | 16  | increase  | asc         | asc        | 8192       | 40.02                   | 41.75             | 6   | 24069,24189,24309,24068,24188,24308 | 1.73     | 4.32     |
| 4   | 100        | 10000000 | 625000    | 93458    | 16384   | 8     | 16   | io_uring | 12        | 16  | decrease  | desc        | asc        | 32768      | 126.99                  | 128.71            | 6   | 5329,5454,5579,5328,5453,5578       | 1.72     | 1.35     |
| 18  | 40         | 10000000 | 312500    | 238096   | 4096    | 128   | 32   | io_uring | 12        | 16  | increase  | desc        | desc       | 32768      | 148.3                   | 150.0             | 6   | 26599,26719,26839,26598,26718,26838 | 1.7      | 1.15     |
| 20  | 40         | 10000000 | 312500    | 238096   | 4096    | 128   | 32   | worker   | 12        | 16  | decrease  | desc        | desc       | 2048       | 14.35                   | 16.04             | 6   | 28739,28859,28979,28738,28858,28978 | 1.69     | 11.78    |
| 13  | 20         | 10000000 | 2500000   | 476191   | 0       | 8     | 4    | worker   | 12        | 16  | increase  | asc         | asc        | 131072     | 81.44                   | 83.11             | 6   | 17609,17744,17879,17608,17743,17878 | 1.67     | 2.05     |
| 17  | 40         | 10000000 | 312500    | 238096   | 4096    | 128   | 32   | io_uring | 12        | 16  | increase  | asc         | desc       | 64018      | 818.4                   | 820.05            | 6   | 25164,25284,25404,25163,25283,25403 | 1.65     | 0.2      |
| 1   | 100        | 10000000 | 625000    | 93458    | 16384   | 8     | 16   | worker   | 12        | 16  | increase  | asc         | asc        | 190536     | 259.14                  | 260.74            | 6   | 94,219,344,93,218,343               | 1.6      | 0.62     |
| 3   | 100        | 10000000 | 625000    | 93458    | 16384   | 8     | 16   | io_uring | 12        | 16  | decrease  | asc         | desc       | 503036     | 1768.92                 | 1770.52           | 6   | 4244,4369,4494,4243,4368,4493       | 1.6      | 0.09     |
| 2   | 100        | 10000000 | 625000    | 93458    | 16384   | 8     | 16   | worker   | 12        | 16  | increase  | desc        | desc       | 65536      | 94.45                   | 96.04             | 6   | 1959,2084,2209,1958,2083,2208       | 1.59     | 1.68     |
| 9   | 40         | 10000000 | 312500    | 238096   | 1024    | 0     | 32   | io_uring | 12        | 16  | increase  | asc         | desc       | 4096       | 38.55                   | 40.11             | 6   | 12904,13024,13144,12903,13023,13143 | 1.56     | 4.05     |
| 17  | 40         | 10000000 | 312500    | 238096   | 4096    | 128   | 32   | io_uring | 12        | 16  | increase  | asc         | asc        | 16384      | 78.22                   | 79.77             | 6   | 24794,24914,25034,24793,24913,25033 | 1.55     | 1.98     |
| 9   | 40         | 10000000 | 312500    | 238096   | 1024    | 0     | 32   | io_uring | 12        | 16  | increase  | asc         | asc        | 251518     | 858.84                  | 860.35            | 6   | 12594,12714,12834,12593,12713,12833 | 1.51     | 0.18     |
| 16  | 20         | 10000000 | 2500000   | 476191   | 0       | 8     | 4    | io_uring | 12        | 16  | decrease  | desc        | asc        | 262144     | 1176.51                 | 1178.02           | 6   | 23284,23419,23554,23283,23418,23553 | 1.51     | 0.13     |
| 12  | 40         | 10000000 | 312500    | 238096   | 1024    | 0     | 32   | worker   | 12        | 16  | decrease  | desc        | desc       | 2048       | 10.05                   | 11.55             | 6   | 16499,16619,16739,16498,16618,16738 | 1.5      | 14.93    |
| 20  | 40         | 10000000 | 312500    | 238096   | 4096    | 128   | 32   | worker   | 12        | 16  | decrease  | desc        | asc        | 95268      | 787.07                  | 788.57            | 6   | 28409,28529,28649,28408,28528,28648 | 1.5      | 0.19     |
| 10  | 40         | 10000000 | 312500    | 238096   | 1024    | 0     | 32   | worker   | 12        | 16  | increase  | desc        | desc       | 157768     | 533.83                  | 535.32            | 6   | 13659,13779,13899,13658,13778,13898 | 1.49     | 0.28     |
| 16  | 20         | 10000000 | 2500000   | 476191   | 0       | 8     | 4    | io_uring | 12        | 16  | decrease  | desc        | desc       | 1762144    | 1269.55                 | 1271.04           | 6   | 23719,23854,23989,23718,23853,23988 | 1.49     | 0.12     |
| 20  | 40         | 10000000 | 312500    | 238096   | 4096    | 128   | 32   | io_uring | 12        | 16  | decrease  | desc        | asc        | 32         | 2.55                    | 4.04              | 6   | 29069,29189,29309,29068,29188,29308 | 1.49     | 58.43    |
| 8   | 80         | 10000000 | 312500    | 117648   | 16384   | 2048  | 32   | io_uring | 12        | 16  | decrease  | desc        | desc       | 1024       | 23.73                   | 25.21             | 6   | 11454,11574,11694,11453,11573,11693 | 1.48     | 6.24     |
| 9   | 40         | 10000000 | 312500    | 238096   | 1024    | 0     | 32   | worker   | 12        | 16  | increase  | asc         | desc       | 16384      | 125.66                  | 127.12            | 6   | 12194,12314,12434,12193,12313,12433 | 1.46     | 1.16     |
| 4   | 100        | 10000000 | 625000    | 93458    | 16384   | 8     | 16   | io_uring | 12        | 16  | decrease  | desc        | desc       | 16384      | 31.83                   | 33.25             | 6   | 5699,5824,5949,5698,5823,5948       | 1.42     | 4.46     |
| 20  | 40         | 10000000 | 312500    | 238096   | 4096    | 128   | 32   | io_uring | 12        | 16  | decrease  | desc        | desc       | 157768     | 699.2                   | 700.62            | 6   | 29499,29619,29739,29498,29618,29738 | 1.42     | 0.2      |
| 21  | 80         | 10000000 | 10000000  | 117648   | 1048576 | 128   | 1    | worker   | 12        | 16  | increase  | asc         | desc       | 256        | 8.07                    | 9.48              | 6   | 30239,30384,30529,30238,30383,30528 | 1.41     | 17.47    |
| 19  | 40         | 10000000 | 312500    | 238096   | 4096    | 128   | 32   | io_uring | 12        | 16  | decrease  | asc         | desc       | 4096       | 60.67                   | 62.08             | 6   | 28024,28144,28264,28023,28143,28263 | 1.41     | 2.32     |
| 5   | 80         | 10000000 | 312500    | 117648   | 16384   | 2048  | 32   | worker   | 12        | 16  | increase  | asc         | desc       | 4096       | 116.79                  | 118.18            | 6   | 6424,6544,6664,6423,6543,6663       | 1.39     | 1.19     |
| 3   | 100        | 10000000 | 625000    | 93458    | 16384   | 8     | 16   | io_uring | 12        | 16  | decrease  | asc         | desc       | 8192       | 37.49                   | 38.87             | 6   | 4194,4319,4444,4193,4318,4443       | 1.38     | 3.68     |
| 13  | 20         | 10000000 | 2500000   | 476191   | 0       | 8     | 4    | worker   | 12        | 16  | increase  | asc         | desc       | 131072     | 546.1                   | 547.45            | 6   | 18014,18149,18284,18013,18148,18283 | 1.35     | 0.25     |
| 20  | 40         | 10000000 | 312500    | 238096   | 4096    | 128   | 32   | io_uring | 12        | 16  | decrease  | desc        | desc       | 4096       | 24.86                   | 26.21             | 6   | 29464,29584,29704,29463,29583,29703 | 1.35     | 5.43     |
| 7   | 80         | 10000000 | 312500    | 117648   | 16384   | 2048  | 32   | io_uring | 12        | 16  | decrease  | asc         | desc       | 64         | 16.14                   | 17.48             | 6   | 9994,10114,10234,9993,10113,10233   | 1.34     | 8.3      |
| 7   | 80         | 10000000 | 312500    | 117648   | 16384   | 2048  | 32   | worker   | 12        | 16  | decrease  | asc         | asc        | 128        | 7.57                    | 8.89              | 6   | 8919,9039,9159,8918,9038,9158       | 1.32     | 17.44    |
| 5   | 80         | 10000000 | 312500    | 117648   | 16384   | 2048  | 32   | worker   | 12        | 16  | increase  | asc         | asc        | 64018      | 439.73                  | 441.05            | 6   | 6084,6204,6324,6083,6203,6323       | 1.32     | 0.3      |
| 19  | 40         | 10000000 | 312500    | 238096   | 4096    | 128   | 32   | worker   | 12        | 16  | decrease  | asc         | asc        | 126518     | 471.25                  | 472.57            | 6   | 26974,27094,27214,26973,27093,27213 | 1.32     | 0.28     |
| 13  | 20         | 10000000 | 2500000   | 476191   | 0       | 8     | 4    | io_uring | 12        | 16  | increase  | asc         | desc       | 131072     | 616.04                  | 617.35            | 6   | 18824,18959,19094,18823,18958,19093 | 1.31     | 0.21     |
| 10  | 40         | 10000000 | 312500    | 238096   | 1024    | 0     | 32   | io_uring | 12        | 16  | increase  | desc        | asc        | 220268     | 1650.44                 | 1651.74           | 6   | 14029,14149,14269,14028,14148,14268 | 1.3      | 0.08     |
| 13  | 20         | 10000000 | 2500000   | 476191   | 0       | 8     | 4    | io_uring | 12        | 16  | increase  | asc         | desc       | 1762144    | 8412.02                 | 8413.31           | 6   | 18859,18994,19129,18858,18993,19128 | 1.29     | 0.02     |
| 21  | 80         | 10000000 | 10000000  | 117648   | 1048576 | 128   | 1    | worker   | 12        | 16  | increase  | asc         | asc        | 65536      | 112.33                  | 113.61            | 6   | 29844,29989,30134,29843,29988,30133 | 1.28     | 1.14     |
| 16  | 20         | 10000000 | 2500000   | 476191   | 0       | 8     | 4    | worker   | 12        | 16  | decrease  | desc        | asc        | 1024       | 3.41                    | 4.69              | 6   | 22434,22569,22704,22433,22568,22703 | 1.28     | 37.54    |
| 21  | 80         | 10000000 | 10000000  | 117648   | 1048576 | 128   | 1    | worker   | 12        | 16  | increase  | asc         | desc       | 64         | 1.84                    | 3.1               | 6   | 30229,30374,30519,30228,30373,30518 | 1.26     | 68.48    |
| 17  | 40         | 10000000 | 312500    | 238096   | 4096    | 128   | 32   | worker   | 12        | 16  | increase  | asc         | desc       | 2048       | 34.11                   | 35.35             | 6   | 24419,24539,24659,24418,24538,24658 | 1.24     | 3.64     |
| 8   | 80         | 10000000 | 312500    | 117648   | 16384   | 2048  | 32   | worker   | 12        | 16  | decrease  | desc        | asc        | 8          | 4.09                    | 5.33              | 6   | 10339,10459,10579,10338,10458,10578 | 1.24     | 30.32    |
| 3   | 100        | 10000000 | 625000    | 93458    | 16384   | 8     | 16   | worker   | 12        | 16  | decrease  | asc         | desc       | 32768      | 117.06                  | 118.3             | 6   | 3454,3579,3704,3453,3578,3703       | 1.24     | 1.06     |
| 17  | 40         | 10000000 | 312500    | 238096   | 4096    | 128   | 32   | io_uring | 12        | 16  | increase  | asc         | desc       | 256        | 13.55                   | 14.78             | 6   | 25124,25244,25364,25123,25243,25363 | 1.23     | 9.08     |
| 11  | 40         | 10000000 | 312500    | 238096   | 1024    | 0     | 32   | io_uring | 12        | 16  | decrease  | asc         | asc        | 251518     | 974.33                  | 975.56            | 6   | 15474,15594,15714,15473,15593,15713 | 1.23     | 0.13     |
| 3   | 100        | 10000000 | 625000    | 93458    | 16384   | 8     | 16   | io_uring | 12        | 16  | decrease  | asc         | asc        | 378036     | 566.13                  | 567.35            | 6   | 3859,3984,4109,3858,3983,4108       | 1.22     | 0.22     |
| 6   | 80         | 10000000 | 312500    | 117648   | 16384   | 2048  | 32   | io_uring | 12        | 16  | increase  | desc        | desc       | 95268      | 920.4                   | 921.62            | 6   | 8609,8729,8849,8608,8728,8848       | 1.22     | 0.13     |
| 13  | 20         | 10000000 | 2500000   | 476191   | 0       | 8     | 4    | worker   | 12        | 16  | increase  | asc         | desc       | 65536      | 276.31                  | 277.53            | 6   | 18009,18144,18279,18008,18143,18278 | 1.22     | 0.44     |
| 5   | 80         | 10000000 | 312500    | 117648   | 16384   | 2048  | 32   | io_uring | 12        | 16  | increase  | asc         | asc        | 4096       | 44.75                   | 45.96             | 6   | 6784,6904,7024,6783,6903,7023       | 1.21     | 2.7      |
| 16  | 20         | 10000000 | 2500000   | 476191   | 0       | 8     | 4    | io_uring | 12        | 16  | decrease  | desc        | desc       | 65536      | 53.57                   | 54.78             | 6   | 23679,23814,23949,23678,23813,23948 | 1.21     | 2.26     |
| 6   | 80         | 10000000 | 312500    | 117648   | 16384   | 2048  | 32   | worker   | 12        | 16  | increase  | desc        | desc       | 256        | 12.54                   | 13.73             | 6   | 7844,7964,8084,7843,7963,8083       | 1.19     | 9.49     |
| 21  | 80         | 10000000 | 10000000  | 117648   | 1048576 | 128   | 1    | io_uring | 12        | 16  | increase  | asc         | desc       | 1048576    | 1031.17                 | 1032.34           | 4   | 31169,31314,31168,31313             | 1.17     | 0.11     |
| 19  | 40         | 10000000 | 312500    | 238096   | 4096    | 128   | 32   | io_uring | 12        | 16  | decrease  | asc         | desc       | 256        | 12.79                   | 13.94             | 6   | 28004,28124,28244,28003,28123,28243 | 1.15     | 8.99     |
| 21  | 80         | 10000000 | 10000000  | 117648   | 1048576 | 128   | 1    | worker   | 12        | 16  | increase  | asc         | asc        | 512        | 12.07                   | 13.22             | 6   | 29809,29954,30099,29808,29953,30098 | 1.15     | 9.53     |
| 6   | 80         | 10000000 | 312500    | 117648   | 16384   | 2048  | 32   | io_uring | 12        | 16  | increase  | desc        | desc       | 32768      | 327.62                  | 328.77            | 6   | 8599,8719,8839,8598,8718,8838       | 1.15     | 0.35     |
| 1   | 100        | 10000000 | 625000    | 93458    | 16384   | 8     | 16   | worker   | 12        | 16  | increase  | asc         | desc       | 16384      | 66.22                   | 67.36             | 6   | 449,574,699,448,573,698             | 1.14     | 1.72     |
| 13  | 20         | 10000000 | 2500000   | 476191   | 0       | 8     | 4    | io_uring | 12        | 16  | increase  | asc         | desc       | 8192       | 39.47                   | 40.61             | 6   | 18804,18939,19074,18803,18938,19073 | 1.14     | 2.89     |
| 3   | 100        | 10000000 | 625000    | 93458    | 16384   | 8     | 16   | worker   | 12        | 16  | decrease  | asc         | desc       | 16384      | 62.26                   | 63.39             | 6   | 3449,3574,3699,3448,3573,3698       | 1.13     | 1.81     |
| 2   | 100        | 10000000 | 625000    | 93458    | 16384   | 8     | 16   | io_uring | 12        | 16  | increase  | desc        | asc        | 8192       | 36.12                   | 37.22             | 6   | 2319,2444,2569,2318,2443,2568       | 1.1      | 3.05     |
| 14  | 20         | 10000000 | 2500000   | 476191   | 0       | 8     | 4    | worker   | 12        | 16  | increase  | desc        | desc       | 256        | 1.78                    | 2.88              | 6   | 19589,19724,19859,19588,19723,19858 | 1.1      | 61.8     |
| 5   | 80         | 10000000 | 312500    | 117648   | 16384   | 2048  | 32   | io_uring | 12        | 16  | increase  | asc         | asc        | 512        | 18.51                   | 19.61             | 6   | 6769,6889,7009,6768,6888,7008       | 1.1      | 5.94     |
| 2   | 100        | 10000000 | 625000    | 93458    | 16384   | 8     | 16   | io_uring | 12        | 16  | increase  | desc        | desc       | 190536     | 293.15                  | 294.24            | 6   | 2719,2844,2969,2718,2843,2968       | 1.09     | 0.37     |
| 9   | 40         | 10000000 | 312500    | 238096   | 1024    | 0     | 32   | io_uring | 12        | 16  | increase  | asc         | asc        | 64018      | 222.54                  | 223.63            | 6   | 12564,12684,12804,12563,12683,12803 | 1.09     | 0.49     |
| 12  | 40         | 10000000 | 312500    | 238096   | 1024    | 0     | 32   | worker   | 12        | 16  | decrease  | desc        | asc        | 4096       | 34.43                   | 35.52             | 6   | 16144,16264,16384,16143,16263,16383 | 1.09     | 3.17     |
| 8   | 80         | 10000000 | 312500    | 117648   | 16384   | 2048  | 32   | worker   | 12        | 16  | decrease  | desc        | asc        | 16         | 5.86                    | 6.94              | 6   | 10344,10464,10584,10343,10463,10583 | 1.08     | 18.43    |
| 17  | 40         | 10000000 | 312500    | 238096   | 4096    | 128   | 32   | worker   | 12        | 16  | increase  | asc         | asc        | 512        | 6.11                    | 7.18              | 6   | 24049,24169,24289,24048,24168,24288 | 1.07     | 17.51    |
| 3   | 100        | 10000000 | 625000    | 93458    | 16384   | 8     | 16   | io_uring | 12        | 16  | decrease  | asc         | desc       | 16384      | 66.94                   | 68.0              | 6   | 4199,4324,4449,4198,4323,4448       | 1.06     | 1.58     |
| 20  | 40         | 10000000 | 312500    | 238096   | 4096    | 128   | 32   | io_uring | 12        | 16  | decrease  | desc        | asc        | 64018      | 749.56                  | 750.61            | 6   | 29124,29244,29364,29123,29243,29363 | 1.05     | 0.14     |
| 4   | 100        | 10000000 | 625000    | 93458    | 16384   | 8     | 16   | io_uring | 12        | 16  | decrease  | desc        | desc       | 4096       | 15.07                   | 16.12             | 6   | 5689,5814,5939,5688,5813,5938       | 1.05     | 6.97     |
| 10  | 40         | 10000000 | 312500    | 238096   | 1024    | 0     | 32   | worker   | 12        | 16  | increase  | desc        | desc       | 16384      | 58.63                   | 59.68             | 6   | 13634,13754,13874,13633,13753,13873 | 1.05     | 1.79     |
| 2   | 100        | 10000000 | 625000    | 93458    | 16384   | 8     | 16   | io_uring | 12        | 16  | increase  | desc        | asc        | 315536     | 1065.85                 | 1066.89           | 6   | 2354,2479,2604,2353,2478,2603       | 1.04     | 0.1      |
| 12  | 40         | 10000000 | 312500    | 238096   | 1024    | 0     | 32   | io_uring | 12        | 16  | decrease  | desc        | desc       | 126518     | 441.4                   | 442.44            | 6   | 17254,17374,17494,17253,17373,17493 | 1.04     | 0.24     |
| 9   | 40         | 10000000 | 312500    | 238096   | 1024    | 0     | 32   | io_uring | 12        | 16  | increase  | asc         | asc        | 256        | 3.01                    | 4.05              | 6   | 12524,12644,12764,12523,12643,12763 | 1.04     | 34.55    |
| 7   | 80         | 10000000 | 312500    | 117648   | 16384   | 2048  | 32   | worker   | 12        | 16  | decrease  | asc         | desc       | 512        | 43.11                   | 44.14             | 6   | 9289,9409,9529,9288,9408,9528       | 1.03     | 2.39     |
| 17  | 40         | 10000000 | 312500    | 238096   | 4096    | 128   | 32   | io_uring | 12        | 16  | increase  | asc         | asc        | 1024       | 10.35                   | 11.38             | 6   | 24774,24894,25014,24773,24893,25013 | 1.03     | 9.95     |
| 7   | 80         | 10000000 | 312500    | 117648   | 16384   | 2048  | 32   | worker   | 12        | 16  | decrease  | asc         | desc       | 8          | 4.43                    | 5.46              | 6   | 9259,9379,9499,9258,9378,9498       | 1.03     | 23.25    |
| 1   | 100        | 10000000 | 625000    | 93458    | 16384   | 8     | 16   | worker   | 12        | 16  | increase  | asc         | desc       | 128036     | 444.96                  | 445.98            | 6   | 464,589,714,463,588,713             | 1.02     | 0.23     |
| 7   | 80         | 10000000 | 312500    | 117648   | 16384   | 2048  | 32   | io_uring | 12        | 16  | decrease  | asc         | asc        | 4096       | 51.28                   | 52.3              | 6   | 9664,9784,9904,9663,9783,9903       | 1.02     | 1.99     |
| 19  | 40         | 10000000 | 312500    | 238096   | 4096    | 128   | 32   | worker   | 12        | 16  | decrease  | asc         | desc       | 512        | 16.16                   | 17.17             | 6   | 27289,27409,27529,27288,27408,27528 | 1.01     | 6.25     |
| 19  | 40         | 10000000 | 312500    | 238096   | 4096    | 128   | 32   | worker   | 12        | 16  | decrease  | asc         | asc        | 32         | 1.34                    | 2.35              | 6   | 26909,27029,27149,26908,27028,27148 | 1.01     | 75.37    |
| 3   | 100        | 10000000 | 625000    | 93458    | 16384   | 8     | 16   | worker   | 12        | 16  | decrease  | asc         | asc        | 8192       | 19.01                   | 20.02             | 6   | 3069,3194,3319,3068,3193,3318       | 1.01     | 5.31     |
| 6   | 80         | 10000000 | 312500    | 117648   | 16384   | 2048  | 32   | io_uring | 12        | 16  | increase  | desc        | asc        | 256        | 39.02                   | 40.03             | 6   | 8204,8324,8444,8203,8323,8443       | 1.01     | 2.59     |
| 6   | 80         | 10000000 | 312500    | 117648   | 16384   | 2048  | 32   | io_uring | 12        | 16  | increase  | desc        | desc       | 64018      | 623.95                  | 624.96            | 6   | 8604,8724,8844,8603,8723,8843       | 1.01     | 0.16     |
| 18  | 40         | 10000000 | 312500    | 238096   | 4096    | 128   | 32   | io_uring | 12        | 16  | increase  | desc        | desc       | 16384      | 76.24                   | 77.23             | 6   | 26594,26714,26834,26593,26713,26833 | 0.99     | 1.3      |
| 6   | 80         | 10000000 | 312500    | 117648   | 16384   | 2048  | 32   | worker   | 12        | 16  | increase  | desc        | desc       | 32         | 4.42                    | 5.41              | 6   | 7829,7949,8069,7828,7948,8068       | 0.99     | 22.4     |
| 11  | 40         | 10000000 | 312500    | 238096   | 1024    | 0     | 32   | worker   | 12        | 16  | decrease  | asc         | asc        | 8192       | 30.42                   | 31.41             | 6   | 14709,14829,14949,14708,14828,14948 | 0.99     | 3.25     |
| 9   | 40         | 10000000 | 312500    | 238096   | 1024    | 0     | 32   | io_uring | 12        | 16  | increase  | asc         | asc        | 2048       | 10.61                   | 11.59             | 6   | 12539,12659,12779,12538,12658,12778 | 0.98     | 9.24     |
| 21  | 80         | 10000000 | 10000000  | 117648   | 1048576 | 128   | 1    | worker   | 12        | 16  | increase  | asc         | desc       | 131072     | 221.83                  | 222.8             | 6   | 30284,30429,30574,30283,30428,30573 | 0.97     | 0.44     |
| 17  | 40         | 10000000 | 312500    | 238096   | 4096    | 128   | 32   | worker   | 12        | 16  | increase  | asc         | asc        | 16384      | 72.57                   | 73.52             | 6   | 24074,24194,24314,24073,24193,24313 | 0.95     | 1.31     |
| 14  | 20         | 10000000 | 2500000   | 476191   | 0       | 8     | 4    | io_uring | 12        | 16  | increase  | desc        | desc       | 256        | 1.91                    | 2.86              | 6   | 20399,20534,20669,20398,20533,20668 | 0.95     | 49.74    |
| 8   | 80         | 10000000 | 312500    | 117648   | 16384   | 2048  | 32   | io_uring | 12        | 16  | decrease  | desc        | desc       | 64018      | 442.55                  | 443.48            | 6   | 11484,11604,11724,11483,11603,11723 | 0.93     | 0.21     |
| 19  | 40         | 10000000 | 312500    | 238096   | 4096    | 128   | 32   | worker   | 12        | 16  | decrease  | asc         | asc        | 512        | 6.31                    | 7.24              | 6   | 26929,27049,27169,26928,27048,27168 | 0.93     | 14.74    |
| 1   | 100        | 10000000 | 625000    | 93458    | 16384   | 8     | 16   | worker   | 12        | 16  | increase  | asc         | asc        | 256        | 2.69                    | 3.62              | 6   | 44,169,294,43,168,293               | 0.93     | 34.57    |
| 1   | 100        | 10000000 | 625000    | 93458    | 16384   | 8     | 16   | worker   | 12        | 16  | increase  | asc         | desc       | 4096       | 23.01                   | 23.94             | 6   | 439,564,689,438,563,688             | 0.93     | 4.04     |
| 2   | 100        | 10000000 | 625000    | 93458    | 16384   | 8     | 16   | io_uring | 12        | 16  | increase  | desc        | asc        | 2048       | 14.8                    | 15.73             | 6   | 2309,2434,2559,2308,2433,2558       | 0.93     | 6.28     |
| 18  | 40         | 10000000 | 312500    | 238096   | 4096    | 128   | 32   | io_uring | 12        | 16  | increase  | desc        | asc        | 512        | 18.62                   | 19.55             | 6   | 26209,26329,26449,26208,26328,26448 | 0.93     | 4.99     |
| 18  | 40         | 10000000 | 312500    | 238096   | 4096    | 128   | 32   | io_uring | 12        | 16  | increase  | desc        | desc       | 256        | 4.76                    | 5.67              | 6   | 26564,26684,26804,26563,26683,26803 | 0.91     | 19.12    |
| 19  | 40         | 10000000 | 312500    | 238096   | 4096    | 128   | 32   | worker   | 12        | 16  | decrease  | asc         | asc        | 64         | 1.96                    | 2.87              | 6   | 26914,27034,27154,26913,27033,27153 | 0.91     | 46.43    |
| 19  | 40         | 10000000 | 312500    | 238096   | 4096    | 128   | 32   | io_uring | 12        | 16  | decrease  | asc         | desc       | 16384      | 175.83                  | 176.74            | 6   | 28034,28154,28274,28033,28153,28273 | 0.91     | 0.52     |
| 10  | 40         | 10000000 | 312500    | 238096   | 1024    | 0     | 32   | io_uring | 12        | 16  | increase  | desc        | desc       | 251518     | 1015.84                 | 1016.75           | 6   | 14394,14514,14634,14393,14513,14633 | 0.91     | 0.09     |
| 9   | 40         | 10000000 | 312500    | 238096   | 1024    | 0     | 32   | io_uring | 12        | 16  | increase  | asc         | asc        | 8192       | 32.48                   | 33.38             | 6   | 12549,12669,12789,12548,12668,12788 | 0.9      | 2.77     |
| 19  | 40         | 10000000 | 312500    | 238096   | 4096    | 128   | 32   | worker   | 12        | 16  | decrease  | asc         | asc        | 1024       | 9.19                    | 10.09             | 6   | 26934,27054,27174,26933,27053,27173 | 0.9      | 9.79     |
| 7   | 80         | 10000000 | 312500    | 117648   | 16384   | 2048  | 32   | io_uring | 12        | 16  | decrease  | asc         | asc        | 256        | 13.14                   | 14.04             | 6   | 9644,9764,9884,9643,9763,9883       | 0.9      | 6.85     |
| 2   | 100        | 10000000 | 625000    | 93458    | 16384   | 8     | 16   | io_uring | 12        | 16  | increase  | desc        | desc       | 253036     | 382.87                  | 383.77            | 6   | 2724,2849,2974,2723,2848,2973       | 0.9      | 0.24     |
| 2   | 100        | 10000000 | 625000    | 93458    | 16384   | 8     | 16   | worker   | 12        | 16  | increase  | desc        | desc       | 2048       | 9.34                    | 10.23             | 6   | 1934,2059,2184,1933,2058,2183       | 0.89     | 9.53     |
| 13  | 20         | 10000000 | 2500000   | 476191   | 0       | 8     | 4    | io_uring | 12        | 16  | increase  | asc         | asc        | 131072     | 104.05                  | 104.94            | 6   | 18419,18554,18689,18418,18553,18688 | 0.89     | 0.86     |
| 1   | 100        | 10000000 | 625000    | 93458    | 16384   | 8     | 16   | io_uring | 12        | 16  | increase  | asc         | desc       | 128036     | 534.76                  | 535.63            | 6   | 1214,1339,1464,1213,1338,1463       | 0.87     | 0.16     |
| 13  | 20         | 10000000 | 2500000   | 476191   | 0       | 8     | 4    | io_uring | 12        | 16  | increase  | asc         | desc       | 512        | 3.03                    | 3.9               | 6   | 18784,18919,19054,18783,18918,19053 | 0.87     | 28.71    |
| 18  | 40         | 10000000 | 312500    | 238096   | 4096    | 128   | 32   | io_uring | 12        | 16  | increase  | desc        | asc        | 32         | 2.6                     | 3.47              | 6   | 26189,26309,26429,26188,26308,26428 | 0.87     | 33.46    |
| 18  | 40         | 10000000 | 312500    | 238096   | 4096    | 128   | 32   | worker   | 12        | 16  | increase  | desc        | asc        | 32         | 2.2                     | 3.07              | 6   | 25469,25589,25709,25468,25588,25708 | 0.87     | 39.55    |
| 10  | 40         | 10000000 | 312500    | 238096   | 1024    | 0     | 32   | worker   | 12        | 16  | increase  | desc        | asc        | 4096       | 33.25                   | 34.12             | 6   | 13264,13384,13504,13263,13383,13503 | 0.87     | 2.62     |
| 10  | 40         | 10000000 | 312500    | 238096   | 1024    | 0     | 32   | io_uring | 12        | 16  | increase  | desc        | asc        | 1024       | 11.53                   | 12.39             | 6   | 13974,14094,14214,13973,14093,14213 | 0.86     | 7.46     |
| 12  | 40         | 10000000 | 312500    | 238096   | 1024    | 0     | 32   | io_uring | 12        | 16  | decrease  | desc        | desc       | 32768      | 116.68                  | 117.54            | 6   | 17239,17359,17479,17238,17358,17478 | 0.86     | 0.74     |
| 18  | 40         | 10000000 | 312500    | 238096   | 4096    | 128   | 32   | io_uring | 12        | 16  | increase  | desc        | desc       | 282768     | 1211.13                 | 1211.99           | 6   | 26639,26759,26879,26638,26758,26878 | 0.86     | 0.07     |
| 9   | 40         | 10000000 | 312500    | 238096   | 1024    | 0     | 32   | io_uring | 12        | 16  | increase  | asc         | desc       | 1024       | 12.44                   | 13.29             | 6   | 12894,13014,13134,12893,13013,13133 | 0.85     | 6.83     |
| 20  | 40         | 10000000 | 312500    | 238096   | 4096    | 128   | 32   | io_uring | 12        | 16  | decrease  | desc        | asc        | 95268      | 1103.43                 | 1104.28           | 6   | 29129,29249,29369,29128,29248,29368 | 0.85     | 0.08     |
| 17  | 40         | 10000000 | 312500    | 238096   | 4096    | 128   | 32   | io_uring | 12        | 16  | increase  | asc         | asc        | 8192       | 42.58                   | 43.42             | 6   | 24789,24909,25029,24788,24908,25028 | 0.84     | 1.97     |
| 1   | 100        | 10000000 | 625000    | 93458    | 16384   | 8     | 16   | worker   | 12        | 16  | increase  | asc         | desc       | 2048       | 14.28                   | 15.12             | 6   | 434,559,684,433,558,683             | 0.84     | 5.88     |
| 9   | 40         | 10000000 | 312500    | 238096   | 1024    | 0     | 32   | io_uring | 12        | 16  | increase  | asc         | desc       | 126518     | 1146.78                 | 1147.62           | 6   | 12934,13054,13174,12933,13053,13173 | 0.84     | 0.07     |
| 18  | 40         | 10000000 | 312500    | 238096   | 4096    | 128   | 32   | worker   | 12        | 16  | increase  | desc        | desc       | 95268      | 349.58                  | 350.41            | 6   | 25889,26009,26129,25888,26008,26128 | 0.83     | 0.24     |
| 8   | 80         | 10000000 | 312500    | 117648   | 16384   | 2048  | 32   | io_uring | 12        | 16  | decrease  | desc        | desc       | 64         | 5.04                    | 5.87              | 6   | 11434,11554,11674,11433,11553,11673 | 0.83     | 16.47    |
| 19  | 40         | 10000000 | 312500    | 238096   | 4096    | 128   | 32   | worker   | 12        | 16  | decrease  | asc         | desc       | 2048       | 32.93                   | 33.76             | 6   | 27299,27419,27539,27298,27418,27538 | 0.83     | 2.52     |
| 1   | 100        | 10000000 | 625000    | 93458    | 16384   | 8     | 16   | io_uring | 12        | 16  | increase  | asc         | desc       | 32768      | 146.21                  | 147.03            | 6   | 1204,1329,1454,1203,1328,1453       | 0.82     | 0.56     |
| 19  | 40         | 10000000 | 312500    | 238096   | 4096    | 128   | 32   | worker   | 12        | 16  | decrease  | asc         | asc        | 2048       | 13.35                   | 14.16             | 6   | 26939,27059,27179,26938,27058,27178 | 0.81     | 6.07     |
| 6   | 80         | 10000000 | 312500    | 117648   | 16384   | 2048  | 32   | worker   | 12        | 16  | increase  | desc        | desc       | 2048       | 30.96                   | 31.77             | 6   | 7859,7979,8099,7858,7978,8098       | 0.81     | 2.62     |
| 3   | 100        | 10000000 | 625000    | 93458    | 16384   | 8     | 16   | worker   | 12        | 16  | decrease  | asc         | asc        | 4096       | 12.52                   | 13.32             | 6   | 3064,3189,3314,3063,3188,3313       | 0.8      | 6.39     |
| 19  | 40         | 10000000 | 312500    | 238096   | 4096    | 128   | 32   | io_uring | 12        | 16  | decrease  | asc         | asc        | 256        | 4.71                    | 5.51              | 6   | 27644,27764,27884,27643,27763,27883 | 0.8      | 16.99    |
| 16  | 20         | 10000000 | 2500000   | 476191   | 0       | 8     | 4    | worker   | 12        | 16  | decrease  | desc        | asc        | 32768      | 100.86                  | 101.66            | 6   | 22459,22594,22729,22458,22593,22728 | 0.8      | 0.79     |
| 2   | 100        | 10000000 | 625000    | 93458    | 16384   | 8     | 16   | worker   | 12        | 16  | increase  | desc        | asc        | 32768      | 110.91                  | 111.7             | 6   | 1579,1704,1829,1578,1703,1828       | 0.79     | 0.71     |
| 10  | 40         | 10000000 | 312500    | 238096   | 1024    | 0     | 32   | worker   | 12        | 16  | increase  | desc        | desc       | 2048       | 10.3                    | 11.09             | 6   | 13619,13739,13859,13618,13738,13858 | 0.79     | 7.67     |
| 18  | 40         | 10000000 | 312500    | 238096   | 4096    | 128   | 32   | io_uring | 12        | 16  | increase  | desc        | desc       | 1024       | 10.89                   | 11.68             | 6   | 26574,26694,26814,26573,26693,26813 | 0.79     | 7.25     |
| 10  | 40         | 10000000 | 312500    | 238096   | 1024    | 0     | 32   | worker   | 12        | 16  | increase  | desc        | desc       | 8192       | 31.76                   | 32.55             | 6   | 13629,13749,13869,13628,13748,13868 | 0.79     | 2.49     |
| 16  | 20         | 10000000 | 2500000   | 476191   | 0       | 8     | 4    | worker   | 12        | 16  | decrease  | desc        | desc       | 16384      | 13.61                   | 14.39             | 6   | 22859,22994,23129,22858,22993,23128 | 0.78     | 5.73     |
| 18  | 40         | 10000000 | 312500    | 238096   | 4096    | 128   | 32   | io_uring | 12        | 16  | increase  | desc        | desc       | 8192       | 41.28                   | 42.06             | 6   | 26589,26709,26829,26588,26708,26828 | 0.78     | 1.89     |
| 13  | 20         | 10000000 | 2500000   | 476191   | 0       | 8     | 4    | worker   | 12        | 16  | increase  | asc         | desc       | 256        | 1.65                    | 2.43              | 6   | 17969,18104,18239,17968,18103,18238 | 0.78     | 47.27    |
| 20  | 40         | 10000000 | 312500    | 238096   | 4096    | 128   | 32   | io_uring | 12        | 16  | decrease  | desc        | desc       | 64         | 2.17                    | 2.95              | 6   | 29434,29554,29674,29433,29553,29673 | 0.78     | 35.94    |
| 20  | 40         | 10000000 | 312500    | 238096   | 4096    | 128   | 32   | io_uring | 12        | 16  | decrease  | desc        | asc        | 8192       | 112.79                  | 113.57            | 6   | 29109,29229,29349,29108,29228,29348 | 0.78     | 0.69     |
| 10  | 40         | 10000000 | 312500    | 238096   | 1024    | 0     | 32   | worker   | 12        | 16  | increase  | desc        | desc       | 251518     | 829.09                  | 829.86            | 6   | 13674,13794,13914,13673,13793,13913 | 0.77     | 0.09     |
| 12  | 40         | 10000000 | 312500    | 238096   | 1024    | 0     | 32   | io_uring | 12        | 16  | decrease  | desc        | asc        | 126518     | 1103.37                 | 1104.13           | 6   | 16894,17014,17134,16893,17013,17133 | 0.76     | 0.07     |
| 6   | 80         | 10000000 | 312500    | 117648   | 16384   | 2048  | 32   | io_uring | 12        | 16  | increase  | desc        | asc        | 8192       | 140.48                  | 141.24            | 6   | 8229,8349,8469,8228,8348,8468       | 0.76     | 0.54     |
| 16  | 20         | 10000000 | 2500000   | 476191   | 0       | 8     | 4    | worker   | 12        | 16  | decrease  | desc        | asc        | 16384      | 50.88                   | 51.64             | 6   | 22454,22589,22724,22453,22588,22723 | 0.76     | 1.49     |
| 13  | 20         | 10000000 | 2500000   | 476191   | 0       | 8     | 4    | worker   | 12        | 16  | increase  | asc         | desc       | 16384      | 69.23                   | 69.99             | 6   | 17999,18134,18269,17998,18133,18268 | 0.76     | 1.1      |
| 16  | 20         | 10000000 | 2500000   | 476191   | 0       | 8     | 4    | io_uring | 12        | 16  | decrease  | desc        | asc        | 512144     | 2259.94                 | 2260.7            | 6   | 23289,23424,23559,23288,23423,23558 | 0.76     | 0.03     |
| 9   | 40         | 10000000 | 312500    | 238096   | 1024    | 0     | 32   | io_uring | 12        | 16  | increase  | asc         | asc        | 126518     | 438.55                  | 439.3             | 6   | 12574,12694,12814,12573,12693,12813 | 0.75     | 0.17     |
| 3   | 100        | 10000000 | 625000    | 93458    | 16384   | 8     | 16   | io_uring | 12        | 16  | decrease  | asc         | desc       | 440536     | 1553.71                 | 1554.45           | 6   | 4239,4364,4489,4238,4363,4488       | 0.74     | 0.05     |
| 2   | 100        | 10000000 | 625000    | 93458    | 16384   | 8     | 16   | io_uring | 12        | 16  | increase  | desc        | desc       | 2048       | 11.56                   | 12.3              | 6   | 2684,2809,2934,2683,2808,2933       | 0.74     | 6.4      |
| 12  | 40         | 10000000 | 312500    | 238096   | 1024    | 0     | 32   | io_uring | 12        | 16  | decrease  | desc        | asc        | 256        | 4.66                    | 5.4               | 6   | 16844,16964,17084,16843,16963,17083 | 0.74     | 15.88    |
| 3   | 100        | 10000000 | 625000    | 93458    | 16384   | 8     | 16   | worker   | 12        | 16  | decrease  | asc         | asc        | 128        | 1.58                    | 2.32              | 6   | 3039,3164,3289,3038,3163,3288       | 0.74     | 46.84    |
| 8   | 80         | 10000000 | 312500    | 117648   | 16384   | 2048  | 32   | io_uring | 12        | 16  | decrease  | desc        | desc       | 256        | 13.98                   | 14.71             | 6   | 11444,11564,11684,11443,11563,11683 | 0.73     | 5.22     |
| 2   | 100        | 10000000 | 625000    | 93458    | 16384   | 8     | 16   | worker   | 12        | 16  | increase  | desc        | desc       | 315536     | 405.3                   | 406.03            | 6   | 1979,2104,2229,1978,2103,2228       | 0.73     | 0.18     |
| 17  | 40         | 10000000 | 312500    | 238096   | 4096    | 128   | 32   | io_uring | 12        | 16  | increase  | asc         | desc       | 32         | 3.09                    | 3.81              | 6   | 25109,25229,25349,25108,25228,25348 | 0.72     | 23.3     |
| 10  | 40         | 10000000 | 312500    | 238096   | 1024    | 0     | 32   | worker   | 12        | 16  | increase  | desc        | desc       | 512        | 4.5                     | 5.22              | 6   | 13609,13729,13849,13608,13728,13848 | 0.72     | 16.0     |
| 10  | 40         | 10000000 | 312500    | 238096   | 1024    | 0     | 32   | worker   | 12        | 16  | increase  | desc        | asc        | 2048       | 18.32                   | 19.03             | 6   | 13259,13379,13499,13258,13378,13498 | 0.71     | 3.88     |
| 20  | 40         | 10000000 | 312500    | 238096   | 4096    | 128   | 32   | io_uring | 12        | 16  | decrease  | desc        | asc        | 512        | 21.34                   | 22.05             | 6   | 29089,29209,29329,29088,29208,29328 | 0.71     | 3.33     |
| 20  | 40         | 10000000 | 312500    | 238096   | 4096    | 128   | 32   | io_uring | 12        | 16  | decrease  | desc        | desc       | 128        | 3.26                    | 3.97              | 6   | 29439,29559,29679,29438,29558,29678 | 0.71     | 21.78    |
| 9   | 40         | 10000000 | 312500    | 238096   | 1024    | 0     | 32   | worker   | 12        | 16  | increase  | asc         | asc        | 2048       | 10.38                   | 11.09             | 6   | 11819,11939,12059,11818,11938,12058 | 0.71     | 6.84     |
| 10  | 40         | 10000000 | 312500    | 238096   | 1024    | 0     | 32   | io_uring | 12        | 16  | increase  | desc        | desc       | 32768      | 136.8                   | 137.51            | 6   | 14359,14479,14599,14358,14478,14598 | 0.71     | 0.52     |
| 7   | 80         | 10000000 | 312500    | 117648   | 16384   | 2048  | 32   | worker   | 12        | 16  | decrease  | asc         | asc        | 4096       | 49.57                   | 50.27             | 6   | 8944,9064,9184,8943,9063,9183       | 0.7      | 1.41     |
| 16  | 20         | 10000000 | 2500000   | 476191   | 0       | 8     | 4    | io_uring | 12        | 16  | decrease  | desc        | asc        | 2048       | 9.87                    | 10.57             | 6   | 23249,23384,23519,23248,23383,23518 | 0.7      | 7.09     |
| 15  | 20         | 10000000 | 2500000   | 476191   | 0       | 8     | 4    | io_uring | 12        | 16  | decrease  | asc         | asc        | 256        | 2.67                    | 3.37              | 6   | 21614,21749,21884,21613,21748,21883 | 0.7      | 26.22    |
| 20  | 40         | 10000000 | 312500    | 238096   | 4096    | 128   | 32   | io_uring | 12        | 16  | decrease  | desc        | asc        | 64         | 4.95                    | 5.65              | 6   | 29074,29194,29314,29073,29193,29313 | 0.7      | 14.14    |
| 20  | 40         | 10000000 | 312500    | 238096   | 4096    | 128   | 32   | worker   | 12        | 16  | decrease  | desc        | desc       | 16         | 1.19                    | 1.89              | 6   | 28704,28824,28944,28703,28823,28943 | 0.7      | 58.82    |
| 3   | 100        | 10000000 | 625000    | 93458    | 16384   | 8     | 16   | io_uring | 12        | 16  | decrease  | asc         | asc        | 8192       | 22.36                   | 23.06             | 6   | 3819,3944,4069,3818,3943,4068       | 0.7      | 3.13     |
| 13  | 20         | 10000000 | 2500000   | 476191   | 0       | 8     | 4    | worker   | 12        | 16  | increase  | asc         | desc       | 4096       | 18.3                    | 19.0              | 6   | 17989,18124,18259,17988,18123,18258 | 0.7      | 3.83     |
| 13  | 20         | 10000000 | 2500000   | 476191   | 0       | 8     | 4    | io_uring | 12        | 16  | increase  | asc         | desc       | 65536      | 311.44                  | 312.14            | 6   | 18819,18954,19089,18818,18953,19088 | 0.7      | 0.22     |
| 18  | 40         | 10000000 | 312500    | 238096   | 4096    | 128   | 32   | io_uring | 12        | 16  | increase  | desc        | desc       | 16         | 1.48                    | 2.17              | 6   | 26544,26664,26784,26543,26663,26783 | 0.69     | 46.62    |
| 12  | 40         | 10000000 | 312500    | 238096   | 1024    | 0     | 32   | worker   | 12        | 16  | decrease  | desc        | desc       | 128        | 2.03                    | 2.71              | 6   | 16479,16599,16719,16478,16598,16718 | 0.68     | 33.5     |
| 3   | 100        | 10000000 | 625000    | 93458    | 16384   | 8     | 16   | worker   | 12        | 16  | decrease  | asc         | desc       | 4096       | 21.07                   | 21.75             | 6   | 3439,3564,3689,3438,3563,3688       | 0.68     | 3.23     |
| 17  | 40         | 10000000 | 312500    | 238096   | 4096    | 128   | 32   | io_uring | 12        | 16  | increase  | asc         | asc        | 2048       | 16.13                   | 16.81             | 6   | 24779,24899,25019,24778,24898,25018 | 0.68     | 4.22     |
| 10  | 40         | 10000000 | 312500    | 238096   | 1024    | 0     | 32   | io_uring | 12        | 16  | increase  | desc        | desc       | 126518     | 518.02                  | 518.69            | 6   | 14374,14494,14614,14373,14493,14613 | 0.67     | 0.13     |
| 4   | 100        | 10000000 | 625000    | 93458    | 16384   | 8     | 16   | io_uring | 12        | 16  | decrease  | desc        | desc       | 2048       | 11.51                   | 12.18             | 6   | 5684,5809,5934,5683,5808,5933       | 0.67     | 5.82     |
| 11  | 40         | 10000000 | 312500    | 238096   | 1024    | 0     | 32   | worker   | 12        | 16  | decrease  | asc         | desc       | 16         | 0.82                    | 1.48              | 6   | 15024,15144,15264,15023,15143,15263 | 0.66     | 80.49    |
| 19  | 40         | 10000000 | 312500    | 238096   | 4096    | 128   | 32   | io_uring | 12        | 16  | decrease  | asc         | asc        | 64         | 2.22                    | 2.88              | 6   | 27634,27754,27874,27633,27753,27873 | 0.66     | 29.73    |
| 20  | 40         | 10000000 | 312500    | 238096   | 4096    | 128   | 32   | io_uring | 12        | 16  | decrease  | desc        | desc       | 512        | 7.63                    | 8.29              | 6   | 29449,29569,29689,29448,29568,29688 | 0.66     | 8.65     |
| 18  | 40         | 10000000 | 312500    | 238096   | 4096    | 128   | 32   | worker   | 12        | 16  | increase  | desc        | asc        | 4096       | 47.78                   | 48.44             | 6   | 25504,25624,25744,25503,25623,25743 | 0.66     | 1.38     |
| 11  | 40         | 10000000 | 312500    | 238096   | 1024    | 0     | 32   | io_uring | 12        | 16  | decrease  | asc         | asc        | 16384      | 67.89                   | 68.54             | 6   | 15434,15554,15674,15433,15553,15673 | 0.65     | 0.96     |
| 3   | 100        | 10000000 | 625000    | 93458    | 16384   | 8     | 16   | io_uring | 12        | 16  | decrease  | asc         | desc       | 1024       | 9.49                    | 10.13             | 6   | 4179,4304,4429,4178,4303,4428       | 0.64     | 6.74     |
| 4   | 100        | 10000000 | 625000    | 93458    | 16384   | 8     | 16   | io_uring | 12        | 16  | decrease  | desc        | asc        | 32         | 1.16                    | 1.8               | 6   | 5279,5404,5529,5278,5403,5528       | 0.64     | 55.17    |
| 12  | 40         | 10000000 | 312500    | 238096   | 1024    | 0     | 32   | io_uring | 12        | 16  | decrease  | desc        | desc       | 128        | 2.24                    | 2.88              | 6   | 17199,17319,17439,17198,17318,17438 | 0.64     | 28.57    |
| 18  | 40         | 10000000 | 312500    | 238096   | 4096    | 128   | 32   | worker   | 12        | 16  | increase  | desc        | desc       | 64         | 1.93                    | 2.56              | 6   | 25834,25954,26074,25833,25953,26073 | 0.63     | 32.64    |
| 11  | 40         | 10000000 | 312500    | 238096   | 1024    | 0     | 32   | worker   | 12        | 16  | decrease  | asc         | asc        | 1024       | 6.51                    | 7.14              | 6   | 14694,14814,14934,14693,14813,14933 | 0.63     | 9.68     |
| 19  | 40         | 10000000 | 312500    | 238096   | 4096    | 128   | 32   | io_uring | 12        | 16  | decrease  | asc         | desc       | 32         | 3.46                    | 4.09              | 6   | 27989,28109,28229,27988,28108,28228 | 0.63     | 18.21    |
| 5   | 80         | 10000000 | 312500    | 117648   | 16384   | 2048  | 32   | worker   | 12        | 16  | increase  | asc         | desc       | 16384      | 395.68                  | 396.31            | 6   | 6434,6554,6674,6433,6553,6673       | 0.63     | 0.16     |
| 2   | 100        | 10000000 | 625000    | 93458    | 16384   | 8     | 16   | worker   | 12        | 16  | increase  | desc        | asc        | 4096       | 20.24                   | 20.86             | 6   | 1564,1689,1814,1563,1688,1813       | 0.62     | 3.06     |
| 12  | 40         | 10000000 | 312500    | 238096   | 1024    | 0     | 32   | worker   | 12        | 16  | decrease  | desc        | asc        | 512        | 6.76                    | 7.38              | 6   | 16129,16249,16369,16128,16248,16368 | 0.62     | 9.17     |
| 9   | 40         | 10000000 | 312500    | 238096   | 1024    | 0     | 32   | worker   | 12        | 16  | increase  | asc         | desc       | 2048       | 18.51                   | 19.13             | 6   | 12179,12299,12419,12178,12298,12418 | 0.62     | 3.35     |
| 11  | 40         | 10000000 | 312500    | 238096   | 1024    | 0     | 32   | worker   | 12        | 16  | decrease  | asc         | asc        | 4096       | 17.08                   | 17.69             | 6   | 14704,14824,14944,14703,14823,14943 | 0.61     | 3.57     |
| 12  | 40         | 10000000 | 312500    | 238096   | 1024    | 0     | 32   | io_uring | 12        | 16  | decrease  | desc        | asc        | 95268      | 832.53                  | 833.13            | 6   | 16889,17009,17129,16888,17008,17128 | 0.6      | 0.07     |
| 1   | 100        | 10000000 | 625000    | 93458    | 16384   | 8     | 16   | worker   | 12        | 16  | increase  | asc         | asc        | 128        | 1.9                     | 2.5               | 6   | 39,164,289,38,163,288               | 0.6      | 31.58    |
| 13  | 20         | 10000000 | 2500000   | 476191   | 0       | 8     | 4    | io_uring | 12        | 16  | increase  | asc         | asc        | 16384      | 15.3                    | 15.9              | 6   | 18404,18539,18674,18403,18538,18673 | 0.6      | 3.92     |
| 4   | 100        | 10000000 | 625000    | 93458    | 16384   | 8     | 16   | io_uring | 12        | 16  | decrease  | desc        | asc        | 16384      | 69.14                   | 69.74             | 6   | 5324,5449,5574,5323,5448,5573       | 0.6      | 0.87     |
| 3   | 100        | 10000000 | 625000    | 93458    | 16384   | 8     | 16   | io_uring | 12        | 16  | decrease  | asc         | desc       | 190536     | 680.96                  | 681.56            | 6   | 4219,4344,4469,4218,4343,4468       | 0.6      | 0.09     |
| 3   | 100        | 10000000 | 625000    | 93458    | 16384   | 8     | 16   | io_uring | 12        | 16  | decrease  | asc         | asc        | 256        | 2.76                    | 3.35              | 6   | 3794,3919,4044,3793,3918,4043       | 0.59     | 21.38    |
| 7   | 80         | 10000000 | 312500    | 117648   | 16384   | 2048  | 32   | io_uring | 12        | 16  | decrease  | asc         | asc        | 32         | 4.34                    | 4.93              | 6   | 9629,9749,9869,9628,9748,9868       | 0.59     | 13.59    |
| 9   | 40         | 10000000 | 312500    | 238096   | 1024    | 0     | 32   | io_uring | 12        | 16  | increase  | asc         | desc       | 157768     | 1426.38                 | 1426.97           | 6   | 12939,13059,13179,12938,13058,13178 | 0.59     | 0.04     |
| 4   | 100        | 10000000 | 625000    | 93458    | 16384   | 8     | 16   | io_uring | 12        | 16  | decrease  | desc        | asc        | 378036     | 1373.1                  | 1373.68           | 6   | 5359,5484,5609,5358,5483,5608       | 0.58     | 0.04     |
| 10  | 40         | 10000000 | 312500    | 238096   | 1024    | 0     | 32   | io_uring | 12        | 16  | increase  | desc        | desc       | 256        | 3.42                    | 4.0               | 6   | 14324,14444,14564,14323,14443,14563 | 0.58     | 16.96    |
| 20  | 40         | 10000000 | 312500    | 238096   | 4096    | 128   | 32   | worker   | 12        | 16  | decrease  | desc        | asc        | 8          | 1.3                     | 1.88              | 6   | 28339,28459,28579,28338,28458,28578 | 0.58     | 44.62    |
| 3   | 100        | 10000000 | 625000    | 93458    | 16384   | 8     | 16   | io_uring | 12        | 16  | decrease  | asc         | asc        | 16384      | 35.22                   | 35.8              | 6   | 3824,3949,4074,3823,3948,4073       | 0.58     | 1.65     |
| 5   | 80         | 10000000 | 312500    | 117648   | 16384   | 2048  | 32   | io_uring | 12        | 16  | increase  | asc         | desc       | 8          | 5.68                    | 6.25              | 6   | 7099,7219,7339,7098,7218,7338       | 0.57     | 10.04    |
| 8   | 80         | 10000000 | 312500    | 117648   | 16384   | 2048  | 32   | io_uring | 12        | 16  | decrease  | desc        | asc        | 512        | 46.97                   | 47.54             | 6   | 11089,11209,11329,11088,11208,11328 | 0.57     | 1.21     |
| 13  | 20         | 10000000 | 2500000   | 476191   | 0       | 8     | 4    | worker   | 12        | 16  | increase  | asc         | desc       | 2048       | 9.78                    | 10.35             | 6   | 17984,18119,18254,17983,18118,18253 | 0.57     | 5.83     |
| 21  | 80         | 10000000 | 10000000  | 117648   | 1048576 | 128   | 1    | io_uring | 12        | 16  | increase  | asc         | desc       | 131072     | 257.0                   | 257.57            | 4   | 31154,31299,31153,31298             | 0.57     | 0.22     |
| 2   | 100        | 10000000 | 625000    | 93458    | 16384   | 8     | 16   | worker   | 12        | 16  | increase  | desc        | asc        | 440536     | 1387.04                 | 1387.61           | 6   | 1614,1739,1864,1613,1738,1863       | 0.57     | 0.04     |
| 10  | 40         | 10000000 | 312500    | 238096   | 1024    | 0     | 32   | io_uring | 12        | 16  | increase  | desc        | desc       | 2048       | 11.7                    | 12.26             | 6   | 14339,14459,14579,14338,14458,14578 | 0.56     | 4.79     |
| 5   | 80         | 10000000 | 312500    | 117648   | 16384   | 2048  | 32   | worker   | 12        | 16  | increase  | asc         | desc       | 64         | 12.39                   | 12.95             | 6   | 6394,6514,6634,6393,6513,6633       | 0.56     | 4.52     |
| 13  | 20         | 10000000 | 2500000   | 476191   | 0       | 8     | 4    | worker   | 12        | 16  | increase  | asc         | desc       | 128        | 1.29                    | 1.84              | 6   | 17964,18099,18234,17963,18098,18233 | 0.55     | 42.64    |
| 18  | 40         | 10000000 | 312500    | 238096   | 4096    | 128   | 32   | io_uring | 12        | 16  | increase  | desc        | desc       | 2048       | 15.72                   | 16.27             | 6   | 26579,26699,26819,26578,26698,26818 | 0.55     | 3.5      |
| 19  | 40         | 10000000 | 312500    | 238096   | 4096    | 128   | 32   | io_uring | 12        | 16  | decrease  | asc         | asc        | 16384      | 76.32                   | 76.86             | 6   | 27674,27794,27914,27673,27793,27913 | 0.54     | 0.71     |
| 4   | 100        | 10000000 | 625000    | 93458    | 16384   | 8     | 16   | io_uring | 12        | 16  | decrease  | desc        | desc       | 512        | 4.32                    | 4.86              | 6   | 5674,5799,5924,5673,5798,5923       | 0.54     | 12.5     |
| 7   | 80         | 10000000 | 312500    | 117648   | 16384   | 2048  | 32   | worker   | 12        | 16  | decrease  | asc         | asc        | 16         | 3.17                    | 3.71              | 6   | 8904,9024,9144,8903,9023,9143       | 0.54     | 17.03    |
| 14  | 20         | 10000000 | 2500000   | 476191   | 0       | 8     | 4    | io_uring | 12        | 16  | increase  | desc        | desc       | 128        | 1.48                    | 2.02              | 6   | 20394,20529,20664,20393,20528,20663 | 0.54     | 36.49    |
| 12  | 40         | 10000000 | 312500    | 238096   | 1024    | 0     | 32   | worker   | 12        | 16  | decrease  | desc        | desc       | 32         | 1.35                    | 1.89              | 6   | 16469,16589,16709,16468,16588,16708 | 0.54     | 40.0     |
| 20  | 40         | 10000000 | 312500    | 238096   | 4096    | 128   | 32   | io_uring | 12        | 16  | decrease  | desc        | desc       | 1024       | 10.83                   | 11.37             | 6   | 29454,29574,29694,29453,29573,29693 | 0.54     | 4.99     |
| 4   | 100        | 10000000 | 625000    | 93458    | 16384   | 8     | 16   | io_uring | 12        | 16  | decrease  | desc        | desc       | 1024       | 6.84                    | 7.37              | 6   | 5679,5804,5929,5678,5803,5928       | 0.53     | 7.75     |
| 17  | 40         | 10000000 | 312500    | 238096   | 4096    | 128   | 32   | io_uring | 12        | 16  | increase  | asc         | asc        | 64         | 1.9                     | 2.43              | 6   | 24754,24874,24994,24753,24873,24993 | 0.53     | 27.89    |
| 1   | 100        | 10000000 | 625000    | 93458    | 16384   | 8     | 16   | io_uring | 12        | 16  | increase  | asc         | asc        | 64         | 1.66                    | 2.19              | 6   | 784,909,1034,783,908,1033           | 0.53     | 31.93    |
| 12  | 40         | 10000000 | 312500    | 238096   | 1024    | 0     | 32   | worker   | 12        | 16  | decrease  | desc        | desc       | 157768     | 477.24                  | 477.77            | 6   | 16539,16659,16779,16538,16658,16778 | 0.53     | 0.11     |
| 15  | 20         | 10000000 | 2500000   | 476191   | 0       | 8     | 4    | worker   | 12        | 16  | decrease  | asc         | asc        | 256        | 2.12                    | 2.64              | 6   | 20804,20939,21074,20803,20938,21073 | 0.52     | 24.53    |
| 18  | 40         | 10000000 | 312500    | 238096   | 4096    | 128   | 32   | worker   | 12        | 16  | increase  | desc        | asc        | 16         | 2.15                    | 2.67              | 6   | 25464,25584,25704,25463,25583,25703 | 0.52     | 24.19    |
| 17  | 40         | 10000000 | 312500    | 238096   | 4096    | 128   | 32   | worker   | 12        | 16  | increase  | asc         | asc        | 8          | 0.88                    | 1.4               | 6   | 24019,24139,24259,24018,24138,24258 | 0.52     | 59.09    |
| 6   | 80         | 10000000 | 312500    | 117648   | 16384   | 2048  | 32   | worker   | 12        | 16  | increase  | desc        | asc        | 256        | 31.32                   | 31.84             | 6   | 7484,7604,7724,7483,7603,7723       | 0.52     | 1.66     |
| 20  | 40         | 10000000 | 312500    | 238096   | 4096    | 128   | 32   | io_uring | 12        | 16  | decrease  | desc        | asc        | 2048       | 43.39                   | 43.91             | 6   | 29099,29219,29339,29098,29218,29338 | 0.52     | 1.2      |
| 12  | 40         | 10000000 | 312500    | 238096   | 1024    | 0     | 32   | worker   | 12        | 16  | decrease  | desc        | asc        | 64         | 1.88                    | 2.39              | 6   | 16114,16234,16354,16113,16233,16353 | 0.51     | 27.13    |
| 7   | 80         | 10000000 | 312500    | 117648   | 16384   | 2048  | 32   | worker   | 12        | 16  | decrease  | asc         | desc       | 32         | 9.03                    | 9.54              | 6   | 9269,9389,9509,9268,9388,9508       | 0.51     | 5.65     |
| 19  | 40         | 10000000 | 312500    | 238096   | 4096    | 128   | 32   | worker   | 12        | 16  | decrease  | asc         | asc        | 128        | 2.95                    | 3.46              | 6   | 26919,27039,27159,26918,27038,27158 | 0.51     | 17.29    |
| 11  | 40         | 10000000 | 312500    | 238096   | 1024    | 0     | 32   | worker   | 12        | 16  | decrease  | asc         | asc        | 64018      | 200.78                  | 201.28            | 6   | 14724,14844,14964,14723,14843,14963 | 0.5      | 0.25     |
| 10  | 40         | 10000000 | 312500    | 238096   | 1024    | 0     | 32   | io_uring | 12        | 16  | increase  | desc        | asc        | 157768     | 1178.67                 | 1179.16           | 6   | 14019,14139,14259,14018,14138,14258 | 0.49     | 0.04     |
| 12  | 40         | 10000000 | 312500    | 238096   | 1024    | 0     | 32   | io_uring | 12        | 16  | decrease  | desc        | desc       | 189018     | 644.11                  | 644.6             | 6   | 17264,17384,17504,17263,17383,17503 | 0.49     | 0.08     |
| 2   | 100        | 10000000 | 625000    | 93458    | 16384   | 8     | 16   | worker   | 12        | 16  | increase  | desc        | desc       | 128        | 1.98                    | 2.47              | 6   | 1914,2039,2164,1913,2038,2163       | 0.49     | 24.75    |
| 4   | 100        | 10000000 | 625000    | 93458    | 16384   | 8     | 16   | worker   | 12        | 16  | decrease  | desc        | desc       | 1024       | 5.77                    | 6.26              | 6   | 4929,5054,5179,4928,5053,5178       | 0.49     | 8.49     |
| 5   | 80         | 10000000 | 312500    | 117648   | 16384   | 2048  | 32   | worker   | 12        | 16  | increase  | asc         | asc        | 8          | 2.39                    | 2.88              | 6   | 6019,6139,6259,6018,6138,6258       | 0.49     | 20.5     |
| 12  | 40         | 10000000 | 312500    | 238096   | 1024    | 0     | 32   | io_uring | 12        | 16  | decrease  | desc        | desc       | 2048       | 10.8                    | 11.29             | 6   | 17219,17339,17459,17218,17338,17458 | 0.49     | 4.54     |
| 13  | 20         | 10000000 | 2500000   | 476191   | 0       | 8     | 4    | io_uring | 12        | 16  | increase  | asc         | desc       | 2048       | 10.49                   | 10.97             | 6   | 18794,18929,19064,18793,18928,19063 | 0.48     | 4.58     |
| 1   | 100        | 10000000 | 625000    | 93458    | 16384   | 8     | 16   | worker   | 12        | 16  | increase  | asc         | asc        | 1024       | 5.52                    | 5.99              | 6   | 54,179,304,53,178,303               | 0.47     | 8.51     |
| 5   | 80         | 10000000 | 312500    | 117648   | 16384   | 2048  | 32   | io_uring | 12        | 16  | increase  | asc         | desc       | 2          | 1.28                    | 1.75              | 6   | 7089,7209,7329,7088,7208,7328       | 0.47     | 36.72    |
| 14  | 20         | 10000000 | 2500000   | 476191   | 0       | 8     | 4    | worker   | 12        | 16  | increase  | desc        | desc       | 128        | 1.43                    | 1.9               | 6   | 19584,19719,19854,19583,19718,19853 | 0.47     | 32.87    |
| 20  | 40         | 10000000 | 312500    | 238096   | 4096    | 128   | 32   | worker   | 12        | 16  | decrease  | desc        | desc       | 95268      | 372.91                  | 373.38            | 6   | 28769,28889,29009,28768,28888,29008 | 0.47     | 0.13     |
| 5   | 80         | 10000000 | 312500    | 117648   | 16384   | 2048  | 32   | worker   | 12        | 16  | increase  | asc         | desc       | 16         | 7.52                    | 7.98              | 6   | 6384,6504,6624,6383,6503,6623       | 0.46     | 6.12     |
| 2   | 100        | 10000000 | 625000    | 93458    | 16384   | 8     | 16   | io_uring | 12        | 16  | increase  | desc        | desc       | 128        | 1.79                    | 2.25              | 6   | 2664,2789,2914,2663,2788,2913       | 0.46     | 25.7     |
| 12  | 40         | 10000000 | 312500    | 238096   | 1024    | 0     | 32   | io_uring | 12        | 16  | decrease  | desc        | asc        | 32         | 1.34                    | 1.8               | 6   | 16829,16949,17069,16828,16948,17068 | 0.46     | 34.33    |
| 4   | 100        | 10000000 | 625000    | 93458    | 16384   | 8     | 16   | io_uring | 12        | 16  | decrease  | desc        | asc        | 128036     | 470.46                  | 470.91            | 6   | 5339,5464,5589,5338,5463,5588       | 0.45     | 0.1      |
| 9   | 40         | 10000000 | 312500    | 238096   | 1024    | 0     | 32   | io_uring | 12        | 16  | increase  | asc         | asc        | 32         | 1.0                     | 1.45              | 6   | 12509,12629,12749,12508,12628,12748 | 0.45     | 45.0     |
| 17  | 40         | 10000000 | 312500    | 238096   | 4096    | 128   | 32   | io_uring | 12        | 16  | increase  | asc         | asc        | 32768      | 151.68                  | 152.13            | 6   | 24799,24919,25039,24798,24918,25038 | 0.45     | 0.3      |
| 10  | 40         | 10000000 | 312500    | 238096   | 1024    | 0     | 32   | worker   | 12        | 16  | increase  | desc        | desc       | 256        | 2.83                    | 3.27              | 6   | 13604,13724,13844,13603,13723,13843 | 0.44     | 15.55    |
| 6   | 80         | 10000000 | 312500    | 117648   | 16384   | 2048  | 32   | worker   | 12        | 16  | increase  | desc        | desc       | 128        | 8.74                    | 9.18              | 6   | 7839,7959,8079,7838,7958,8078       | 0.44     | 5.03     |
| 19  | 40         | 10000000 | 312500    | 238096   | 4096    | 128   | 32   | worker   | 12        | 16  | decrease  | asc         | desc       | 128        | 6.33                    | 6.77              | 6   | 27279,27399,27519,27278,27398,27518 | 0.44     | 6.95     |
| 4   | 100        | 10000000 | 625000    | 93458    | 16384   | 8     | 16   | io_uring | 12        | 16  | decrease  | desc        | asc        | 4096       | 23.1                    | 23.54             | 6   | 5314,5439,5564,5313,5438,5563       | 0.44     | 1.9      |
| 13  | 20         | 10000000 | 2500000   | 476191   | 0       | 8     | 4    | io_uring | 12        | 16  | increase  | asc         | asc        | 8192       | 8.83                    | 9.26              | 6   | 18399,18534,18669,18398,18533,18668 | 0.43     | 4.87     |
| 17  | 40         | 10000000 | 312500    | 238096   | 4096    | 128   | 32   | worker   | 12        | 16  | increase  | asc         | asc        | 1024       | 10.07                   | 10.5              | 6   | 24054,24174,24294,24053,24173,24293 | 0.43     | 4.27     |
| 20  | 40         | 10000000 | 312500    | 238096   | 4096    | 128   | 32   | worker   | 12        | 16  | decrease  | desc        | asc        | 1024       | 20.95                   | 21.38             | 6   | 28374,28494,28614,28373,28493,28613 | 0.43     | 2.05     |
| 11  | 40         | 10000000 | 312500    | 238096   | 1024    | 0     | 32   | worker   | 12        | 16  | decrease  | asc         | desc       | 32768      | 236.48                  | 236.9             | 6   | 15079,15199,15319,15078,15198,15318 | 0.42     | 0.18     |
| 6   | 80         | 10000000 | 312500    | 117648   | 16384   | 2048  | 32   | io_uring | 12        | 16  | increase  | desc        | desc       | 4096       | 57.07                   | 57.49             | 6   | 8584,8704,8824,8583,8703,8823       | 0.42     | 0.74     |
| 17  | 40         | 10000000 | 312500    | 238096   | 4096    | 128   | 32   | io_uring | 12        | 16  | increase  | asc         | asc        | 256        | 5.27                    | 5.69              | 6   | 24764,24884,25004,24763,24883,25003 | 0.42     | 7.97     |
| 18  | 40         | 10000000 | 312500    | 238096   | 4096    | 128   | 32   | worker   | 12        | 16  | increase  | desc        | asc        | 128        | 5.31                    | 5.73              | 6   | 25479,25599,25719,25478,25598,25718 | 0.42     | 7.91     |
| 3   | 100        | 10000000 | 625000    | 93458    | 16384   | 8     | 16   | io_uring | 12        | 16  | decrease  | asc         | asc        | 2048       | 11.53                   | 11.95             | 6   | 3809,3934,4059,3808,3933,4058       | 0.42     | 3.64     |
| 20  | 40         | 10000000 | 312500    | 238096   | 4096    | 128   | 32   | worker   | 12        | 16  | decrease  | desc        | asc        | 16384      | 152.34                  | 152.76            | 6   | 28394,28514,28634,28393,28513,28633 | 0.42     | 0.28     |
| 3   | 100        | 10000000 | 625000    | 93458    | 16384   | 8     | 16   | worker   | 12        | 16  | decrease  | asc         | asc        | 2048       | 9.15                    | 9.56              | 6   | 3059,3184,3309,3058,3183,3308       | 0.41     | 4.48     |
| 8   | 80         | 10000000 | 312500    | 117648   | 16384   | 2048  | 32   | io_uring | 12        | 16  | decrease  | desc        | desc       | 8          | 2.54                    | 2.95              | 6   | 11419,11539,11659,11418,11538,11658 | 0.41     | 16.14    |
| 13  | 20         | 10000000 | 2500000   | 476191   | 0       | 8     | 4    | io_uring | 12        | 16  | increase  | asc         | desc       | 4096       | 19.95                   | 20.36             | 6   | 18799,18934,19069,18798,18933,19068 | 0.41     | 2.06     |
| 13  | 20         | 10000000 | 2500000   | 476191   | 0       | 8     | 4    | worker   | 12        | 16  | increase  | asc         | desc       | 1024       | 5.1                     | 5.51              | 6   | 17979,18114,18249,17978,18113,18248 | 0.41     | 8.04     |
| 18  | 40         | 10000000 | 312500    | 238096   | 4096    | 128   | 32   | io_uring | 12        | 16  | increase  | desc        | desc       | 64         | 2.79                    | 3.2               | 6   | 26554,26674,26794,26553,26673,26793 | 0.41     | 14.7     |
| 18  | 40         | 10000000 | 312500    | 238096   | 4096    | 128   | 32   | worker   | 12        | 16  | increase  | desc        | desc       | 1024       | 9.69                    | 10.1              | 6   | 25854,25974,26094,25853,25973,26093 | 0.41     | 4.23     |
| 20  | 40         | 10000000 | 312500    | 238096   | 4096    | 128   | 32   | io_uring | 12        | 16  | decrease  | desc        | asc        | 256        | 13.01                   | 13.42             | 6   | 29084,29204,29324,29083,29203,29323 | 0.41     | 3.15     |
| 13  | 20         | 10000000 | 2500000   | 476191   | 0       | 8     | 4    | io_uring | 12        | 16  | increase  | asc         | desc       | 256        | 1.89                    | 2.3               | 6   | 18779,18914,19049,18778,18913,19048 | 0.41     | 21.69    |
| 4   | 100        | 10000000 | 625000    | 93458    | 16384   | 8     | 16   | io_uring | 12        | 16  | decrease  | desc        | desc       | 256        | 2.6                     | 3.01              | 6   | 5669,5794,5919,5668,5793,5918       | 0.41     | 15.77    |
| 12  | 40         | 10000000 | 312500    | 238096   | 1024    | 0     | 32   | worker   | 12        | 16  | decrease  | desc        | desc       | 32768      | 110.71                  | 111.11            | 6   | 16519,16639,16759,16518,16638,16758 | 0.4      | 0.36     |
| 7   | 80         | 10000000 | 312500    | 117648   | 16384   | 2048  | 32   | worker   | 12        | 16  | decrease  | asc         | desc       | 4          | 3.03                    | 3.43              | 6   | 9254,9374,9494,9253,9373,9493       | 0.4      | 13.2     |
| 11  | 40         | 10000000 | 312500    | 238096   | 1024    | 0     | 32   | io_uring | 12        | 16  | decrease  | asc         | asc        | 2048       | 11.66                   | 12.06             | 6   | 15419,15539,15659,15418,15538,15658 | 0.4      | 3.43     |
| 12  | 40         | 10000000 | 312500    | 238096   | 1024    | 0     | 32   | io_uring | 12        | 16  | decrease  | desc        | desc       | 64         | 1.42                    | 1.82              | 6   | 17194,17314,17434,17193,17313,17433 | 0.4      | 28.17    |
| 20  | 40         | 10000000 | 312500    | 238096   | 4096    | 128   | 32   | worker   | 12        | 16  | decrease  | desc        | desc       | 64         | 1.83                    | 2.23              | 6   | 28714,28834,28954,28713,28833,28953 | 0.4      | 21.86    |
| 2   | 100        | 10000000 | 625000    | 93458    | 16384   | 8     | 16   | io_uring | 12        | 16  | increase  | desc        | desc       | 32768      | 59.21                   | 59.61             | 6   | 2704,2829,2954,2703,2828,2953       | 0.4      | 0.68     |
| 10  | 40         | 10000000 | 312500    | 238096   | 1024    | 0     | 32   | worker   | 12        | 16  | increase  | desc        | desc       | 189018     | 630.48                  | 630.88            | 6   | 13664,13784,13904,13663,13783,13903 | 0.4      | 0.06     |
| 2   | 100        | 10000000 | 625000    | 93458    | 16384   | 8     | 16   | io_uring | 12        | 16  | increase  | desc        | asc        | 4096       | 22.37                   | 22.76             | 6   | 2314,2439,2564,2313,2438,2563       | 0.39     | 1.74     |
| 2   | 100        | 10000000 | 625000    | 93458    | 16384   | 8     | 16   | io_uring | 12        | 16  | increase  | desc        | desc       | 65536      | 107.75                  | 108.14            | 6   | 2709,2834,2959,2708,2833,2958       | 0.39     | 0.36     |
| 5   | 80         | 10000000 | 312500    | 117648   | 16384   | 2048  | 32   | worker   | 12        | 16  | increase  | asc         | desc       | 1024       | 47.03                   | 47.42             | 6   | 6414,6534,6654,6413,6533,6653       | 0.39     | 0.83     |
| 5   | 80         | 10000000 | 312500    | 117648   | 16384   | 2048  | 32   | io_uring | 12        | 16  | increase  | asc         | asc        | 16         | 2.99                    | 3.38              | 6   | 6744,6864,6984,6743,6863,6983       | 0.39     | 13.04    |
| 10  | 40         | 10000000 | 312500    | 238096   | 1024    | 0     | 32   | worker   | 12        | 16  | increase  | desc        | asc        | 1024       | 10.4                    | 10.79             | 6   | 13254,13374,13494,13253,13373,13493 | 0.39     | 3.75     |
| 11  | 40         | 10000000 | 312500    | 238096   | 1024    | 0     | 32   | io_uring | 12        | 16  | decrease  | asc         | asc        | 8192       | 35.29                   | 35.67             | 6   | 15429,15549,15669,15428,15548,15668 | 0.38     | 1.08     |
| 19  | 40         | 10000000 | 312500    | 238096   | 4096    | 128   | 32   | worker   | 12        | 16  | decrease  | asc         | desc       | 32         | 2.8                     | 3.18              | 6   | 27269,27389,27509,27268,27388,27508 | 0.38     | 13.57    |
| 3   | 100        | 10000000 | 625000    | 93458    | 16384   | 8     | 16   | worker   | 12        | 16  | decrease  | asc         | asc        | 32         | 1.35                    | 1.73              | 6   | 3029,3154,3279,3028,3153,3278       | 0.38     | 28.15    |
| 8   | 80         | 10000000 | 312500    | 117648   | 16384   | 2048  | 32   | io_uring | 12        | 16  | decrease  | desc        | asc        | 1          | 1.04                    | 1.42              | 6   | 11044,11164,11284,11043,11163,11283 | 0.38     | 36.54    |
| 21  | 80         | 10000000 | 10000000  | 117648   | 1048576 | 128   | 1    | io_uring | 12        | 16  | increase  | asc         | asc        | 128        | 5.51                    | 5.89              | 6   | 30669,30814,30959,30668,30813,30958 | 0.38     | 6.9      |
| 20  | 40         | 10000000 | 312500    | 238096   | 4096    | 128   | 32   | worker   | 12        | 16  | decrease  | desc        | asc        | 512        | 14.27                   | 14.64             | 6   | 28369,28489,28609,28368,28488,28608 | 0.37     | 2.59     |
| 9   | 40         | 10000000 | 312500    | 238096   | 1024    | 0     | 32   | io_uring | 12        | 16  | increase  | asc         | desc       | 256        | 4.72                    | 5.09              | 6   | 12884,13004,13124,12883,13003,13123 | 0.37     | 7.84     |
| 17  | 40         | 10000000 | 312500    | 238096   | 4096    | 128   | 32   | io_uring | 12        | 16  | increase  | asc         | asc        | 512        | 7.33                    | 7.7               | 6   | 24769,24889,25009,24768,24888,25008 | 0.37     | 5.05     |
| 11  | 40         | 10000000 | 312500    | 238096   | 1024    | 0     | 32   | io_uring | 12        | 16  | decrease  | asc         | asc        | 64         | 1.43                    | 1.79              | 6   | 15394,15514,15634,15393,15513,15633 | 0.36     | 25.17    |
| 12  | 40         | 10000000 | 312500    | 238096   | 1024    | 0     | 32   | io_uring | 12        | 16  | decrease  | desc        | asc        | 16         | 1.15                    | 1.51              | 6   | 16824,16944,17064,16823,16943,17063 | 0.36     | 31.3     |
| 20  | 40         | 10000000 | 312500    | 238096   | 4096    | 128   | 32   | worker   | 12        | 16  | decrease  | desc        | asc        | 32         | 2.66                    | 3.02              | 6   | 28349,28469,28589,28348,28468,28588 | 0.36     | 13.53    |
| 1   | 100        | 10000000 | 625000    | 93458    | 16384   | 8     | 16   | worker   | 12        | 16  | increase  | asc         | desc       | 512        | 5.36                    | 5.72              | 6   | 424,549,674,423,548,673             | 0.36     | 6.72     |
| 1   | 100        | 10000000 | 625000    | 93458    | 16384   | 8     | 16   | worker   | 12        | 16  | increase  | asc         | asc        | 8192       | 19.37                   | 19.72             | 6   | 69,194,319,68,193,318               | 0.35     | 1.81     |
| 10  | 40         | 10000000 | 312500    | 238096   | 1024    | 0     | 32   | io_uring | 12        | 16  | increase  | desc        | desc       | 32         | 1.79                    | 2.13              | 6   | 14309,14429,14549,14308,14428,14548 | 0.34     | 18.99    |
| 11  | 40         | 10000000 | 312500    | 238096   | 1024    | 0     | 32   | worker   | 12        | 16  | decrease  | asc         | asc        | 128        | 2.04                    | 2.38              | 6   | 14679,14799,14919,14678,14798,14918 | 0.34     | 16.67    |
| 19  | 40         | 10000000 | 312500    | 238096   | 4096    | 128   | 32   | io_uring | 12        | 16  | decrease  | asc         | desc       | 1024       | 30.03                   | 30.37             | 6   | 28014,28134,28254,28013,28133,28253 | 0.34     | 1.13     |
| 19  | 40         | 10000000 | 312500    | 238096   | 4096    | 128   | 32   | worker   | 12        | 16  | decrease  | asc         | desc       | 256        | 9.95                    | 10.29             | 6   | 27284,27404,27524,27283,27403,27523 | 0.34     | 3.42     |
| 20  | 40         | 10000000 | 312500    | 238096   | 4096    | 128   | 32   | worker   | 12        | 16  | decrease  | desc        | desc       | 512        | 6.4                     | 6.74              | 6   | 28729,28849,28969,28728,28848,28968 | 0.34     | 5.31     |
| 21  | 80         | 10000000 | 10000000  | 117648   | 1048576 | 128   | 1    | worker   | 12        | 16  | increase  | asc         | desc       | 32         | 1.3                     | 1.64              | 6   | 30224,30369,30514,30223,30368,30513 | 0.34     | 26.15    |
| 12  | 40         | 10000000 | 312500    | 238096   | 1024    | 0     | 32   | io_uring | 12        | 16  | decrease  | desc        | desc       | 16384      | 60.8                    | 61.13             | 6   | 17234,17354,17474,17233,17353,17473 | 0.33     | 0.54     |
| 12  | 40         | 10000000 | 312500    | 238096   | 1024    | 0     | 32   | worker   | 12        | 16  | decrease  | desc        | asc        | 2048       | 18.43                   | 18.76             | 6   | 16139,16259,16379,16138,16258,16378 | 0.33     | 1.79     |
| 2   | 100        | 10000000 | 625000    | 93458    | 16384   | 8     | 16   | io_uring | 12        | 16  | increase  | desc        | desc       | 256        | 3.06                    | 3.39              | 6   | 2669,2794,2919,2668,2793,2918       | 0.33     | 10.78    |
| 17  | 40         | 10000000 | 312500    | 238096   | 4096    | 128   | 32   | worker   | 12        | 16  | increase  | asc         | desc       | 64         | 3.71                    | 4.04              | 6   | 24394,24514,24634,24393,24513,24633 | 0.33     | 8.89     |
| 13  | 20         | 10000000 | 2500000   | 476191   | 0       | 8     | 4    | io_uring | 12        | 16  | increase  | asc         | desc       | 128        | 1.56                    | 1.89              | 6   | 18774,18909,19044,18773,18908,19043 | 0.33     | 21.15    |
| 8   | 80         | 10000000 | 312500    | 117648   | 16384   | 2048  | 32   | io_uring | 12        | 16  | decrease  | desc        | desc       | 2048       | 33.27                   | 33.6              | 6   | 11459,11579,11699,11458,11578,11698 | 0.33     | 0.99     |
| 3   | 100        | 10000000 | 625000    | 93458    | 16384   | 8     | 16   | io_uring | 12        | 16  | decrease  | asc         | desc       | 65536      | 238.76                  | 239.08            | 6   | 4209,4334,4459,4208,4333,4458       | 0.32     | 0.13     |
| 1   | 100        | 10000000 | 625000    | 93458    | 16384   | 8     | 16   | io_uring | 12        | 16  | increase  | asc         | asc        | 32         | 1.67                    | 1.99              | 6   | 779,904,1029,778,903,1028           | 0.32     | 19.16    |
| 3   | 100        | 10000000 | 625000    | 93458    | 16384   | 8     | 16   | io_uring | 12        | 16  | decrease  | asc         | desc       | 256        | 3.48                    | 3.8               | 6   | 4169,4294,4419,4168,4293,4418       | 0.32     | 9.2      |
| 9   | 40         | 10000000 | 312500    | 238096   | 1024    | 0     | 32   | io_uring | 12        | 16  | increase  | asc         | desc       | 128        | 2.73                    | 3.05              | 6   | 12879,12999,13119,12878,12998,13118 | 0.32     | 11.72    |
| 11  | 40         | 10000000 | 312500    | 238096   | 1024    | 0     | 32   | io_uring | 12        | 16  | decrease  | asc         | asc        | 256        | 2.98                    | 3.3               | 6   | 15404,15524,15644,15403,15523,15643 | 0.32     | 10.74    |
| 9   | 40         | 10000000 | 312500    | 238096   | 1024    | 0     | 32   | io_uring | 12        | 16  | increase  | asc         | desc       | 512        | 7.96                    | 8.28              | 6   | 12889,13009,13129,12888,13008,13128 | 0.32     | 4.02     |
| 9   | 40         | 10000000 | 312500    | 238096   | 1024    | 0     | 32   | worker   | 12        | 16  | increase  | asc         | asc        | 1024       | 6.48                    | 6.8               | 6   | 11814,11934,12054,11813,11933,12053 | 0.32     | 4.94     |
| 19  | 40         | 10000000 | 312500    | 238096   | 4096    | 128   | 32   | io_uring | 12        | 16  | decrease  | asc         | desc       | 189018     | 1817.39                 | 1817.71           | 6   | 28064,28184,28304,28063,28183,28303 | 0.32     | 0.02     |
| 13  | 20         | 10000000 | 2500000   | 476191   | 0       | 8     | 4    | worker   | 12        | 16  | increase  | asc         | asc        | 16384      | 12.45                   | 12.76             | 6   | 17594,17729,17864,17593,17728,17863 | 0.31     | 2.49     |
| 4   | 100        | 10000000 | 625000    | 93458    | 16384   | 8     | 16   | io_uring | 12        | 16  | decrease  | desc        | asc        | 64         | 1.65                    | 1.96              | 6   | 5284,5409,5534,5283,5408,5533       | 0.31     | 18.79    |
| 11  | 40         | 10000000 | 312500    | 238096   | 1024    | 0     | 32   | worker   | 12        | 16  | decrease  | asc         | asc        | 32         | 1.05                    | 1.36              | 6   | 14669,14789,14909,14668,14788,14908 | 0.31     | 29.52    |
| 17  | 40         | 10000000 | 312500    | 238096   | 4096    | 128   | 32   | worker   | 12        | 16  | increase  | asc         | desc       | 32         | 2.56                    | 2.87              | 6   | 24389,24509,24629,24388,24508,24628 | 0.31     | 12.11    |
| 19  | 40         | 10000000 | 312500    | 238096   | 4096    | 128   | 32   | io_uring | 12        | 16  | decrease  | asc         | asc        | 8          | 1.31                    | 1.62              | 6   | 27619,27739,27859,27618,27738,27858 | 0.31     | 23.66    |
| 19  | 40         | 10000000 | 312500    | 238096   | 4096    | 128   | 32   | worker   | 12        | 16  | decrease  | asc         | asc        | 16         | 1.3                     | 1.61              | 6   | 26904,27024,27144,26903,27023,27143 | 0.31     | 23.85    |
| 2   | 100        | 10000000 | 625000    | 93458    | 16384   | 8     | 16   | worker   | 12        | 16  | increase  | desc        | asc        | 128        | 1.97                    | 2.28              | 6   | 1539,1664,1789,1538,1663,1788       | 0.31     | 15.74    |
| 12  | 40         | 10000000 | 312500    | 238096   | 1024    | 0     | 32   | worker   | 12        | 16  | decrease  | desc        | desc       | 64         | 1.74                    | 2.05              | 6   | 16474,16594,16714,16473,16593,16713 | 0.31     | 17.82    |
| 3   | 100        | 10000000 | 625000    | 93458    | 16384   | 8     | 16   | worker   | 12        | 16  | decrease  | asc         | desc       | 1024       | 7.58                    | 7.89              | 6   | 3429,3554,3679,3428,3553,3678       | 0.31     | 4.09     |
| 11  | 40         | 10000000 | 312500    | 238096   | 1024    | 0     | 32   | io_uring | 12        | 16  | decrease  | asc         | desc       | 8192       | 67.88                   | 68.18             | 6   | 15789,15909,16029,15788,15908,16028 | 0.3      | 0.44     |
| 18  | 40         | 10000000 | 312500    | 238096   | 4096    | 128   | 32   | io_uring | 12        | 16  | increase  | desc        | desc       | 128        | 3.17                    | 3.47              | 6   | 26559,26679,26799,26558,26678,26798 | 0.3      | 9.46     |
| 1   | 100        | 10000000 | 625000    | 93458    | 16384   | 8     | 16   | io_uring | 12        | 16  | increase  | asc         | asc        | 512        | 4.98                    | 5.28              | 6   | 799,924,1049,798,923,1048           | 0.3      | 6.02     |
| 9   | 40         | 10000000 | 312500    | 238096   | 1024    | 0     | 32   | worker   | 12        | 16  | increase  | asc         | desc       | 64         | 1.61                    | 1.91              | 6   | 12154,12274,12394,12153,12273,12393 | 0.3      | 18.63    |
| 18  | 40         | 10000000 | 312500    | 238096   | 4096    | 128   | 32   | worker   | 12        | 16  | increase  | desc        | asc        | 8          | 1.36                    | 1.66              | 6   | 25459,25579,25699,25458,25578,25698 | 0.3      | 22.06    |
| 20  | 40         | 10000000 | 312500    | 238096   | 4096    | 128   | 32   | worker   | 12        | 16  | decrease  | desc        | asc        | 64         | 3.45                    | 3.75              | 6   | 28354,28474,28594,28353,28473,28593 | 0.3      | 8.7      |
| 4   | 100        | 10000000 | 625000    | 93458    | 16384   | 8     | 16   | worker   | 12        | 16  | decrease  | desc        | asc        | 2048       | 11.74                   | 12.04             | 6   | 4559,4684,4809,4558,4683,4808       | 0.3      | 2.56     |
| 12  | 40         | 10000000 | 312500    | 238096   | 1024    | 0     | 32   | io_uring | 12        | 16  | decrease  | desc        | asc        | 4096       | 40.99                   | 41.29             | 6   | 16864,16984,17104,16863,16983,17103 | 0.3      | 0.73     |
| 4   | 100        | 10000000 | 625000    | 93458    | 16384   | 8     | 16   | worker   | 12        | 16  | decrease  | desc        | desc       | 512        | 4.01                    | 4.3               | 6   | 4924,5049,5174,4923,5048,5173       | 0.29     | 7.23     |
| 9   | 40         | 10000000 | 312500    | 238096   | 1024    | 0     | 32   | worker   | 12        | 16  | increase  | asc         | desc       | 32         | 1.32                    | 1.61              | 6   | 12149,12269,12389,12148,12268,12388 | 0.29     | 21.97    |
| 10  | 40         | 10000000 | 312500    | 238096   | 1024    | 0     | 32   | worker   | 12        | 16  | increase  | desc        | desc       | 128        | 2.14                    | 2.43              | 6   | 13599,13719,13839,13598,13718,13838 | 0.29     | 13.55    |
| 11  | 40         | 10000000 | 312500    | 238096   | 1024    | 0     | 32   | io_uring | 12        | 16  | decrease  | asc         | desc       | 128        | 2.82                    | 3.11              | 6   | 15759,15879,15999,15758,15878,15998 | 0.29     | 10.28    |
| 5   | 80         | 10000000 | 312500    | 117648   | 16384   | 2048  | 32   | io_uring | 12        | 16  | increase  | asc         | desc       | 32         | 11.08                   | 11.37             | 6   | 7109,7229,7349,7108,7228,7348       | 0.29     | 2.62     |
| 4   | 100        | 10000000 | 625000    | 93458    | 16384   | 8     | 16   | io_uring | 12        | 16  | decrease  | desc        | asc        | 503036     | 1813.3                  | 1813.59           | 6   | 5369,5494,5619,5368,5493,5618       | 0.29     | 0.02     |
| 6   | 80         | 10000000 | 312500    | 117648   | 16384   | 2048  | 32   | worker   | 12        | 16  | increase  | desc        | asc        | 189018     | 1983.83                 | 1984.12           | 6   | 7544,7664,7784,7543,7663,7783       | 0.29     | 0.01     |
| 18  | 40         | 10000000 | 312500    | 238096   | 4096    | 128   | 32   | io_uring | 12        | 16  | increase  | desc        | asc        | 64018      | 622.58                  | 622.87            | 6   | 26244,26364,26484,26243,26363,26483 | 0.29     | 0.05     |
| 2   | 100        | 10000000 | 625000    | 93458    | 16384   | 8     | 16   | io_uring | 12        | 16  | increase  | desc        | desc       | 4096       | 15.7                    | 15.98             | 6   | 2689,2814,2939,2688,2813,2938       | 0.28     | 1.78     |
| 13  | 20         | 10000000 | 2500000   | 476191   | 0       | 8     | 4    | worker   | 12        | 16  | increase  | asc         | asc        | 2048       | 2.83                    | 3.11              | 6   | 17579,17714,17849,17578,17713,17848 | 0.28     | 9.89     |
| 6   | 80         | 10000000 | 312500    | 117648   | 16384   | 2048  | 32   | worker   | 12        | 16  | increase  | desc        | desc       | 64         | 5.03                    | 5.31              | 6   | 7834,7954,8074,7833,7953,8073       | 0.28     | 5.57     |
| 16  | 20         | 10000000 | 2500000   | 476191   | 0       | 8     | 4    | io_uring | 12        | 16  | decrease  | desc        | asc        | 4096       | 18.21                   | 18.49             | 6   | 23254,23389,23524,23253,23388,23523 | 0.28     | 1.54     |
| 19  | 40         | 10000000 | 312500    | 238096   | 4096    | 128   | 32   | io_uring | 12        | 16  | decrease  | asc         | desc       | 32768      | 338.37                  | 338.65            | 6   | 28039,28159,28279,28038,28158,28278 | 0.28     | 0.08     |
| 7   | 80         | 10000000 | 312500    | 117648   | 16384   | 2048  | 32   | io_uring | 12        | 16  | decrease  | asc         | asc        | 128        | 9.12                    | 9.39              | 6   | 9639,9759,9879,9638,9758,9878       | 0.27     | 2.96     |
| 1   | 100        | 10000000 | 625000    | 93458    | 16384   | 8     | 16   | worker   | 12        | 16  | increase  | asc         | asc        | 64         | 1.33                    | 1.6               | 6   | 34,159,284,33,158,283               | 0.27     | 20.3     |
| 17  | 40         | 10000000 | 312500    | 238096   | 4096    | 128   | 32   | io_uring | 12        | 16  | increase  | asc         | asc        | 4096       | 25.4                    | 25.66             | 6   | 24784,24904,25024,24783,24903,25023 | 0.26     | 1.02     |
| 11  | 40         | 10000000 | 312500    | 238096   | 1024    | 0     | 32   | worker   | 12        | 16  | decrease  | asc         | desc       | 256        | 3.78                    | 4.04              | 6   | 15044,15164,15284,15043,15163,15283 | 0.26     | 6.88     |
| 15  | 20         | 10000000 | 2500000   | 476191   | 0       | 8     | 4    | worker   | 12        | 16  | decrease  | asc         | asc        | 64         | 0.86                    | 1.12              | 6   | 20794,20929,21064,20793,20928,21063 | 0.26     | 30.23    |
| 3   | 100        | 10000000 | 625000    | 93458    | 16384   | 8     | 16   | worker   | 12        | 16  | decrease  | asc         | desc       | 32         | 1.22                    | 1.48              | 6   | 3404,3529,3654,3403,3528,3653       | 0.26     | 21.31    |
| 11  | 40         | 10000000 | 312500    | 238096   | 1024    | 0     | 32   | worker   | 12        | 16  | decrease  | asc         | asc        | 64         | 1.58                    | 1.84              | 6   | 14674,14794,14914,14673,14793,14913 | 0.26     | 16.46    |
| 12  | 40         | 10000000 | 312500    | 238096   | 1024    | 0     | 32   | worker   | 12        | 16  | decrease  | desc        | asc        | 32         | 1.35                    | 1.61              | 6   | 16109,16229,16349,16108,16228,16348 | 0.26     | 19.26    |
| 16  | 20         | 10000000 | 2500000   | 476191   | 0       | 8     | 4    | io_uring | 12        | 16  | decrease  | desc        | asc        | 128        | 1.26                    | 1.52              | 6   | 23229,23364,23499,23228,23363,23498 | 0.26     | 20.63    |
| 16  | 20         | 10000000 | 2500000   | 476191   | 0       | 8     | 4    | worker   | 12        | 16  | decrease  | desc        | asc        | 128        | 1.01                    | 1.27              | 6   | 22419,22554,22689,22418,22553,22688 | 0.26     | 25.74    |
| 18  | 40         | 10000000 | 312500    | 238096   | 4096    | 128   | 32   | worker   | 12        | 16  | increase  | desc        | desc       | 16         | 1.29                    | 1.55              | 6   | 25824,25944,26064,25823,25943,26063 | 0.26     | 20.16    |
| 2   | 100        | 10000000 | 625000    | 93458    | 16384   | 8     | 16   | io_uring | 12        | 16  | increase  | desc        | asc        | 512        | 5.26                    | 5.52              | 6   | 2299,2424,2549,2298,2423,2548       | 0.26     | 4.94     |
| 4   | 100        | 10000000 | 625000    | 93458    | 16384   | 8     | 16   | io_uring | 12        | 16  | decrease  | desc        | asc        | 1024       | 9.77                    | 10.03             | 6   | 5304,5429,5554,5303,5428,5553       | 0.26     | 2.66     |
| 12  | 40         | 10000000 | 312500    | 238096   | 1024    | 0     | 32   | io_uring | 12        | 16  | decrease  | desc        | desc       | 512        | 4.99                    | 5.25              | 6   | 17209,17329,17449,17208,17328,17448 | 0.26     | 5.21     |
| 1   | 100        | 10000000 | 625000    | 93458    | 16384   | 8     | 16   | io_uring | 12        | 16  | increase  | asc         | asc        | 16384      | 34.9                    | 35.16             | 6   | 824,949,1074,823,948,1073           | 0.26     | 0.74     |
| 5   | 80         | 10000000 | 312500    | 117648   | 16384   | 2048  | 32   | worker   | 12        | 16  | increase  | asc         | asc        | 128        | 8.96                    | 9.21              | 6   | 6039,6159,6279,6038,6158,6278       | 0.25     | 2.79     |
| 6   | 80         | 10000000 | 312500    | 117648   | 16384   | 2048  | 32   | io_uring | 12        | 16  | increase  | desc        | asc        | 2048       | 77.77                   | 78.02             | 6   | 8219,8339,8459,8218,8338,8458       | 0.25     | 0.32     |
| 11  | 40         | 10000000 | 312500    | 238096   | 1024    | 0     | 32   | worker   | 12        | 16  | decrease  | asc         | desc       | 1024       | 10.39                   | 10.64             | 6   | 15054,15174,15294,15053,15173,15293 | 0.25     | 2.41     |
| 13  | 20         | 10000000 | 2500000   | 476191   | 0       | 8     | 4    | worker   | 12        | 16  | increase  | asc         | desc       | 8192       | 35.43                   | 35.68             | 6   | 17994,18129,18264,17993,18128,18263 | 0.25     | 0.71     |
| 12  | 40         | 10000000 | 312500    | 238096   | 1024    | 0     | 32   | io_uring | 12        | 16  | decrease  | desc        | asc        | 64         | 1.84                    | 2.09              | 6   | 16834,16954,17074,16833,16953,17073 | 0.25     | 13.59    |
| 4   | 100        | 10000000 | 625000    | 93458    | 16384   | 8     | 16   | worker   | 12        | 16  | decrease  | desc        | asc        | 16384      | 59.22                   | 59.46             | 6   | 4574,4699,4824,4573,4698,4823       | 0.24     | 0.41     |
| 7   | 80         | 10000000 | 312500    | 117648   | 16384   | 2048  | 32   | worker   | 12        | 16  | decrease  | asc         | desc       | 64         | 13.19                   | 13.43             | 6   | 9274,9394,9514,9273,9393,9513       | 0.24     | 1.82     |
| 12  | 40         | 10000000 | 312500    | 238096   | 1024    | 0     | 32   | worker   | 12        | 16  | decrease  | desc        | asc        | 128        | 2.46                    | 2.7               | 6   | 16119,16239,16359,16118,16238,16358 | 0.24     | 9.76     |
| 2   | 100        | 10000000 | 625000    | 93458    | 16384   | 8     | 16   | worker   | 12        | 16  | increase  | desc        | asc        | 64         | 1.46                    | 1.7               | 6   | 1534,1659,1784,1533,1658,1783       | 0.24     | 16.44    |
| 4   | 100        | 10000000 | 625000    | 93458    | 16384   | 8     | 16   | worker   | 12        | 16  | decrease  | desc        | asc        | 64         | 1.16                    | 1.4               | 6   | 4534,4659,4784,4533,4658,4783       | 0.24     | 20.69    |
| 18  | 40         | 10000000 | 312500    | 238096   | 4096    | 128   | 32   | io_uring | 12        | 16  | increase  | desc        | asc        | 4          | 1.0                     | 1.24              | 6   | 26174,26294,26414,26173,26293,26413 | 0.24     | 24.0     |
| 15  | 20         | 10000000 | 2500000   | 476191   | 0       | 8     | 4    | io_uring | 12        | 16  | decrease  | asc         | desc       | 1024       | 2.35                    | 2.59              | 6   | 22029,22164,22299,22028,22163,22298 | 0.24     | 10.21    |
| 12  | 40         | 10000000 | 312500    | 238096   | 1024    | 0     | 32   | worker   | 12        | 16  | decrease  | desc        | desc       | 4096       | 17.66                   | 17.9              | 6   | 16504,16624,16744,16503,16623,16743 | 0.24     | 1.36     |
| 2   | 100        | 10000000 | 625000    | 93458    | 16384   | 8     | 16   | io_uring | 12        | 16  | increase  | desc        | asc        | 256        | 3.36                    | 3.59              | 6   | 2294,2419,2544,2293,2418,2543       | 0.23     | 6.85     |
| 4   | 100        | 10000000 | 625000    | 93458    | 16384   | 8     | 16   | io_uring | 12        | 16  | decrease  | desc        | asc        | 256        | 3.41                    | 3.64              | 6   | 5294,5419,5544,5293,5418,5543       | 0.23     | 6.74     |
| 9   | 40         | 10000000 | 312500    | 238096   | 1024    | 0     | 32   | worker   | 12        | 16  | increase  | asc         | asc        | 256        | 3.03                    | 3.26              | 6   | 11804,11924,12044,11803,11923,12043 | 0.23     | 7.59     |
| 18  | 40         | 10000000 | 312500    | 238096   | 4096    | 128   | 32   | worker   | 12        | 16  | increase  | desc        | desc       | 8          | 1.03                    | 1.26              | 6   | 25819,25939,26059,25818,25938,26058 | 0.23     | 22.33    |
| 15  | 20         | 10000000 | 2500000   | 476191   | 0       | 8     | 4    | io_uring | 12        | 16  | decrease  | asc         | asc        | 128        | 1.8                     | 2.03              | 6   | 21609,21744,21879,21608,21743,21878 | 0.23     | 12.78    |
| 16  | 20         | 10000000 | 2500000   | 476191   | 0       | 8     | 4    | io_uring | 12        | 16  | decrease  | desc        | asc        | 2262144    | 10428.33                | 10428.56          | 6   | 23324,23459,23594,23323,23458,23593 | 0.23     | 0.0      |
| 4   | 100        | 10000000 | 625000    | 93458    | 16384   | 8     | 16   | worker   | 12        | 16  | decrease  | desc        | desc       | 32         | 1.4                     | 1.62              | 6   | 4904,5029,5154,4903,5028,5153       | 0.22     | 15.71    |
| 2   | 100        | 10000000 | 625000    | 93458    | 16384   | 8     | 16   | io_uring | 12        | 16  | increase  | desc        | desc       | 32         | 1.45                    | 1.67              | 6   | 2654,2779,2904,2653,2778,2903       | 0.22     | 15.17    |
| 3   | 100        | 10000000 | 625000    | 93458    | 16384   | 8     | 16   | io_uring | 12        | 16  | decrease  | asc         | asc        | 64         | 1.52                    | 1.74              | 6   | 3784,3909,4034,3783,3908,4033       | 0.22     | 14.47    |
| 19  | 40         | 10000000 | 312500    | 238096   | 4096    | 128   | 32   | io_uring | 12        | 16  | decrease  | asc         | asc        | 32         | 1.77                    | 1.99              | 6   | 27629,27749,27869,27628,27748,27868 | 0.22     | 12.43    |
| 19  | 40         | 10000000 | 312500    | 238096   | 4096    | 128   | 32   | io_uring | 12        | 16  | decrease  | asc         | desc       | 4          | 1.17                    | 1.39              | 6   | 27974,28094,28214,27973,28093,28213 | 0.22     | 18.8     |
| 10  | 40         | 10000000 | 312500    | 238096   | 1024    | 0     | 32   | io_uring | 12        | 16  | increase  | desc        | desc       | 64         | 1.81                    | 2.03              | 6   | 14314,14434,14554,14313,14433,14553 | 0.22     | 12.15    |
| 12  | 40         | 10000000 | 312500    | 238096   | 1024    | 0     | 32   | io_uring | 12        | 16  | decrease  | desc        | asc        | 512        | 7.69                    | 7.91              | 6   | 16849,16969,17089,16848,16968,17088 | 0.22     | 2.86     |
| 6   | 80         | 10000000 | 312500    | 117648   | 16384   | 2048  | 32   | worker   | 12        | 16  | increase  | desc        | asc        | 2048       | 63.67                   | 63.89             | 6   | 7499,7619,7739,7498,7618,7738       | 0.22     | 0.35     |
| 7   | 80         | 10000000 | 312500    | 117648   | 16384   | 2048  | 32   | io_uring | 12        | 16  | decrease  | asc         | asc        | 512        | 18.82                   | 19.04             | 6   | 9649,9769,9889,9648,9768,9888       | 0.22     | 1.17     |
| 9   | 40         | 10000000 | 312500    | 238096   | 1024    | 0     | 32   | io_uring | 12        | 16  | increase  | asc         | asc        | 8          | 0.81                    | 1.02              | 6   | 12499,12619,12739,12498,12618,12738 | 0.21     | 25.93    |
| 9   | 40         | 10000000 | 312500    | 238096   | 1024    | 0     | 32   | worker   | 12        | 16  | increase  | asc         | asc        | 64         | 1.77                    | 1.98              | 6   | 11794,11914,12034,11793,11913,12033 | 0.21     | 11.86    |
| 13  | 20         | 10000000 | 2500000   | 476191   | 0       | 8     | 4    | worker   | 12        | 16  | increase  | asc         | asc        | 8192       | 7.75                    | 7.96              | 6   | 17589,17724,17859,17588,17723,17858 | 0.21     | 2.71     |
| 16  | 20         | 10000000 | 2500000   | 476191   | 0       | 8     | 4    | worker   | 12        | 16  | decrease  | desc        | asc        | 512        | 2.33                    | 2.54              | 6   | 22429,22564,22699,22428,22563,22698 | 0.21     | 9.01     |
| 17  | 40         | 10000000 | 312500    | 238096   | 4096    | 128   | 32   | worker   | 12        | 16  | increase  | asc         | asc        | 32         | 1.81                    | 2.02              | 6   | 24029,24149,24269,24028,24148,24268 | 0.21     | 11.6     |
| 19  | 40         | 10000000 | 312500    | 238096   | 4096    | 128   | 32   | worker   | 12        | 16  | decrease  | asc         | desc       | 16         | 2.39                    | 2.6               | 6   | 27264,27384,27504,27263,27383,27503 | 0.21     | 8.79     |
| 11  | 40         | 10000000 | 312500    | 238096   | 1024    | 0     | 32   | io_uring | 12        | 16  | decrease  | asc         | desc       | 32768      | 257.37                  | 257.58            | 6   | 15799,15919,16039,15798,15918,16038 | 0.21     | 0.08     |
| 9   | 40         | 10000000 | 312500    | 238096   | 1024    | 0     | 32   | io_uring | 12        | 16  | increase  | asc         | asc        | 32768      | 118.88                  | 119.08            | 6   | 12559,12679,12799,12558,12678,12798 | 0.2      | 0.17     |
| 10  | 40         | 10000000 | 312500    | 238096   | 1024    | 0     | 32   | io_uring | 12        | 16  | increase  | desc        | desc       | 128        | 2.55                    | 2.75              | 6   | 14319,14439,14559,14318,14438,14558 | 0.2      | 7.84     |
| 6   | 80         | 10000000 | 312500    | 117648   | 16384   | 2048  | 32   | worker   | 12        | 16  | increase  | desc        | desc       | 4          | 1.72                    | 1.92              | 6   | 7814,7934,8054,7813,7933,8053       | 0.2      | 11.63    |
| 8   | 80         | 10000000 | 312500    | 117648   | 16384   | 2048  | 32   | worker   | 12        | 16  | decrease  | desc        | asc        | 2          | 1.7                     | 1.9               | 6   | 10329,10449,10569,10328,10448,10568 | 0.2      | 11.76    |
| 3   | 100        | 10000000 | 625000    | 93458    | 16384   | 8     | 16   | worker   | 12        | 16  | decrease  | asc         | asc        | 512        | 3.86                    | 4.06              | 6   | 3049,3174,3299,3048,3173,3298       | 0.2      | 5.18     |
| 19  | 40         | 10000000 | 312500    | 238096   | 4096    | 128   | 32   | worker   | 12        | 16  | decrease  | asc         | desc       | 1024       | 22.66                   | 22.86             | 6   | 27294,27414,27534,27293,27413,27533 | 0.2      | 0.88     |
| 4   | 100        | 10000000 | 625000    | 93458    | 16384   | 8     | 16   | io_uring | 12        | 16  | decrease  | desc        | desc       | 8192       | 20.38                   | 20.57             | 6   | 5694,5819,5944,5693,5818,5943       | 0.19     | 0.93     |
| 1   | 100        | 10000000 | 625000    | 93458    | 16384   | 8     | 16   | io_uring | 12        | 16  | increase  | asc         | desc       | 256        | 4.17                    | 4.36              | 6   | 1169,1294,1419,1168,1293,1418       | 0.19     | 4.56     |
| 11  | 40         | 10000000 | 312500    | 238096   | 1024    | 0     | 32   | worker   | 12        | 16  | decrease  | asc         | desc       | 512        | 6.75                    | 6.94              | 6   | 15049,15169,15289,15048,15168,15288 | 0.19     | 2.81     |
| 1   | 100        | 10000000 | 625000    | 93458    | 16384   | 8     | 16   | worker   | 12        | 16  | increase  | asc         | desc       | 64         | 1.52                    | 1.71              | 6   | 409,534,659,408,533,658             | 0.19     | 12.5     |
| 9   | 40         | 10000000 | 312500    | 238096   | 1024    | 0     | 32   | io_uring | 12        | 16  | increase  | asc         | asc        | 16         | 1.47                    | 1.66              | 6   | 12504,12624,12744,12503,12623,12743 | 0.19     | 12.93    |
| 18  | 40         | 10000000 | 312500    | 238096   | 4096    | 128   | 32   | io_uring | 12        | 16  | increase  | desc        | asc        | 16         | 2.48                    | 2.67              | 6   | 26184,26304,26424,26183,26303,26423 | 0.19     | 7.66     |
| 3   | 100        | 10000000 | 625000    | 93458    | 16384   | 8     | 16   | worker   | 12        | 16  | decrease  | asc         | asc        | 16384      | 30.17                   | 30.36             | 6   | 3074,3199,3324,3073,3198,3323       | 0.19     | 0.63     |
| 4   | 100        | 10000000 | 625000    | 93458    | 16384   | 8     | 16   | io_uring | 12        | 16  | decrease  | desc        | asc        | 65536      | 245.34                  | 245.52            | 6   | 5334,5459,5584,5333,5458,5583       | 0.18     | 0.07     |
| 13  | 20         | 10000000 | 2500000   | 476191   | 0       | 8     | 4    | worker   | 12        | 16  | increase  | asc         | desc       | 32768      | 138.79                  | 138.97            | 6   | 18004,18139,18274,18003,18138,18273 | 0.18     | 0.13     |
| 8   | 80         | 10000000 | 312500    | 117648   | 16384   | 2048  | 32   | io_uring | 12        | 16  | decrease  | desc        | desc       | 512        | 19.99                   | 20.17             | 6   | 11449,11569,11689,11448,11568,11688 | 0.18     | 0.9      |
| 9   | 40         | 10000000 | 312500    | 238096   | 1024    | 0     | 32   | io_uring | 12        | 16  | increase  | asc         | asc        | 4096       | 19.58                   | 19.76             | 6   | 12544,12664,12784,12543,12663,12783 | 0.18     | 0.92     |
| 9   | 40         | 10000000 | 312500    | 238096   | 1024    | 0     | 32   | worker   | 12        | 16  | increase  | asc         | asc        | 8          | 0.84                    | 1.02              | 6   | 11779,11899,12019,11778,11898,12018 | 0.18     | 21.43    |
| 14  | 20         | 10000000 | 2500000   | 476191   | 0       | 8     | 4    | io_uring | 12        | 16  | increase  | desc        | desc       | 64         | 0.98                    | 1.16              | 6   | 20389,20524,20659,20388,20523,20658 | 0.18     | 18.37    |
| 14  | 20         | 10000000 | 2500000   | 476191   | 0       | 8     | 4    | worker   | 12        | 16  | increase  | desc        | asc        | 512        | 1.49                    | 1.67              | 6   | 19189,19324,19459,19188,19323,19458 | 0.18     | 12.08    |
| 19  | 40         | 10000000 | 312500    | 238096   | 4096    | 128   | 32   | io_uring | 12        | 16  | decrease  | asc         | asc        | 16         | 1.26                    | 1.44              | 6   | 27624,27744,27864,27623,27743,27863 | 0.18     | 14.29    |
| 2   | 100        | 10000000 | 625000    | 93458    | 16384   | 8     | 16   | worker   | 12        | 16  | increase  | desc        | asc        | 512        | 4.84                    | 5.02              | 6   | 1549,1674,1799,1548,1673,1798       | 0.18     | 3.72     |
| 4   | 100        | 10000000 | 625000    | 93458    | 16384   | 8     | 16   | worker   | 12        | 16  | decrease  | desc        | asc        | 8192       | 33.06                   | 33.24             | 6   | 4569,4694,4819,4568,4693,4818       | 0.18     | 0.54     |
| 14  | 20         | 10000000 | 2500000   | 476191   | 0       | 8     | 4    | worker   | 12        | 16  | increase  | desc        | asc        | 8192       | 12.88                   | 13.06             | 6   | 19209,19344,19479,19208,19343,19478 | 0.18     | 1.4      |
| 19  | 40         | 10000000 | 312500    | 238096   | 4096    | 128   | 32   | worker   | 12        | 16  | decrease  | asc         | asc        | 256        | 4.34                    | 4.52              | 6   | 26924,27044,27164,26923,27043,27163 | 0.18     | 4.15     |
| 13  | 20         | 10000000 | 2500000   | 476191   | 0       | 8     | 4    | io_uring | 12        | 16  | increase  | asc         | desc       | 32768      | 156.99                  | 157.17            | 6   | 18814,18949,19084,18813,18948,19083 | 0.18     | 0.11     |
| 10  | 40         | 10000000 | 312500    | 238096   | 1024    | 0     | 32   | io_uring | 12        | 16  | increase  | desc        | asc        | 16         | 1.14                    | 1.31              | 6   | 13944,14064,14184,13943,14063,14183 | 0.17     | 14.91    |
| 10  | 40         | 10000000 | 312500    | 238096   | 1024    | 0     | 32   | worker   | 12        | 16  | increase  | desc        | asc        | 64         | 1.71                    | 1.88              | 6   | 13234,13354,13474,13233,13353,13473 | 0.17     | 9.94     |
| 11  | 40         | 10000000 | 312500    | 238096   | 1024    | 0     | 32   | io_uring | 12        | 16  | decrease  | asc         | desc       | 1024       | 11.78                   | 11.95             | 6   | 15774,15894,16014,15773,15893,16013 | 0.17     | 1.44     |
| 11  | 40         | 10000000 | 312500    | 238096   | 1024    | 0     | 32   | worker   | 12        | 16  | decrease  | asc         | asc        | 16         | 1.22                    | 1.39              | 6   | 14664,14784,14904,14663,14783,14903 | 0.17     | 13.93    |
| 13  | 20         | 10000000 | 2500000   | 476191   | 0       | 8     | 4    | worker   | 12        | 16  | increase  | asc         | desc       | 512        | 3.16                    | 3.33              | 6   | 17974,18109,18244,17973,18108,18243 | 0.17     | 5.38     |
| 15  | 20         | 10000000 | 2500000   | 476191   | 0       | 8     | 4    | io_uring | 12        | 16  | decrease  | asc         | asc        | 32         | 0.66                    | 0.83              | 6   | 21599,21734,21869,21598,21733,21868 | 0.17     | 25.76    |
| 20  | 40         | 10000000 | 312500    | 238096   | 4096    | 128   | 32   | io_uring | 12        | 16  | decrease  | desc        | desc       | 16         | 1.77                    | 1.94              | 6   | 29424,29544,29664,29423,29543,29663 | 0.17     | 9.6      |
| 12  | 40         | 10000000 | 312500    | 238096   | 1024    | 0     | 32   | worker   | 12        | 16  | decrease  | desc        | desc       | 8192       | 30.55                   | 30.72             | 6   | 16509,16629,16749,16508,16628,16748 | 0.17     | 0.56     |
| 6   | 80         | 10000000 | 312500    | 117648   | 16384   | 2048  | 32   | worker   | 12        | 16  | increase  | desc        | desc       | 126518     | 1141.68                 | 1141.85           | 6   | 7894,8014,8134,7893,8013,8133       | 0.17     | 0.01     |
| 9   | 40         | 10000000 | 312500    | 238096   | 1024    | 0     | 32   | io_uring | 12        | 16  | increase  | asc         | desc       | 16         | 1.21                    | 1.37              | 6   | 12864,12984,13104,12863,12983,13103 | 0.16     | 13.22    |
| 12  | 40         | 10000000 | 312500    | 238096   | 1024    | 0     | 32   | worker   | 12        | 16  | decrease  | desc        | desc       | 512        | 5.16                    | 5.32              | 6   | 16489,16609,16729,16488,16608,16728 | 0.16     | 3.1      |
| 18  | 40         | 10000000 | 312500    | 238096   | 4096    | 128   | 32   | io_uring | 12        | 16  | increase  | desc        | asc        | 8          | 1.94                    | 2.1               | 6   | 26179,26299,26419,26178,26298,26418 | 0.16     | 8.25     |
| 11  | 40         | 10000000 | 312500    | 238096   | 1024    | 0     | 32   | worker   | 12        | 16  | decrease  | asc         | asc        | 8          | 1.02                    | 1.18              | 6   | 14659,14779,14899,14658,14778,14898 | 0.16     | 15.69    |
| 6   | 80         | 10000000 | 312500    | 117648   | 16384   | 2048  | 32   | io_uring | 12        | 16  | increase  | desc        | desc       | 8192       | 94.46                   | 94.61             | 6   | 8589,8709,8829,8588,8708,8828       | 0.15     | 0.16     |
| 8   | 80         | 10000000 | 312500    | 117648   | 16384   | 2048  | 32   | worker   | 12        | 16  | decrease  | desc        | desc       | 64         | 6.54                    | 6.69              | 6   | 10714,10834,10954,10713,10833,10953 | 0.15     | 2.29     |
| 13  | 20         | 10000000 | 2500000   | 476191   | 0       | 8     | 4    | io_uring | 12        | 16  | increase  | asc         | desc       | 1024       | 6.02                    | 6.17              | 6   | 18789,18924,19059,18788,18923,19058 | 0.15     | 2.49     |
| 2   | 100        | 10000000 | 625000    | 93458    | 16384   | 8     | 16   | worker   | 12        | 16  | increase  | desc        | desc       | 16         | 0.83                    | 0.98              | 6   | 1899,2024,2149,1898,2023,2148       | 0.15     | 18.07    |
| 9   | 40         | 10000000 | 312500    | 238096   | 1024    | 0     | 32   | io_uring | 12        | 16  | increase  | asc         | asc        | 4          | 0.58                    | 0.73              | 6   | 12494,12614,12734,12493,12613,12733 | 0.15     | 25.86    |
| 6   | 80         | 10000000 | 312500    | 117648   | 16384   | 2048  | 32   | io_uring | 12        | 16  | increase  | desc        | desc       | 32         | 3.58                    | 3.73              | 6   | 8549,8669,8789,8548,8668,8788       | 0.15     | 4.19     |
| 10  | 40         | 10000000 | 312500    | 238096   | 1024    | 0     | 32   | io_uring | 12        | 16  | increase  | desc        | asc        | 128        | 2.81                    | 2.96              | 6   | 13959,14079,14199,13958,14078,14198 | 0.15     | 5.34     |
| 11  | 40         | 10000000 | 312500    | 238096   | 1024    | 0     | 32   | io_uring | 12        | 16  | decrease  | asc         | desc       | 16         | 1.37                    | 1.52              | 6   | 15744,15864,15984,15743,15863,15983 | 0.15     | 10.95    |
| 20  | 40         | 10000000 | 312500    | 238096   | 4096    | 128   | 32   | io_uring | 12        | 16  | decrease  | desc        | asc        | 8          | 2.23                    | 2.38              | 6   | 29059,29179,29299,29058,29178,29298 | 0.15     | 6.73     |
| 21  | 80         | 10000000 | 10000000  | 117648   | 1048576 | 128   | 1    | worker   | 12        | 16  | increase  | asc         | asc        | 256        | 7.87                    | 8.02              | 6   | 29804,29949,30094,29803,29948,30093 | 0.15     | 1.91     |
| 10  | 40         | 10000000 | 312500    | 238096   | 1024    | 0     | 32   | io_uring | 12        | 16  | increase  | desc        | asc        | 4096       | 34.85                   | 34.99             | 6   | 13984,14104,14224,13983,14103,14223 | 0.14     | 0.4      |
| 10  | 40         | 10000000 | 312500    | 238096   | 1024    | 0     | 32   | worker   | 12        | 16  | increase  | desc        | desc       | 1024       | 6.89                    | 7.03              | 6   | 13614,13734,13854,13613,13733,13853 | 0.14     | 2.03     |
| 6   | 80         | 10000000 | 312500    | 117648   | 16384   | 2048  | 32   | io_uring | 12        | 16  | increase  | desc        | desc       | 8          | 2.83                    | 2.97              | 6   | 8539,8659,8779,8538,8658,8778       | 0.14     | 4.95     |
| 10  | 40         | 10000000 | 312500    | 238096   | 1024    | 0     | 32   | worker   | 12        | 16  | increase  | desc        | desc       | 32         | 1.23                    | 1.37              | 6   | 13589,13709,13829,13588,13708,13828 | 0.14     | 11.38    |
| 11  | 40         | 10000000 | 312500    | 238096   | 1024    | 0     | 32   | io_uring | 12        | 16  | decrease  | asc         | asc        | 32         | 1.18                    | 1.32              | 6   | 15389,15509,15629,15388,15508,15628 | 0.14     | 11.86    |
| 19  | 40         | 10000000 | 312500    | 238096   | 4096    | 128   | 32   | io_uring | 12        | 16  | decrease  | asc         | asc        | 128        | 3.21                    | 3.35              | 6   | 27639,27759,27879,27638,27758,27878 | 0.14     | 4.36     |
| 10  | 40         | 10000000 | 312500    | 238096   | 1024    | 0     | 32   | io_uring | 12        | 16  | increase  | desc        | asc        | 8          | 0.86                    | 1.0               | 6   | 13939,14059,14179,13938,14058,14178 | 0.14     | 16.28    |
| 12  | 40         | 10000000 | 312500    | 238096   | 1024    | 0     | 32   | io_uring | 12        | 16  | decrease  | desc        | asc        | 4          | 0.64                    | 0.78              | 6   | 16814,16934,17054,16813,16933,17053 | 0.14     | 21.88    |
| 18  | 40         | 10000000 | 312500    | 238096   | 4096    | 128   | 32   | worker   | 12        | 16  | increase  | desc        | asc        | 4          | 0.85                    | 0.99              | 6   | 25454,25574,25694,25453,25573,25693 | 0.14     | 16.47    |
| 5   | 80         | 10000000 | 312500    | 117648   | 16384   | 2048  | 32   | worker   | 12        | 16  | increase  | asc         | desc       | 8          | 4.5                     | 4.64              | 6   | 6379,6499,6619,6378,6498,6618       | 0.14     | 3.11     |
| 16  | 20         | 10000000 | 2500000   | 476191   | 0       | 8     | 4    | io_uring | 12        | 16  | decrease  | desc        | asc        | 512        | 2.89                    | 3.03              | 6   | 23239,23374,23509,23238,23373,23508 | 0.14     | 4.84     |
| 18  | 40         | 10000000 | 312500    | 238096   | 4096    | 128   | 32   | io_uring | 12        | 16  | increase  | desc        | asc        | 32768      | 329.41                  | 329.55            | 6   | 26239,26359,26479,26238,26358,26478 | 0.14     | 0.04     |
| 11  | 40         | 10000000 | 312500    | 238096   | 1024    | 0     | 32   | io_uring | 12        | 16  | decrease  | asc         | desc       | 256        | 4.85                    | 4.98              | 6   | 15764,15884,16004,15763,15883,16003 | 0.13     | 2.68     |
| 1   | 100        | 10000000 | 625000    | 93458    | 16384   | 8     | 16   | io_uring | 12        | 16  | increase  | asc         | desc       | 64         | 1.99                    | 2.12              | 6   | 1159,1284,1409,1158,1283,1408       | 0.13     | 6.53     |
| 10  | 40         | 10000000 | 312500    | 238096   | 1024    | 0     | 32   | worker   | 12        | 16  | increase  | desc        | desc       | 16         | 1.42                    | 1.55              | 6   | 13584,13704,13824,13583,13703,13823 | 0.13     | 9.15     |
| 13  | 20         | 10000000 | 2500000   | 476191   | 0       | 8     | 4    | worker   | 12        | 16  | increase  | asc         | asc        | 256        | 0.88                    | 1.01              | 6   | 17564,17699,17834,17563,17698,17833 | 0.13     | 14.77    |
| 15  | 20         | 10000000 | 2500000   | 476191   | 0       | 8     | 4    | worker   | 12        | 16  | decrease  | asc         | asc        | 32         | 0.55                    | 0.68              | 6   | 20789,20924,21059,20788,20923,21058 | 0.13     | 23.64    |
| 10  | 40         | 10000000 | 312500    | 238096   | 1024    | 0     | 32   | io_uring | 12        | 16  | increase  | desc        | desc       | 8          | 1.08                    | 1.21              | 6   | 14299,14419,14539,14298,14418,14538 | 0.13     | 12.04    |
| 12  | 40         | 10000000 | 312500    | 238096   | 1024    | 0     | 32   | io_uring | 12        | 16  | decrease  | desc        | desc       | 256        | 3.73                    | 3.86              | 6   | 17204,17324,17444,17203,17323,17443 | 0.13     | 3.49     |
| 12  | 40         | 10000000 | 312500    | 238096   | 1024    | 0     | 32   | worker   | 12        | 16  | decrease  | desc        | asc        | 256        | 4.14                    | 4.27              | 6   | 16124,16244,16364,16123,16243,16363 | 0.13     | 3.14     |
| 10  | 40         | 10000000 | 312500    | 238096   | 1024    | 0     | 32   | io_uring | 12        | 16  | increase  | desc        | desc       | 4096       | 20.78                   | 20.91             | 6   | 14344,14464,14584,14343,14463,14583 | 0.13     | 0.63     |
| 1   | 100        | 10000000 | 625000    | 93458    | 16384   | 8     | 16   | io_uring | 12        | 16  | increase  | asc         | desc       | 65536      | 279.69                  | 279.82            | 6   | 1209,1334,1459,1208,1333,1458       | 0.13     | 0.05     |
| 4   | 100        | 10000000 | 625000    | 93458    | 16384   | 8     | 16   | io_uring | 12        | 16  | decrease  | desc        | desc       | 16         | 0.99                    | 1.11              | 6   | 5649,5774,5899,5648,5773,5898       | 0.12     | 12.12    |
| 9   | 40         | 10000000 | 312500    | 238096   | 1024    | 0     | 32   | worker   | 12        | 16  | increase  | asc         | asc        | 128        | 2.01                    | 2.13              | 6   | 11799,11919,12039,11798,11918,12038 | 0.12     | 5.97     |
| 3   | 100        | 10000000 | 625000    | 93458    | 16384   | 8     | 16   | worker   | 12        | 16  | decrease  | asc         | desc       | 16         | 0.93                    | 1.05              | 6   | 3399,3524,3649,3398,3523,3648       | 0.12     | 12.9     |
| 13  | 20         | 10000000 | 2500000   | 476191   | 0       | 8     | 4    | io_uring | 12        | 16  | increase  | asc         | desc       | 64         | 0.9                     | 1.02              | 6   | 18769,18904,19039,18768,18903,19038 | 0.12     | 13.33    |
| 17  | 40         | 10000000 | 312500    | 238096   | 4096    | 128   | 32   | io_uring | 12        | 16  | increase  | asc         | desc       | 1          | 0.58                    | 0.7               | 6   | 25084,25204,25324,25083,25203,25323 | 0.12     | 20.69    |
| 5   | 80         | 10000000 | 312500    | 117648   | 16384   | 2048  | 32   | worker   | 12        | 16  | increase  | asc         | desc       | 2          | 1.76                    | 1.88              | 6   | 6369,6489,6609,6368,6488,6608       | 0.12     | 6.82     |
| 9   | 40         | 10000000 | 312500    | 238096   | 1024    | 0     | 32   | worker   | 12        | 16  | increase  | asc         | asc        | 16         | 1.11                    | 1.23              | 6   | 11784,11904,12024,11783,11903,12023 | 0.12     | 10.81    |
| 2   | 100        | 10000000 | 625000    | 93458    | 16384   | 8     | 16   | io_uring | 12        | 16  | increase  | desc        | asc        | 1024       | 8.47                    | 8.59              | 6   | 2304,2429,2554,2303,2428,2553       | 0.12     | 1.42     |
| 6   | 80         | 10000000 | 312500    | 117648   | 16384   | 2048  | 32   | io_uring | 12        | 16  | increase  | desc        | desc       | 128        | 9.92                    | 10.04             | 6   | 8559,8679,8799,8558,8678,8798       | 0.12     | 1.21     |
| 16  | 20         | 10000000 | 2500000   | 476191   | 0       | 8     | 4    | worker   | 12        | 16  | decrease  | desc        | asc        | 8192       | 25.99                   | 26.1              | 6   | 22449,22584,22719,22448,22583,22718 | 0.11     | 0.42     |
| 13  | 20         | 10000000 | 2500000   | 476191   | 0       | 8     | 4    | worker   | 12        | 16  | increase  | asc         | asc        | 1024       | 1.63                    | 1.74              | 6   | 17574,17709,17844,17573,17708,17843 | 0.11     | 6.75     |
| 13  | 20         | 10000000 | 2500000   | 476191   | 0       | 8     | 4    | worker   | 12        | 16  | increase  | asc         | desc       | 16         | 0.44                    | 0.55              | 6   | 17949,18084,18219,17948,18083,18218 | 0.11     | 25.0     |
| 17  | 40         | 10000000 | 312500    | 238096   | 4096    | 128   | 32   | io_uring | 12        | 16  | increase  | asc         | desc       | 2          | 0.89                    | 1.0               | 6   | 25089,25209,25329,25088,25208,25328 | 0.11     | 12.36    |
| 17  | 40         | 10000000 | 312500    | 238096   | 4096    | 128   | 32   | io_uring | 12        | 16  | increase  | asc         | desc       | 4          | 1.34                    | 1.45              | 6   | 25094,25214,25334,25093,25213,25333 | 0.11     | 8.21     |
| 18  | 40         | 10000000 | 312500    | 238096   | 4096    | 128   | 32   | io_uring | 12        | 16  | increase  | desc        | desc       | 32         | 2.16                    | 2.27              | 6   | 26549,26669,26789,26548,26668,26788 | 0.11     | 5.09     |
| 18  | 40         | 10000000 | 312500    | 238096   | 4096    | 128   | 32   | worker   | 12        | 16  | increase  | desc        | desc       | 32         | 1.81                    | 1.92              | 6   | 25829,25949,26069,25828,25948,26068 | 0.11     | 6.08     |
| 1   | 100        | 10000000 | 625000    | 93458    | 16384   | 8     | 16   | io_uring | 12        | 16  | increase  | asc         | desc       | 16384      | 78.43                   | 78.54             | 6   | 1199,1324,1449,1198,1323,1448       | 0.11     | 0.14     |
| 2   | 100        | 10000000 | 625000    | 93458    | 16384   | 8     | 16   | io_uring | 12        | 16  | increase  | desc        | desc       | 16384      | 33.05                   | 33.16             | 6   | 2699,2824,2949,2698,2823,2948       | 0.11     | 0.33     |
| 7   | 80         | 10000000 | 312500    | 117648   | 16384   | 2048  | 32   | io_uring | 12        | 16  | decrease  | asc         | desc       | 4096       | 96.8                    | 96.9              | 6   | 10024,10144,10264,10023,10143,10263 | 0.1      | 0.1      |
| 12  | 40         | 10000000 | 312500    | 238096   | 1024    | 0     | 32   | worker   | 12        | 16  | decrease  | desc        | desc       | 16384      | 57.14                   | 57.24             | 6   | 16514,16634,16754,16513,16633,16753 | 0.1      | 0.18     |
| 4   | 100        | 10000000 | 625000    | 93458    | 16384   | 8     | 16   | worker   | 12        | 16  | decrease  | desc        | desc       | 16         | 1.0                     | 1.1               | 6   | 4899,5024,5149,4898,5023,5148       | 0.1      | 10.0     |
| 7   | 80         | 10000000 | 312500    | 117648   | 16384   | 2048  | 32   | worker   | 12        | 16  | decrease  | asc         | desc       | 2          | 1.72                    | 1.82              | 6   | 9249,9369,9489,9248,9368,9488       | 0.1      | 5.81     |
| 10  | 40         | 10000000 | 312500    | 238096   | 1024    | 0     | 32   | io_uring | 12        | 16  | increase  | desc        | asc        | 32         | 1.41                    | 1.51              | 6   | 13949,14069,14189,13948,14068,14188 | 0.1      | 7.09     |
| 14  | 20         | 10000000 | 2500000   | 476191   | 0       | 8     | 4    | worker   | 12        | 16  | increase  | desc        | desc       | 32         | 0.57                    | 0.67              | 6   | 19574,19709,19844,19573,19708,19843 | 0.1      | 17.54    |
| 18  | 40         | 10000000 | 312500    | 238096   | 4096    | 128   | 32   | worker   | 12        | 16  | increase  | desc        | asc        | 64         | 3.4                     | 3.5               | 6   | 25474,25594,25714,25473,25593,25713 | 0.1      | 2.94     |
| 20  | 40         | 10000000 | 312500    | 238096   | 4096    | 128   | 32   | io_uring | 12        | 16  | decrease  | desc        | desc       | 32         | 2.08                    | 2.18              | 6   | 29429,29549,29669,29428,29548,29668 | 0.1      | 4.81     |
| 4   | 100        | 10000000 | 625000    | 93458    | 16384   | 8     | 16   | io_uring | 12        | 16  | decrease  | desc        | asc        | 8          | 0.64                    | 0.74              | 6   | 5269,5394,5519,5268,5393,5518       | 0.1      | 15.62    |
| 14  | 20         | 10000000 | 2500000   | 476191   | 0       | 8     | 4    | io_uring | 12        | 16  | increase  | desc        | desc       | 32         | 0.62                    | 0.72              | 6   | 20384,20519,20654,20383,20518,20653 | 0.1      | 16.13    |
| 15  | 20         | 10000000 | 2500000   | 476191   | 0       | 8     | 4    | io_uring | 12        | 16  | decrease  | asc         | desc       | 64         | 0.59                    | 0.69              | 6   | 22009,22144,22279,22008,22143,22278 | 0.1      | 16.95    |
| 13  | 20         | 10000000 | 2500000   | 476191   | 0       | 8     | 4    | worker   | 12        | 16  | increase  | asc         | asc        | 512        | 1.28                    | 1.38              | 6   | 17569,17704,17839,17568,17703,17838 | 0.1      | 7.81     |
| 16  | 20         | 10000000 | 2500000   | 476191   | 0       | 8     | 4    | io_uring | 12        | 16  | decrease  | desc        | asc        | 256        | 1.87                    | 1.97              | 6   | 23234,23369,23504,23233,23368,23503 | 0.1      | 5.35     |
| 9   | 40         | 10000000 | 312500    | 238096   | 1024    | 0     | 32   | io_uring | 12        | 16  | increase  | asc         | asc        | 64         | 1.88                    | 1.97              | 6   | 12514,12634,12754,12513,12633,12753 | 0.09     | 4.79     |
| 16  | 20         | 10000000 | 2500000   | 476191   | 0       | 8     | 4    | worker   | 12        | 16  | decrease  | desc        | desc       | 512        | 1.28                    | 1.37              | 6   | 22834,22969,23104,22833,22968,23103 | 0.09     | 7.03     |
| 2   | 100        | 10000000 | 625000    | 93458    | 16384   | 8     | 16   | io_uring | 12        | 16  | increase  | desc        | asc        | 16         | 0.93                    | 1.02              | 6   | 2274,2399,2524,2273,2398,2523       | 0.09     | 9.68     |
| 11  | 40         | 10000000 | 312500    | 238096   | 1024    | 0     | 32   | io_uring | 12        | 16  | decrease  | asc         | desc       | 4          | 0.67                    | 0.76              | 6   | 15734,15854,15974,15733,15853,15973 | 0.09     | 13.43    |
| 11  | 40         | 10000000 | 312500    | 238096   | 1024    | 0     | 32   | worker   | 12        | 16  | decrease  | asc         | asc        | 2          | 0.4                     | 0.49              | 6   | 14649,14769,14889,14648,14768,14888 | 0.09     | 22.5     |
| 17  | 40         | 10000000 | 312500    | 238096   | 4096    | 128   | 32   | io_uring | 12        | 16  | increase  | asc         | asc        | 2          | 0.68                    | 0.77              | 6   | 24729,24849,24969,24728,24848,24968 | 0.09     | 13.24    |
| 1   | 100        | 10000000 | 625000    | 93458    | 16384   | 8     | 16   | worker   | 12        | 16  | increase  | asc         | asc        | 2048       | 9.0                     | 9.09              | 6   | 59,184,309,58,183,308               | 0.09     | 1.0      |
| 1   | 100        | 10000000 | 625000    | 93458    | 16384   | 8     | 16   | worker   | 12        | 16  | increase  | asc         | desc       | 16         | 1.05                    | 1.14              | 6   | 399,524,649,398,523,648             | 0.09     | 8.57     |
| 2   | 100        | 10000000 | 625000    | 93458    | 16384   | 8     | 16   | worker   | 12        | 16  | increase  | desc        | asc        | 256        | 2.96                    | 3.05              | 6   | 1544,1669,1794,1543,1668,1793       | 0.09     | 3.04     |
| 3   | 100        | 10000000 | 625000    | 93458    | 16384   | 8     | 16   | io_uring | 12        | 16  | decrease  | asc         | asc        | 512        | 4.67                    | 4.76              | 6   | 3799,3924,4049,3798,3923,4048       | 0.09     | 1.93     |
| 11  | 40         | 10000000 | 312500    | 238096   | 1024    | 0     | 32   | io_uring | 12        | 16  | decrease  | asc         | desc       | 512        | 7.67                    | 7.76              | 6   | 15769,15889,16009,15768,15888,16008 | 0.09     | 1.17     |
| 16  | 20         | 10000000 | 2500000   | 476191   | 0       | 8     | 4    | io_uring | 12        | 16  | decrease  | desc        | asc        | 1512144    | 6826.06                 | 6826.15           | 6   | 23309,23444,23579,23308,23443,23578 | 0.09     | 0.0      |
| 17  | 40         | 10000000 | 312500    | 238096   | 4096    | 128   | 32   | worker   | 12        | 16  | increase  | asc         | asc        | 4096       | 23.54                   | 23.62             | 6   | 24064,24184,24304,24063,24183,24303 | 0.08     | 0.34     |
| 8   | 80         | 10000000 | 312500    | 117648   | 16384   | 2048  | 32   | worker   | 12        | 16  | decrease  | desc        | desc       | 4          | 1.5                     | 1.58              | 6   | 10694,10814,10934,10693,10813,10933 | 0.08     | 5.33     |
| 9   | 40         | 10000000 | 312500    | 238096   | 1024    | 0     | 32   | worker   | 12        | 16  | increase  | asc         | desc       | 16         | 0.99                    | 1.07              | 6   | 12144,12264,12384,12143,12263,12383 | 0.08     | 8.08     |
| 17  | 40         | 10000000 | 312500    | 238096   | 4096    | 128   | 32   | io_uring | 12        | 16  | increase  | asc         | asc        | 128        | 3.33                    | 3.41              | 6   | 24759,24879,24999,24758,24878,24998 | 0.08     | 2.4      |
| 1   | 100        | 10000000 | 625000    | 93458    | 16384   | 8     | 16   | io_uring | 12        | 16  | increase  | asc         | desc       | 8          | 0.74                    | 0.82              | 6   | 1144,1269,1394,1143,1268,1393       | 0.08     | 10.81    |
| 2   | 100        | 10000000 | 625000    | 93458    | 16384   | 8     | 16   | io_uring | 12        | 16  | increase  | desc        | asc        | 4          | 0.49                    | 0.57              | 6   | 2264,2389,2514,2263,2388,2513       | 0.08     | 16.33    |
| 14  | 20         | 10000000 | 2500000   | 476191   | 0       | 8     | 4    | worker   | 12        | 16  | increase  | desc        | asc        | 128        | 0.78                    | 0.86              | 6   | 19179,19314,19449,19178,19313,19448 | 0.08     | 10.26    |
| 16  | 20         | 10000000 | 2500000   | 476191   | 0       | 8     | 4    | worker   | 12        | 16  | decrease  | desc        | desc       | 128        | 0.81                    | 0.89              | 6   | 22824,22959,23094,22823,22958,23093 | 0.08     | 9.88     |
| 19  | 40         | 10000000 | 312500    | 238096   | 4096    | 128   | 32   | io_uring | 12        | 16  | decrease  | asc         | desc       | 1          | 0.51                    | 0.59              | 6   | 27964,28084,28204,27963,28083,28203 | 0.08     | 15.69    |
| 19  | 40         | 10000000 | 312500    | 238096   | 4096    | 128   | 32   | worker   | 12        | 16  | decrease  | asc         | asc        | 4          | 0.76                    | 0.84              | 6   | 26894,27014,27134,26893,27013,27133 | 0.08     | 10.53    |
| 18  | 40         | 10000000 | 312500    | 238096   | 4096    | 128   | 32   | io_uring | 12        | 16  | increase  | desc        | desc       | 8          | 1.58                    | 1.66              | 6   | 26539,26659,26779,26538,26658,26778 | 0.08     | 5.06     |
| 17  | 40         | 10000000 | 312500    | 238096   | 4096    | 128   | 32   | worker   | 12        | 16  | increase  | asc         | desc       | 16         | 2.2                     | 2.28              | 6   | 24384,24504,24624,24383,24503,24623 | 0.08     | 3.64     |
| 19  | 40         | 10000000 | 312500    | 238096   | 4096    | 128   | 32   | io_uring | 12        | 16  | decrease  | asc         | desc       | 512        | 22.6                    | 22.68             | 6   | 28009,28129,28249,28008,28128,28248 | 0.08     | 0.35     |
| 16  | 20         | 10000000 | 2500000   | 476191   | 0       | 8     | 4    | worker   | 12        | 16  | decrease  | desc        | asc        | 1012144    | 3141.81                 | 3141.88           | 6   | 22489,22624,22759,22488,22623,22758 | 0.07     | 0.0      |
| 17  | 40         | 10000000 | 312500    | 238096   | 4096    | 128   | 32   | io_uring | 12        | 16  | increase  | asc         | asc        | 157768     | 693.18                  | 693.25            | 6   | 24819,24939,25059,24818,24938,25058 | 0.07     | 0.01     |
| 11  | 40         | 10000000 | 312500    | 238096   | 1024    | 0     | 32   | worker   | 12        | 16  | decrease  | asc         | asc        | 4          | 0.6                     | 0.67              | 6   | 14654,14774,14894,14653,14773,14893 | 0.07     | 11.67    |
| 11  | 40         | 10000000 | 312500    | 238096   | 1024    | 0     | 32   | worker   | 12        | 16  | decrease  | asc         | desc       | 64         | 1.75                    | 1.82              | 6   | 15034,15154,15274,15033,15153,15273 | 0.07     | 4.0      |
| 13  | 20         | 10000000 | 2500000   | 476191   | 0       | 8     | 4    | worker   | 12        | 16  | increase  | asc         | desc       | 32         | 0.69                    | 0.76              | 6   | 17954,18089,18224,17953,18088,18223 | 0.07     | 10.14    |
| 17  | 40         | 10000000 | 312500    | 238096   | 4096    | 128   | 32   | io_uring | 12        | 16  | increase  | asc         | asc        | 4          | 0.95                    | 1.02              | 6   | 24734,24854,24974,24733,24853,24973 | 0.07     | 7.37     |
| 17  | 40         | 10000000 | 312500    | 238096   | 4096    | 128   | 32   | io_uring | 12        | 16  | increase  | asc         | asc        | 16         | 1.63                    | 1.7               | 6   | 24744,24864,24984,24743,24863,24983 | 0.07     | 4.29     |
| 21  | 80         | 10000000 | 10000000  | 117648   | 1048576 | 128   | 1    | io_uring | 12        | 16  | increase  | asc         | asc        | 32         | 1.89                    | 1.96              | 6   | 30659,30804,30949,30658,30803,30948 | 0.07     | 3.7      |
| 15  | 20         | 10000000 | 2500000   | 476191   | 0       | 8     | 4    | io_uring | 12        | 16  | decrease  | asc         | asc        | 2          | 0.33                    | 0.4               | 6   | 21579,21714,21849,21578,21713,21848 | 0.07     | 21.21    |
| 16  | 20         | 10000000 | 2500000   | 476191   | 0       | 8     | 4    | io_uring | 12        | 16  | decrease  | desc        | asc        | 8          | 0.35                    | 0.42              | 6   | 23209,23344,23479,23208,23343,23478 | 0.07     | 20.0     |
| 2   | 100        | 10000000 | 625000    | 93458    | 16384   | 8     | 16   | io_uring | 12        | 16  | increase  | desc        | asc        | 8          | 0.62                    | 0.69              | 6   | 2269,2394,2519,2268,2393,2518       | 0.07     | 11.29    |
| 14  | 20         | 10000000 | 2500000   | 476191   | 0       | 8     | 4    | io_uring | 12        | 16  | increase  | desc        | desc       | 4          | 0.34                    | 0.41              | 6   | 20369,20504,20639,20368,20503,20638 | 0.07     | 20.59    |
| 14  | 20         | 10000000 | 2500000   | 476191   | 0       | 8     | 4    | worker   | 12        | 16  | increase  | desc        | desc       | 64         | 0.92                    | 0.99              | 6   | 19579,19714,19849,19578,19713,19848 | 0.07     | 7.61     |
| 21  | 80         | 10000000 | 10000000  | 117648   | 1048576 | 128   | 1    | worker   | 12        | 16  | increase  | asc         | asc        | 8          | 0.51                    | 0.58              | 6   | 29779,29924,30069,29778,29923,30068 | 0.07     | 13.73    |
| 8   | 80         | 10000000 | 312500    | 117648   | 16384   | 2048  | 32   | worker   | 12        | 16  | decrease  | desc        | asc        | 1          | 1.03                    | 1.09              | 6   | 10324,10444,10564,10323,10443,10563 | 0.06     | 5.83     |
| 9   | 40         | 10000000 | 312500    | 238096   | 1024    | 0     | 32   | io_uring | 12        | 16  | increase  | asc         | desc       | 8          | 0.86                    | 0.92              | 6   | 12859,12979,13099,12858,12978,13098 | 0.06     | 6.98     |
| 10  | 40         | 10000000 | 312500    | 238096   | 1024    | 0     | 32   | worker   | 12        | 16  | increase  | desc        | desc       | 4          | 0.62                    | 0.68              | 6   | 13574,13694,13814,13573,13693,13813 | 0.06     | 9.68     |
| 21  | 80         | 10000000 | 10000000  | 117648   | 1048576 | 128   | 1    | io_uring | 12        | 16  | increase  | asc         | desc       | 64         | 3.88                    | 3.94              | 4   | 31099,31244,31098,31243             | 0.06     | 1.55     |
| 21  | 80         | 10000000 | 10000000  | 117648   | 1048576 | 128   | 1    | io_uring | 12        | 16  | increase  | asc         | desc       | 16         | 0.79                    | 0.85              | 4   | 31089,31234,31088,31233             | 0.06     | 7.59     |
| 21  | 80         | 10000000 | 10000000  | 117648   | 1048576 | 128   | 1    | worker   | 12        | 16  | increase  | asc         | desc       | 16         | 0.91                    | 0.97              | 6   | 30219,30364,30509,30218,30363,30508 | 0.06     | 6.59     |
| 20  | 40         | 10000000 | 312500    | 238096   | 4096    | 128   | 32   | worker   | 12        | 16  | decrease  | desc        | asc        | 256        | 9.14                    | 9.2               | 6   | 28364,28484,28604,28363,28483,28603 | 0.06     | 0.66     |
| 18  | 40         | 10000000 | 312500    | 238096   | 4096    | 128   | 32   | worker   | 12        | 16  | increase  | desc        | desc       | 8192       | 37.63                   | 37.69             | 6   | 25869,25989,26109,25868,25988,26108 | 0.06     | 0.16     |
| 10  | 40         | 10000000 | 312500    | 238096   | 1024    | 0     | 32   | io_uring | 12        | 16  | increase  | desc        | asc        | 2048       | 19.56                   | 19.61             | 6   | 13979,14099,14219,13978,14098,14218 | 0.05     | 0.26     |
| 12  | 40         | 10000000 | 312500    | 238096   | 1024    | 0     | 32   | io_uring | 12        | 16  | decrease  | desc        | desc       | 1024       | 7.77                    | 7.82              | 6   | 17214,17334,17454,17213,17333,17453 | 0.05     | 0.64     |
| 18  | 40         | 10000000 | 312500    | 238096   | 4096    | 128   | 32   | io_uring | 12        | 16  | increase  | desc        | asc        | 64         | 4.27                    | 4.32              | 6   | 26194,26314,26434,26193,26313,26433 | 0.05     | 1.17     |
| 14  | 20         | 10000000 | 2500000   | 476191   | 0       | 8     | 4    | worker   | 12        | 16  | increase  | desc        | asc        | 1024       | 2.28                    | 2.33              | 6   | 19194,19329,19464,19193,19328,19463 | 0.05     | 2.19     |
| 17  | 40         | 10000000 | 312500    | 238096   | 4096    | 128   | 32   | worker   | 12        | 16  | increase  | asc         | asc        | 64         | 2.34                    | 2.39              | 6   | 24034,24154,24274,24033,24153,24273 | 0.05     | 2.14     |
| 21  | 80         | 10000000 | 10000000  | 117648   | 1048576 | 128   | 1    | io_uring | 12        | 16  | increase  | asc         | desc       | 32         | 2.11                    | 2.16              | 4   | 31094,31239,31093,31238             | 0.05     | 2.37     |
| 3   | 100        | 10000000 | 625000    | 93458    | 16384   | 8     | 16   | io_uring | 12        | 16  | decrease  | asc         | desc       | 2          | 0.35                    | 0.4               | 6   | 4134,4259,4384,4133,4258,4383       | 0.05     | 14.29    |
| 5   | 80         | 10000000 | 312500    | 117648   | 16384   | 2048  | 32   | io_uring | 12        | 16  | increase  | asc         | asc        | 1          | 0.61                    | 0.66              | 6   | 6724,6844,6964,6723,6843,6963       | 0.05     | 8.2      |
| 8   | 80         | 10000000 | 312500    | 117648   | 16384   | 2048  | 32   | worker   | 12        | 16  | decrease  | desc        | desc       | 2          | 0.96                    | 1.01              | 6   | 10689,10809,10929,10688,10808,10928 | 0.05     | 5.21     |
| 9   | 40         | 10000000 | 312500    | 238096   | 1024    | 0     | 32   | io_uring | 12        | 16  | increase  | asc         | desc       | 4          | 0.62                    | 0.67              | 6   | 12854,12974,13094,12853,12973,13093 | 0.05     | 8.06     |
| 13  | 20         | 10000000 | 2500000   | 476191   | 0       | 8     | 4    | io_uring | 12        | 16  | increase  | asc         | asc        | 8          | 0.35                    | 0.4               | 6   | 18349,18484,18619,18348,18483,18618 | 0.05     | 14.29    |
| 13  | 20         | 10000000 | 2500000   | 476191   | 0       | 8     | 4    | io_uring | 12        | 16  | increase  | asc         | asc        | 1024       | 1.82                    | 1.87              | 6   | 18384,18519,18654,18383,18518,18653 | 0.05     | 2.75     |
| 15  | 20         | 10000000 | 2500000   | 476191   | 0       | 8     | 4    | io_uring | 12        | 16  | decrease  | asc         | asc        | 16         | 0.48                    | 0.53              | 6   | 21594,21729,21864,21593,21728,21863 | 0.05     | 10.42    |
| 15  | 20         | 10000000 | 2500000   | 476191   | 0       | 8     | 4    | worker   | 12        | 16  | decrease  | asc         | asc        | 128        | 1.52                    | 1.57              | 6   | 20799,20934,21069,20798,20933,21068 | 0.05     | 3.29     |
| 16  | 20         | 10000000 | 2500000   | 476191   | 0       | 8     | 4    | worker   | 12        | 16  | decrease  | desc        | desc       | 256        | 0.95                    | 1.0               | 6   | 22829,22964,23099,22828,22963,23098 | 0.05     | 5.26     |
| 1   | 100        | 10000000 | 625000    | 93458    | 16384   | 8     | 16   | worker   | 12        | 16  | increase  | asc         | desc       | 1          | 0.33                    | 0.38              | 6   | 379,504,629,378,503,628             | 0.05     | 15.15    |
| 11  | 40         | 10000000 | 312500    | 238096   | 1024    | 0     | 32   | worker   | 12        | 16  | decrease  | asc         | desc       | 1          | 0.38                    | 0.43              | 6   | 15004,15124,15244,15003,15123,15243 | 0.05     | 13.16    |
| 12  | 40         | 10000000 | 312500    | 238096   | 1024    | 0     | 32   | worker   | 12        | 16  | decrease  | desc        | desc       | 2          | 0.42                    | 0.47              | 6   | 16449,16569,16689,16448,16568,16688 | 0.05     | 11.9     |
| 12  | 40         | 10000000 | 312500    | 238096   | 1024    | 0     | 32   | worker   | 12        | 16  | decrease  | desc        | asc        | 4          | 0.54                    | 0.59              | 6   | 16094,16214,16334,16093,16213,16333 | 0.05     | 9.26     |
| 16  | 20         | 10000000 | 2500000   | 476191   | 0       | 8     | 4    | io_uring | 12        | 16  | decrease  | desc        | desc       | 256        | 0.91                    | 0.96              | 6   | 23639,23774,23909,23638,23773,23908 | 0.05     | 5.49     |
| 21  | 80         | 10000000 | 10000000  | 117648   | 1048576 | 128   | 1    | worker   | 12        | 16  | increase  | asc         | desc       | 1024       | 15.21                   | 15.26             | 6   | 30249,30394,30539,30248,30393,30538 | 0.05     | 0.33     |
| 10  | 40         | 10000000 | 312500    | 238096   | 1024    | 0     | 32   | io_uring | 12        | 16  | increase  | desc        | asc        | 126518     | 947.19                  | 947.24            | 6   | 14014,14134,14254,14013,14133,14253 | 0.05     | 0.01     |
| 1   | 100        | 10000000 | 625000    | 93458    | 16384   | 8     | 16   | io_uring | 12        | 16  | increase  | asc         | desc       | 2          | 0.41                    | 0.45              | 6   | 1134,1259,1384,1133,1258,1383       | 0.04     | 9.76     |
| 2   | 100        | 10000000 | 625000    | 93458    | 16384   | 8     | 16   | io_uring | 12        | 16  | increase  | desc        | asc        | 128        | 2.39                    | 2.43              | 6   | 2289,2414,2539,2288,2413,2538       | 0.04     | 1.67     |
| 2   | 100        | 10000000 | 625000    | 93458    | 16384   | 8     | 16   | io_uring | 12        | 16  | increase  | desc        | desc       | 4          | 0.47                    | 0.51              | 6   | 2639,2764,2889,2638,2763,2888       | 0.04     | 8.51     |
| 4   | 100        | 10000000 | 625000    | 93458    | 16384   | 8     | 16   | io_uring | 12        | 16  | decrease  | desc        | desc       | 32         | 1.38                    | 1.42              | 6   | 5654,5779,5904,5653,5778,5903       | 0.04     | 2.9      |
| 7   | 80         | 10000000 | 312500    | 117648   | 16384   | 2048  | 32   | worker   | 12        | 16  | decrease  | asc         | desc       | 1          | 1.02                    | 1.06              | 6   | 9244,9364,9484,9243,9363,9483       | 0.04     | 3.92     |
| 11  | 40         | 10000000 | 312500    | 238096   | 1024    | 0     | 32   | io_uring | 12        | 16  | decrease  | asc         | desc       | 8          | 1.14                    | 1.18              | 6   | 15739,15859,15979,15738,15858,15978 | 0.04     | 3.51     |
| 12  | 40         | 10000000 | 312500    | 238096   | 1024    | 0     | 32   | io_uring | 12        | 16  | decrease  | desc        | desc       | 16         | 1.53                    | 1.57              | 6   | 17184,17304,17424,17183,17303,17423 | 0.04     | 2.61     |
| 13  | 20         | 10000000 | 2500000   | 476191   | 0       | 8     | 4    | worker   | 12        | 16  | increase  | asc         | desc       | 8          | 0.36                    | 0.4               | 6   | 17944,18079,18214,17943,18078,18213 | 0.04     | 11.11    |
| 14  | 20         | 10000000 | 2500000   | 476191   | 0       | 8     | 4    | worker   | 12        | 16  | increase  | desc        | asc        | 2          | 0.3                     | 0.34              | 6   | 19149,19284,19419,19148,19283,19418 | 0.04     | 13.33    |
| 15  | 20         | 10000000 | 2500000   | 476191   | 0       | 8     | 4    | worker   | 12        | 16  | decrease  | asc         | asc        | 16         | 0.42                    | 0.46              | 6   | 20784,20919,21054,20783,20918,21053 | 0.04     | 9.52     |
| 19  | 40         | 10000000 | 312500    | 238096   | 4096    | 128   | 32   | io_uring | 12        | 16  | decrease  | asc         | asc        | 2          | 0.59                    | 0.63              | 6   | 27609,27729,27849,27608,27728,27848 | 0.04     | 6.78     |
| 19  | 40         | 10000000 | 312500    | 238096   | 4096    | 128   | 32   | worker   | 12        | 16  | decrease  | asc         | asc        | 8          | 1.26                    | 1.3               | 6   | 26899,27019,27139,26898,27018,27138 | 0.04     | 3.17     |
| 20  | 40         | 10000000 | 312500    | 238096   | 4096    | 128   | 32   | io_uring | 12        | 16  | decrease  | desc        | asc        | 128        | 7.95                    | 7.99              | 6   | 29079,29199,29319,29078,29198,29318 | 0.04     | 0.5      |
| 20  | 40         | 10000000 | 312500    | 238096   | 4096    | 128   | 32   | worker   | 12        | 16  | decrease  | desc        | asc        | 4          | 0.94                    | 0.98              | 6   | 28334,28454,28574,28333,28453,28573 | 0.04     | 4.26     |
| 11  | 40         | 10000000 | 312500    | 238096   | 1024    | 0     | 32   | worker   | 12        | 16  | decrease  | asc         | asc        | 1          | 0.33                    | 0.37              | 6   | 14644,14764,14884,14643,14763,14883 | 0.04     | 12.12    |
| 13  | 20         | 10000000 | 2500000   | 476191   | 0       | 8     | 4    | io_uring | 12        | 16  | increase  | asc         | desc       | 1          | 0.27                    | 0.31              | 6   | 18739,18874,19009,18738,18873,19008 | 0.04     | 14.81    |
| 13  | 20         | 10000000 | 2500000   | 476191   | 0       | 8     | 4    | io_uring | 12        | 16  | increase  | asc         | desc       | 8          | 0.4                     | 0.44              | 6   | 18754,18889,19024,18753,18888,19023 | 0.04     | 10.0     |
| 15  | 20         | 10000000 | 2500000   | 476191   | 0       | 8     | 4    | io_uring | 12        | 16  | decrease  | asc         | desc       | 2          | 0.37                    | 0.41              | 6   | 21984,22119,22254,21983,22118,22253 | 0.04     | 10.81    |
| 15  | 20         | 10000000 | 2500000   | 476191   | 0       | 8     | 4    | io_uring | 12        | 16  | decrease  | asc         | desc       | 4          | 0.38                    | 0.42              | 6   | 21989,22124,22259,21988,22123,22258 | 0.04     | 10.53    |
| 16  | 20         | 10000000 | 2500000   | 476191   | 0       | 8     | 4    | io_uring | 12        | 16  | decrease  | desc        | desc       | 2          | 0.25                    | 0.29              | 6   | 23604,23739,23874,23603,23738,23873 | 0.04     | 16.0     |
| 10  | 40         | 10000000 | 312500    | 238096   | 1024    | 0     | 32   | io_uring | 12        | 16  | increase  | desc        | desc       | 2          | 0.54                    | 0.58              | 6   | 14289,14409,14529,14288,14408,14528 | 0.04     | 7.41     |
| 17  | 40         | 10000000 | 312500    | 238096   | 4096    | 128   | 32   | worker   | 12        | 16  | increase  | asc         | asc        | 4          | 0.8                     | 0.84              | 6   | 24014,24134,24254,24013,24133,24253 | 0.04     | 5.0      |
| 20  | 40         | 10000000 | 312500    | 238096   | 4096    | 128   | 32   | io_uring | 12        | 16  | decrease  | desc        | asc        | 4          | 1.12                    | 1.16              | 6   | 29054,29174,29294,29053,29173,29293 | 0.04     | 3.57     |
| 2   | 100        | 10000000 | 625000    | 93458    | 16384   | 8     | 16   | io_uring | 12        | 16  | increase  | desc        | desc       | 128036     | 199.47                  | 199.51            | 6   | 2714,2839,2964,2713,2838,2963       | 0.04     | 0.02     |
| 3   | 100        | 10000000 | 625000    | 93458    | 16384   | 8     | 16   | worker   | 12        | 16  | decrease  | asc         | asc        | 440536     | 561.24                  | 561.28            | 6   | 3114,3239,3364,3113,3238,3363       | 0.04     | 0.01     |
| 2   | 100        | 10000000 | 625000    | 93458    | 16384   | 8     | 16   | worker   | 12        | 16  | increase  | desc        | asc        | 16         | 0.97                    | 1.0               | 6   | 1524,1649,1774,1523,1648,1773       | 0.03     | 3.09     |
| 2   | 100        | 10000000 | 625000    | 93458    | 16384   | 8     | 16   | worker   | 12        | 16  | increase  | desc        | asc        | 32         | 1.18                    | 1.21              | 6   | 1529,1654,1779,1528,1653,1778       | 0.03     | 2.54     |
| 3   | 100        | 10000000 | 625000    | 93458    | 16384   | 8     | 16   | io_uring | 12        | 16  | decrease  | asc         | desc       | 8          | 0.71                    | 0.74              | 6   | 4144,4269,4394,4143,4268,4393       | 0.03     | 4.23     |
| 4   | 100        | 10000000 | 625000    | 93458    | 16384   | 8     | 16   | io_uring | 12        | 16  | decrease  | desc        | desc       | 4          | 0.49                    | 0.52              | 6   | 5639,5764,5889,5638,5763,5888       | 0.03     | 6.12     |
| 5   | 80         | 10000000 | 312500    | 117648   | 16384   | 2048  | 32   | worker   | 12        | 16  | increase  | asc         | asc        | 1          | 0.62                    | 0.65              | 6   | 6004,6124,6244,6003,6123,6243       | 0.03     | 4.84     |
| 7   | 80         | 10000000 | 312500    | 117648   | 16384   | 2048  | 32   | io_uring | 12        | 16  | decrease  | asc         | asc        | 1          | 0.63                    | 0.66              | 6   | 9604,9724,9844,9603,9723,9843       | 0.03     | 4.76     |
| 11  | 40         | 10000000 | 312500    | 238096   | 1024    | 0     | 32   | worker   | 12        | 16  | decrease  | asc         | desc       | 8          | 0.88                    | 0.91              | 6   | 15019,15139,15259,15018,15138,15258 | 0.03     | 3.41     |
| 13  | 20         | 10000000 | 2500000   | 476191   | 0       | 8     | 4    | io_uring | 12        | 16  | increase  | asc         | desc       | 4          | 0.31                    | 0.34              | 6   | 18749,18884,19019,18748,18883,19018 | 0.03     | 9.68     |
| 13  | 20         | 10000000 | 2500000   | 476191   | 0       | 8     | 4    | worker   | 12        | 16  | increase  | asc         | desc       | 4          | 0.3                     | 0.33              | 6   | 17939,18074,18209,17938,18073,18208 | 0.03     | 10.0     |
| 17  | 40         | 10000000 | 312500    | 238096   | 4096    | 128   | 32   | worker   | 12        | 16  | increase  | asc         | desc       | 4          | 1.0                     | 1.03              | 6   | 24374,24494,24614,24373,24493,24613 | 0.03     | 3.0      |
| 18  | 40         | 10000000 | 312500    | 238096   | 4096    | 128   | 32   | worker   | 12        | 16  | increase  | desc        | desc       | 2          | 0.53                    | 0.56              | 6   | 25809,25929,26049,25808,25928,26048 | 0.03     | 5.66     |
| 20  | 40         | 10000000 | 312500    | 238096   | 4096    | 128   | 32   | io_uring | 12        | 16  | decrease  | desc        | asc        | 2          | 0.77                    | 0.8               | 6   | 29049,29169,29289,29048,29168,29288 | 0.03     | 3.9      |
| 2   | 100        | 10000000 | 625000    | 93458    | 16384   | 8     | 16   | worker   | 12        | 16  | increase  | desc        | desc       | 4          | 0.45                    | 0.48              | 6   | 1889,2014,2139,1888,2013,2138       | 0.03     | 6.67     |
| 11  | 40         | 10000000 | 312500    | 238096   | 1024    | 0     | 32   | io_uring | 12        | 16  | decrease  | asc         | asc        | 1          | 0.38                    | 0.41              | 6   | 15364,15484,15604,15363,15483,15603 | 0.03     | 7.89     |
| 12  | 40         | 10000000 | 312500    | 238096   | 1024    | 0     | 32   | io_uring | 12        | 16  | decrease  | desc        | asc        | 2          | 0.45                    | 0.48              | 6   | 16809,16929,17049,16808,16928,17048 | 0.03     | 6.67     |
| 12  | 40         | 10000000 | 312500    | 238096   | 1024    | 0     | 32   | io_uring | 12        | 16  | decrease  | desc        | desc       | 1          | 0.38                    | 0.41              | 6   | 17164,17284,17404,17163,17283,17403 | 0.03     | 7.89     |
| 14  | 20         | 10000000 | 2500000   | 476191   | 0       | 8     | 4    | worker   | 12        | 16  | increase  | desc        | asc        | 4          | 0.28                    | 0.31              | 6   | 19154,19289,19424,19153,19288,19423 | 0.03     | 10.71    |
| 14  | 20         | 10000000 | 2500000   | 476191   | 0       | 8     | 4    | worker   | 12        | 16  | increase  | desc        | desc       | 16         | 0.44                    | 0.47              | 6   | 19569,19704,19839,19568,19703,19838 | 0.03     | 6.82     |
| 16  | 20         | 10000000 | 2500000   | 476191   | 0       | 8     | 4    | worker   | 12        | 16  | decrease  | desc        | desc       | 8          | 0.34                    | 0.37              | 6   | 22804,22939,23074,22803,22938,23073 | 0.03     | 8.82     |
| 15  | 20         | 10000000 | 2500000   | 476191   | 0       | 8     | 4    | worker   | 12        | 16  | decrease  | asc         | desc       | 128        | 0.92                    | 0.95              | 6   | 21204,21339,21474,21203,21338,21473 | 0.03     | 3.26     |
| 16  | 20         | 10000000 | 2500000   | 476191   | 0       | 8     | 4    | worker   | 12        | 16  | decrease  | desc        | desc       | 32         | 0.55                    | 0.58              | 6   | 22814,22949,23084,22813,22948,23083 | 0.03     | 5.45     |
| 4   | 100        | 10000000 | 625000    | 93458    | 16384   | 8     | 16   | worker   | 12        | 16  | decrease  | desc        | desc       | 128        | 1.86                    | 1.89              | 6   | 4914,5039,5164,4913,5038,5163       | 0.03     | 1.61     |
| 1   | 100        | 10000000 | 625000    | 93458    | 16384   | 8     | 16   | io_uring | 12        | 16  | increase  | asc         | asc        | 8          | 0.86                    | 0.88              | 6   | 769,894,1019,768,893,1018           | 0.02     | 2.33     |
| 2   | 100        | 10000000 | 625000    | 93458    | 16384   | 8     | 16   | worker   | 12        | 16  | increase  | desc        | asc        | 8          | 0.66                    | 0.68              | 6   | 1519,1644,1769,1518,1643,1768       | 0.02     | 3.03     |
| 3   | 100        | 10000000 | 625000    | 93458    | 16384   | 8     | 16   | io_uring | 12        | 16  | decrease  | asc         | asc        | 32         | 1.38                    | 1.4               | 6   | 3779,3904,4029,3778,3903,4028       | 0.02     | 1.45     |
| 3   | 100        | 10000000 | 625000    | 93458    | 16384   | 8     | 16   | worker   | 12        | 16  | decrease  | asc         | asc        | 8          | 0.71                    | 0.73              | 6   | 3019,3144,3269,3018,3143,3268       | 0.02     | 2.82     |
| 4   | 100        | 10000000 | 625000    | 93458    | 16384   | 8     | 16   | worker   | 12        | 16  | decrease  | desc        | asc        | 1          | 0.26                    | 0.28              | 6   | 4504,4629,4754,4503,4628,4753       | 0.02     | 7.69     |
| 4   | 100        | 10000000 | 625000    | 93458    | 16384   | 8     | 16   | worker   | 12        | 16  | decrease  | desc        | asc        | 2          | 0.32                    | 0.34              | 6   | 4509,4634,4759,4508,4633,4758       | 0.02     | 6.25     |
| 4   | 100        | 10000000 | 625000    | 93458    | 16384   | 8     | 16   | worker   | 12        | 16  | decrease  | desc        | asc        | 128        | 2.22                    | 2.24              | 6   | 4539,4664,4789,4538,4663,4788       | 0.02     | 0.9      |
| 8   | 80         | 10000000 | 312500    | 117648   | 16384   | 2048  | 32   | worker   | 12        | 16  | decrease  | desc        | desc       | 1          | 0.65                    | 0.67              | 6   | 10684,10804,10924,10683,10803,10923 | 0.02     | 3.08     |
| 9   | 40         | 10000000 | 312500    | 238096   | 1024    | 0     | 32   | io_uring | 12        | 16  | increase  | asc         | asc        | 1          | 0.37                    | 0.39              | 6   | 12484,12604,12724,12483,12603,12723 | 0.02     | 5.41     |
| 9   | 40         | 10000000 | 312500    | 238096   | 1024    | 0     | 32   | worker   | 12        | 16  | increase  | asc         | desc       | 4          | 0.59                    | 0.61              | 6   | 12134,12254,12374,12133,12253,12373 | 0.02     | 3.39     |
| 11  | 40         | 10000000 | 312500    | 238096   | 1024    | 0     | 32   | worker   | 12        | 16  | decrease  | asc         | desc       | 4          | 0.63                    | 0.65              | 6   | 15014,15134,15254,15013,15133,15253 | 0.02     | 3.17     |
| 11  | 40         | 10000000 | 312500    | 238096   | 1024    | 0     | 32   | worker   | 12        | 16  | decrease  | asc         | desc       | 32         | 1.58                    | 1.6               | 6   | 15029,15149,15269,15028,15148,15268 | 0.02     | 1.27     |
| 13  | 20         | 10000000 | 2500000   | 476191   | 0       | 8     | 4    | worker   | 12        | 16  | increase  | asc         | asc        | 128        | 0.75                    | 0.77              | 6   | 17559,17694,17829,17558,17693,17828 | 0.02     | 2.67     |
| 14  | 20         | 10000000 | 2500000   | 476191   | 0       | 8     | 4    | worker   | 12        | 16  | increase  | desc        | asc        | 32         | 0.51                    | 0.53              | 6   | 19169,19304,19439,19168,19303,19438 | 0.02     | 3.92     |
| 14  | 20         | 10000000 | 2500000   | 476191   | 0       | 8     | 4    | worker   | 12        | 16  | increase  | desc        | asc        | 64         | 0.57                    | 0.59              | 6   | 19174,19309,19444,19173,19308,19443 | 0.02     | 3.51     |
| 14  | 20         | 10000000 | 2500000   | 476191   | 0       | 8     | 4    | worker   | 12        | 16  | increase  | desc        | desc       | 4          | 0.29                    | 0.31              | 6   | 19559,19694,19829,19558,19693,19828 | 0.02     | 6.9      |
| 14  | 20         | 10000000 | 2500000   | 476191   | 0       | 8     | 4    | worker   | 12        | 16  | increase  | desc        | desc       | 8          | 0.36                    | 0.38              | 6   | 19564,19699,19834,19563,19698,19833 | 0.02     | 5.56     |
| 15  | 20         | 10000000 | 2500000   | 476191   | 0       | 8     | 4    | worker   | 12        | 16  | decrease  | asc         | desc       | 32         | 0.51                    | 0.53              | 6   | 21194,21329,21464,21193,21328,21463 | 0.02     | 3.92     |
| 20  | 40         | 10000000 | 312500    | 238096   | 4096    | 128   | 32   | io_uring | 12        | 16  | decrease  | desc        | desc       | 1          | 0.44                    | 0.46              | 6   | 29404,29524,29644,29403,29523,29643 | 0.02     | 4.55     |
| 12  | 40         | 10000000 | 312500    | 238096   | 1024    | 0     | 32   | worker   | 12        | 16  | decrease  | desc        | desc       | 1          | 0.34                    | 0.36              | 6   | 16444,16564,16684,16443,16563,16683 | 0.02     | 5.88     |
| 13  | 20         | 10000000 | 2500000   | 476191   | 0       | 8     | 4    | worker   | 12        | 16  | increase  | asc         | desc       | 2          | 0.28                    | 0.3               | 6   | 17934,18069,18204,17933,18068,18203 | 0.02     | 7.14     |
| 14  | 20         | 10000000 | 2500000   | 476191   | 0       | 8     | 4    | io_uring | 12        | 16  | increase  | desc        | desc       | 1          | 0.28                    | 0.3               | 6   | 20359,20494,20629,20358,20493,20628 | 0.02     | 7.14     |
| 4   | 100        | 10000000 | 625000    | 93458    | 16384   | 8     | 16   | worker   | 12        | 16  | decrease  | desc        | asc        | 8          | 0.68                    | 0.7               | 6   | 4519,4644,4769,4518,4643,4768       | 0.02     | 2.94     |
| 10  | 40         | 10000000 | 312500    | 238096   | 1024    | 0     | 32   | worker   | 12        | 16  | increase  | desc        | asc        | 8          | 0.81                    | 0.83              | 6   | 13219,13339,13459,13218,13338,13458 | 0.02     | 2.47     |
| 8   | 80         | 10000000 | 312500    | 117648   | 16384   | 2048  | 32   | worker   | 12        | 16  | decrease  | desc        | asc        | 32         | 9.07                    | 9.09              | 6   | 10349,10469,10589,10348,10468,10588 | 0.02     | 0.22     |
| 16  | 20         | 10000000 | 2500000   | 476191   | 0       | 8     | 4    | worker   | 12        | 16  | decrease  | desc        | asc        | 4096       | 13.63                   | 13.65             | 6   | 22444,22579,22714,22443,22578,22713 | 0.02     | 0.15     |
| 17  | 40         | 10000000 | 312500    | 238096   | 4096    | 128   | 32   | io_uring | 12        | 16  | increase  | asc         | desc       | 128        | 8.38                    | 8.4               | 6   | 25119,25239,25359,25118,25238,25358 | 0.02     | 0.24     |
| 1   | 100        | 10000000 | 625000    | 93458    | 16384   | 8     | 16   | io_uring | 12        | 16  | increase  | asc         | asc        | 1          | 0.33                    | 0.34              | 6   | 754,879,1004,753,878,1003           | 0.01     | 3.03     |
| 1   | 100        | 10000000 | 625000    | 93458    | 16384   | 8     | 16   | worker   | 12        | 16  | increase  | asc         | asc        | 2          | 0.35                    | 0.36              | 6   | 9,134,259,8,133,258                 | 0.01     | 2.86     |
| 4   | 100        | 10000000 | 625000    | 93458    | 16384   | 8     | 16   | io_uring | 12        | 16  | decrease  | desc        | desc       | 1          | 0.32                    | 0.33              | 6   | 5629,5754,5879,5628,5753,5878       | 0.01     | 3.13     |
| 4   | 100        | 10000000 | 625000    | 93458    | 16384   | 8     | 16   | io_uring | 12        | 16  | decrease  | desc        | desc       | 2          | 0.37                    | 0.38              | 6   | 5634,5759,5884,5633,5758,5883       | 0.01     | 2.7      |
| 5   | 80         | 10000000 | 312500    | 117648   | 16384   | 2048  | 32   | worker   | 12        | 16  | increase  | asc         | asc        | 2          | 0.98                    | 0.99              | 6   | 6009,6129,6249,6008,6128,6248       | 0.01     | 1.02     |
| 9   | 40         | 10000000 | 312500    | 238096   | 1024    | 0     | 32   | worker   | 12        | 16  | increase  | asc         | asc        | 4          | 0.62                    | 0.63              | 6   | 11774,11894,12014,11773,11893,12013 | 0.01     | 1.61     |
| 9   | 40         | 10000000 | 312500    | 238096   | 1024    | 0     | 32   | worker   | 12        | 16  | increase  | asc         | desc       | 2          | 0.45                    | 0.46              | 6   | 12129,12249,12369,12128,12248,12368 | 0.01     | 2.22     |
| 10  | 40         | 10000000 | 312500    | 238096   | 1024    | 0     | 32   | worker   | 12        | 16  | increase  | desc        | asc        | 2          | 0.44                    | 0.45              | 6   | 13209,13329,13449,13208,13328,13448 | 0.01     | 2.27     |
| 11  | 40         | 10000000 | 312500    | 238096   | 1024    | 0     | 32   | io_uring | 12        | 16  | decrease  | asc         | asc        | 2          | 0.5                     | 0.51              | 6   | 15369,15489,15609,15368,15488,15608 | 0.01     | 2.0      |
| 14  | 20         | 10000000 | 2500000   | 476191   | 0       | 8     | 4    | io_uring | 12        | 16  | increase  | desc        | asc        | 32         | 0.53                    | 0.54              | 6   | 19979,20114,20249,19978,20113,20248 | 0.01     | 1.89     |
| 14  | 20         | 10000000 | 2500000   | 476191   | 0       | 8     | 4    | io_uring | 12        | 16  | increase  | desc        | desc       | 8          | 0.35                    | 0.36              | 6   | 20374,20509,20644,20373,20508,20643 | 0.01     | 2.86     |
| 14  | 20         | 10000000 | 2500000   | 476191   | 0       | 8     | 4    | io_uring | 12        | 16  | increase  | desc        | desc       | 16         | 0.45                    | 0.46              | 6   | 20379,20514,20649,20378,20513,20648 | 0.01     | 2.22     |
| 16  | 20         | 10000000 | 2500000   | 476191   | 0       | 8     | 4    | io_uring | 12        | 16  | decrease  | desc        | desc       | 16         | 0.39                    | 0.4               | 6   | 23619,23754,23889,23618,23753,23888 | 0.01     | 2.56     |
| 16  | 20         | 10000000 | 2500000   | 476191   | 0       | 8     | 4    | io_uring | 12        | 16  | decrease  | desc        | desc       | 32         | 0.5                     | 0.51              | 6   | 23624,23759,23894,23623,23758,23893 | 0.01     | 2.0      |
| 16  | 20         | 10000000 | 2500000   | 476191   | 0       | 8     | 4    | io_uring | 12        | 16  | decrease  | desc        | desc       | 64         | 0.61                    | 0.62              | 6   | 23629,23764,23899,23628,23763,23898 | 0.01     | 1.64     |
| 16  | 20         | 10000000 | 2500000   | 476191   | 0       | 8     | 4    | io_uring | 12        | 16  | decrease  | desc        | desc       | 128        | 0.8                     | 0.81              | 6   | 23634,23769,23904,23633,23768,23903 | 0.01     | 1.25     |
| 16  | 20         | 10000000 | 2500000   | 476191   | 0       | 8     | 4    | worker   | 12        | 16  | decrease  | desc        | asc        | 256        | 1.68                    | 1.69              | 6   | 22424,22559,22694,22423,22558,22693 | 0.01     | 0.6      |
| 18  | 40         | 10000000 | 312500    | 238096   | 4096    | 128   | 32   | io_uring | 12        | 16  | increase  | desc        | desc       | 1          | 0.43                    | 0.44              | 6   | 26524,26644,26764,26523,26643,26763 | 0.01     | 2.33     |
| 19  | 40         | 10000000 | 312500    | 238096   | 4096    | 128   | 32   | io_uring | 12        | 16  | decrease  | asc         | desc       | 2          | 0.79                    | 0.8               | 6   | 27969,28089,28209,27968,28088,28208 | 0.01     | 1.27     |
| 19  | 40         | 10000000 | 312500    | 238096   | 4096    | 128   | 32   | worker   | 12        | 16  | decrease  | asc         | desc       | 2          | 0.58                    | 0.59              | 6   | 27249,27369,27489,27248,27368,27488 | 0.01     | 1.72     |
| 4   | 100        | 10000000 | 625000    | 93458    | 16384   | 8     | 16   | io_uring | 12        | 16  | decrease  | desc        | asc        | 2          | 0.34                    | 0.35              | 6   | 5259,5384,5509,5258,5383,5508       | 0.01     | 2.94     |
| 16  | 20         | 10000000 | 2500000   | 476191   | 0       | 8     | 4    | io_uring | 12        | 16  | decrease  | desc        | desc       | 8          | 0.4                     | 0.41              | 6   | 23614,23749,23884,23613,23748,23883 | 0.01     | 2.5      |
| 16  | 20         | 10000000 | 2500000   | 476191   | 0       | 8     | 4    | worker   | 12        | 16  | decrease  | desc        | asc        | 32         | 0.56                    | 0.57              | 6   | 22409,22544,22679,22408,22543,22678 | 0.01     | 1.79     |
| 18  | 40         | 10000000 | 312500    | 238096   | 4096    | 128   | 32   | io_uring | 12        | 16  | increase  | desc        | asc        | 2          | 0.68                    | 0.69              | 6   | 26169,26289,26409,26168,26288,26408 | 0.01     | 1.47     |
| 13  | 20         | 10000000 | 2500000   | 476191   | 0       | 8     | 4    | io_uring | 12        | 16  | increase  | asc         | asc        | 2048       | 3.18                    | 3.19              | 6   | 18389,18524,18659,18388,18523,18658 | 0.01     | 0.31     |
| 2   | 100        | 10000000 | 625000    | 93458    | 16384   | 8     | 16   | worker   | 12        | 16  | increase  | desc        | desc       | 2          | 0.36                    | 0.36              | 6   | 1884,2009,2134,1883,2008,2133       | 0.0      | 0.0      |
| 3   | 100        | 10000000 | 625000    | 93458    | 16384   | 8     | 16   | io_uring | 12        | 16  | decrease  | asc         | asc        | 1          | 0.33                    | 0.33              | 6   | 3754,3879,4004,3753,3878,4003       | 0.0      | 0.0      |
| 3   | 100        | 10000000 | 625000    | 93458    | 16384   | 8     | 16   | io_uring | 12        | 16  | decrease  | asc         | desc       | 1          | 0.3                     | 0.3               | 6   | 4129,4254,4379,4128,4253,4378       | 0.0      | 0.0      |
| 3   | 100        | 10000000 | 625000    | 93458    | 16384   | 8     | 16   | worker   | 12        | 16  | decrease  | asc         | desc       | 2          | 0.35                    | 0.35              | 6   | 3384,3509,3634,3383,3508,3633       | 0.0      | 0.0      |
| 3   | 100        | 10000000 | 625000    | 93458    | 16384   | 8     | 16   | worker   | 12        | 16  | decrease  | asc         | desc       | 8          | 0.76                    | 0.76              | 6   | 3394,3519,3644,3393,3518,3643       | 0.0      | 0.0      |
| 4   | 100        | 10000000 | 625000    | 93458    | 16384   | 8     | 16   | worker   | 12        | 16  | decrease  | desc        | asc        | 4          | 0.43                    | 0.43              | 6   | 4514,4639,4764,4513,4638,4763       | 0.0      | 0.0      |
| 9   | 40         | 10000000 | 312500    | 238096   | 1024    | 0     | 32   | io_uring | 12        | 16  | increase  | asc         | asc        | 512        | 5.21                    | 5.21              | 6   | 12529,12649,12769,12528,12648,12768 | 0.0      | 0.0      |
| 9   | 40         | 10000000 | 312500    | 238096   | 1024    | 0     | 32   | io_uring | 12        | 16  | increase  | asc         | desc       | 2          | 0.47                    | 0.47              | 6   | 12849,12969,13089,12848,12968,13088 | 0.0      | 0.0      |
| 10  | 40         | 10000000 | 312500    | 238096   | 1024    | 0     | 32   | io_uring | 12        | 16  | increase  | desc        | desc       | 512        | 5.41                    | 5.41              | 6   | 14329,14449,14569,14328,14448,14568 | 0.0      | 0.0      |
| 10  | 40         | 10000000 | 312500    | 238096   | 1024    | 0     | 32   | worker   | 12        | 16  | increase  | desc        | asc        | 1          | 0.32                    | 0.32              | 6   | 13204,13324,13444,13203,13323,13443 | 0.0      | 0.0      |
| 11  | 40         | 10000000 | 312500    | 238096   | 1024    | 0     | 32   | io_uring | 12        | 16  | decrease  | asc         | desc       | 1          | 0.43                    | 0.43              | 6   | 15724,15844,15964,15723,15843,15963 | 0.0      | 0.0      |
| 13  | 20         | 10000000 | 2500000   | 476191   | 0       | 8     | 4    | io_uring | 12        | 16  | increase  | asc         | asc        | 64         | 0.57                    | 0.57              | 6   | 18364,18499,18634,18363,18498,18633 | 0.0      | 0.0      |
| 13  | 20         | 10000000 | 2500000   | 476191   | 0       | 8     | 4    | worker   | 12        | 16  | increase  | asc         | asc        | 4          | 0.32                    | 0.32              | 6   | 17534,17669,17804,17533,17668,17803 | 0.0      | 0.0      |
| 13  | 20         | 10000000 | 2500000   | 476191   | 0       | 8     | 4    | worker   | 12        | 16  | increase  | asc         | asc        | 16         | 0.34                    | 0.34              | 6   | 17544,17679,17814,17543,17678,17813 | 0.0      | 0.0      |
| 13  | 20         | 10000000 | 2500000   | 476191   | 0       | 8     | 4    | worker   | 12        | 16  | increase  | asc         | asc        | 32         | 0.49                    | 0.49              | 6   | 17549,17684,17819,17548,17683,17818 | 0.0      | 0.0      |
| 15  | 20         | 10000000 | 2500000   | 476191   | 0       | 8     | 4    | io_uring | 12        | 16  | decrease  | asc         | desc       | 8          | 0.4                     | 0.4               | 6   | 21994,22129,22264,21993,22128,22263 | 0.0      | 0.0      |
| 15  | 20         | 10000000 | 2500000   | 476191   | 0       | 8     | 4    | io_uring | 12        | 16  | decrease  | asc         | desc       | 32         | 0.59                    | 0.59              | 6   | 22004,22139,22274,22003,22138,22273 | 0.0      | 0.0      |
| 15  | 20         | 10000000 | 2500000   | 476191   | 0       | 8     | 4    | worker   | 12        | 16  | decrease  | asc         | asc        | 4          | 0.3                     | 0.3               | 6   | 20774,20909,21044,20773,20908,21043 | 0.0      | 0.0      |
| 16  | 20         | 10000000 | 2500000   | 476191   | 0       | 8     | 4    | worker   | 12        | 16  | decrease  | desc        | asc        | 1          | 0.27                    | 0.27              | 6   | 22384,22519,22654,22383,22518,22653 | 0.0      | 0.0      |
| 16  | 20         | 10000000 | 2500000   | 476191   | 0       | 8     | 4    | worker   | 12        | 16  | decrease  | desc        | asc        | 2          | 0.24                    | 0.24              | 6   | 22389,22524,22659,22388,22523,22658 | 0.0      | 0.0      |
| 16  | 20         | 10000000 | 2500000   | 476191   | 0       | 8     | 4    | worker   | 12        | 16  | decrease  | desc        | asc        | 4          | 0.27                    | 0.27              | 6   | 22394,22529,22664,22393,22528,22663 | 0.0      | 0.0      |
| 17  | 40         | 10000000 | 312500    | 238096   | 4096    | 128   | 32   | io_uring | 12        | 16  | increase  | asc         | desc       | 8          | 2.39                    | 2.39              | 6   | 25099,25219,25339,25098,25218,25338 | 0.0      | 0.0      |
| 17  | 40         | 10000000 | 312500    | 238096   | 4096    | 128   | 32   | io_uring | 12        | 16  | increase  | asc         | desc       | 64         | 6.18                    | 6.18              | 6   | 25114,25234,25354,25113,25233,25353 | 0.0      | 0.0      |
| 18  | 40         | 10000000 | 312500    | 238096   | 4096    | 128   | 32   | io_uring | 12        | 16  | increase  | desc        | desc       | 2          | 0.6                     | 0.6               | 6   | 26529,26649,26769,26528,26648,26768 | 0.0      | 0.0      |
| 19  | 40         | 10000000 | 312500    | 238096   | 4096    | 128   | 32   | io_uring | 12        | 16  | decrease  | asc         | asc        | 4096       | 25.6                    | 25.6              | 6   | 27664,27784,27904,27663,27783,27903 | 0.0      | 0.0      |
| 19  | 40         | 10000000 | 312500    | 238096   | 4096    | 128   | 32   | io_uring | 12        | 16  | decrease  | asc         | desc       | 8          | 1.96                    | 1.96              | 6   | 27979,28099,28219,27978,28098,28218 | 0.0      | 0.0      |
| 19  | 40         | 10000000 | 312500    | 238096   | 4096    | 128   | 32   | worker   | 12        | 16  | decrease  | asc         | asc        | 1          | 0.37                    | 0.37              | 6   | 26884,27004,27124,26883,27003,27123 | 0.0      | 0.0      |
| 20  | 40         | 10000000 | 312500    | 238096   | 4096    | 128   | 32   | worker   | 12        | 16  | decrease  | desc        | desc       | 8          | 1.31                    | 1.31              | 6   | 28699,28819,28939,28698,28818,28938 | 0.0      | 0.0      |
| 21  | 80         | 10000000 | 10000000  | 117648   | 1048576 | 128   | 1    | io_uring | 12        | 16  | increase  | asc         | desc       | 1          | 0.26                    | 0.26              | 4   | 31069,31214,31068,31213             | 0.0      | 0.0      |
| 21  | 80         | 10000000 | 10000000  | 117648   | 1048576 | 128   | 1    | worker   | 12        | 16  | increase  | asc         | desc       | 1          | 0.23                    | 0.23              | 6   | 30199,30344,30489,30198,30343,30488 | 0.0      | 0.0      |
| 21  | 80         | 10000000 | 10000000  | 117648   | 1048576 | 128   | 1    | worker   | 12        | 16  | increase  | asc         | desc       | 8          | 0.57                    | 0.57              | 6   | 30214,30359,30504,30213,30358,30503 | 0.0      | 0.0      |
| 16  | 20         | 10000000 | 2500000   | 476191   | 0       | 8     | 4    | io_uring | 12        | 16  | decrease  | desc        | asc        | 32768      | 140.66                  | 140.65            | 6   | 23269,23404,23539,23268,23403,23538 | -0.01    | -0.01    |
| 4   | 100        | 10000000 | 625000    | 93458    | 16384   | 8     | 16   | worker   | 12        | 16  | decrease  | desc        | asc        | 512        | 4.84                    | 4.83              | 6   | 4549,4674,4799,4548,4673,4798       | -0.01    | -0.21    |
| 18  | 40         | 10000000 | 312500    | 238096   | 4096    | 128   | 32   | io_uring | 12        | 16  | increase  | desc        | desc       | 512        | 7.68                    | 7.67              | 6   | 26569,26689,26809,26568,26688,26808 | -0.01    | -0.13    |
| 18  | 40         | 10000000 | 312500    | 238096   | 4096    | 128   | 32   | worker   | 12        | 16  | increase  | desc        | desc       | 128        | 3.21                    | 3.2               | 6   | 25839,25959,26079,25838,25958,26078 | -0.01    | -0.31    |
| 4   | 100        | 10000000 | 625000    | 93458    | 16384   | 8     | 16   | io_uring | 12        | 16  | decrease  | desc        | desc       | 8          | 0.82                    | 0.81              | 6   | 5644,5769,5894,5643,5768,5893       | -0.01    | -1.22    |
| 3   | 100        | 10000000 | 625000    | 93458    | 16384   | 8     | 16   | worker   | 12        | 16  | decrease  | asc         | desc       | 1          | 0.29                    | 0.28              | 6   | 3379,3504,3629,3378,3503,3628       | -0.01    | -3.45    |
| 4   | 100        | 10000000 | 625000    | 93458    | 16384   | 8     | 16   | worker   | 12        | 16  | decrease  | desc        | desc       | 4          | 0.47                    | 0.46              | 6   | 4889,5014,5139,4888,5013,5138       | -0.01    | -2.13    |
| 9   | 40         | 10000000 | 312500    | 238096   | 1024    | 0     | 32   | worker   | 12        | 16  | increase  | asc         | asc        | 1          | 0.35                    | 0.34              | 6   | 11764,11884,12004,11763,11883,12003 | -0.01    | -2.86    |
| 13  | 20         | 10000000 | 2500000   | 476191   | 0       | 8     | 4    | io_uring | 12        | 16  | increase  | asc         | desc       | 2          | 0.35                    | 0.34              | 6   | 18744,18879,19014,18743,18878,19013 | -0.01    | -2.86    |
| 1   | 100        | 10000000 | 625000    | 93458    | 16384   | 8     | 16   | worker   | 12        | 16  | increase  | asc         | asc        | 1          | 0.27                    | 0.26              | 6   | 4,129,254,3,128,253                 | -0.01    | -3.7     |
| 2   | 100        | 10000000 | 625000    | 93458    | 16384   | 8     | 16   | io_uring | 12        | 16  | increase  | desc        | asc        | 1          | 0.3                     | 0.29              | 6   | 2254,2379,2504,2253,2378,2503       | -0.01    | -3.33    |
| 2   | 100        | 10000000 | 625000    | 93458    | 16384   | 8     | 16   | io_uring | 12        | 16  | increase  | desc        | asc        | 2          | 0.37                    | 0.36              | 6   | 2259,2384,2509,2258,2383,2508       | -0.01    | -2.7     |
| 2   | 100        | 10000000 | 625000    | 93458    | 16384   | 8     | 16   | io_uring | 12        | 16  | increase  | desc        | desc       | 1          | 0.34                    | 0.33              | 6   | 2629,2754,2879,2628,2753,2878       | -0.01    | -2.94    |
| 2   | 100        | 10000000 | 625000    | 93458    | 16384   | 8     | 16   | worker   | 12        | 16  | increase  | desc        | desc       | 1          | 0.31                    | 0.3               | 6   | 1879,2004,2129,1878,2003,2128       | -0.01    | -3.23    |
| 2   | 100        | 10000000 | 625000    | 93458    | 16384   | 8     | 16   | worker   | 12        | 16  | increase  | desc        | desc       | 8          | 0.7                     | 0.69              | 6   | 1894,2019,2144,1893,2018,2143       | -0.01    | -1.43    |
| 3   | 100        | 10000000 | 625000    | 93458    | 16384   | 8     | 16   | io_uring | 12        | 16  | decrease  | asc         | asc        | 4          | 0.49                    | 0.48              | 6   | 3764,3889,4014,3763,3888,4013       | -0.01    | -2.04    |
| 3   | 100        | 10000000 | 625000    | 93458    | 16384   | 8     | 16   | worker   | 12        | 16  | decrease  | asc         | asc        | 4          | 0.45                    | 0.44              | 6   | 3014,3139,3264,3013,3138,3263       | -0.01    | -2.22    |
| 4   | 100        | 10000000 | 625000    | 93458    | 16384   | 8     | 16   | worker   | 12        | 16  | decrease  | desc        | desc       | 1          | 0.34                    | 0.33              | 6   | 4879,5004,5129,4878,5003,5128       | -0.01    | -2.94    |
| 7   | 80         | 10000000 | 312500    | 117648   | 16384   | 2048  | 32   | worker   | 12        | 16  | decrease  | asc         | asc        | 2          | 1.0                     | 0.99              | 6   | 8889,9009,9129,8888,9008,9128       | -0.01    | -1.0     |
| 7   | 80         | 10000000 | 312500    | 117648   | 16384   | 2048  | 32   | worker   | 12        | 16  | decrease  | asc         | asc        | 4          | 1.73                    | 1.72              | 6   | 8894,9014,9134,8893,9013,9133       | -0.01    | -0.58    |
| 8   | 80         | 10000000 | 312500    | 117648   | 16384   | 2048  | 32   | io_uring | 12        | 16  | decrease  | desc        | desc       | 1          | 0.74                    | 0.73              | 6   | 11404,11524,11644,11403,11523,11643 | -0.01    | -1.35    |
| 11  | 40         | 10000000 | 312500    | 238096   | 1024    | 0     | 32   | io_uring | 12        | 16  | decrease  | asc         | asc        | 16         | 1.28                    | 1.27              | 6   | 15384,15504,15624,15383,15503,15623 | -0.01    | -0.78    |
| 11  | 40         | 10000000 | 312500    | 238096   | 1024    | 0     | 32   | io_uring | 12        | 16  | decrease  | asc         | desc       | 2          | 0.51                    | 0.5               | 6   | 15729,15849,15969,15728,15848,15968 | -0.01    | -1.96    |
| 12  | 40         | 10000000 | 312500    | 238096   | 1024    | 0     | 32   | io_uring | 12        | 16  | decrease  | desc        | asc        | 1          | 0.39                    | 0.38              | 6   | 16804,16924,17044,16803,16923,17043 | -0.01    | -2.56    |
| 12  | 40         | 10000000 | 312500    | 238096   | 1024    | 0     | 32   | worker   | 12        | 16  | decrease  | desc        | asc        | 1          | 0.34                    | 0.33              | 6   | 16084,16204,16324,16083,16203,16323 | -0.01    | -2.94    |
| 13  | 20         | 10000000 | 2500000   | 476191   | 0       | 8     | 4    | io_uring | 12        | 16  | increase  | asc         | asc        | 1          | 0.3                     | 0.29              | 6   | 18334,18469,18604,18333,18468,18603 | -0.01    | -3.33    |
| 13  | 20         | 10000000 | 2500000   | 476191   | 0       | 8     | 4    | io_uring | 12        | 16  | increase  | asc         | asc        | 16         | 0.4                     | 0.39              | 6   | 18354,18489,18624,18353,18488,18623 | -0.01    | -2.5     |
| 14  | 20         | 10000000 | 2500000   | 476191   | 0       | 8     | 4    | io_uring | 12        | 16  | increase  | desc        | asc        | 256        | 0.87                    | 0.86              | 6   | 19994,20129,20264,19993,20128,20263 | -0.01    | -1.15    |
| 14  | 20         | 10000000 | 2500000   | 476191   | 0       | 8     | 4    | worker   | 12        | 16  | increase  | desc        | desc       | 1          | 0.27                    | 0.26              | 6   | 19549,19684,19819,19548,19683,19818 | -0.01    | -3.7     |
| 15  | 20         | 10000000 | 2500000   | 476191   | 0       | 8     | 4    | io_uring | 12        | 16  | decrease  | asc         | desc       | 16         | 0.44                    | 0.43              | 6   | 21999,22134,22269,21998,22133,22268 | -0.01    | -2.27    |
| 15  | 20         | 10000000 | 2500000   | 476191   | 0       | 8     | 4    | worker   | 12        | 16  | decrease  | asc         | desc       | 2          | 0.33                    | 0.32              | 6   | 21174,21309,21444,21173,21308,21443 | -0.01    | -3.03    |
| 15  | 20         | 10000000 | 2500000   | 476191   | 0       | 8     | 4    | worker   | 12        | 16  | decrease  | asc         | desc       | 4          | 0.37                    | 0.36              | 6   | 21179,21314,21449,21178,21313,21448 | -0.01    | -2.7     |
| 16  | 20         | 10000000 | 2500000   | 476191   | 0       | 8     | 4    | io_uring | 12        | 16  | decrease  | desc        | asc        | 4          | 0.34                    | 0.33              | 6   | 23204,23339,23474,23203,23338,23473 | -0.01    | -2.94    |
| 16  | 20         | 10000000 | 2500000   | 476191   | 0       | 8     | 4    | io_uring | 12        | 16  | decrease  | desc        | desc       | 1          | 0.3                     | 0.29              | 6   | 23599,23734,23869,23598,23733,23868 | -0.01    | -3.33    |
| 16  | 20         | 10000000 | 2500000   | 476191   | 0       | 8     | 4    | io_uring | 12        | 16  | decrease  | desc        | desc       | 1024       | 1.93                    | 1.92              | 6   | 23649,23784,23919,23648,23783,23918 | -0.01    | -0.52    |
| 17  | 40         | 10000000 | 312500    | 238096   | 4096    | 128   | 32   | worker   | 12        | 16  | increase  | asc         | asc        | 2          | 0.56                    | 0.55              | 6   | 24009,24129,24249,24008,24128,24248 | -0.01    | -1.79    |
| 19  | 40         | 10000000 | 312500    | 238096   | 4096    | 128   | 32   | io_uring | 12        | 16  | decrease  | asc         | asc        | 1          | 0.44                    | 0.43              | 6   | 27604,27724,27844,27603,27723,27843 | -0.01    | -2.27    |
| 19  | 40         | 10000000 | 312500    | 238096   | 4096    | 128   | 32   | worker   | 12        | 16  | decrease  | asc         | desc       | 4          | 1.07                    | 1.06              | 6   | 27254,27374,27494,27253,27373,27493 | -0.01    | -0.93    |
| 20  | 40         | 10000000 | 312500    | 238096   | 4096    | 128   | 32   | io_uring | 12        | 16  | decrease  | desc        | asc        | 1          | 0.58                    | 0.57              | 6   | 29044,29164,29284,29043,29163,29283 | -0.01    | -1.72    |
| 20  | 40         | 10000000 | 312500    | 238096   | 4096    | 128   | 32   | worker   | 12        | 16  | decrease  | desc        | desc       | 1          | 0.4                     | 0.39              | 6   | 28684,28804,28924,28683,28803,28923 | -0.01    | -2.5     |
| 21  | 80         | 10000000 | 10000000  | 117648   | 1048576 | 128   | 1    | worker   | 12        | 16  | increase  | asc         | asc        | 1          | 0.23                    | 0.22              | 6   | 29764,29909,30054,29763,29908,30053 | -0.01    | -4.35    |
| 21  | 80         | 10000000 | 10000000  | 117648   | 1048576 | 128   | 1    | worker   | 12        | 16  | increase  | asc         | asc        | 16         | 0.9                     | 0.89              | 6   | 29784,29929,30074,29783,29928,30073 | -0.01    | -1.11    |
| 21  | 80         | 10000000 | 10000000  | 117648   | 1048576 | 128   | 1    | worker   | 12        | 16  | increase  | asc         | desc       | 4          | 0.37                    | 0.36              | 6   | 30209,30354,30499,30208,30353,30498 | -0.01    | -2.7     |
| 8   | 80         | 10000000 | 312500    | 117648   | 16384   | 2048  | 32   | io_uring | 12        | 16  | decrease  | desc        | desc       | 2          | 1.13                    | 1.11              | 6   | 11409,11529,11649,11408,11528,11648 | -0.02    | -1.77    |
| 3   | 100        | 10000000 | 625000    | 93458    | 16384   | 8     | 16   | worker   | 12        | 16  | decrease  | asc         | asc        | 1          | 0.29                    | 0.27              | 6   | 3004,3129,3254,3003,3128,3253       | -0.02    | -6.9     |
| 15  | 20         | 10000000 | 2500000   | 476191   | 0       | 8     | 4    | worker   | 12        | 16  | decrease  | asc         | asc        | 8          | 0.36                    | 0.34              | 6   | 20779,20914,21049,20778,20913,21048 | -0.02    | -5.56    |
| 16  | 20         | 10000000 | 2500000   | 476191   | 0       | 8     | 4    | io_uring | 12        | 16  | decrease  | desc        | asc        | 2          | 0.3                     | 0.28              | 6   | 23199,23334,23469,23198,23333,23468 | -0.02    | -6.67    |
| 18  | 40         | 10000000 | 312500    | 238096   | 4096    | 128   | 32   | worker   | 12        | 16  | increase  | desc        | desc       | 1          | 0.41                    | 0.39              | 6   | 25804,25924,26044,25803,25923,26043 | -0.02    | -4.88    |
| 21  | 80         | 10000000 | 10000000  | 117648   | 1048576 | 128   | 1    | worker   | 12        | 16  | increase  | asc         | asc        | 4          | 0.36                    | 0.34              | 6   | 29774,29919,30064,29773,29918,30063 | -0.02    | -5.56    |
| 1   | 100        | 10000000 | 625000    | 93458    | 16384   | 8     | 16   | worker   | 12        | 16  | increase  | asc         | asc        | 4          | 0.46                    | 0.44              | 6   | 14,139,264,13,138,263               | -0.02    | -4.35    |
| 1   | 100        | 10000000 | 625000    | 93458    | 16384   | 8     | 16   | worker   | 12        | 16  | increase  | asc         | asc        | 32         | 1.52                    | 1.5               | 6   | 29,154,279,28,153,278               | -0.02    | -1.32    |
| 2   | 100        | 10000000 | 625000    | 93458    | 16384   | 8     | 16   | worker   | 12        | 16  | increase  | desc        | asc        | 1          | 0.32                    | 0.3               | 6   | 1504,1629,1754,1503,1628,1753       | -0.02    | -6.25    |
| 2   | 100        | 10000000 | 625000    | 93458    | 16384   | 8     | 16   | worker   | 12        | 16  | increase  | desc        | asc        | 2          | 0.32                    | 0.3               | 6   | 1509,1634,1759,1508,1633,1758       | -0.02    | -6.25    |
| 4   | 100        | 10000000 | 625000    | 93458    | 16384   | 8     | 16   | io_uring | 12        | 16  | decrease  | desc        | asc        | 1          | 0.32                    | 0.3               | 6   | 5254,5379,5504,5253,5378,5503       | -0.02    | -6.25    |
| 4   | 100        | 10000000 | 625000    | 93458    | 16384   | 8     | 16   | io_uring | 12        | 16  | decrease  | desc        | asc        | 4          | 0.55                    | 0.53              | 6   | 5264,5389,5514,5263,5388,5513       | -0.02    | -3.64    |
| 6   | 80         | 10000000 | 312500    | 117648   | 16384   | 2048  | 32   | io_uring | 12        | 16  | increase  | desc        | desc       | 4          | 1.8                     | 1.78              | 6   | 8534,8654,8774,8533,8653,8773       | -0.02    | -1.11    |
| 6   | 80         | 10000000 | 312500    | 117648   | 16384   | 2048  | 32   | worker   | 12        | 16  | increase  | desc        | desc       | 2          | 0.99                    | 0.97              | 6   | 7809,7929,8049,7808,7928,8048       | -0.02    | -2.02    |
| 9   | 40         | 10000000 | 312500    | 238096   | 1024    | 0     | 32   | worker   | 12        | 16  | increase  | asc         | desc       | 1          | 0.34                    | 0.32              | 6   | 12124,12244,12364,12123,12243,12363 | -0.02    | -5.88    |
| 10  | 40         | 10000000 | 312500    | 238096   | 1024    | 0     | 32   | io_uring | 12        | 16  | increase  | desc        | asc        | 1          | 0.33                    | 0.31              | 6   | 13924,14044,14164,13923,14043,14163 | -0.02    | -6.06    |
| 12  | 40         | 10000000 | 312500    | 238096   | 1024    | 0     | 32   | io_uring | 12        | 16  | decrease  | desc        | desc       | 2          | 0.56                    | 0.54              | 6   | 17169,17289,17409,17168,17288,17408 | -0.02    | -3.57    |
| 13  | 20         | 10000000 | 2500000   | 476191   | 0       | 8     | 4    | worker   | 12        | 16  | increase  | asc         | asc        | 1          | 0.27                    | 0.25              | 6   | 17524,17659,17794,17523,17658,17793 | -0.02    | -7.41    |
| 13  | 20         | 10000000 | 2500000   | 476191   | 0       | 8     | 4    | worker   | 12        | 16  | increase  | asc         | asc        | 2          | 0.27                    | 0.25              | 6   | 17529,17664,17799,17528,17663,17798 | -0.02    | -7.41    |
| 13  | 20         | 10000000 | 2500000   | 476191   | 0       | 8     | 4    | worker   | 12        | 16  | increase  | asc         | asc        | 64         | 0.53                    | 0.51              | 6   | 17554,17689,17824,17553,17688,17823 | -0.02    | -3.77    |
| 13  | 20         | 10000000 | 2500000   | 476191   | 0       | 8     | 4    | worker   | 12        | 16  | increase  | asc         | desc       | 1          | 0.28                    | 0.26              | 6   | 17929,18064,18199,17928,18063,18198 | -0.02    | -7.14    |
| 14  | 20         | 10000000 | 2500000   | 476191   | 0       | 8     | 4    | worker   | 12        | 16  | increase  | desc        | desc       | 2          | 0.31                    | 0.29              | 6   | 19554,19689,19824,19553,19688,19823 | -0.02    | -6.45    |
| 15  | 20         | 10000000 | 2500000   | 476191   | 0       | 8     | 4    | worker   | 12        | 16  | decrease  | asc         | desc       | 512        | 1.75                    | 1.73              | 6   | 21214,21349,21484,21213,21348,21483 | -0.02    | -1.14    |
| 17  | 40         | 10000000 | 312500    | 238096   | 4096    | 128   | 32   | worker   | 12        | 16  | increase  | asc         | desc       | 1          | 0.49                    | 0.47              | 6   | 24364,24484,24604,24363,24483,24603 | -0.02    | -4.08    |
| 18  | 40         | 10000000 | 312500    | 238096   | 4096    | 128   | 32   | io_uring | 12        | 16  | increase  | desc        | asc        | 1          | 0.53                    | 0.51              | 6   | 26164,26284,26404,26163,26283,26403 | -0.02    | -3.77    |
| 20  | 40         | 10000000 | 312500    | 238096   | 4096    | 128   | 32   | worker   | 12        | 16  | decrease  | desc        | desc       | 2          | 0.55                    | 0.53              | 6   | 28689,28809,28929,28688,28808,28928 | -0.02    | -3.64    |
| 21  | 80         | 10000000 | 10000000  | 117648   | 1048576 | 128   | 1    | io_uring | 12        | 16  | increase  | asc         | desc       | 2          | 0.31                    | 0.29              | 4   | 31074,31219,31073,31218             | -0.02    | -6.45    |
| 5   | 80         | 10000000 | 312500    | 117648   | 16384   | 2048  | 32   | worker   | 12        | 16  | increase  | asc         | asc        | 8192       | 71.12                   | 71.1              | 6   | 6069,6189,6309,6068,6188,6308       | -0.02    | -0.03    |
| 21  | 80         | 10000000 | 10000000  | 117648   | 1048576 | 128   | 1    | io_uring | 12        | 16  | increase  | asc         | asc        | 512        | 14.27                   | 14.24             | 6   | 30679,30824,30969,30678,30823,30968 | -0.03    | -0.21    |
| 3   | 100        | 10000000 | 625000    | 93458    | 16384   | 8     | 16   | worker   | 12        | 16  | decrease  | asc         | desc       | 256        | 3.0                     | 2.97              | 6   | 3419,3544,3669,3418,3543,3668       | -0.03    | -1.0     |
| 6   | 80         | 10000000 | 312500    | 117648   | 16384   | 2048  | 32   | io_uring | 12        | 16  | increase  | desc        | desc       | 2          | 1.14                    | 1.11              | 6   | 8529,8649,8769,8528,8648,8768       | -0.03    | -2.63    |
| 11  | 40         | 10000000 | 312500    | 238096   | 1024    | 0     | 32   | worker   | 12        | 16  | decrease  | asc         | desc       | 128        | 2.59                    | 2.56              | 6   | 15039,15159,15279,15038,15158,15278 | -0.03    | -1.16    |
| 11  | 40         | 10000000 | 312500    | 238096   | 1024    | 0     | 32   | io_uring | 12        | 16  | decrease  | asc         | asc        | 4          | 0.71                    | 0.68              | 6   | 15374,15494,15614,15373,15493,15613 | -0.03    | -4.23    |
| 15  | 20         | 10000000 | 2500000   | 476191   | 0       | 8     | 4    | worker   | 12        | 16  | decrease  | asc         | desc       | 64         | 0.59                    | 0.56              | 6   | 21199,21334,21469,21198,21333,21468 | -0.03    | -5.08    |
| 4   | 100        | 10000000 | 625000    | 93458    | 16384   | 8     | 16   | worker   | 12        | 16  | decrease  | desc        | desc       | 2          | 0.35                    | 0.32              | 6   | 4884,5009,5134,4883,5008,5133       | -0.03    | -8.57    |
| 9   | 40         | 10000000 | 312500    | 238096   | 1024    | 0     | 32   | worker   | 12        | 16  | increase  | asc         | asc        | 2          | 0.49                    | 0.46              | 6   | 11769,11889,12009,11768,11888,12008 | -0.03    | -6.12    |
| 10  | 40         | 10000000 | 312500    | 238096   | 1024    | 0     | 32   | worker   | 12        | 16  | increase  | desc        | desc       | 1          | 0.35                    | 0.32              | 6   | 13564,13684,13804,13563,13683,13803 | -0.03    | -8.57    |
| 14  | 20         | 10000000 | 2500000   | 476191   | 0       | 8     | 4    | worker   | 12        | 16  | increase  | desc        | asc        | 8          | 0.37                    | 0.34              | 6   | 19159,19294,19429,19158,19293,19428 | -0.03    | -8.11    |
| 15  | 20         | 10000000 | 2500000   | 476191   | 0       | 8     | 4    | io_uring | 12        | 16  | decrease  | asc         | desc       | 1          | 0.31                    | 0.28              | 6   | 21979,22114,22249,21978,22113,22248 | -0.03    | -9.68    |
| 15  | 20         | 10000000 | 2500000   | 476191   | 0       | 8     | 4    | worker   | 12        | 16  | decrease  | asc         | asc        | 2          | 0.3                     | 0.27              | 6   | 20769,20904,21039,20768,20903,21038 | -0.03    | -10.0    |
| 15  | 20         | 10000000 | 2500000   | 476191   | 0       | 8     | 4    | worker   | 12        | 16  | decrease  | asc         | desc       | 1          | 0.35                    | 0.32              | 6   | 21169,21304,21439,21168,21303,21438 | -0.03    | -8.57    |
| 16  | 20         | 10000000 | 2500000   | 476191   | 0       | 8     | 4    | worker   | 12        | 16  | decrease  | desc        | desc       | 4          | 0.36                    | 0.33              | 6   | 22799,22934,23069,22798,22933,23068 | -0.03    | -8.33    |
| 18  | 40         | 10000000 | 312500    | 238096   | 4096    | 128   | 32   | worker   | 12        | 16  | increase  | desc        | asc        | 1          | 0.43                    | 0.4               | 6   | 25444,25564,25684,25443,25563,25683 | -0.03    | -6.98    |
| 21  | 80         | 10000000 | 10000000  | 117648   | 1048576 | 128   | 1    | io_uring | 12        | 16  | increase  | asc         | asc        | 1          | 0.26                    | 0.23              | 6   | 30634,30779,30924,30633,30778,30923 | -0.03    | -11.54   |
| 1   | 100        | 10000000 | 625000    | 93458    | 16384   | 8     | 16   | io_uring | 12        | 16  | increase  | asc         | asc        | 16         | 1.23                    | 1.2               | 6   | 774,899,1024,773,898,1023           | -0.03    | -2.44    |
| 1   | 100        | 10000000 | 625000    | 93458    | 16384   | 8     | 16   | io_uring | 12        | 16  | increase  | asc         | desc       | 4          | 0.56                    | 0.53              | 6   | 1139,1264,1389,1138,1263,1388       | -0.03    | -5.36    |
| 1   | 100        | 10000000 | 625000    | 93458    | 16384   | 8     | 16   | worker   | 12        | 16  | increase  | asc         | desc       | 2          | 0.39                    | 0.36              | 6   | 384,509,634,383,508,633             | -0.03    | -7.69    |
| 6   | 80         | 10000000 | 312500    | 117648   | 16384   | 2048  | 32   | worker   | 12        | 16  | increase  | desc        | asc        | 1          | 1.06                    | 1.03              | 6   | 7444,7564,7684,7443,7563,7683       | -0.03    | -2.83    |
| 9   | 40         | 10000000 | 312500    | 238096   | 1024    | 0     | 32   | io_uring | 12        | 16  | increase  | asc         | desc       | 1          | 0.38                    | 0.35              | 6   | 12844,12964,13084,12843,12963,13083 | -0.03    | -7.89    |
| 9   | 40         | 10000000 | 312500    | 238096   | 1024    | 0     | 32   | io_uring | 12        | 16  | increase  | asc         | desc       | 32         | 1.62                    | 1.59              | 6   | 12869,12989,13109,12868,12988,13108 | -0.03    | -1.85    |
| 10  | 40         | 10000000 | 312500    | 238096   | 1024    | 0     | 32   | worker   | 12        | 16  | increase  | desc        | desc       | 64         | 1.5                     | 1.47              | 6   | 13594,13714,13834,13593,13713,13833 | -0.03    | -2.0     |
| 12  | 40         | 10000000 | 312500    | 238096   | 1024    | 0     | 32   | worker   | 12        | 16  | decrease  | desc        | asc        | 2          | 0.4                     | 0.37              | 6   | 16089,16209,16329,16088,16208,16328 | -0.03    | -7.5     |
| 13  | 20         | 10000000 | 2500000   | 476191   | 0       | 8     | 4    | io_uring | 12        | 16  | increase  | asc         | asc        | 2          | 0.33                    | 0.3               | 6   | 18339,18474,18609,18338,18473,18608 | -0.03    | -9.09    |
| 13  | 20         | 10000000 | 2500000   | 476191   | 0       | 8     | 4    | worker   | 12        | 16  | increase  | asc         | asc        | 8          | 0.33                    | 0.3               | 6   | 17539,17674,17809,17538,17673,17808 | -0.03    | -9.09    |
| 15  | 20         | 10000000 | 2500000   | 476191   | 0       | 8     | 4    | io_uring | 12        | 16  | decrease  | asc         | asc        | 1          | 0.32                    | 0.29              | 6   | 21574,21709,21844,21573,21708,21843 | -0.03    | -9.38    |
| 15  | 20         | 10000000 | 2500000   | 476191   | 0       | 8     | 4    | io_uring | 12        | 16  | decrease  | asc         | desc       | 256        | 1.06                    | 1.03              | 6   | 22019,22154,22289,22018,22153,22288 | -0.03    | -2.83    |
| 16  | 20         | 10000000 | 2500000   | 476191   | 0       | 8     | 4    | io_uring | 12        | 16  | decrease  | desc        | asc        | 64         | 1.12                    | 1.09              | 6   | 23224,23359,23494,23223,23358,23493 | -0.03    | -2.68    |
| 20  | 40         | 10000000 | 312500    | 238096   | 4096    | 128   | 32   | worker   | 12        | 16  | decrease  | desc        | asc        | 2          | 0.63                    | 0.6               | 6   | 28329,28449,28569,28328,28448,28568 | -0.03    | -4.76    |
| 20  | 40         | 10000000 | 312500    | 238096   | 4096    | 128   | 32   | worker   | 12        | 16  | decrease  | desc        | desc       | 4          | 0.86                    | 0.83              | 6   | 28694,28814,28934,28693,28813,28933 | -0.03    | -3.49    |
| 21  | 80         | 10000000 | 10000000  | 117648   | 1048576 | 128   | 1    | io_uring | 12        | 16  | increase  | asc         | asc        | 2          | 0.33                    | 0.3               | 6   | 30639,30784,30929,30638,30783,30928 | -0.03    | -9.09    |
| 21  | 80         | 10000000 | 10000000  | 117648   | 1048576 | 128   | 1    | io_uring | 12        | 16  | increase  | asc         | asc        | 8          | 0.66                    | 0.63              | 6   | 30649,30794,30939,30648,30793,30938 | -0.03    | -4.55    |
| 21  | 80         | 10000000 | 10000000  | 117648   | 1048576 | 128   | 1    | worker   | 12        | 16  | increase  | asc         | asc        | 2          | 0.27                    | 0.24              | 6   | 29769,29914,30059,29768,29913,30058 | -0.03    | -11.11   |
| 3   | 100        | 10000000 | 625000    | 93458    | 16384   | 8     | 16   | io_uring | 12        | 16  | decrease  | asc         | desc       | 128        | 2.31                    | 2.28              | 6   | 4164,4289,4414,4163,4288,4413       | -0.03    | -1.3     |
| 3   | 100        | 10000000 | 625000    | 93458    | 16384   | 8     | 16   | worker   | 12        | 16  | decrease  | asc         | asc        | 1024       | 5.7                     | 5.67              | 6   | 3054,3179,3304,3053,3178,3303       | -0.03    | -0.53    |
| 7   | 80         | 10000000 | 312500    | 117648   | 16384   | 2048  | 32   | worker   | 12        | 16  | decrease  | asc         | asc        | 8          | 3.1                     | 3.07              | 6   | 8899,9019,9139,8898,9018,9138       | -0.03    | -0.97    |
| 10  | 40         | 10000000 | 312500    | 238096   | 1024    | 0     | 32   | io_uring | 12        | 16  | increase  | desc        | asc        | 4          | 0.71                    | 0.67              | 6   | 13934,14054,14174,13933,14053,14173 | -0.04    | -5.63    |
| 10  | 40         | 10000000 | 312500    | 238096   | 1024    | 0     | 32   | worker   | 12        | 16  | increase  | desc        | asc        | 4          | 0.59                    | 0.55              | 6   | 13214,13334,13454,13213,13333,13453 | -0.04    | -6.78    |
| 10  | 40         | 10000000 | 312500    | 238096   | 1024    | 0     | 32   | io_uring | 12        | 16  | increase  | desc        | asc        | 2          | 0.44                    | 0.4               | 6   | 13929,14049,14169,13928,14048,14168 | -0.04    | -9.09    |
| 13  | 20         | 10000000 | 2500000   | 476191   | 0       | 8     | 4    | io_uring | 12        | 16  | increase  | asc         | desc       | 16         | 0.48                    | 0.44              | 6   | 18759,18894,19029,18758,18893,19028 | -0.04    | -8.33    |
| 14  | 20         | 10000000 | 2500000   | 476191   | 0       | 8     | 4    | io_uring | 12        | 16  | increase  | desc        | asc        | 4          | 0.35                    | 0.31              | 6   | 19964,20099,20234,19963,20098,20233 | -0.04    | -11.43   |
| 16  | 20         | 10000000 | 2500000   | 476191   | 0       | 8     | 4    | worker   | 12        | 16  | decrease  | desc        | asc        | 8          | 0.36                    | 0.32              | 6   | 22399,22534,22669,22398,22533,22668 | -0.04    | -11.11   |
| 21  | 80         | 10000000 | 10000000  | 117648   | 1048576 | 128   | 1    | io_uring | 12        | 16  | increase  | asc         | asc        | 4          | 0.44                    | 0.4               | 6   | 30644,30789,30934,30643,30788,30933 | -0.04    | -9.09    |
| 21  | 80         | 10000000 | 10000000  | 117648   | 1048576 | 128   | 1    | worker   | 12        | 16  | increase  | asc         | desc       | 2          | 0.31                    | 0.27              | 6   | 30204,30349,30494,30203,30348,30493 | -0.04    | -12.9    |
| 2   | 100        | 10000000 | 625000    | 93458    | 16384   | 8     | 16   | io_uring | 12        | 16  | increase  | desc        | desc       | 2          | 0.45                    | 0.41              | 6   | 2634,2759,2884,2633,2758,2883       | -0.04    | -8.89    |
| 5   | 80         | 10000000 | 312500    | 117648   | 16384   | 2048  | 32   | worker   | 12        | 16  | increase  | asc         | desc       | 1          | 1.06                    | 1.02              | 6   | 6364,6484,6604,6363,6483,6603       | -0.04    | -3.77    |
| 6   | 80         | 10000000 | 312500    | 117648   | 16384   | 2048  | 32   | worker   | 12        | 16  | increase  | desc        | desc       | 1          | 0.67                    | 0.63              | 6   | 7804,7924,8044,7803,7923,8043       | -0.04    | -5.97    |
| 13  | 20         | 10000000 | 2500000   | 476191   | 0       | 8     | 4    | io_uring | 12        | 16  | increase  | asc         | asc        | 256        | 0.93                    | 0.89              | 6   | 18374,18509,18644,18373,18508,18643 | -0.04    | -4.3     |
| 14  | 20         | 10000000 | 2500000   | 476191   | 0       | 8     | 4    | io_uring | 12        | 16  | increase  | desc        | asc        | 64         | 0.62                    | 0.58              | 6   | 19984,20119,20254,19983,20118,20253 | -0.04    | -6.45    |
| 14  | 20         | 10000000 | 2500000   | 476191   | 0       | 8     | 4    | io_uring | 12        | 16  | increase  | desc        | asc        | 128        | 0.78                    | 0.74              | 6   | 19989,20124,20259,19988,20123,20258 | -0.04    | -5.13    |
| 16  | 20         | 10000000 | 2500000   | 476191   | 0       | 8     | 4    | worker   | 12        | 16  | decrease  | desc        | asc        | 2048       | 7.2                     | 7.16              | 6   | 22439,22574,22709,22438,22573,22708 | -0.04    | -0.56    |
| 16  | 20         | 10000000 | 2500000   | 476191   | 0       | 8     | 4    | worker   | 12        | 16  | decrease  | desc        | desc       | 64         | 0.64                    | 0.6               | 6   | 22819,22954,23089,22818,22953,23088 | -0.04    | -6.25    |
| 19  | 40         | 10000000 | 312500    | 238096   | 4096    | 128   | 32   | io_uring | 12        | 16  | decrease  | asc         | asc        | 4          | 0.9                     | 0.86              | 6   | 27614,27734,27854,27613,27733,27853 | -0.04    | -4.44    |
| 19  | 40         | 10000000 | 312500    | 238096   | 4096    | 128   | 32   | worker   | 12        | 16  | decrease  | asc         | asc        | 2          | 0.54                    | 0.5               | 6   | 26889,27009,27129,26888,27008,27128 | -0.04    | -7.41    |
| 20  | 40         | 10000000 | 312500    | 238096   | 4096    | 128   | 32   | io_uring | 12        | 16  | decrease  | desc        | desc       | 8          | 1.76                    | 1.72              | 6   | 29419,29539,29659,29418,29538,29658 | -0.04    | -2.27    |
| 20  | 40         | 10000000 | 312500    | 238096   | 4096    | 128   | 32   | worker   | 12        | 16  | decrease  | desc        | asc        | 1          | 0.46                    | 0.42              | 6   | 28324,28444,28564,28323,28443,28563 | -0.04    | -8.7     |
| 19  | 40         | 10000000 | 312500    | 238096   | 4096    | 128   | 32   | io_uring | 12        | 16  | decrease  | asc         | desc       | 8192       | 98.27                   | 98.22             | 6   | 28029,28149,28269,28028,28148,28268 | -0.05    | -0.05    |
| 19  | 40         | 10000000 | 312500    | 238096   | 4096    | 128   | 32   | worker   | 12        | 16  | decrease  | asc         | asc        | 4096       | 22.4                    | 22.35             | 6   | 26944,27064,27184,26943,27063,27183 | -0.05    | -0.22    |
| 5   | 80         | 10000000 | 312500    | 117648   | 16384   | 2048  | 32   | io_uring | 12        | 16  | increase  | asc         | desc       | 4          | 3.09                    | 3.04              | 6   | 7094,7214,7334,7093,7213,7333       | -0.05    | -1.62    |
| 21  | 80         | 10000000 | 10000000  | 117648   | 1048576 | 128   | 1    | io_uring | 12        | 16  | increase  | asc         | asc        | 16         | 1.14                    | 1.09              | 6   | 30654,30799,30944,30653,30798,30943 | -0.05    | -4.39    |
| 6   | 80         | 10000000 | 312500    | 117648   | 16384   | 2048  | 32   | io_uring | 12        | 16  | increase  | desc        | desc       | 1          | 0.73                    | 0.68              | 6   | 8524,8644,8764,8523,8643,8763       | -0.05    | -6.85    |
| 13  | 20         | 10000000 | 2500000   | 476191   | 0       | 8     | 4    | io_uring | 12        | 16  | increase  | asc         | asc        | 128        | 0.83                    | 0.78              | 6   | 18369,18504,18639,18368,18503,18638 | -0.05    | -6.02    |
| 13  | 20         | 10000000 | 2500000   | 476191   | 0       | 8     | 4    | io_uring | 12        | 16  | increase  | asc         | asc        | 4          | 0.39                    | 0.34              | 6   | 18344,18479,18614,18343,18478,18613 | -0.05    | -12.82   |
| 14  | 20         | 10000000 | 2500000   | 476191   | 0       | 8     | 4    | io_uring | 12        | 16  | increase  | desc        | asc        | 2          | 0.32                    | 0.27              | 6   | 19959,20094,20229,19958,20093,20228 | -0.05    | -15.62   |
| 14  | 20         | 10000000 | 2500000   | 476191   | 0       | 8     | 4    | worker   | 12        | 16  | increase  | desc        | asc        | 1          | 0.29                    | 0.24              | 6   | 19144,19279,19414,19143,19278,19413 | -0.05    | -17.24   |
| 15  | 20         | 10000000 | 2500000   | 476191   | 0       | 8     | 4    | io_uring | 12        | 16  | decrease  | asc         | asc        | 4          | 0.39                    | 0.34              | 6   | 21584,21719,21854,21583,21718,21853 | -0.05    | -12.82   |
| 16  | 20         | 10000000 | 2500000   | 476191   | 0       | 8     | 4    | io_uring | 12        | 16  | decrease  | desc        | asc        | 16         | 0.49                    | 0.44              | 6   | 23214,23349,23484,23213,23348,23483 | -0.05    | -10.2    |
| 16  | 20         | 10000000 | 2500000   | 476191   | 0       | 8     | 4    | worker   | 12        | 16  | decrease  | desc        | asc        | 16         | 0.43                    | 0.38              | 6   | 22404,22539,22674,22403,22538,22673 | -0.05    | -11.63   |
| 17  | 40         | 10000000 | 312500    | 238096   | 4096    | 128   | 32   | io_uring | 12        | 16  | increase  | asc         | asc        | 1          | 0.51                    | 0.46              | 6   | 24724,24844,24964,24723,24843,24963 | -0.05    | -9.8     |
| 4   | 100        | 10000000 | 625000    | 93458    | 16384   | 8     | 16   | worker   | 12        | 16  | decrease  | desc        | desc       | 8          | 0.67                    | 0.62              | 6   | 4894,5019,5144,4893,5018,5143       | -0.05    | -7.46    |
| 11  | 40         | 10000000 | 312500    | 238096   | 1024    | 0     | 32   | worker   | 12        | 16  | decrease  | asc         | desc       | 2          | 0.46                    | 0.41              | 6   | 15009,15129,15249,15008,15128,15248 | -0.05    | -10.87   |
| 14  | 20         | 10000000 | 2500000   | 476191   | 0       | 8     | 4    | io_uring | 12        | 16  | increase  | desc        | asc        | 512        | 1.6                     | 1.55              | 6   | 19999,20134,20269,19998,20133,20268 | -0.05    | -3.13    |
| 14  | 20         | 10000000 | 2500000   | 476191   | 0       | 8     | 4    | worker   | 12        | 16  | increase  | desc        | asc        | 256        | 1.1                     | 1.05              | 6   | 19184,19319,19454,19183,19318,19453 | -0.05    | -4.55    |
| 15  | 20         | 10000000 | 2500000   | 476191   | 0       | 8     | 4    | io_uring | 12        | 16  | decrease  | asc         | desc       | 512        | 1.83                    | 1.78              | 6   | 22024,22159,22294,22023,22158,22293 | -0.05    | -2.73    |
| 16  | 20         | 10000000 | 2500000   | 476191   | 0       | 8     | 4    | io_uring | 12        | 16  | decrease  | desc        | desc       | 512        | 1.47                    | 1.42              | 6   | 23644,23779,23914,23643,23778,23913 | -0.05    | -3.4     |
| 21  | 80         | 10000000 | 10000000  | 117648   | 1048576 | 128   | 1    | io_uring | 12        | 16  | increase  | asc         | desc       | 4          | 0.46                    | 0.41              | 4   | 31079,31224,31078,31223             | -0.05    | -10.87   |
| 9   | 40         | 10000000 | 312500    | 238096   | 1024    | 0     | 32   | worker   | 12        | 16  | increase  | asc         | desc       | 128        | 2.64                    | 2.59              | 6   | 12159,12279,12399,12158,12278,12398 | -0.05    | -1.89    |
| 1   | 100        | 10000000 | 625000    | 93458    | 16384   | 8     | 16   | worker   | 12        | 16  | increase  | asc         | desc       | 1024       | 8.47                    | 8.42              | 6   | 429,554,679,428,553,678             | -0.05    | -0.59    |
| 8   | 80         | 10000000 | 312500    | 117648   | 16384   | 2048  | 32   | io_uring | 12        | 16  | decrease  | desc        | asc        | 1024       | 62.63                   | 62.58             | 6   | 11094,11214,11334,11093,11213,11333 | -0.05    | -0.08    |
| 16  | 20         | 10000000 | 2500000   | 476191   | 0       | 8     | 4    | worker   | 12        | 16  | decrease  | desc        | desc       | 32768      | 23.43                   | 23.37             | 6   | 22864,22999,23134,22863,22998,23133 | -0.06    | -0.26    |
| 18  | 40         | 10000000 | 312500    | 238096   | 4096    | 128   | 32   | worker   | 12        | 16  | increase  | desc        | asc        | 256        | 8.79                    | 8.73              | 6   | 25484,25604,25724,25483,25603,25723 | -0.06    | -0.68    |
| 12  | 40         | 10000000 | 312500    | 238096   | 1024    | 0     | 32   | worker   | 12        | 16  | decrease  | desc        | desc       | 1024       | 6.97                    | 6.91              | 6   | 16494,16614,16734,16493,16613,16733 | -0.06    | -0.86    |
| 3   | 100        | 10000000 | 625000    | 93458    | 16384   | 8     | 16   | io_uring | 12        | 16  | decrease  | asc         | asc        | 16         | 1.18                    | 1.12              | 6   | 3774,3899,4024,3773,3898,4023       | -0.06    | -5.08    |
| 5   | 80         | 10000000 | 312500    | 117648   | 16384   | 2048  | 32   | io_uring | 12        | 16  | increase  | asc         | asc        | 2          | 1.13                    | 1.07              | 6   | 6729,6849,6969,6728,6848,6968       | -0.06    | -5.31    |
| 10  | 40         | 10000000 | 312500    | 238096   | 1024    | 0     | 32   | io_uring | 12        | 16  | increase  | desc        | desc       | 4          | 0.72                    | 0.66              | 6   | 14294,14414,14534,14293,14413,14533 | -0.06    | -8.33    |
| 12  | 40         | 10000000 | 312500    | 238096   | 1024    | 0     | 32   | io_uring | 12        | 16  | decrease  | desc        | asc        | 8          | 0.98                    | 0.92              | 6   | 16819,16939,17059,16818,16938,17058 | -0.06    | -6.12    |
| 16  | 20         | 10000000 | 2500000   | 476191   | 0       | 8     | 4    | worker   | 12        | 16  | decrease  | desc        | asc        | 64         | 0.84                    | 0.78              | 6   | 22414,22549,22684,22413,22548,22683 | -0.06    | -7.14    |
| 2   | 100        | 10000000 | 625000    | 93458    | 16384   | 8     | 16   | worker   | 12        | 16  | increase  | desc        | asc        | 4          | 0.5                     | 0.44              | 6   | 1514,1639,1764,1513,1638,1763       | -0.06    | -12.0    |
| 14  | 20         | 10000000 | 2500000   | 476191   | 0       | 8     | 4    | io_uring | 12        | 16  | increase  | desc        | asc        | 1          | 0.32                    | 0.26              | 6   | 19954,20089,20224,19953,20088,20223 | -0.06    | -18.75   |
| 15  | 20         | 10000000 | 2500000   | 476191   | 0       | 8     | 4    | worker   | 12        | 16  | decrease  | asc         | asc        | 1          | 0.3                     | 0.24              | 6   | 20764,20899,21034,20763,20898,21033 | -0.06    | -20.0    |
| 15  | 20         | 10000000 | 2500000   | 476191   | 0       | 8     | 4    | worker   | 12        | 16  | decrease  | asc         | desc       | 8          | 0.42                    | 0.36              | 6   | 21184,21319,21454,21183,21318,21453 | -0.06    | -14.29   |
| 15  | 20         | 10000000 | 2500000   | 476191   | 0       | 8     | 4    | worker   | 12        | 16  | decrease  | asc         | desc       | 16         | 0.44                    | 0.38              | 6   | 21189,21324,21459,21188,21323,21458 | -0.06    | -13.64   |
| 16  | 20         | 10000000 | 2500000   | 476191   | 0       | 8     | 4    | worker   | 12        | 16  | decrease  | desc        | desc       | 2          | 0.35                    | 0.29              | 6   | 22794,22929,23064,22793,22928,23063 | -0.06    | -17.14   |
| 13  | 20         | 10000000 | 2500000   | 476191   | 0       | 8     | 4    | io_uring | 12        | 16  | increase  | asc         | asc        | 32         | 0.56                    | 0.5               | 6   | 18359,18494,18629,18358,18493,18628 | -0.06    | -10.71   |
| 15  | 20         | 10000000 | 2500000   | 476191   | 0       | 8     | 4    | worker   | 12        | 16  | decrease  | asc         | desc       | 256        | 1.09                    | 1.03              | 6   | 21209,21344,21479,21208,21343,21478 | -0.06    | -5.5     |
| 18  | 40         | 10000000 | 312500    | 238096   | 4096    | 128   | 32   | io_uring | 12        | 16  | increase  | desc        | desc       | 4          | 1.0                     | 0.94              | 6   | 26534,26654,26774,26533,26653,26773 | -0.06    | -6.0     |
| 20  | 40         | 10000000 | 312500    | 238096   | 4096    | 128   | 32   | io_uring | 12        | 16  | decrease  | desc        | desc       | 4          | 1.01                    | 0.95              | 6   | 29414,29534,29654,29413,29533,29653 | -0.06    | -5.94    |
| 7   | 80         | 10000000 | 312500    | 117648   | 16384   | 2048  | 32   | io_uring | 12        | 16  | decrease  | asc         | desc       | 2          | 1.88                    | 1.81              | 6   | 9969,10089,10209,9968,10088,10208   | -0.07    | -3.72    |
| 10  | 40         | 10000000 | 312500    | 238096   | 1024    | 0     | 32   | worker   | 12        | 16  | increase  | desc        | asc        | 32         | 1.42                    | 1.35              | 6   | 13229,13349,13469,13228,13348,13468 | -0.07    | -4.93    |
| 16  | 20         | 10000000 | 2500000   | 476191   | 0       | 8     | 4    | io_uring | 12        | 16  | decrease  | desc        | desc       | 2048       | 3.23                    | 3.16              | 6   | 23654,23789,23924,23653,23788,23923 | -0.07    | -2.17    |
| 1   | 100        | 10000000 | 625000    | 93458    | 16384   | 8     | 16   | worker   | 12        | 16  | increase  | asc         | asc        | 8          | 0.72                    | 0.65              | 6   | 19,144,269,18,143,268               | -0.07    | -9.72    |
| 12  | 40         | 10000000 | 312500    | 238096   | 1024    | 0     | 32   | io_uring | 12        | 16  | decrease  | desc        | desc       | 4          | 0.72                    | 0.65              | 6   | 17174,17294,17414,17173,17293,17413 | -0.07    | -9.72    |
| 17  | 40         | 10000000 | 312500    | 238096   | 4096    | 128   | 32   | worker   | 12        | 16  | increase  | asc         | desc       | 2          | 0.72                    | 0.65              | 6   | 24369,24489,24609,24368,24488,24608 | -0.07    | -9.72    |
| 21  | 80         | 10000000 | 10000000  | 117648   | 1048576 | 128   | 1    | io_uring | 12        | 16  | increase  | asc         | desc       | 8          | 0.74                    | 0.67              | 4   | 31084,31229,31083,31228             | -0.07    | -9.46    |
| 10  | 40         | 10000000 | 312500    | 238096   | 1024    | 0     | 32   | worker   | 12        | 16  | increase  | desc        | desc       | 2          | 0.45                    | 0.38              | 6   | 13569,13689,13809,13568,13688,13808 | -0.07    | -15.56   |
| 14  | 20         | 10000000 | 2500000   | 476191   | 0       | 8     | 4    | io_uring | 12        | 16  | increase  | desc        | asc        | 8          | 0.44                    | 0.37              | 6   | 19969,20104,20239,19968,20103,20238 | -0.07    | -15.91   |
| 14  | 20         | 10000000 | 2500000   | 476191   | 0       | 8     | 4    | worker   | 12        | 16  | increase  | desc        | asc        | 16         | 0.4                     | 0.33              | 6   | 19164,19299,19434,19163,19298,19433 | -0.07    | -17.5    |
| 17  | 40         | 10000000 | 312500    | 238096   | 4096    | 128   | 32   | worker   | 12        | 16  | increase  | asc         | asc        | 1          | 0.46                    | 0.39              | 6   | 24004,24124,24244,24003,24123,24243 | -0.07    | -15.22   |
| 3   | 100        | 10000000 | 625000    | 93458    | 16384   | 8     | 16   | worker   | 12        | 16  | decrease  | asc         | desc       | 4          | 0.55                    | 0.48              | 6   | 3389,3514,3639,3388,3513,3638       | -0.07    | -12.73   |
| 4   | 100        | 10000000 | 625000    | 93458    | 16384   | 8     | 16   | worker   | 12        | 16  | decrease  | desc        | asc        | 16         | 1.02                    | 0.95              | 6   | 4524,4649,4774,4523,4648,4773       | -0.07    | -6.86    |
| 7   | 80         | 10000000 | 312500    | 117648   | 16384   | 2048  | 32   | io_uring | 12        | 16  | decrease  | asc         | desc       | 4          | 3.41                    | 3.34              | 6   | 9974,10094,10214,9973,10093,10213   | -0.07    | -2.05    |
| 14  | 20         | 10000000 | 2500000   | 476191   | 0       | 8     | 4    | worker   | 12        | 16  | increase  | desc        | asc        | 16384      | 23.92                   | 23.85             | 6   | 19214,19349,19484,19213,19348,19483 | -0.07    | -0.29    |
| 19  | 40         | 10000000 | 312500    | 238096   | 4096    | 128   | 32   | worker   | 12        | 16  | decrease  | asc         | desc       | 189018     | 1551.82                 | 1551.74           | 6   | 27344,27464,27584,27343,27463,27583 | -0.08    | -0.01    |
| 19  | 40         | 10000000 | 312500    | 238096   | 4096    | 128   | 32   | io_uring | 12        | 16  | decrease  | asc         | asc        | 32768      | 146.54                  | 146.46            | 6   | 27679,27799,27919,27678,27798,27918 | -0.08    | -0.05    |
| 9   | 40         | 10000000 | 312500    | 238096   | 1024    | 0     | 32   | io_uring | 12        | 16  | increase  | asc         | desc       | 2048       | 22.18                   | 22.1              | 6   | 12899,13019,13139,12898,13018,13138 | -0.08    | -0.36    |
| 20  | 40         | 10000000 | 312500    | 238096   | 4096    | 128   | 32   | io_uring | 12        | 16  | decrease  | desc        | asc        | 16         | 3.05                    | 2.97              | 6   | 29064,29184,29304,29063,29183,29303 | -0.08    | -2.62    |
| 3   | 100        | 10000000 | 625000    | 93458    | 16384   | 8     | 16   | io_uring | 12        | 16  | decrease  | asc         | asc        | 8          | 0.72                    | 0.64              | 6   | 3769,3894,4019,3768,3893,4018       | -0.08    | -11.11   |
| 15  | 20         | 10000000 | 2500000   | 476191   | 0       | 8     | 4    | io_uring | 12        | 16  | decrease  | asc         | desc       | 128        | 0.94                    | 0.86              | 6   | 22014,22149,22284,22013,22148,22283 | -0.08    | -8.51    |
| 16  | 20         | 10000000 | 2500000   | 476191   | 0       | 8     | 4    | io_uring | 12        | 16  | decrease  | desc        | desc       | 4          | 0.35                    | 0.27              | 6   | 23609,23744,23879,23608,23743,23878 | -0.08    | -22.86   |
| 18  | 40         | 10000000 | 312500    | 238096   | 4096    | 128   | 32   | worker   | 12        | 16  | increase  | desc        | desc       | 4          | 0.86                    | 0.78              | 6   | 25814,25934,26054,25813,25933,26053 | -0.08    | -9.3     |
| 1   | 100        | 10000000 | 625000    | 93458    | 16384   | 8     | 16   | worker   | 12        | 16  | increase  | asc         | desc       | 4          | 0.53                    | 0.45              | 6   | 389,514,639,388,513,638             | -0.08    | -15.09   |
| 3   | 100        | 10000000 | 625000    | 93458    | 16384   | 8     | 16   | io_uring | 12        | 16  | decrease  | asc         | asc        | 2          | 0.44                    | 0.36              | 6   | 3759,3884,4009,3758,3883,4008       | -0.08    | -18.18   |
| 9   | 40         | 10000000 | 312500    | 238096   | 1024    | 0     | 32   | io_uring | 12        | 16  | increase  | asc         | asc        | 2          | 0.54                    | 0.46              | 6   | 12489,12609,12729,12488,12608,12728 | -0.08    | -14.81   |
| 16  | 20         | 10000000 | 2500000   | 476191   | 0       | 8     | 4    | io_uring | 12        | 16  | decrease  | desc        | asc        | 1          | 0.33                    | 0.25              | 6   | 23194,23329,23464,23193,23328,23463 | -0.08    | -24.24   |
| 3   | 100        | 10000000 | 625000    | 93458    | 16384   | 8     | 16   | worker   | 12        | 16  | decrease  | asc         | asc        | 16         | 1.11                    | 1.03              | 6   | 3024,3149,3274,3023,3148,3273       | -0.08    | -7.21    |
| 6   | 80         | 10000000 | 312500    | 117648   | 16384   | 2048  | 32   | io_uring | 12        | 16  | increase  | desc        | asc        | 1          | 1.21                    | 1.13              | 6   | 8164,8284,8404,8163,8283,8403       | -0.08    | -6.61    |
| 7   | 80         | 10000000 | 312500    | 117648   | 16384   | 2048  | 32   | worker   | 12        | 16  | decrease  | asc         | asc        | 1          | 0.66                    | 0.58              | 6   | 8884,9004,9124,8883,9003,9123       | -0.08    | -12.12   |
| 9   | 40         | 10000000 | 312500    | 238096   | 1024    | 0     | 32   | io_uring | 12        | 16  | increase  | asc         | asc        | 128        | 2.49                    | 2.41              | 6   | 12519,12639,12759,12518,12638,12758 | -0.08    | -3.21    |
| 10  | 40         | 10000000 | 312500    | 238096   | 1024    | 0     | 32   | io_uring | 12        | 16  | increase  | desc        | asc        | 64         | 2.16                    | 2.08              | 6   | 13954,14074,14194,13953,14073,14193 | -0.08    | -3.7     |
| 11  | 40         | 10000000 | 312500    | 238096   | 1024    | 0     | 32   | io_uring | 12        | 16  | decrease  | asc         | desc       | 32         | 1.81                    | 1.73              | 6   | 15749,15869,15989,15748,15868,15988 | -0.08    | -4.42    |
| 19  | 40         | 10000000 | 312500    | 238096   | 4096    | 128   | 32   | io_uring | 12        | 16  | decrease  | asc         | asc        | 1024       | 10.73                   | 10.65             | 6   | 27654,27774,27894,27653,27773,27893 | -0.08    | -0.75    |
| 21  | 80         | 10000000 | 10000000  | 117648   | 1048576 | 128   | 1    | io_uring | 12        | 16  | increase  | asc         | desc       | 8048576    | 6799.23                 | 6799.14           | 4   | 31204,31349,31203,31348             | -0.09    | 0.0      |
| 1   | 100        | 10000000 | 625000    | 93458    | 16384   | 8     | 16   | io_uring | 12        | 16  | increase  | asc         | desc       | 4096       | 25.69                   | 25.6              | 6   | 1189,1314,1439,1188,1313,1438       | -0.09    | -0.35    |
| 5   | 80         | 10000000 | 312500    | 117648   | 16384   | 2048  | 32   | worker   | 12        | 16  | increase  | asc         | asc        | 4          | 1.71                    | 1.62              | 6   | 6014,6134,6254,6013,6133,6253       | -0.09    | -5.26    |
| 17  | 40         | 10000000 | 312500    | 238096   | 4096    | 128   | 32   | worker   | 12        | 16  | increase  | asc         | asc        | 256        | 4.71                    | 4.62              | 6   | 24044,24164,24284,24043,24163,24283 | -0.09    | -1.91    |
| 1   | 100        | 10000000 | 625000    | 93458    | 16384   | 8     | 16   | io_uring | 12        | 16  | increase  | asc         | desc       | 1          | 0.36                    | 0.27              | 6   | 1129,1254,1379,1128,1253,1378       | -0.09    | -25.0    |
| 18  | 40         | 10000000 | 312500    | 238096   | 4096    | 128   | 32   | worker   | 12        | 16  | increase  | desc        | asc        | 2          | 0.69                    | 0.6               | 6   | 25449,25569,25689,25448,25568,25688 | -0.09    | -13.04   |
| 14  | 20         | 10000000 | 2500000   | 476191   | 0       | 8     | 4    | io_uring | 12        | 16  | increase  | desc        | asc        | 16         | 0.45                    | 0.36              | 6   | 19974,20109,20244,19973,20108,20243 | -0.09    | -20.0    |
| 19  | 40         | 10000000 | 312500    | 238096   | 4096    | 128   | 32   | worker   | 12        | 16  | decrease  | asc         | desc       | 1          | 0.5                     | 0.41              | 6   | 27244,27364,27484,27243,27363,27483 | -0.09    | -18.0    |
| 9   | 40         | 10000000 | 312500    | 238096   | 1024    | 0     | 32   | io_uring | 12        | 16  | increase  | asc         | desc       | 64         | 2.02                    | 1.93              | 6   | 12874,12994,13114,12873,12993,13113 | -0.09    | -4.46    |
| 15  | 20         | 10000000 | 2500000   | 476191   | 0       | 8     | 4    | io_uring | 12        | 16  | decrease  | asc         | asc        | 64         | 1.24                    | 1.15              | 6   | 21604,21739,21874,21603,21738,21873 | -0.09    | -7.26    |
| 19  | 40         | 10000000 | 312500    | 238096   | 4096    | 128   | 32   | worker   | 12        | 16  | decrease  | asc         | desc       | 8          | 1.79                    | 1.7               | 6   | 27259,27379,27499,27258,27378,27498 | -0.09    | -5.03    |
| 8   | 80         | 10000000 | 312500    | 117648   | 16384   | 2048  | 32   | worker   | 12        | 16  | decrease  | desc        | desc       | 95268      | 649.75                  | 649.66            | 6   | 10769,10889,11009,10768,10888,11008 | -0.09    | -0.01    |
| 12  | 40         | 10000000 | 312500    | 238096   | 1024    | 0     | 32   | io_uring | 12        | 16  | decrease  | desc        | desc       | 8          | 1.2                     | 1.1               | 6   | 17179,17299,17419,17178,17298,17418 | -0.1     | -8.33    |
| 1   | 100        | 10000000 | 625000    | 93458    | 16384   | 8     | 16   | io_uring | 12        | 16  | increase  | asc         | asc        | 4          | 0.61                    | 0.51              | 6   | 764,889,1014,763,888,1013           | -0.1     | -16.39   |
| 15  | 20         | 10000000 | 2500000   | 476191   | 0       | 8     | 4    | io_uring | 12        | 16  | decrease  | asc         | asc        | 8          | 0.49                    | 0.39              | 6   | 21589,21724,21859,21588,21723,21858 | -0.1     | -20.41   |
| 16  | 20         | 10000000 | 2500000   | 476191   | 0       | 8     | 4    | worker   | 12        | 16  | decrease  | desc        | desc       | 1          | 0.33                    | 0.23              | 6   | 22789,22924,23059,22788,22923,23058 | -0.1     | -30.3    |
| 3   | 100        | 10000000 | 625000    | 93458    | 16384   | 8     | 16   | io_uring | 12        | 16  | decrease  | asc         | desc       | 4          | 0.54                    | 0.44              | 6   | 4139,4264,4389,4138,4263,4388       | -0.1     | -18.52   |
| 3   | 100        | 10000000 | 625000    | 93458    | 16384   | 8     | 16   | worker   | 12        | 16  | decrease  | asc         | asc        | 2          | 0.39                    | 0.29              | 6   | 3009,3134,3259,3008,3133,3258       | -0.1     | -25.64   |
| 2   | 100        | 10000000 | 625000    | 93458    | 16384   | 8     | 16   | io_uring | 12        | 16  | increase  | desc        | desc       | 16         | 1.32                    | 1.22              | 6   | 2649,2774,2899,2648,2773,2898       | -0.1     | -7.58    |
| 20  | 40         | 10000000 | 312500    | 238096   | 4096    | 128   | 32   | worker   | 12        | 16  | decrease  | desc        | desc       | 256        | 4.45                    | 4.35              | 6   | 28724,28844,28964,28723,28843,28963 | -0.1     | -2.25    |
| 10  | 40         | 10000000 | 312500    | 238096   | 1024    | 0     | 32   | worker   | 12        | 16  | increase  | desc        | desc       | 4096       | 17.59                   | 17.49             | 6   | 13624,13744,13864,13623,13743,13863 | -0.1     | -0.57    |
| 12  | 40         | 10000000 | 312500    | 238096   | 1024    | 0     | 32   | io_uring | 12        | 16  | decrease  | desc        | asc        | 8192       | 76.34                   | 76.24             | 6   | 16869,16989,17109,16868,16988,17108 | -0.1     | -0.13    |
| 18  | 40         | 10000000 | 312500    | 238096   | 4096    | 128   | 32   | io_uring | 12        | 16  | increase  | desc        | desc       | 251518     | 1079.22                 | 1079.12           | 6   | 26634,26754,26874,26633,26753,26873 | -0.1     | -0.01    |
| 4   | 100        | 10000000 | 625000    | 93458    | 16384   | 8     | 16   | worker   | 12        | 16  | decrease  | desc        | desc       | 16384      | 32.86                   | 32.75             | 6   | 4949,5074,5199,4948,5073,5198       | -0.11    | -0.33    |
| 16  | 20         | 10000000 | 2500000   | 476191   | 0       | 8     | 4    | worker   | 12        | 16  | decrease  | desc        | desc       | 4096       | 4.6                     | 4.49              | 6   | 22849,22984,23119,22848,22983,23118 | -0.11    | -2.39    |
| 17  | 40         | 10000000 | 312500    | 238096   | 4096    | 128   | 32   | io_uring | 12        | 16  | increase  | asc         | desc       | 4096       | 74.79                   | 74.68             | 6   | 25144,25264,25384,25143,25263,25383 | -0.11    | -0.15    |
| 1   | 100        | 10000000 | 625000    | 93458    | 16384   | 8     | 16   | io_uring | 12        | 16  | increase  | asc         | desc       | 16         | 1.44                    | 1.33              | 6   | 1149,1274,1399,1148,1273,1398       | -0.11    | -7.64    |
| 4   | 100        | 10000000 | 625000    | 93458    | 16384   | 8     | 16   | worker   | 12        | 16  | decrease  | desc        | asc        | 32         | 1.4                     | 1.29              | 6   | 4529,4654,4779,4528,4653,4778       | -0.11    | -7.86    |
| 9   | 40         | 10000000 | 312500    | 238096   | 1024    | 0     | 32   | worker   | 12        | 16  | increase  | asc         | asc        | 32         | 1.38                    | 1.27              | 6   | 11789,11909,12029,11788,11908,12028 | -0.11    | -7.97    |
| 12  | 40         | 10000000 | 312500    | 238096   | 1024    | 0     | 32   | worker   | 12        | 16  | decrease  | desc        | desc       | 8          | 1.13                    | 1.02              | 6   | 16459,16579,16699,16458,16578,16698 | -0.11    | -9.73    |
| 20  | 40         | 10000000 | 312500    | 238096   | 4096    | 128   | 32   | worker   | 12        | 16  | decrease  | desc        | asc        | 16         | 1.89                    | 1.78              | 6   | 28344,28464,28584,28343,28463,28583 | -0.11    | -5.82    |
| 1   | 100        | 10000000 | 625000    | 93458    | 16384   | 8     | 16   | io_uring | 12        | 16  | increase  | asc         | asc        | 2          | 0.51                    | 0.4               | 6   | 759,884,1009,758,883,1008           | -0.11    | -21.57   |
| 3   | 100        | 10000000 | 625000    | 93458    | 16384   | 8     | 16   | io_uring | 12        | 16  | decrease  | asc         | desc       | 16         | 1.24                    | 1.13              | 6   | 4149,4274,4399,4148,4273,4398       | -0.11    | -8.87    |
| 7   | 80         | 10000000 | 312500    | 117648   | 16384   | 2048  | 32   | worker   | 12        | 16  | decrease  | asc         | desc       | 16         | 7.49                    | 7.38              | 6   | 9264,9384,9504,9263,9383,9503       | -0.11    | -1.47    |
| 18  | 40         | 10000000 | 312500    | 238096   | 4096    | 128   | 32   | io_uring | 12        | 16  | increase  | desc        | asc        | 95268      | 923.65                  | 923.54            | 6   | 26249,26369,26489,26248,26368,26488 | -0.11    | -0.01    |
| 15  | 20         | 10000000 | 2500000   | 476191   | 0       | 8     | 4    | io_uring | 12        | 16  | decrease  | asc         | desc       | 8192       | 13.42                   | 13.3              | 6   | 22044,22179,22314,22043,22178,22313 | -0.12    | -0.89    |
| 1   | 100        | 10000000 | 625000    | 93458    | 16384   | 8     | 16   | worker   | 12        | 16  | increase  | asc         | asc        | 512        | 3.86                    | 3.74              | 6   | 49,174,299,48,173,298               | -0.12    | -3.11    |
| 12  | 40         | 10000000 | 312500    | 238096   | 1024    | 0     | 32   | io_uring | 12        | 16  | decrease  | desc        | desc       | 32         | 1.68                    | 1.56              | 6   | 17189,17309,17429,17188,17308,17428 | -0.12    | -7.14    |
| 1   | 100        | 10000000 | 625000    | 93458    | 16384   | 8     | 16   | worker   | 12        | 16  | increase  | asc         | desc       | 8          | 0.84                    | 0.72              | 6   | 394,519,644,393,518,643             | -0.12    | -14.29   |
| 13  | 20         | 10000000 | 2500000   | 476191   | 0       | 8     | 4    | io_uring | 12        | 16  | increase  | asc         | desc       | 32         | 0.76                    | 0.64              | 6   | 18764,18899,19034,18763,18898,19033 | -0.12    | -15.79   |
| 3   | 100        | 10000000 | 625000    | 93458    | 16384   | 8     | 16   | worker   | 12        | 16  | decrease  | asc         | asc        | 64         | 1.6                     | 1.48              | 6   | 3034,3159,3284,3033,3158,3283       | -0.12    | -7.5     |
| 13  | 20         | 10000000 | 2500000   | 476191   | 0       | 8     | 4    | io_uring | 12        | 16  | increase  | asc         | asc        | 4096       | 5.22                    | 5.1               | 6   | 18394,18529,18664,18393,18528,18663 | -0.12    | -2.3     |
| 16  | 20         | 10000000 | 2500000   | 476191   | 0       | 8     | 4    | io_uring | 12        | 16  | decrease  | desc        | asc        | 16384      | 71.56                   | 71.44             | 6   | 23264,23399,23534,23263,23398,23533 | -0.12    | -0.17    |
| 6   | 80         | 10000000 | 312500    | 117648   | 16384   | 2048  | 32   | worker   | 12        | 16  | increase  | desc        | asc        | 16384      | 210.56                  | 210.43            | 6   | 7514,7634,7754,7513,7633,7753       | -0.13    | -0.06    |
| 1   | 100        | 10000000 | 625000    | 93458    | 16384   | 8     | 16   | io_uring | 12        | 16  | increase  | asc         | desc       | 2048       | 18.66                   | 18.53             | 6   | 1184,1309,1434,1183,1308,1433       | -0.13    | -0.7     |
| 20  | 40         | 10000000 | 312500    | 238096   | 4096    | 128   | 32   | worker   | 12        | 16  | decrease  | desc        | desc       | 4096       | 22.09                   | 21.96             | 6   | 28744,28864,28984,28743,28863,28983 | -0.13    | -0.59    |
| 4   | 100        | 10000000 | 625000    | 93458    | 16384   | 8     | 16   | io_uring | 12        | 16  | decrease  | desc        | asc        | 16         | 1.16                    | 1.03              | 6   | 5274,5399,5524,5273,5398,5523       | -0.13    | -11.21   |
| 10  | 40         | 10000000 | 312500    | 238096   | 1024    | 0     | 32   | worker   | 12        | 16  | increase  | desc        | asc        | 512        | 6.71                    | 6.58              | 6   | 13249,13369,13489,13248,13368,13488 | -0.13    | -1.94    |
| 14  | 20         | 10000000 | 2500000   | 476191   | 0       | 8     | 4    | worker   | 12        | 16  | increase  | desc        | asc        | 2048       | 4.38                    | 4.25              | 6   | 19199,19334,19469,19198,19333,19468 | -0.13    | -2.97    |
| 20  | 40         | 10000000 | 312500    | 238096   | 4096    | 128   | 32   | io_uring | 12        | 16  | decrease  | desc        | desc       | 2          | 0.69                    | 0.56              | 6   | 29409,29529,29649,29408,29528,29648 | -0.13    | -18.84   |
| 10  | 40         | 10000000 | 312500    | 238096   | 1024    | 0     | 32   | worker   | 12        | 16  | increase  | desc        | desc       | 8          | 1.02                    | 0.89              | 6   | 13579,13699,13819,13578,13698,13818 | -0.13    | -12.75   |
| 14  | 20         | 10000000 | 2500000   | 476191   | 0       | 8     | 4    | io_uring | 12        | 16  | increase  | desc        | desc       | 2          | 0.37                    | 0.24              | 6   | 20364,20499,20634,20363,20498,20633 | -0.13    | -35.14   |
| 7   | 80         | 10000000 | 312500    | 117648   | 16384   | 2048  | 32   | io_uring | 12        | 16  | decrease  | asc         | asc        | 4          | 1.79                    | 1.66              | 6   | 9614,9734,9854,9613,9733,9853       | -0.13    | -7.26    |
| 4   | 100        | 10000000 | 625000    | 93458    | 16384   | 8     | 16   | io_uring | 12        | 16  | decrease  | desc        | asc        | 128        | 2.45                    | 2.32              | 6   | 5289,5414,5539,5288,5413,5538       | -0.13    | -5.31    |
| 7   | 80         | 10000000 | 312500    | 117648   | 16384   | 2048  | 32   | io_uring | 12        | 16  | decrease  | asc         | asc        | 8          | 2.99                    | 2.86              | 6   | 9619,9739,9859,9618,9738,9858       | -0.13    | -4.35    |
| 6   | 80         | 10000000 | 312500    | 117648   | 16384   | 2048  | 32   | worker   | 12        | 16  | increase  | desc        | desc       | 189018     | 1724.55                 | 1724.41           | 6   | 7904,8024,8144,7903,8023,8143       | -0.14    | -0.01    |
| 4   | 100        | 10000000 | 625000    | 93458    | 16384   | 8     | 16   | io_uring | 12        | 16  | decrease  | desc        | asc        | 512        | 5.62                    | 5.48              | 6   | 5299,5424,5549,5298,5423,5548       | -0.14    | -2.49    |
| 7   | 80         | 10000000 | 312500    | 117648   | 16384   | 2048  | 32   | worker   | 12        | 16  | decrease  | asc         | asc        | 64         | 6.04                    | 5.9               | 6   | 8914,9034,9154,8913,9033,9153       | -0.14    | -2.32    |
| 14  | 20         | 10000000 | 2500000   | 476191   | 0       | 8     | 4    | io_uring | 12        | 16  | increase  | desc        | asc        | 2048       | 4.26                    | 4.12              | 6   | 20009,20144,20279,20008,20143,20278 | -0.14    | -3.29    |
| 16  | 20         | 10000000 | 2500000   | 476191   | 0       | 8     | 4    | worker   | 12        | 16  | decrease  | desc        | desc       | 16         | 0.47                    | 0.33              | 6   | 22809,22944,23079,22808,22943,23078 | -0.14    | -29.79   |
| 2   | 100        | 10000000 | 625000    | 93458    | 16384   | 8     | 16   | worker   | 12        | 16  | increase  | desc        | desc       | 64         | 1.62                    | 1.48              | 6   | 1909,2034,2159,1908,2033,2158       | -0.14    | -8.64    |
| 11  | 40         | 10000000 | 312500    | 238096   | 1024    | 0     | 32   | io_uring | 12        | 16  | decrease  | asc         | asc        | 128        | 2.46                    | 2.32              | 6   | 15399,15519,15639,15398,15518,15638 | -0.14    | -5.69    |
| 3   | 100        | 10000000 | 625000    | 93458    | 16384   | 8     | 16   | worker   | 12        | 16  | decrease  | asc         | desc       | 512        | 5.01                    | 4.86              | 6   | 3424,3549,3674,3423,3548,3673       | -0.15    | -2.99    |
| 2   | 100        | 10000000 | 625000    | 93458    | 16384   | 8     | 16   | worker   | 12        | 16  | increase  | desc        | desc       | 32         | 1.5                     | 1.35              | 6   | 1904,2029,2154,1903,2028,2153       | -0.15    | -10.0    |
| 3   | 100        | 10000000 | 625000    | 93458    | 16384   | 8     | 16   | io_uring | 12        | 16  | decrease  | asc         | desc       | 32         | 1.44                    | 1.29              | 6   | 4154,4279,4404,4153,4278,4403       | -0.15    | -10.42   |
| 3   | 100        | 10000000 | 625000    | 93458    | 16384   | 8     | 16   | worker   | 12        | 16  | decrease  | asc         | asc        | 256        | 2.85                    | 2.7               | 6   | 3044,3169,3294,3043,3168,3293       | -0.15    | -5.26    |
| 11  | 40         | 10000000 | 312500    | 238096   | 1024    | 0     | 32   | worker   | 12        | 16  | decrease  | asc         | asc        | 256        | 3.53                    | 3.38              | 6   | 14684,14804,14924,14683,14803,14923 | -0.15    | -4.25    |
| 14  | 20         | 10000000 | 2500000   | 476191   | 0       | 8     | 4    | io_uring | 12        | 16  | increase  | desc        | asc        | 1024       | 2.55                    | 2.4               | 6   | 20004,20139,20274,20003,20138,20273 | -0.15    | -5.88    |
| 15  | 20         | 10000000 | 2500000   | 476191   | 0       | 8     | 4    | worker   | 12        | 16  | decrease  | asc         | desc       | 1024       | 2.65                    | 2.5               | 6   | 21219,21354,21489,21218,21353,21488 | -0.15    | -5.66    |
| 21  | 80         | 10000000 | 10000000  | 117648   | 1048576 | 128   | 1    | io_uring | 12        | 16  | increase  | asc         | asc        | 64         | 3.19                    | 3.04              | 6   | 30664,30809,30954,30663,30808,30953 | -0.15    | -4.7     |
| 2   | 100        | 10000000 | 625000    | 93458    | 16384   | 8     | 16   | io_uring | 12        | 16  | increase  | desc        | desc       | 8          | 0.86                    | 0.71              | 6   | 2644,2769,2894,2643,2768,2893       | -0.15    | -17.44   |
| 12  | 40         | 10000000 | 312500    | 238096   | 1024    | 0     | 32   | worker   | 12        | 16  | decrease  | desc        | desc       | 16         | 1.35                    | 1.2               | 6   | 16464,16584,16704,16463,16583,16703 | -0.15    | -11.11   |
| 13  | 20         | 10000000 | 2500000   | 476191   | 0       | 8     | 4    | io_uring | 12        | 16  | increase  | asc         | asc        | 512        | 1.53                    | 1.38              | 6   | 18379,18514,18649,18378,18513,18648 | -0.15    | -9.8     |
| 1   | 100        | 10000000 | 625000    | 93458    | 16384   | 8     | 16   | io_uring | 12        | 16  | increase  | asc         | asc        | 128        | 2.43                    | 2.28              | 6   | 789,914,1039,788,913,1038           | -0.15    | -6.17    |
| 5   | 80         | 10000000 | 312500    | 117648   | 16384   | 2048  | 32   | io_uring | 12        | 16  | increase  | asc         | asc        | 128        | 10.16                   | 10.01             | 6   | 6759,6879,6999,6758,6878,6998       | -0.15    | -1.48    |
| 7   | 80         | 10000000 | 312500    | 117648   | 16384   | 2048  | 32   | worker   | 12        | 16  | decrease  | asc         | asc        | 32         | 4.19                    | 4.04              | 6   | 8909,9029,9149,8908,9028,9148       | -0.15    | -3.58    |
| 16  | 20         | 10000000 | 2500000   | 476191   | 0       | 8     | 4    | io_uring | 12        | 16  | decrease  | desc        | desc       | 4096       | 5.21                    | 5.06              | 6   | 23659,23794,23929,23658,23793,23928 | -0.15    | -2.88    |
| 17  | 40         | 10000000 | 312500    | 238096   | 4096    | 128   | 32   | worker   | 12        | 16  | increase  | asc         | desc       | 512        | 15.39                   | 15.24             | 6   | 24409,24529,24649,24408,24528,24648 | -0.15    | -0.97    |
| 1   | 100        | 10000000 | 625000    | 93458    | 16384   | 8     | 16   | worker   | 12        | 16  | increase  | asc         | desc       | 8192       | 37.51                   | 37.35             | 6   | 444,569,694,443,568,693             | -0.16    | -0.43    |
| 11  | 40         | 10000000 | 312500    | 238096   | 1024    | 0     | 32   | io_uring | 12        | 16  | decrease  | asc         | asc        | 512        | 5.14                    | 4.98              | 6   | 15409,15529,15649,15408,15528,15648 | -0.16    | -3.11    |
| 17  | 40         | 10000000 | 312500    | 238096   | 4096    | 128   | 32   | worker   | 12        | 16  | increase  | asc         | asc        | 128        | 3.3                     | 3.14              | 6   | 24039,24159,24279,24038,24158,24278 | -0.16    | -4.85    |
| 11  | 40         | 10000000 | 312500    | 238096   | 1024    | 0     | 32   | io_uring | 12        | 16  | decrease  | asc         | asc        | 8          | 1.13                    | 0.97              | 6   | 15379,15499,15619,15378,15498,15618 | -0.16    | -14.16   |
| 10  | 40         | 10000000 | 312500    | 238096   | 1024    | 0     | 32   | io_uring | 12        | 16  | increase  | desc        | desc       | 1          | 0.5                     | 0.34              | 6   | 14284,14404,14524,14283,14403,14523 | -0.16    | -32.0    |
| 1   | 100        | 10000000 | 625000    | 93458    | 16384   | 8     | 16   | worker   | 12        | 16  | increase  | asc         | asc        | 16         | 1.07                    | 0.91              | 6   | 24,149,274,23,148,273               | -0.16    | -14.95   |
| 2   | 100        | 10000000 | 625000    | 93458    | 16384   | 8     | 16   | io_uring | 12        | 16  | increase  | desc        | desc       | 512        | 4.72                    | 4.56              | 6   | 2674,2799,2924,2673,2798,2923       | -0.16    | -3.39    |
| 6   | 80         | 10000000 | 312500    | 117648   | 16384   | 2048  | 32   | io_uring | 12        | 16  | increase  | desc        | asc        | 4          | 3.98                    | 3.82              | 6   | 8174,8294,8414,8173,8293,8413       | -0.16    | -4.02    |
| 12  | 40         | 10000000 | 312500    | 238096   | 1024    | 0     | 32   | worker   | 12        | 16  | decrease  | desc        | desc       | 282768     | 845.21                  | 845.05            | 6   | 16559,16679,16799,16558,16678,16798 | -0.16    | -0.02    |
| 21  | 80         | 10000000 | 10000000  | 117648   | 1048576 | 128   | 1    | worker   | 12        | 16  | increase  | asc         | asc        | 2048576    | 669.14                  | 668.97            | 6   | 29869,30014,30159,29868,30013,30158 | -0.17    | -0.03    |
| 21  | 80         | 10000000 | 10000000  | 117648   | 1048576 | 128   | 1    | worker   | 12        | 16  | increase  | asc         | asc        | 1024       | 22.88                   | 22.71             | 6   | 29814,29959,30104,29813,29958,30103 | -0.17    | -0.74    |
| 19  | 40         | 10000000 | 312500    | 238096   | 4096    | 128   | 32   | worker   | 12        | 16  | decrease  | asc         | desc       | 64         | 4.06                    | 3.89              | 6   | 27274,27394,27514,27273,27393,27513 | -0.17    | -4.19    |
| 3   | 100        | 10000000 | 625000    | 93458    | 16384   | 8     | 16   | worker   | 12        | 16  | decrease  | asc         | desc       | 128        | 2.21                    | 2.04              | 6   | 3414,3539,3664,3413,3538,3663       | -0.17    | -7.69    |
| 7   | 80         | 10000000 | 312500    | 117648   | 16384   | 2048  | 32   | io_uring | 12        | 16  | decrease  | asc         | asc        | 2          | 1.13                    | 0.96              | 6   | 9609,9729,9849,9608,9728,9848       | -0.17    | -15.04   |
| 12  | 40         | 10000000 | 312500    | 238096   | 1024    | 0     | 32   | worker   | 12        | 16  | decrease  | desc        | desc       | 4          | 0.73                    | 0.56              | 6   | 16454,16574,16694,16453,16573,16693 | -0.17    | -23.29   |
| 17  | 40         | 10000000 | 312500    | 238096   | 4096    | 128   | 32   | worker   | 12        | 16  | increase  | asc         | desc       | 128        | 6.02                    | 5.85              | 6   | 24399,24519,24639,24398,24518,24638 | -0.17    | -2.82    |
| 3   | 100        | 10000000 | 625000    | 93458    | 16384   | 8     | 16   | io_uring | 12        | 16  | decrease  | asc         | desc       | 64         | 1.82                    | 1.65              | 6   | 4159,4284,4409,4158,4283,4408       | -0.17    | -9.34    |
| 13  | 20         | 10000000 | 2500000   | 476191   | 0       | 8     | 4    | io_uring | 12        | 16  | increase  | asc         | desc       | 16384      | 78.64                   | 78.47             | 6   | 18809,18944,19079,18808,18943,19078 | -0.17    | -0.22    |
| 15  | 20         | 10000000 | 2500000   | 476191   | 0       | 8     | 4    | worker   | 12        | 16  | decrease  | asc         | desc       | 8192       | 13.41                   | 13.23             | 6   | 21234,21369,21504,21233,21368,21503 | -0.18    | -1.34    |
| 16  | 20         | 10000000 | 2500000   | 476191   | 0       | 8     | 4    | io_uring | 12        | 16  | decrease  | desc        | asc        | 1024       | 5.68                    | 5.5               | 6   | 23244,23379,23514,23243,23378,23513 | -0.18    | -3.17    |
| 10  | 40         | 10000000 | 312500    | 238096   | 1024    | 0     | 32   | worker   | 12        | 16  | increase  | desc        | asc        | 16         | 1.17                    | 0.99              | 6   | 13224,13344,13464,13223,13343,13463 | -0.18    | -15.38   |
| 1   | 100        | 10000000 | 625000    | 93458    | 16384   | 8     | 16   | worker   | 12        | 16  | increase  | asc         | desc       | 128        | 2.2                     | 2.02              | 6   | 414,539,664,413,538,663             | -0.18    | -8.18    |
| 2   | 100        | 10000000 | 625000    | 93458    | 16384   | 8     | 16   | worker   | 12        | 16  | increase  | desc        | asc        | 1024       | 7.95                    | 7.77              | 6   | 1554,1679,1804,1553,1678,1803       | -0.18    | -2.26    |
| 20  | 40         | 10000000 | 312500    | 238096   | 4096    | 128   | 32   | worker   | 12        | 16  | decrease  | desc        | asc        | 2048       | 31.51                   | 31.33             | 6   | 28379,28499,28619,28378,28498,28618 | -0.18    | -0.57    |
| 3   | 100        | 10000000 | 625000    | 93458    | 16384   | 8     | 16   | io_uring | 12        | 16  | decrease  | asc         | asc        | 128036     | 198.91                  | 198.73            | 6   | 3839,3964,4089,3838,3963,4088       | -0.18    | -0.09    |
| 5   | 80         | 10000000 | 312500    | 117648   | 16384   | 2048  | 32   | worker   | 12        | 16  | increase  | asc         | asc        | 95268      | 646.34                  | 646.16            | 6   | 6089,6209,6329,6088,6208,6328       | -0.18    | -0.03    |
| 1   | 100        | 10000000 | 625000    | 93458    | 16384   | 8     | 16   | io_uring | 12        | 16  | increase  | asc         | desc       | 1024       | 10.93                   | 10.74             | 6   | 1179,1304,1429,1178,1303,1428       | -0.19    | -1.74    |
| 6   | 80         | 10000000 | 312500    | 117648   | 16384   | 2048  | 32   | io_uring | 12        | 16  | increase  | desc        | asc        | 2          | 2.15                    | 1.96              | 6   | 8169,8289,8409,8168,8288,8408       | -0.19    | -8.84    |
| 6   | 80         | 10000000 | 312500    | 117648   | 16384   | 2048  | 32   | worker   | 12        | 16  | increase  | desc        | asc        | 2          | 1.9                     | 1.71              | 6   | 7449,7569,7689,7448,7568,7688       | -0.19    | -10.0    |
| 16  | 20         | 10000000 | 2500000   | 476191   | 0       | 8     | 4    | io_uring | 12        | 16  | decrease  | desc        | asc        | 32         | 0.75                    | 0.56              | 6   | 23219,23354,23489,23218,23353,23488 | -0.19    | -25.33   |
| 16  | 20         | 10000000 | 2500000   | 476191   | 0       | 8     | 4    | worker   | 12        | 16  | decrease  | desc        | desc       | 2048       | 3.05                    | 2.85              | 6   | 22844,22979,23114,22843,22978,23113 | -0.2     | -6.56    |
| 1   | 100        | 10000000 | 625000    | 93458    | 16384   | 8     | 16   | io_uring | 12        | 16  | increase  | asc         | desc       | 32         | 1.91                    | 1.71              | 6   | 1154,1279,1404,1153,1278,1403       | -0.2     | -10.47   |
| 9   | 40         | 10000000 | 312500    | 238096   | 1024    | 0     | 32   | worker   | 12        | 16  | increase  | asc         | desc       | 8          | 0.94                    | 0.74              | 6   | 12139,12259,12379,12138,12258,12378 | -0.2     | -21.28   |
| 12  | 40         | 10000000 | 312500    | 238096   | 1024    | 0     | 32   | worker   | 12        | 16  | decrease  | desc        | asc        | 8          | 1.01                    | 0.81              | 6   | 16099,16219,16339,16098,16218,16338 | -0.2     | -19.8    |
| 2   | 100        | 10000000 | 625000    | 93458    | 16384   | 8     | 16   | worker   | 12        | 16  | increase  | desc        | desc       | 256        | 2.48                    | 2.28              | 6   | 1919,2044,2169,1918,2043,2168       | -0.2     | -8.06    |
| 10  | 40         | 10000000 | 312500    | 238096   | 1024    | 0     | 32   | io_uring | 12        | 16  | increase  | desc        | asc        | 256        | 5.0                     | 4.8               | 6   | 13964,14084,14204,13963,14083,14203 | -0.2     | -4.0     |
| 8   | 80         | 10000000 | 312500    | 117648   | 16384   | 2048  | 32   | worker   | 12        | 16  | decrease  | desc        | desc       | 16384      | 128.09                  | 127.89            | 6   | 10754,10874,10994,10753,10873,10993 | -0.2     | -0.16    |
| 1   | 100        | 10000000 | 625000    | 93458    | 16384   | 8     | 16   | io_uring | 12        | 16  | increase  | asc         | asc        | 1024       | 7.47                    | 7.26              | 6   | 804,929,1054,803,928,1053           | -0.21    | -2.81    |
| 10  | 40         | 10000000 | 312500    | 238096   | 1024    | 0     | 32   | io_uring | 12        | 16  | increase  | desc        | asc        | 512        | 7.61                    | 7.4               | 6   | 13969,14089,14209,13968,14088,14208 | -0.21    | -2.76    |
| 11  | 40         | 10000000 | 312500    | 238096   | 1024    | 0     | 32   | io_uring | 12        | 16  | decrease  | asc         | asc        | 1024       | 7.87                    | 7.66              | 6   | 15414,15534,15654,15413,15533,15653 | -0.21    | -2.67    |
| 4   | 100        | 10000000 | 625000    | 93458    | 16384   | 8     | 16   | io_uring | 12        | 16  | decrease  | desc        | desc       | 128        | 2.22                    | 2.01              | 6   | 5664,5789,5914,5663,5788,5913       | -0.21    | -9.46    |
| 8   | 80         | 10000000 | 312500    | 117648   | 16384   | 2048  | 32   | worker   | 12        | 16  | decrease  | desc        | desc       | 8          | 2.99                    | 2.78              | 6   | 10699,10819,10939,10698,10818,10938 | -0.21    | -7.02    |
| 2   | 100        | 10000000 | 625000    | 93458    | 16384   | 8     | 16   | worker   | 12        | 16  | increase  | desc        | desc       | 32768      | 52.86                   | 52.65             | 6   | 1954,2079,2204,1953,2078,2203       | -0.21    | -0.4     |
| 9   | 40         | 10000000 | 312500    | 238096   | 1024    | 0     | 32   | io_uring | 12        | 16  | increase  | asc         | desc       | 189018     | 1706.93                 | 1706.72           | 6   | 12944,13064,13184,12943,13063,13183 | -0.21    | -0.01    |
| 2   | 100        | 10000000 | 625000    | 93458    | 16384   | 8     | 16   | io_uring | 12        | 16  | increase  | desc        | asc        | 32         | 1.51                    | 1.29              | 6   | 2279,2404,2529,2278,2403,2528       | -0.22    | -14.57   |
| 10  | 40         | 10000000 | 312500    | 238096   | 1024    | 0     | 32   | io_uring | 12        | 16  | increase  | desc        | desc       | 16         | 1.58                    | 1.36              | 6   | 14304,14424,14544,14303,14423,14543 | -0.22    | -13.92   |
| 10  | 40         | 10000000 | 312500    | 238096   | 1024    | 0     | 32   | worker   | 12        | 16  | increase  | desc        | asc        | 256        | 3.81                    | 3.59              | 6   | 13244,13364,13484,13243,13363,13483 | -0.22    | -5.77    |
| 16  | 20         | 10000000 | 2500000   | 476191   | 0       | 8     | 4    | io_uring | 12        | 16  | decrease  | desc        | asc        | 1762144    | 7995.62                 | 7995.4            | 6   | 23314,23449,23584,23313,23448,23583 | -0.22    | 0.0      |
| 7   | 80         | 10000000 | 312500    | 117648   | 16384   | 2048  | 32   | io_uring | 12        | 16  | decrease  | asc         | desc       | 32         | 8.94                    | 8.71              | 6   | 9989,10109,10229,9988,10108,10228   | -0.23    | -2.57    |
| 2   | 100        | 10000000 | 625000    | 93458    | 16384   | 8     | 16   | io_uring | 12        | 16  | increase  | desc        | asc        | 64         | 1.67                    | 1.44              | 6   | 2284,2409,2534,2283,2408,2533       | -0.23    | -13.77   |
| 11  | 40         | 10000000 | 312500    | 238096   | 1024    | 0     | 32   | worker   | 12        | 16  | decrease  | asc         | asc        | 512        | 4.91                    | 4.68              | 6   | 14689,14809,14929,14688,14808,14928 | -0.23    | -4.68    |
| 12  | 40         | 10000000 | 312500    | 238096   | 1024    | 0     | 32   | io_uring | 12        | 16  | decrease  | desc        | desc       | 4096       | 18.45                   | 18.22             | 6   | 17224,17344,17464,17223,17343,17463 | -0.23    | -1.25    |
| 17  | 40         | 10000000 | 312500    | 238096   | 4096    | 128   | 32   | worker   | 12        | 16  | increase  | asc         | asc        | 2048       | 14.81                   | 14.58             | 6   | 24059,24179,24299,24058,24178,24298 | -0.23    | -1.55    |
| 5   | 80         | 10000000 | 312500    | 117648   | 16384   | 2048  | 32   | worker   | 12        | 16  | increase  | asc         | asc        | 32         | 4.81                    | 4.57              | 6   | 6029,6149,6269,6028,6148,6268       | -0.24    | -4.99    |
| 9   | 40         | 10000000 | 312500    | 238096   | 1024    | 0     | 32   | worker   | 12        | 16  | increase  | asc         | desc       | 512        | 7.14                    | 6.9               | 6   | 12169,12289,12409,12168,12288,12408 | -0.24    | -3.36    |
| 10  | 40         | 10000000 | 312500    | 238096   | 1024    | 0     | 32   | worker   | 12        | 16  | increase  | desc        | asc        | 128        | 2.46                    | 2.22              | 6   | 13239,13359,13479,13238,13358,13478 | -0.24    | -9.76    |
| 7   | 80         | 10000000 | 312500    | 117648   | 16384   | 2048  | 32   | io_uring | 12        | 16  | decrease  | asc         | desc       | 1          | 1.3                     | 1.06              | 6   | 9964,10084,10204,9963,10083,10203   | -0.24    | -18.46   |
| 2   | 100        | 10000000 | 625000    | 93458    | 16384   | 8     | 16   | io_uring | 12        | 16  | increase  | desc        | desc       | 1024       | 7.23                    | 6.99              | 6   | 2679,2804,2929,2678,2803,2928       | -0.24    | -3.32    |
| 3   | 100        | 10000000 | 625000    | 93458    | 16384   | 8     | 16   | io_uring | 12        | 16  | decrease  | asc         | asc        | 1024       | 7.38                    | 7.14              | 6   | 3804,3929,4054,3803,3928,4053       | -0.24    | -3.25    |
| 4   | 100        | 10000000 | 625000    | 93458    | 16384   | 8     | 16   | worker   | 12        | 16  | decrease  | desc        | asc        | 256        | 3.14                    | 2.9               | 6   | 4544,4669,4794,4543,4668,4793       | -0.24    | -7.64    |
| 5   | 80         | 10000000 | 312500    | 117648   | 16384   | 2048  | 32   | io_uring | 12        | 16  | increase  | asc         | desc       | 16         | 7.13                    | 6.89              | 6   | 7104,7224,7344,7103,7223,7343       | -0.24    | -3.37    |
| 21  | 80         | 10000000 | 10000000  | 117648   | 1048576 | 128   | 1    | worker   | 12        | 16  | increase  | asc         | asc        | 32         | 1.62                    | 1.38              | 6   | 29789,29934,30079,29788,29933,30078 | -0.24    | -14.81   |
| 4   | 100        | 10000000 | 625000    | 93458    | 16384   | 8     | 16   | worker   | 12        | 16  | decrease  | desc        | desc       | 253036     | 335.3                   | 335.06            | 6   | 4974,5099,5224,4973,5098,5223       | -0.24    | -0.07    |
| 11  | 40         | 10000000 | 312500    | 238096   | 1024    | 0     | 32   | io_uring | 12        | 16  | decrease  | asc         | asc        | 4096       | 20.29                   | 20.04             | 6   | 15424,15544,15664,15423,15543,15663 | -0.25    | -1.23    |
| 14  | 20         | 10000000 | 2500000   | 476191   | 0       | 8     | 4    | worker   | 12        | 16  | increase  | desc        | asc        | 4096       | 7.44                    | 7.19              | 6   | 19204,19339,19474,19203,19338,19473 | -0.25    | -3.36    |
| 16  | 20         | 10000000 | 2500000   | 476191   | 0       | 8     | 4    | worker   | 12        | 16  | decrease  | desc        | desc       | 8192       | 8.26                    | 8.01              | 6   | 22854,22989,23124,22853,22988,23123 | -0.25    | -3.03    |
| 17  | 40         | 10000000 | 312500    | 238096   | 4096    | 128   | 32   | io_uring | 12        | 16  | increase  | asc         | asc        | 8          | 1.78                    | 1.53              | 6   | 24739,24859,24979,24738,24858,24978 | -0.25    | -14.04   |
| 19  | 40         | 10000000 | 312500    | 238096   | 4096    | 128   | 32   | io_uring | 12        | 16  | decrease  | asc         | desc       | 128        | 8.25                    | 8.0               | 6   | 27999,28119,28239,27998,28118,28238 | -0.25    | -3.03    |
| 21  | 80         | 10000000 | 10000000  | 117648   | 1048576 | 128   | 1    | worker   | 12        | 16  | increase  | asc         | asc        | 64         | 2.96                    | 2.7               | 6   | 29794,29939,30084,29793,29938,30083 | -0.26    | -8.78    |
| 8   | 80         | 10000000 | 312500    | 117648   | 16384   | 2048  | 32   | worker   | 12        | 16  | decrease  | desc        | desc       | 16         | 3.08                    | 2.82              | 6   | 10704,10824,10944,10703,10823,10943 | -0.26    | -8.44    |
| 13  | 20         | 10000000 | 2500000   | 476191   | 0       | 8     | 4    | worker   | 12        | 16  | increase  | asc         | desc       | 64         | 1.08                    | 0.81              | 6   | 17959,18094,18229,17958,18093,18228 | -0.27    | -25.0    |
| 5   | 80         | 10000000 | 312500    | 117648   | 16384   | 2048  | 32   | io_uring | 12        | 16  | increase  | asc         | asc        | 4          | 1.99                    | 1.71              | 6   | 6734,6854,6974,6733,6853,6973       | -0.28    | -14.07   |
| 11  | 40         | 10000000 | 312500    | 238096   | 1024    | 0     | 32   | io_uring | 12        | 16  | decrease  | asc         | desc       | 2048       | 20.49                   | 20.2              | 6   | 15779,15899,16019,15778,15898,16018 | -0.29    | -1.42    |
| 1   | 100        | 10000000 | 625000    | 93458    | 16384   | 8     | 16   | worker   | 12        | 16  | increase  | asc         | desc       | 32         | 1.69                    | 1.4               | 6   | 404,529,654,403,528,653             | -0.29    | -17.16   |
| 20  | 40         | 10000000 | 312500    | 238096   | 4096    | 128   | 32   | worker   | 12        | 16  | decrease  | desc        | desc       | 32         | 1.93                    | 1.64              | 6   | 28709,28829,28949,28708,28828,28948 | -0.29    | -15.03   |
| 6   | 80         | 10000000 | 312500    | 117648   | 16384   | 2048  | 32   | worker   | 12        | 16  | increase  | desc        | desc       | 8192       | 85.78                   | 85.49             | 6   | 7869,7989,8109,7868,7988,8108       | -0.29    | -0.34    |
| 11  | 40         | 10000000 | 312500    | 238096   | 1024    | 0     | 32   | io_uring | 12        | 16  | decrease  | asc         | asc        | 189018     | 734.34                  | 734.05            | 6   | 15464,15584,15704,15463,15583,15703 | -0.29    | -0.04    |
| 7   | 80         | 10000000 | 312500    | 117648   | 16384   | 2048  | 32   | worker   | 12        | 16  | decrease  | asc         | asc        | 512        | 17.83                   | 17.53             | 6   | 8929,9049,9169,8928,9048,9168       | -0.3     | -1.68    |
| 20  | 40         | 10000000 | 312500    | 238096   | 4096    | 128   | 32   | io_uring | 12        | 16  | decrease  | desc        | desc       | 256        | 5.35                    | 5.05              | 6   | 29444,29564,29684,29443,29563,29683 | -0.3     | -5.61    |
| 8   | 80         | 10000000 | 312500    | 117648   | 16384   | 2048  | 32   | io_uring | 12        | 16  | decrease  | desc        | desc       | 4          | 1.98                    | 1.68              | 6   | 11414,11534,11654,11413,11533,11653 | -0.3     | -15.15   |
| 9   | 40         | 10000000 | 312500    | 238096   | 1024    | 0     | 32   | worker   | 12        | 16  | increase  | asc         | desc       | 256        | 4.2                     | 3.9               | 6   | 12164,12284,12404,12163,12283,12403 | -0.3     | -7.14    |
| 14  | 20         | 10000000 | 2500000   | 476191   | 0       | 8     | 4    | io_uring | 12        | 16  | increase  | desc        | asc        | 8192       | 13.34                   | 13.04             | 6   | 20019,20154,20289,20018,20153,20288 | -0.3     | -2.25    |
| 18  | 40         | 10000000 | 312500    | 238096   | 4096    | 128   | 32   | io_uring | 12        | 16  | increase  | desc        | asc        | 1024       | 26.9                    | 26.59             | 6   | 26214,26334,26454,26213,26333,26453 | -0.31    | -1.15    |
| 2   | 100        | 10000000 | 625000    | 93458    | 16384   | 8     | 16   | worker   | 12        | 16  | increase  | desc        | desc       | 1024       | 6.13                    | 5.82              | 6   | 1929,2054,2179,1928,2053,2178       | -0.31    | -5.06    |
| 7   | 80         | 10000000 | 312500    | 117648   | 16384   | 2048  | 32   | io_uring | 12        | 16  | decrease  | asc         | asc        | 64         | 6.5                     | 6.19              | 6   | 9634,9754,9874,9633,9753,9873       | -0.31    | -4.77    |
| 17  | 40         | 10000000 | 312500    | 238096   | 4096    | 128   | 32   | io_uring | 12        | 16  | increase  | asc         | asc        | 32         | 2.51                    | 2.2               | 6   | 24749,24869,24989,24748,24868,24988 | -0.31    | -12.35   |
| 8   | 80         | 10000000 | 312500    | 117648   | 16384   | 2048  | 32   | io_uring | 12        | 16  | decrease  | desc        | asc        | 2          | 1.81                    | 1.5               | 6   | 11049,11169,11289,11048,11168,11288 | -0.31    | -17.13   |
| 2   | 100        | 10000000 | 625000    | 93458    | 16384   | 8     | 16   | io_uring | 12        | 16  | increase  | desc        | desc       | 64         | 1.98                    | 1.66              | 6   | 2659,2784,2909,2658,2783,2908       | -0.32    | -16.16   |
| 5   | 80         | 10000000 | 312500    | 117648   | 16384   | 2048  | 32   | worker   | 12        | 16  | increase  | asc         | asc        | 256        | 13.17                   | 12.85             | 6   | 6044,6164,6284,6043,6163,6283       | -0.32    | -2.43    |
| 5   | 80         | 10000000 | 312500    | 117648   | 16384   | 2048  | 32   | worker   | 12        | 16  | increase  | asc         | desc       | 4          | 3.35                    | 3.03              | 6   | 6374,6494,6614,6373,6493,6613       | -0.32    | -9.55    |
| 16  | 20         | 10000000 | 2500000   | 476191   | 0       | 8     | 4    | io_uring | 12        | 16  | decrease  | desc        | desc       | 8192       | 9.33                    | 9.01              | 6   | 23664,23799,23934,23663,23798,23933 | -0.32    | -3.43    |
| 11  | 40         | 10000000 | 312500    | 238096   | 1024    | 0     | 32   | io_uring | 12        | 16  | decrease  | asc         | desc       | 4096       | 35.91                   | 35.58             | 6   | 15784,15904,16024,15783,15903,16023 | -0.33    | -0.92    |
| 3   | 100        | 10000000 | 625000    | 93458    | 16384   | 8     | 16   | io_uring | 12        | 16  | decrease  | asc         | asc        | 128        | 2.71                    | 2.38              | 6   | 3789,3914,4039,3788,3913,4038       | -0.33    | -12.18   |
| 1   | 100        | 10000000 | 625000    | 93458    | 16384   | 8     | 16   | io_uring | 12        | 16  | increase  | asc         | asc        | 256        | 3.61                    | 3.27              | 6   | 794,919,1044,793,918,1043           | -0.34    | -9.42    |
| 18  | 40         | 10000000 | 312500    | 238096   | 4096    | 128   | 32   | io_uring | 12        | 16  | increase  | desc        | desc       | 4096       | 25.59                   | 25.25             | 6   | 26584,26704,26824,26583,26703,26823 | -0.34    | -1.33    |
| 4   | 100        | 10000000 | 625000    | 93458    | 16384   | 8     | 16   | io_uring | 12        | 16  | decrease  | desc        | desc       | 64         | 1.74                    | 1.4               | 6   | 5659,5784,5909,5658,5783,5908       | -0.34    | -19.54   |
| 19  | 40         | 10000000 | 312500    | 238096   | 4096    | 128   | 32   | worker   | 12        | 16  | decrease  | asc         | desc       | 251518     | 2047.27                 | 2046.92           | 6   | 27354,27474,27594,27353,27473,27593 | -0.35    | -0.02    |
| 9   | 40         | 10000000 | 312500    | 238096   | 1024    | 0     | 32   | worker   | 12        | 16  | increase  | asc         | desc       | 1024       | 11.43                   | 11.08             | 6   | 12174,12294,12414,12173,12293,12413 | -0.35    | -3.06    |
| 8   | 80         | 10000000 | 312500    | 117648   | 16384   | 2048  | 32   | io_uring | 12        | 16  | decrease  | desc        | desc       | 16         | 3.08                    | 2.73              | 6   | 11424,11544,11664,11423,11543,11663 | -0.35    | -11.36   |
| 11  | 40         | 10000000 | 312500    | 238096   | 1024    | 0     | 32   | io_uring | 12        | 16  | decrease  | asc         | desc       | 64         | 2.2                     | 1.85              | 6   | 15754,15874,15994,15753,15873,15993 | -0.35    | -15.91   |
| 8   | 80         | 10000000 | 312500    | 117648   | 16384   | 2048  | 32   | io_uring | 12        | 16  | decrease  | desc        | asc        | 64         | 16.53                   | 16.18             | 6   | 11074,11194,11314,11073,11193,11313 | -0.35    | -2.12    |
| 5   | 80         | 10000000 | 312500    | 117648   | 16384   | 2048  | 32   | io_uring | 12        | 16  | increase  | asc         | asc        | 1024       | 24.81                   | 24.45             | 6   | 6774,6894,7014,6773,6893,7013       | -0.36    | -1.45    |
| 5   | 80         | 10000000 | 312500    | 117648   | 16384   | 2048  | 32   | io_uring | 12        | 16  | increase  | asc         | asc        | 8          | 3.25                    | 2.89              | 6   | 6739,6859,6979,6738,6858,6978       | -0.36    | -11.08   |
| 14  | 20         | 10000000 | 2500000   | 476191   | 0       | 8     | 4    | io_uring | 12        | 16  | increase  | desc        | asc        | 4096       | 7.49                    | 7.13              | 6   | 20014,20149,20284,20013,20148,20283 | -0.36    | -4.81    |
| 3   | 100        | 10000000 | 625000    | 93458    | 16384   | 8     | 16   | worker   | 12        | 16  | decrease  | asc         | desc       | 64         | 1.83                    | 1.46              | 6   | 3409,3534,3659,3408,3533,3658       | -0.37    | -20.22   |
| 17  | 40         | 10000000 | 312500    | 238096   | 4096    | 128   | 32   | worker   | 12        | 16  | increase  | asc         | desc       | 8192       | 93.18                   | 92.81             | 6   | 24429,24549,24669,24428,24548,24668 | -0.37    | -0.4     |
| 20  | 40         | 10000000 | 312500    | 238096   | 4096    | 128   | 32   | io_uring | 12        | 16  | decrease  | desc        | asc        | 4096       | 67.24                   | 66.86             | 6   | 29104,29224,29344,29103,29223,29343 | -0.38    | -0.57    |
| 13  | 20         | 10000000 | 2500000   | 476191   | 0       | 8     | 4    | io_uring | 12        | 16  | increase  | asc         | asc        | 32768      | 29.38                   | 29.0              | 6   | 18409,18544,18679,18408,18543,18678 | -0.38    | -1.29    |
| 9   | 40         | 10000000 | 312500    | 238096   | 1024    | 0     | 32   | io_uring | 12        | 16  | increase  | asc         | asc        | 1024       | 7.68                    | 7.3               | 6   | 12534,12654,12774,12533,12653,12773 | -0.38    | -4.95    |
| 15  | 20         | 10000000 | 2500000   | 476191   | 0       | 8     | 4    | worker   | 12        | 16  | decrease  | asc         | desc       | 4096       | 7.62                    | 7.24              | 6   | 21229,21364,21499,21228,21363,21498 | -0.38    | -4.99    |
| 16  | 20         | 10000000 | 2500000   | 476191   | 0       | 8     | 4    | worker   | 12        | 16  | decrease  | desc        | desc       | 1024       | 2.06                    | 1.67              | 6   | 22839,22974,23109,22838,22973,23108 | -0.39    | -18.93   |
| 17  | 40         | 10000000 | 312500    | 238096   | 4096    | 128   | 32   | worker   | 12        | 16  | increase  | asc         | desc       | 8          | 1.86                    | 1.47              | 6   | 24379,24499,24619,24378,24498,24618 | -0.39    | -20.97   |
| 7   | 80         | 10000000 | 312500    | 117648   | 16384   | 2048  | 32   | io_uring | 12        | 16  | decrease  | asc         | asc        | 8192       | 88.5                    | 88.11             | 6   | 9669,9789,9909,9668,9788,9908       | -0.39    | -0.44    |
| 4   | 100        | 10000000 | 625000    | 93458    | 16384   | 8     | 16   | worker   | 12        | 16  | decrease  | desc        | asc        | 565536     | 1717.0                  | 1716.61           | 6   | 4624,4749,4874,4623,4748,4873       | -0.39    | -0.02    |
| 10  | 40         | 10000000 | 312500    | 238096   | 1024    | 0     | 32   | io_uring | 12        | 16  | increase  | desc        | desc       | 8192       | 38.3                    | 37.9              | 6   | 14349,14469,14589,14348,14468,14588 | -0.4     | -1.04    |
| 19  | 40         | 10000000 | 312500    | 238096   | 4096    | 128   | 32   | io_uring | 12        | 16  | decrease  | asc         | asc        | 8192       | 42.23                   | 41.83             | 6   | 27669,27789,27909,27668,27788,27908 | -0.4     | -0.95    |
| 5   | 80         | 10000000 | 312500    | 117648   | 16384   | 2048  | 32   | io_uring | 12        | 16  | increase  | asc         | desc       | 1          | 1.48                    | 1.08              | 6   | 7084,7204,7324,7083,7203,7323       | -0.4     | -27.03   |
| 11  | 40         | 10000000 | 312500    | 238096   | 1024    | 0     | 32   | worker   | 12        | 16  | decrease  | asc         | asc        | 2048       | 10.34                   | 9.94              | 6   | 14699,14819,14939,14698,14818,14938 | -0.4     | -3.87    |
| 10  | 40         | 10000000 | 312500    | 238096   | 1024    | 0     | 32   | io_uring | 12        | 16  | increase  | desc        | desc       | 16384      | 70.08                   | 69.67             | 6   | 14354,14474,14594,14353,14473,14593 | -0.41    | -0.59    |
| 18  | 40         | 10000000 | 312500    | 238096   | 4096    | 128   | 32   | io_uring | 12        | 16  | increase  | desc        | asc        | 16384      | 175.88                  | 175.47            | 6   | 26234,26354,26474,26233,26353,26473 | -0.41    | -0.23    |
| 17  | 40         | 10000000 | 312500    | 238096   | 4096    | 128   | 32   | io_uring | 12        | 16  | increase  | asc         | desc       | 16         | 3.73                    | 3.32              | 6   | 25104,25224,25344,25103,25223,25343 | -0.41    | -10.99   |
| 12  | 40         | 10000000 | 312500    | 238096   | 1024    | 0     | 32   | worker   | 12        | 16  | decrease  | desc        | desc       | 256        | 3.62                    | 3.2               | 6   | 16484,16604,16724,16483,16603,16723 | -0.42    | -11.6    |
| 7   | 80         | 10000000 | 312500    | 117648   | 16384   | 2048  | 32   | io_uring | 12        | 16  | decrease  | asc         | desc       | 1024       | 60.57                   | 60.15             | 6   | 10014,10134,10254,10013,10133,10253 | -0.42    | -0.69    |
| 1   | 100        | 10000000 | 625000    | 93458    | 16384   | 8     | 16   | io_uring | 12        | 16  | increase  | asc         | asc        | 128036     | 189.76                  | 189.33            | 6   | 839,964,1089,838,963,1088           | -0.43    | -0.23    |
| 15  | 20         | 10000000 | 2500000   | 476191   | 0       | 8     | 4    | io_uring | 12        | 16  | decrease  | asc         | desc       | 2048       | 4.77                    | 4.34              | 6   | 22034,22169,22304,22033,22168,22303 | -0.43    | -9.01    |
| 2   | 100        | 10000000 | 625000    | 93458    | 16384   | 8     | 16   | worker   | 12        | 16  | increase  | desc        | desc       | 512        | 4.29                    | 3.86              | 6   | 1924,2049,2174,1923,2048,2173       | -0.43    | -10.02   |
| 17  | 40         | 10000000 | 312500    | 238096   | 4096    | 128   | 32   | io_uring | 12        | 16  | increase  | asc         | asc        | 64018      | 288.6                   | 288.17            | 6   | 24804,24924,25044,24803,24923,25043 | -0.43    | -0.15    |
| 6   | 80         | 10000000 | 312500    | 117648   | 16384   | 2048  | 32   | worker   | 12        | 16  | increase  | desc        | asc        | 32         | 9.62                    | 9.18              | 6   | 7469,7589,7709,7468,7588,7708       | -0.44    | -4.57    |
| 12  | 40         | 10000000 | 312500    | 238096   | 1024    | 0     | 32   | io_uring | 12        | 16  | decrease  | desc        | asc        | 128        | 3.44                    | 3.0               | 6   | 16839,16959,17079,16838,16958,17078 | -0.44    | -12.79   |
| 19  | 40         | 10000000 | 312500    | 238096   | 4096    | 128   | 32   | io_uring | 12        | 16  | decrease  | asc         | asc        | 512        | 7.48                    | 7.04              | 6   | 27649,27769,27889,27648,27768,27888 | -0.44    | -5.88    |
| 20  | 40         | 10000000 | 312500    | 238096   | 4096    | 128   | 32   | worker   | 12        | 16  | decrease  | desc        | desc       | 128        | 3.45                    | 3.01              | 6   | 28719,28839,28959,28718,28838,28958 | -0.44    | -12.75   |
| 4   | 100        | 10000000 | 625000    | 93458    | 16384   | 8     | 16   | worker   | 12        | 16  | decrease  | desc        | asc        | 4096       | 20.0                    | 19.56             | 6   | 4564,4689,4814,4563,4688,4813       | -0.44    | -2.2     |
| 18  | 40         | 10000000 | 312500    | 238096   | 4096    | 128   | 32   | worker   | 12        | 16  | increase  | desc        | asc        | 1024       | 21.45                   | 21.0              | 6   | 25494,25614,25734,25493,25613,25733 | -0.45    | -2.1     |
| 3   | 100        | 10000000 | 625000    | 93458    | 16384   | 8     | 16   | io_uring | 12        | 16  | decrease  | asc         | desc       | 512        | 6.03                    | 5.58              | 6   | 4174,4299,4424,4173,4298,4423       | -0.45    | -7.46    |
| 13  | 20         | 10000000 | 2500000   | 476191   | 0       | 8     | 4    | worker   | 12        | 16  | increase  | asc         | asc        | 4096       | 4.97                    | 4.52              | 6   | 17584,17719,17854,17583,17718,17853 | -0.45    | -9.05    |
| 18  | 40         | 10000000 | 312500    | 238096   | 4096    | 128   | 32   | worker   | 12        | 16  | increase  | desc        | desc       | 512        | 6.86                    | 6.41              | 6   | 25849,25969,26089,25848,25968,26088 | -0.45    | -6.56    |
| 21  | 80         | 10000000 | 10000000  | 117648   | 1048576 | 128   | 1    | worker   | 12        | 16  | increase  | asc         | desc       | 512        | 13.38                   | 12.93             | 6   | 30244,30389,30534,30243,30388,30533 | -0.45    | -3.36    |
| 15  | 20         | 10000000 | 2500000   | 476191   | 0       | 8     | 4    | io_uring | 12        | 16  | decrease  | asc         | desc       | 16384      | 26.77                   | 26.3              | 6   | 22049,22184,22319,22048,22183,22318 | -0.47    | -1.76    |
| 4   | 100        | 10000000 | 625000    | 93458    | 16384   | 8     | 16   | worker   | 12        | 16  | decrease  | desc        | desc       | 2048       | 9.59                    | 9.11              | 6   | 4934,5059,5184,4933,5058,5183       | -0.48    | -5.01    |
| 6   | 80         | 10000000 | 312500    | 117648   | 16384   | 2048  | 32   | io_uring | 12        | 16  | increase  | desc        | desc       | 256        | 15.14                   | 14.66             | 6   | 8564,8684,8804,8563,8683,8803       | -0.48    | -3.17    |
| 12  | 40         | 10000000 | 312500    | 238096   | 1024    | 0     | 32   | io_uring | 12        | 16  | decrease  | desc        | asc        | 1024       | 13.96                   | 13.48             | 6   | 16854,16974,17094,16853,16973,17093 | -0.48    | -3.44    |
| 6   | 80         | 10000000 | 312500    | 117648   | 16384   | 2048  | 32   | io_uring | 12        | 16  | increase  | desc        | asc        | 1024       | 67.23                   | 66.75             | 6   | 8214,8334,8454,8213,8333,8453       | -0.48    | -0.71    |
| 13  | 20         | 10000000 | 2500000   | 476191   | 0       | 8     | 4    | io_uring | 12        | 16  | increase  | asc         | asc        | 65536      | 53.81                   | 53.33             | 6   | 18414,18549,18684,18413,18548,18683 | -0.48    | -0.89    |
| 5   | 80         | 10000000 | 312500    | 117648   | 16384   | 2048  | 32   | io_uring | 12        | 16  | increase  | asc         | asc        | 64         | 6.71                    | 6.22              | 6   | 6754,6874,6994,6753,6873,6993       | -0.49    | -7.3     |
| 9   | 40         | 10000000 | 312500    | 238096   | 1024    | 0     | 32   | worker   | 12        | 16  | increase  | asc         | asc        | 512        | 4.95                    | 4.46              | 6   | 11809,11929,12049,11808,11928,12048 | -0.49    | -9.9     |
| 6   | 80         | 10000000 | 312500    | 117648   | 16384   | 2048  | 32   | io_uring | 12        | 16  | increase  | desc        | asc        | 128        | 26.07                   | 25.58             | 6   | 8199,8319,8439,8198,8318,8438       | -0.49    | -1.88    |
| 8   | 80         | 10000000 | 312500    | 117648   | 16384   | 2048  | 32   | worker   | 12        | 16  | decrease  | desc        | asc        | 256        | 30.46                   | 29.97             | 6   | 10364,10484,10604,10363,10483,10603 | -0.49    | -1.61    |
| 3   | 100        | 10000000 | 625000    | 93458    | 16384   | 8     | 16   | io_uring | 12        | 16  | decrease  | asc         | asc        | 253036     | 382.83                  | 382.34            | 6   | 3849,3974,4099,3848,3973,4098       | -0.49    | -0.13    |
| 20  | 40         | 10000000 | 312500    | 238096   | 4096    | 128   | 32   | io_uring | 12        | 16  | decrease  | desc        | asc        | 16384      | 205.05                  | 204.56            | 6   | 29114,29234,29354,29113,29233,29353 | -0.49    | -0.24    |
| 11  | 40         | 10000000 | 312500    | 238096   | 1024    | 0     | 32   | io_uring | 12        | 16  | decrease  | asc         | asc        | 32768      | 133.0                   | 132.5             | 6   | 15439,15559,15679,15438,15558,15678 | -0.5     | -0.38    |
| 12  | 40         | 10000000 | 312500    | 238096   | 1024    | 0     | 32   | io_uring | 12        | 16  | decrease  | desc        | desc       | 8192       | 33.0                    | 32.5              | 6   | 17229,17349,17469,17228,17348,17468 | -0.5     | -1.52    |
| 17  | 40         | 10000000 | 312500    | 238096   | 4096    | 128   | 32   | worker   | 12        | 16  | increase  | asc         | asc        | 16         | 2.0                     | 1.5               | 6   | 24024,24144,24264,24023,24143,24263 | -0.5     | -25.0    |
| 21  | 80         | 10000000 | 10000000  | 117648   | 1048576 | 128   | 1    | worker   | 12        | 16  | increase  | asc         | asc        | 128        | 4.79                    | 4.29              | 6   | 29799,29944,30089,29798,29943,30088 | -0.5     | -10.44   |
| 20  | 40         | 10000000 | 312500    | 238096   | 4096    | 128   | 32   | worker   | 12        | 16  | decrease  | desc        | desc       | 16384      | 75.24                   | 74.73             | 6   | 28754,28874,28994,28753,28873,28993 | -0.51    | -0.68    |
| 15  | 20         | 10000000 | 2500000   | 476191   | 0       | 8     | 4    | io_uring | 12        | 16  | decrease  | asc         | desc       | 4096       | 7.96                    | 7.45              | 6   | 22039,22174,22309,22038,22173,22308 | -0.51    | -6.41    |
| 19  | 40         | 10000000 | 312500    | 238096   | 4096    | 128   | 32   | io_uring | 12        | 16  | decrease  | asc         | desc       | 2048       | 41.11                   | 40.59             | 6   | 28019,28139,28259,28018,28138,28258 | -0.52    | -1.26    |
| 5   | 80         | 10000000 | 312500    | 117648   | 16384   | 2048  | 32   | io_uring | 12        | 16  | increase  | asc         | asc        | 32         | 5.05                    | 4.53              | 6   | 6749,6869,6989,6748,6868,6988       | -0.52    | -10.3    |
| 8   | 80         | 10000000 | 312500    | 117648   | 16384   | 2048  | 32   | io_uring | 12        | 16  | decrease  | desc        | asc        | 8          | 5.8                     | 5.27              | 6   | 11059,11179,11299,11058,11178,11298 | -0.53    | -9.14    |
| 19  | 40         | 10000000 | 312500    | 238096   | 4096    | 128   | 32   | io_uring | 12        | 16  | decrease  | asc         | desc       | 64         | 5.38                    | 4.85              | 6   | 27994,28114,28234,27993,28113,28233 | -0.53    | -9.85    |
| 20  | 40         | 10000000 | 312500    | 238096   | 4096    | 128   | 32   | worker   | 12        | 16  | decrease  | desc        | asc        | 128        | 6.04                    | 5.51              | 6   | 28359,28479,28599,28358,28478,28598 | -0.53    | -8.77    |
| 5   | 80         | 10000000 | 312500    | 117648   | 16384   | 2048  | 32   | io_uring | 12        | 16  | increase  | asc         | desc       | 4096       | 113.47                  | 112.94            | 6   | 7144,7264,7384,7143,7263,7383       | -0.53    | -0.47    |
| 9   | 40         | 10000000 | 312500    | 238096   | 1024    | 0     | 32   | worker   | 12        | 16  | increase  | asc         | asc        | 4096       | 18.43                   | 17.9              | 6   | 11824,11944,12064,11823,11943,12063 | -0.53    | -2.88    |
| 20  | 40         | 10000000 | 312500    | 238096   | 4096    | 128   | 32   | worker   | 12        | 16  | decrease  | desc        | desc       | 126518     | 493.52                  | 492.98            | 6   | 28774,28894,29014,28773,28893,29013 | -0.54    | -0.11    |
| 1   | 100        | 10000000 | 625000    | 93458    | 16384   | 8     | 16   | worker   | 12        | 16  | increase  | asc         | desc       | 256        | 3.78                    | 3.23              | 6   | 419,544,669,418,543,668             | -0.55    | -14.55   |
| 7   | 80         | 10000000 | 312500    | 117648   | 16384   | 2048  | 32   | io_uring | 12        | 16  | decrease  | asc         | asc        | 16         | 3.46                    | 2.91              | 6   | 9624,9744,9864,9623,9743,9863       | -0.55    | -15.9    |
| 15  | 20         | 10000000 | 2500000   | 476191   | 0       | 8     | 4    | worker   | 12        | 16  | decrease  | asc         | desc       | 2048       | 4.71                    | 4.16              | 6   | 21224,21359,21494,21223,21358,21493 | -0.55    | -11.68   |
| 8   | 80         | 10000000 | 312500    | 117648   | 16384   | 2048  | 32   | io_uring | 12        | 16  | decrease  | desc        | asc        | 4          | 3.93                    | 3.38              | 6   | 11054,11174,11294,11053,11173,11293 | -0.55    | -13.99   |
| 7   | 80         | 10000000 | 312500    | 117648   | 16384   | 2048  | 32   | worker   | 12        | 16  | decrease  | asc         | asc        | 1024       | 22.89                   | 22.34             | 6   | 8934,9054,9174,8933,9053,9173       | -0.55    | -2.4     |
| 16  | 20         | 10000000 | 2500000   | 476191   | 0       | 8     | 4    | io_uring | 12        | 16  | decrease  | desc        | desc       | 32768      | 29.2                    | 28.65             | 6   | 23674,23809,23944,23673,23808,23943 | -0.55    | -1.88    |
| 19  | 40         | 10000000 | 312500    | 238096   | 4096    | 128   | 32   | worker   | 12        | 16  | decrease  | asc         | asc        | 8192       | 38.38                   | 37.82             | 6   | 26949,27069,27189,26948,27068,27188 | -0.56    | -1.46    |
| 6   | 80         | 10000000 | 312500    | 117648   | 16384   | 2048  | 32   | worker   | 12        | 16  | increase  | desc        | desc       | 512        | 16.2                    | 15.62             | 6   | 7849,7969,8089,7848,7968,8088       | -0.58    | -3.58    |
| 8   | 80         | 10000000 | 312500    | 117648   | 16384   | 2048  | 32   | io_uring | 12        | 16  | decrease  | desc        | desc       | 32         | 5.51                    | 4.93              | 6   | 11429,11549,11669,11428,11548,11668 | -0.58    | -10.53   |
| 9   | 40         | 10000000 | 312500    | 238096   | 1024    | 0     | 32   | worker   | 12        | 16  | increase  | asc         | asc        | 8192       | 32.03                   | 31.45             | 6   | 11829,11949,12069,11828,11948,12068 | -0.58    | -1.81    |
| 4   | 100        | 10000000 | 625000    | 93458    | 16384   | 8     | 16   | io_uring | 12        | 16  | decrease  | desc        | desc       | 128036     | 189.9                   | 189.32            | 6   | 5714,5839,5964,5713,5838,5963       | -0.58    | -0.31    |
| 1   | 100        | 10000000 | 625000    | 93458    | 16384   | 8     | 16   | io_uring | 12        | 16  | increase  | asc         | desc       | 512        | 6.88                    | 6.29              | 6   | 1174,1299,1424,1173,1298,1423       | -0.59    | -8.58    |
| 2   | 100        | 10000000 | 625000    | 93458    | 16384   | 8     | 16   | io_uring | 12        | 16  | increase  | desc        | desc       | 440536     | 657.92                  | 657.32            | 6   | 2739,2864,2989,2738,2863,2988       | -0.6     | -0.09    |
| 2   | 100        | 10000000 | 625000    | 93458    | 16384   | 8     | 16   | worker   | 12        | 16  | increase  | desc        | desc       | 128036     | 173.23                  | 172.63            | 6   | 1964,2089,2214,1963,2088,2213       | -0.6     | -0.35    |
| 16  | 20         | 10000000 | 2500000   | 476191   | 0       | 8     | 4    | io_uring | 12        | 16  | decrease  | desc        | desc       | 16384      | 15.93                   | 15.33             | 6   | 23669,23804,23939,23668,23803,23938 | -0.6     | -3.77    |
| 2   | 100        | 10000000 | 625000    | 93458    | 16384   | 8     | 16   | worker   | 12        | 16  | increase  | desc        | desc       | 8192       | 20.07                   | 19.46             | 6   | 1944,2069,2194,1943,2068,2193       | -0.61    | -3.04    |
| 8   | 80         | 10000000 | 312500    | 117648   | 16384   | 2048  | 32   | worker   | 12        | 16  | decrease  | desc        | desc       | 256        | 14.41                   | 13.8              | 6   | 10724,10844,10964,10723,10843,10963 | -0.61    | -4.23    |
| 9   | 40         | 10000000 | 312500    | 238096   | 1024    | 0     | 32   | worker   | 12        | 16  | increase  | asc         | desc       | 4096       | 34.43                   | 33.82             | 6   | 12184,12304,12424,12183,12303,12423 | -0.61    | -1.77    |
| 8   | 80         | 10000000 | 312500    | 117648   | 16384   | 2048  | 32   | worker   | 12        | 16  | decrease  | desc        | desc       | 32         | 4.49                    | 3.88              | 6   | 10709,10829,10949,10708,10828,10948 | -0.61    | -13.59   |
| 9   | 40         | 10000000 | 312500    | 238096   | 1024    | 0     | 32   | worker   | 12        | 16  | increase  | asc         | asc        | 126518     | 387.39                  | 386.78            | 6   | 11854,11974,12094,11853,11973,12093 | -0.61    | -0.16    |
| 18  | 40         | 10000000 | 312500    | 238096   | 4096    | 128   | 32   | io_uring | 12        | 16  | increase  | desc        | desc       | 64018      | 281.3                   | 280.69            | 6   | 26604,26724,26844,26603,26723,26843 | -0.61    | -0.22    |
| 10  | 40         | 10000000 | 312500    | 238096   | 1024    | 0     | 32   | io_uring | 12        | 16  | increase  | desc        | desc       | 1024       | 8.17                    | 7.55              | 6   | 14334,14454,14574,14333,14453,14573 | -0.62    | -7.59    |
| 6   | 80         | 10000000 | 312500    | 117648   | 16384   | 2048  | 32   | io_uring | 12        | 16  | increase  | desc        | asc        | 32768      | 407.35                  | 406.72            | 6   | 8239,8359,8479,8238,8358,8478       | -0.63    | -0.15    |
| 18  | 40         | 10000000 | 312500    | 238096   | 4096    | 128   | 32   | worker   | 12        | 16  | increase  | desc        | desc       | 256        | 4.44                    | 3.81              | 6   | 25844,25964,26084,25843,25963,26083 | -0.63    | -14.19   |
| 4   | 100        | 10000000 | 625000    | 93458    | 16384   | 8     | 16   | io_uring | 12        | 16  | decrease  | desc        | asc        | 190536     | 696.01                  | 695.37            | 6   | 5344,5469,5594,5343,5468,5593       | -0.64    | -0.09    |
| 7   | 80         | 10000000 | 312500    | 117648   | 16384   | 2048  | 32   | io_uring | 12        | 16  | decrease  | asc         | asc        | 1024       | 25.17                   | 24.53             | 6   | 9654,9774,9894,9653,9773,9893       | -0.64    | -2.54    |
| 17  | 40         | 10000000 | 312500    | 238096   | 4096    | 128   | 32   | io_uring | 12        | 16  | increase  | asc         | desc       | 8192       | 127.55                  | 126.9             | 6   | 25149,25269,25389,25148,25268,25388 | -0.65    | -0.51    |
| 12  | 40         | 10000000 | 312500    | 238096   | 1024    | 0     | 32   | worker   | 12        | 16  | decrease  | desc        | asc        | 1024       | 11.53                   | 10.86             | 6   | 16134,16254,16374,16133,16253,16373 | -0.67    | -5.81    |
| 10  | 40         | 10000000 | 312500    | 238096   | 1024    | 0     | 32   | io_uring | 12        | 16  | increase  | desc        | asc        | 16384      | 126.05                  | 125.38            | 6   | 13994,14114,14234,13993,14113,14233 | -0.67    | -0.53    |
| 7   | 80         | 10000000 | 312500    | 117648   | 16384   | 2048  | 32   | io_uring | 12        | 16  | decrease  | asc         | asc        | 126518     | 1153.63                 | 1152.96           | 6   | 9694,9814,9934,9693,9813,9933       | -0.67    | -0.06    |
| 6   | 80         | 10000000 | 312500    | 117648   | 16384   | 2048  | 32   | io_uring | 12        | 16  | increase  | desc        | desc       | 16         | 4.89                    | 4.21              | 6   | 8544,8664,8784,8543,8663,8783       | -0.68    | -13.91   |
| 18  | 40         | 10000000 | 312500    | 238096   | 4096    | 128   | 32   | worker   | 12        | 16  | increase  | desc        | asc        | 2048       | 30.66                   | 29.98             | 6   | 25499,25619,25739,25498,25618,25738 | -0.68    | -2.22    |
| 12  | 40         | 10000000 | 312500    | 238096   | 1024    | 0     | 32   | worker   | 12        | 16  | decrease  | desc        | asc        | 16         | 1.81                    | 1.13              | 6   | 16104,16224,16344,16103,16223,16343 | -0.68    | -37.57   |
| 12  | 40         | 10000000 | 312500    | 238096   | 1024    | 0     | 32   | worker   | 12        | 16  | decrease  | desc        | desc       | 220268     | 672.33                  | 671.65            | 6   | 16549,16669,16789,16548,16668,16788 | -0.68    | -0.1     |
| 13  | 20         | 10000000 | 2500000   | 476191   | 0       | 8     | 4    | io_uring | 12        | 16  | increase  | asc         | desc       | 262144     | 1218.91                 | 1218.23           | 6   | 18829,18964,19099,18828,18963,19098 | -0.68    | -0.06    |
| 4   | 100        | 10000000 | 625000    | 93458    | 16384   | 8     | 16   | worker   | 12        | 16  | decrease  | desc        | desc       | 256        | 3.02                    | 2.33              | 6   | 4919,5044,5169,4918,5043,5168       | -0.69    | -22.85   |
| 20  | 40         | 10000000 | 312500    | 238096   | 4096    | 128   | 32   | io_uring | 12        | 16  | decrease  | desc        | asc        | 1024       | 32.14                   | 31.45             | 6   | 29094,29214,29334,29093,29213,29333 | -0.69    | -2.15    |
| 4   | 100        | 10000000 | 625000    | 93458    | 16384   | 8     | 16   | worker   | 12        | 16  | decrease  | desc        | asc        | 1024       | 7.85                    | 7.15              | 6   | 4554,4679,4804,4553,4678,4803       | -0.7     | -8.92    |
| 20  | 40         | 10000000 | 312500    | 238096   | 4096    | 128   | 32   | worker   | 12        | 16  | decrease  | desc        | asc        | 4096       | 48.87                   | 48.16             | 6   | 28384,28504,28624,28383,28503,28623 | -0.71    | -1.45    |
| 2   | 100        | 10000000 | 625000    | 93458    | 16384   | 8     | 16   | worker   | 12        | 16  | increase  | desc        | asc        | 253036     | 807.67                  | 806.94            | 6   | 1599,1724,1849,1598,1723,1848       | -0.73    | -0.09    |
| 1   | 100        | 10000000 | 625000    | 93458    | 16384   | 8     | 16   | worker   | 12        | 16  | increase  | asc         | asc        | 4096       | 13.53                   | 12.8              | 6   | 64,189,314,63,188,313               | -0.73    | -5.4     |
| 16  | 20         | 10000000 | 2500000   | 476191   | 0       | 8     | 4    | io_uring | 12        | 16  | decrease  | desc        | asc        | 65536      | 280.86                  | 280.13            | 6   | 23274,23409,23544,23273,23408,23543 | -0.73    | -0.26    |
| 8   | 80         | 10000000 | 312500    | 117648   | 16384   | 2048  | 32   | worker   | 12        | 16  | decrease  | desc        | desc       | 32768      | 233.98                  | 233.24            | 6   | 10759,10879,10999,10758,10878,10998 | -0.74    | -0.32    |
| 5   | 80         | 10000000 | 312500    | 117648   | 16384   | 2048  | 32   | io_uring | 12        | 16  | increase  | asc         | asc        | 256        | 13.7                    | 12.96             | 6   | 6764,6884,7004,6763,6883,7003       | -0.74    | -5.4     |
| 8   | 80         | 10000000 | 312500    | 117648   | 16384   | 2048  | 32   | worker   | 12        | 16  | decrease  | desc        | asc        | 4          | 3.4                     | 2.66              | 6   | 10334,10454,10574,10333,10453,10573 | -0.74    | -21.76   |
| 3   | 100        | 10000000 | 625000    | 93458    | 16384   | 8     | 16   | io_uring | 12        | 16  | decrease  | asc         | desc       | 315536     | 1114.24                 | 1113.5            | 6   | 4229,4354,4479,4228,4353,4478       | -0.74    | -0.07    |
| 1   | 100        | 10000000 | 625000    | 93458    | 16384   | 8     | 16   | io_uring | 12        | 16  | increase  | asc         | asc        | 65536      | 101.04                  | 100.29            | 6   | 834,959,1084,833,958,1083           | -0.75    | -0.74    |
| 1   | 100        | 10000000 | 625000    | 93458    | 16384   | 8     | 16   | io_uring | 12        | 16  | increase  | asc         | desc       | 128        | 3.26                    | 2.51              | 6   | 1164,1289,1414,1163,1288,1413       | -0.75    | -23.01   |
| 5   | 80         | 10000000 | 312500    | 117648   | 16384   | 2048  | 32   | worker   | 12        | 16  | increase  | asc         | asc        | 4096       | 44.7                    | 43.95             | 6   | 6064,6184,6304,6063,6183,6303       | -0.75    | -1.68    |
| 12  | 40         | 10000000 | 312500    | 238096   | 1024    | 0     | 32   | io_uring | 12        | 16  | decrease  | desc        | asc        | 32768      | 291.45                  | 290.7             | 6   | 16879,16999,17119,16878,16998,17118 | -0.75    | -0.26    |
| 4   | 100        | 10000000 | 625000    | 93458    | 16384   | 8     | 16   | worker   | 12        | 16  | decrease  | desc        | desc       | 64         | 2.2                     | 1.45              | 6   | 4909,5034,5159,4908,5033,5158       | -0.75    | -34.09   |
| 20  | 40         | 10000000 | 312500    | 238096   | 4096    | 128   | 32   | worker   | 12        | 16  | decrease  | desc        | asc        | 126518     | 1025.02                 | 1024.26           | 6   | 28414,28534,28654,28413,28533,28653 | -0.76    | -0.07    |
| 11  | 40         | 10000000 | 312500    | 238096   | 1024    | 0     | 32   | worker   | 12        | 16  | decrease  | asc         | desc       | 4096       | 34.87                   | 34.11             | 6   | 15064,15184,15304,15063,15183,15303 | -0.76    | -2.18    |
| 5   | 80         | 10000000 | 312500    | 117648   | 16384   | 2048  | 32   | worker   | 12        | 16  | increase  | asc         | asc        | 16         | 3.14                    | 2.38              | 6   | 6024,6144,6264,6023,6143,6263       | -0.76    | -24.2    |
| 19  | 40         | 10000000 | 312500    | 238096   | 4096    | 128   | 32   | worker   | 12        | 16  | decrease  | asc         | asc        | 95268      | 354.47                  | 353.71            | 6   | 26969,27089,27209,26968,27088,27208 | -0.76    | -0.21    |
| 6   | 80         | 10000000 | 312500    | 117648   | 16384   | 2048  | 32   | worker   | 12        | 16  | increase  | desc        | asc        | 1024       | 48.98                   | 48.21             | 6   | 7494,7614,7734,7493,7613,7733       | -0.77    | -1.57    |
| 5   | 80         | 10000000 | 312500    | 117648   | 16384   | 2048  | 32   | worker   | 12        | 16  | increase  | asc         | asc        | 512        | 16.8                    | 16.03             | 6   | 6049,6169,6289,6048,6168,6288       | -0.77    | -4.58    |
| 11  | 40         | 10000000 | 312500    | 238096   | 1024    | 0     | 32   | worker   | 12        | 16  | decrease  | asc         | desc       | 8192       | 64.04                   | 63.27             | 6   | 15069,15189,15309,15068,15188,15308 | -0.77    | -1.2     |
| 4   | 100        | 10000000 | 625000    | 93458    | 16384   | 8     | 16   | io_uring | 12        | 16  | decrease  | desc        | asc        | 2048       | 15.62                   | 14.84             | 6   | 5309,5434,5559,5308,5433,5558       | -0.78    | -4.99    |
| 18  | 40         | 10000000 | 312500    | 238096   | 4096    | 128   | 32   | io_uring | 12        | 16  | increase  | desc        | asc        | 256        | 11.99                   | 11.21             | 6   | 26204,26324,26444,26203,26323,26443 | -0.78    | -6.51    |
| 6   | 80         | 10000000 | 312500    | 117648   | 16384   | 2048  | 32   | worker   | 12        | 16  | increase  | desc        | desc       | 8          | 3.37                    | 2.59              | 6   | 7819,7939,8059,7818,7938,8058       | -0.78    | -23.15   |
| 18  | 40         | 10000000 | 312500    | 238096   | 4096    | 128   | 32   | io_uring | 12        | 16  | increase  | desc        | asc        | 128        | 7.65                    | 6.87              | 6   | 26199,26319,26439,26198,26318,26438 | -0.78    | -10.2    |
| 5   | 80         | 10000000 | 312500    | 117648   | 16384   | 2048  | 32   | worker   | 12        | 16  | increase  | asc         | asc        | 1024       | 22.91                   | 22.13             | 6   | 6054,6174,6294,6053,6173,6293       | -0.78    | -3.4     |
| 16  | 20         | 10000000 | 2500000   | 476191   | 0       | 8     | 4    | io_uring | 12        | 16  | decrease  | desc        | asc        | 8192       | 36.53                   | 35.75             | 6   | 23259,23394,23529,23258,23393,23528 | -0.78    | -2.14    |
| 17  | 40         | 10000000 | 312500    | 238096   | 4096    | 128   | 32   | worker   | 12        | 16  | increase  | asc         | desc       | 95268      | 838.76                  | 837.97            | 6   | 24449,24569,24689,24448,24568,24688 | -0.79    | -0.09    |
| 3   | 100        | 10000000 | 625000    | 93458    | 16384   | 8     | 16   | io_uring | 12        | 16  | decrease  | asc         | asc        | 65536      | 106.99                  | 106.2             | 6   | 3834,3959,4084,3833,3958,4083       | -0.79    | -0.74    |
| 17  | 40         | 10000000 | 312500    | 238096   | 4096    | 128   | 32   | io_uring | 12        | 16  | increase  | asc         | desc       | 16384      | 231.4                   | 230.61            | 6   | 25154,25274,25394,25153,25273,25393 | -0.79    | -0.34    |
| 5   | 80         | 10000000 | 312500    | 117648   | 16384   | 2048  | 32   | worker   | 12        | 16  | increase  | asc         | desc       | 512        | 43.0                    | 42.2              | 6   | 6409,6529,6649,6408,6528,6648       | -0.8     | -1.86    |
| 1   | 100        | 10000000 | 625000    | 93458    | 16384   | 8     | 16   | io_uring | 12        | 16  | increase  | asc         | asc        | 2048       | 12.93                   | 12.13             | 6   | 809,934,1059,808,933,1058           | -0.8     | -6.19    |
| 19  | 40         | 10000000 | 312500    | 238096   | 4096    | 128   | 32   | io_uring | 12        | 16  | decrease  | asc         | desc       | 16         | 3.11                    | 2.31              | 6   | 27984,28104,28224,27983,28103,28223 | -0.8     | -25.72   |
| 6   | 80         | 10000000 | 312500    | 117648   | 16384   | 2048  | 32   | worker   | 12        | 16  | increase  | desc        | asc        | 4          | 3.63                    | 2.81              | 6   | 7454,7574,7694,7453,7573,7693       | -0.82    | -22.59   |
| 8   | 80         | 10000000 | 312500    | 117648   | 16384   | 2048  | 32   | worker   | 12        | 16  | decrease  | desc        | desc       | 8192       | 74.02                   | 73.19             | 6   | 10749,10869,10989,10748,10868,10988 | -0.83    | -1.12    |
| 1   | 100        | 10000000 | 625000    | 93458    | 16384   | 8     | 16   | worker   | 12        | 16  | increase  | asc         | desc       | 32768      | 124.03                  | 123.18            | 6   | 454,579,704,453,578,703             | -0.85    | -0.69    |
| 18  | 40         | 10000000 | 312500    | 238096   | 4096    | 128   | 32   | worker   | 12        | 16  | increase  | desc        | asc        | 512        | 14.41                   | 13.56             | 6   | 25489,25609,25729,25488,25608,25728 | -0.85    | -5.9     |
| 19  | 40         | 10000000 | 312500    | 238096   | 4096    | 128   | 32   | io_uring | 12        | 16  | decrease  | asc         | asc        | 2048       | 16.51                   | 15.65             | 6   | 27659,27779,27899,27658,27778,27898 | -0.86    | -5.21    |
| 13  | 20         | 10000000 | 2500000   | 476191   | 0       | 8     | 4    | io_uring | 12        | 16  | increase  | asc         | desc       | 1012144    | 4624.92                 | 4624.05           | 6   | 18844,18979,19114,18843,18978,19113 | -0.87    | -0.02    |
| 16  | 20         | 10000000 | 2500000   | 476191   | 0       | 8     | 4    | worker   | 12        | 16  | decrease  | desc        | desc       | 1262144    | 688.58                  | 687.71            | 6   | 22899,23034,23169,22898,23033,23168 | -0.87    | -0.13    |
| 3   | 100        | 10000000 | 625000    | 93458    | 16384   | 8     | 16   | worker   | 12        | 16  | decrease  | asc         | desc       | 2048       | 13.74                   | 12.86             | 6   | 3434,3559,3684,3433,3558,3683       | -0.88    | -6.4     |
| 11  | 40         | 10000000 | 312500    | 238096   | 1024    | 0     | 32   | worker   | 12        | 16  | decrease  | asc         | desc       | 2048       | 18.78                   | 17.9              | 6   | 15059,15179,15299,15058,15178,15298 | -0.88    | -4.69    |
| 4   | 100        | 10000000 | 625000    | 93458    | 16384   | 8     | 16   | io_uring | 12        | 16  | decrease  | desc        | desc       | 253036     | 360.2                   | 359.31            | 6   | 5724,5849,5974,5723,5848,5973       | -0.89    | -0.25    |
| 10  | 40         | 10000000 | 312500    | 238096   | 1024    | 0     | 32   | worker   | 12        | 16  | increase  | desc        | desc       | 282768     | 935.52                  | 934.63            | 6   | 13679,13799,13919,13678,13798,13918 | -0.89    | -0.1     |
| 8   | 80         | 10000000 | 312500    | 117648   | 16384   | 2048  | 32   | io_uring | 12        | 16  | decrease  | desc        | desc       | 4096       | 46.25                   | 45.36             | 6   | 11464,11584,11704,11463,11583,11703 | -0.89    | -1.92    |
| 7   | 80         | 10000000 | 312500    | 117648   | 16384   | 2048  | 32   | io_uring | 12        | 16  | decrease  | asc         | asc        | 64018      | 593.11                  | 592.21            | 6   | 9684,9804,9924,9683,9803,9923       | -0.9     | -0.15    |
| 6   | 80         | 10000000 | 312500    | 117648   | 16384   | 2048  | 32   | io_uring | 12        | 16  | increase  | desc        | asc        | 8          | 6.5                     | 5.6               | 6   | 8179,8299,8419,8178,8298,8418       | -0.9     | -13.85   |
| 6   | 80         | 10000000 | 312500    | 117648   | 16384   | 2048  | 32   | io_uring | 12        | 16  | increase  | desc        | asc        | 16         | 8.9                     | 7.99              | 6   | 8184,8304,8424,8183,8303,8423       | -0.91    | -10.22   |
| 8   | 80         | 10000000 | 312500    | 117648   | 16384   | 2048  | 32   | io_uring | 12        | 16  | decrease  | desc        | asc        | 16         | 7.28                    | 6.37              | 6   | 11064,11184,11304,11063,11183,11303 | -0.91    | -12.5    |
| 20  | 40         | 10000000 | 312500    | 238096   | 4096    | 128   | 32   | worker   | 12        | 16  | decrease  | desc        | desc       | 1024       | 10.71                   | 9.8               | 6   | 28734,28854,28974,28733,28853,28973 | -0.91    | -8.5     |
| 2   | 100        | 10000000 | 625000    | 93458    | 16384   | 8     | 16   | worker   | 12        | 16  | increase  | desc        | asc        | 2048       | 13.24                   | 12.31             | 6   | 1559,1684,1809,1558,1683,1808       | -0.93    | -7.02    |
| 5   | 80         | 10000000 | 312500    | 117648   | 16384   | 2048  | 32   | worker   | 12        | 16  | increase  | asc         | desc       | 256        | 33.61                   | 32.68             | 6   | 6404,6524,6644,6403,6523,6643       | -0.93    | -2.77    |
| 5   | 80         | 10000000 | 312500    | 117648   | 16384   | 2048  | 32   | worker   | 12        | 16  | increase  | asc         | asc        | 2048       | 29.67                   | 28.74             | 6   | 6059,6179,6299,6058,6178,6298       | -0.93    | -3.13    |
| 12  | 40         | 10000000 | 312500    | 238096   | 1024    | 0     | 32   | io_uring | 12        | 16  | decrease  | desc        | asc        | 16384      | 149.21                  | 148.27            | 6   | 16874,16994,17114,16873,16993,17113 | -0.94    | -0.63    |
| 8   | 80         | 10000000 | 312500    | 117648   | 16384   | 2048  | 32   | io_uring | 12        | 16  | decrease  | desc        | desc       | 128        | 9.81                    | 8.87              | 6   | 11439,11559,11679,11438,11558,11678 | -0.94    | -9.58    |
| 2   | 100        | 10000000 | 625000    | 93458    | 16384   | 8     | 16   | worker   | 12        | 16  | increase  | desc        | asc        | 65536      | 220.13                  | 219.18            | 6   | 1584,1709,1834,1583,1708,1833       | -0.95    | -0.43    |
| 2   | 100        | 10000000 | 625000    | 93458    | 16384   | 8     | 16   | io_uring | 12        | 16  | increase  | desc        | desc       | 8192       | 22.9                    | 21.94             | 6   | 2694,2819,2944,2693,2818,2943       | -0.96    | -4.19    |
| 3   | 100        | 10000000 | 625000    | 93458    | 16384   | 8     | 16   | io_uring | 12        | 16  | decrease  | asc         | desc       | 128036     | 460.12                  | 459.15            | 6   | 4214,4339,4464,4213,4338,4463       | -0.97    | -0.21    |
| 2   | 100        | 10000000 | 625000    | 93458    | 16384   | 8     | 16   | worker   | 12        | 16  | increase  | desc        | asc        | 8192       | 34.88                   | 33.89             | 6   | 1569,1694,1819,1568,1693,1818       | -0.99    | -2.84    |
| 1   | 100        | 10000000 | 625000    | 93458    | 16384   | 8     | 16   | io_uring | 12        | 16  | increase  | asc         | asc        | 378036     | 533.33                  | 532.33            | 6   | 859,984,1109,858,983,1108           | -1.0     | -0.19    |
| 7   | 80         | 10000000 | 312500    | 117648   | 16384   | 2048  | 32   | worker   | 12        | 16  | decrease  | asc         | asc        | 256        | 13.82                   | 12.82             | 6   | 8924,9044,9164,8923,9043,9163       | -1.0     | -7.24    |
| 13  | 20         | 10000000 | 2500000   | 476191   | 0       | 8     | 4    | worker   | 12        | 16  | increase  | asc         | desc       | 512144     | 2090.33                 | 2089.33           | 6   | 18024,18159,18294,18023,18158,18293 | -1.0     | -0.05    |
| 2   | 100        | 10000000 | 625000    | 93458    | 16384   | 8     | 16   | worker   | 12        | 16  | increase  | desc        | desc       | 4096       | 14.2                    | 13.19             | 6   | 1939,2064,2189,1938,2063,2188       | -1.01    | -7.11    |
| 3   | 100        | 10000000 | 625000    | 93458    | 16384   | 8     | 16   | worker   | 12        | 16  | decrease  | asc         | desc       | 8192       | 35.95                   | 34.94             | 6   | 3444,3569,3694,3443,3568,3693       | -1.01    | -2.81    |
| 12  | 40         | 10000000 | 312500    | 238096   | 1024    | 0     | 32   | io_uring | 12        | 16  | decrease  | desc        | asc        | 2048       | 22.21                   | 21.19             | 6   | 16859,16979,17099,16858,16978,17098 | -1.02    | -4.59    |
| 9   | 40         | 10000000 | 312500    | 238096   | 1024    | 0     | 32   | worker   | 12        | 16  | increase  | asc         | desc       | 126518     | 910.73                  | 909.7             | 6   | 12214,12334,12454,12213,12333,12453 | -1.03    | -0.11    |
| 2   | 100        | 10000000 | 625000    | 93458    | 16384   | 8     | 16   | io_uring | 12        | 16  | increase  | desc        | asc        | 65536      | 229.89                  | 228.85            | 6   | 2334,2459,2584,2333,2458,2583       | -1.04    | -0.45    |
| 5   | 80         | 10000000 | 312500    | 117648   | 16384   | 2048  | 32   | worker   | 12        | 16  | increase  | asc         | asc        | 64         | 6.71                    | 5.67              | 6   | 6034,6154,6274,6033,6153,6273       | -1.04    | -15.5    |
| 8   | 80         | 10000000 | 312500    | 117648   | 16384   | 2048  | 32   | worker   | 12        | 16  | decrease  | desc        | desc       | 128        | 10.56                   | 9.52              | 6   | 10719,10839,10959,10718,10838,10958 | -1.04    | -9.85    |
| 10  | 40         | 10000000 | 312500    | 238096   | 1024    | 0     | 32   | worker   | 12        | 16  | increase  | desc        | desc       | 220268     | 730.76                  | 729.7             | 6   | 13669,13789,13909,13668,13788,13908 | -1.06    | -0.15    |
| 3   | 100        | 10000000 | 625000    | 93458    | 16384   | 8     | 16   | io_uring | 12        | 16  | decrease  | asc         | asc        | 315536     | 478.88                  | 477.82            | 6   | 3854,3979,4104,3853,3978,4103       | -1.06    | -0.22    |
| 20  | 40         | 10000000 | 312500    | 238096   | 4096    | 128   | 32   | io_uring | 12        | 16  | decrease  | desc        | desc       | 2048       | 16.58                   | 15.5              | 6   | 29459,29579,29699,29458,29578,29698 | -1.08    | -6.51    |
| 4   | 100        | 10000000 | 625000    | 93458    | 16384   | 8     | 16   | worker   | 12        | 16  | decrease  | desc        | asc        | 253036     | 781.97                  | 780.89            | 6   | 4599,4724,4849,4598,4723,4848       | -1.08    | -0.14    |
| 19  | 40         | 10000000 | 312500    | 238096   | 4096    | 128   | 32   | io_uring | 12        | 16  | decrease  | asc         | asc        | 126518     | 556.65                  | 555.56            | 6   | 27694,27814,27934,27693,27813,27933 | -1.09    | -0.2     |
| 18  | 40         | 10000000 | 312500    | 238096   | 4096    | 128   | 32   | worker   | 12        | 16  | increase  | desc        | desc       | 2048       | 15.04                   | 13.94             | 6   | 25859,25979,26099,25858,25978,26098 | -1.1     | -7.31    |
| 3   | 100        | 10000000 | 625000    | 93458    | 16384   | 8     | 16   | io_uring | 12        | 16  | decrease  | asc         | desc       | 2048       | 16.38                   | 15.27             | 6   | 4184,4309,4434,4183,4308,4433       | -1.11    | -6.78    |
| 6   | 80         | 10000000 | 312500    | 117648   | 16384   | 2048  | 32   | worker   | 12        | 16  | increase  | desc        | asc        | 8          | 5.94                    | 4.83              | 6   | 7459,7579,7699,7458,7578,7698       | -1.11    | -18.69   |
| 9   | 40         | 10000000 | 312500    | 238096   | 1024    | 0     | 32   | io_uring | 12        | 16  | increase  | asc         | desc       | 220268     | 1989.2                  | 1988.08           | 6   | 12949,13069,13189,12948,13068,13188 | -1.12    | -0.06    |
| 16  | 20         | 10000000 | 2500000   | 476191   | 0       | 8     | 4    | worker   | 12        | 16  | decrease  | desc        | asc        | 65536      | 199.36                  | 198.23            | 6   | 22464,22599,22734,22463,22598,22733 | -1.13    | -0.57    |
| 7   | 80         | 10000000 | 312500    | 117648   | 16384   | 2048  | 32   | io_uring | 12        | 16  | decrease  | asc         | desc       | 8          | 6.88                    | 5.73              | 6   | 9979,10099,10219,9978,10098,10218   | -1.15    | -16.72   |
| 3   | 100        | 10000000 | 625000    | 93458    | 16384   | 8     | 16   | io_uring | 12        | 16  | decrease  | asc         | asc        | 4096       | 15.44                   | 14.29             | 6   | 3814,3939,4064,3813,3938,4063       | -1.15    | -7.45    |
| 6   | 80         | 10000000 | 312500    | 117648   | 16384   | 2048  | 32   | io_uring | 12        | 16  | increase  | desc        | desc       | 64         | 8.05                    | 6.9               | 6   | 8554,8674,8794,8553,8673,8793       | -1.15    | -14.29   |
| 5   | 80         | 10000000 | 312500    | 117648   | 16384   | 2048  | 32   | worker   | 12        | 16  | increase  | asc         | desc       | 32         | 8.34                    | 7.17              | 6   | 6389,6509,6629,6388,6508,6628       | -1.17    | -14.03   |
| 2   | 100        | 10000000 | 625000    | 93458    | 16384   | 8     | 16   | io_uring | 12        | 16  | increase  | desc        | asc        | 16384      | 65.38                   | 64.21             | 6   | 2324,2449,2574,2323,2448,2573       | -1.17    | -1.79    |
| 10  | 40         | 10000000 | 312500    | 238096   | 1024    | 0     | 32   | io_uring | 12        | 16  | increase  | desc        | desc       | 64018      | 262.85                  | 261.68            | 6   | 14364,14484,14604,14363,14483,14603 | -1.17    | -0.45    |
| 17  | 40         | 10000000 | 312500    | 238096   | 4096    | 128   | 32   | io_uring | 12        | 16  | increase  | asc         | desc       | 512        | 23.54                   | 22.34             | 6   | 25129,25249,25369,25128,25248,25368 | -1.2     | -5.1     |
| 2   | 100        | 10000000 | 625000    | 93458    | 16384   | 8     | 16   | io_uring | 12        | 16  | increase  | desc        | asc        | 32768      | 121.09                  | 119.88            | 6   | 2329,2454,2579,2328,2453,2578       | -1.21    | -1.0     |
| 17  | 40         | 10000000 | 312500    | 238096   | 4096    | 128   | 32   | worker   | 12        | 16  | increase  | asc         | desc       | 1024       | 22.93                   | 21.71             | 6   | 24414,24534,24654,24413,24533,24653 | -1.22    | -5.32    |
| 6   | 80         | 10000000 | 312500    | 117648   | 16384   | 2048  | 32   | worker   | 12        | 16  | increase  | desc        | desc       | 282768     | 2582.43                 | 2581.2            | 6   | 7919,8039,8159,7918,8038,8158       | -1.23    | -0.05    |
| 5   | 80         | 10000000 | 312500    | 117648   | 16384   | 2048  | 32   | io_uring | 12        | 16  | increase  | asc         | desc       | 64         | 15.73                   | 14.49             | 6   | 7114,7234,7354,7113,7233,7353       | -1.24    | -7.88    |
| 4   | 100        | 10000000 | 625000    | 93458    | 16384   | 8     | 16   | worker   | 12        | 16  | decrease  | desc        | desc       | 4096       | 13.35                   | 12.1              | 6   | 4939,5064,5189,4938,5063,5188       | -1.25    | -9.36    |
| 6   | 80         | 10000000 | 312500    | 117648   | 16384   | 2048  | 32   | io_uring | 12        | 16  | increase  | desc        | asc        | 251518     | 2735.34                 | 2734.07           | 6   | 8274,8394,8514,8273,8393,8513       | -1.27    | -0.05    |
| 13  | 20         | 10000000 | 2500000   | 476191   | 0       | 8     | 4    | io_uring | 12        | 16  | increase  | asc         | desc       | 512144     | 2316.94                 | 2315.67           | 6   | 18834,18969,19104,18833,18968,19103 | -1.27    | -0.05    |
| 10  | 40         | 10000000 | 312500    | 238096   | 1024    | 0     | 32   | worker   | 12        | 16  | increase  | desc        | asc        | 8192       | 64.26                   | 62.97             | 6   | 13269,13389,13509,13268,13388,13508 | -1.29    | -2.01    |
| 18  | 40         | 10000000 | 312500    | 238096   | 4096    | 128   | 32   | io_uring | 12        | 16  | increase  | desc        | asc        | 2048       | 36.74                   | 35.44             | 6   | 26219,26339,26459,26218,26338,26458 | -1.3     | -3.54    |
| 7   | 80         | 10000000 | 312500    | 117648   | 16384   | 2048  | 32   | worker   | 12        | 16  | decrease  | asc         | asc        | 126518     | 1143.05                 | 1141.74           | 6   | 8974,9094,9214,8973,9093,9213       | -1.31    | -0.11    |
| 4   | 100        | 10000000 | 625000    | 93458    | 16384   | 8     | 16   | worker   | 12        | 16  | decrease  | desc        | asc        | 32768      | 111.58                  | 110.27            | 6   | 4579,4704,4829,4578,4703,4828       | -1.31    | -1.17    |
| 20  | 40         | 10000000 | 312500    | 238096   | 4096    | 128   | 32   | worker   | 12        | 16  | decrease  | desc        | desc       | 8192       | 41.46                   | 40.15             | 6   | 28749,28869,28989,28748,28868,28988 | -1.31    | -3.16    |
| 5   | 80         | 10000000 | 312500    | 117648   | 16384   | 2048  | 32   | io_uring | 12        | 16  | increase  | asc         | asc        | 64018      | 444.32                  | 443.0             | 6   | 6804,6924,7044,6803,6923,7043       | -1.32    | -0.3     |
| 6   | 80         | 10000000 | 312500    | 117648   | 16384   | 2048  | 32   | worker   | 12        | 16  | increase  | desc        | desc       | 4096       | 52.04                   | 50.72             | 6   | 7864,7984,8104,7863,7983,8103       | -1.32    | -2.54    |
| 4   | 100        | 10000000 | 625000    | 93458    | 16384   | 8     | 16   | worker   | 12        | 16  | decrease  | desc        | desc       | 8192       | 20.52                   | 19.19             | 6   | 4944,5069,5194,4943,5068,5193       | -1.33    | -6.48    |
| 6   | 80         | 10000000 | 312500    | 117648   | 16384   | 2048  | 32   | worker   | 12        | 16  | increase  | desc        | asc        | 64         | 14.69                   | 13.34             | 6   | 7474,7594,7714,7473,7593,7713       | -1.35    | -9.19    |
| 7   | 80         | 10000000 | 312500    | 117648   | 16384   | 2048  | 32   | worker   | 12        | 16  | decrease  | asc         | asc        | 32768      | 305.73                  | 304.38            | 6   | 8959,9079,9199,8958,9078,9198       | -1.35    | -0.44    |
| 6   | 80         | 10000000 | 312500    | 117648   | 16384   | 2048  | 32   | worker   | 12        | 16  | increase  | desc        | desc       | 1024       | 22.57                   | 21.21             | 6   | 7854,7974,8094,7853,7973,8093       | -1.36    | -6.03    |
| 11  | 40         | 10000000 | 312500    | 238096   | 1024    | 0     | 32   | worker   | 12        | 16  | decrease  | asc         | asc        | 32768      | 107.96                  | 106.54            | 6   | 14719,14839,14959,14718,14838,14958 | -1.42    | -1.32    |
| 11  | 40         | 10000000 | 312500    | 238096   | 1024    | 0     | 32   | worker   | 12        | 16  | decrease  | asc         | asc        | 220268     | 660.22                  | 658.8             | 6   | 14749,14869,14989,14748,14868,14988 | -1.42    | -0.22    |
| 17  | 40         | 10000000 | 312500    | 238096   | 4096    | 128   | 32   | io_uring | 12        | 16  | increase  | asc         | desc       | 189018     | 2336.94                 | 2335.5            | 6   | 25184,25304,25424,25183,25303,25423 | -1.44    | -0.06    |
| 14  | 20         | 10000000 | 2500000   | 476191   | 0       | 8     | 4    | io_uring | 12        | 16  | increase  | desc        | asc        | 16384      | 25.13                   | 23.68             | 6   | 20024,20159,20294,20023,20158,20293 | -1.45    | -5.77    |
| 3   | 100        | 10000000 | 625000    | 93458    | 16384   | 8     | 16   | io_uring | 12        | 16  | decrease  | asc         | desc       | 32768      | 124.33                  | 122.88            | 6   | 4204,4329,4454,4203,4328,4453       | -1.45    | -1.17    |
| 3   | 100        | 10000000 | 625000    | 93458    | 16384   | 8     | 16   | io_uring | 12        | 16  | decrease  | asc         | desc       | 378036     | 1334.01                 | 1332.56           | 6   | 4234,4359,4484,4233,4358,4483       | -1.45    | -0.11    |
| 9   | 40         | 10000000 | 312500    | 238096   | 1024    | 0     | 32   | io_uring | 12        | 16  | increase  | asc         | desc       | 8192       | 76.71                   | 75.25             | 6   | 12909,13029,13149,12908,13028,13148 | -1.46    | -1.9     |
| 4   | 100        | 10000000 | 625000    | 93458    | 16384   | 8     | 16   | worker   | 12        | 16  | decrease  | desc        | desc       | 65536      | 98.16                   | 96.69             | 6   | 4959,5084,5209,4958,5083,5208       | -1.47    | -1.5     |
| 17  | 40         | 10000000 | 312500    | 238096   | 4096    | 128   | 32   | io_uring | 12        | 16  | increase  | asc         | desc       | 1024       | 35.11                   | 33.63             | 6   | 25134,25254,25374,25133,25253,25373 | -1.48    | -4.22    |
| 12  | 40         | 10000000 | 312500    | 238096   | 1024    | 0     | 32   | worker   | 12        | 16  | decrease  | desc        | asc        | 8192       | 65.14                   | 63.66             | 6   | 16149,16269,16389,16148,16268,16388 | -1.48    | -2.27    |
| 18  | 40         | 10000000 | 312500    | 238096   | 4096    | 128   | 32   | worker   | 12        | 16  | increase  | desc        | desc       | 32768      | 133.32                  | 131.83            | 6   | 25879,25999,26119,25878,25998,26118 | -1.49    | -1.12    |
| 18  | 40         | 10000000 | 312500    | 238096   | 4096    | 128   | 32   | worker   | 12        | 16  | increase  | desc        | desc       | 4096       | 23.21                   | 21.72             | 6   | 25864,25984,26104,25863,25983,26103 | -1.49    | -6.42    |
| 17  | 40         | 10000000 | 312500    | 238096   | 4096    | 128   | 32   | worker   | 12        | 16  | increase  | asc         | desc       | 256        | 10.1                    | 8.54              | 6   | 24404,24524,24644,24403,24523,24643 | -1.56    | -15.45   |
| 4   | 100        | 10000000 | 625000    | 93458    | 16384   | 8     | 16   | worker   | 12        | 16  | decrease  | desc        | asc        | 65536      | 208.91                  | 207.35            | 6   | 4584,4709,4834,4583,4708,4833       | -1.56    | -0.75    |
| 2   | 100        | 10000000 | 625000    | 93458    | 16384   | 8     | 16   | worker   | 12        | 16  | increase  | desc        | asc        | 16384      | 61.36                   | 59.78             | 6   | 1574,1699,1824,1573,1698,1823       | -1.58    | -2.57    |
| 3   | 100        | 10000000 | 625000    | 93458    | 16384   | 8     | 16   | io_uring | 12        | 16  | decrease  | asc         | desc       | 4096       | 24.0                    | 22.41             | 6   | 4189,4314,4439,4188,4313,4438       | -1.59    | -6.62    |
| 21  | 80         | 10000000 | 10000000  | 117648   | 1048576 | 128   | 1    | io_uring | 12        | 16  | increase  | asc         | desc       | 512        | 12.31                   | 10.7              | 4   | 31114,31259,31113,31258             | -1.61    | -13.08   |
| 8   | 80         | 10000000 | 312500    | 117648   | 16384   | 2048  | 32   | io_uring | 12        | 16  | decrease  | desc        | asc        | 64018      | 1558.59                 | 1556.97           | 6   | 11124,11244,11364,11123,11243,11363 | -1.62    | -0.1     |
| 16  | 20         | 10000000 | 2500000   | 476191   | 0       | 8     | 4    | worker   | 12        | 16  | decrease  | desc        | asc        | 1512144    | 4645.92                 | 4644.3            | 6   | 22499,22634,22769,22498,22633,22768 | -1.62    | -0.03    |
| 21  | 80         | 10000000 | 10000000  | 117648   | 1048576 | 128   | 1    | worker   | 12        | 16  | increase  | asc         | desc       | 128        | 6.01                    | 4.38              | 6   | 30234,30379,30524,30233,30378,30523 | -1.63    | -27.12   |
| 4   | 100        | 10000000 | 625000    | 93458    | 16384   | 8     | 16   | io_uring | 12        | 16  | decrease  | desc        | desc       | 503036     | 701.64                  | 700.0             | 6   | 5744,5869,5994,5743,5868,5993       | -1.64    | -0.23    |
| 4   | 100        | 10000000 | 625000    | 93458    | 16384   | 8     | 16   | worker   | 12        | 16  | decrease  | desc        | desc       | 128036     | 177.82                  | 176.17            | 6   | 4964,5089,5214,4963,5088,5213       | -1.65    | -0.93    |
| 2   | 100        | 10000000 | 625000    | 93458    | 16384   | 8     | 16   | worker   | 12        | 16  | increase  | desc        | desc       | 190536     | 257.61                  | 255.95            | 6   | 1969,2094,2219,1968,2093,2218       | -1.66    | -0.64    |
| 11  | 40         | 10000000 | 312500    | 238096   | 1024    | 0     | 32   | worker   | 12        | 16  | decrease  | asc         | desc       | 126518     | 880.56                  | 878.89            | 6   | 15094,15214,15334,15093,15213,15333 | -1.67    | -0.19    |
| 8   | 80         | 10000000 | 312500    | 117648   | 16384   | 2048  | 32   | worker   | 12        | 16  | decrease  | desc        | desc       | 189018     | 1264.82                 | 1263.11           | 6   | 10784,10904,11024,10783,10903,11023 | -1.71    | -0.14    |
| 19  | 40         | 10000000 | 312500    | 238096   | 4096    | 128   | 32   | worker   | 12        | 16  | decrease  | asc         | desc       | 126518     | 1046.72                 | 1044.99           | 6   | 27334,27454,27574,27333,27453,27573 | -1.73    | -0.17    |
| 6   | 80         | 10000000 | 312500    | 117648   | 16384   | 2048  | 32   | io_uring | 12        | 16  | increase  | desc        | desc       | 512        | 21.33                   | 19.59             | 6   | 8569,8689,8809,8568,8688,8808       | -1.74    | -8.16    |
| 7   | 80         | 10000000 | 312500    | 117648   | 16384   | 2048  | 32   | io_uring | 12        | 16  | decrease  | asc         | desc       | 8192       | 139.74                  | 137.9             | 6   | 10029,10149,10269,10028,10148,10268 | -1.84    | -1.32    |
| 1   | 100        | 10000000 | 625000    | 93458    | 16384   | 8     | 16   | io_uring | 12        | 16  | increase  | asc         | asc        | 4096       | 16.32                   | 14.43             | 6   | 814,939,1064,813,938,1063           | -1.89    | -11.58   |
| 1   | 100        | 10000000 | 625000    | 93458    | 16384   | 8     | 16   | io_uring | 12        | 16  | increase  | asc         | desc       | 190536     | 795.23                  | 793.33            | 6   | 1219,1344,1469,1218,1343,1468       | -1.9     | -0.24    |
| 2   | 100        | 10000000 | 625000    | 93458    | 16384   | 8     | 16   | worker   | 12        | 16  | increase  | desc        | desc       | 16384      | 32.23                   | 30.31             | 6   | 1949,2074,2199,1948,2073,2198       | -1.92    | -5.96    |
| 19  | 40         | 10000000 | 312500    | 238096   | 4096    | 128   | 32   | worker   | 12        | 16  | decrease  | asc         | desc       | 4096       | 51.7                    | 49.73             | 6   | 27304,27424,27544,27303,27423,27543 | -1.97    | -3.81    |
| 12  | 40         | 10000000 | 312500    | 238096   | 1024    | 0     | 32   | io_uring | 12        | 16  | decrease  | desc        | desc       | 95268      | 329.61                  | 327.6             | 6   | 17249,17369,17489,17248,17368,17488 | -2.01    | -0.61    |
| 3   | 100        | 10000000 | 625000    | 93458    | 16384   | 8     | 16   | io_uring | 12        | 16  | decrease  | asc         | desc       | 253036     | 899.0                   | 896.97            | 6   | 4224,4349,4474,4223,4348,4473       | -2.03    | -0.23    |
| 10  | 40         | 10000000 | 312500    | 238096   | 1024    | 0     | 32   | io_uring | 12        | 16  | increase  | desc        | desc       | 95268      | 387.9                   | 385.87            | 6   | 14369,14489,14609,14368,14488,14608 | -2.03    | -0.52    |
| 15  | 20         | 10000000 | 2500000   | 476191   | 0       | 8     | 4    | worker   | 12        | 16  | decrease  | asc         | desc       | 16384      | 24.82                   | 22.78             | 6   | 21239,21374,21509,21238,21373,21508 | -2.04    | -8.22    |
| 1   | 100        | 10000000 | 625000    | 93458    | 16384   | 8     | 16   | io_uring | 12        | 16  | increase  | asc         | asc        | 315536     | 448.18                  | 446.12            | 6   | 854,979,1104,853,978,1103           | -2.06    | -0.46    |
| 10  | 40         | 10000000 | 312500    | 238096   | 1024    | 0     | 32   | io_uring | 12        | 16  | increase  | desc        | asc        | 251518     | 1897.2                  | 1895.12           | 6   | 14034,14154,14274,14033,14153,14273 | -2.08    | -0.11    |
| 18  | 40         | 10000000 | 312500    | 238096   | 4096    | 128   | 32   | worker   | 12        | 16  | increase  | desc        | asc        | 8192       | 82.74                   | 80.62             | 6   | 25509,25629,25749,25508,25628,25748 | -2.12    | -2.56    |
| 9   | 40         | 10000000 | 312500    | 238096   | 1024    | 0     | 32   | io_uring | 12        | 16  | increase  | asc         | desc       | 32768      | 296.86                  | 294.73            | 6   | 12919,13039,13159,12918,13038,13158 | -2.13    | -0.72    |
| 7   | 80         | 10000000 | 312500    | 117648   | 16384   | 2048  | 32   | worker   | 12        | 16  | decrease  | asc         | asc        | 95268      | 865.65                  | 863.51            | 6   | 8969,9089,9209,8968,9088,9208       | -2.14    | -0.25    |
| 6   | 80         | 10000000 | 312500    | 117648   | 16384   | 2048  | 32   | worker   | 12        | 16  | increase  | desc        | desc       | 16384      | 159.77                  | 157.63            | 6   | 7874,7994,8114,7873,7993,8113       | -2.14    | -1.34    |
| 10  | 40         | 10000000 | 312500    | 238096   | 1024    | 0     | 32   | io_uring | 12        | 16  | increase  | desc        | asc        | 8192       | 66.34                   | 64.19             | 6   | 13989,14109,14229,13988,14108,14228 | -2.15    | -3.24    |
| 21  | 80         | 10000000 | 10000000  | 117648   | 1048576 | 128   | 1    | io_uring | 12        | 16  | increase  | asc         | desc       | 128        | 7.27                    | 5.11              | 4   | 31104,31249,31103,31248             | -2.16    | -29.71   |
| 5   | 80         | 10000000 | 312500    | 117648   | 16384   | 2048  | 32   | worker   | 12        | 16  | increase  | asc         | asc        | 157768     | 1067.98                 | 1065.81           | 6   | 6099,6219,6339,6098,6218,6338       | -2.17    | -0.2     |
| 6   | 80         | 10000000 | 312500    | 117648   | 16384   | 2048  | 32   | io_uring | 12        | 16  | increase  | desc        | desc       | 189018     | 1808.43                 | 1806.25           | 6   | 8624,8744,8864,8623,8743,8863       | -2.18    | -0.12    |
| 7   | 80         | 10000000 | 312500    | 117648   | 16384   | 2048  | 32   | worker   | 12        | 16  | decrease  | asc         | asc        | 16384      | 157.45                  | 155.21            | 6   | 8954,9074,9194,8953,9073,9193       | -2.24    | -1.42    |
| 7   | 80         | 10000000 | 312500    | 117648   | 16384   | 2048  | 32   | worker   | 12        | 16  | decrease  | asc         | desc       | 4096       | 81.99                   | 79.75             | 6   | 9304,9424,9544,9303,9423,9543       | -2.24    | -2.73    |
| 13  | 20         | 10000000 | 2500000   | 476191   | 0       | 8     | 4    | worker   | 12        | 16  | increase  | asc         | asc        | 65536      | 44.39                   | 42.15             | 6   | 17604,17739,17874,17603,17738,17873 | -2.24    | -5.05    |
| 1   | 100        | 10000000 | 625000    | 93458    | 16384   | 8     | 16   | io_uring | 12        | 16  | increase  | asc         | desc       | 8192       | 45.19                   | 42.94             | 6   | 1194,1319,1444,1193,1318,1443       | -2.25    | -4.98    |
| 14  | 20         | 10000000 | 2500000   | 476191   | 0       | 8     | 4    | io_uring | 12        | 16  | increase  | desc        | asc        | 65536      | 88.61                   | 86.35             | 6   | 20034,20169,20304,20033,20168,20303 | -2.26    | -2.55    |
| 11  | 40         | 10000000 | 312500    | 238096   | 1024    | 0     | 32   | io_uring | 12        | 16  | decrease  | asc         | asc        | 64018      | 252.91                  | 250.63            | 6   | 15444,15564,15684,15443,15563,15683 | -2.28    | -0.9     |
| 7   | 80         | 10000000 | 312500    | 117648   | 16384   | 2048  | 32   | io_uring | 12        | 16  | decrease  | asc         | asc        | 32768      | 310.03                  | 307.73            | 6   | 9679,9799,9919,9678,9798,9918       | -2.3     | -0.74    |
| 1   | 100        | 10000000 | 625000    | 93458    | 16384   | 8     | 16   | worker   | 12        | 16  | increase  | asc         | asc        | 16384      | 32.55                   | 30.25             | 6   | 74,199,324,73,198,323               | -2.3     | -7.07    |
| 9   | 40         | 10000000 | 312500    | 238096   | 1024    | 0     | 32   | worker   | 12        | 16  | increase  | asc         | asc        | 16384      | 58.31                   | 56.01             | 6   | 11834,11954,12074,11833,11953,12073 | -2.3     | -3.94    |
| 21  | 80         | 10000000 | 10000000  | 117648   | 1048576 | 128   | 1    | worker   | 12        | 16  | increase  | asc         | desc       | 6048576    | 4523.38                 | 4521.08           | 6   | 30324,30469,30614,30323,30468,30613 | -2.3     | -0.05    |
| 4   | 100        | 10000000 | 625000    | 93458    | 16384   | 8     | 16   | io_uring | 12        | 16  | decrease  | desc        | asc        | 253036     | 923.62                  | 921.28            | 6   | 5349,5474,5599,5348,5473,5598       | -2.34    | -0.25    |
| 3   | 100        | 10000000 | 625000    | 93458    | 16384   | 8     | 16   | io_uring | 12        | 16  | decrease  | asc         | desc       | 565536     | 1987.9                  | 1985.55           | 6   | 4249,4374,4499,4248,4373,4498       | -2.35    | -0.12    |
| 9   | 40         | 10000000 | 312500    | 238096   | 1024    | 0     | 32   | worker   | 12        | 16  | increase  | asc         | desc       | 8192       | 65.76                   | 63.39             | 6   | 12189,12309,12429,12188,12308,12428 | -2.37    | -3.6     |
| 21  | 80         | 10000000 | 10000000  | 117648   | 1048576 | 128   | 1    | worker   | 12        | 16  | increase  | asc         | asc        | 32768      | 100.06                  | 97.67             | 6   | 29839,29984,30129,29838,29983,30128 | -2.39    | -2.39    |
| 3   | 100        | 10000000 | 625000    | 93458    | 16384   | 8     | 16   | io_uring | 12        | 16  | decrease  | asc         | asc        | 503036     | 748.03                  | 745.63            | 6   | 3869,3994,4119,3868,3993,4118       | -2.4     | -0.32    |
| 4   | 100        | 10000000 | 625000    | 93458    | 16384   | 8     | 16   | io_uring | 12        | 16  | decrease  | desc        | asc        | 565536     | 2039.81                 | 2037.39           | 6   | 5374,5499,5624,5373,5498,5623       | -2.42    | -0.12    |
| 4   | 100        | 10000000 | 625000    | 93458    | 16384   | 8     | 16   | worker   | 12        | 16  | decrease  | desc        | desc       | 32768      | 54.47                   | 52.04             | 6   | 4954,5079,5204,4953,5078,5203       | -2.43    | -4.46    |
| 14  | 20         | 10000000 | 2500000   | 476191   | 0       | 8     | 4    | io_uring | 12        | 16  | increase  | desc        | asc        | 32768      | 46.85                   | 44.42             | 6   | 20029,20164,20299,20028,20163,20298 | -2.43    | -5.19    |
| 1   | 100        | 10000000 | 625000    | 93458    | 16384   | 8     | 16   | io_uring | 12        | 16  | increase  | asc         | desc       | 315536     | 1312.74                 | 1310.31           | 6   | 1229,1354,1479,1228,1353,1478       | -2.43    | -0.19    |
| 4   | 100        | 10000000 | 625000    | 93458    | 16384   | 8     | 16   | io_uring | 12        | 16  | decrease  | desc        | asc        | 315536     | 1145.09                 | 1142.63           | 6   | 5354,5479,5604,5353,5478,5603       | -2.46    | -0.21    |
| 14  | 20         | 10000000 | 2500000   | 476191   | 0       | 8     | 4    | worker   | 12        | 16  | increase  | desc        | asc        | 65536      | 86.58                   | 84.11             | 6   | 19224,19359,19494,19223,19358,19493 | -2.47    | -2.85    |
| 7   | 80         | 10000000 | 312500    | 117648   | 16384   | 2048  | 32   | io_uring | 12        | 16  | decrease  | asc         | asc        | 16384      | 162.6                   | 160.08            | 6   | 9674,9794,9914,9673,9793,9913       | -2.52    | -1.55    |
| 3   | 100        | 10000000 | 625000    | 93458    | 16384   | 8     | 16   | io_uring | 12        | 16  | decrease  | asc         | asc        | 565536     | 842.17                  | 839.61            | 6   | 3874,3999,4124,3873,3998,4123       | -2.56    | -0.3     |
| 1   | 100        | 10000000 | 625000    | 93458    | 16384   | 8     | 16   | io_uring | 12        | 16  | increase  | asc         | asc        | 32768      | 57.83                   | 55.24             | 6   | 829,954,1079,828,953,1078           | -2.59    | -4.48    |
| 8   | 80         | 10000000 | 312500    | 117648   | 16384   | 2048  | 32   | worker   | 12        | 16  | decrease  | desc        | desc       | 4096       | 46.88                   | 44.28             | 6   | 10744,10864,10984,10743,10863,10983 | -2.6     | -5.55    |
| 5   | 80         | 10000000 | 312500    | 117648   | 16384   | 2048  | 32   | io_uring | 12        | 16  | increase  | asc         | asc        | 95268      | 653.68                  | 651.07            | 6   | 6809,6929,7049,6808,6928,7048       | -2.61    | -0.4     |
| 17  | 40         | 10000000 | 312500    | 238096   | 4096    | 128   | 32   | worker   | 12        | 16  | increase  | asc         | desc       | 4096       | 53.93                   | 51.32             | 6   | 24424,24544,24664,24423,24543,24663 | -2.61    | -4.84    |
| 6   | 80         | 10000000 | 312500    | 117648   | 16384   | 2048  | 32   | io_uring | 12        | 16  | increase  | desc        | asc        | 32         | 12.23                   | 9.56              | 6   | 8189,8309,8429,8188,8308,8428       | -2.67    | -21.83   |
| 5   | 80         | 10000000 | 312500    | 117648   | 16384   | 2048  | 32   | io_uring | 12        | 16  | increase  | asc         | asc        | 2048       | 32.14                   | 29.46             | 6   | 6779,6899,7019,6778,6898,7018       | -2.68    | -8.34    |
| 5   | 80         | 10000000 | 312500    | 117648   | 16384   | 2048  | 32   | worker   | 12        | 16  | increase  | asc         | desc       | 2048       | 66.46                   | 63.76             | 6   | 6419,6539,6659,6418,6538,6658       | -2.7     | -4.06    |
| 1   | 100        | 10000000 | 625000    | 93458    | 16384   | 8     | 16   | io_uring | 12        | 16  | increase  | asc         | desc       | 378036     | 1568.32                 | 1565.56           | 6   | 1234,1359,1484,1233,1358,1483       | -2.76    | -0.18    |
| 20  | 40         | 10000000 | 312500    | 238096   | 4096    | 128   | 32   | worker   | 12        | 16  | decrease  | desc        | desc       | 64018      | 258.76                  | 255.99            | 6   | 28764,28884,29004,28763,28883,29003 | -2.77    | -1.07    |
| 8   | 80         | 10000000 | 312500    | 117648   | 16384   | 2048  | 32   | io_uring | 12        | 16  | decrease  | desc        | asc        | 128        | 26.7                    | 23.93             | 6   | 11079,11199,11319,11078,11198,11318 | -2.77    | -10.37   |
| 10  | 40         | 10000000 | 312500    | 238096   | 1024    | 0     | 32   | io_uring | 12        | 16  | increase  | desc        | desc       | 189018     | 774.88                  | 772.1             | 6   | 14384,14504,14624,14383,14503,14623 | -2.78    | -0.36    |
| 4   | 100        | 10000000 | 625000    | 93458    | 16384   | 8     | 16   | io_uring | 12        | 16  | decrease  | desc        | desc       | 32768      | 56.44                   | 53.64             | 6   | 5704,5829,5954,5703,5828,5953       | -2.8     | -4.96    |
| 9   | 40         | 10000000 | 312500    | 238096   | 1024    | 0     | 32   | io_uring | 12        | 16  | increase  | asc         | asc        | 16384      | 61.43                   | 58.63             | 6   | 12554,12674,12794,12553,12673,12793 | -2.8     | -4.56    |
| 7   | 80         | 10000000 | 312500    | 117648   | 16384   | 2048  | 32   | worker   | 12        | 16  | decrease  | asc         | asc        | 2048       | 32.7                    | 29.9              | 6   | 8939,9059,9179,8938,9058,9178       | -2.8     | -8.56    |
| 8   | 80         | 10000000 | 312500    | 117648   | 16384   | 2048  | 32   | worker   | 12        | 16  | decrease  | desc        | desc       | 64018      | 439.83                  | 437.0             | 6   | 10764,10884,11004,10763,10883,11003 | -2.83    | -0.64    |
| 21  | 80         | 10000000 | 10000000  | 117648   | 1048576 | 128   | 1    | worker   | 12        | 16  | increase  | asc         | desc       | 524288     | 518.1                   | 515.2             | 6   | 30294,30439,30584,30293,30438,30583 | -2.9     | -0.56    |
| 10  | 40         | 10000000 | 312500    | 238096   | 1024    | 0     | 32   | worker   | 12        | 16  | increase  | desc        | asc        | 126518     | 893.45                  | 890.52            | 6   | 13294,13414,13534,13293,13413,13533 | -2.93    | -0.33    |
| 16  | 20         | 10000000 | 2500000   | 476191   | 0       | 8     | 4    | worker   | 12        | 16  | decrease  | desc        | asc        | 1262144    | 3913.55                 | 3910.62           | 6   | 22494,22629,22764,22493,22628,22763 | -2.93    | -0.07    |
| 15  | 20         | 10000000 | 2500000   | 476191   | 0       | 8     | 4    | io_uring | 12        | 16  | decrease  | asc         | desc       | 32768      | 50.37                   | 47.39             | 6   | 22054,22189,22324,22053,22188,22323 | -2.98    | -5.92    |
| 16  | 20         | 10000000 | 2500000   | 476191   | 0       | 8     | 4    | worker   | 12        | 16  | decrease  | desc        | desc       | 131072     | 82.33                   | 79.32             | 6   | 22874,23009,23144,22873,23008,23143 | -3.01    | -3.66    |
| 11  | 40         | 10000000 | 312500    | 238096   | 1024    | 0     | 32   | worker   | 12        | 16  | decrease  | asc         | desc       | 251518     | 1755.36                 | 1752.33           | 6   | 15114,15234,15354,15113,15233,15353 | -3.03    | -0.17    |
| 8   | 80         | 10000000 | 312500    | 117648   | 16384   | 2048  | 32   | io_uring | 12        | 16  | decrease  | desc        | asc        | 32         | 13.01                   | 9.89              | 6   | 11069,11189,11309,11068,11188,11308 | -3.12    | -23.98   |
| 12  | 40         | 10000000 | 312500    | 238096   | 1024    | 0     | 32   | io_uring | 12        | 16  | decrease  | desc        | desc       | 282768     | 965.21                  | 962.09            | 6   | 17279,17399,17519,17278,17398,17518 | -3.12    | -0.32    |
| 17  | 40         | 10000000 | 312500    | 238096   | 4096    | 128   | 32   | io_uring | 12        | 16  | increase  | asc         | desc       | 157768     | 1966.26                 | 1963.13           | 6   | 25179,25299,25419,25178,25298,25418 | -3.13    | -0.16    |
| 15  | 20         | 10000000 | 2500000   | 476191   | 0       | 8     | 4    | worker   | 12        | 16  | decrease  | asc         | desc       | 32768      | 48.59                   | 45.45             | 6   | 21244,21379,21514,21243,21378,21513 | -3.14    | -6.46    |
| 13  | 20         | 10000000 | 2500000   | 476191   | 0       | 8     | 4    | worker   | 12        | 16  | increase  | asc         | desc       | 1512144    | 6447.53                 | 6444.38           | 6   | 18044,18179,18314,18043,18178,18313 | -3.15    | -0.05    |
| 8   | 80         | 10000000 | 312500    | 117648   | 16384   | 2048  | 32   | worker   | 12        | 16  | decrease  | desc        | desc       | 1024       | 22.8                    | 19.64             | 6   | 10734,10854,10974,10733,10853,10973 | -3.16    | -13.86   |
| 11  | 40         | 10000000 | 312500    | 238096   | 1024    | 0     | 32   | io_uring | 12        | 16  | decrease  | asc         | desc       | 95268      | 743.28                  | 740.1             | 6   | 15809,15929,16049,15808,15928,16048 | -3.18    | -0.43    |
| 2   | 100        | 10000000 | 625000    | 93458    | 16384   | 8     | 16   | worker   | 12        | 16  | increase  | desc        | asc        | 128036     | 409.43                  | 406.25            | 6   | 1589,1714,1839,1588,1713,1838       | -3.18    | -0.78    |
| 11  | 40         | 10000000 | 312500    | 238096   | 1024    | 0     | 32   | worker   | 12        | 16  | decrease  | asc         | asc        | 95268      | 293.96                  | 290.78            | 6   | 14729,14849,14969,14728,14848,14968 | -3.18    | -1.08    |
| 10  | 40         | 10000000 | 312500    | 238096   | 1024    | 0     | 32   | io_uring | 12        | 16  | increase  | desc        | desc       | 282768     | 1141.5                  | 1138.32           | 6   | 14399,14519,14639,14398,14518,14638 | -3.18    | -0.28    |
| 1   | 100        | 10000000 | 625000    | 93458    | 16384   | 8     | 16   | worker   | 12        | 16  | increase  | asc         | asc        | 32768      | 55.65                   | 52.42             | 6   | 79,204,329,78,203,328               | -3.23    | -5.8     |
| 3   | 100        | 10000000 | 625000    | 93458    | 16384   | 8     | 16   | io_uring | 12        | 16  | decrease  | asc         | asc        | 190536     | 290.08                  | 286.8             | 6   | 3844,3969,4094,3843,3968,4093       | -3.28    | -1.13    |
| 16  | 20         | 10000000 | 2500000   | 476191   | 0       | 8     | 4    | worker   | 12        | 16  | decrease  | desc        | desc       | 65536      | 45.57                   | 42.26             | 6   | 22869,23004,23139,22868,23003,23138 | -3.31    | -7.26    |
| 8   | 80         | 10000000 | 312500    | 117648   | 16384   | 2048  | 32   | worker   | 12        | 16  | decrease  | desc        | desc       | 2048       | 30.58                   | 27.24             | 6   | 10739,10859,10979,10738,10858,10978 | -3.34    | -10.92   |
| 13  | 20         | 10000000 | 2500000   | 476191   | 0       | 8     | 4    | io_uring | 12        | 16  | increase  | asc         | asc        | 262144     | 203.45                  | 200.07            | 6   | 18424,18559,18694,18423,18558,18693 | -3.38    | -1.66    |
| 1   | 100        | 10000000 | 625000    | 93458    | 16384   | 8     | 16   | worker   | 12        | 16  | increase  | asc         | desc       | 253036     | 866.68                  | 863.26            | 6   | 474,599,724,473,598,723             | -3.42    | -0.39    |
| 10  | 40         | 10000000 | 312500    | 238096   | 1024    | 0     | 32   | worker   | 12        | 16  | increase  | desc        | desc       | 32768      | 116.45                  | 113.01            | 6   | 13639,13759,13879,13638,13758,13878 | -3.44    | -2.95    |
| 1   | 100        | 10000000 | 625000    | 93458    | 16384   | 8     | 16   | io_uring | 12        | 16  | increase  | asc         | asc        | 190536     | 281.47                  | 278.03            | 6   | 844,969,1094,843,968,1093           | -3.44    | -1.22    |
| 13  | 20         | 10000000 | 2500000   | 476191   | 0       | 8     | 4    | io_uring | 12        | 16  | increase  | asc         | desc       | 2262144    | 10963.59                | 10960.12          | 6   | 18869,19004,19139,18868,19003,19138 | -3.47    | -0.03    |
| 7   | 80         | 10000000 | 312500    | 117648   | 16384   | 2048  | 32   | io_uring | 12        | 16  | decrease  | asc         | desc       | 157768     | 1759.66                 | 1756.03           | 6   | 10059,10179,10299,10058,10178,10298 | -3.63    | -0.21    |
| 1   | 100        | 10000000 | 625000    | 93458    | 16384   | 8     | 16   | io_uring | 12        | 16  | increase  | asc         | asc        | 565536     | 788.89                  | 785.24            | 6   | 874,999,1124,873,998,1123           | -3.65    | -0.46    |
| 10  | 40         | 10000000 | 312500    | 238096   | 1024    | 0     | 32   | worker   | 12        | 16  | increase  | desc        | asc        | 32768      | 236.98                  | 233.33            | 6   | 13279,13399,13519,13278,13398,13518 | -3.65    | -1.54    |
| 17  | 40         | 10000000 | 312500    | 238096   | 4096    | 128   | 32   | worker   | 12        | 16  | increase  | asc         | desc       | 32768      | 311.59                  | 307.93            | 6   | 24439,24559,24679,24438,24558,24678 | -3.66    | -1.17    |
| 20  | 40         | 10000000 | 312500    | 238096   | 4096    | 128   | 32   | io_uring | 12        | 16  | decrease  | desc        | desc       | 220268     | 965.45                  | 961.77            | 6   | 29509,29629,29749,29508,29628,29748 | -3.68    | -0.38    |
| 9   | 40         | 10000000 | 312500    | 238096   | 1024    | 0     | 32   | io_uring | 12        | 16  | increase  | asc         | desc       | 251518     | 2279.18                 | 2275.42           | 6   | 12954,13074,13194,12953,13073,13193 | -3.76    | -0.16    |
| 18  | 40         | 10000000 | 312500    | 238096   | 4096    | 128   | 32   | io_uring | 12        | 16  | increase  | desc        | desc       | 220268     | 951.54                  | 947.77            | 6   | 26629,26749,26869,26628,26748,26868 | -3.77    | -0.4     |
| 8   | 80         | 10000000 | 312500    | 117648   | 16384   | 2048  | 32   | io_uring | 12        | 16  | decrease  | desc        | desc       | 16384      | 129.02                  | 125.09            | 6   | 11474,11594,11714,11473,11593,11713 | -3.93    | -3.05    |
| 5   | 80         | 10000000 | 312500    | 117648   | 16384   | 2048  | 32   | io_uring | 12        | 16  | increase  | asc         | desc       | 512        | 51.43                   | 47.48             | 6   | 7129,7249,7369,7128,7248,7368       | -3.95    | -7.68    |
| 1   | 100        | 10000000 | 625000    | 93458    | 16384   | 8     | 16   | io_uring | 12        | 16  | increase  | asc         | desc       | 503036     | 2083.91                 | 2079.89           | 6   | 1244,1369,1494,1243,1368,1493       | -4.02    | -0.19    |
| 1   | 100        | 10000000 | 625000    | 93458    | 16384   | 8     | 16   | worker   | 12        | 16  | increase  | asc         | desc       | 315536     | 1090.57                 | 1086.55           | 6   | 479,604,729,478,603,728             | -4.02    | -0.37    |
| 19  | 40         | 10000000 | 312500    | 238096   | 4096    | 128   | 32   | worker   | 12        | 16  | decrease  | asc         | asc        | 251518     | 921.02                  | 917.0             | 6   | 26994,27114,27234,26993,27113,27233 | -4.02    | -0.44    |
| 5   | 80         | 10000000 | 312500    | 117648   | 16384   | 2048  | 32   | io_uring | 12        | 16  | increase  | asc         | desc       | 8192       | 229.53                  | 225.44            | 6   | 7149,7269,7389,7148,7268,7388       | -4.09    | -1.78    |
| 11  | 40         | 10000000 | 312500    | 238096   | 1024    | 0     | 32   | io_uring | 12        | 16  | decrease  | asc         | asc        | 126518     | 493.82                  | 489.68            | 6   | 15454,15574,15694,15453,15573,15693 | -4.14    | -0.84    |
| 1   | 100        | 10000000 | 625000    | 93458    | 16384   | 8     | 16   | worker   | 12        | 16  | increase  | asc         | asc        | 440536     | 583.4                   | 579.22            | 6   | 114,239,364,113,238,363             | -4.18    | -0.72    |
| 4   | 100        | 10000000 | 625000    | 93458    | 16384   | 8     | 16   | io_uring | 12        | 16  | decrease  | desc        | desc       | 190536     | 273.12                  | 268.93            | 6   | 5719,5844,5969,5718,5843,5968       | -4.19    | -1.53    |
| 20  | 40         | 10000000 | 312500    | 238096   | 4096    | 128   | 32   | io_uring | 12        | 16  | decrease  | desc        | asc        | 126518     | 1456.97                 | 1452.74           | 6   | 29134,29254,29374,29133,29253,29373 | -4.23    | -0.29    |
| 11  | 40         | 10000000 | 312500    | 238096   | 1024    | 0     | 32   | worker   | 12        | 16  | decrease  | asc         | asc        | 16384      | 57.33                   | 53.08             | 6   | 14714,14834,14954,14713,14833,14953 | -4.25    | -7.41    |
| 8   | 80         | 10000000 | 312500    | 117648   | 16384   | 2048  | 32   | io_uring | 12        | 16  | decrease  | desc        | asc        | 256        | 38.76                   | 34.47             | 6   | 11084,11204,11324,11083,11203,11323 | -4.29    | -11.07   |
| 17  | 40         | 10000000 | 312500    | 238096   | 4096    | 128   | 32   | worker   | 12        | 16  | increase  | asc         | desc       | 16384      | 169.33                  | 165.04            | 6   | 24434,24554,24674,24433,24553,24673 | -4.29    | -2.53    |
| 10  | 40         | 10000000 | 312500    | 238096   | 1024    | 0     | 32   | worker   | 12        | 16  | increase  | desc        | desc       | 95268      | 325.26                  | 320.96            | 6   | 13649,13769,13889,13648,13768,13888 | -4.3     | -1.32    |
| 17  | 40         | 10000000 | 312500    | 238096   | 4096    | 128   | 32   | worker   | 12        | 16  | increase  | asc         | asc        | 189018     | 726.89                  | 722.58            | 6   | 24104,24224,24344,24103,24223,24343 | -4.31    | -0.59    |
| 1   | 100        | 10000000 | 625000    | 93458    | 16384   | 8     | 16   | io_uring | 12        | 16  | increase  | asc         | desc       | 565536     | 2339.03                 | 2334.68           | 6   | 1249,1374,1499,1248,1373,1498       | -4.35    | -0.19    |
| 12  | 40         | 10000000 | 312500    | 238096   | 1024    | 0     | 32   | worker   | 12        | 16  | decrease  | desc        | asc        | 32768      | 238.75                  | 234.39            | 6   | 16159,16279,16399,16158,16278,16398 | -4.36    | -1.83    |
| 6   | 80         | 10000000 | 312500    | 117648   | 16384   | 2048  | 32   | worker   | 12        | 16  | increase  | desc        | asc        | 95268      | 1024.32                 | 1019.92           | 6   | 7529,7649,7769,7528,7648,7768       | -4.4     | -0.43    |
| 4   | 100        | 10000000 | 625000    | 93458    | 16384   | 8     | 16   | worker   | 12        | 16  | decrease  | desc        | asc        | 128036     | 399.41                  | 395.01            | 6   | 4589,4714,4839,4588,4713,4838       | -4.4     | -1.1     |
| 21  | 80         | 10000000 | 10000000  | 117648   | 1048576 | 128   | 1    | worker   | 12        | 16  | increase  | asc         | asc        | 5048576    | 1471.52                 | 1467.12           | 6   | 29884,30029,30174,29883,30028,30173 | -4.4     | -0.3     |
| 10  | 40         | 10000000 | 312500    | 238096   | 1024    | 0     | 32   | io_uring | 12        | 16  | increase  | desc        | asc        | 64018      | 484.54                  | 480.12            | 6   | 14004,14124,14244,14003,14123,14243 | -4.42    | -0.91    |
| 13  | 20         | 10000000 | 2500000   | 476191   | 0       | 8     | 4    | io_uring | 12        | 16  | increase  | asc         | desc       | 2012144    | 9705.08                 | 9700.64           | 6   | 18864,18999,19134,18863,18998,19133 | -4.44    | -0.05    |
| 6   | 80         | 10000000 | 312500    | 117648   | 16384   | 2048  | 32   | worker   | 12        | 16  | increase  | desc        | asc        | 32768      | 379.22                  | 374.72            | 6   | 7519,7639,7759,7518,7638,7758       | -4.5     | -1.19    |
| 2   | 100        | 10000000 | 625000    | 93458    | 16384   | 8     | 16   | io_uring | 12        | 16  | increase  | desc        | asc        | 128036     | 444.49                  | 439.93            | 6   | 2339,2464,2589,2338,2463,2588       | -4.56    | -1.03    |
| 2   | 100        | 10000000 | 625000    | 93458    | 16384   | 8     | 16   | worker   | 12        | 16  | increase  | desc        | desc       | 253036     | 331.25                  | 326.68            | 6   | 1974,2099,2224,1973,2098,2223       | -4.57    | -1.38    |
| 7   | 80         | 10000000 | 312500    | 117648   | 16384   | 2048  | 32   | worker   | 12        | 16  | decrease  | asc         | desc       | 2048       | 61.05                   | 56.48             | 6   | 9299,9419,9539,9298,9418,9538       | -4.57    | -7.49    |
| 18  | 40         | 10000000 | 312500    | 238096   | 4096    | 128   | 32   | worker   | 12        | 16  | increase  | desc        | desc       | 220268     | 803.46                  | 798.85            | 6   | 25909,26029,26149,25908,26028,26148 | -4.61    | -0.57    |
| 20  | 40         | 10000000 | 312500    | 238096   | 4096    | 128   | 32   | io_uring | 12        | 16  | decrease  | desc        | desc       | 126518     | 566.82                  | 562.19            | 6   | 29494,29614,29734,29493,29613,29733 | -4.63    | -0.82    |
| 4   | 100        | 10000000 | 625000    | 93458    | 16384   | 8     | 16   | worker   | 12        | 16  | decrease  | desc        | asc        | 378036     | 1152.16                 | 1147.51           | 6   | 4609,4734,4859,4608,4733,4858       | -4.65    | -0.4     |
| 2   | 100        | 10000000 | 625000    | 93458    | 16384   | 8     | 16   | io_uring | 12        | 16  | increase  | desc        | desc       | 315536     | 478.63                  | 473.97            | 6   | 2729,2854,2979,2728,2853,2978       | -4.66    | -0.97    |
| 5   | 80         | 10000000 | 312500    | 117648   | 16384   | 2048  | 32   | io_uring | 12        | 16  | increase  | asc         | asc        | 8192       | 74.4                    | 69.69             | 6   | 6789,6909,7029,6788,6908,7028       | -4.71    | -6.33    |
| 20  | 40         | 10000000 | 312500    | 238096   | 4096    | 128   | 32   | io_uring | 12        | 16  | decrease  | desc        | desc       | 95268      | 425.62                  | 420.85            | 6   | 29489,29609,29729,29488,29608,29728 | -4.77    | -1.12    |
| 14  | 20         | 10000000 | 2500000   | 476191   | 0       | 8     | 4    | worker   | 12        | 16  | increase  | desc        | asc        | 131072     | 174.72                  | 169.93            | 6   | 19229,19364,19499,19228,19363,19498 | -4.79    | -2.74    |
| 9   | 40         | 10000000 | 312500    | 238096   | 1024    | 0     | 32   | io_uring | 12        | 16  | increase  | asc         | asc        | 95268      | 332.48                  | 327.65            | 6   | 12569,12689,12809,12568,12688,12808 | -4.83    | -1.45    |
| 20  | 40         | 10000000 | 312500    | 238096   | 4096    | 128   | 32   | worker   | 12        | 16  | decrease  | desc        | asc        | 32768      | 280.22                  | 275.3             | 6   | 28399,28519,28639,28398,28518,28638 | -4.92    | -1.76    |
| 19  | 40         | 10000000 | 312500    | 238096   | 4096    | 128   | 32   | worker   | 12        | 16  | decrease  | asc         | desc       | 8192       | 86.41                   | 81.48             | 6   | 27309,27429,27549,27308,27428,27548 | -4.93    | -5.71    |
| 3   | 100        | 10000000 | 625000    | 93458    | 16384   | 8     | 16   | worker   | 12        | 16  | decrease  | asc         | asc        | 315536     | 407.09                  | 402.13            | 6   | 3104,3229,3354,3103,3228,3353       | -4.96    | -1.22    |
| 6   | 80         | 10000000 | 312500    | 117648   | 16384   | 2048  | 32   | io_uring | 12        | 16  | increase  | desc        | desc       | 220268     | 2122.42                 | 2117.43           | 6   | 8629,8749,8869,8628,8748,8868       | -4.99    | -0.24    |
| 6   | 80         | 10000000 | 312500    | 117648   | 16384   | 2048  | 32   | io_uring | 12        | 16  | increase  | desc        | asc        | 95268      | 1081.5                  | 1076.49           | 6   | 8249,8369,8489,8248,8368,8488       | -5.01    | -0.46    |
| 11  | 40         | 10000000 | 312500    | 238096   | 1024    | 0     | 32   | io_uring | 12        | 16  | decrease  | asc         | asc        | 157768     | 616.38                  | 611.37            | 6   | 15459,15579,15699,15458,15578,15698 | -5.01    | -0.81    |
| 9   | 40         | 10000000 | 312500    | 238096   | 1024    | 0     | 32   | io_uring | 12        | 16  | increase  | asc         | desc       | 64018      | 586.62                  | 581.54            | 6   | 12924,13044,13164,12923,13043,13163 | -5.08    | -0.87    |
| 19  | 40         | 10000000 | 312500    | 238096   | 4096    | 128   | 32   | worker   | 12        | 16  | decrease  | asc         | asc        | 282768     | 1041.74                 | 1036.63           | 6   | 26999,27119,27239,26998,27118,27238 | -5.11    | -0.49    |
| 21  | 80         | 10000000 | 10000000  | 117648   | 1048576 | 128   | 1    | worker   | 12        | 16  | increase  | asc         | asc        | 2048       | 37.73                   | 32.61             | 6   | 29819,29964,30109,29818,29963,30108 | -5.12    | -13.57   |
| 14  | 20         | 10000000 | 2500000   | 476191   | 0       | 8     | 4    | worker   | 12        | 16  | increase  | desc        | asc        | 32768      | 48.76                   | 43.62             | 6   | 19219,19354,19489,19218,19353,19488 | -5.14    | -10.54   |
| 15  | 20         | 10000000 | 2500000   | 476191   | 0       | 8     | 4    | io_uring | 12        | 16  | decrease  | asc         | desc       | 65536      | 94.82                   | 89.65             | 6   | 22059,22194,22329,22058,22193,22328 | -5.17    | -5.45    |
| 12  | 40         | 10000000 | 312500    | 238096   | 1024    | 0     | 32   | worker   | 12        | 16  | decrease  | desc        | asc        | 16384      | 125.88                  | 120.69            | 6   | 16154,16274,16394,16153,16273,16393 | -5.19    | -4.12    |
| 18  | 40         | 10000000 | 312500    | 238096   | 4096    | 128   | 32   | worker   | 12        | 16  | increase  | desc        | desc       | 16384      | 70.5                    | 65.29             | 6   | 25874,25994,26114,25873,25993,26113 | -5.21    | -7.39    |
| 7   | 80         | 10000000 | 312500    | 117648   | 16384   | 2048  | 32   | worker   | 12        | 16  | decrease  | asc         | desc       | 282768     | 2945.34                 | 2940.12           | 6   | 9359,9479,9599,9358,9478,9598       | -5.22    | -0.18    |
| 15  | 20         | 10000000 | 2500000   | 476191   | 0       | 8     | 4    | worker   | 12        | 16  | decrease  | asc         | desc       | 65536      | 92.16                   | 86.9              | 6   | 21249,21384,21519,21248,21383,21518 | -5.26    | -5.71    |
| 11  | 40         | 10000000 | 312500    | 238096   | 1024    | 0     | 32   | worker   | 12        | 16  | decrease  | asc         | asc        | 189018     | 569.94                  | 564.66            | 6   | 14744,14864,14984,14743,14863,14983 | -5.28    | -0.93    |
| 6   | 80         | 10000000 | 312500    | 117648   | 16384   | 2048  | 32   | worker   | 12        | 16  | increase  | desc        | asc        | 64018      | 701.88                  | 696.48            | 6   | 7524,7644,7764,7523,7643,7763       | -5.4     | -0.77    |
| 20  | 40         | 10000000 | 312500    | 238096   | 4096    | 128   | 32   | worker   | 12        | 16  | decrease  | desc        | desc       | 157768     | 623.85                  | 618.4             | 6   | 28779,28899,29019,28778,28898,29018 | -5.45    | -0.87    |
| 21  | 80         | 10000000 | 10000000  | 117648   | 1048576 | 128   | 1    | io_uring | 12        | 16  | increase  | asc         | asc        | 1024       | 33.86                   | 28.38             | 6   | 30684,30829,30974,30683,30828,30973 | -5.48    | -16.18   |
| 4   | 100        | 10000000 | 625000    | 93458    | 16384   | 8     | 16   | worker   | 12        | 16  | decrease  | desc        | desc       | 503036     | 667.1                   | 661.62            | 6   | 4994,5119,5244,4993,5118,5243       | -5.48    | -0.82    |
| 20  | 40         | 10000000 | 312500    | 238096   | 4096    | 128   | 32   | io_uring | 12        | 16  | decrease  | desc        | asc        | 220268     | 2495.25                 | 2489.69           | 6   | 29149,29269,29389,29148,29268,29388 | -5.56    | -0.22    |
| 7   | 80         | 10000000 | 312500    | 117648   | 16384   | 2048  | 32   | io_uring | 12        | 16  | decrease  | asc         | desc       | 2048       | 73.47                   | 67.91             | 6   | 10019,10139,10259,10018,10138,10258 | -5.56    | -7.57    |
| 7   | 80         | 10000000 | 312500    | 117648   | 16384   | 2048  | 32   | io_uring | 12        | 16  | decrease  | asc         | desc       | 256        | 39.34                   | 33.77             | 6   | 10004,10124,10244,10003,10123,10243 | -5.57    | -14.16   |
| 8   | 80         | 10000000 | 312500    | 117648   | 16384   | 2048  | 32   | io_uring | 12        | 16  | decrease  | desc        | desc       | 157768     | 1062.67                 | 1057.07           | 6   | 11499,11619,11739,11498,11618,11738 | -5.6     | -0.53    |
| 21  | 80         | 10000000 | 10000000  | 117648   | 1048576 | 128   | 1    | worker   | 12        | 16  | increase  | asc         | asc        | 8048576    | 2350.92                 | 2345.24           | 6   | 29899,30044,30189,29898,30043,30188 | -5.68    | -0.24    |
| 15  | 20         | 10000000 | 2500000   | 476191   | 0       | 8     | 4    | worker   | 12        | 16  | decrease  | asc         | desc       | 131072     | 175.99                  | 170.29            | 6   | 21254,21389,21524,21253,21388,21523 | -5.7     | -3.24    |
| 3   | 100        | 10000000 | 625000    | 93458    | 16384   | 8     | 16   | worker   | 12        | 16  | decrease  | asc         | asc        | 253036     | 326.83                  | 321.05            | 6   | 3099,3224,3349,3098,3223,3348       | -5.78    | -1.77    |
| 21  | 80         | 10000000 | 10000000  | 117648   | 1048576 | 128   | 1    | io_uring | 12        | 16  | increase  | asc         | asc        | 262144     | 195.3                   | 189.51            | 6   | 30724,30869,31014,30723,30868,31013 | -5.79    | -2.96    |
| 21  | 80         | 10000000 | 10000000  | 117648   | 1048576 | 128   | 1    | io_uring | 12        | 16  | increase  | asc         | asc        | 256        | 11.43                   | 5.63              | 6   | 30674,30819,30964,30673,30818,30963 | -5.8     | -50.74   |
| 21  | 80         | 10000000 | 10000000  | 117648   | 1048576 | 128   | 1    | worker   | 12        | 16  | increase  | asc         | desc       | 1048576    | 894.26                  | 888.45            | 6   | 30299,30444,30589,30298,30443,30588 | -5.81    | -0.65    |
| 7   | 80         | 10000000 | 312500    | 117648   | 16384   | 2048  | 32   | io_uring | 12        | 16  | decrease  | asc         | desc       | 95268      | 1088.07                 | 1082.24           | 6   | 10049,10169,10289,10048,10168,10288 | -5.83    | -0.54    |
| 12  | 40         | 10000000 | 312500    | 238096   | 1024    | 0     | 32   | worker   | 12        | 16  | decrease  | desc        | desc       | 126518     | 395.38                  | 389.55            | 6   | 16534,16654,16774,16533,16653,16773 | -5.83    | -1.47    |
| 12  | 40         | 10000000 | 312500    | 238096   | 1024    | 0     | 32   | worker   | 12        | 16  | decrease  | desc        | desc       | 189018     | 573.08                  | 567.05            | 6   | 16544,16664,16784,16543,16663,16783 | -6.03    | -1.05    |
| 7   | 80         | 10000000 | 312500    | 117648   | 16384   | 2048  | 32   | worker   | 12        | 16  | decrease  | asc         | desc       | 64018      | 716.19                  | 710.13            | 6   | 9324,9444,9564,9323,9443,9563       | -6.06    | -0.85    |
| 16  | 20         | 10000000 | 2500000   | 476191   | 0       | 8     | 4    | worker   | 12        | 16  | decrease  | desc        | asc        | 131072     | 397.11                  | 391.0             | 6   | 22469,22604,22739,22468,22603,22738 | -6.11    | -1.54    |
| 17  | 40         | 10000000 | 312500    | 238096   | 4096    | 128   | 32   | io_uring | 12        | 16  | increase  | asc         | asc        | 220268     | 958.02                  | 951.89            | 6   | 24829,24949,25069,24828,24948,25068 | -6.13    | -0.64    |
| 6   | 80         | 10000000 | 312500    | 117648   | 16384   | 2048  | 32   | worker   | 12        | 16  | increase  | desc        | asc        | 8192       | 127.34                  | 121.14            | 6   | 7509,7629,7749,7508,7628,7748       | -6.2     | -4.87    |
| 8   | 80         | 10000000 | 312500    | 117648   | 16384   | 2048  | 32   | io_uring | 12        | 16  | decrease  | desc        | asc        | 95268      | 2326.27                 | 2320.03           | 6   | 11129,11249,11369,11128,11248,11368 | -6.24    | -0.27    |
| 1   | 100        | 10000000 | 625000    | 93458    | 16384   | 8     | 16   | worker   | 12        | 16  | increase  | asc         | asc        | 315536     | 423.99                  | 417.69            | 6   | 104,229,354,103,228,353             | -6.3     | -1.49    |
| 4   | 100        | 10000000 | 625000    | 93458    | 16384   | 8     | 16   | io_uring | 12        | 16  | decrease  | desc        | desc       | 65536      | 104.93                  | 98.63             | 6   | 5709,5834,5959,5708,5833,5958       | -6.3     | -6.0     |
| 12  | 40         | 10000000 | 312500    | 238096   | 1024    | 0     | 32   | worker   | 12        | 16  | decrease  | desc        | asc        | 64018      | 457.68                  | 451.34            | 6   | 16164,16284,16404,16163,16283,16403 | -6.34    | -1.39    |
| 19  | 40         | 10000000 | 312500    | 238096   | 4096    | 128   | 32   | worker   | 12        | 16  | decrease  | asc         | desc       | 16384      | 153.64                  | 147.29            | 6   | 27314,27434,27554,27313,27433,27553 | -6.35    | -4.13    |
| 20  | 40         | 10000000 | 312500    | 238096   | 4096    | 128   | 32   | io_uring | 12        | 16  | decrease  | desc        | asc        | 32768      | 396.09                  | 389.7             | 6   | 29119,29239,29359,29118,29238,29358 | -6.39    | -1.61    |
| 20  | 40         | 10000000 | 312500    | 238096   | 4096    | 128   | 32   | worker   | 12        | 16  | decrease  | desc        | desc       | 32768      | 142.25                  | 135.86            | 6   | 28759,28879,28999,28758,28878,28998 | -6.39    | -4.49    |
| 3   | 100        | 10000000 | 625000    | 93458    | 16384   | 8     | 16   | worker   | 12        | 16  | decrease  | asc         | asc        | 565536     | 700.95                  | 694.52            | 6   | 3124,3249,3374,3123,3248,3373       | -6.43    | -0.92    |
| 18  | 40         | 10000000 | 312500    | 238096   | 4096    | 128   | 32   | worker   | 12        | 16  | increase  | desc        | asc        | 16384      | 153.8                   | 147.36            | 6   | 25514,25634,25754,25513,25633,25753 | -6.44    | -4.19    |
| 21  | 80         | 10000000 | 10000000  | 117648   | 1048576 | 128   | 1    | worker   | 12        | 16  | increase  | asc         | desc       | 2048       | 51.2                    | 44.75             | 6   | 30254,30399,30544,30253,30398,30543 | -6.45    | -12.6    |
| 9   | 40         | 10000000 | 312500    | 238096   | 1024    | 0     | 32   | worker   | 12        | 16  | increase  | asc         | desc       | 32768      | 245.59                  | 239.13            | 6   | 12199,12319,12439,12198,12318,12438 | -6.46    | -2.63    |
| 9   | 40         | 10000000 | 312500    | 238096   | 1024    | 0     | 32   | worker   | 12        | 16  | increase  | asc         | desc       | 95268      | 688.12                  | 681.65            | 6   | 12209,12329,12449,12208,12328,12448 | -6.47    | -0.94    |
| 5   | 80         | 10000000 | 312500    | 117648   | 16384   | 2048  | 32   | worker   | 12        | 16  | increase  | asc         | desc       | 251518     | 5610.14                 | 5603.65           | 6   | 6474,6594,6714,6473,6593,6713       | -6.49    | -0.12    |
| 21  | 80         | 10000000 | 10000000  | 117648   | 1048576 | 128   | 1    | io_uring | 12        | 16  | increase  | asc         | desc       | 256        | 12.07                   | 5.55              | 4   | 31109,31254,31108,31253             | -6.52    | -54.02   |
| 2   | 100        | 10000000 | 625000    | 93458    | 16384   | 8     | 16   | io_uring | 12        | 16  | increase  | desc        | desc       | 378036     | 571.05                  | 564.48            | 6   | 2734,2859,2984,2733,2858,2983       | -6.57    | -1.15    |
| 17  | 40         | 10000000 | 312500    | 238096   | 4096    | 128   | 32   | io_uring | 12        | 16  | increase  | asc         | desc       | 220268     | 2703.62                 | 2697.04           | 6   | 25189,25309,25429,25188,25308,25428 | -6.58    | -0.24    |
| 3   | 100        | 10000000 | 625000    | 93458    | 16384   | 8     | 16   | worker   | 12        | 16  | decrease  | asc         | desc       | 253036     | 854.49                  | 847.82            | 6   | 3474,3599,3724,3473,3598,3723       | -6.67    | -0.78    |
| 8   | 80         | 10000000 | 312500    | 117648   | 16384   | 2048  | 32   | worker   | 12        | 16  | decrease  | desc        | asc        | 8192       | 207.47                  | 200.78            | 6   | 10389,10509,10629,10388,10508,10628 | -6.69    | -3.22    |
| 1   | 100        | 10000000 | 625000    | 93458    | 16384   | 8     | 16   | io_uring | 12        | 16  | increase  | asc         | desc       | 440536     | 1830.0                  | 1823.25           | 6   | 1239,1364,1489,1238,1363,1488       | -6.75    | -0.37    |
| 10  | 40         | 10000000 | 312500    | 238096   | 1024    | 0     | 32   | worker   | 12        | 16  | increase  | desc        | desc       | 64018      | 223.59                  | 216.84            | 6   | 13644,13764,13884,13643,13763,13883 | -6.75    | -3.02    |
| 16  | 20         | 10000000 | 2500000   | 476191   | 0       | 8     | 4    | io_uring | 12        | 16  | decrease  | desc        | desc       | 512144     | 378.79                  | 371.98            | 6   | 23694,23829,23964,23693,23828,23963 | -6.81    | -1.8     |
| 2   | 100        | 10000000 | 625000    | 93458    | 16384   | 8     | 16   | io_uring | 12        | 16  | increase  | desc        | asc        | 253036     | 861.28                  | 854.36            | 6   | 2349,2474,2599,2348,2473,2598       | -6.92    | -0.8     |
| 16  | 20         | 10000000 | 2500000   | 476191   | 0       | 8     | 4    | io_uring | 12        | 16  | decrease  | desc        | asc        | 1012144    | 4466.87                 | 4459.77           | 6   | 23299,23434,23569,23298,23433,23568 | -7.1     | -0.16    |
| 17  | 40         | 10000000 | 312500    | 238096   | 4096    | 128   | 32   | worker   | 12        | 16  | increase  | asc         | asc        | 126518     | 506.62                  | 499.29            | 6   | 24094,24214,24334,24093,24213,24333 | -7.33    | -1.45    |
| 17  | 40         | 10000000 | 312500    | 238096   | 4096    | 128   | 32   | worker   | 12        | 16  | increase  | asc         | desc       | 64018      | 590.44                  | 583.08            | 6   | 24444,24564,24684,24443,24563,24683 | -7.36    | -1.25    |
| 19  | 40         | 10000000 | 312500    | 238096   | 4096    | 128   | 32   | worker   | 12        | 16  | decrease  | asc         | desc       | 64018      | 540.24                  | 532.85            | 6   | 27324,27444,27564,27323,27443,27563 | -7.39    | -1.37    |
| 2   | 100        | 10000000 | 625000    | 93458    | 16384   | 8     | 16   | worker   | 12        | 16  | increase  | desc        | asc        | 315536     | 1001.6                  | 994.06            | 6   | 1604,1729,1854,1603,1728,1853       | -7.54    | -0.75    |
| 10  | 40         | 10000000 | 312500    | 238096   | 1024    | 0     | 32   | io_uring | 12        | 16  | increase  | desc        | asc        | 189018     | 1412.46                 | 1404.81           | 6   | 14024,14144,14264,14023,14143,14263 | -7.65    | -0.54    |
| 6   | 80         | 10000000 | 312500    | 117648   | 16384   | 2048  | 32   | io_uring | 12        | 16  | increase  | desc        | asc        | 512        | 58.34                   | 50.56             | 6   | 8209,8329,8449,8208,8328,8448       | -7.78    | -13.34   |
| 13  | 20         | 10000000 | 2500000   | 476191   | 0       | 8     | 4    | io_uring | 12        | 16  | increase  | asc         | asc        | 2012144    | 1452.09                 | 1444.21           | 6   | 18459,18594,18729,18458,18593,18728 | -7.88    | -0.54    |
| 7   | 80         | 10000000 | 312500    | 117648   | 16384   | 2048  | 32   | io_uring | 12        | 16  | decrease  | asc         | desc       | 512        | 53.79                   | 45.88             | 6   | 10009,10129,10249,10008,10128,10248 | -7.91    | -14.71   |
| 13  | 20         | 10000000 | 2500000   | 476191   | 0       | 8     | 4    | worker   | 12        | 16  | increase  | asc         | desc       | 1262144    | 5388.1                  | 5380.11           | 6   | 18039,18174,18309,18038,18173,18308 | -7.99    | -0.15    |
| 3   | 100        | 10000000 | 625000    | 93458    | 16384   | 8     | 16   | worker   | 12        | 16  | decrease  | asc         | asc        | 190536     | 265.07                  | 256.99            | 6   | 3094,3219,3344,3093,3218,3343       | -8.08    | -3.05    |
| 4   | 100        | 10000000 | 625000    | 93458    | 16384   | 8     | 16   | io_uring | 12        | 16  | decrease  | desc        | desc       | 378036     | 534.29                  | 526.18            | 6   | 5734,5859,5984,5733,5858,5983       | -8.11    | -1.52    |
| 5   | 80         | 10000000 | 312500    | 117648   | 16384   | 2048  | 32   | io_uring | 12        | 16  | increase  | asc         | asc        | 189018     | 1271.38                 | 1263.27           | 6   | 6824,6944,7064,6823,6943,7063       | -8.11    | -0.64    |
| 18  | 40         | 10000000 | 312500    | 238096   | 4096    | 128   | 32   | io_uring | 12        | 16  | increase  | desc        | desc       | 126518     | 550.5                   | 542.21            | 6   | 26614,26734,26854,26613,26733,26853 | -8.29    | -1.51    |
| 3   | 100        | 10000000 | 625000    | 93458    | 16384   | 8     | 16   | worker   | 12        | 16  | decrease  | asc         | desc       | 128036     | 433.74                  | 425.45            | 6   | 3464,3589,3714,3463,3588,3713       | -8.29    | -1.91    |
| 2   | 100        | 10000000 | 625000    | 93458    | 16384   | 8     | 16   | worker   | 12        | 16  | increase  | desc        | desc       | 565536     | 722.34                  | 714.01            | 6   | 1999,2124,2249,1998,2123,2248       | -8.33    | -1.15    |
| 16  | 20         | 10000000 | 2500000   | 476191   | 0       | 8     | 4    | io_uring | 12        | 16  | decrease  | desc        | asc        | 1262144    | 5633.36                 | 5625.0            | 6   | 23304,23439,23574,23303,23438,23573 | -8.36    | -0.15    |
| 12  | 40         | 10000000 | 312500    | 238096   | 1024    | 0     | 32   | worker   | 12        | 16  | decrease  | desc        | asc        | 282768     | 1918.51                 | 1910.06           | 6   | 16199,16319,16439,16198,16318,16438 | -8.45    | -0.44    |
| 6   | 80         | 10000000 | 312500    | 117648   | 16384   | 2048  | 32   | io_uring | 12        | 16  | increase  | desc        | asc        | 16384      | 240.04                  | 231.57            | 6   | 8234,8354,8474,8233,8353,8473       | -8.47    | -3.53    |
| 4   | 100        | 10000000 | 625000    | 93458    | 16384   | 8     | 16   | worker   | 12        | 16  | decrease  | desc        | desc       | 190536     | 260.72                  | 252.06            | 6   | 4969,5094,5219,4968,5093,5218       | -8.66    | -3.32    |
| 10  | 40         | 10000000 | 312500    | 238096   | 1024    | 0     | 32   | worker   | 12        | 16  | increase  | desc        | asc        | 64018      | 461.74                  | 453.07            | 6   | 13284,13404,13524,13283,13403,13523 | -8.67    | -1.88    |
| 5   | 80         | 10000000 | 312500    | 117648   | 16384   | 2048  | 32   | io_uring | 12        | 16  | increase  | asc         | desc       | 2048       | 82.56                   | 73.51             | 6   | 7139,7259,7379,7138,7258,7378       | -9.05    | -10.96   |
| 1   | 100        | 10000000 | 625000    | 93458    | 16384   | 8     | 16   | worker   | 12        | 16  | increase  | asc         | desc       | 190536     | 665.94                  | 656.88            | 6   | 469,594,719,468,593,718             | -9.06    | -1.36    |
| 18  | 40         | 10000000 | 312500    | 238096   | 4096    | 128   | 32   | worker   | 12        | 16  | increase  | desc        | desc       | 64018      | 245.42                  | 236.26            | 6   | 25884,26004,26124,25883,26003,26123 | -9.16    | -3.73    |
| 21  | 80         | 10000000 | 10000000  | 117648   | 1048576 | 128   | 1    | worker   | 12        | 16  | increase  | asc         | asc        | 8192       | 120.35                  | 111.12            | 6   | 29829,29974,30119,29828,29973,30118 | -9.23    | -7.67    |
| 5   | 80         | 10000000 | 312500    | 117648   | 16384   | 2048  | 32   | io_uring | 12        | 16  | increase  | asc         | asc        | 157768     | 1062.87                 | 1053.63           | 6   | 6819,6939,7059,6818,6938,7058       | -9.24    | -0.87    |
| 2   | 100        | 10000000 | 625000    | 93458    | 16384   | 8     | 16   | io_uring | 12        | 16  | increase  | desc        | asc        | 565536     | 1904.45                 | 1895.12           | 6   | 2374,2499,2624,2373,2498,2623       | -9.33    | -0.49    |
| 9   | 40         | 10000000 | 312500    | 238096   | 1024    | 0     | 32   | io_uring | 12        | 16  | increase  | asc         | desc       | 95268      | 872.14                  | 862.78            | 6   | 12929,13049,13169,12928,13048,13168 | -9.36    | -1.07    |
| 21  | 80         | 10000000 | 10000000  | 117648   | 1048576 | 128   | 1    | worker   | 12        | 16  | increase  | asc         | asc        | 7048576    | 2052.2                  | 2042.72           | 6   | 29894,30039,30184,29893,30038,30183 | -9.48    | -0.46    |
| 4   | 100        | 10000000 | 625000    | 93458    | 16384   | 8     | 16   | worker   | 12        | 16  | decrease  | desc        | asc        | 503036     | 1531.05                 | 1521.38           | 6   | 4619,4744,4869,4618,4743,4868       | -9.67    | -0.63    |
| 17  | 40         | 10000000 | 312500    | 238096   | 4096    | 128   | 32   | worker   | 12        | 16  | increase  | asc         | asc        | 64018      | 262.92                  | 253.24            | 6   | 24084,24204,24324,24083,24203,24323 | -9.68    | -3.68    |
| 9   | 40         | 10000000 | 312500    | 238096   | 1024    | 0     | 32   | worker   | 12        | 16  | increase  | asc         | asc        | 251518     | 758.21                  | 748.45            | 6   | 11874,11994,12114,11873,11993,12113 | -9.76    | -1.29    |
| 7   | 80         | 10000000 | 312500    | 117648   | 16384   | 2048  | 32   | worker   | 12        | 16  | decrease  | asc         | desc       | 189018     | 1984.41                 | 1974.6            | 6   | 9344,9464,9584,9343,9463,9583       | -9.81    | -0.49    |
| 5   | 80         | 10000000 | 312500    | 117648   | 16384   | 2048  | 32   | io_uring | 12        | 16  | increase  | asc         | desc       | 251518     | 6261.51                 | 6251.69           | 6   | 7194,7314,7434,7193,7313,7433       | -9.82    | -0.16    |
| 2   | 100        | 10000000 | 625000    | 93458    | 16384   | 8     | 16   | worker   | 12        | 16  | increase  | desc        | asc        | 378036     | 1187.61                 | 1177.62           | 6   | 1609,1734,1859,1608,1733,1858       | -9.99    | -0.84    |
| 8   | 80         | 10000000 | 312500    | 117648   | 16384   | 2048  | 32   | worker   | 12        | 16  | decrease  | desc        | asc        | 95268      | 2144.56                 | 2134.53           | 6   | 10409,10529,10649,10408,10528,10648 | -10.03   | -0.47    |
| 21  | 80         | 10000000 | 10000000  | 117648   | 1048576 | 128   | 1    | io_uring | 12        | 16  | increase  | asc         | desc       | 6048576    | 5189.59                 | 5179.56           | 4   | 31194,31339,31193,31338             | -10.03   | -0.19    |
| 21  | 80         | 10000000 | 10000000  | 117648   | 1048576 | 128   | 1    | io_uring | 12        | 16  | increase  | asc         | desc       | 524288     | 601.55                  | 591.52            | 4   | 31164,31309,31163,31308             | -10.03   | -1.67    |
| 13  | 20         | 10000000 | 2500000   | 476191   | 0       | 8     | 4    | io_uring | 12        | 16  | increase  | asc         | asc        | 2262144    | 1641.69                 | 1631.55           | 6   | 18464,18599,18734,18463,18598,18733 | -10.14   | -0.62    |
| 19  | 40         | 10000000 | 312500    | 238096   | 4096    | 128   | 32   | io_uring | 12        | 16  | decrease  | asc         | asc        | 220268     | 956.81                  | 946.65            | 6   | 27709,27829,27949,27708,27828,27948 | -10.16   | -1.06    |
| 9   | 40         | 10000000 | 312500    | 238096   | 1024    | 0     | 32   | io_uring | 12        | 16  | increase  | asc         | asc        | 282768     | 964.98                  | 954.8             | 6   | 12599,12719,12839,12598,12718,12838 | -10.18   | -1.05    |
| 17  | 40         | 10000000 | 312500    | 238096   | 4096    | 128   | 32   | worker   | 12        | 16  | increase  | asc         | desc       | 189018     | 1717.03                 | 1706.8            | 6   | 24464,24584,24704,24463,24583,24703 | -10.23   | -0.6     |
| 8   | 80         | 10000000 | 312500    | 117648   | 16384   | 2048  | 32   | worker   | 12        | 16  | decrease  | desc        | desc       | 220268     | 1481.18                 | 1470.93           | 6   | 10789,10909,11029,10788,10908,11028 | -10.25   | -0.69    |
| 8   | 80         | 10000000 | 312500    | 117648   | 16384   | 2048  | 32   | io_uring | 12        | 16  | decrease  | desc        | asc        | 220268     | 5352.79                 | 5342.53           | 6   | 11149,11269,11389,11148,11268,11388 | -10.26   | -0.19    |
| 15  | 20         | 10000000 | 2500000   | 476191   | 0       | 8     | 4    | io_uring | 12        | 16  | decrease  | asc         | desc       | 131072     | 188.25                  | 177.77            | 6   | 22064,22199,22334,22063,22198,22333 | -10.48   | -5.57    |
| 14  | 20         | 10000000 | 2500000   | 476191   | 0       | 8     | 4    | io_uring | 12        | 16  | increase  | desc        | asc        | 131072     | 179.37                  | 168.77            | 6   | 20039,20174,20309,20038,20173,20308 | -10.6    | -5.91    |
| 8   | 80         | 10000000 | 312500    | 117648   | 16384   | 2048  | 32   | io_uring | 12        | 16  | decrease  | desc        | asc        | 282768     | 6778.41                 | 6767.73           | 6   | 11159,11279,11399,11158,11278,11398 | -10.68   | -0.16    |
| 9   | 40         | 10000000 | 312500    | 238096   | 1024    | 0     | 32   | worker   | 12        | 16  | increase  | asc         | desc       | 251518     | 1795.38                 | 1784.64           | 6   | 12234,12354,12474,12233,12353,12473 | -10.74   | -0.6     |
| 8   | 80         | 10000000 | 312500    | 117648   | 16384   | 2048  | 32   | worker   | 12        | 16  | decrease  | desc        | asc        | 4096       | 106.39                  | 95.57             | 6   | 10384,10504,10624,10383,10503,10623 | -10.82   | -10.17   |
| 5   | 80         | 10000000 | 312500    | 117648   | 16384   | 2048  | 32   | io_uring | 12        | 16  | increase  | asc         | asc        | 220268     | 1465.81                 | 1454.86           | 6   | 6829,6949,7069,6828,6948,7068       | -10.95   | -0.75    |
| 21  | 80         | 10000000 | 10000000  | 117648   | 1048576 | 128   | 1    | io_uring | 12        | 16  | increase  | asc         | desc       | 4048576    | 3508.77                 | 3497.76           | 4   | 31184,31329,31183,31328             | -11.01   | -0.31    |
| 9   | 40         | 10000000 | 312500    | 238096   | 1024    | 0     | 32   | worker   | 12        | 16  | increase  | asc         | asc        | 220268     | 666.74                  | 655.73            | 6   | 11869,11989,12109,11868,11988,12108 | -11.01   | -1.65    |
| 3   | 100        | 10000000 | 625000    | 93458    | 16384   | 8     | 16   | worker   | 12        | 16  | decrease  | asc         | desc       | 440536     | 1471.54                 | 1460.5            | 6   | 3489,3614,3739,3488,3613,3738       | -11.04   | -0.75    |
| 16  | 20         | 10000000 | 2500000   | 476191   | 0       | 8     | 4    | worker   | 12        | 16  | decrease  | desc        | asc        | 262144     | 780.52                  | 769.33            | 6   | 22474,22609,22744,22473,22608,22743 | -11.19   | -1.43    |
| 21  | 80         | 10000000 | 10000000  | 117648   | 1048576 | 128   | 1    | io_uring | 12        | 16  | increase  | asc         | desc       | 5048576    | 4343.03                 | 4331.8            | 4   | 31189,31334,31188,31333             | -11.23   | -0.26    |
| 21  | 80         | 10000000 | 10000000  | 117648   | 1048576 | 128   | 1    | worker   | 12        | 16  | increase  | asc         | desc       | 7048576    | 5262.62                 | 5251.39           | 6   | 30329,30474,30619,30328,30473,30618 | -11.23   | -0.21    |
| 8   | 80         | 10000000 | 312500    | 117648   | 16384   | 2048  | 32   | worker   | 12        | 16  | decrease  | desc        | asc        | 189018     | 4228.96                 | 4217.73           | 6   | 10424,10544,10664,10423,10543,10663 | -11.23   | -0.27    |
| 3   | 100        | 10000000 | 625000    | 93458    | 16384   | 8     | 16   | io_uring | 12        | 16  | decrease  | asc         | asc        | 440536     | 660.77                  | 649.47            | 6   | 3864,3989,4114,3863,3988,4113       | -11.3    | -1.71    |
| 13  | 20         | 10000000 | 2500000   | 476191   | 0       | 8     | 4    | worker   | 12        | 16  | increase  | asc         | asc        | 512144     | 293.66                  | 282.23            | 6   | 17619,17754,17889,17618,17753,17888 | -11.43   | -3.89    |
| 11  | 40         | 10000000 | 312500    | 238096   | 1024    | 0     | 32   | io_uring | 12        | 16  | decrease  | asc         | desc       | 189018     | 1496.66                 | 1484.89           | 6   | 15824,15944,16064,15823,15943,16063 | -11.77   | -0.79    |
| 20  | 40         | 10000000 | 312500    | 238096   | 4096    | 128   | 32   | worker   | 12        | 16  | decrease  | desc        | asc        | 251518     | 2024.07                 | 2012.12           | 6   | 28434,28554,28674,28433,28553,28673 | -11.95   | -0.59    |
| 3   | 100        | 10000000 | 625000    | 93458    | 16384   | 8     | 16   | worker   | 12        | 16  | decrease  | asc         | desc       | 565536     | 1891.66                 | 1879.57           | 6   | 3499,3624,3749,3498,3623,3748       | -12.09   | -0.64    |
| 21  | 80         | 10000000 | 10000000  | 117648   | 1048576 | 128   | 1    | io_uring | 12        | 16  | increase  | asc         | desc       | 262144     | 375.24                  | 363.14            | 4   | 31159,31304,31158,31303             | -12.1    | -3.22    |
| 6   | 80         | 10000000 | 312500    | 117648   | 16384   | 2048  | 32   | io_uring | 12        | 16  | increase  | desc        | asc        | 4096       | 103.95                  | 91.84             | 6   | 8224,8344,8464,8223,8343,8463       | -12.11   | -11.65   |
| 13  | 20         | 10000000 | 2500000   | 476191   | 0       | 8     | 4    | io_uring | 12        | 16  | increase  | asc         | asc        | 762144     | 571.33                  | 559.17            | 6   | 18434,18569,18704,18433,18568,18703 | -12.16   | -2.13    |
| 5   | 80         | 10000000 | 312500    | 117648   | 16384   | 2048  | 32   | worker   | 12        | 16  | increase  | asc         | asc        | 282768     | 1871.61                 | 1859.4            | 6   | 6119,6239,6359,6118,6238,6358       | -12.21   | -0.65    |
| 18  | 40         | 10000000 | 312500    | 238096   | 4096    | 128   | 32   | worker   | 12        | 16  | increase  | desc        | desc       | 282768     | 1031.24                 | 1019.03           | 6   | 25919,26039,26159,25918,26038,26158 | -12.21   | -1.18    |
| 2   | 100        | 10000000 | 625000    | 93458    | 16384   | 8     | 16   | worker   | 12        | 16  | increase  | desc        | asc        | 503036     | 1590.0                  | 1577.75           | 6   | 1619,1744,1869,1618,1743,1868       | -12.25   | -0.77    |
| 6   | 80         | 10000000 | 312500    | 117648   | 16384   | 2048  | 32   | io_uring | 12        | 16  | increase  | desc        | asc        | 220268     | 2393.19                 | 2380.74           | 6   | 8269,8389,8509,8268,8388,8508       | -12.45   | -0.52    |
| 3   | 100        | 10000000 | 625000    | 93458    | 16384   | 8     | 16   | worker   | 12        | 16  | decrease  | asc         | desc       | 190536     | 639.07                  | 626.59            | 6   | 3469,3594,3719,3468,3593,3718       | -12.48   | -1.95    |
| 16  | 20         | 10000000 | 2500000   | 476191   | 0       | 8     | 4    | worker   | 12        | 16  | decrease  | desc        | asc        | 512144     | 1600.2                  | 1587.61           | 6   | 22479,22614,22749,22478,22613,22748 | -12.59   | -0.79    |
| 18  | 40         | 10000000 | 312500    | 238096   | 4096    | 128   | 32   | worker   | 12        | 16  | increase  | desc        | desc       | 189018     | 683.9                   | 671.27            | 6   | 25904,26024,26144,25903,26023,26143 | -12.63   | -1.85    |
| 20  | 40         | 10000000 | 312500    | 238096   | 4096    | 128   | 32   | io_uring | 12        | 16  | decrease  | desc        | asc        | 251518     | 2841.32                 | 2828.62           | 6   | 29154,29274,29394,29153,29273,29393 | -12.7    | -0.45    |
| 8   | 80         | 10000000 | 312500    | 117648   | 16384   | 2048  | 32   | worker   | 12        | 16  | decrease  | desc        | desc       | 157768     | 1067.21                 | 1054.43           | 6   | 10779,10899,11019,10778,10898,11018 | -12.78   | -1.2     |
| 3   | 100        | 10000000 | 625000    | 93458    | 16384   | 8     | 16   | worker   | 12        | 16  | decrease  | asc         | desc       | 315536     | 1064.95                 | 1052.14           | 6   | 3479,3604,3729,3478,3603,3728       | -12.81   | -1.2     |
| 1   | 100        | 10000000 | 625000    | 93458    | 16384   | 8     | 16   | worker   | 12        | 16  | increase  | asc         | desc       | 503036     | 1785.33                 | 1772.45           | 6   | 494,619,744,493,618,743             | -12.88   | -0.72    |
| 8   | 80         | 10000000 | 312500    | 117648   | 16384   | 2048  | 32   | io_uring | 12        | 16  | decrease  | desc        | asc        | 189018     | 4638.53                 | 4625.5            | 6   | 11144,11264,11384,11143,11263,11383 | -13.03   | -0.28    |
| 5   | 80         | 10000000 | 312500    | 117648   | 16384   | 2048  | 32   | io_uring | 12        | 16  | increase  | asc         | desc       | 282768     | 7026.16                 | 7012.91           | 6   | 7199,7319,7439,7198,7318,7438       | -13.25   | -0.19    |
| 19  | 40         | 10000000 | 312500    | 238096   | 4096    | 128   | 32   | worker   | 12        | 16  | decrease  | asc         | asc        | 220268     | 813.35                  | 799.48            | 6   | 26989,27109,27229,26988,27108,27228 | -13.87   | -1.71    |
| 16  | 20         | 10000000 | 2500000   | 476191   | 0       | 8     | 4    | worker   | 12        | 16  | decrease  | desc        | desc       | 512144     | 298.7                   | 284.8             | 6   | 22884,23019,23154,22883,23018,23153 | -13.9    | -4.65    |
| 13  | 20         | 10000000 | 2500000   | 476191   | 0       | 8     | 4    | worker   | 12        | 16  | increase  | asc         | desc       | 2262144    | 9456.54                 | 9442.56           | 6   | 18059,18194,18329,18058,18193,18328 | -13.98   | -0.15    |
| 7   | 80         | 10000000 | 312500    | 117648   | 16384   | 2048  | 32   | io_uring | 12        | 16  | decrease  | asc         | asc        | 95268      | 885.36                  | 871.34            | 6   | 9689,9809,9929,9688,9808,9928       | -14.02   | -1.58    |
| 17  | 40         | 10000000 | 312500    | 238096   | 4096    | 128   | 32   | worker   | 12        | 16  | increase  | asc         | desc       | 282768     | 2509.53                 | 2495.35           | 6   | 24479,24599,24719,24478,24598,24718 | -14.18   | -0.57    |
| 16  | 20         | 10000000 | 2500000   | 476191   | 0       | 8     | 4    | io_uring | 12        | 16  | decrease  | desc        | desc       | 2012144    | 1446.34                 | 1432.07           | 6   | 23724,23859,23994,23723,23858,23993 | -14.27   | -0.99    |
| 21  | 80         | 10000000 | 10000000  | 117648   | 1048576 | 128   | 1    | worker   | 12        | 16  | increase  | asc         | desc       | 3048576    | 2366.76                 | 2352.37           | 6   | 30309,30454,30599,30308,30453,30598 | -14.39   | -0.61    |
| 17  | 40         | 10000000 | 312500    | 238096   | 4096    | 128   | 32   | worker   | 12        | 16  | increase  | asc         | asc        | 95268      | 386.08                  | 371.6             | 6   | 24089,24209,24329,24088,24208,24328 | -14.48   | -3.75    |
| 8   | 80         | 10000000 | 312500    | 117648   | 16384   | 2048  | 32   | io_uring | 12        | 16  | decrease  | desc        | asc        | 8192       | 226.31                  | 211.8             | 6   | 11109,11229,11349,11108,11228,11348 | -14.51   | -6.41    |
| 3   | 100        | 10000000 | 625000    | 93458    | 16384   | 8     | 16   | worker   | 12        | 16  | decrease  | asc         | asc        | 503036     | 640.15                  | 625.58            | 6   | 3119,3244,3369,3118,3243,3368       | -14.57   | -2.28    |
| 16  | 20         | 10000000 | 2500000   | 476191   | 0       | 8     | 4    | worker   | 12        | 16  | decrease  | desc        | desc       | 2262144    | 1243.59                 | 1228.97           | 6   | 22919,23054,23189,22918,23053,23188 | -14.62   | -1.18    |
| 17  | 40         | 10000000 | 312500    | 238096   | 4096    | 128   | 32   | worker   | 12        | 16  | increase  | asc         | desc       | 251518     | 2263.21                 | 2248.57           | 6   | 24474,24594,24714,24473,24593,24713 | -14.64   | -0.65    |
| 7   | 80         | 10000000 | 312500    | 117648   | 16384   | 2048  | 32   | worker   | 12        | 16  | decrease  | asc         | asc        | 157768     | 1432.88                 | 1418.22           | 6   | 8979,9099,9219,8978,9098,9218       | -14.66   | -1.02    |
| 9   | 40         | 10000000 | 312500    | 238096   | 1024    | 0     | 32   | io_uring | 12        | 16  | increase  | asc         | asc        | 157768     | 557.77                  | 543.02            | 6   | 12579,12699,12819,12578,12698,12818 | -14.75   | -2.64    |
| 21  | 80         | 10000000 | 10000000  | 117648   | 1048576 | 128   | 1    | io_uring | 12        | 16  | increase  | asc         | asc        | 4048576    | 1270.64                 | 1255.84           | 6   | 30749,30894,31039,30748,30893,31038 | -14.8    | -1.16    |
| 7   | 80         | 10000000 | 312500    | 117648   | 16384   | 2048  | 32   | io_uring | 12        | 16  | decrease  | asc         | desc       | 126518     | 1431.28                 | 1416.05           | 6   | 10054,10174,10294,10053,10173,10293 | -15.23   | -1.06    |
| 13  | 20         | 10000000 | 2500000   | 476191   | 0       | 8     | 4    | worker   | 12        | 16  | increase  | asc         | desc       | 2012144    | 8497.38                 | 8482.08           | 6   | 18054,18189,18324,18053,18188,18323 | -15.3    | -0.18    |
| 8   | 80         | 10000000 | 312500    | 117648   | 16384   | 2048  | 32   | worker   | 12        | 16  | decrease  | desc        | asc        | 282768     | 6312.45                 | 6297.13           | 6   | 10439,10559,10679,10438,10558,10678 | -15.32   | -0.24    |
| 7   | 80         | 10000000 | 312500    | 117648   | 16384   | 2048  | 32   | io_uring | 12        | 16  | decrease  | asc         | desc       | 251518     | 2770.49                 | 2755.12           | 6   | 10074,10194,10314,10073,10193,10313 | -15.37   | -0.55    |
| 7   | 80         | 10000000 | 312500    | 117648   | 16384   | 2048  | 32   | io_uring | 12        | 16  | decrease  | asc         | desc       | 189018     | 2105.07                 | 2089.53           | 6   | 10064,10184,10304,10063,10183,10303 | -15.54   | -0.74    |
| 15  | 20         | 10000000 | 2500000   | 476191   | 0       | 8     | 4    | io_uring | 12        | 16  | decrease  | asc         | desc       | 512144     | 698.05                  | 682.46            | 6   | 22074,22209,22344,22073,22208,22343 | -15.59   | -2.23    |
| 7   | 80         | 10000000 | 312500    | 117648   | 16384   | 2048  | 32   | worker   | 12        | 16  | decrease  | asc         | desc       | 251518     | 2636.24                 | 2620.59           | 6   | 9354,9474,9594,9353,9473,9593       | -15.65   | -0.59    |
| 8   | 80         | 10000000 | 312500    | 117648   | 16384   | 2048  | 32   | io_uring | 12        | 16  | decrease  | desc        | desc       | 220268     | 1479.1                  | 1462.97           | 6   | 11509,11629,11749,11508,11628,11748 | -16.13   | -1.09    |
| 21  | 80         | 10000000 | 10000000  | 117648   | 1048576 | 128   | 1    | worker   | 12        | 16  | increase  | asc         | asc        | 9048576    | 2598.25                 | 2582.06           | 6   | 29904,30049,30194,29903,30048,30193 | -16.19   | -0.62    |
| 13  | 20         | 10000000 | 2500000   | 476191   | 0       | 8     | 4    | worker   | 12        | 16  | increase  | asc         | asc        | 762144     | 425.87                  | 409.19            | 6   | 17624,17759,17894,17623,17758,17893 | -16.68   | -3.92    |
| 6   | 80         | 10000000 | 312500    | 117648   | 16384   | 2048  | 32   | worker   | 12        | 16  | increase  | desc        | desc       | 157768     | 1438.77                 | 1421.77           | 6   | 7899,8019,8139,7898,8018,8138       | -17.0    | -1.18    |
| 13  | 20         | 10000000 | 2500000   | 476191   | 0       | 8     | 4    | io_uring | 12        | 16  | increase  | asc         | asc        | 1262144    | 921.52                  | 904.46            | 6   | 18444,18579,18714,18443,18578,18713 | -17.06   | -1.85    |
| 6   | 80         | 10000000 | 312500    | 117648   | 16384   | 2048  | 32   | io_uring | 12        | 16  | increase  | desc        | asc        | 64018      | 740.8                   | 723.68            | 6   | 8244,8364,8484,8243,8363,8483       | -17.12   | -2.31    |
| 21  | 80         | 10000000 | 10000000  | 117648   | 1048576 | 128   | 1    | worker   | 12        | 16  | increase  | asc         | asc        | 4096       | 80.72                   | 63.25             | 6   | 29824,29969,30114,29823,29968,30113 | -17.47   | -21.64   |
| 2   | 100        | 10000000 | 625000    | 93458    | 16384   | 8     | 16   | worker   | 12        | 16  | increase  | desc        | desc       | 503036     | 659.08                  | 641.53            | 6   | 1994,2119,2244,1993,2118,2243       | -17.55   | -2.66    |
| 20  | 40         | 10000000 | 312500    | 238096   | 4096    | 128   | 32   | worker   | 12        | 16  | decrease  | desc        | asc        | 157768     | 1280.02                 | 1262.21           | 6   | 28419,28539,28659,28418,28538,28658 | -17.81   | -1.39    |
| 19  | 40         | 10000000 | 312500    | 238096   | 4096    | 128   | 32   | io_uring | 12        | 16  | decrease  | asc         | desc       | 157768     | 1526.6                  | 1508.55           | 6   | 28059,28179,28299,28058,28178,28298 | -18.05   | -1.18    |
| 19  | 40         | 10000000 | 312500    | 238096   | 4096    | 128   | 32   | io_uring | 12        | 16  | decrease  | asc         | desc       | 251518     | 2420.22                 | 2401.87           | 6   | 28074,28194,28314,28073,28193,28313 | -18.35   | -0.76    |
| 21  | 80         | 10000000 | 10000000  | 117648   | 1048576 | 128   | 1    | io_uring | 12        | 16  | increase  | asc         | asc        | 7048576    | 2057.88                 | 2039.28           | 6   | 30764,30909,31054,30763,30908,31053 | -18.6    | -0.9     |
| 18  | 40         | 10000000 | 312500    | 238096   | 4096    | 128   | 32   | worker   | 12        | 16  | increase  | desc        | asc        | 157768     | 1288.6                  | 1269.62           | 6   | 25539,25659,25779,25538,25658,25778 | -18.98   | -1.47    |
| 8   | 80         | 10000000 | 312500    | 117648   | 16384   | 2048  | 32   | worker   | 12        | 16  | decrease  | desc        | asc        | 220268     | 4928.67                 | 4909.24           | 6   | 10429,10549,10669,10428,10548,10668 | -19.43   | -0.39    |
| 8   | 80         | 10000000 | 312500    | 117648   | 16384   | 2048  | 32   | io_uring | 12        | 16  | decrease  | desc        | asc        | 16384      | 437.97                  | 418.44            | 6   | 11114,11234,11354,11113,11233,11353 | -19.53   | -4.46    |
| 6   | 80         | 10000000 | 312500    | 117648   | 16384   | 2048  | 32   | worker   | 12        | 16  | increase  | desc        | asc        | 282768     | 2936.76                 | 2917.08           | 6   | 7559,7679,7799,7558,7678,7798       | -19.68   | -0.67    |
| 9   | 40         | 10000000 | 312500    | 238096   | 1024    | 0     | 32   | worker   | 12        | 16  | increase  | asc         | desc       | 64018      | 481.91                  | 462.17            | 6   | 12204,12324,12444,12203,12323,12443 | -19.74   | -4.1     |
| 19  | 40         | 10000000 | 312500    | 238096   | 4096    | 128   | 32   | worker   | 12        | 16  | decrease  | asc         | desc       | 282768     | 2322.15                 | 2301.9            | 6   | 27359,27479,27599,27358,27478,27598 | -20.25   | -0.87    |
| 20  | 40         | 10000000 | 312500    | 238096   | 4096    | 128   | 32   | worker   | 12        | 16  | decrease  | desc        | asc        | 220268     | 1783.88                 | 1763.23           | 6   | 28429,28549,28669,28428,28548,28668 | -20.65   | -1.16    |
| 3   | 100        | 10000000 | 625000    | 93458    | 16384   | 8     | 16   | worker   | 12        | 16  | decrease  | asc         | desc       | 503036     | 1688.86                 | 1668.1            | 6   | 3494,3619,3744,3493,3618,3743       | -20.76   | -1.23    |
| 8   | 80         | 10000000 | 312500    | 117648   | 16384   | 2048  | 32   | worker   | 12        | 16  | decrease  | desc        | desc       | 282768     | 1887.45                 | 1866.48           | 6   | 10799,10919,11039,10798,10918,11038 | -20.97   | -1.11    |
| 7   | 80         | 10000000 | 312500    | 117648   | 16384   | 2048  | 32   | io_uring | 12        | 16  | decrease  | asc         | desc       | 282768     | 3105.79                 | 3084.8            | 6   | 10079,10199,10319,10078,10198,10318 | -20.99   | -0.68    |
| 20  | 40         | 10000000 | 312500    | 238096   | 4096    | 128   | 32   | worker   | 12        | 16  | decrease  | desc        | asc        | 282768     | 2261.73                 | 2240.3            | 6   | 28439,28559,28679,28438,28558,28678 | -21.43   | -0.95    |
| 4   | 100        | 10000000 | 625000    | 93458    | 16384   | 8     | 16   | worker   | 12        | 16  | decrease  | desc        | desc       | 378036     | 508.4                   | 486.62            | 6   | 4984,5109,5234,4983,5108,5233       | -21.78   | -4.28    |
| 15  | 20         | 10000000 | 2500000   | 476191   | 0       | 8     | 4    | io_uring | 12        | 16  | decrease  | asc         | desc       | 262144     | 374.84                  | 352.43            | 6   | 22069,22204,22339,22068,22203,22338 | -22.41   | -5.98    |
| 7   | 80         | 10000000 | 312500    | 117648   | 16384   | 2048  | 32   | io_uring | 12        | 16  | decrease  | asc         | asc        | 157768     | 1456.68                 | 1434.13           | 6   | 9699,9819,9939,9698,9818,9938       | -22.55   | -1.55    |
| 14  | 20         | 10000000 | 2500000   | 476191   | 0       | 8     | 4    | io_uring | 12        | 16  | increase  | desc        | asc        | 262144     | 358.31                  | 335.61            | 6   | 20044,20179,20314,20043,20178,20313 | -22.7    | -6.34    |
| 21  | 80         | 10000000 | 10000000  | 117648   | 1048576 | 128   | 1    | worker   | 12        | 16  | increase  | asc         | desc       | 8192       | 103.86                  | 81.09             | 6   | 30264,30409,30554,30263,30408,30553 | -22.77   | -21.92   |
| 6   | 80         | 10000000 | 312500    | 117648   | 16384   | 2048  | 32   | io_uring | 12        | 16  | increase  | desc        | desc       | 126518     | 1235.84                 | 1212.93           | 6   | 8614,8734,8854,8613,8733,8853       | -22.91   | -1.85    |
| 18  | 40         | 10000000 | 312500    | 238096   | 4096    | 128   | 32   | io_uring | 12        | 16  | increase  | desc        | asc        | 157768     | 1537.55                 | 1514.27           | 6   | 26259,26379,26499,26258,26378,26498 | -23.28   | -1.51    |
| 21  | 80         | 10000000 | 10000000  | 117648   | 1048576 | 128   | 1    | io_uring | 12        | 16  | increase  | asc         | asc        | 6048576    | 1823.83                 | 1799.55           | 6   | 30759,30904,31049,30758,30903,31048 | -24.28   | -1.33    |
| 21  | 80         | 10000000 | 10000000  | 117648   | 1048576 | 128   | 1    | io_uring | 12        | 16  | increase  | asc         | desc       | 2048       | 49.34                   | 24.75             | 4   | 31124,31269,31123,31268             | -24.59   | -49.84   |
| 18  | 40         | 10000000 | 312500    | 238096   | 4096    | 128   | 32   | worker   | 12        | 16  | increase  | desc        | asc        | 251518     | 2056.46                 | 2031.64           | 6   | 25554,25674,25794,25553,25673,25793 | -24.82   | -1.21    |
| 5   | 80         | 10000000 | 312500    | 117648   | 16384   | 2048  | 32   | worker   | 12        | 16  | increase  | asc         | desc       | 95268      | 2130.13                 | 2104.36           | 6   | 6449,6569,6689,6448,6568,6688       | -25.77   | -1.21    |
| 21  | 80         | 10000000 | 10000000  | 117648   | 1048576 | 128   | 1    | worker   | 12        | 16  | increase  | asc         | desc       | 8048576    | 6097.06                 | 6070.11           | 6   | 30334,30479,30624,30333,30478,30623 | -26.95   | -0.44    |
| 21  | 80         | 10000000 | 10000000  | 117648   | 1048576 | 128   | 1    | worker   | 12        | 16  | increase  | asc         | desc       | 4048576    | 3078.23                 | 3050.01           | 6   | 30314,30459,30604,30313,30458,30603 | -28.22   | -0.92    |
| 10  | 40         | 10000000 | 312500    | 238096   | 1024    | 0     | 32   | worker   | 12        | 16  | increase  | desc        | asc        | 157768     | 1115.74                 | 1086.77           | 6   | 13299,13419,13539,13298,13418,13538 | -28.97   | -2.6     |
| 19  | 40         | 10000000 | 312500    | 238096   | 4096    | 128   | 32   | worker   | 12        | 16  | decrease  | asc         | desc       | 157768     | 1325.51                 | 1296.33           | 6   | 27339,27459,27579,27338,27458,27578 | -29.18   | -2.2     |
| 11  | 40         | 10000000 | 312500    | 238096   | 1024    | 0     | 32   | worker   | 12        | 16  | decrease  | asc         | desc       | 220268     | 1543.3                  | 1513.49           | 6   | 15109,15229,15349,15108,15228,15348 | -29.81   | -1.93    |
| 21  | 80         | 10000000 | 10000000  | 117648   | 1048576 | 128   | 1    | io_uring | 12        | 16  | increase  | asc         | desc       | 9048576    | 7581.43                 | 7550.53           | 2   | 31209,31208                         | -30.9    | -0.41    |
| 7   | 80         | 10000000 | 312500    | 117648   | 16384   | 2048  | 32   | io_uring | 12        | 16  | decrease  | asc         | asc        | 220268     | 2028.59                 | 1997.19           | 6   | 9709,9829,9949,9708,9828,9948       | -31.4    | -1.55    |
| 5   | 80         | 10000000 | 312500    | 117648   | 16384   | 2048  | 32   | io_uring | 12        | 16  | increase  | asc         | desc       | 126518     | 3162.66                 | 3130.87           | 6   | 7174,7294,7414,7173,7293,7413       | -31.79   | -1.01    |
| 16  | 20         | 10000000 | 2500000   | 476191   | 0       | 8     | 4    | worker   | 12        | 16  | decrease  | desc        | desc       | 2012144    | 1103.45                 | 1070.66           | 6   | 22914,23049,23184,22913,23048,23183 | -32.79   | -2.97    |
| 11  | 40         | 10000000 | 312500    | 238096   | 1024    | 0     | 32   | io_uring | 12        | 16  | decrease  | asc         | desc       | 251518     | 2051.13                 | 2017.98           | 6   | 15834,15954,16074,15833,15953,16073 | -33.15   | -1.62    |
| 11  | 40         | 10000000 | 312500    | 238096   | 1024    | 0     | 32   | worker   | 12        | 16  | decrease  | asc         | desc       | 282768     | 2005.67                 | 1971.84           | 6   | 15119,15239,15359,15118,15238,15358 | -33.83   | -1.69    |
| 6   | 80         | 10000000 | 312500    | 117648   | 16384   | 2048  | 32   | worker   | 12        | 16  | increase  | desc        | asc        | 220268     | 2328.08                 | 2294.22           | 6   | 7549,7669,7789,7548,7668,7788       | -33.86   | -1.45    |
| 21  | 80         | 10000000 | 10000000  | 117648   | 1048576 | 128   | 1    | worker   | 12        | 16  | increase  | asc         | asc        | 4048576    | 1251.13                 | 1216.14           | 6   | 29879,30024,30169,29878,30023,30168 | -34.99   | -2.8     |
| 8   | 80         | 10000000 | 312500    | 117648   | 16384   | 2048  | 32   | io_uring | 12        | 16  | decrease  | desc        | asc        | 126518     | 3083.5                  | 3045.19           | 6   | 11134,11254,11374,11133,11253,11373 | -38.31   | -1.24    |
| 3   | 100        | 10000000 | 625000    | 93458    | 16384   | 8     | 16   | worker   | 12        | 16  | decrease  | asc         | desc       | 378036     | 1298.68                 | 1259.4            | 6   | 3484,3609,3734,3483,3608,3733       | -39.28   | -3.02    |
| 16  | 20         | 10000000 | 2500000   | 476191   | 0       | 8     | 4    | io_uring | 12        | 16  | decrease  | desc        | desc       | 1512144    | 1136.65                 | 1093.45           | 6   | 23714,23849,23984,23713,23848,23983 | -43.2    | -3.8     |
| 14  | 20         | 10000000 | 2500000   | 476191   | 0       | 8     | 4    | io_uring | 12        | 16  | increase  | desc        | asc        | 762144     | 1017.75                 | 973.7             | 6   | 20054,20189,20324,20053,20188,20323 | -44.05   | -4.33    |
| 15  | 20         | 10000000 | 2500000   | 476191   | 0       | 8     | 4    | io_uring | 12        | 16  | decrease  | asc         | desc       | 762144     | 1054.86                 | 1008.71           | 6   | 22079,22214,22349,22078,22213,22348 | -46.15   | -4.37    |
| 14  | 20         | 10000000 | 2500000   | 476191   | 0       | 8     | 4    | io_uring | 12        | 16  | increase  | desc        | asc        | 512144     | 704.84                  | 657.67            | 6   | 20049,20184,20319,20048,20183,20318 | -47.17   | -6.69    |
| 21  | 80         | 10000000 | 10000000  | 117648   | 1048576 | 128   | 1    | worker   | 12        | 16  | increase  | asc         | asc        | 6048576    | 1789.65                 | 1739.22           | 6   | 29889,30034,30179,29888,30033,30178 | -50.43   | -2.82    |
| 21  | 80         | 10000000 | 10000000  | 117648   | 1048576 | 128   | 1    | io_uring | 12        | 16  | increase  | asc         | desc       | 16384      | 157.75                  | 107.01            | 4   | 31139,31284,31138,31283             | -50.74   | -32.16   |
| 21  | 80         | 10000000 | 10000000  | 117648   | 1048576 | 128   | 1    | io_uring | 12        | 16  | increase  | asc         | asc        | 2048576    | 744.92                  | 691.58            | 6   | 30739,30884,31029,30738,30883,31028 | -53.34   | -7.16    |
| 14  | 20         | 10000000 | 2500000   | 476191   | 0       | 8     | 4    | io_uring | 12        | 16  | increase  | desc        | asc        | 1762144    | 2332.42                 | 2275.79           | 6   | 20074,20209,20344,20073,20208,20343 | -56.63   | -2.43    |
| 21  | 80         | 10000000 | 10000000  | 117648   | 1048576 | 128   | 1    | io_uring | 12        | 16  | increase  | asc         | asc        | 131072     | 205.21                  | 147.45            | 6   | 30719,30864,31009,30718,30863,31008 | -57.76   | -28.15   |
| 13  | 20         | 10000000 | 2500000   | 476191   | 0       | 8     | 4    | worker   | 12        | 16  | increase  | asc         | desc       | 762144     | 3208.15                 | 3147.0            | 6   | 18029,18164,18299,18028,18163,18298 | -61.15   | -1.91    |
| 21  | 80         | 10000000 | 10000000  | 117648   | 1048576 | 128   | 1    | io_uring | 12        | 16  | increase  | asc         | desc       | 8192       | 163.28                  | 96.94             | 4   | 31134,31279,31133,31278             | -66.34   | -40.63   |
| 21  | 80         | 10000000 | 10000000  | 117648   | 1048576 | 128   | 1    | io_uring | 12        | 16  | increase  | asc         | asc        | 9048576    | 2649.84                 | 2577.49           | 6   | 30774,30919,31064,30773,30918,31063 | -72.35   | -2.73    |
| 15  | 20         | 10000000 | 2500000   | 476191   | 0       | 8     | 4    | io_uring | 12        | 16  | decrease  | asc         | desc       | 1262144    | 1742.57                 | 1669.12           | 6   | 22089,22224,22359,22088,22223,22358 | -73.45   | -4.22    |
| 21  | 80         | 10000000 | 10000000  | 117648   | 1048576 | 128   | 1    | io_uring | 12        | 16  | increase  | asc         | asc        | 16384      | 163.93                  | 83.26             | 6   | 30704,30849,30994,30703,30848,30993 | -80.67   | -49.21   |
| 21  | 80         | 10000000 | 10000000  | 117648   | 1048576 | 128   | 1    | io_uring | 12        | 16  | increase  | asc         | asc        | 524288     | 298.91                  | 216.87            | 6   | 30729,30874,31019,30728,30873,31018 | -82.04   | -27.45   |
| 15  | 20         | 10000000 | 2500000   | 476191   | 0       | 8     | 4    | io_uring | 12        | 16  | decrease  | asc         | desc       | 1012144    | 1423.3                  | 1337.34           | 6   | 22084,22219,22354,22083,22218,22353 | -85.96   | -6.04    |
| 14  | 20         | 10000000 | 2500000   | 476191   | 0       | 8     | 4    | io_uring | 12        | 16  | increase  | desc        | asc        | 1012144    | 1382.42                 | 1294.36           | 6   | 20059,20194,20329,20058,20193,20328 | -88.06   | -6.37    |
| 21  | 80         | 10000000 | 10000000  | 117648   | 1048576 | 128   | 1    | worker   | 12        | 16  | increase  | asc         | desc       | 32768      | 149.98                  | 46.53             | 6   | 30274,30419,30564,30273,30418,30563 | -103.45  | -68.98   |
| 14  | 20         | 10000000 | 2500000   | 476191   | 0       | 8     | 4    | io_uring | 12        | 16  | increase  | desc        | asc        | 1262144    | 1737.68                 | 1624.26           | 6   | 20064,20199,20334,20063,20198,20333 | -113.42  | -6.53    |
| 16  | 20         | 10000000 | 2500000   | 476191   | 0       | 8     | 4    | io_uring | 12        | 16  | decrease  | desc        | asc        | 2012144    | 9339.73                 | 9214.99           | 6   | 23319,23454,23589,23318,23453,23588 | -124.74  | -1.34    |
| 21  | 80         | 10000000 | 10000000  | 117648   | 1048576 | 128   | 1    | io_uring | 12        | 16  | increase  | asc         | desc       | 32768      | 180.67                  | 55.63             | 4   | 31144,31289,31143,31288             | -125.04  | -69.21   |
| 15  | 20         | 10000000 | 2500000   | 476191   | 0       | 8     | 4    | io_uring | 12        | 16  | decrease  | asc         | desc       | 1512144    | 2125.64                 | 1999.61           | 6   | 22094,22229,22364,22093,22228,22363 | -126.03  | -5.93    |
| 14  | 20         | 10000000 | 2500000   | 476191   | 0       | 8     | 4    | io_uring | 12        | 16  | increase  | desc        | asc        | 1512144    | 2085.74                 | 1947.74           | 6   | 20069,20204,20339,20068,20203,20338 | -138.0   | -6.62    |
| 15  | 20         | 10000000 | 2500000   | 476191   | 0       | 8     | 4    | io_uring | 12        | 16  | decrease  | asc         | desc       | 1762144    | 2472.06                 | 2318.04           | 6   | 22099,22234,22369,22098,22233,22368 | -154.02  | -6.23    |
| 15  | 20         | 10000000 | 2500000   | 476191   | 0       | 8     | 4    | io_uring | 12        | 16  | decrease  | asc         | desc       | 2012144    | 2822.91                 | 2647.83           | 6   | 22104,22239,22374,22103,22238,22373 | -175.08  | -6.2     |
| 14  | 20         | 10000000 | 2500000   | 476191   | 0       | 8     | 4    | io_uring | 12        | 16  | increase  | desc        | asc        | 2012144    | 2779.67                 | 2598.05           | 6   | 20079,20214,20349,20078,20213,20348 | -181.62  | -6.53    |
| 15  | 20         | 10000000 | 2500000   | 476191   | 0       | 8     | 4    | io_uring | 12        | 16  | decrease  | asc         | desc       | 2262144    | 3165.18                 | 2975.74           | 6   | 22109,22244,22379,22108,22243,22378 | -189.44  | -5.99    |
| 14  | 20         | 10000000 | 2500000   | 476191   | 0       | 8     | 4    | io_uring | 12        | 16  | increase  | desc        | asc        | 2262144    | 3131.15                 | 2918.95           | 6   | 20084,20219,20354,20083,20218,20353 | -212.2   | -6.78    |
+-----+------------+----------+-----------+----------+---------+-------+------+----------+-----------+-----+-----------+-------------+------------+------------+-------------------------+-------------------+-----+-------------------------------------+----------+----------+
