+-----+------------+----------+-----------+----------+---------+-------+------+----------+-----------+-----+-----------+-------------+------------+------------+-------------------+---------------+-----+-------------------------------------+----------+
| did | fillfactor |   rows   | ndistinct | relpages |  fuzz   | fuzz2 | step | iomethod | ioworkers | eic | direction | index_order | scan_order | num_values | patched-geoghegan | patched-munro | cnt |                 qid                 | pct_diff |
+-----+------------+----------+-----------+----------+---------+-------+------+----------+-----------+-----+-----------+-------------+------------+------------+-------------------+---------------+-----+-------------------------------------+----------+
| 21  | 80         | 10000000 | 10000000  | 117648   | 1048576 | 128   | 1    | io_uring | 12        | 16  | increase  | asc         | desc       | 256        | 5.55              | 14.04         | 4   | 31108,31253,31110,31255             | 152.97   |
| 21  | 80         | 10000000 | 10000000  | 117648   | 1048576 | 128   | 1    | io_uring | 12        | 16  | increase  | asc         | asc        | 256        | 5.63              | 11.37         | 6   | 30673,30818,30963,30675,30820,30965 | 101.95   |
| 16  | 20         | 10000000 | 2500000   | 476191   | 0       | 8     | 4    | io_uring | 12        | 16  | decrease  | desc        | desc       | 4          | 0.27              | 0.41          | 6   | 23608,23743,23878,23610,23745,23880 | 51.85    |
| 19  | 40         | 10000000 | 312500    | 238096   | 4096    | 128   | 32   | io_uring | 12        | 16  | decrease  | asc         | asc        | 16         | 1.44              | 2.18          | 6   | 27623,27743,27863,27625,27745,27865 | 51.39    |
| 7   | 80         | 10000000 | 312500    | 117648   | 16384   | 2048  | 32   | io_uring | 12        | 16  | decrease  | asc         | desc       | 32         | 8.71              | 12.63         | 6   | 9988,10108,10228,9990,10110,10230   | 45.01    |
| 8   | 80         | 10000000 | 312500    | 117648   | 16384   | 2048  | 32   | io_uring | 12        | 16  | decrease  | desc        | asc        | 8          | 5.27              | 7.6           | 6   | 11058,11178,11298,11060,11180,11300 | 44.21    |
| 5   | 80         | 10000000 | 312500    | 117648   | 16384   | 2048  | 32   | worker   | 12        | 16  | increase  | asc         | desc       | 32         | 7.17              | 10.1          | 6   | 6388,6508,6628,6390,6510,6630       | 40.86    |
| 6   | 80         | 10000000 | 312500    | 117648   | 16384   | 2048  | 32   | io_uring | 12        | 16  | increase  | desc        | desc       | 32         | 3.73              | 5.14          | 6   | 8548,8668,8788,8550,8670,8790       | 37.8     |
| 21  | 80         | 10000000 | 10000000  | 117648   | 1048576 | 128   | 1    | io_uring | 12        | 16  | increase  | asc         | desc       | 16         | 0.85              | 1.17          | 4   | 31088,31233,31090,31235             | 37.65    |
| 8   | 80         | 10000000 | 312500    | 117648   | 16384   | 2048  | 32   | io_uring | 12        | 16  | decrease  | desc        | asc        | 2          | 1.5               | 2.02          | 6   | 11048,11168,11288,11050,11170,11290 | 34.67    |
| 16  | 20         | 10000000 | 2500000   | 476191   | 0       | 8     | 4    | io_uring | 12        | 16  | decrease  | desc        | desc       | 2          | 0.29              | 0.39          | 6   | 23603,23738,23873,23605,23740,23875 | 34.48    |
| 8   | 80         | 10000000 | 312500    | 117648   | 16384   | 2048  | 32   | io_uring | 12        | 16  | decrease  | desc        | asc        | 16         | 6.37              | 8.55          | 6   | 11063,11183,11303,11065,11185,11305 | 34.22    |
| 10  | 40         | 10000000 | 312500    | 238096   | 1024    | 0     | 32   | worker   | 12        | 16  | increase  | desc        | asc        | 16         | 0.99              | 1.32          | 6   | 13223,13343,13463,13225,13345,13465 | 33.33    |
| 15  | 20         | 10000000 | 2500000   | 476191   | 0       | 8     | 4    | worker   | 12        | 16  | decrease  | asc         | asc        | 2          | 0.27              | 0.36          | 6   | 20768,20903,21038,20770,20905,21040 | 33.33    |
| 1   | 100        | 10000000 | 625000    | 93458    | 16384   | 8     | 16   | worker   | 12        | 16  | increase  | asc         | asc        | 16         | 0.91              | 1.21          | 6   | 23,148,273,25,150,275               | 32.97    |
| 1   | 100        | 10000000 | 625000    | 93458    | 16384   | 8     | 16   | io_uring | 12        | 16  | increase  | asc         | asc        | 4          | 0.51              | 0.67          | 6   | 763,888,1013,765,890,1015           | 31.37    |
| 21  | 80         | 10000000 | 10000000  | 117648   | 1048576 | 128   | 1    | io_uring | 12        | 16  | increase  | asc         | asc        | 9048576    | 2577.49           | 3379.1        | 6   | 30773,30918,31063,30775,30920,31065 | 31.1     |
| 2   | 100        | 10000000 | 625000    | 93458    | 16384   | 8     | 16   | worker   | 12        | 16  | increase  | desc        | asc        | 2          | 0.3               | 0.39          | 6   | 1508,1633,1758,1510,1635,1760       | 30.0     |
| 10  | 40         | 10000000 | 312500    | 238096   | 1024    | 0     | 32   | worker   | 12        | 16  | increase  | desc        | desc       | 64         | 1.47              | 1.91          | 6   | 13593,13713,13833,13595,13715,13835 | 29.93    |
| 1   | 100        | 10000000 | 625000    | 93458    | 16384   | 8     | 16   | io_uring | 12        | 16  | increase  | asc         | desc       | 1          | 0.27              | 0.35          | 6   | 1128,1253,1378,1130,1255,1380       | 29.63    |
| 8   | 80         | 10000000 | 312500    | 117648   | 16384   | 2048  | 32   | worker   | 12        | 16  | decrease  | desc        | asc        | 4          | 2.66              | 3.44          | 6   | 10333,10453,10573,10335,10455,10575 | 29.32    |
| 1   | 100        | 10000000 | 625000    | 93458    | 16384   | 8     | 16   | io_uring | 12        | 16  | increase  | asc         | desc       | 32         | 1.71              | 2.21          | 6   | 1153,1278,1403,1155,1280,1405       | 29.24    |
| 21  | 80         | 10000000 | 10000000  | 117648   | 1048576 | 128   | 1    | io_uring | 12        | 16  | increase  | asc         | asc        | 7048576    | 2039.28           | 2631.72       | 6   | 30763,30908,31053,30765,30910,31055 | 29.05    |
| 17  | 40         | 10000000 | 312500    | 238096   | 4096    | 128   | 32   | io_uring | 12        | 16  | increase  | asc         | asc        | 16         | 1.7               | 2.19          | 6   | 24743,24863,24983,24745,24865,24985 | 28.82    |
| 5   | 80         | 10000000 | 312500    | 117648   | 16384   | 2048  | 32   | io_uring | 12        | 16  | increase  | asc         | asc        | 16         | 3.38              | 4.35          | 6   | 6743,6863,6983,6745,6865,6985       | 28.7     |
| 17  | 40         | 10000000 | 312500    | 238096   | 4096    | 128   | 32   | worker   | 12        | 16  | increase  | asc         | desc       | 1          | 0.47              | 0.6           | 6   | 24363,24483,24603,24365,24485,24605 | 27.66    |
| 8   | 80         | 10000000 | 312500    | 117648   | 16384   | 2048  | 32   | worker   | 12        | 16  | decrease  | desc        | desc       | 1024       | 19.64             | 25.03         | 6   | 10733,10853,10973,10735,10855,10975 | 27.44    |
| 18  | 40         | 10000000 | 312500    | 238096   | 4096    | 128   | 32   | io_uring | 12        | 16  | increase  | desc        | desc       | 1          | 0.44              | 0.56          | 6   | 26523,26643,26763,26525,26645,26765 | 27.27    |
| 19  | 40         | 10000000 | 312500    | 238096   | 4096    | 128   | 32   | io_uring | 12        | 16  | decrease  | asc         | desc       | 16         | 2.31              | 2.94          | 6   | 27983,28103,28223,27985,28105,28225 | 27.27    |
| 20  | 40         | 10000000 | 312500    | 238096   | 4096    | 128   | 32   | worker   | 12        | 16  | decrease  | desc        | desc       | 32         | 1.64              | 2.08          | 6   | 28708,28828,28948,28710,28830,28950 | 26.83    |
| 10  | 40         | 10000000 | 312500    | 238096   | 1024    | 0     | 32   | worker   | 12        | 16  | increase  | desc        | desc       | 2          | 0.38              | 0.48          | 6   | 13568,13688,13808,13570,13690,13810 | 26.32    |
| 21  | 80         | 10000000 | 10000000  | 117648   | 1048576 | 128   | 1    | worker   | 12        | 16  | increase  | asc         | asc        | 9048576    | 2582.06           | 3257.16       | 6   | 29903,30048,30193,29905,30050,30195 | 26.15    |
| 21  | 80         | 10000000 | 10000000  | 117648   | 1048576 | 128   | 1    | worker   | 12        | 16  | increase  | asc         | asc        | 6048576    | 1739.22           | 2191.92       | 6   | 29888,30033,30178,29890,30035,30180 | 26.03    |
| 20  | 40         | 10000000 | 312500    | 238096   | 4096    | 128   | 32   | io_uring | 12        | 16  | decrease  | desc        | asc        | 4          | 1.16              | 1.46          | 6   | 29053,29173,29293,29055,29175,29295 | 25.86    |
| 21  | 80         | 10000000 | 10000000  | 117648   | 1048576 | 128   | 1    | io_uring | 12        | 16  | increase  | asc         | asc        | 6048576    | 1799.55           | 2260.43       | 6   | 30758,30903,31048,30760,30905,31050 | 25.61    |
| 7   | 80         | 10000000 | 312500    | 117648   | 16384   | 2048  | 32   | io_uring | 12        | 16  | decrease  | asc         | asc        | 16         | 2.91              | 3.64          | 6   | 9623,9743,9863,9625,9745,9865       | 25.09    |
| 3   | 100        | 10000000 | 625000    | 93458    | 16384   | 8     | 16   | io_uring | 12        | 16  | decrease  | asc         | desc       | 4          | 0.44              | 0.55          | 6   | 4138,4263,4388,4140,4265,4390       | 25.0     |
| 16  | 20         | 10000000 | 2500000   | 476191   | 0       | 8     | 4    | io_uring | 12        | 16  | decrease  | desc        | asc        | 32         | 0.56              | 0.7           | 6   | 23218,23353,23488,23220,23355,23490 | 25.0     |
| 7   | 80         | 10000000 | 312500    | 117648   | 16384   | 2048  | 32   | worker   | 12        | 16  | decrease  | asc         | asc        | 64         | 5.9               | 7.37          | 6   | 8913,9033,9153,8915,9035,9155       | 24.92    |
| 21  | 80         | 10000000 | 10000000  | 117648   | 1048576 | 128   | 1    | io_uring | 12        | 16  | increase  | asc         | asc        | 8048576    | 2408.0            | 3002.48       | 6   | 30768,30913,31058,30770,30915,31060 | 24.69    |
| 21  | 80         | 10000000 | 10000000  | 117648   | 1048576 | 128   | 1    | worker   | 12        | 16  | increase  | asc         | asc        | 5048576    | 1467.12           | 1828.4        | 6   | 29883,30028,30173,29885,30030,30175 | 24.63    |
| 21  | 80         | 10000000 | 10000000  | 117648   | 1048576 | 128   | 1    | worker   | 12        | 16  | increase  | asc         | asc        | 7048576    | 2042.72           | 2541.54       | 6   | 29893,30038,30183,29895,30040,30185 | 24.42    |
| 12  | 40         | 10000000 | 312500    | 238096   | 1024    | 0     | 32   | worker   | 12        | 16  | decrease  | desc        | asc        | 2          | 0.37              | 0.46          | 6   | 16088,16208,16328,16090,16210,16330 | 24.32    |
| 12  | 40         | 10000000 | 312500    | 238096   | 1024    | 0     | 32   | worker   | 12        | 16  | decrease  | desc        | asc        | 8          | 0.81              | 1.0           | 6   | 16098,16218,16338,16100,16220,16340 | 23.46    |
| 3   | 100        | 10000000 | 625000    | 93458    | 16384   | 8     | 16   | io_uring | 12        | 16  | decrease  | asc         | desc       | 1          | 0.3               | 0.37          | 6   | 4128,4253,4378,4130,4255,4380       | 23.33    |
| 20  | 40         | 10000000 | 312500    | 238096   | 4096    | 128   | 32   | io_uring | 12        | 16  | decrease  | desc        | desc       | 2          | 0.56              | 0.69          | 6   | 29408,29528,29648,29410,29530,29650 | 23.21    |
| 21  | 80         | 10000000 | 10000000  | 117648   | 1048576 | 128   | 1    | worker   | 12        | 16  | increase  | asc         | asc        | 8048576    | 2345.24           | 2887.97       | 6   | 29898,30043,30188,29900,30045,30190 | 23.14    |
| 14  | 20         | 10000000 | 2500000   | 476191   | 0       | 8     | 4    | io_uring | 12        | 16  | increase  | desc        | asc        | 1          | 0.26              | 0.32          | 6   | 19953,20088,20223,19955,20090,20225 | 23.08    |
| 3   | 100        | 10000000 | 625000    | 93458    | 16384   | 8     | 16   | io_uring | 12        | 16  | decrease  | asc         | asc        | 32         | 1.4               | 1.72          | 6   | 3778,3903,4028,3780,3905,4030       | 22.86    |
| 7   | 80         | 10000000 | 312500    | 117648   | 16384   | 2048  | 32   | worker   | 12        | 16  | decrease  | asc         | asc        | 32         | 4.04              | 4.96          | 6   | 8908,9028,9148,8910,9030,9150       | 22.77    |
| 17  | 40         | 10000000 | 312500    | 238096   | 4096    | 128   | 32   | worker   | 12        | 16  | increase  | asc         | desc       | 4          | 1.03              | 1.26          | 6   | 24373,24493,24613,24375,24495,24615 | 22.33    |
| 21  | 80         | 10000000 | 10000000  | 117648   | 1048576 | 128   | 1    | io_uring | 12        | 16  | increase  | asc         | asc        | 4048576    | 1255.84           | 1534.62       | 6   | 30748,30893,31038,30750,30895,31040 | 22.2     |
| 21  | 80         | 10000000 | 10000000  | 117648   | 1048576 | 128   | 1    | io_uring | 12        | 16  | increase  | asc         | asc        | 5048576    | 1558.77           | 1901.7        | 6   | 30753,30898,31043,30755,30900,31045 | 22.0     |
| 2   | 100        | 10000000 | 625000    | 93458    | 16384   | 8     | 16   | worker   | 12        | 16  | increase  | desc        | desc       | 256        | 2.28              | 2.78          | 6   | 1918,2043,2168,1920,2045,2170       | 21.93    |
| 3   | 100        | 10000000 | 625000    | 93458    | 16384   | 8     | 16   | io_uring | 12        | 16  | decrease  | asc         | asc        | 64         | 1.74              | 2.12          | 6   | 3783,3908,4033,3785,3910,4035       | 21.84    |
| 4   | 100        | 10000000 | 625000    | 93458    | 16384   | 8     | 16   | worker   | 12        | 16  | decrease  | desc        | asc        | 32         | 1.29              | 1.57          | 6   | 4528,4653,4778,4530,4655,4780       | 21.71    |
| 11  | 40         | 10000000 | 312500    | 238096   | 1024    | 0     | 32   | io_uring | 12        | 16  | decrease  | asc         | desc       | 64         | 1.85              | 2.25          | 6   | 15753,15873,15993,15755,15875,15995 | 21.62    |
| 2   | 100        | 10000000 | 625000    | 93458    | 16384   | 8     | 16   | io_uring | 12        | 16  | increase  | desc        | asc        | 64         | 1.44              | 1.75          | 6   | 2283,2408,2533,2285,2410,2535       | 21.53    |
| 15  | 20         | 10000000 | 2500000   | 476191   | 0       | 8     | 4    | io_uring | 12        | 16  | decrease  | asc         | desc       | 1          | 0.28              | 0.34          | 6   | 21978,22113,22248,21980,22115,22250 | 21.43    |
| 12  | 40         | 10000000 | 312500    | 238096   | 1024    | 0     | 32   | worker   | 12        | 16  | decrease  | desc        | asc        | 16         | 1.13              | 1.37          | 6   | 16103,16223,16343,16105,16225,16345 | 21.24    |
| 2   | 100        | 10000000 | 625000    | 93458    | 16384   | 8     | 16   | io_uring | 12        | 16  | increase  | desc        | desc       | 64         | 1.66              | 2.01          | 6   | 2658,2783,2908,2660,2785,2910       | 21.08    |
| 3   | 100        | 10000000 | 625000    | 93458    | 16384   | 8     | 16   | worker   | 12        | 16  | decrease  | asc         | asc        | 64         | 1.48              | 1.79          | 6   | 3033,3158,3283,3035,3160,3285       | 20.95    |
| 14  | 20         | 10000000 | 2500000   | 476191   | 0       | 8     | 4    | io_uring | 12        | 16  | increase  | desc        | desc       | 2          | 0.24              | 0.29          | 6   | 20363,20498,20633,20365,20500,20635 | 20.83    |
| 15  | 20         | 10000000 | 2500000   | 476191   | 0       | 8     | 4    | worker   | 12        | 16  | decrease  | asc         | asc        | 1          | 0.24              | 0.29          | 6   | 20763,20898,21033,20765,20900,21035 | 20.83    |
| 21  | 80         | 10000000 | 10000000  | 117648   | 1048576 | 128   | 1    | worker   | 12        | 16  | increase  | asc         | asc        | 2          | 0.24              | 0.29          | 6   | 29768,29913,30058,29770,29915,30060 | 20.83    |
| 3   | 100        | 10000000 | 625000    | 93458    | 16384   | 8     | 16   | worker   | 12        | 16  | decrease  | asc         | asc        | 2          | 0.29              | 0.35          | 6   | 3008,3133,3258,3010,3135,3260       | 20.69    |
| 21  | 80         | 10000000 | 10000000  | 117648   | 1048576 | 128   | 1    | worker   | 12        | 16  | increase  | asc         | asc        | 4048576    | 1216.14           | 1467.65       | 6   | 29878,30023,30168,29880,30025,30170 | 20.68    |
| 15  | 20         | 10000000 | 2500000   | 476191   | 0       | 8     | 4    | worker   | 12        | 16  | decrease  | asc         | asc        | 8          | 0.34              | 0.41          | 6   | 20778,20913,21048,20780,20915,21050 | 20.59    |
| 2   | 100        | 10000000 | 625000    | 93458    | 16384   | 8     | 16   | worker   | 12        | 16  | increase  | desc        | desc       | 1          | 0.3               | 0.36          | 6   | 1878,2003,2128,1880,2005,2130       | 20.0     |
| 10  | 40         | 10000000 | 312500    | 238096   | 1024    | 0     | 32   | io_uring | 12        | 16  | increase  | desc        | asc        | 2          | 0.4               | 0.48          | 6   | 13928,14048,14168,13930,14050,14170 | 20.0     |
| 8   | 80         | 10000000 | 312500    | 117648   | 16384   | 2048  | 32   | worker   | 12        | 16  | decrease  | desc        | desc       | 2048       | 27.24             | 32.65         | 6   | 10738,10858,10978,10740,10860,10980 | 19.86    |
| 8   | 80         | 10000000 | 312500    | 117648   | 16384   | 2048  | 32   | worker   | 12        | 16  | decrease  | desc        | desc       | 16         | 2.82              | 3.38          | 6   | 10703,10823,10943,10705,10825,10945 | 19.86    |
| 11  | 40         | 10000000 | 312500    | 238096   | 1024    | 0     | 32   | worker   | 12        | 16  | decrease  | asc         | desc       | 64         | 1.82              | 2.18          | 6   | 15033,15153,15273,15035,15155,15275 | 19.78    |
| 12  | 40         | 10000000 | 312500    | 238096   | 1024    | 0     | 32   | worker   | 12        | 16  | decrease  | desc        | desc       | 4          | 0.56              | 0.67          | 6   | 16453,16573,16693,16455,16575,16695 | 19.64    |
| 5   | 80         | 10000000 | 312500    | 117648   | 16384   | 2048  | 32   | io_uring | 12        | 16  | increase  | asc         | asc        | 256        | 12.96             | 15.49         | 6   | 6763,6883,7003,6765,6885,7005       | 19.52    |
| 2   | 100        | 10000000 | 625000    | 93458    | 16384   | 8     | 16   | io_uring | 12        | 16  | increase  | desc        | desc       | 2          | 0.41              | 0.49          | 6   | 2633,2758,2883,2635,2760,2885       | 19.51    |
| 8   | 80         | 10000000 | 312500    | 117648   | 16384   | 2048  | 32   | io_uring | 12        | 16  | decrease  | desc        | desc       | 220268     | 1462.97           | 1747.42       | 6   | 11508,11628,11748,11510,11630,11750 | 19.44    |
| 10  | 40         | 10000000 | 312500    | 238096   | 1024    | 0     | 32   | io_uring | 12        | 16  | increase  | desc        | asc        | 1          | 0.31              | 0.37          | 6   | 13923,14043,14163,13925,14045,14165 | 19.35    |
| 5   | 80         | 10000000 | 312500    | 117648   | 16384   | 2048  | 32   | worker   | 12        | 16  | increase  | asc         | asc        | 16         | 2.38              | 2.84          | 6   | 6023,6143,6263,6025,6145,6265       | 19.33    |
| 9   | 40         | 10000000 | 312500    | 238096   | 1024    | 0     | 32   | io_uring | 12        | 16  | increase  | asc         | asc        | 32         | 1.45              | 1.73          | 6   | 12508,12628,12748,12510,12630,12750 | 19.31    |
| 6   | 80         | 10000000 | 312500    | 117648   | 16384   | 2048  | 32   | worker   | 12        | 16  | increase  | desc        | desc       | 8          | 2.59              | 3.09          | 6   | 7818,7938,8058,7820,7940,8060       | 19.31    |
| 5   | 80         | 10000000 | 312500    | 117648   | 16384   | 2048  | 32   | worker   | 12        | 16  | increase  | asc         | asc        | 282768     | 1859.4            | 2216.81       | 6   | 6118,6238,6358,6120,6240,6360       | 19.22    |
| 21  | 80         | 10000000 | 10000000  | 117648   | 1048576 | 128   | 1    | worker   | 12        | 16  | increase  | asc         | asc        | 3048576    | 943.46            | 1124.06       | 6   | 29873,30018,30163,29875,30020,30165 | 19.14    |
| 11  | 40         | 10000000 | 312500    | 238096   | 1024    | 0     | 32   | worker   | 12        | 16  | decrease  | asc         | asc        | 32         | 1.36              | 1.62          | 6   | 14668,14788,14908,14670,14790,14910 | 19.12    |
| 20  | 40         | 10000000 | 312500    | 238096   | 4096    | 128   | 32   | worker   | 12        | 16  | decrease  | desc        | asc        | 16         | 1.78              | 2.12          | 6   | 28343,28463,28583,28345,28465,28585 | 19.1     |
| 8   | 80         | 10000000 | 312500    | 117648   | 16384   | 2048  | 32   | worker   | 12        | 16  | decrease  | desc        | desc       | 32768      | 233.24            | 277.76        | 6   | 10758,10878,10998,10760,10880,11000 | 19.09    |
| 8   | 80         | 10000000 | 312500    | 117648   | 16384   | 2048  | 32   | io_uring | 12        | 16  | decrease  | desc        | desc       | 32768      | 235.07            | 279.85        | 6   | 11478,11598,11718,11480,11600,11720 | 19.05    |
| 8   | 80         | 10000000 | 312500    | 117648   | 16384   | 2048  | 32   | worker   | 12        | 16  | decrease  | desc        | desc       | 282768     | 1866.48           | 2220.18       | 6   | 10798,10918,11038,10800,10920,11040 | 18.95    |
| 18  | 40         | 10000000 | 312500    | 238096   | 4096    | 128   | 32   | worker   | 12        | 16  | increase  | desc        | desc       | 256        | 3.81              | 4.53          | 6   | 25843,25963,26083,25845,25965,26085 | 18.9     |
| 5   | 80         | 10000000 | 312500    | 117648   | 16384   | 2048  | 32   | io_uring | 12        | 16  | increase  | asc         | asc        | 157768     | 1053.63           | 1252.52       | 6   | 6818,6938,7058,6820,6940,7060       | 18.88    |
| 8   | 80         | 10000000 | 312500    | 117648   | 16384   | 2048  | 32   | io_uring | 12        | 16  | decrease  | desc        | desc       | 157768     | 1057.07           | 1256.27       | 6   | 11498,11618,11738,11500,11620,11740 | 18.84    |
| 9   | 40         | 10000000 | 312500    | 238096   | 1024    | 0     | 32   | worker   | 12        | 16  | increase  | asc         | desc       | 1          | 0.32              | 0.38          | 6   | 12123,12243,12363,12125,12245,12365 | 18.75    |
| 1   | 100        | 10000000 | 625000    | 93458    | 16384   | 8     | 16   | worker   | 12        | 16  | increase  | asc         | asc        | 4          | 0.44              | 0.52          | 6   | 13,138,263,15,140,265               | 18.18    |
| 16  | 20         | 10000000 | 2500000   | 476191   | 0       | 8     | 4    | io_uring | 12        | 16  | decrease  | desc        | asc        | 16         | 0.44              | 0.52          | 6   | 23213,23348,23483,23215,23350,23485 | 18.18    |
| 8   | 80         | 10000000 | 312500    | 117648   | 16384   | 2048  | 32   | io_uring | 12        | 16  | decrease  | desc        | desc       | 16384      | 125.09            | 147.83        | 6   | 11473,11593,11713,11475,11595,11715 | 18.18    |
| 6   | 80         | 10000000 | 312500    | 117648   | 16384   | 2048  | 32   | io_uring | 12        | 16  | increase  | desc        | asc        | 4096       | 91.84             | 108.22        | 6   | 8223,8343,8463,8225,8345,8465       | 17.84    |
| 2   | 100        | 10000000 | 625000    | 93458    | 16384   | 8     | 16   | io_uring | 12        | 16  | increase  | desc        | desc       | 128        | 2.25              | 2.65          | 6   | 2663,2788,2913,2665,2790,2915       | 17.78    |
| 5   | 80         | 10000000 | 312500    | 117648   | 16384   | 2048  | 32   | io_uring | 12        | 16  | increase  | asc         | asc        | 64018      | 443.0             | 521.2         | 6   | 6803,6923,7043,6805,6925,7045       | 17.65    |
| 1   | 100        | 10000000 | 625000    | 93458    | 16384   | 8     | 16   | io_uring | 12        | 16  | increase  | asc         | asc        | 1          | 0.34              | 0.4           | 6   | 753,878,1003,755,880,1005           | 17.65    |
| 10  | 40         | 10000000 | 312500    | 238096   | 1024    | 0     | 32   | io_uring | 12        | 16  | increase  | desc        | desc       | 1          | 0.34              | 0.4           | 6   | 14283,14403,14523,14285,14405,14525 | 17.65    |
| 9   | 40         | 10000000 | 312500    | 238096   | 1024    | 0     | 32   | io_uring | 12        | 16  | increase  | asc         | desc       | 32         | 1.59              | 1.87          | 6   | 12868,12988,13108,12870,12990,13110 | 17.61    |
| 8   | 80         | 10000000 | 312500    | 117648   | 16384   | 2048  | 32   | worker   | 12        | 16  | decrease  | desc        | desc       | 64018      | 437.0             | 513.84        | 6   | 10763,10883,11003,10765,10885,11005 | 17.58    |
| 9   | 40         | 10000000 | 312500    | 238096   | 1024    | 0     | 32   | worker   | 12        | 16  | increase  | asc         | desc       | 8          | 0.74              | 0.87          | 6   | 12138,12258,12378,12140,12260,12380 | 17.57    |
| 8   | 80         | 10000000 | 312500    | 117648   | 16384   | 2048  | 32   | worker   | 12        | 16  | decrease  | desc        | desc       | 157768     | 1054.43           | 1238.97       | 6   | 10778,10898,11018,10780,10900,11020 | 17.5     |
| 14  | 20         | 10000000 | 2500000   | 476191   | 0       | 8     | 4    | io_uring | 12        | 16  | increase  | desc        | asc        | 256        | 0.86              | 1.01          | 6   | 19993,20128,20263,19995,20130,20265 | 17.44    |
| 8   | 80         | 10000000 | 312500    | 117648   | 16384   | 2048  | 32   | worker   | 12        | 16  | decrease  | desc        | desc       | 126518     | 857.81            | 1007.21       | 6   | 10773,10893,11013,10775,10895,11015 | 17.42    |
| 9   | 40         | 10000000 | 312500    | 238096   | 1024    | 0     | 32   | io_uring | 12        | 16  | increase  | asc         | asc        | 2          | 0.46              | 0.54          | 6   | 12488,12608,12728,12490,12610,12730 | 17.39    |
| 16  | 20         | 10000000 | 2500000   | 476191   | 0       | 8     | 4    | worker   | 12        | 16  | decrease  | desc        | desc       | 1          | 0.23              | 0.27          | 6   | 22788,22923,23058,22790,22925,23060 | 17.39    |
| 2   | 100        | 10000000 | 625000    | 93458    | 16384   | 8     | 16   | worker   | 12        | 16  | increase  | desc        | desc       | 16         | 0.98              | 1.15          | 6   | 1898,2023,2148,1900,2025,2150       | 17.35    |
| 16  | 20         | 10000000 | 2500000   | 476191   | 0       | 8     | 4    | worker   | 12        | 16  | decrease  | desc        | desc       | 2          | 0.29              | 0.34          | 6   | 22793,22928,23063,22795,22930,23065 | 17.24    |
| 4   | 100        | 10000000 | 625000    | 93458    | 16384   | 8     | 16   | worker   | 12        | 16  | decrease  | desc        | desc       | 64         | 1.45              | 1.7           | 6   | 4908,5033,5158,4910,5035,5160       | 17.24    |
| 8   | 80         | 10000000 | 312500    | 117648   | 16384   | 2048  | 32   | worker   | 12        | 16  | decrease  | desc        | desc       | 189018     | 1263.11           | 1480.61       | 6   | 10783,10903,11023,10785,10905,11025 | 17.22    |
| 5   | 80         | 10000000 | 312500    | 117648   | 16384   | 2048  | 32   | io_uring | 12        | 16  | increase  | asc         | asc        | 189018     | 1263.27           | 1480.59       | 6   | 6823,6943,7063,6825,6945,7065       | 17.2     |
| 8   | 80         | 10000000 | 312500    | 117648   | 16384   | 2048  | 32   | io_uring | 12        | 16  | decrease  | desc        | desc       | 64018      | 443.48            | 519.74        | 6   | 11483,11603,11723,11485,11605,11725 | 17.2     |
| 8   | 80         | 10000000 | 312500    | 117648   | 16384   | 2048  | 32   | io_uring | 12        | 16  | decrease  | desc        | desc       | 126518     | 861.17            | 1008.97       | 6   | 11493,11613,11733,11495,11615,11735 | 17.16    |
| 5   | 80         | 10000000 | 312500    | 117648   | 16384   | 2048  | 32   | worker   | 12        | 16  | increase  | asc         | asc        | 64018      | 441.05            | 516.67        | 6   | 6083,6203,6323,6085,6205,6325       | 17.15    |
| 3   | 100        | 10000000 | 625000    | 93458    | 16384   | 8     | 16   | io_uring | 12        | 16  | decrease  | asc         | asc        | 4096       | 14.29             | 16.74         | 6   | 3813,3938,4063,3815,3940,4065       | 17.14    |
| 5   | 80         | 10000000 | 312500    | 117648   | 16384   | 2048  | 32   | io_uring | 12        | 16  | increase  | asc         | asc        | 95268      | 651.07            | 762.69        | 6   | 6808,6928,7048,6810,6930,7050       | 17.14    |
| 8   | 80         | 10000000 | 312500    | 117648   | 16384   | 2048  | 32   | worker   | 12        | 16  | decrease  | desc        | desc       | 251518     | 1688.26           | 1976.48       | 6   | 10793,10913,11033,10795,10915,11035 | 17.07    |
| 12  | 40         | 10000000 | 312500    | 238096   | 1024    | 0     | 32   | io_uring | 12        | 16  | decrease  | desc        | desc       | 64         | 1.82              | 2.13          | 6   | 17193,17313,17433,17195,17315,17435 | 17.03    |
| 8   | 80         | 10000000 | 312500    | 117648   | 16384   | 2048  | 32   | io_uring | 12        | 16  | decrease  | desc        | desc       | 282768     | 1899.83           | 2222.59       | 6   | 11518,11638,11758,11520,11640,11760 | 16.99    |
| 8   | 80         | 10000000 | 312500    | 117648   | 16384   | 2048  | 32   | worker   | 12        | 16  | decrease  | desc        | desc       | 220268     | 1470.93           | 1720.45       | 6   | 10788,10908,11028,10790,10910,11030 | 16.96    |
| 5   | 80         | 10000000 | 312500    | 117648   | 16384   | 2048  | 32   | io_uring | 12        | 16  | increase  | asc         | asc        | 220268     | 1454.86           | 1701.63       | 6   | 6828,6948,7068,6830,6950,7070       | 16.96    |
| 5   | 80         | 10000000 | 312500    | 117648   | 16384   | 2048  | 32   | worker   | 12        | 16  | increase  | asc         | asc        | 189018     | 1273.88           | 1489.7        | 6   | 6103,6223,6343,6105,6225,6345       | 16.94    |
| 8   | 80         | 10000000 | 312500    | 117648   | 16384   | 2048  | 32   | worker   | 12        | 16  | decrease  | desc        | desc       | 95268      | 649.66            | 759.55        | 6   | 10768,10888,11008,10770,10890,11010 | 16.92    |
| 8   | 80         | 10000000 | 312500    | 117648   | 16384   | 2048  | 32   | io_uring | 12        | 16  | decrease  | desc        | desc       | 95268      | 652.72            | 762.8         | 6   | 11488,11608,11728,11490,11610,11730 | 16.86    |
| 14  | 20         | 10000000 | 2500000   | 476191   | 0       | 8     | 4    | io_uring | 12        | 16  | increase  | desc        | desc       | 8          | 0.36              | 0.42          | 6   | 20373,20508,20643,20375,20510,20645 | 16.67    |
| 17  | 40         | 10000000 | 312500    | 238096   | 4096    | 128   | 32   | worker   | 12        | 16  | increase  | asc         | asc        | 16         | 1.5               | 1.75          | 6   | 24023,24143,24263,24025,24145,24265 | 16.67    |
| 8   | 80         | 10000000 | 312500    | 117648   | 16384   | 2048  | 32   | io_uring | 12        | 16  | decrease  | desc        | desc       | 251518     | 1688.09           | 1969.32       | 6   | 11513,11633,11753,11515,11635,11755 | 16.66    |
| 5   | 80         | 10000000 | 312500    | 117648   | 16384   | 2048  | 32   | worker   | 12        | 16  | increase  | asc         | asc        | 251518     | 1698.61           | 1980.55       | 6   | 6113,6233,6353,6115,6235,6355       | 16.6     |
| 7   | 80         | 10000000 | 312500    | 117648   | 16384   | 2048  | 32   | io_uring | 12        | 16  | decrease  | asc         | desc       | 256        | 33.77             | 39.34         | 6   | 10003,10123,10243,10005,10125,10245 | 16.49    |
| 5   | 80         | 10000000 | 312500    | 117648   | 16384   | 2048  | 32   | io_uring | 12        | 16  | increase  | asc         | asc        | 251518     | 1696.57           | 1975.72       | 6   | 6833,6953,7073,6835,6955,7075       | 16.45    |
| 8   | 80         | 10000000 | 312500    | 117648   | 16384   | 2048  | 32   | io_uring | 12        | 16  | decrease  | desc        | desc       | 189018     | 1287.03           | 1498.19       | 6   | 11503,11623,11743,11505,11625,11745 | 16.41    |
| 5   | 80         | 10000000 | 312500    | 117648   | 16384   | 2048  | 32   | worker   | 12        | 16  | increase  | asc         | asc        | 157768     | 1065.81           | 1240.16       | 6   | 6098,6218,6338,6100,6220,6340       | 16.36    |
| 5   | 80         | 10000000 | 312500    | 117648   | 16384   | 2048  | 32   | worker   | 12        | 16  | increase  | asc         | asc        | 32768      | 232.88            | 270.86        | 6   | 6078,6198,6318,6080,6200,6320       | 16.31    |
| 15  | 20         | 10000000 | 2500000   | 476191   | 0       | 8     | 4    | worker   | 12        | 16  | decrease  | asc         | desc       | 4096       | 7.24              | 8.42          | 6   | 21228,21363,21498,21230,21365,21500 | 16.3     |
| 18  | 40         | 10000000 | 312500    | 238096   | 4096    | 128   | 32   | worker   | 12        | 16  | increase  | desc        | asc        | 64         | 3.5               | 4.07          | 6   | 25473,25593,25713,25475,25595,25715 | 16.29    |
| 16  | 20         | 10000000 | 2500000   | 476191   | 0       | 8     | 4    | io_uring | 12        | 16  | decrease  | desc        | asc        | 1          | 0.25              | 0.29          | 6   | 23193,23328,23463,23195,23330,23465 | 16.0     |
| 3   | 100        | 10000000 | 625000    | 93458    | 16384   | 8     | 16   | worker   | 12        | 16  | decrease  | asc         | desc       | 64         | 1.46              | 1.69          | 6   | 3408,3533,3658,3410,3535,3660       | 15.75    |
| 5   | 80         | 10000000 | 312500    | 117648   | 16384   | 2048  | 32   | worker   | 12        | 16  | increase  | asc         | asc        | 220268     | 1488.08           | 1721.19       | 6   | 6108,6228,6348,6110,6230,6350       | 15.67    |
| 3   | 100        | 10000000 | 625000    | 93458    | 16384   | 8     | 16   | worker   | 12        | 16  | decrease  | asc         | asc        | 16         | 1.03              | 1.19          | 6   | 3023,3148,3273,3025,3150,3275       | 15.53    |
| 19  | 40         | 10000000 | 312500    | 238096   | 4096    | 128   | 32   | worker   | 12        | 16  | decrease  | asc         | asc        | 16         | 1.61              | 1.86          | 6   | 26903,27023,27143,26905,27025,27145 | 15.53    |
| 8   | 80         | 10000000 | 312500    | 117648   | 16384   | 2048  | 32   | io_uring | 12        | 16  | decrease  | desc        | desc       | 8192       | 73.07             | 84.37         | 6   | 11468,11588,11708,11470,11590,11710 | 15.46    |
| 4   | 100        | 10000000 | 625000    | 93458    | 16384   | 8     | 16   | io_uring | 12        | 16  | decrease  | desc        | desc       | 128        | 2.01              | 2.32          | 6   | 5663,5788,5913,5665,5790,5915       | 15.42    |
| 18  | 40         | 10000000 | 312500    | 238096   | 4096    | 128   | 32   | worker   | 12        | 16  | increase  | desc        | desc       | 1          | 0.39              | 0.45          | 6   | 25803,25923,26043,25805,25925,26045 | 15.38    |
| 13  | 20         | 10000000 | 2500000   | 476191   | 0       | 8     | 4    | worker   | 12        | 16  | increase  | asc         | desc       | 1          | 0.26              | 0.3           | 6   | 17928,18063,18198,17930,18065,18200 | 15.38    |
| 14  | 20         | 10000000 | 2500000   | 476191   | 0       | 8     | 4    | worker   | 12        | 16  | increase  | desc        | desc       | 1          | 0.26              | 0.3           | 6   | 19548,19683,19818,19550,19685,19820 | 15.38    |
| 14  | 20         | 10000000 | 2500000   | 476191   | 0       | 8     | 4    | worker   | 12        | 16  | increase  | desc        | asc        | 32768      | 43.62             | 50.3          | 6   | 19218,19353,19488,19220,19355,19490 | 15.31    |
| 5   | 80         | 10000000 | 312500    | 117648   | 16384   | 2048  | 32   | worker   | 12        | 16  | increase  | asc         | asc        | 126518     | 862.63            | 994.62        | 6   | 6093,6213,6333,6095,6215,6335       | 15.3     |
| 5   | 80         | 10000000 | 312500    | 117648   | 16384   | 2048  | 32   | io_uring | 12        | 16  | increase  | asc         | asc        | 282768     | 1912.89           | 2203.55       | 6   | 6838,6958,7078,6840,6960,7080       | 15.19    |
| 14  | 20         | 10000000 | 2500000   | 476191   | 0       | 8     | 4    | worker   | 12        | 16  | increase  | desc        | asc        | 16         | 0.33              | 0.38          | 6   | 19163,19298,19433,19165,19300,19435 | 15.15    |
| 17  | 40         | 10000000 | 312500    | 238096   | 4096    | 128   | 32   | worker   | 12        | 16  | increase  | asc         | desc       | 256        | 8.54              | 9.83          | 6   | 24403,24523,24643,24405,24525,24645 | 15.11    |
| 20  | 40         | 10000000 | 312500    | 238096   | 4096    | 128   | 32   | worker   | 12        | 16  | decrease  | desc        | desc       | 2          | 0.53              | 0.61          | 6   | 28688,28808,28928,28690,28810,28930 | 15.09    |
| 5   | 80         | 10000000 | 312500    | 117648   | 16384   | 2048  | 32   | worker   | 12        | 16  | increase  | asc         | asc        | 16384      | 126.85            | 145.91        | 6   | 6073,6193,6313,6075,6195,6315       | 15.03    |
| 15  | 20         | 10000000 | 2500000   | 476191   | 0       | 8     | 4    | io_uring | 12        | 16  | decrease  | asc         | desc       | 2048       | 4.34              | 4.99          | 6   | 22033,22168,22303,22035,22170,22305 | 14.98    |
| 6   | 80         | 10000000 | 312500    | 117648   | 16384   | 2048  | 32   | worker   | 12        | 16  | increase  | desc        | asc        | 220268     | 2294.22           | 2634.99       | 6   | 7548,7668,7788,7550,7670,7790       | 14.85    |
| 5   | 80         | 10000000 | 312500    | 117648   | 16384   | 2048  | 32   | worker   | 12        | 16  | increase  | asc         | asc        | 95268      | 646.16            | 742.01        | 6   | 6088,6208,6328,6090,6210,6330       | 14.83    |
| 5   | 80         | 10000000 | 312500    | 117648   | 16384   | 2048  | 32   | io_uring | 12        | 16  | increase  | asc         | asc        | 2048       | 29.46             | 33.83         | 6   | 6778,6898,7018,6780,6900,7020       | 14.83    |
| 7   | 80         | 10000000 | 312500    | 117648   | 16384   | 2048  | 32   | worker   | 12        | 16  | decrease  | asc         | desc       | 189018     | 1974.6            | 2264.87       | 6   | 9343,9463,9583,9345,9465,9585       | 14.7     |
| 5   | 80         | 10000000 | 312500    | 117648   | 16384   | 2048  | 32   | io_uring | 12        | 16  | increase  | asc         | asc        | 126518     | 871.17            | 999.03        | 6   | 6813,6933,7053,6815,6935,7055       | 14.68    |
| 21  | 80         | 10000000 | 10000000  | 117648   | 1048576 | 128   | 1    | io_uring | 12        | 16  | increase  | asc         | desc       | 4          | 0.41              | 0.47          | 4   | 31078,31223,31080,31225             | 14.63    |
| 9   | 40         | 10000000 | 312500    | 238096   | 1024    | 0     | 32   | io_uring | 12        | 16  | increase  | asc         | desc       | 64         | 1.93              | 2.21          | 6   | 12873,12993,13113,12875,12995,13115 | 14.51    |
| 3   | 100        | 10000000 | 625000    | 93458    | 16384   | 8     | 16   | worker   | 12        | 16  | decrease  | asc         | desc       | 1          | 0.28              | 0.32          | 6   | 3378,3503,3628,3380,3505,3630       | 14.29    |
| 7   | 80         | 10000000 | 312500    | 117648   | 16384   | 2048  | 32   | io_uring | 12        | 16  | decrease  | asc         | asc        | 64         | 6.19              | 7.07          | 6   | 9633,9753,9873,9635,9755,9875       | 14.22    |
| 5   | 80         | 10000000 | 312500    | 117648   | 16384   | 2048  | 32   | worker   | 12        | 16  | increase  | asc         | desc       | 4          | 3.03              | 3.46          | 6   | 6373,6493,6613,6375,6495,6615       | 14.19    |
| 16  | 20         | 10000000 | 2500000   | 476191   | 0       | 8     | 4    | worker   | 12        | 16  | decrease  | desc        | asc        | 64         | 0.78              | 0.89          | 6   | 22413,22548,22683,22415,22550,22685 | 14.1     |
| 6   | 80         | 10000000 | 312500    | 117648   | 16384   | 2048  | 32   | worker   | 12        | 16  | increase  | desc        | asc        | 64018      | 696.48            | 794.01        | 6   | 7523,7643,7763,7525,7645,7765       | 14.0     |
| 6   | 80         | 10000000 | 312500    | 117648   | 16384   | 2048  | 32   | worker   | 12        | 16  | increase  | desc        | asc        | 282768     | 2917.08           | 3325.01       | 6   | 7558,7678,7798,7560,7680,7800       | 13.98    |
| 7   | 80         | 10000000 | 312500    | 117648   | 16384   | 2048  | 32   | io_uring | 12        | 16  | decrease  | asc         | desc       | 512        | 45.88             | 52.28         | 6   | 10008,10128,10248,10010,10130,10250 | 13.95    |
| 21  | 80         | 10000000 | 10000000  | 117648   | 1048576 | 128   | 1    | worker   | 12        | 16  | increase  | asc         | asc        | 2048576    | 668.97            | 761.96        | 6   | 29868,30013,30158,29870,30015,30160 | 13.9     |
| 12  | 40         | 10000000 | 312500    | 238096   | 1024    | 0     | 32   | worker   | 12        | 16  | decrease  | desc        | desc       | 1          | 0.36              | 0.41          | 6   | 16443,16563,16683,16445,16565,16685 | 13.89    |
| 15  | 20         | 10000000 | 2500000   | 476191   | 0       | 8     | 4    | worker   | 12        | 16  | decrease  | asc         | desc       | 8          | 0.36              | 0.41          | 6   | 21183,21318,21453,21185,21320,21455 | 13.89    |
| 21  | 80         | 10000000 | 10000000  | 117648   | 1048576 | 128   | 1    | worker   | 12        | 16  | increase  | asc         | desc       | 4          | 0.36              | 0.41          | 6   | 30208,30353,30498,30210,30355,30500 | 13.89    |
| 12  | 40         | 10000000 | 312500    | 238096   | 1024    | 0     | 32   | io_uring | 12        | 16  | decrease  | desc        | desc       | 4          | 0.65              | 0.74          | 6   | 17173,17293,17413,17175,17295,17415 | 13.85    |
| 2   | 100        | 10000000 | 625000    | 93458    | 16384   | 8     | 16   | io_uring | 12        | 16  | increase  | desc        | asc        | 1          | 0.29              | 0.33          | 6   | 2253,2378,2503,2255,2380,2505       | 13.79    |
| 13  | 20         | 10000000 | 2500000   | 476191   | 0       | 8     | 4    | io_uring | 12        | 16  | increase  | asc         | asc        | 1          | 0.29              | 0.33          | 6   | 18333,18468,18603,18335,18470,18605 | 13.79    |
| 5   | 80         | 10000000 | 312500    | 117648   | 16384   | 2048  | 32   | io_uring | 12        | 16  | increase  | asc         | desc       | 16         | 6.89              | 7.84          | 6   | 7103,7223,7343,7105,7225,7345       | 13.79    |
| 4   | 100        | 10000000 | 625000    | 93458    | 16384   | 8     | 16   | worker   | 12        | 16  | decrease  | desc        | desc       | 256        | 2.33              | 2.65          | 6   | 4918,5043,5168,4920,5045,5170       | 13.73    |
| 5   | 80         | 10000000 | 312500    | 117648   | 16384   | 2048  | 32   | io_uring | 12        | 16  | increase  | asc         | asc        | 32768      | 236.54            | 268.9         | 6   | 6798,6918,7038,6800,6920,7040       | 13.68    |
| 17  | 40         | 10000000 | 312500    | 238096   | 4096    | 128   | 32   | worker   | 12        | 16  | increase  | asc         | desc       | 8          | 1.47              | 1.67          | 6   | 24378,24498,24618,24380,24500,24620 | 13.61    |
| 6   | 80         | 10000000 | 312500    | 117648   | 16384   | 2048  | 32   | worker   | 12        | 16  | increase  | desc        | asc        | 251518     | 2612.74           | 2967.93       | 6   | 7553,7673,7793,7555,7675,7795       | 13.59    |
| 8   | 80         | 10000000 | 312500    | 117648   | 16384   | 2048  | 32   | io_uring | 12        | 16  | decrease  | desc        | asc        | 512        | 47.54             | 54.0          | 6   | 11088,11208,11328,11090,11210,11330 | 13.59    |
| 6   | 80         | 10000000 | 312500    | 117648   | 16384   | 2048  | 32   | io_uring | 12        | 16  | increase  | desc        | asc        | 64018      | 723.68            | 821.86        | 6   | 8243,8363,8483,8245,8365,8485       | 13.57    |
| 7   | 80         | 10000000 | 312500    | 117648   | 16384   | 2048  | 32   | worker   | 12        | 16  | decrease  | asc         | desc       | 282768     | 2940.12           | 3337.95       | 6   | 9358,9478,9598,9360,9480,9600       | 13.53    |
| 10  | 40         | 10000000 | 312500    | 238096   | 1024    | 0     | 32   | worker   | 12        | 16  | increase  | desc        | asc        | 128        | 2.22              | 2.52          | 6   | 13238,13358,13478,13240,13360,13480 | 13.51    |
| 8   | 80         | 10000000 | 312500    | 117648   | 16384   | 2048  | 32   | worker   | 12        | 16  | decrease  | desc        | desc       | 16384      | 127.89            | 145.14        | 6   | 10753,10873,10993,10755,10875,10995 | 13.49    |
| 7   | 80         | 10000000 | 312500    | 117648   | 16384   | 2048  | 32   | worker   | 12        | 16  | decrease  | asc         | desc       | 251518     | 2620.59           | 2972.55       | 6   | 9353,9473,9593,9355,9475,9595       | 13.43    |
| 11  | 40         | 10000000 | 312500    | 238096   | 1024    | 0     | 32   | io_uring | 12        | 16  | decrease  | asc         | asc        | 64         | 1.79              | 2.03          | 6   | 15393,15513,15633,15395,15515,15635 | 13.41    |
| 7   | 80         | 10000000 | 312500    | 117648   | 16384   | 2048  | 32   | worker   | 12        | 16  | decrease  | asc         | desc       | 95268      | 1020.84           | 1157.14       | 6   | 9328,9448,9568,9330,9450,9570       | 13.35    |
| 7   | 80         | 10000000 | 312500    | 117648   | 16384   | 2048  | 32   | worker   | 12        | 16  | decrease  | asc         | desc       | 220268     | 2306.55           | 2614.13       | 6   | 9348,9468,9588,9350,9470,9590       | 13.34    |
| 7   | 80         | 10000000 | 312500    | 117648   | 16384   | 2048  | 32   | worker   | 12        | 16  | decrease  | asc         | desc       | 64018      | 710.13            | 804.68        | 6   | 9323,9443,9563,9325,9445,9565       | 13.31    |
| 7   | 80         | 10000000 | 312500    | 117648   | 16384   | 2048  | 32   | io_uring | 12        | 16  | decrease  | asc         | desc       | 189018     | 2089.53           | 2366.99       | 6   | 10063,10183,10303,10065,10185,10305 | 13.28    |
| 21  | 80         | 10000000 | 10000000  | 117648   | 1048576 | 128   | 1    | io_uring | 12        | 16  | increase  | asc         | asc        | 2048576    | 691.58            | 782.69        | 6   | 30738,30883,31028,30740,30885,31030 | 13.17    |
| 6   | 80         | 10000000 | 312500    | 117648   | 16384   | 2048  | 32   | worker   | 12        | 16  | increase  | desc        | asc        | 189018     | 1984.12           | 2243.57       | 6   | 7543,7663,7783,7545,7665,7785       | 13.08    |
| 4   | 100        | 10000000 | 625000    | 93458    | 16384   | 8     | 16   | worker   | 12        | 16  | decrease  | desc        | desc       | 4          | 0.46              | 0.52          | 6   | 4888,5013,5138,4890,5015,5140       | 13.04    |
| 5   | 80         | 10000000 | 312500    | 117648   | 16384   | 2048  | 32   | io_uring | 12        | 16  | increase  | asc         | desc       | 1          | 1.08              | 1.22          | 6   | 7083,7203,7323,7085,7205,7325       | 12.96    |
| 19  | 40         | 10000000 | 312500    | 238096   | 4096    | 128   | 32   | worker   | 12        | 16  | decrease  | asc         | desc       | 8          | 1.7               | 1.92          | 6   | 27258,27378,27498,27260,27380,27500 | 12.94    |
| 14  | 20         | 10000000 | 2500000   | 476191   | 0       | 8     | 4    | io_uring | 12        | 16  | increase  | desc        | asc        | 4          | 0.31              | 0.35          | 6   | 19963,20098,20233,19965,20100,20235 | 12.9     |
| 7   | 80         | 10000000 | 312500    | 117648   | 16384   | 2048  | 32   | io_uring | 12        | 16  | decrease  | asc         | desc       | 282768     | 3084.8            | 3482.33       | 6   | 10078,10198,10318,10080,10200,10320 | 12.89    |
| 1   | 100        | 10000000 | 625000    | 93458    | 16384   | 8     | 16   | worker   | 12        | 16  | increase  | asc         | desc       | 128        | 2.02              | 2.28          | 6   | 413,538,663,415,540,665             | 12.87    |
| 7   | 80         | 10000000 | 312500    | 117648   | 16384   | 2048  | 32   | io_uring | 12        | 16  | decrease  | asc         | desc       | 157768     | 1756.03           | 1981.33       | 6   | 10058,10178,10298,10060,10180,10300 | 12.83    |
| 7   | 80         | 10000000 | 312500    | 117648   | 16384   | 2048  | 32   | worker   | 12        | 16  | decrease  | asc         | desc       | 157768     | 1670.66           | 1883.95       | 6   | 9338,9458,9578,9340,9460,9580       | 12.77    |
| 7   | 80         | 10000000 | 312500    | 117648   | 16384   | 2048  | 32   | io_uring | 12        | 16  | decrease  | asc         | desc       | 251518     | 2755.12           | 3106.53       | 6   | 10073,10193,10313,10075,10195,10315 | 12.75    |
| 1   | 100        | 10000000 | 625000    | 93458    | 16384   | 8     | 16   | io_uring | 12        | 16  | increase  | asc         | desc       | 128        | 2.51              | 2.83          | 6   | 1163,1288,1413,1165,1290,1415       | 12.75    |
| 15  | 20         | 10000000 | 2500000   | 476191   | 0       | 8     | 4    | worker   | 12        | 16  | decrease  | asc         | desc       | 256        | 1.03              | 1.16          | 6   | 21208,21343,21478,21210,21345,21480 | 12.62    |
| 7   | 80         | 10000000 | 312500    | 117648   | 16384   | 2048  | 32   | io_uring | 12        | 16  | decrease  | asc         | desc       | 2048       | 67.91             | 76.46         | 6   | 10018,10138,10258,10020,10140,10260 | 12.59    |
| 7   | 80         | 10000000 | 312500    | 117648   | 16384   | 2048  | 32   | io_uring | 12        | 16  | decrease  | asc         | asc        | 8          | 2.86              | 3.22          | 6   | 9618,9738,9858,9620,9740,9860       | 12.59    |
| 6   | 80         | 10000000 | 312500    | 117648   | 16384   | 2048  | 32   | worker   | 12        | 16  | increase  | desc        | asc        | 95268      | 1019.92           | 1147.62       | 6   | 7528,7648,7768,7530,7650,7770       | 12.52    |
| 6   | 80         | 10000000 | 312500    | 117648   | 16384   | 2048  | 32   | worker   | 12        | 16  | increase  | desc        | asc        | 126518     | 1337.8            | 1505.24       | 6   | 7533,7653,7773,7535,7655,7775       | 12.52    |
| 7   | 80         | 10000000 | 312500    | 117648   | 16384   | 2048  | 32   | io_uring | 12        | 16  | decrease  | asc         | desc       | 126518     | 1416.05           | 1593.28       | 6   | 10053,10173,10293,10055,10175,10295 | 12.52    |
| 16  | 20         | 10000000 | 2500000   | 476191   | 0       | 8     | 4    | worker   | 12        | 16  | decrease  | desc        | asc        | 2          | 0.24              | 0.27          | 6   | 22388,22523,22658,22390,22525,22660 | 12.5     |
| 7   | 80         | 10000000 | 312500    | 117648   | 16384   | 2048  | 32   | worker   | 12        | 16  | decrease  | asc         | desc       | 4096       | 79.75             | 89.68         | 6   | 9303,9423,9543,9305,9425,9545       | 12.45    |
| 10  | 40         | 10000000 | 312500    | 238096   | 1024    | 0     | 32   | worker   | 12        | 16  | increase  | desc        | desc       | 8          | 0.89              | 1.0           | 6   | 13578,13698,13818,13580,13700,13820 | 12.36    |
| 21  | 80         | 10000000 | 10000000  | 117648   | 1048576 | 128   | 1    | worker   | 12        | 16  | increase  | asc         | asc        | 32         | 1.38              | 1.55          | 6   | 29788,29933,30078,29790,29935,30080 | 12.32    |
| 17  | 40         | 10000000 | 312500    | 238096   | 4096    | 128   | 32   | worker   | 12        | 16  | increase  | asc         | desc       | 2          | 0.65              | 0.73          | 6   | 24368,24488,24608,24370,24490,24610 | 12.31    |
| 5   | 80         | 10000000 | 312500    | 117648   | 16384   | 2048  | 32   | io_uring | 12        | 16  | increase  | asc         | asc        | 64         | 6.22              | 6.98          | 6   | 6753,6873,6993,6755,6875,6995       | 12.22    |
| 6   | 80         | 10000000 | 312500    | 117648   | 16384   | 2048  | 32   | worker   | 12        | 16  | increase  | desc        | asc        | 157768     | 1671.03           | 1873.68       | 6   | 7538,7658,7778,7540,7660,7780       | 12.13    |
| 16  | 20         | 10000000 | 2500000   | 476191   | 0       | 8     | 4    | io_uring | 12        | 16  | decrease  | desc        | asc        | 4          | 0.33              | 0.37          | 6   | 23203,23338,23473,23205,23340,23475 | 12.12    |
| 13  | 20         | 10000000 | 2500000   | 476191   | 0       | 8     | 4    | worker   | 12        | 16  | increase  | asc         | asc        | 2          | 0.25              | 0.28          | 6   | 17528,17663,17798,17530,17665,17800 | 12.0     |
| 6   | 80         | 10000000 | 312500    | 117648   | 16384   | 2048  | 32   | io_uring | 12        | 16  | increase  | desc        | asc        | 251518     | 2734.07           | 3062.07       | 6   | 8273,8393,8513,8275,8395,8515       | 12.0     |
| 1   | 100        | 10000000 | 625000    | 93458    | 16384   | 8     | 16   | io_uring | 12        | 16  | increase  | asc         | asc        | 4096       | 14.43             | 16.16         | 6   | 813,938,1063,815,940,1065           | 11.99    |
| 17  | 40         | 10000000 | 312500    | 238096   | 4096    | 128   | 32   | worker   | 12        | 16  | increase  | asc         | desc       | 64         | 4.04              | 4.52          | 6   | 24393,24513,24633,24395,24515,24635 | 11.88    |
| 8   | 80         | 10000000 | 312500    | 117648   | 16384   | 2048  | 32   | worker   | 12        | 16  | decrease  | desc        | desc       | 8192       | 73.19             | 81.88         | 6   | 10748,10868,10988,10750,10870,10990 | 11.87    |
| 12  | 40         | 10000000 | 312500    | 238096   | 1024    | 0     | 32   | worker   | 12        | 16  | decrease  | desc        | asc        | 4          | 0.59              | 0.66          | 6   | 16093,16213,16333,16095,16215,16335 | 11.86    |
| 21  | 80         | 10000000 | 10000000  | 117648   | 1048576 | 128   | 1    | io_uring | 12        | 16  | increase  | asc         | asc        | 3048576    | 1017.23           | 1137.72       | 6   | 30743,30888,31033,30745,30890,31035 | 11.84    |
| 8   | 80         | 10000000 | 312500    | 117648   | 16384   | 2048  | 32   | io_uring | 12        | 16  | decrease  | desc        | desc       | 128        | 8.87              | 9.92          | 6   | 11438,11558,11678,11440,11560,11680 | 11.84    |
| 7   | 80         | 10000000 | 312500    | 117648   | 16384   | 2048  | 32   | io_uring | 12        | 16  | decrease  | asc         | desc       | 95268      | 1082.24           | 1210.31       | 6   | 10048,10168,10288,10050,10170,10290 | 11.83    |
| 7   | 80         | 10000000 | 312500    | 117648   | 16384   | 2048  | 32   | io_uring | 12        | 16  | decrease  | asc         | desc       | 220268     | 2442.82           | 2731.38       | 6   | 10068,10188,10308,10070,10190,10310 | 11.81    |
| 13  | 20         | 10000000 | 2500000   | 476191   | 0       | 8     | 4    | io_uring | 12        | 16  | increase  | asc         | asc        | 4          | 0.34              | 0.38          | 6   | 18343,18478,18613,18345,18480,18615 | 11.76    |
| 5   | 80         | 10000000 | 312500    | 117648   | 16384   | 2048  | 32   | io_uring | 12        | 16  | increase  | asc         | asc        | 8192       | 69.69             | 77.76         | 6   | 6788,6908,7028,6790,6910,7030       | 11.58    |
| 6   | 80         | 10000000 | 312500    | 117648   | 16384   | 2048  | 32   | worker   | 12        | 16  | increase  | desc        | asc        | 32768      | 374.72            | 418.01        | 6   | 7518,7638,7758,7520,7640,7760       | 11.55    |
| 15  | 20         | 10000000 | 2500000   | 476191   | 0       | 8     | 4    | worker   | 12        | 16  | decrease  | asc         | desc       | 2048       | 4.16              | 4.64          | 6   | 21223,21358,21493,21225,21360,21495 | 11.54    |
| 6   | 80         | 10000000 | 312500    | 117648   | 16384   | 2048  | 32   | io_uring | 12        | 16  | increase  | desc        | asc        | 189018     | 2070.59           | 2309.46       | 6   | 8263,8383,8503,8265,8385,8505       | 11.54    |
| 6   | 80         | 10000000 | 312500    | 117648   | 16384   | 2048  | 32   | io_uring | 12        | 16  | increase  | desc        | asc        | 220268     | 2380.74           | 2655.16       | 6   | 8268,8388,8508,8270,8390,8510       | 11.53    |
| 7   | 80         | 10000000 | 312500    | 117648   | 16384   | 2048  | 32   | io_uring | 12        | 16  | decrease  | asc         | asc        | 2          | 0.96              | 1.07          | 6   | 9608,9728,9848,9610,9730,9850       | 11.46    |
| 7   | 80         | 10000000 | 312500    | 117648   | 16384   | 2048  | 32   | worker   | 12        | 16  | decrease  | asc         | desc       | 126518     | 1347.26           | 1501.23       | 6   | 9333,9453,9573,9335,9455,9575       | 11.43    |
| 8   | 80         | 10000000 | 312500    | 117648   | 16384   | 2048  | 32   | io_uring | 12        | 16  | decrease  | desc        | desc       | 16         | 2.73              | 3.04          | 6   | 11423,11543,11663,11425,11545,11665 | 11.36    |
| 7   | 80         | 10000000 | 312500    | 117648   | 16384   | 2048  | 32   | worker   | 12        | 16  | decrease  | asc         | desc       | 32768      | 383.19            | 426.6         | 6   | 9318,9438,9558,9320,9440,9560       | 11.33    |
| 5   | 80         | 10000000 | 312500    | 117648   | 16384   | 2048  | 32   | worker   | 12        | 16  | increase  | asc         | desc       | 8          | 4.64              | 5.16          | 6   | 6378,6498,6618,6380,6500,6620       | 11.21    |
| 17  | 40         | 10000000 | 312500    | 238096   | 4096    | 128   | 32   | worker   | 12        | 16  | increase  | asc         | desc       | 1024       | 21.71             | 24.14         | 6   | 24413,24533,24653,24415,24535,24655 | 11.19    |
| 7   | 80         | 10000000 | 312500    | 117648   | 16384   | 2048  | 32   | io_uring | 12        | 16  | decrease  | asc         | desc       | 64         | 17.48             | 19.43         | 6   | 9993,10113,10233,9995,10115,10235   | 11.16    |
| 14  | 20         | 10000000 | 2500000   | 476191   | 0       | 8     | 4    | io_uring | 12        | 16  | increase  | desc        | asc        | 16         | 0.36              | 0.4           | 6   | 19973,20108,20243,19975,20110,20245 | 11.11    |
| 3   | 100        | 10000000 | 625000    | 93458    | 16384   | 8     | 16   | worker   | 12        | 16  | decrease  | asc         | asc        | 1          | 0.27              | 0.3           | 6   | 3003,3128,3253,3005,3130,3255       | 11.11    |
| 14  | 20         | 10000000 | 2500000   | 476191   | 0       | 8     | 4    | io_uring | 12        | 16  | increase  | desc        | asc        | 2          | 0.27              | 0.3           | 6   | 19958,20093,20228,19960,20095,20230 | 11.11    |
| 8   | 80         | 10000000 | 312500    | 117648   | 16384   | 2048  | 32   | io_uring | 12        | 16  | decrease  | desc        | asc        | 128        | 23.93             | 26.58         | 6   | 11078,11198,11318,11080,11200,11320 | 11.07    |
| 5   | 80         | 10000000 | 312500    | 117648   | 16384   | 2048  | 32   | worker   | 12        | 16  | increase  | asc         | asc        | 8192       | 71.1              | 78.93         | 6   | 6068,6188,6308,6070,6190,6310       | 11.01    |
| 10  | 40         | 10000000 | 312500    | 238096   | 1024    | 0     | 32   | worker   | 12        | 16  | increase  | desc        | desc       | 32         | 1.37              | 1.52          | 6   | 13588,13708,13828,13590,13710,13830 | 10.95    |
| 5   | 80         | 10000000 | 312500    | 117648   | 16384   | 2048  | 32   | worker   | 12        | 16  | increase  | asc         | asc        | 256        | 12.85             | 14.25         | 6   | 6043,6163,6283,6045,6165,6285       | 10.89    |
| 6   | 80         | 10000000 | 312500    | 117648   | 16384   | 2048  | 32   | io_uring | 12        | 16  | increase  | desc        | asc        | 32768      | 406.72            | 450.9         | 6   | 8238,8358,8478,8240,8360,8480       | 10.86    |
| 6   | 80         | 10000000 | 312500    | 117648   | 16384   | 2048  | 32   | io_uring | 12        | 16  | increase  | desc        | asc        | 95268      | 1076.49           | 1192.91       | 6   | 8248,8368,8488,8250,8370,8490       | 10.81    |
| 6   | 80         | 10000000 | 312500    | 117648   | 16384   | 2048  | 32   | io_uring | 12        | 16  | increase  | desc        | desc       | 2          | 1.11              | 1.23          | 6   | 8528,8648,8768,8530,8650,8770       | 10.81    |
| 9   | 40         | 10000000 | 312500    | 238096   | 1024    | 0     | 32   | worker   | 12        | 16  | increase  | asc         | desc       | 256        | 3.9               | 4.32          | 6   | 12163,12283,12403,12165,12285,12405 | 10.77    |
| 7   | 80         | 10000000 | 312500    | 117648   | 16384   | 2048  | 32   | worker   | 12        | 16  | decrease  | asc         | desc       | 2048       | 56.48             | 62.55         | 6   | 9298,9418,9538,9300,9420,9540       | 10.75    |
| 4   | 100        | 10000000 | 625000    | 93458    | 16384   | 8     | 16   | io_uring | 12        | 16  | decrease  | desc        | desc       | 64         | 1.4               | 1.55          | 6   | 5658,5783,5908,5660,5785,5910       | 10.71    |
| 6   | 80         | 10000000 | 312500    | 117648   | 16384   | 2048  | 32   | io_uring | 12        | 16  | increase  | desc        | asc        | 157768     | 1744.21           | 1929.88       | 6   | 8258,8378,8498,8260,8380,8500       | 10.64    |
| 5   | 80         | 10000000 | 312500    | 117648   | 16384   | 2048  | 32   | io_uring | 12        | 16  | increase  | asc         | desc       | 2048       | 73.51             | 81.31         | 6   | 7138,7258,7378,7140,7260,7380       | 10.61    |
| 1   | 100        | 10000000 | 625000    | 93458    | 16384   | 8     | 16   | io_uring | 12        | 16  | increase  | asc         | asc        | 64         | 2.19              | 2.42          | 6   | 783,908,1033,785,910,1035           | 10.5     |
| 19  | 40         | 10000000 | 312500    | 238096   | 4096    | 128   | 32   | io_uring | 12        | 16  | decrease  | asc         | asc        | 4          | 0.86              | 0.95          | 6   | 27613,27733,27853,27615,27735,27855 | 10.47    |
| 5   | 80         | 10000000 | 312500    | 117648   | 16384   | 2048  | 32   | io_uring | 12        | 16  | increase  | asc         | desc       | 512        | 47.48             | 52.44         | 6   | 7128,7248,7368,7130,7250,7370       | 10.45    |
| 3   | 100        | 10000000 | 625000    | 93458    | 16384   | 8     | 16   | worker   | 12        | 16  | decrease  | asc         | desc       | 256        | 2.97              | 3.28          | 6   | 3418,3543,3668,3420,3545,3670       | 10.44    |
| 8   | 80         | 10000000 | 312500    | 117648   | 16384   | 2048  | 32   | worker   | 12        | 16  | decrease  | desc        | desc       | 8          | 2.78              | 3.07          | 6   | 10698,10818,10938,10700,10820,10940 | 10.43    |
| 5   | 80         | 10000000 | 312500    | 117648   | 16384   | 2048  | 32   | io_uring | 12        | 16  | increase  | asc         | asc        | 128        | 10.01             | 11.05         | 6   | 6758,6878,6998,6760,6880,7000       | 10.39    |
| 7   | 80         | 10000000 | 312500    | 117648   | 16384   | 2048  | 32   | worker   | 12        | 16  | decrease  | asc         | asc        | 1          | 0.58              | 0.64          | 6   | 8883,9003,9123,8885,9005,9125       | 10.34    |
| 14  | 20         | 10000000 | 2500000   | 476191   | 0       | 8     | 4    | worker   | 12        | 16  | increase  | desc        | desc       | 2          | 0.29              | 0.32          | 6   | 19553,19688,19823,19555,19690,19825 | 10.34    |
| 21  | 80         | 10000000 | 10000000  | 117648   | 1048576 | 128   | 1    | io_uring | 12        | 16  | increase  | asc         | desc       | 2          | 0.29              | 0.32          | 4   | 31073,31218,31075,31220             | 10.34    |
| 19  | 40         | 10000000 | 312500    | 238096   | 4096    | 128   | 32   | worker   | 12        | 16  | decrease  | asc         | desc       | 2          | 0.59              | 0.65          | 6   | 27248,27368,27488,27250,27370,27490 | 10.17    |
| 11  | 40         | 10000000 | 312500    | 238096   | 1024    | 0     | 32   | worker   | 12        | 16  | decrease  | asc         | desc       | 256        | 4.04              | 4.45          | 6   | 15043,15163,15283,15045,15165,15285 | 10.15    |
| 7   | 80         | 10000000 | 312500    | 117648   | 16384   | 2048  | 32   | io_uring | 12        | 16  | decrease  | asc         | desc       | 64018      | 750.42            | 826.44        | 6   | 10043,10163,10283,10045,10165,10285 | 10.13    |
| 13  | 20         | 10000000 | 2500000   | 476191   | 0       | 8     | 4    | io_uring | 12        | 16  | increase  | asc         | asc        | 256        | 0.89              | 0.98          | 6   | 18373,18508,18643,18375,18510,18645 | 10.11    |
| 6   | 80         | 10000000 | 312500    | 117648   | 16384   | 2048  | 32   | worker   | 12        | 16  | increase  | desc        | asc        | 8192       | 121.14            | 133.38        | 6   | 7508,7628,7748,7510,7630,7750       | 10.1     |
| 16  | 20         | 10000000 | 2500000   | 476191   | 0       | 8     | 4    | worker   | 12        | 16  | decrease  | desc        | desc       | 64         | 0.6               | 0.66          | 6   | 22818,22953,23088,22820,22955,23090 | 10.0     |
| 21  | 80         | 10000000 | 10000000  | 117648   | 1048576 | 128   | 1    | io_uring | 12        | 16  | increase  | asc         | asc        | 2          | 0.3               | 0.33          | 6   | 30638,30783,30928,30640,30785,30930 | 10.0     |
| 6   | 80         | 10000000 | 312500    | 117648   | 16384   | 2048  | 32   | io_uring | 12        | 16  | increase  | desc        | asc        | 126518     | 1412.4            | 1552.99       | 6   | 8253,8373,8493,8255,8375,8495       | 9.95     |
| 15  | 20         | 10000000 | 2500000   | 476191   | 0       | 8     | 4    | io_uring | 12        | 16  | decrease  | asc         | desc       | 2          | 0.41              | 0.45          | 6   | 21983,22118,22253,21985,22120,22255 | 9.76     |
| 19  | 40         | 10000000 | 312500    | 238096   | 4096    | 128   | 32   | worker   | 12        | 16  | decrease  | asc         | desc       | 1          | 0.41              | 0.45          | 6   | 27243,27363,27483,27245,27365,27485 | 9.76     |
| 14  | 20         | 10000000 | 2500000   | 476191   | 0       | 8     | 4    | worker   | 12        | 16  | increase  | desc        | asc        | 4          | 0.31              | 0.34          | 6   | 19153,19288,19423,19155,19290,19425 | 9.68     |
| 4   | 100        | 10000000 | 625000    | 93458    | 16384   | 8     | 16   | worker   | 12        | 16  | decrease  | desc        | asc        | 1024       | 7.15              | 7.84          | 6   | 4553,4678,4803,4555,4680,4805       | 9.65     |
| 21  | 80         | 10000000 | 10000000  | 117648   | 1048576 | 128   | 1    | worker   | 12        | 16  | increase  | asc         | asc        | 64         | 2.7               | 2.96          | 6   | 29793,29938,30083,29795,29940,30085 | 9.63     |
| 5   | 80         | 10000000 | 312500    | 117648   | 16384   | 2048  | 32   | io_uring | 12        | 16  | increase  | asc         | asc        | 16384      | 128.65            | 140.97        | 6   | 6793,6913,7033,6795,6915,7035       | 9.58     |
| 6   | 80         | 10000000 | 312500    | 117648   | 16384   | 2048  | 32   | io_uring | 12        | 16  | increase  | desc        | asc        | 282768     | 3106.34           | 3401.66       | 6   | 8278,8398,8518,8280,8400,8520       | 9.51     |
| 13  | 20         | 10000000 | 2500000   | 476191   | 0       | 8     | 4    | io_uring | 12        | 16  | increase  | asc         | asc        | 512        | 1.38              | 1.51          | 6   | 18378,18513,18648,18380,18515,18650 | 9.42     |
| 10  | 40         | 10000000 | 312500    | 238096   | 1024    | 0     | 32   | worker   | 12        | 16  | increase  | desc        | desc       | 1          | 0.32              | 0.35          | 6   | 13563,13683,13803,13565,13685,13805 | 9.37     |
| 13  | 20         | 10000000 | 2500000   | 476191   | 0       | 8     | 4    | io_uring | 12        | 16  | increase  | asc         | desc       | 32         | 0.64              | 0.7           | 6   | 18763,18898,19033,18765,18900,19035 | 9.37     |
| 20  | 40         | 10000000 | 312500    | 238096   | 4096    | 128   | 32   | worker   | 12        | 16  | decrease  | desc        | desc       | 128        | 3.01              | 3.29          | 6   | 28718,28838,28958,28720,28840,28960 | 9.3      |
| 15  | 20         | 10000000 | 2500000   | 476191   | 0       | 8     | 4    | io_uring | 12        | 16  | decrease  | asc         | desc       | 16         | 0.43              | 0.47          | 6   | 21998,22133,22268,22000,22135,22270 | 9.3      |
| 20  | 40         | 10000000 | 312500    | 238096   | 4096    | 128   | 32   | io_uring | 12        | 16  | decrease  | desc        | desc       | 8          | 1.72              | 1.88          | 6   | 29418,29538,29658,29420,29540,29660 | 9.3      |
| 7   | 80         | 10000000 | 312500    | 117648   | 16384   | 2048  | 32   | worker   | 12        | 16  | decrease  | asc         | asc        | 2048       | 29.9              | 32.68         | 6   | 8938,9058,9178,8940,9060,9180       | 9.3      |
| 1   | 100        | 10000000 | 625000    | 93458    | 16384   | 8     | 16   | worker   | 12        | 16  | increase  | asc         | desc       | 1024       | 8.42              | 9.2           | 6   | 428,553,678,430,555,680             | 9.26     |
| 2   | 100        | 10000000 | 625000    | 93458    | 16384   | 8     | 16   | worker   | 12        | 16  | increase  | desc        | asc        | 256        | 3.05              | 3.33          | 6   | 1543,1668,1793,1545,1670,1795       | 9.18     |
| 6   | 80         | 10000000 | 312500    | 117648   | 16384   | 2048  | 32   | io_uring | 12        | 16  | increase  | desc        | asc        | 256        | 40.03             | 43.69         | 6   | 8203,8323,8443,8205,8325,8445       | 9.14     |
| 10  | 40         | 10000000 | 312500    | 238096   | 1024    | 0     | 32   | io_uring | 12        | 16  | increase  | desc        | desc       | 4          | 0.66              | 0.72          | 6   | 14293,14413,14533,14295,14415,14535 | 9.09     |
| 11  | 40         | 10000000 | 312500    | 238096   | 1024    | 0     | 32   | io_uring | 12        | 16  | decrease  | asc         | asc        | 32         | 1.32              | 1.44          | 6   | 15388,15508,15628,15390,15510,15630 | 9.09     |
| 16  | 20         | 10000000 | 2500000   | 476191   | 0       | 8     | 4    | worker   | 12        | 16  | decrease  | desc        | desc       | 16         | 0.33              | 0.36          | 6   | 22808,22943,23078,22810,22945,23080 | 9.09     |
| 9   | 40         | 10000000 | 312500    | 238096   | 1024    | 0     | 32   | worker   | 12        | 16  | increase  | asc         | asc        | 16384      | 56.01             | 61.08         | 6   | 11833,11953,12073,11835,11955,12075 | 9.05     |
| 5   | 80         | 10000000 | 312500    | 117648   | 16384   | 2048  | 32   | io_uring | 12        | 16  | increase  | asc         | asc        | 4096       | 45.96             | 50.1          | 6   | 6783,6903,7023,6785,6905,7025       | 9.01     |
| 12  | 40         | 10000000 | 312500    | 238096   | 1024    | 0     | 32   | io_uring | 12        | 16  | decrease  | desc        | desc       | 32         | 1.56              | 1.7           | 6   | 17188,17308,17428,17190,17310,17430 | 8.97     |
| 9   | 40         | 10000000 | 312500    | 238096   | 1024    | 0     | 32   | worker   | 12        | 16  | increase  | asc         | asc        | 8192       | 31.45             | 34.26         | 6   | 11828,11948,12068,11830,11950,12070 | 8.93     |
| 3   | 100        | 10000000 | 625000    | 93458    | 16384   | 8     | 16   | io_uring | 12        | 16  | decrease  | asc         | asc        | 16         | 1.12              | 1.22          | 6   | 3773,3898,4023,3775,3900,4025       | 8.93     |
| 21  | 80         | 10000000 | 10000000  | 117648   | 1048576 | 128   | 1    | worker   | 12        | 16  | increase  | asc         | desc       | 128        | 4.38              | 4.77          | 6   | 30233,30378,30523,30235,30380,30525 | 8.9      |
| 1   | 100        | 10000000 | 625000    | 93458    | 16384   | 8     | 16   | worker   | 12        | 16  | increase  | asc         | desc       | 4          | 0.45              | 0.49          | 6   | 388,513,638,390,515,640             | 8.89     |
| 15  | 20         | 10000000 | 2500000   | 476191   | 0       | 8     | 4    | io_uring | 12        | 16  | decrease  | asc         | asc        | 4          | 0.34              | 0.37          | 6   | 21583,21718,21853,21585,21720,21855 | 8.82     |
| 21  | 80         | 10000000 | 10000000  | 117648   | 1048576 | 128   | 1    | worker   | 12        | 16  | increase  | asc         | asc        | 4          | 0.34              | 0.37          | 6   | 29773,29918,30063,29775,29920,30065 | 8.82     |
| 7   | 80         | 10000000 | 312500    | 117648   | 16384   | 2048  | 32   | worker   | 12        | 16  | decrease  | asc         | desc       | 16384      | 214.13            | 233.02        | 6   | 9313,9433,9553,9315,9435,9555       | 8.82     |
| 3   | 100        | 10000000 | 625000    | 93458    | 16384   | 8     | 16   | io_uring | 12        | 16  | decrease  | asc         | desc       | 128        | 2.28              | 2.48          | 6   | 4163,4288,4413,4165,4290,4415       | 8.77     |
| 6   | 80         | 10000000 | 312500    | 117648   | 16384   | 2048  | 32   | worker   | 12        | 16  | increase  | desc        | asc        | 2          | 1.71              | 1.86          | 6   | 7448,7568,7688,7450,7570,7690       | 8.77     |
| 18  | 40         | 10000000 | 312500    | 238096   | 4096    | 128   | 32   | io_uring | 12        | 16  | increase  | desc        | asc        | 256        | 11.21             | 12.19         | 6   | 26203,26323,26443,26205,26325,26445 | 8.74     |
| 12  | 40         | 10000000 | 312500    | 238096   | 1024    | 0     | 32   | io_uring | 12        | 16  | decrease  | desc        | asc        | 8          | 0.92              | 1.0           | 6   | 16818,16938,17058,16820,16940,17060 | 8.7      |
| 17  | 40         | 10000000 | 312500    | 238096   | 4096    | 128   | 32   | io_uring | 12        | 16  | increase  | asc         | asc        | 1          | 0.46              | 0.5           | 6   | 24723,24843,24963,24725,24845,24965 | 8.7      |
| 21  | 80         | 10000000 | 10000000  | 117648   | 1048576 | 128   | 1    | io_uring | 12        | 16  | increase  | asc         | asc        | 1          | 0.23              | 0.25          | 6   | 30633,30778,30923,30635,30780,30925 | 8.7      |
| 8   | 80         | 10000000 | 312500    | 117648   | 16384   | 2048  | 32   | io_uring | 12        | 16  | decrease  | desc        | desc       | 64         | 5.87              | 6.38          | 6   | 11433,11553,11673,11435,11555,11675 | 8.69     |
| 16  | 20         | 10000000 | 2500000   | 476191   | 0       | 8     | 4    | worker   | 12        | 16  | decrease  | desc        | desc       | 4096       | 4.49              | 4.88          | 6   | 22848,22983,23118,22850,22985,23120 | 8.69     |
| 3   | 100        | 10000000 | 625000    | 93458    | 16384   | 8     | 16   | worker   | 12        | 16  | decrease  | asc         | desc       | 2          | 0.35              | 0.38          | 6   | 3383,3508,3633,3385,3510,3635       | 8.57     |
| 5   | 80         | 10000000 | 312500    | 117648   | 16384   | 2048  | 32   | io_uring | 12        | 16  | increase  | asc         | desc       | 2          | 1.75              | 1.9           | 6   | 7088,7208,7328,7090,7210,7330       | 8.57     |
| 2   | 100        | 10000000 | 625000    | 93458    | 16384   | 8     | 16   | io_uring | 12        | 16  | increase  | desc        | asc        | 32         | 1.29              | 1.4           | 6   | 2278,2403,2528,2280,2405,2530       | 8.53     |
| 11  | 40         | 10000000 | 312500    | 238096   | 1024    | 0     | 32   | worker   | 12        | 16  | decrease  | asc         | desc       | 1024       | 10.64             | 11.52         | 6   | 15053,15173,15293,15055,15175,15295 | 8.27     |
| 6   | 80         | 10000000 | 312500    | 117648   | 16384   | 2048  | 32   | io_uring | 12        | 16  | increase  | desc        | desc       | 64         | 6.9               | 7.47          | 6   | 8553,8673,8793,8555,8675,8795       | 8.26     |
| 20  | 40         | 10000000 | 312500    | 238096   | 4096    | 128   | 32   | worker   | 12        | 16  | decrease  | desc        | asc        | 4          | 0.98              | 1.06          | 6   | 28333,28453,28573,28335,28455,28575 | 8.16     |
| 3   | 100        | 10000000 | 625000    | 93458    | 16384   | 8     | 16   | io_uring | 12        | 16  | decrease  | asc         | desc       | 8          | 0.74              | 0.8           | 6   | 4143,4268,4393,4145,4270,4395       | 8.11     |
| 6   | 80         | 10000000 | 312500    | 117648   | 16384   | 2048  | 32   | worker   | 12        | 16  | increase  | desc        | asc        | 16384      | 210.43            | 227.29        | 6   | 7513,7633,7753,7515,7635,7755       | 8.01     |
| 20  | 40         | 10000000 | 312500    | 238096   | 4096    | 128   | 32   | worker   | 12        | 16  | decrease  | desc        | desc       | 512        | 6.74              | 7.28          | 6   | 28728,28848,28968,28730,28850,28970 | 8.01     |
| 13  | 20         | 10000000 | 2500000   | 476191   | 0       | 8     | 4    | io_uring | 12        | 16  | increase  | asc         | asc        | 32         | 0.5               | 0.54          | 6   | 18358,18493,18628,18360,18495,18630 | 8.0      |
| 2   | 100        | 10000000 | 625000    | 93458    | 16384   | 8     | 16   | io_uring | 12        | 16  | increase  | desc        | desc       | 4          | 0.51              | 0.55          | 6   | 2638,2763,2888,2640,2765,2890       | 7.84     |
| 16  | 20         | 10000000 | 2500000   | 476191   | 0       | 8     | 4    | io_uring | 12        | 16  | decrease  | desc        | desc       | 32         | 0.51              | 0.55          | 6   | 23623,23758,23893,23625,23760,23895 | 7.84     |
| 12  | 40         | 10000000 | 312500    | 238096   | 1024    | 0     | 32   | worker   | 12        | 16  | decrease  | desc        | desc       | 256        | 3.2               | 3.45          | 6   | 16483,16603,16723,16485,16605,16725 | 7.81     |
| 18  | 40         | 10000000 | 312500    | 238096   | 4096    | 128   | 32   | worker   | 12        | 16  | increase  | desc        | desc       | 4          | 0.78              | 0.84          | 6   | 25813,25933,26053,25815,25935,26055 | 7.69     |
| 21  | 80         | 10000000 | 10000000  | 117648   | 1048576 | 128   | 1    | worker   | 12        | 16  | increase  | asc         | desc       | 32768      | 46.53             | 50.06         | 6   | 30273,30418,30563,30275,30420,30565 | 7.59     |
| 8   | 80         | 10000000 | 312500    | 117648   | 16384   | 2048  | 32   | io_uring | 12        | 16  | decrease  | desc        | desc       | 4096       | 45.36             | 48.8          | 6   | 11463,11583,11703,11465,11585,11705 | 7.58     |
| 14  | 20         | 10000000 | 2500000   | 476191   | 0       | 8     | 4    | io_uring | 12        | 16  | increase  | desc        | asc        | 4096       | 7.13              | 7.67          | 6   | 20013,20148,20283,20015,20150,20285 | 7.57     |
| 14  | 20         | 10000000 | 2500000   | 476191   | 0       | 8     | 4    | io_uring | 12        | 16  | increase  | desc        | asc        | 512144     | 657.67            | 707.38        | 6   | 20048,20183,20318,20050,20185,20320 | 7.56     |
| 7   | 80         | 10000000 | 312500    | 117648   | 16384   | 2048  | 32   | io_uring | 12        | 16  | decrease  | asc         | desc       | 1          | 1.06              | 1.14          | 6   | 9963,10083,10203,9965,10085,10205   | 7.55     |
| 4   | 100        | 10000000 | 625000    | 93458    | 16384   | 8     | 16   | worker   | 12        | 16  | decrease  | desc        | desc       | 4096       | 12.1              | 13.01         | 6   | 4938,5063,5188,4940,5065,5190       | 7.52     |
| 5   | 80         | 10000000 | 312500    | 117648   | 16384   | 2048  | 32   | worker   | 12        | 16  | increase  | asc         | asc        | 4096       | 43.95             | 47.24         | 6   | 6063,6183,6303,6065,6185,6305       | 7.49     |
| 9   | 40         | 10000000 | 312500    | 238096   | 1024    | 0     | 32   | io_uring | 12        | 16  | increase  | asc         | desc       | 4          | 0.67              | 0.72          | 6   | 12853,12973,13093,12855,12975,13095 | 7.46     |
| 21  | 80         | 10000000 | 10000000  | 117648   | 1048576 | 128   | 1    | io_uring | 12        | 16  | increase  | asc         | desc       | 8          | 0.67              | 0.72          | 4   | 31083,31228,31085,31230             | 7.46     |
| 14  | 20         | 10000000 | 2500000   | 476191   | 0       | 8     | 4    | io_uring | 12        | 16  | increase  | desc        | asc        | 65536      | 86.35             | 92.79         | 6   | 20033,20168,20303,20035,20170,20305 | 7.46     |
| 15  | 20         | 10000000 | 2500000   | 476191   | 0       | 8     | 4    | io_uring | 12        | 16  | decrease  | asc         | desc       | 65536      | 89.65             | 96.32         | 6   | 22058,22193,22328,22060,22195,22330 | 7.44     |
| 6   | 80         | 10000000 | 312500    | 117648   | 16384   | 2048  | 32   | worker   | 12        | 16  | increase  | desc        | asc        | 64         | 13.34             | 14.33         | 6   | 7473,7593,7713,7475,7595,7715       | 7.42     |
| 13  | 20         | 10000000 | 2500000   | 476191   | 0       | 8     | 4    | worker   | 12        | 16  | increase  | asc         | desc       | 64         | 0.81              | 0.87          | 6   | 17958,18093,18228,17960,18095,18230 | 7.41     |
| 16  | 20         | 10000000 | 2500000   | 476191   | 0       | 8     | 4    | worker   | 12        | 16  | decrease  | desc        | asc        | 4          | 0.27              | 0.29          | 6   | 22393,22528,22663,22395,22530,22665 | 7.41     |
| 21  | 80         | 10000000 | 10000000  | 117648   | 1048576 | 128   | 1    | worker   | 12        | 16  | increase  | asc         | desc       | 2          | 0.27              | 0.29          | 6   | 30203,30348,30493,30205,30350,30495 | 7.41     |
| 9   | 40         | 10000000 | 312500    | 238096   | 1024    | 0     | 32   | worker   | 12        | 16  | increase  | asc         | desc       | 512        | 6.9               | 7.41          | 6   | 12168,12288,12408,12170,12290,12410 | 7.39     |
| 19  | 40         | 10000000 | 312500    | 238096   | 4096    | 128   | 32   | io_uring | 12        | 16  | decrease  | asc         | asc        | 512        | 7.04              | 7.56          | 6   | 27648,27768,27888,27650,27770,27890 | 7.39     |
| 8   | 80         | 10000000 | 312500    | 117648   | 16384   | 2048  | 32   | worker   | 12        | 16  | decrease  | desc        | asc        | 32         | 9.09              | 9.76          | 6   | 10348,10468,10588,10350,10470,10590 | 7.37     |
| 11  | 40         | 10000000 | 312500    | 238096   | 1024    | 0     | 32   | worker   | 12        | 16  | decrease  | asc         | desc       | 2          | 0.41              | 0.44          | 6   | 15008,15128,15248,15010,15130,15250 | 7.32     |
| 14  | 20         | 10000000 | 2500000   | 476191   | 0       | 8     | 4    | io_uring | 12        | 16  | increase  | desc        | asc        | 2012144    | 2598.05           | 2787.35       | 6   | 20078,20213,20348,20080,20215,20350 | 7.29     |
| 14  | 20         | 10000000 | 2500000   | 476191   | 0       | 8     | 4    | io_uring | 12        | 16  | increase  | desc        | asc        | 1012144    | 1294.36           | 1388.35       | 6   | 20058,20193,20328,20060,20195,20330 | 7.26     |
| 19  | 40         | 10000000 | 312500    | 238096   | 4096    | 128   | 32   | worker   | 12        | 16  | decrease  | asc         | desc       | 16384      | 147.29            | 157.96        | 6   | 27313,27433,27553,27315,27435,27555 | 7.24     |
| 21  | 80         | 10000000 | 10000000  | 117648   | 1048576 | 128   | 1    | worker   | 12        | 16  | increase  | asc         | asc        | 256        | 8.02              | 8.6           | 6   | 29803,29948,30093,29805,29950,30095 | 7.23     |
| 14  | 20         | 10000000 | 2500000   | 476191   | 0       | 8     | 4    | io_uring | 12        | 16  | increase  | desc        | asc        | 2262144    | 2918.95           | 3127.58       | 6   | 20083,20218,20353,20085,20220,20355 | 7.15     |
| 20  | 40         | 10000000 | 312500    | 238096   | 4096    | 128   | 32   | worker   | 12        | 16  | decrease  | desc        | asc        | 1          | 0.42              | 0.45          | 6   | 28323,28443,28563,28325,28445,28565 | 7.14     |
| 15  | 20         | 10000000 | 2500000   | 476191   | 0       | 8     | 4    | worker   | 12        | 16  | decrease  | asc         | desc       | 64         | 0.56              | 0.6           | 6   | 21198,21333,21468,21200,21335,21470 | 7.14     |
| 18  | 40         | 10000000 | 312500    | 238096   | 4096    | 128   | 32   | worker   | 12        | 16  | increase  | desc        | desc       | 2          | 0.56              | 0.6           | 6   | 25808,25928,26048,25810,25930,26050 | 7.14     |
| 14  | 20         | 10000000 | 2500000   | 476191   | 0       | 8     | 4    | io_uring | 12        | 16  | increase  | desc        | asc        | 1762144    | 2275.79           | 2437.9        | 6   | 20073,20208,20343,20075,20210,20345 | 7.12     |
| 5   | 80         | 10000000 | 312500    | 117648   | 16384   | 2048  | 32   | worker   | 12        | 16  | increase  | asc         | asc        | 2          | 0.99              | 1.06          | 6   | 6008,6128,6248,6010,6130,6250       | 7.07     |
| 8   | 80         | 10000000 | 312500    | 117648   | 16384   | 2048  | 32   | worker   | 12        | 16  | decrease  | desc        | asc        | 256        | 29.97             | 32.06         | 6   | 10363,10483,10603,10365,10485,10605 | 6.97     |
| 15  | 20         | 10000000 | 2500000   | 476191   | 0       | 8     | 4    | io_uring | 12        | 16  | decrease  | asc         | desc       | 762144     | 1008.71           | 1078.93       | 6   | 22078,22213,22348,22080,22215,22350 | 6.96     |
| 14  | 20         | 10000000 | 2500000   | 476191   | 0       | 8     | 4    | io_uring | 12        | 16  | increase  | desc        | asc        | 1262144    | 1624.26           | 1737.21       | 6   | 20063,20198,20333,20065,20200,20335 | 6.95     |
| 19  | 40         | 10000000 | 312500    | 238096   | 4096    | 128   | 32   | worker   | 12        | 16  | decrease  | asc         | asc        | 8          | 1.3               | 1.39          | 6   | 26898,27018,27138,26900,27020,27140 | 6.92     |
| 6   | 80         | 10000000 | 312500    | 117648   | 16384   | 2048  | 32   | io_uring | 12        | 16  | increase  | desc        | asc        | 32         | 9.56              | 10.22         | 6   | 8188,8308,8428,8190,8310,8430       | 6.9      |
| 15  | 20         | 10000000 | 2500000   | 476191   | 0       | 8     | 4    | io_uring | 12        | 16  | decrease  | asc         | asc        | 1          | 0.29              | 0.31          | 6   | 21573,21708,21843,21575,21710,21845 | 6.9      |
| 2   | 100        | 10000000 | 625000    | 93458    | 16384   | 8     | 16   | io_uring | 12        | 16  | increase  | desc        | asc        | 16         | 1.02              | 1.09          | 6   | 2273,2398,2523,2275,2400,2525       | 6.86     |
| 12  | 40         | 10000000 | 312500    | 238096   | 1024    | 0     | 32   | worker   | 12        | 16  | decrease  | desc        | desc       | 8          | 1.02              | 1.09          | 6   | 16458,16578,16698,16460,16580,16700 | 6.86     |
| 15  | 20         | 10000000 | 2500000   | 476191   | 0       | 8     | 4    | io_uring | 12        | 16  | decrease  | asc         | desc       | 1012144    | 1337.34           | 1428.56       | 6   | 22083,22218,22353,22085,22220,22355 | 6.82     |
| 14  | 20         | 10000000 | 2500000   | 476191   | 0       | 8     | 4    | io_uring | 12        | 16  | increase  | desc        | asc        | 1512144    | 1947.74           | 2080.44       | 6   | 20068,20203,20338,20070,20205,20340 | 6.81     |
| 14  | 20         | 10000000 | 2500000   | 476191   | 0       | 8     | 4    | io_uring | 12        | 16  | increase  | desc        | asc        | 262144     | 335.61            | 358.42        | 6   | 20043,20178,20313,20045,20180,20315 | 6.8      |
| 8   | 80         | 10000000 | 312500    | 117648   | 16384   | 2048  | 32   | worker   | 12        | 16  | decrease  | desc        | desc       | 4096       | 44.28             | 47.28         | 6   | 10743,10863,10983,10745,10865,10985 | 6.78     |
| 18  | 40         | 10000000 | 312500    | 238096   | 4096    | 128   | 32   | worker   | 12        | 16  | increase  | desc        | desc       | 4096       | 21.72             | 23.19         | 6   | 25863,25983,26103,25865,25985,26105 | 6.77     |
| 4   | 100        | 10000000 | 625000    | 93458    | 16384   | 8     | 16   | io_uring | 12        | 16  | decrease  | desc        | asc        | 512        | 5.48              | 5.85          | 6   | 5298,5423,5548,5300,5425,5550       | 6.75     |
| 21  | 80         | 10000000 | 10000000  | 117648   | 1048576 | 128   | 1    | worker   | 12        | 16  | increase  | asc         | asc        | 16         | 0.89              | 0.95          | 6   | 29783,29928,30073,29785,29930,30075 | 6.74     |
| 7   | 80         | 10000000 | 312500    | 117648   | 16384   | 2048  | 32   | io_uring | 12        | 16  | decrease  | asc         | desc       | 16384      | 233.68            | 249.38        | 6   | 10033,10153,10273,10035,10155,10275 | 6.72     |
| 5   | 80         | 10000000 | 312500    | 117648   | 16384   | 2048  | 32   | worker   | 12        | 16  | increase  | asc         | desc       | 1024       | 47.42             | 50.59         | 6   | 6413,6533,6653,6415,6535,6655       | 6.68     |
| 5   | 80         | 10000000 | 312500    | 117648   | 16384   | 2048  | 32   | worker   | 12        | 16  | increase  | asc         | asc        | 512        | 16.03             | 17.1          | 6   | 6048,6168,6288,6050,6170,6290       | 6.67     |
| 13  | 20         | 10000000 | 2500000   | 476191   | 0       | 8     | 4    | io_uring | 12        | 16  | increase  | asc         | asc        | 2          | 0.3               | 0.32          | 6   | 18338,18473,18608,18340,18475,18610 | 6.67     |
| 13  | 20         | 10000000 | 2500000   | 476191   | 0       | 8     | 4    | worker   | 12        | 16  | increase  | asc         | asc        | 8          | 0.3               | 0.32          | 6   | 17538,17673,17808,17540,17675,17810 | 6.67     |
| 14  | 20         | 10000000 | 2500000   | 476191   | 0       | 8     | 4    | io_uring | 12        | 16  | increase  | desc        | desc       | 1          | 0.3               | 0.32          | 6   | 20358,20493,20628,20360,20495,20630 | 6.67     |
| 3   | 100        | 10000000 | 625000    | 93458    | 16384   | 8     | 16   | worker   | 12        | 16  | decrease  | asc         | desc       | 16         | 1.05              | 1.12          | 6   | 3398,3523,3648,3400,3525,3650       | 6.67     |
| 15  | 20         | 10000000 | 2500000   | 476191   | 0       | 8     | 4    | io_uring | 12        | 16  | decrease  | asc         | desc       | 2262144    | 2975.74           | 3173.91       | 6   | 22108,22243,22378,22110,22245,22380 | 6.66     |
| 15  | 20         | 10000000 | 2500000   | 476191   | 0       | 8     | 4    | io_uring | 12        | 16  | decrease  | asc         | desc       | 1262144    | 1669.12           | 1779.99       | 6   | 22088,22223,22358,22090,22225,22360 | 6.64     |
| 7   | 80         | 10000000 | 312500    | 117648   | 16384   | 2048  | 32   | io_uring | 12        | 16  | decrease  | asc         | desc       | 2          | 1.81              | 1.93          | 6   | 9968,10088,10208,9970,10090,10210   | 6.63     |
| 6   | 80         | 10000000 | 312500    | 117648   | 16384   | 2048  | 32   | io_uring | 12        | 16  | increase  | desc        | asc        | 8192       | 141.24            | 150.58        | 6   | 8228,8348,8468,8230,8350,8470       | 6.61     |
| 1   | 100        | 10000000 | 625000    | 93458    | 16384   | 8     | 16   | io_uring | 12        | 16  | increase  | asc         | asc        | 1024       | 7.26              | 7.74          | 6   | 803,928,1053,805,930,1055           | 6.61     |
| 4   | 100        | 10000000 | 625000    | 93458    | 16384   | 8     | 16   | io_uring | 12        | 16  | decrease  | desc        | desc       | 8192       | 20.57             | 21.93         | 6   | 5693,5818,5943,5695,5820,5945       | 6.61     |
| 7   | 80         | 10000000 | 312500    | 117648   | 16384   | 2048  | 32   | worker   | 12        | 16  | decrease  | asc         | desc       | 1          | 1.06              | 1.13          | 6   | 9243,9363,9483,9245,9365,9485       | 6.6      |
| 14  | 20         | 10000000 | 2500000   | 476191   | 0       | 8     | 4    | io_uring | 12        | 16  | increase  | desc        | asc        | 762144     | 973.7             | 1037.77       | 6   | 20053,20188,20323,20055,20190,20325 | 6.58     |
| 14  | 20         | 10000000 | 2500000   | 476191   | 0       | 8     | 4    | io_uring | 12        | 16  | increase  | desc        | asc        | 32768      | 44.42             | 47.33         | 6   | 20028,20163,20298,20030,20165,20300 | 6.55     |
| 15  | 20         | 10000000 | 2500000   | 476191   | 0       | 8     | 4    | io_uring | 12        | 16  | decrease  | asc         | desc       | 1762144    | 2318.04           | 2469.83       | 6   | 22098,22233,22368,22100,22235,22370 | 6.55     |
| 4   | 100        | 10000000 | 625000    | 93458    | 16384   | 8     | 16   | worker   | 12        | 16  | decrease  | desc        | desc       | 8          | 0.62              | 0.66          | 6   | 4893,5018,5143,4895,5020,5145       | 6.45     |
| 19  | 40         | 10000000 | 312500    | 238096   | 4096    | 128   | 32   | worker   | 12        | 16  | decrease  | asc         | desc       | 8192       | 81.48             | 86.73         | 6   | 27308,27428,27548,27310,27430,27550 | 6.44     |
| 20  | 40         | 10000000 | 312500    | 238096   | 4096    | 128   | 32   | io_uring | 12        | 16  | decrease  | desc        | asc        | 2048       | 43.91             | 46.73         | 6   | 29098,29218,29338,29100,29220,29340 | 6.42     |
| 10  | 40         | 10000000 | 312500    | 238096   | 1024    | 0     | 32   | worker   | 12        | 16  | increase  | desc        | desc       | 256        | 3.27              | 3.48          | 6   | 13603,13723,13843,13605,13725,13845 | 6.42     |
| 9   | 40         | 10000000 | 312500    | 238096   | 1024    | 0     | 32   | io_uring | 12        | 16  | increase  | asc         | asc        | 16384      | 58.63             | 62.34         | 6   | 12553,12673,12793,12555,12675,12795 | 6.33     |
| 15  | 20         | 10000000 | 2500000   | 476191   | 0       | 8     | 4    | io_uring | 12        | 16  | decrease  | asc         | desc       | 1512144    | 1999.61           | 2125.54       | 6   | 22093,22228,22363,22095,22230,22365 | 6.3      |
| 14  | 20         | 10000000 | 2500000   | 476191   | 0       | 8     | 4    | io_uring | 12        | 16  | increase  | desc        | asc        | 16384      | 23.68             | 25.17         | 6   | 20023,20158,20293,20025,20160,20295 | 6.29     |
| 20  | 40         | 10000000 | 312500    | 238096   | 4096    | 128   | 32   | worker   | 12        | 16  | decrease  | desc        | desc       | 4096       | 21.96             | 23.34         | 6   | 28743,28863,28983,28745,28865,28985 | 6.28     |
| 20  | 40         | 10000000 | 312500    | 238096   | 4096    | 128   | 32   | io_uring | 12        | 16  | decrease  | desc        | asc        | 256        | 13.42             | 14.26         | 6   | 29083,29203,29323,29085,29205,29325 | 6.26     |
| 3   | 100        | 10000000 | 625000    | 93458    | 16384   | 8     | 16   | io_uring | 12        | 16  | decrease  | asc         | asc        | 8          | 0.64              | 0.68          | 6   | 3768,3893,4018,3770,3895,4020       | 6.25     |
| 4   | 100        | 10000000 | 625000    | 93458    | 16384   | 8     | 16   | worker   | 12        | 16  | decrease  | desc        | desc       | 2          | 0.32              | 0.34          | 6   | 4883,5008,5133,4885,5010,5135       | 6.25     |
| 10  | 40         | 10000000 | 312500    | 238096   | 1024    | 0     | 32   | worker   | 12        | 16  | increase  | desc        | asc        | 1          | 0.32              | 0.34          | 6   | 13203,13323,13443,13205,13325,13445 | 6.25     |
| 16  | 20         | 10000000 | 2500000   | 476191   | 0       | 8     | 4    | worker   | 12        | 16  | decrease  | desc        | asc        | 8          | 0.32              | 0.34          | 6   | 22398,22533,22668,22400,22535,22670 | 6.25     |
| 15  | 20         | 10000000 | 2500000   | 476191   | 0       | 8     | 4    | io_uring | 12        | 16  | decrease  | asc         | desc       | 512144     | 682.46            | 724.97        | 6   | 22073,22208,22343,22075,22210,22345 | 6.23     |
| 7   | 80         | 10000000 | 312500    | 117648   | 16384   | 2048  | 32   | io_uring | 12        | 16  | decrease  | asc         | desc       | 32768      | 416.74            | 442.64        | 6   | 10038,10158,10278,10040,10160,10280 | 6.21     |
| 15  | 20         | 10000000 | 2500000   | 476191   | 0       | 8     | 4    | io_uring | 12        | 16  | decrease  | asc         | desc       | 2012144    | 2647.83           | 2812.17       | 6   | 22103,22238,22373,22105,22240,22375 | 6.21     |
| 17  | 40         | 10000000 | 312500    | 238096   | 4096    | 128   | 32   | worker   | 12        | 16  | increase  | asc         | desc       | 16         | 2.28              | 2.42          | 6   | 24383,24503,24623,24385,24505,24625 | 6.14     |
| 10  | 40         | 10000000 | 312500    | 238096   | 1024    | 0     | 32   | worker   | 12        | 16  | increase  | desc        | asc        | 256        | 3.59              | 3.81          | 6   | 13243,13363,13483,13245,13365,13485 | 6.13     |
| 14  | 20         | 10000000 | 2500000   | 476191   | 0       | 8     | 4    | io_uring | 12        | 16  | increase  | desc        | asc        | 131072     | 168.77            | 179.04        | 6   | 20038,20173,20308,20040,20175,20310 | 6.09     |
| 14  | 20         | 10000000 | 2500000   | 476191   | 0       | 8     | 4    | worker   | 12        | 16  | increase  | desc        | desc       | 64         | 0.99              | 1.05          | 6   | 19578,19713,19848,19580,19715,19850 | 6.06     |
| 12  | 40         | 10000000 | 312500    | 238096   | 1024    | 0     | 32   | worker   | 12        | 16  | decrease  | desc        | asc        | 1          | 0.33              | 0.35          | 6   | 16083,16203,16323,16085,16205,16325 | 6.06     |
| 15  | 20         | 10000000 | 2500000   | 476191   | 0       | 8     | 4    | io_uring | 12        | 16  | decrease  | asc         | desc       | 4096       | 7.45              | 7.9           | 6   | 22038,22173,22308,22040,22175,22310 | 6.04     |
| 11  | 40         | 10000000 | 312500    | 238096   | 1024    | 0     | 32   | worker   | 12        | 16  | decrease  | asc         | asc        | 4          | 0.67              | 0.71          | 6   | 14653,14773,14893,14655,14775,14895 | 5.97     |
| 6   | 80         | 10000000 | 312500    | 117648   | 16384   | 2048  | 32   | worker   | 12        | 16  | increase  | desc        | desc       | 512        | 15.62             | 16.55         | 6   | 7848,7968,8088,7850,7970,8090       | 5.95     |
| 4   | 100        | 10000000 | 625000    | 93458    | 16384   | 8     | 16   | io_uring | 12        | 16  | decrease  | desc        | asc        | 4096       | 23.54             | 24.93         | 6   | 5313,5438,5563,5315,5440,5565       | 5.9      |
| 13  | 20         | 10000000 | 2500000   | 476191   | 0       | 8     | 4    | worker   | 12        | 16  | increase  | asc         | asc        | 64         | 0.51              | 0.54          | 6   | 17553,17688,17823,17555,17690,17825 | 5.88     |
| 9   | 40         | 10000000 | 312500    | 238096   | 1024    | 0     | 32   | worker   | 12        | 16  | increase  | asc         | asc        | 1          | 0.34              | 0.36          | 6   | 11763,11883,12003,11765,11885,12005 | 5.88     |
| 13  | 20         | 10000000 | 2500000   | 476191   | 0       | 8     | 4    | worker   | 12        | 16  | increase  | asc         | asc        | 16         | 0.34              | 0.36          | 6   | 17543,17678,17813,17545,17680,17815 | 5.88     |
| 14  | 20         | 10000000 | 2500000   | 476191   | 0       | 8     | 4    | worker   | 12        | 16  | increase  | desc        | asc        | 8          | 0.34              | 0.36          | 6   | 19158,19293,19428,19160,19295,19430 | 5.88     |
| 6   | 80         | 10000000 | 312500    | 117648   | 16384   | 2048  | 32   | io_uring | 12        | 16  | increase  | desc        | asc        | 16384      | 231.57            | 245.08        | 6   | 8233,8353,8473,8235,8355,8475       | 5.83     |
| 15  | 20         | 10000000 | 2500000   | 476191   | 0       | 8     | 4    | io_uring | 12        | 16  | decrease  | asc         | desc       | 256        | 1.03              | 1.09          | 6   | 22018,22153,22288,22020,22155,22290 | 5.83     |
| 15  | 20         | 10000000 | 2500000   | 476191   | 0       | 8     | 4    | io_uring | 12        | 16  | decrease  | asc         | desc       | 128        | 0.86              | 0.91          | 6   | 22013,22148,22283,22015,22150,22285 | 5.81     |
| 13  | 20         | 10000000 | 2500000   | 476191   | 0       | 8     | 4    | worker   | 12        | 16  | increase  | asc         | asc        | 16384      | 12.76             | 13.5          | 6   | 17593,17728,17863,17595,17730,17865 | 5.8      |
| 2   | 100        | 10000000 | 625000    | 93458    | 16384   | 8     | 16   | worker   | 12        | 16  | increase  | desc        | desc       | 8          | 0.69              | 0.73          | 6   | 1893,2018,2143,1895,2020,2145       | 5.8      |
| 20  | 40         | 10000000 | 312500    | 238096   | 4096    | 128   | 32   | io_uring | 12        | 16  | decrease  | desc        | desc       | 2048       | 15.5              | 16.39         | 6   | 29458,29578,29698,29460,29580,29700 | 5.74     |
| 4   | 100        | 10000000 | 625000    | 93458    | 16384   | 8     | 16   | worker   | 12        | 16  | decrease  | desc        | asc        | 2048       | 12.04             | 12.73         | 6   | 4558,4683,4808,4560,4685,4810       | 5.73     |
| 4   | 100        | 10000000 | 625000    | 93458    | 16384   | 8     | 16   | io_uring | 12        | 16  | decrease  | desc        | asc        | 2          | 0.35              | 0.37          | 6   | 5258,5383,5508,5260,5385,5510       | 5.71     |
| 9   | 40         | 10000000 | 312500    | 238096   | 1024    | 0     | 32   | io_uring | 12        | 16  | increase  | asc         | desc       | 1          | 0.35              | 0.37          | 6   | 12843,12963,13083,12845,12965,13085 | 5.71     |
| 2   | 100        | 10000000 | 625000    | 93458    | 16384   | 8     | 16   | worker   | 12        | 16  | increase  | desc        | desc       | 128036     | 172.63            | 182.49        | 6   | 1963,2088,2213,1965,2090,2215       | 5.71     |
| 6   | 80         | 10000000 | 312500    | 117648   | 16384   | 2048  | 32   | worker   | 12        | 16  | increase  | desc        | asc        | 16         | 7.2               | 7.61          | 6   | 7463,7583,7703,7465,7585,7705       | 5.69     |
| 11  | 40         | 10000000 | 312500    | 238096   | 1024    | 0     | 32   | worker   | 12        | 16  | decrease  | asc         | desc       | 2048       | 17.9              | 18.91         | 6   | 15058,15178,15298,15060,15180,15300 | 5.64     |
| 16  | 20         | 10000000 | 2500000   | 476191   | 0       | 8     | 4    | io_uring | 12        | 16  | decrease  | desc        | desc       | 512        | 1.42              | 1.5           | 6   | 23643,23778,23913,23645,23780,23915 | 5.63     |
| 7   | 80         | 10000000 | 312500    | 117648   | 16384   | 2048  | 32   | worker   | 12        | 16  | decrease  | asc         | asc        | 8192       | 83.83             | 88.54         | 6   | 8948,9068,9188,8950,9070,9190       | 5.62     |
| 4   | 100        | 10000000 | 625000    | 93458    | 16384   | 8     | 16   | worker   | 12        | 16  | decrease  | desc        | desc       | 8192       | 19.19             | 20.26         | 6   | 4943,5068,5193,4945,5070,5195       | 5.58     |
| 3   | 100        | 10000000 | 625000    | 93458    | 16384   | 8     | 16   | io_uring | 12        | 16  | decrease  | asc         | asc        | 2          | 0.36              | 0.38          | 6   | 3758,3883,4008,3760,3885,4010       | 5.56     |
| 13  | 20         | 10000000 | 2500000   | 476191   | 0       | 8     | 4    | worker   | 12        | 16  | increase  | asc         | asc        | 1012144    | 548.55            | 578.98        | 6   | 17628,17763,17898,17630,17765,17900 | 5.55     |
| 10  | 40         | 10000000 | 312500    | 238096   | 1024    | 0     | 32   | io_uring | 12        | 16  | increase  | desc        | asc        | 512        | 7.4               | 7.81          | 6   | 13968,14088,14208,13970,14090,14210 | 5.54     |
| 19  | 40         | 10000000 | 312500    | 238096   | 4096    | 128   | 32   | io_uring | 12        | 16  | decrease  | asc         | desc       | 256        | 13.94             | 14.71         | 6   | 28003,28123,28243,28005,28125,28245 | 5.52     |
| 20  | 40         | 10000000 | 312500    | 238096   | 4096    | 128   | 32   | worker   | 12        | 16  | decrease  | desc        | desc       | 8192       | 40.15             | 42.35         | 6   | 28748,28868,28988,28750,28870,28990 | 5.48     |
| 18  | 40         | 10000000 | 312500    | 238096   | 4096    | 128   | 32   | worker   | 12        | 16  | increase  | desc        | desc       | 64         | 2.56              | 2.7           | 6   | 25833,25953,26073,25835,25955,26075 | 5.47     |
| 7   | 80         | 10000000 | 312500    | 117648   | 16384   | 2048  | 32   | io_uring | 12        | 16  | decrease  | asc         | asc        | 16384      | 160.08            | 168.83        | 6   | 9673,9793,9913,9675,9795,9915       | 5.47     |
| 3   | 100        | 10000000 | 625000    | 93458    | 16384   | 8     | 16   | io_uring | 12        | 16  | decrease  | asc         | desc       | 64         | 1.65              | 1.74          | 6   | 4158,4283,4408,4160,4285,4410       | 5.45     |
| 10  | 40         | 10000000 | 312500    | 238096   | 1024    | 0     | 32   | worker   | 12        | 16  | increase  | desc        | asc        | 4          | 0.55              | 0.58          | 6   | 13213,13333,13453,13215,13335,13455 | 5.45     |
| 3   | 100        | 10000000 | 625000    | 93458    | 16384   | 8     | 16   | io_uring | 12        | 16  | decrease  | asc         | desc       | 4096       | 22.41             | 23.63         | 6   | 4188,4313,4438,4190,4315,4440       | 5.44     |
| 15  | 20         | 10000000 | 2500000   | 476191   | 0       | 8     | 4    | io_uring | 12        | 16  | decrease  | asc         | desc       | 262144     | 352.43            | 371.54        | 6   | 22068,22203,22338,22070,22205,22340 | 5.42     |
| 14  | 20         | 10000000 | 2500000   | 476191   | 0       | 8     | 4    | worker   | 12        | 16  | increase  | desc        | asc        | 2048       | 4.25              | 4.48          | 6   | 19198,19333,19468,19200,19335,19470 | 5.41     |
| 8   | 80         | 10000000 | 312500    | 117648   | 16384   | 2048  | 32   | io_uring | 12        | 16  | decrease  | desc        | desc       | 2          | 1.11              | 1.17          | 6   | 11408,11528,11648,11410,11530,11650 | 5.41     |
| 14  | 20         | 10000000 | 2500000   | 476191   | 0       | 8     | 4    | io_uring | 12        | 16  | increase  | desc        | asc        | 2048       | 4.12              | 4.34          | 6   | 20008,20143,20278,20010,20145,20280 | 5.34     |
| 11  | 40         | 10000000 | 312500    | 238096   | 1024    | 0     | 32   | io_uring | 12        | 16  | decrease  | asc         | desc       | 4096       | 35.58             | 37.47         | 6   | 15783,15903,16023,15785,15905,16025 | 5.31     |
| 3   | 100        | 10000000 | 625000    | 93458    | 16384   | 8     | 16   | io_uring | 12        | 16  | decrease  | asc         | desc       | 16         | 1.13              | 1.19          | 6   | 4148,4273,4398,4150,4275,4400       | 5.31     |
| 13  | 20         | 10000000 | 2500000   | 476191   | 0       | 8     | 4    | io_uring | 12        | 16  | increase  | asc         | asc        | 64         | 0.57              | 0.6           | 6   | 18363,18498,18633,18365,18500,18635 | 5.26     |
| 16  | 20         | 10000000 | 2500000   | 476191   | 0       | 8     | 4    | worker   | 12        | 16  | decrease  | desc        | asc        | 32         | 0.57              | 0.6           | 6   | 22408,22543,22678,22410,22545,22680 | 5.26     |
| 12  | 40         | 10000000 | 312500    | 238096   | 1024    | 0     | 32   | io_uring | 12        | 16  | decrease  | desc        | asc        | 1          | 0.38              | 0.4           | 6   | 16803,16923,17043,16805,16925,17045 | 5.26     |
| 12  | 40         | 10000000 | 312500    | 238096   | 1024    | 0     | 32   | worker   | 12        | 16  | decrease  | desc        | asc        | 1024       | 10.86             | 11.43         | 6   | 16133,16253,16373,16135,16255,16375 | 5.25     |
| 1   | 100        | 10000000 | 625000    | 93458    | 16384   | 8     | 16   | io_uring | 12        | 16  | increase  | asc         | asc        | 256        | 3.27              | 3.44          | 6   | 793,918,1043,795,920,1045           | 5.2      |
| 6   | 80         | 10000000 | 312500    | 117648   | 16384   | 2048  | 32   | worker   | 12        | 16  | increase  | desc        | desc       | 157768     | 1421.77           | 1495.16       | 6   | 7898,8018,8138,7900,8020,8140       | 5.16     |
| 3   | 100        | 10000000 | 625000    | 93458    | 16384   | 8     | 16   | worker   | 12        | 16  | decrease  | asc         | asc        | 253036     | 321.05            | 337.49        | 6   | 3098,3223,3348,3100,3225,3350       | 5.12     |
| 20  | 40         | 10000000 | 312500    | 238096   | 4096    | 128   | 32   | worker   | 12        | 16  | decrease  | desc        | desc       | 1024       | 9.8               | 10.3          | 6   | 28733,28853,28973,28735,28855,28975 | 5.1      |
| 18  | 40         | 10000000 | 312500    | 238096   | 4096    | 128   | 32   | io_uring | 12        | 16  | increase  | desc        | asc        | 128        | 6.87              | 7.22          | 6   | 26198,26318,26438,26200,26320,26440 | 5.09     |
| 15  | 20         | 10000000 | 2500000   | 476191   | 0       | 8     | 4    | io_uring | 12        | 16  | decrease  | asc         | desc       | 32         | 0.59              | 0.62          | 6   | 22003,22138,22273,22005,22140,22275 | 5.08     |
| 1   | 100        | 10000000 | 625000    | 93458    | 16384   | 8     | 16   | io_uring | 12        | 16  | increase  | asc         | asc        | 2          | 0.4               | 0.42          | 6   | 758,883,1008,760,885,1010           | 5.0      |
| 18  | 40         | 10000000 | 312500    | 238096   | 4096    | 128   | 32   | worker   | 12        | 16  | increase  | desc        | asc        | 1          | 0.4               | 0.42          | 6   | 25443,25563,25683,25445,25565,25685 | 5.0      |
| 21  | 80         | 10000000 | 10000000  | 117648   | 1048576 | 128   | 1    | io_uring | 12        | 16  | increase  | asc         | asc        | 4          | 0.4               | 0.42          | 6   | 30643,30788,30933,30645,30790,30935 | 5.0      |
| 4   | 100        | 10000000 | 625000    | 93458    | 16384   | 8     | 16   | io_uring | 12        | 16  | decrease  | desc        | asc        | 256        | 3.64              | 3.82          | 6   | 5293,5418,5543,5295,5420,5545       | 4.95     |
| 14  | 20         | 10000000 | 2500000   | 476191   | 0       | 8     | 4    | worker   | 12        | 16  | increase  | desc        | asc        | 16384      | 23.85             | 25.02         | 6   | 19213,19348,19483,19215,19350,19485 | 4.91     |
| 5   | 80         | 10000000 | 312500    | 117648   | 16384   | 2048  | 32   | worker   | 12        | 16  | increase  | asc         | desc       | 1          | 1.02              | 1.07          | 6   | 6363,6483,6603,6365,6485,6605       | 4.9      |
| 9   | 40         | 10000000 | 312500    | 238096   | 1024    | 0     | 32   | worker   | 12        | 16  | increase  | asc         | asc        | 16         | 1.23              | 1.29          | 6   | 11783,11903,12023,11785,11905,12025 | 4.88     |
| 15  | 20         | 10000000 | 2500000   | 476191   | 0       | 8     | 4    | io_uring | 12        | 16  | decrease  | asc         | desc       | 32768      | 47.39             | 49.7          | 6   | 22053,22188,22323,22055,22190,22325 | 4.87     |
| 2   | 100        | 10000000 | 625000    | 93458    | 16384   | 8     | 16   | worker   | 12        | 16  | increase  | desc        | asc        | 2048       | 12.31             | 12.91         | 6   | 1558,1683,1808,1560,1685,1810       | 4.87     |
| 6   | 80         | 10000000 | 312500    | 117648   | 16384   | 2048  | 32   | worker   | 12        | 16  | increase  | desc        | desc       | 64018      | 594.67            | 623.59        | 6   | 7883,8003,8123,7885,8005,8125       | 4.86     |
| 21  | 80         | 10000000 | 10000000  | 117648   | 1048576 | 128   | 1    | io_uring | 12        | 16  | increase  | asc         | asc        | 524288     | 216.87            | 227.39        | 6   | 30728,30873,31018,30730,30875,31020 | 4.85     |
| 1   | 100        | 10000000 | 625000    | 93458    | 16384   | 8     | 16   | worker   | 12        | 16  | increase  | asc         | asc        | 2048       | 9.09              | 9.52          | 6   | 58,183,308,60,185,310               | 4.73     |
| 5   | 80         | 10000000 | 312500    | 117648   | 16384   | 2048  | 32   | io_uring | 12        | 16  | increase  | asc         | asc        | 2          | 1.07              | 1.12          | 6   | 6728,6848,6968,6730,6850,6970       | 4.67     |
| 9   | 40         | 10000000 | 312500    | 238096   | 1024    | 0     | 32   | worker   | 12        | 16  | increase  | asc         | desc       | 16         | 1.07              | 1.12          | 6   | 12143,12263,12383,12145,12265,12385 | 4.67     |
| 12  | 40         | 10000000 | 312500    | 238096   | 1024    | 0     | 32   | io_uring | 12        | 16  | decrease  | desc        | asc        | 2048       | 21.19             | 22.18         | 6   | 16858,16978,17098,16860,16980,17100 | 4.67     |
| 16  | 20         | 10000000 | 2500000   | 476191   | 0       | 8     | 4    | io_uring | 12        | 16  | decrease  | desc        | asc        | 512        | 3.03              | 3.17          | 6   | 23238,23373,23508,23240,23375,23510 | 4.62     |
| 11  | 40         | 10000000 | 312500    | 238096   | 1024    | 0     | 32   | worker   | 12        | 16  | decrease  | asc         | asc        | 16384      | 53.08             | 55.53         | 6   | 14713,14833,14953,14715,14835,14955 | 4.62     |
| 15  | 20         | 10000000 | 2500000   | 476191   | 0       | 8     | 4    | io_uring | 12        | 16  | decrease  | asc         | desc       | 131072     | 177.77            | 185.93        | 6   | 22063,22198,22333,22065,22200,22335 | 4.59     |
| 1   | 100        | 10000000 | 625000    | 93458    | 16384   | 8     | 16   | io_uring | 12        | 16  | increase  | asc         | asc        | 65536      | 100.29            | 104.88        | 6   | 833,958,1083,835,960,1085           | 4.58     |
| 17  | 40         | 10000000 | 312500    | 238096   | 4096    | 128   | 32   | io_uring | 12        | 16  | increase  | asc         | asc        | 220268     | 951.89            | 995.13        | 6   | 24828,24948,25068,24830,24950,25070 | 4.54     |
| 17  | 40         | 10000000 | 312500    | 238096   | 4096    | 128   | 32   | io_uring | 12        | 16  | increase  | asc         | desc       | 512        | 22.34             | 23.34         | 6   | 25128,25248,25368,25130,25250,25370 | 4.48     |
| 1   | 100        | 10000000 | 625000    | 93458    | 16384   | 8     | 16   | io_uring | 12        | 16  | increase  | asc         | asc        | 32768      | 55.24             | 57.71         | 6   | 828,953,1078,830,955,1080           | 4.47     |
| 14  | 20         | 10000000 | 2500000   | 476191   | 0       | 8     | 4    | worker   | 12        | 16  | increase  | desc        | asc        | 262144     | 329.76            | 344.41        | 6   | 19233,19368,19503,19235,19370,19505 | 4.44     |
| 6   | 80         | 10000000 | 312500    | 117648   | 16384   | 2048  | 32   | io_uring | 12        | 16  | increase  | desc        | desc       | 1          | 0.68              | 0.71          | 6   | 8523,8643,8763,8525,8645,8765       | 4.41     |
| 6   | 80         | 10000000 | 312500    | 117648   | 16384   | 2048  | 32   | worker   | 12        | 16  | increase  | desc        | desc       | 16384      | 157.63            | 164.56        | 6   | 7873,7993,8113,7875,7995,8115       | 4.4      |
| 2   | 100        | 10000000 | 625000    | 93458    | 16384   | 8     | 16   | worker   | 12        | 16  | increase  | desc        | desc       | 8192       | 19.46             | 20.31         | 6   | 1943,2068,2193,1945,2070,2195       | 4.37     |
| 18  | 40         | 10000000 | 312500    | 238096   | 4096    | 128   | 32   | worker   | 12        | 16  | increase  | desc        | desc       | 189018     | 671.27            | 700.33        | 6   | 25903,26023,26143,25905,26025,26145 | 4.33     |
| 7   | 80         | 10000000 | 312500    | 117648   | 16384   | 2048  | 32   | worker   | 12        | 16  | decrease  | asc         | asc        | 16384      | 155.21            | 161.92        | 6   | 8953,9073,9193,8955,9075,9195       | 4.32     |
| 5   | 80         | 10000000 | 312500    | 117648   | 16384   | 2048  | 32   | worker   | 12        | 16  | increase  | asc         | asc        | 4          | 1.62              | 1.69          | 6   | 6013,6133,6253,6015,6135,6255       | 4.32     |
| 4   | 100        | 10000000 | 625000    | 93458    | 16384   | 8     | 16   | io_uring | 12        | 16  | decrease  | desc        | desc       | 315536     | 449.31            | 468.61        | 6   | 5728,5853,5978,5730,5855,5980       | 4.3      |
| 12  | 40         | 10000000 | 312500    | 238096   | 1024    | 0     | 32   | io_uring | 12        | 16  | decrease  | desc        | asc        | 2          | 0.48              | 0.5           | 6   | 16808,16928,17048,16810,16930,17050 | 4.17     |
| 14  | 20         | 10000000 | 2500000   | 476191   | 0       | 8     | 4    | io_uring | 12        | 16  | increase  | desc        | desc       | 32         | 0.72              | 0.75          | 6   | 20383,20518,20653,20385,20520,20655 | 4.17     |
| 14  | 20         | 10000000 | 2500000   | 476191   | 0       | 8     | 4    | worker   | 12        | 16  | increase  | desc        | asc        | 1          | 0.24              | 0.25          | 6   | 19143,19278,19413,19145,19280,19415 | 4.17     |
| 20  | 40         | 10000000 | 312500    | 238096   | 4096    | 128   | 32   | io_uring | 12        | 16  | decrease  | desc        | asc        | 1024       | 31.45             | 32.76         | 6   | 29093,29213,29333,29095,29215,29335 | 4.17     |
| 9   | 40         | 10000000 | 312500    | 238096   | 1024    | 0     | 32   | io_uring | 12        | 16  | increase  | asc         | asc        | 128        | 2.41              | 2.51          | 6   | 12518,12638,12758,12520,12640,12760 | 4.15     |
| 5   | 80         | 10000000 | 312500    | 117648   | 16384   | 2048  | 32   | io_uring | 12        | 16  | increase  | asc         | desc       | 32         | 11.37             | 11.84         | 6   | 7108,7228,7348,7110,7230,7350       | 4.13     |
| 11  | 40         | 10000000 | 312500    | 238096   | 1024    | 0     | 32   | worker   | 12        | 16  | decrease  | asc         | asc        | 2048       | 9.94              | 10.35         | 6   | 14698,14818,14938,14700,14820,14940 | 4.12     |
| 20  | 40         | 10000000 | 312500    | 238096   | 4096    | 128   | 32   | io_uring | 12        | 16  | decrease  | desc        | desc       | 16         | 1.94              | 2.02          | 6   | 29423,29543,29663,29425,29545,29665 | 4.12     |
| 19  | 40         | 10000000 | 312500    | 238096   | 4096    | 128   | 32   | worker   | 12        | 16  | decrease  | asc         | desc       | 64         | 3.89              | 4.05          | 6   | 27273,27393,27513,27275,27395,27515 | 4.11     |
| 8   | 80         | 10000000 | 312500    | 117648   | 16384   | 2048  | 32   | io_uring | 12        | 16  | decrease  | desc        | desc       | 1          | 0.73              | 0.76          | 6   | 11403,11523,11643,11405,11525,11645 | 4.11     |
| 9   | 40         | 10000000 | 312500    | 238096   | 1024    | 0     | 32   | io_uring | 12        | 16  | increase  | asc         | asc        | 1024       | 7.3               | 7.6           | 6   | 12533,12653,12773,12535,12655,12775 | 4.11     |
| 11  | 40         | 10000000 | 312500    | 238096   | 1024    | 0     | 32   | worker   | 12        | 16  | decrease  | asc         | asc        | 2          | 0.49              | 0.51          | 6   | 14648,14768,14888,14650,14770,14890 | 4.08     |
| 8   | 80         | 10000000 | 312500    | 117648   | 16384   | 2048  | 32   | io_uring | 12        | 16  | decrease  | desc        | desc       | 256        | 14.71             | 15.31         | 6   | 11443,11563,11683,11445,11565,11685 | 4.08     |
| 18  | 40         | 10000000 | 312500    | 238096   | 4096    | 128   | 32   | worker   | 12        | 16  | increase  | desc        | asc        | 2048       | 29.98             | 31.2          | 6   | 25498,25618,25738,25500,25620,25740 | 4.07     |
| 5   | 80         | 10000000 | 312500    | 117648   | 16384   | 2048  | 32   | worker   | 12        | 16  | increase  | asc         | asc        | 64         | 5.67              | 5.9           | 6   | 6033,6153,6273,6035,6155,6275       | 4.06     |
| 14  | 20         | 10000000 | 2500000   | 476191   | 0       | 8     | 4    | io_uring | 12        | 16  | increase  | desc        | asc        | 128        | 0.74              | 0.77          | 6   | 19988,20123,20258,19990,20125,20260 | 4.05     |
| 7   | 80         | 10000000 | 312500    | 117648   | 16384   | 2048  | 32   | io_uring | 12        | 16  | decrease  | asc         | asc        | 64018      | 592.21            | 616.1         | 6   | 9683,9803,9923,9685,9805,9925       | 4.03     |
| 13  | 20         | 10000000 | 2500000   | 476191   | 0       | 8     | 4    | worker   | 12        | 16  | increase  | asc         | asc        | 1          | 0.25              | 0.26          | 6   | 17523,17658,17793,17525,17660,17795 | 4.0      |
| 19  | 40         | 10000000 | 312500    | 238096   | 4096    | 128   | 32   | worker   | 12        | 16  | decrease  | asc         | asc        | 2          | 0.5               | 0.52          | 6   | 26888,27008,27128,26890,27010,27130 | 4.0      |
| 9   | 40         | 10000000 | 312500    | 238096   | 1024    | 0     | 32   | worker   | 12        | 16  | increase  | asc         | asc        | 32         | 1.27              | 1.32          | 6   | 11788,11908,12028,11790,11910,12030 | 3.94     |
| 11  | 40         | 10000000 | 312500    | 238096   | 1024    | 0     | 32   | io_uring | 12        | 16  | decrease  | asc         | asc        | 16         | 1.27              | 1.32          | 6   | 15383,15503,15623,15385,15505,15625 | 3.94     |
| 18  | 40         | 10000000 | 312500    | 238096   | 4096    | 128   | 32   | io_uring | 12        | 16  | increase  | desc        | asc        | 64         | 4.32              | 4.49          | 6   | 26193,26313,26433,26195,26315,26435 | 3.94     |
| 11  | 40         | 10000000 | 312500    | 238096   | 1024    | 0     | 32   | io_uring | 12        | 16  | decrease  | asc         | asc        | 2          | 0.51              | 0.53          | 6   | 15368,15488,15608,15370,15490,15610 | 3.92     |
| 7   | 80         | 10000000 | 312500    | 117648   | 16384   | 2048  | 32   | worker   | 12        | 16  | decrease  | asc         | asc        | 8          | 3.07              | 3.19          | 6   | 8898,9018,9138,8900,9020,9140       | 3.91     |
| 13  | 20         | 10000000 | 2500000   | 476191   | 0       | 8     | 4    | worker   | 12        | 16  | increase  | asc         | asc        | 128        | 0.77              | 0.8           | 6   | 17558,17693,17828,17560,17695,17830 | 3.9      |
| 14  | 20         | 10000000 | 2500000   | 476191   | 0       | 8     | 4    | io_uring | 12        | 16  | increase  | desc        | asc        | 512        | 1.55              | 1.61          | 6   | 19998,20133,20268,20000,20135,20270 | 3.87     |
| 20  | 40         | 10000000 | 312500    | 238096   | 4096    | 128   | 32   | io_uring | 12        | 16  | decrease  | desc        | desc       | 512        | 8.29              | 8.61          | 6   | 29448,29568,29688,29450,29570,29690 | 3.86     |
| 7   | 80         | 10000000 | 312500    | 117648   | 16384   | 2048  | 32   | worker   | 12        | 16  | decrease  | asc         | desc       | 8192       | 127.54            | 132.46        | 6   | 9308,9428,9548,9310,9430,9550       | 3.86     |
| 1   | 100        | 10000000 | 625000    | 93458    | 16384   | 8     | 16   | worker   | 12        | 16  | increase  | asc         | asc        | 1          | 0.26              | 0.27          | 6   | 3,128,253,5,130,255                 | 3.85     |
| 4   | 100        | 10000000 | 625000    | 93458    | 16384   | 8     | 16   | io_uring | 12        | 16  | decrease  | desc        | asc        | 2048       | 14.84             | 15.41         | 6   | 5308,5433,5558,5310,5435,5560       | 3.84     |
| 5   | 80         | 10000000 | 312500    | 117648   | 16384   | 2048  | 32   | io_uring | 12        | 16  | increase  | asc         | asc        | 8          | 2.89              | 3.0           | 6   | 6738,6858,6978,6740,6860,6980       | 3.81     |
| 4   | 100        | 10000000 | 625000    | 93458    | 16384   | 8     | 16   | io_uring | 12        | 16  | decrease  | desc        | desc       | 32768      | 53.64             | 55.67         | 6   | 5703,5828,5953,5705,5830,5955       | 3.78     |
| 10  | 40         | 10000000 | 312500    | 238096   | 1024    | 0     | 32   | worker   | 12        | 16  | increase  | desc        | desc       | 4096       | 17.49             | 18.15         | 6   | 13623,13743,13863,13625,13745,13865 | 3.77     |
| 12  | 40         | 10000000 | 312500    | 238096   | 1024    | 0     | 32   | worker   | 12        | 16  | decrease  | desc        | desc       | 1024       | 6.91              | 7.17          | 6   | 16493,16613,16733,16495,16615,16735 | 3.76     |
| 3   | 100        | 10000000 | 625000    | 93458    | 16384   | 8     | 16   | io_uring | 12        | 16  | decrease  | asc         | desc       | 2048       | 15.27             | 15.84         | 6   | 4183,4308,4433,4185,4310,4435       | 3.73     |
| 7   | 80         | 10000000 | 312500    | 117648   | 16384   | 2048  | 32   | io_uring | 12        | 16  | decrease  | asc         | desc       | 8192       | 137.9             | 143.02        | 6   | 10028,10148,10268,10030,10150,10270 | 3.71     |
| 10  | 40         | 10000000 | 312500    | 238096   | 1024    | 0     | 32   | worker   | 12        | 16  | increase  | desc        | asc        | 32         | 1.35              | 1.4           | 6   | 13228,13348,13468,13230,13350,13470 | 3.7      |
| 2   | 100        | 10000000 | 625000    | 93458    | 16384   | 8     | 16   | io_uring | 12        | 16  | increase  | desc        | desc       | 16384      | 33.16             | 34.38         | 6   | 2698,2823,2948,2700,2825,2950       | 3.68     |
| 7   | 80         | 10000000 | 312500    | 117648   | 16384   | 2048  | 32   | worker   | 12        | 16  | decrease  | asc         | asc        | 64018      | 582.04            | 603.34        | 6   | 8963,9083,9203,8965,9085,9205       | 3.66     |
| 6   | 80         | 10000000 | 312500    | 117648   | 16384   | 2048  | 32   | worker   | 12        | 16  | increase  | desc        | desc       | 220268     | 1992.31           | 2065.14       | 6   | 7908,8028,8148,7910,8030,8150       | 3.66     |
| 17  | 40         | 10000000 | 312500    | 238096   | 4096    | 128   | 32   | worker   | 12        | 16  | increase  | asc         | asc        | 2          | 0.55              | 0.57          | 6   | 24008,24128,24248,24010,24130,24250 | 3.64     |
| 1   | 100        | 10000000 | 625000    | 93458    | 16384   | 8     | 16   | io_uring | 12        | 16  | increase  | asc         | asc        | 440536     | 618.32            | 640.75        | 6   | 863,988,1113,865,990,1115           | 3.63     |
| 17  | 40         | 10000000 | 312500    | 238096   | 4096    | 128   | 32   | worker   | 12        | 16  | increase  | asc         | asc        | 157768     | 622.44            | 644.95        | 6   | 24098,24218,24338,24100,24220,24340 | 3.62     |
| 11  | 40         | 10000000 | 312500    | 238096   | 1024    | 0     | 32   | io_uring | 12        | 16  | decrease  | asc         | desc       | 512        | 7.76              | 8.04          | 6   | 15768,15888,16008,15770,15890,16010 | 3.61     |
| 3   | 100        | 10000000 | 625000    | 93458    | 16384   | 8     | 16   | worker   | 12        | 16  | decrease  | asc         | desc       | 2048       | 12.86             | 13.32         | 6   | 3433,3558,3683,3435,3560,3685       | 3.58     |
| 2   | 100        | 10000000 | 625000    | 93458    | 16384   | 8     | 16   | io_uring | 12        | 16  | increase  | desc        | asc        | 1024       | 8.59              | 8.89          | 6   | 2303,2428,2553,2305,2430,2555       | 3.49     |
| 6   | 80         | 10000000 | 312500    | 117648   | 16384   | 2048  | 32   | worker   | 12        | 16  | increase  | desc        | desc       | 95268      | 873.17            | 903.4         | 6   | 7888,8008,8128,7890,8010,8130       | 3.46     |
| 14  | 20         | 10000000 | 2500000   | 476191   | 0       | 8     | 4    | io_uring | 12        | 16  | increase  | desc        | asc        | 8192       | 13.04             | 13.49         | 6   | 20018,20153,20288,20020,20155,20290 | 3.45     |
| 3   | 100        | 10000000 | 625000    | 93458    | 16384   | 8     | 16   | worker   | 12        | 16  | decrease  | asc         | asc        | 512        | 4.06              | 4.2           | 6   | 3048,3173,3298,3050,3175,3300       | 3.45     |
| 18  | 40         | 10000000 | 312500    | 238096   | 4096    | 128   | 32   | worker   | 12        | 16  | increase  | desc        | asc        | 157768     | 1269.62           | 1313.24       | 6   | 25538,25658,25778,25540,25660,25780 | 3.44     |
| 4   | 100        | 10000000 | 625000    | 93458    | 16384   | 8     | 16   | io_uring | 12        | 16  | decrease  | desc        | desc       | 65536      | 98.63             | 101.99        | 6   | 5708,5833,5958,5710,5835,5960       | 3.41     |
| 7   | 80         | 10000000 | 312500    | 117648   | 16384   | 2048  | 32   | worker   | 12        | 16  | decrease  | asc         | asc        | 32768      | 304.38            | 314.74        | 6   | 8958,9078,9198,8960,9080,9200       | 3.4      |
| 16  | 20         | 10000000 | 2500000   | 476191   | 0       | 8     | 4    | io_uring | 12        | 16  | decrease  | desc        | desc       | 16384      | 15.33             | 15.85         | 6   | 23668,23803,23938,23670,23805,23940 | 3.39     |
| 19  | 40         | 10000000 | 312500    | 238096   | 4096    | 128   | 32   | io_uring | 12        | 16  | decrease  | asc         | asc        | 1024       | 10.65             | 11.01         | 6   | 27653,27773,27893,27655,27775,27895 | 3.38     |
| 16  | 20         | 10000000 | 2500000   | 476191   | 0       | 8     | 4    | io_uring | 12        | 16  | decrease  | desc        | desc       | 4096       | 5.06              | 5.23          | 6   | 23658,23793,23928,23660,23795,23930 | 3.36     |
| 7   | 80         | 10000000 | 312500    | 117648   | 16384   | 2048  | 32   | worker   | 12        | 16  | decrease  | asc         | asc        | 189018     | 1705.72           | 1763.01       | 6   | 8983,9103,9223,8985,9105,9225       | 3.36     |
| 9   | 40         | 10000000 | 312500    | 238096   | 1024    | 0     | 32   | io_uring | 12        | 16  | increase  | asc         | desc       | 256        | 5.09              | 5.26          | 6   | 12883,13003,13123,12885,13005,13125 | 3.34     |
| 2   | 100        | 10000000 | 625000    | 93458    | 16384   | 8     | 16   | worker   | 12        | 16  | increase  | desc        | asc        | 1          | 0.3               | 0.31          | 6   | 1503,1628,1753,1505,1630,1755       | 3.33     |
| 13  | 20         | 10000000 | 2500000   | 476191   | 0       | 8     | 4    | worker   | 12        | 16  | increase  | asc         | desc       | 2          | 0.3               | 0.31          | 6   | 17933,18068,18203,17935,18070,18205 | 3.33     |
| 15  | 20         | 10000000 | 2500000   | 476191   | 0       | 8     | 4    | worker   | 12        | 16  | decrease  | asc         | desc       | 262144     | 338.29            | 349.55        | 6   | 21258,21393,21528,21260,21395,21530 | 3.33     |
| 6   | 80         | 10000000 | 312500    | 117648   | 16384   | 2048  | 32   | worker   | 12        | 16  | increase  | desc        | asc        | 1024       | 48.21             | 49.81         | 6   | 7493,7613,7733,7495,7615,7735       | 3.32     |
| 6   | 80         | 10000000 | 312500    | 117648   | 16384   | 2048  | 32   | io_uring | 12        | 16  | increase  | desc        | desc       | 189018     | 1806.25           | 1866.14       | 6   | 8623,8743,8863,8625,8745,8865       | 3.32     |
| 6   | 80         | 10000000 | 312500    | 117648   | 16384   | 2048  | 32   | worker   | 12        | 16  | increase  | desc        | desc       | 126518     | 1141.85           | 1179.58       | 6   | 7893,8013,8133,7895,8015,8135       | 3.3      |
| 7   | 80         | 10000000 | 312500    | 117648   | 16384   | 2048  | 32   | io_uring | 12        | 16  | decrease  | asc         | asc        | 32768      | 307.73            | 317.86        | 6   | 9678,9798,9918,9680,9800,9920       | 3.29     |
| 16  | 20         | 10000000 | 2500000   | 476191   | 0       | 8     | 4    | io_uring | 12        | 16  | decrease  | desc        | desc       | 512144     | 371.98            | 384.1         | 6   | 23693,23828,23963,23695,23830,23965 | 3.26     |
| 7   | 80         | 10000000 | 312500    | 117648   | 16384   | 2048  | 32   | io_uring | 12        | 16  | decrease  | asc         | asc        | 95268      | 871.34            | 899.67        | 6   | 9688,9808,9928,9690,9810,9930       | 3.25     |
| 15  | 20         | 10000000 | 2500000   | 476191   | 0       | 8     | 4    | io_uring | 12        | 16  | decrease  | asc         | desc       | 16384      | 26.3              | 27.14         | 6   | 22048,22183,22318,22050,22185,22320 | 3.19     |
| 8   | 80         | 10000000 | 312500    | 117648   | 16384   | 2048  | 32   | worker   | 12        | 16  | decrease  | desc        | asc        | 8          | 5.33              | 5.5           | 6   | 10338,10458,10578,10340,10460,10580 | 3.19     |
| 6   | 80         | 10000000 | 312500    | 117648   | 16384   | 2048  | 32   | worker   | 12        | 16  | increase  | desc        | desc       | 189018     | 1724.41           | 1779.35       | 6   | 7903,8023,8143,7905,8025,8145       | 3.19     |
| 21  | 80         | 10000000 | 10000000  | 117648   | 1048576 | 128   | 1    | io_uring | 12        | 16  | increase  | asc         | asc        | 8          | 0.63              | 0.65          | 6   | 30648,30793,30938,30650,30795,30940 | 3.17     |
| 6   | 80         | 10000000 | 312500    | 117648   | 16384   | 2048  | 32   | io_uring | 12        | 16  | increase  | desc        | desc       | 220268     | 2117.43           | 2184.3        | 6   | 8628,8748,8868,8630,8750,8870       | 3.16     |
| 15  | 20         | 10000000 | 2500000   | 476191   | 0       | 8     | 4    | worker   | 12        | 16  | decrease  | asc         | desc       | 128        | 0.95              | 0.98          | 6   | 21203,21338,21473,21205,21340,21475 | 3.16     |
| 4   | 100        | 10000000 | 625000    | 93458    | 16384   | 8     | 16   | worker   | 12        | 16  | decrease  | desc        | asc        | 65536      | 207.35            | 213.88        | 6   | 4583,4708,4833,4585,4710,4835       | 3.15     |
| 5   | 80         | 10000000 | 312500    | 117648   | 16384   | 2048  | 32   | worker   | 12        | 16  | increase  | asc         | asc        | 1          | 0.65              | 0.67          | 6   | 6003,6123,6243,6005,6125,6245       | 3.08     |
| 9   | 40         | 10000000 | 312500    | 238096   | 1024    | 0     | 32   | io_uring | 12        | 16  | increase  | asc         | desc       | 8192       | 75.25             | 77.54         | 6   | 12908,13028,13148,12910,13030,13150 | 3.04     |
| 6   | 80         | 10000000 | 312500    | 117648   | 16384   | 2048  | 32   | io_uring | 12        | 16  | increase  | desc        | asc        | 8          | 5.6               | 5.77          | 6   | 8178,8298,8418,8180,8300,8420       | 3.04     |
| 7   | 80         | 10000000 | 312500    | 117648   | 16384   | 2048  | 32   | worker   | 12        | 16  | decrease  | asc         | asc        | 2          | 0.99              | 1.02          | 6   | 8888,9008,9128,8890,9010,9130       | 3.03     |
| 6   | 80         | 10000000 | 312500    | 117648   | 16384   | 2048  | 32   | io_uring | 12        | 16  | increase  | desc        | desc       | 126518     | 1212.93           | 1249.46       | 6   | 8613,8733,8853,8615,8735,8855       | 3.01     |
| 7   | 80         | 10000000 | 312500    | 117648   | 16384   | 2048  | 32   | io_uring | 12        | 16  | decrease  | asc         | asc        | 157768     | 1434.13           | 1477.19       | 6   | 9698,9818,9938,9700,9820,9940       | 3.0      |
| 4   | 100        | 10000000 | 625000    | 93458    | 16384   | 8     | 16   | worker   | 12        | 16  | decrease  | desc        | desc       | 190536     | 252.06            | 259.57        | 6   | 4968,5093,5218,4970,5095,5220       | 2.98     |
| 4   | 100        | 10000000 | 625000    | 93458    | 16384   | 8     | 16   | worker   | 12        | 16  | decrease  | desc        | asc        | 4096       | 19.56             | 20.14         | 6   | 4563,4688,4813,4565,4690,4815       | 2.97     |
| 6   | 80         | 10000000 | 312500    | 117648   | 16384   | 2048  | 32   | io_uring | 12        | 16  | increase  | desc        | desc       | 64018      | 624.96            | 643.47        | 6   | 8603,8723,8843,8605,8725,8845       | 2.96     |
| 6   | 80         | 10000000 | 312500    | 117648   | 16384   | 2048  | 32   | io_uring | 12        | 16  | increase  | desc        | asc        | 1024       | 66.75             | 68.72         | 6   | 8213,8333,8453,8215,8335,8455       | 2.95     |
| 17  | 40         | 10000000 | 312500    | 238096   | 4096    | 128   | 32   | io_uring | 12        | 16  | increase  | asc         | asc        | 4          | 1.02              | 1.05          | 6   | 24733,24853,24973,24735,24855,24975 | 2.94     |
| 4   | 100        | 10000000 | 625000    | 93458    | 16384   | 8     | 16   | worker   | 12        | 16  | decrease  | desc        | asc        | 2          | 0.34              | 0.35          | 6   | 4508,4633,4758,4510,4635,4760       | 2.94     |
| 13  | 20         | 10000000 | 2500000   | 476191   | 0       | 8     | 4    | io_uring | 12        | 16  | increase  | asc         | desc       | 4          | 0.34              | 0.35          | 6   | 18748,18883,19018,18750,18885,19020 | 2.94     |
| 7   | 80         | 10000000 | 312500    | 117648   | 16384   | 2048  | 32   | io_uring | 12        | 16  | decrease  | asc         | asc        | 126518     | 1152.96           | 1186.69       | 6   | 9693,9813,9933,9695,9815,9935       | 2.93     |
| 11  | 40         | 10000000 | 312500    | 238096   | 1024    | 0     | 32   | worker   | 12        | 16  | decrease  | asc         | asc        | 126518     | 384.1             | 395.28        | 6   | 14733,14853,14973,14735,14855,14975 | 2.91     |
| 6   | 80         | 10000000 | 312500    | 117648   | 16384   | 2048  | 32   | io_uring | 12        | 16  | increase  | desc        | desc       | 95268      | 921.62            | 948.35        | 6   | 8608,8728,8848,8610,8730,8850       | 2.9      |
| 18  | 40         | 10000000 | 312500    | 238096   | 4096    | 128   | 32   | io_uring | 12        | 16  | increase  | desc        | asc        | 1024       | 26.59             | 27.36         | 6   | 26213,26333,26453,26215,26335,26455 | 2.9      |
| 8   | 80         | 10000000 | 312500    | 117648   | 16384   | 2048  | 32   | io_uring | 12        | 16  | decrease  | desc        | desc       | 2048       | 33.6              | 34.57         | 6   | 11458,11578,11698,11460,11580,11700 | 2.89     |
| 10  | 40         | 10000000 | 312500    | 238096   | 1024    | 0     | 32   | io_uring | 12        | 16  | increase  | desc        | asc        | 64         | 2.08              | 2.14          | 6   | 13953,14073,14193,13955,14075,14195 | 2.88     |
| 4   | 100        | 10000000 | 625000    | 93458    | 16384   | 8     | 16   | io_uring | 12        | 16  | decrease  | desc        | desc       | 512        | 4.86              | 5.0           | 6   | 5673,5798,5923,5675,5800,5925       | 2.88     |
| 17  | 40         | 10000000 | 312500    | 238096   | 4096    | 128   | 32   | io_uring | 12        | 16  | increase  | asc         | desc       | 1024       | 33.63             | 34.59         | 6   | 25133,25253,25373,25135,25255,25375 | 2.85     |
| 2   | 100        | 10000000 | 625000    | 93458    | 16384   | 8     | 16   | worker   | 12        | 16  | increase  | desc        | desc       | 512        | 3.86              | 3.97          | 6   | 1923,2048,2173,1925,2050,2175       | 2.85     |
| 7   | 80         | 10000000 | 312500    | 117648   | 16384   | 2048  | 32   | worker   | 12        | 16  | decrease  | asc         | asc        | 157768     | 1418.22           | 1458.25       | 6   | 8978,9098,9218,8980,9100,9220       | 2.82     |
| 19  | 40         | 10000000 | 312500    | 238096   | 4096    | 128   | 32   | worker   | 12        | 16  | decrease  | asc         | desc       | 256        | 10.29             | 10.58         | 6   | 27283,27403,27523,27285,27405,27525 | 2.82     |
| 17  | 40         | 10000000 | 312500    | 238096   | 4096    | 128   | 32   | worker   | 12        | 16  | increase  | asc         | desc       | 4096       | 51.32             | 52.76         | 6   | 24423,24543,24663,24425,24545,24665 | 2.81     |
| 13  | 20         | 10000000 | 2500000   | 476191   | 0       | 8     | 4    | worker   | 12        | 16  | increase  | asc         | asc        | 131072     | 83.11             | 85.44         | 6   | 17608,17743,17878,17610,17745,17880 | 2.8      |
| 12  | 40         | 10000000 | 312500    | 238096   | 1024    | 0     | 32   | worker   | 12        | 16  | decrease  | desc        | desc       | 4096       | 17.9              | 18.4          | 6   | 16503,16623,16743,16505,16625,16745 | 2.79     |
| 16  | 20         | 10000000 | 2500000   | 476191   | 0       | 8     | 4    | worker   | 12        | 16  | decrease  | desc        | desc       | 32768      | 23.37             | 24.02         | 6   | 22863,22998,23133,22865,23000,23135 | 2.78     |
| 20  | 40         | 10000000 | 312500    | 238096   | 4096    | 128   | 32   | io_uring | 12        | 16  | decrease  | desc        | desc       | 32         | 2.18              | 2.24          | 6   | 29428,29548,29668,29430,29550,29670 | 2.75     |
| 15  | 20         | 10000000 | 2500000   | 476191   | 0       | 8     | 4    | io_uring | 12        | 16  | decrease  | asc         | desc       | 1024       | 2.59              | 2.66          | 6   | 22028,22163,22298,22030,22165,22300 | 2.7      |
| 4   | 100        | 10000000 | 625000    | 93458    | 16384   | 8     | 16   | io_uring | 12        | 16  | decrease  | desc        | asc        | 8          | 0.74              | 0.76          | 6   | 5268,5393,5518,5270,5395,5520       | 2.7      |
| 14  | 20         | 10000000 | 2500000   | 476191   | 0       | 8     | 4    | io_uring | 12        | 16  | increase  | desc        | asc        | 8          | 0.37              | 0.38          | 6   | 19968,20103,20238,19970,20105,20240 | 2.7      |
| 19  | 40         | 10000000 | 312500    | 238096   | 4096    | 128   | 32   | worker   | 12        | 16  | decrease  | asc         | asc        | 1          | 0.37              | 0.38          | 6   | 26883,27003,27123,26885,27005,27125 | 2.7      |
| 7   | 80         | 10000000 | 312500    | 117648   | 16384   | 2048  | 32   | io_uring | 12        | 16  | decrease  | asc         | asc        | 220268     | 1997.19           | 2051.08       | 6   | 9708,9828,9948,9710,9830,9950       | 2.7      |
| 16  | 20         | 10000000 | 2500000   | 476191   | 0       | 8     | 4    | worker   | 12        | 16  | decrease  | desc        | desc       | 2012144    | 1070.66           | 1099.51       | 6   | 22913,23048,23183,22915,23050,23185 | 2.69     |
| 8   | 80         | 10000000 | 312500    | 117648   | 16384   | 2048  | 32   | worker   | 12        | 16  | decrease  | desc        | desc       | 64         | 6.69              | 6.87          | 6   | 10713,10833,10953,10715,10835,10955 | 2.69     |
| 6   | 80         | 10000000 | 312500    | 117648   | 16384   | 2048  | 32   | worker   | 12        | 16  | increase  | desc        | desc       | 251518     | 2300.34           | 2362.18       | 6   | 7913,8033,8153,7915,8035,8155       | 2.69     |
| 4   | 100        | 10000000 | 625000    | 93458    | 16384   | 8     | 16   | worker   | 12        | 16  | decrease  | desc        | desc       | 128036     | 176.17            | 180.87        | 6   | 4963,5088,5213,4965,5090,5215       | 2.67     |
| 7   | 80         | 10000000 | 312500    | 117648   | 16384   | 2048  | 32   | worker   | 12        | 16  | decrease  | asc         | asc        | 220268     | 1985.6            | 2038.15       | 6   | 8988,9108,9228,8990,9110,9230       | 2.65     |
| 6   | 80         | 10000000 | 312500    | 117648   | 16384   | 2048  | 32   | worker   | 12        | 16  | increase  | desc        | desc       | 282768     | 2581.2            | 2649.18       | 6   | 7918,8038,8158,7920,8040,8160       | 2.63     |
| 3   | 100        | 10000000 | 625000    | 93458    | 16384   | 8     | 16   | io_uring | 12        | 16  | decrease  | asc         | desc       | 32768      | 122.88            | 126.08        | 6   | 4203,4328,4453,4205,4330,4455       | 2.6      |
| 14  | 20         | 10000000 | 2500000   | 476191   | 0       | 8     | 4    | worker   | 12        | 16  | increase  | desc        | asc        | 65536      | 84.11             | 86.3          | 6   | 19223,19358,19493,19225,19360,19495 | 2.6      |
| 2   | 100        | 10000000 | 625000    | 93458    | 16384   | 8     | 16   | io_uring | 12        | 16  | increase  | desc        | desc       | 8192       | 21.94             | 22.51         | 6   | 2693,2818,2943,2695,2820,2945       | 2.6      |
| 7   | 80         | 10000000 | 312500    | 117648   | 16384   | 2048  | 32   | worker   | 12        | 16  | decrease  | asc         | asc        | 95268      | 863.51            | 885.81        | 6   | 8968,9088,9208,8970,9090,9210       | 2.58     |
| 8   | 80         | 10000000 | 312500    | 117648   | 16384   | 2048  | 32   | worker   | 12        | 16  | decrease  | desc        | desc       | 32         | 3.88              | 3.98          | 6   | 10708,10828,10948,10710,10830,10950 | 2.58     |
| 13  | 20         | 10000000 | 2500000   | 476191   | 0       | 8     | 4    | io_uring | 12        | 16  | increase  | asc         | asc        | 16         | 0.39              | 0.4           | 6   | 18353,18488,18623,18355,18490,18625 | 2.56     |
| 15  | 20         | 10000000 | 2500000   | 476191   | 0       | 8     | 4    | io_uring | 12        | 16  | decrease  | asc         | asc        | 8          | 0.39              | 0.4           | 6   | 21588,21723,21858,21590,21725,21860 | 2.56     |
| 17  | 40         | 10000000 | 312500    | 238096   | 4096    | 128   | 32   | worker   | 12        | 16  | increase  | asc         | asc        | 1          | 0.39              | 0.4           | 6   | 24003,24123,24243,24005,24125,24245 | 2.56     |
| 7   | 80         | 10000000 | 312500    | 117648   | 16384   | 2048  | 32   | worker   | 12        | 16  | decrease  | asc         | asc        | 126518     | 1141.74           | 1170.69       | 6   | 8973,9093,9213,8975,9095,9215       | 2.54     |
| 17  | 40         | 10000000 | 312500    | 238096   | 4096    | 128   | 32   | worker   | 12        | 16  | increase  | asc         | asc        | 189018     | 722.58            | 740.85        | 6   | 24103,24223,24343,24105,24225,24345 | 2.53     |
| 14  | 20         | 10000000 | 2500000   | 476191   | 0       | 8     | 4    | worker   | 12        | 16  | increase  | desc        | asc        | 8192       | 13.06             | 13.39         | 6   | 19208,19343,19478,19210,19345,19480 | 2.53     |
| 15  | 20         | 10000000 | 2500000   | 476191   | 0       | 8     | 4    | io_uring | 12        | 16  | decrease  | asc         | desc       | 8          | 0.4               | 0.41          | 6   | 21993,22128,22263,21995,22130,22265 | 2.5      |
| 4   | 100        | 10000000 | 625000    | 93458    | 16384   | 8     | 16   | io_uring | 12        | 16  | decrease  | desc        | desc       | 565536     | 790.1             | 809.82        | 6   | 5748,5873,5998,5750,5875,6000       | 2.5      |
| 19  | 40         | 10000000 | 312500    | 238096   | 4096    | 128   | 32   | io_uring | 12        | 16  | decrease  | asc         | asc        | 8192       | 41.83             | 42.87         | 6   | 27668,27788,27908,27670,27790,27910 | 2.49     |
| 15  | 20         | 10000000 | 2500000   | 476191   | 0       | 8     | 4    | io_uring | 12        | 16  | decrease  | asc         | desc       | 8192       | 13.3              | 13.63         | 6   | 22043,22178,22313,22045,22180,22315 | 2.48     |
| 10  | 40         | 10000000 | 312500    | 238096   | 1024    | 0     | 32   | io_uring | 12        | 16  | increase  | desc        | asc        | 4096       | 34.99             | 35.85         | 6   | 13983,14103,14223,13985,14105,14225 | 2.46     |
| 12  | 40         | 10000000 | 312500    | 238096   | 1024    | 0     | 32   | io_uring | 12        | 16  | decrease  | desc        | desc       | 16384      | 61.13             | 62.63         | 6   | 17233,17353,17473,17235,17355,17475 | 2.45     |
| 9   | 40         | 10000000 | 312500    | 238096   | 1024    | 0     | 32   | worker   | 12        | 16  | increase  | asc         | asc        | 220268     | 655.73            | 671.76        | 6   | 11868,11988,12108,11870,11990,12110 | 2.44     |
| 18  | 40         | 10000000 | 312500    | 238096   | 4096    | 128   | 32   | worker   | 12        | 16  | increase  | desc        | desc       | 16384      | 65.29             | 66.88         | 6   | 25873,25993,26113,25875,25995,26115 | 2.44     |
| 4   | 100        | 10000000 | 625000    | 93458    | 16384   | 8     | 16   | worker   | 12        | 16  | decrease  | desc        | desc       | 378036     | 486.62            | 498.39        | 6   | 4983,5108,5233,4985,5110,5235       | 2.42     |
| 20  | 40         | 10000000 | 312500    | 238096   | 4096    | 128   | 32   | worker   | 12        | 16  | decrease  | desc        | desc       | 4          | 0.83              | 0.85          | 6   | 28693,28813,28933,28695,28815,28935 | 2.41     |
| 4   | 100        | 10000000 | 625000    | 93458    | 16384   | 8     | 16   | worker   | 12        | 16  | decrease  | desc        | asc        | 8192       | 33.24             | 34.04         | 6   | 4568,4693,4818,4570,4695,4820       | 2.41     |
| 18  | 40         | 10000000 | 312500    | 238096   | 4096    | 128   | 32   | worker   | 12        | 16  | increase  | desc        | desc       | 8          | 1.26              | 1.29          | 6   | 25818,25938,26058,25820,25940,26060 | 2.38     |
| 13  | 20         | 10000000 | 2500000   | 476191   | 0       | 8     | 4    | io_uring | 12        | 16  | increase  | asc         | asc        | 4096       | 5.1               | 5.22          | 6   | 18393,18528,18663,18395,18530,18665 | 2.35     |
| 5   | 80         | 10000000 | 312500    | 117648   | 16384   | 2048  | 32   | worker   | 12        | 16  | increase  | asc         | asc        | 2048       | 28.74             | 29.41         | 6   | 6058,6178,6298,6060,6180,6300       | 2.33     |
| 1   | 100        | 10000000 | 625000    | 93458    | 16384   | 8     | 16   | io_uring | 12        | 16  | increase  | asc         | desc       | 8192       | 42.94             | 43.94         | 6   | 1193,1318,1443,1195,1320,1445       | 2.33     |
| 10  | 40         | 10000000 | 312500    | 238096   | 1024    | 0     | 32   | worker   | 12        | 16  | increase  | desc        | asc        | 157768     | 1086.77           | 1112.06       | 6   | 13298,13418,13538,13300,13420,13540 | 2.33     |
| 1   | 100        | 10000000 | 625000    | 93458    | 16384   | 8     | 16   | worker   | 12        | 16  | increase  | asc         | asc        | 315536     | 417.69            | 427.37        | 6   | 103,228,353,105,230,355             | 2.32     |
| 10  | 40         | 10000000 | 312500    | 238096   | 1024    | 0     | 32   | io_uring | 12        | 16  | increase  | desc        | asc        | 8192       | 64.19             | 65.67         | 6   | 13988,14108,14228,13990,14110,14230 | 2.31     |
| 11  | 40         | 10000000 | 312500    | 238096   | 1024    | 0     | 32   | io_uring | 12        | 16  | decrease  | asc         | asc        | 282768     | 1095.09           | 1120.12       | 6   | 15478,15598,15718,15480,15600,15720 | 2.29     |
| 3   | 100        | 10000000 | 625000    | 93458    | 16384   | 8     | 16   | worker   | 12        | 16  | decrease  | asc         | asc        | 4          | 0.44              | 0.45          | 6   | 3013,3138,3263,3015,3140,3265       | 2.27     |
| 10  | 40         | 10000000 | 312500    | 238096   | 1024    | 0     | 32   | io_uring | 12        | 16  | increase  | desc        | desc       | 16384      | 69.67             | 71.25         | 6   | 14353,14473,14593,14355,14475,14595 | 2.27     |
| 15  | 20         | 10000000 | 2500000   | 476191   | 0       | 8     | 4    | worker   | 12        | 16  | decrease  | asc         | desc       | 8192       | 13.23             | 13.53         | 6   | 21233,21368,21503,21235,21370,21505 | 2.27     |
| 16  | 20         | 10000000 | 2500000   | 476191   | 0       | 8     | 4    | io_uring | 12        | 16  | decrease  | desc        | asc        | 8192       | 35.75             | 36.56         | 6   | 23258,23393,23528,23260,23395,23530 | 2.27     |
| 16  | 20         | 10000000 | 2500000   | 476191   | 0       | 8     | 4    | io_uring | 12        | 16  | decrease  | desc        | desc       | 762144     | 559.06            | 571.71        | 6   | 23698,23833,23968,23700,23835,23970 | 2.26     |
| 12  | 40         | 10000000 | 312500    | 238096   | 1024    | 0     | 32   | io_uring | 12        | 16  | decrease  | desc        | desc       | 8192       | 32.5              | 33.23         | 6   | 17228,17348,17468,17230,17350,17470 | 2.25     |
| 3   | 100        | 10000000 | 625000    | 93458    | 16384   | 8     | 16   | worker   | 12        | 16  | decrease  | asc         | asc        | 256        | 2.7               | 2.76          | 6   | 3043,3168,3293,3045,3170,3295       | 2.22     |
| 7   | 80         | 10000000 | 312500    | 117648   | 16384   | 2048  | 32   | worker   | 12        | 16  | decrease  | asc         | desc       | 2          | 1.82              | 1.86          | 6   | 9248,9368,9488,9250,9370,9490       | 2.2      |
| 6   | 80         | 10000000 | 312500    | 117648   | 16384   | 2048  | 32   | io_uring | 12        | 16  | increase  | desc        | desc       | 157768     | 1514.59           | 1547.67       | 6   | 8618,8738,8858,8620,8740,8860       | 2.18     |
| 11  | 40         | 10000000 | 312500    | 238096   | 1024    | 0     | 32   | worker   | 12        | 16  | decrease  | asc         | desc       | 64018      | 452.2             | 462.06        | 6   | 15083,15203,15323,15085,15205,15325 | 2.18     |
| 16  | 20         | 10000000 | 2500000   | 476191   | 0       | 8     | 4    | io_uring | 12        | 16  | decrease  | desc        | desc       | 1512144    | 1093.45           | 1117.21       | 6   | 23713,23848,23983,23715,23850,23985 | 2.17     |
| 7   | 80         | 10000000 | 312500    | 117648   | 16384   | 2048  | 32   | worker   | 12        | 16  | decrease  | asc         | asc        | 251518     | 2273.29           | 2322.46       | 6   | 8993,9113,9233,8995,9115,9235       | 2.16     |
| 17  | 40         | 10000000 | 312500    | 238096   | 4096    | 128   | 32   | worker   | 12        | 16  | increase  | asc         | desc       | 32768      | 307.93            | 314.59        | 6   | 24438,24558,24678,24440,24560,24680 | 2.16     |
| 2   | 100        | 10000000 | 625000    | 93458    | 16384   | 8     | 16   | worker   | 12        | 16  | increase  | desc        | desc       | 16384      | 30.31             | 30.96         | 6   | 1948,2073,2198,1950,2075,2200       | 2.14     |
| 1   | 100        | 10000000 | 625000    | 93458    | 16384   | 8     | 16   | worker   | 12        | 16  | increase  | asc         | asc        | 512        | 3.74              | 3.82          | 6   | 48,173,298,50,175,300               | 2.14     |
| 19  | 40         | 10000000 | 312500    | 238096   | 4096    | 128   | 32   | worker   | 12        | 16  | decrease  | asc         | asc        | 157768     | 576.36            | 588.49        | 6   | 26978,27098,27218,26980,27100,27220 | 2.1      |
| 7   | 80         | 10000000 | 312500    | 117648   | 16384   | 2048  | 32   | io_uring | 12        | 16  | decrease  | asc         | desc       | 1024       | 60.15             | 61.41         | 6   | 10013,10133,10253,10015,10135,10255 | 2.09     |
| 3   | 100        | 10000000 | 625000    | 93458    | 16384   | 8     | 16   | worker   | 12        | 16  | decrease  | asc         | desc       | 4          | 0.48              | 0.49          | 6   | 3388,3513,3638,3390,3515,3640       | 2.08     |
| 18  | 40         | 10000000 | 312500    | 238096   | 4096    | 128   | 32   | worker   | 12        | 16  | increase  | desc        | desc       | 220268     | 798.85            | 815.48        | 6   | 25908,26028,26148,25910,26030,26150 | 2.08     |
| 4   | 100        | 10000000 | 625000    | 93458    | 16384   | 8     | 16   | worker   | 12        | 16  | decrease  | desc        | asc        | 256        | 2.9               | 2.96          | 6   | 4543,4668,4793,4545,4670,4795       | 2.07     |
| 6   | 80         | 10000000 | 312500    | 117648   | 16384   | 2048  | 32   | worker   | 12        | 16  | increase  | desc        | desc       | 2          | 0.97              | 0.99          | 6   | 7808,7928,8048,7810,7930,8050       | 2.06     |
| 7   | 80         | 10000000 | 312500    | 117648   | 16384   | 2048  | 32   | io_uring | 12        | 16  | decrease  | asc         | asc        | 251518     | 2306.34           | 2353.35       | 6   | 9713,9833,9953,9715,9835,9955       | 2.04     |
| 17  | 40         | 10000000 | 312500    | 238096   | 4096    | 128   | 32   | io_uring | 12        | 16  | increase  | asc         | asc        | 4096       | 25.66             | 26.17         | 6   | 24783,24903,25023,24785,24905,25025 | 1.99     |
| 10  | 40         | 10000000 | 312500    | 238096   | 1024    | 0     | 32   | io_uring | 12        | 16  | increase  | desc        | asc        | 32         | 1.51              | 1.54          | 6   | 13948,14068,14188,13950,14070,14190 | 1.99     |
| 18  | 40         | 10000000 | 312500    | 238096   | 4096    | 128   | 32   | io_uring | 12        | 16  | increase  | desc        | desc       | 8192       | 42.06             | 42.89         | 6   | 26588,26708,26828,26590,26710,26830 | 1.97     |
| 9   | 40         | 10000000 | 312500    | 238096   | 1024    | 0     | 32   | worker   | 12        | 16  | increase  | asc         | asc        | 8          | 1.02              | 1.04          | 6   | 11778,11898,12018,11780,11900,12020 | 1.96     |
| 9   | 40         | 10000000 | 312500    | 238096   | 1024    | 0     | 32   | worker   | 12        | 16  | increase  | asc         | desc       | 2048       | 19.13             | 19.5          | 6   | 12178,12298,12418,12180,12300,12420 | 1.93     |
| 7   | 80         | 10000000 | 312500    | 117648   | 16384   | 2048  | 32   | io_uring | 12        | 16  | decrease  | asc         | asc        | 189018     | 1730.31           | 1763.5        | 6   | 9703,9823,9943,9705,9825,9945       | 1.92     |
| 9   | 40         | 10000000 | 312500    | 238096   | 1024    | 0     | 32   | worker   | 12        | 16  | increase  | asc         | desc       | 1024       | 11.08             | 11.29         | 6   | 12173,12293,12413,12175,12295,12415 | 1.9      |
| 17  | 40         | 10000000 | 312500    | 238096   | 4096    | 128   | 32   | worker   | 12        | 16  | increase  | asc         | asc        | 95268      | 371.6             | 378.64        | 6   | 24088,24208,24328,24090,24210,24330 | 1.89     |
| 14  | 20         | 10000000 | 2500000   | 476191   | 0       | 8     | 4    | worker   | 12        | 16  | increase  | desc        | asc        | 32         | 0.53              | 0.54          | 6   | 19168,19303,19438,19170,19305,19440 | 1.89     |
| 19  | 40         | 10000000 | 312500    | 238096   | 4096    | 128   | 32   | worker   | 12        | 16  | decrease  | asc         | asc        | 95268      | 353.71            | 360.35        | 6   | 26968,27088,27208,26970,27090,27210 | 1.88     |
| 5   | 80         | 10000000 | 312500    | 117648   | 16384   | 2048  | 32   | io_uring | 12        | 16  | increase  | asc         | desc       | 256        | 37.96             | 38.67         | 6   | 7123,7243,7363,7125,7245,7365       | 1.87     |
| 17  | 40         | 10000000 | 312500    | 238096   | 4096    | 128   | 32   | io_uring | 12        | 16  | increase  | asc         | asc        | 8192       | 43.42             | 44.23         | 6   | 24788,24908,25028,24790,24910,25030 | 1.87     |
| 13  | 20         | 10000000 | 2500000   | 476191   | 0       | 8     | 4    | worker   | 12        | 16  | increase  | asc         | desc       | 762144     | 3147.0            | 3205.28       | 6   | 18028,18163,18298,18030,18165,18300 | 1.85     |
| 4   | 100        | 10000000 | 625000    | 93458    | 16384   | 8     | 16   | io_uring | 12        | 16  | decrease  | desc        | desc       | 190536     | 268.93            | 273.91        | 6   | 5718,5843,5968,5720,5845,5970       | 1.85     |
| 6   | 80         | 10000000 | 312500    | 117648   | 16384   | 2048  | 32   | io_uring | 12        | 16  | increase  | desc        | asc        | 2048       | 78.02             | 79.46         | 6   | 8218,8338,8458,8220,8340,8460       | 1.85     |
| 18  | 40         | 10000000 | 312500    | 238096   | 4096    | 128   | 32   | worker   | 12        | 16  | increase  | desc        | desc       | 95268      | 350.41            | 356.76        | 6   | 25888,26008,26128,25890,26010,26130 | 1.81     |
| 13  | 20         | 10000000 | 2500000   | 476191   | 0       | 8     | 4    | io_uring | 12        | 16  | increase  | asc         | asc        | 1262144    | 904.46            | 920.85        | 6   | 18443,18578,18713,18445,18580,18715 | 1.81     |
| 2   | 100        | 10000000 | 625000    | 93458    | 16384   | 8     | 16   | io_uring | 12        | 16  | increase  | desc        | asc        | 32768      | 119.88            | 122.05        | 6   | 2328,2453,2578,2330,2455,2580       | 1.81     |
| 10  | 40         | 10000000 | 312500    | 238096   | 1024    | 0     | 32   | worker   | 12        | 16  | increase  | desc        | asc        | 64018      | 453.07            | 461.26        | 6   | 13283,13403,13523,13285,13405,13525 | 1.81     |
| 6   | 80         | 10000000 | 312500    | 117648   | 16384   | 2048  | 32   | io_uring | 12        | 16  | increase  | desc        | desc       | 32768      | 328.77            | 334.65        | 6   | 8598,8718,8838,8600,8720,8840       | 1.79     |
| 12  | 40         | 10000000 | 312500    | 238096   | 1024    | 0     | 32   | io_uring | 12        | 16  | decrease  | desc        | asc        | 512        | 7.91              | 8.05          | 6   | 16848,16968,17088,16850,16970,17090 | 1.77     |
| 21  | 80         | 10000000 | 10000000  | 117648   | 1048576 | 128   | 1    | worker   | 12        | 16  | increase  | asc         | desc       | 8          | 0.57              | 0.58          | 6   | 30213,30358,30503,30215,30360,30505 | 1.75     |
| 13  | 20         | 10000000 | 2500000   | 476191   | 0       | 8     | 4    | worker   | 12        | 16  | increase  | asc         | asc        | 762144     | 409.19            | 416.36        | 6   | 17623,17758,17893,17625,17760,17895 | 1.75     |
| 7   | 80         | 10000000 | 312500    | 117648   | 16384   | 2048  | 32   | worker   | 12        | 16  | decrease  | asc         | asc        | 4          | 1.72              | 1.75          | 6   | 8893,9013,9133,8895,9015,9135       | 1.74     |
| 11  | 40         | 10000000 | 312500    | 238096   | 1024    | 0     | 32   | io_uring | 12        | 16  | decrease  | asc         | desc       | 32         | 1.73              | 1.76          | 6   | 15748,15868,15988,15750,15870,15990 | 1.73     |
| 7   | 80         | 10000000 | 312500    | 117648   | 16384   | 2048  | 32   | worker   | 12        | 16  | decrease  | asc         | asc        | 282768     | 2578.35           | 2621.55       | 6   | 8998,9118,9238,9000,9120,9240       | 1.68     |
| 18  | 40         | 10000000 | 312500    | 238096   | 4096    | 128   | 32   | worker   | 12        | 16  | increase  | desc        | asc        | 2          | 0.6               | 0.61          | 6   | 25448,25568,25688,25450,25570,25690 | 1.67     |
| 10  | 40         | 10000000 | 312500    | 238096   | 1024    | 0     | 32   | io_uring | 12        | 16  | increase  | desc        | desc       | 512        | 5.41              | 5.5           | 6   | 14328,14448,14568,14330,14450,14570 | 1.66     |
| 18  | 40         | 10000000 | 312500    | 238096   | 4096    | 128   | 32   | io_uring | 12        | 16  | increase  | desc        | desc       | 16384      | 77.23             | 78.51         | 6   | 26593,26713,26833,26595,26715,26835 | 1.66     |
| 11  | 40         | 10000000 | 312500    | 238096   | 1024    | 0     | 32   | worker   | 12        | 16  | decrease  | asc         | asc        | 4096       | 17.69             | 17.98         | 6   | 14703,14823,14943,14705,14825,14945 | 1.64     |
| 3   | 100        | 10000000 | 625000    | 93458    | 16384   | 8     | 16   | io_uring | 12        | 16  | decrease  | asc         | asc        | 190536     | 286.8             | 291.46        | 6   | 3843,3968,4093,3845,3970,4095       | 1.62     |
| 17  | 40         | 10000000 | 312500    | 238096   | 4096    | 128   | 32   | io_uring | 12        | 16  | increase  | asc         | asc        | 16384      | 79.77             | 81.05         | 6   | 24793,24913,25033,24795,24915,25035 | 1.6      |
| 3   | 100        | 10000000 | 625000    | 93458    | 16384   | 8     | 16   | worker   | 12        | 16  | decrease  | asc         | desc       | 8192       | 34.94             | 35.5          | 6   | 3443,3568,3693,3445,3570,3695       | 1.6      |
| 7   | 80         | 10000000 | 312500    | 117648   | 16384   | 2048  | 32   | io_uring | 12        | 16  | decrease  | asc         | asc        | 282768     | 2600.0            | 2641.46       | 6   | 9718,9838,9958,9720,9840,9960       | 1.59     |
| 9   | 40         | 10000000 | 312500    | 238096   | 1024    | 0     | 32   | worker   | 12        | 16  | increase  | asc         | asc        | 251518     | 748.45            | 760.37        | 6   | 11873,11993,12113,11875,11995,12115 | 1.59     |
| 18  | 40         | 10000000 | 312500    | 238096   | 4096    | 128   | 32   | worker   | 12        | 16  | increase  | desc        | asc        | 8192       | 80.62             | 81.9          | 6   | 25508,25628,25748,25510,25630,25750 | 1.59     |
| 2   | 100        | 10000000 | 625000    | 93458    | 16384   | 8     | 16   | worker   | 12        | 16  | increase  | desc        | desc       | 565536     | 714.01            | 725.24        | 6   | 1998,2123,2248,2000,2125,2250       | 1.57     |
| 10  | 40         | 10000000 | 312500    | 238096   | 1024    | 0     | 32   | worker   | 12        | 16  | increase  | desc        | asc        | 8192       | 62.97             | 63.95         | 6   | 13268,13388,13508,13270,13390,13510 | 1.56     |
| 11  | 40         | 10000000 | 312500    | 238096   | 1024    | 0     | 32   | io_uring | 12        | 16  | decrease  | asc         | desc       | 8192       | 68.18             | 69.24         | 6   | 15788,15908,16028,15790,15910,16030 | 1.55     |
| 13  | 20         | 10000000 | 2500000   | 476191   | 0       | 8     | 4    | io_uring | 12        | 16  | increase  | asc         | asc        | 262144     | 200.07            | 203.18        | 6   | 18423,18558,18693,18425,18560,18695 | 1.55     |
| 9   | 40         | 10000000 | 312500    | 238096   | 1024    | 0     | 32   | worker   | 12        | 16  | increase  | asc         | desc       | 128        | 2.59              | 2.63          | 6   | 12158,12278,12398,12160,12280,12400 | 1.54     |
| 11  | 40         | 10000000 | 312500    | 238096   | 1024    | 0     | 32   | io_uring | 12        | 16  | decrease  | asc         | desc       | 251518     | 2017.98           | 2049.1        | 6   | 15833,15953,16073,15835,15955,16075 | 1.54     |
| 6   | 80         | 10000000 | 312500    | 117648   | 16384   | 2048  | 32   | io_uring | 12        | 16  | increase  | desc        | desc       | 282768     | 2727.27           | 2769.0        | 6   | 8638,8758,8878,8640,8760,8880       | 1.53     |
| 12  | 40         | 10000000 | 312500    | 238096   | 1024    | 0     | 32   | worker   | 12        | 16  | decrease  | desc        | desc       | 8192       | 30.72             | 31.19         | 6   | 16508,16628,16748,16510,16630,16750 | 1.53     |
| 2   | 100        | 10000000 | 625000    | 93458    | 16384   | 8     | 16   | worker   | 12        | 16  | increase  | desc        | asc        | 128036     | 406.25            | 412.44        | 6   | 1588,1713,1838,1590,1715,1840       | 1.52     |
| 5   | 80         | 10000000 | 312500    | 117648   | 16384   | 2048  | 32   | io_uring | 12        | 16  | increase  | asc         | asc        | 1          | 0.66              | 0.67          | 6   | 6723,6843,6963,6725,6845,6965       | 1.52     |
| 12  | 40         | 10000000 | 312500    | 238096   | 1024    | 0     | 32   | worker   | 12        | 16  | decrease  | desc        | desc       | 16384      | 57.24             | 58.1          | 6   | 16513,16633,16753,16515,16635,16755 | 1.5      |
| 16  | 20         | 10000000 | 2500000   | 476191   | 0       | 8     | 4    | io_uring | 12        | 16  | decrease  | desc        | desc       | 2012144    | 1432.07           | 1453.54       | 6   | 23723,23858,23993,23725,23860,23995 | 1.5      |
| 3   | 100        | 10000000 | 625000    | 93458    | 16384   | 8     | 16   | worker   | 12        | 16  | decrease  | asc         | asc        | 503036     | 625.58            | 634.95        | 6   | 3118,3243,3368,3120,3245,3370       | 1.5      |
| 8   | 80         | 10000000 | 312500    | 117648   | 16384   | 2048  | 32   | worker   | 12        | 16  | decrease  | desc        | desc       | 1          | 0.67              | 0.68          | 6   | 10683,10803,10923,10685,10805,10925 | 1.49     |
| 3   | 100        | 10000000 | 625000    | 93458    | 16384   | 8     | 16   | worker   | 12        | 16  | decrease  | asc         | desc       | 503036     | 1668.1            | 1692.86       | 6   | 3493,3618,3743,3495,3620,3745       | 1.48     |
| 3   | 100        | 10000000 | 625000    | 93458    | 16384   | 8     | 16   | worker   | 12        | 16  | decrease  | asc         | desc       | 253036     | 847.82            | 860.35        | 6   | 3473,3598,3723,3475,3600,3725       | 1.48     |
| 10  | 40         | 10000000 | 312500    | 238096   | 1024    | 0     | 32   | worker   | 12        | 16  | increase  | desc        | desc       | 4          | 0.68              | 0.69          | 6   | 13573,13693,13813,13575,13695,13815 | 1.47     |
| 20  | 40         | 10000000 | 312500    | 238096   | 4096    | 128   | 32   | io_uring | 12        | 16  | decrease  | desc        | asc        | 4096       | 66.86             | 67.84         | 6   | 29103,29223,29343,29105,29225,29345 | 1.47     |
| 11  | 40         | 10000000 | 312500    | 238096   | 1024    | 0     | 32   | worker   | 12        | 16  | decrease  | asc         | asc        | 32768      | 106.54            | 108.1         | 6   | 14718,14838,14958,14720,14840,14960 | 1.46     |
| 20  | 40         | 10000000 | 312500    | 238096   | 4096    | 128   | 32   | worker   | 12        | 16  | decrease  | desc        | asc        | 32768      | 275.3             | 279.31        | 6   | 28398,28518,28638,28400,28520,28640 | 1.46     |
| 2   | 100        | 10000000 | 625000    | 93458    | 16384   | 8     | 16   | worker   | 12        | 16  | increase  | desc        | desc       | 4096       | 13.19             | 13.38         | 6   | 1938,2063,2188,1940,2065,2190       | 1.44     |
| 19  | 40         | 10000000 | 312500    | 238096   | 4096    | 128   | 32   | io_uring | 12        | 16  | decrease  | asc         | desc       | 4          | 1.39              | 1.41          | 6   | 27973,28093,28213,27975,28095,28215 | 1.44     |
| 19  | 40         | 10000000 | 312500    | 238096   | 4096    | 128   | 32   | io_uring | 12        | 16  | decrease  | asc         | desc       | 8192       | 98.22             | 99.63         | 6   | 28028,28148,28268,28030,28150,28270 | 1.44     |
| 12  | 40         | 10000000 | 312500    | 238096   | 1024    | 0     | 32   | io_uring | 12        | 16  | decrease  | desc        | asc        | 64         | 2.09              | 2.12          | 6   | 16833,16953,17073,16835,16955,17075 | 1.44     |
| 17  | 40         | 10000000 | 312500    | 238096   | 4096    | 128   | 32   | worker   | 12        | 16  | increase  | asc         | asc        | 8          | 1.4               | 1.42          | 6   | 24018,24138,24258,24020,24140,24260 | 1.43     |
| 19  | 40         | 10000000 | 312500    | 238096   | 4096    | 128   | 32   | io_uring | 12        | 16  | decrease  | asc         | asc        | 220268     | 946.65            | 960.1         | 6   | 27708,27828,27948,27710,27830,27950 | 1.42     |
| 16  | 20         | 10000000 | 2500000   | 476191   | 0       | 8     | 4    | worker   | 12        | 16  | decrease  | desc        | asc        | 131072     | 391.0             | 396.49        | 6   | 22468,22603,22738,22470,22605,22740 | 1.4      |
| 19  | 40         | 10000000 | 312500    | 238096   | 4096    | 128   | 32   | worker   | 12        | 16  | decrease  | asc         | desc       | 64018      | 532.85            | 540.15        | 6   | 27323,27443,27563,27325,27445,27565 | 1.37     |
| 19  | 40         | 10000000 | 312500    | 238096   | 4096    | 128   | 32   | io_uring | 12        | 16  | decrease  | asc         | asc        | 157768     | 686.54            | 695.94        | 6   | 27698,27818,27938,27700,27820,27940 | 1.37     |
| 16  | 20         | 10000000 | 2500000   | 476191   | 0       | 8     | 4    | io_uring | 12        | 16  | decrease  | desc        | asc        | 2012144    | 9214.99           | 9339.68       | 6   | 23318,23453,23588,23320,23455,23590 | 1.35     |
| 4   | 100        | 10000000 | 625000    | 93458    | 16384   | 8     | 16   | worker   | 12        | 16  | decrease  | desc        | asc        | 128036     | 395.01            | 400.28        | 6   | 4588,4713,4838,4590,4715,4840       | 1.33     |
| 9   | 40         | 10000000 | 312500    | 238096   | 1024    | 0     | 32   | worker   | 12        | 16  | increase  | asc         | desc       | 8192       | 63.39             | 64.23         | 6   | 12188,12308,12428,12190,12310,12430 | 1.33     |
| 16  | 20         | 10000000 | 2500000   | 476191   | 0       | 8     | 4    | worker   | 12        | 16  | decrease  | desc        | desc       | 512144     | 284.8             | 288.55        | 6   | 22883,23018,23153,22885,23020,23155 | 1.32     |
| 1   | 100        | 10000000 | 625000    | 93458    | 16384   | 8     | 16   | worker   | 12        | 16  | increase  | asc         | asc        | 65536      | 96.99             | 98.26         | 6   | 83,208,333,85,210,335               | 1.31     |
| 17  | 40         | 10000000 | 312500    | 238096   | 4096    | 128   | 32   | worker   | 12        | 16  | increase  | asc         | desc       | 95268      | 837.97            | 848.86        | 6   | 24448,24568,24688,24450,24570,24690 | 1.3      |
| 15  | 20         | 10000000 | 2500000   | 476191   | 0       | 8     | 4    | worker   | 12        | 16  | decrease  | asc         | desc       | 16384      | 22.78             | 23.07         | 6   | 21238,21373,21508,21240,21375,21510 | 1.27     |
| 17  | 40         | 10000000 | 312500    | 238096   | 4096    | 128   | 32   | worker   | 12        | 16  | increase  | asc         | asc        | 64018      | 253.24            | 256.42        | 6   | 24083,24203,24323,24085,24205,24325 | 1.26     |
| 10  | 40         | 10000000 | 312500    | 238096   | 1024    | 0     | 32   | io_uring | 12        | 16  | increase  | desc        | asc        | 256        | 4.8               | 4.86          | 6   | 13963,14083,14203,13965,14085,14205 | 1.25     |
| 19  | 40         | 10000000 | 312500    | 238096   | 4096    | 128   | 32   | io_uring | 12        | 16  | decrease  | asc         | desc       | 2          | 0.8               | 0.81          | 6   | 27968,28088,28208,27970,28090,28210 | 1.25     |
| 11  | 40         | 10000000 | 312500    | 238096   | 1024    | 0     | 32   | io_uring | 12        | 16  | decrease  | asc         | asc        | 4096       | 20.04             | 20.29         | 6   | 15423,15543,15663,15425,15545,15665 | 1.25     |
| 3   | 100        | 10000000 | 625000    | 93458    | 16384   | 8     | 16   | worker   | 12        | 16  | decrease  | asc         | asc        | 565536     | 694.52            | 703.15        | 6   | 3123,3248,3373,3125,3250,3375       | 1.24     |
| 11  | 40         | 10000000 | 312500    | 238096   | 1024    | 0     | 32   | worker   | 12        | 16  | decrease  | asc         | asc        | 8192       | 31.41             | 31.8          | 6   | 14708,14828,14948,14710,14830,14950 | 1.24     |
| 12  | 40         | 10000000 | 312500    | 238096   | 1024    | 0     | 32   | io_uring | 12        | 16  | decrease  | desc        | desc       | 2048       | 11.29             | 11.43         | 6   | 17218,17338,17458,17220,17340,17460 | 1.24     |
| 2   | 100        | 10000000 | 625000    | 93458    | 16384   | 8     | 16   | worker   | 12        | 16  | increase  | desc        | asc        | 378036     | 1177.62           | 1192.19       | 6   | 1608,1733,1858,1610,1735,1860       | 1.24     |
| 2   | 100        | 10000000 | 625000    | 93458    | 16384   | 8     | 16   | worker   | 12        | 16  | increase  | desc        | desc       | 253036     | 326.68            | 330.71        | 6   | 1973,2098,2223,1975,2100,2225       | 1.23     |
| 9   | 40         | 10000000 | 312500    | 238096   | 1024    | 0     | 32   | io_uring | 12        | 16  | increase  | asc         | asc        | 95268      | 327.65            | 331.68        | 6   | 12568,12688,12808,12570,12690,12810 | 1.23     |
| 12  | 40         | 10000000 | 312500    | 238096   | 1024    | 0     | 32   | worker   | 12        | 16  | decrease  | desc        | asc        | 2048       | 18.76             | 18.99         | 6   | 16138,16258,16378,16140,16260,16380 | 1.23     |
| 10  | 40         | 10000000 | 312500    | 238096   | 1024    | 0     | 32   | worker   | 12        | 16  | increase  | desc        | asc        | 512        | 6.58              | 6.66          | 6   | 13248,13368,13488,13250,13370,13490 | 1.22     |
| 16  | 20         | 10000000 | 2500000   | 476191   | 0       | 8     | 4    | worker   | 12        | 16  | decrease  | desc        | desc       | 1024       | 1.67              | 1.69          | 6   | 22838,22973,23108,22840,22975,23110 | 1.2      |
| 10  | 40         | 10000000 | 312500    | 238096   | 1024    | 0     | 32   | io_uring | 12        | 16  | increase  | desc        | desc       | 64018      | 261.68            | 264.79        | 6   | 14363,14483,14603,14365,14485,14605 | 1.19     |
| 12  | 40         | 10000000 | 312500    | 238096   | 1024    | 0     | 32   | worker   | 12        | 16  | decrease  | desc        | asc        | 32768      | 234.39            | 237.16        | 6   | 16158,16278,16398,16160,16280,16400 | 1.18     |
| 17  | 40         | 10000000 | 312500    | 238096   | 4096    | 128   | 32   | io_uring | 12        | 16  | increase  | asc         | asc        | 128        | 3.41              | 3.45          | 6   | 24758,24878,24998,24760,24880,25000 | 1.17     |
| 9   | 40         | 10000000 | 312500    | 238096   | 1024    | 0     | 32   | worker   | 12        | 16  | increase  | asc         | desc       | 126518     | 909.7             | 920.37        | 6   | 12213,12333,12453,12215,12335,12455 | 1.17     |
| 9   | 40         | 10000000 | 312500    | 238096   | 1024    | 0     | 32   | worker   | 12        | 16  | increase  | asc         | desc       | 32768      | 239.13            | 241.92        | 6   | 12198,12318,12438,12200,12320,12440 | 1.17     |
| 10  | 40         | 10000000 | 312500    | 238096   | 1024    | 0     | 32   | io_uring | 12        | 16  | increase  | desc        | asc        | 16384      | 125.38            | 126.83        | 6   | 13993,14113,14233,13995,14115,14235 | 1.16     |
| 17  | 40         | 10000000 | 312500    | 238096   | 4096    | 128   | 32   | io_uring | 12        | 16  | increase  | asc         | asc        | 157768     | 693.25            | 701.11        | 6   | 24818,24938,25058,24820,24940,25060 | 1.13     |
| 18  | 40         | 10000000 | 312500    | 238096   | 4096    | 128   | 32   | worker   | 12        | 16  | increase  | desc        | desc       | 282768     | 1019.03           | 1030.44       | 6   | 25918,26038,26158,25920,26040,26160 | 1.12     |
| 1   | 100        | 10000000 | 625000    | 93458    | 16384   | 8     | 16   | worker   | 12        | 16  | increase  | asc         | asc        | 440536     | 579.22            | 585.7         | 6   | 113,238,363,115,240,365             | 1.12     |
| 4   | 100        | 10000000 | 625000    | 93458    | 16384   | 8     | 16   | worker   | 12        | 16  | decrease  | desc        | desc       | 503036     | 661.62            | 668.87        | 6   | 4993,5118,5243,4995,5120,5245       | 1.1      |
| 2   | 100        | 10000000 | 625000    | 93458    | 16384   | 8     | 16   | worker   | 12        | 16  | increase  | desc        | asc        | 16384      | 59.78             | 60.43         | 6   | 1573,1698,1823,1575,1700,1825       | 1.09     |
| 6   | 80         | 10000000 | 312500    | 117648   | 16384   | 2048  | 32   | worker   | 12        | 16  | increase  | desc        | desc       | 1024       | 21.21             | 21.44         | 6   | 7853,7973,8093,7855,7975,8095       | 1.08     |
| 6   | 80         | 10000000 | 312500    | 117648   | 16384   | 2048  | 32   | io_uring | 12        | 16  | increase  | desc        | desc       | 251518     | 2444.02           | 2470.52       | 6   | 8633,8753,8873,8635,8755,8875       | 1.08     |
| 1   | 100        | 10000000 | 625000    | 93458    | 16384   | 8     | 16   | worker   | 12        | 16  | increase  | asc         | desc       | 8192       | 37.35             | 37.75         | 6   | 443,568,693,445,570,695             | 1.07     |
| 19  | 40         | 10000000 | 312500    | 238096   | 4096    | 128   | 32   | io_uring | 12        | 16  | decrease  | asc         | desc       | 251518     | 2401.87           | 2427.29       | 6   | 28073,28193,28313,28075,28195,28315 | 1.06     |
| 3   | 100        | 10000000 | 625000    | 93458    | 16384   | 8     | 16   | worker   | 12        | 16  | decrease  | asc         | asc        | 1024       | 5.67              | 5.73          | 6   | 3053,3178,3303,3055,3180,3305       | 1.06     |
| 8   | 80         | 10000000 | 312500    | 117648   | 16384   | 2048  | 32   | worker   | 12        | 16  | decrease  | desc        | asc        | 2          | 1.9               | 1.92          | 6   | 10328,10448,10568,10330,10450,10570 | 1.05     |
| 1   | 100        | 10000000 | 625000    | 93458    | 16384   | 8     | 16   | worker   | 12        | 16  | increase  | asc         | asc        | 32768      | 52.42             | 52.97         | 6   | 78,203,328,80,205,330               | 1.05     |
| 1   | 100        | 10000000 | 625000    | 93458    | 16384   | 8     | 16   | worker   | 12        | 16  | increase  | asc         | desc       | 512        | 5.72              | 5.78          | 6   | 423,548,673,425,550,675             | 1.05     |
| 12  | 40         | 10000000 | 312500    | 238096   | 1024    | 0     | 32   | io_uring | 12        | 16  | decrease  | desc        | desc       | 4096       | 18.22             | 18.41         | 6   | 17223,17343,17463,17225,17345,17465 | 1.04     |
| 16  | 20         | 10000000 | 2500000   | 476191   | 0       | 8     | 4    | io_uring | 12        | 16  | decrease  | desc        | desc       | 256        | 0.96              | 0.97          | 6   | 23638,23773,23908,23640,23775,23910 | 1.04     |
| 9   | 40         | 10000000 | 312500    | 238096   | 1024    | 0     | 32   | io_uring | 12        | 16  | increase  | asc         | desc       | 32768      | 294.73            | 297.77        | 6   | 12918,13038,13158,12920,13040,13160 | 1.03     |
| 3   | 100        | 10000000 | 625000    | 93458    | 16384   | 8     | 16   | io_uring | 12        | 16  | decrease  | asc         | asc        | 440536     | 649.47            | 656.09        | 6   | 3863,3988,4113,3865,3990,4115       | 1.02     |
| 1   | 100        | 10000000 | 625000    | 93458    | 16384   | 8     | 16   | io_uring | 12        | 16  | increase  | asc         | asc        | 565536     | 785.24            | 793.16        | 6   | 873,998,1123,875,1000,1125          | 1.01     |
| 2   | 100        | 10000000 | 625000    | 93458    | 16384   | 8     | 16   | io_uring | 12        | 16  | increase  | desc        | desc       | 1024       | 6.99              | 7.06          | 6   | 2678,2803,2928,2680,2805,2930       | 1.0      |
| 17  | 40         | 10000000 | 312500    | 238096   | 4096    | 128   | 32   | io_uring | 12        | 16  | increase  | asc         | asc        | 32768      | 152.13            | 153.65        | 6   | 24798,24918,25038,24800,24920,25040 | 1.0      |
| 19  | 40         | 10000000 | 312500    | 238096   | 4096    | 128   | 32   | io_uring | 12        | 16  | decrease  | asc         | desc       | 157768     | 1508.55           | 1523.54       | 6   | 28058,28178,28298,28060,28180,28300 | 0.99     |
| 20  | 40         | 10000000 | 312500    | 238096   | 4096    | 128   | 32   | io_uring | 12        | 16  | decrease  | desc        | desc       | 256        | 5.05              | 5.1           | 6   | 29443,29563,29683,29445,29565,29685 | 0.99     |
| 9   | 40         | 10000000 | 312500    | 238096   | 1024    | 0     | 32   | worker   | 12        | 16  | increase  | asc         | desc       | 64018      | 462.17            | 466.66        | 6   | 12203,12323,12443,12205,12325,12445 | 0.97     |
| 6   | 80         | 10000000 | 312500    | 117648   | 16384   | 2048  | 32   | worker   | 12        | 16  | increase  | desc        | asc        | 1          | 1.03              | 1.04          | 6   | 7443,7563,7683,7445,7565,7685       | 0.97     |
| 9   | 40         | 10000000 | 312500    | 238096   | 1024    | 0     | 32   | io_uring | 12        | 16  | increase  | asc         | desc       | 512        | 8.28              | 8.36          | 6   | 12888,13008,13128,12890,13010,13130 | 0.97     |
| 7   | 80         | 10000000 | 312500    | 117648   | 16384   | 2048  | 32   | io_uring | 12        | 16  | decrease  | asc         | asc        | 2048       | 33.78             | 34.1          | 6   | 9658,9778,9898,9660,9780,9900       | 0.95     |
| 7   | 80         | 10000000 | 312500    | 117648   | 16384   | 2048  | 32   | io_uring | 12        | 16  | decrease  | asc         | asc        | 512        | 19.04             | 19.22         | 6   | 9648,9768,9888,9650,9770,9890       | 0.95     |
| 18  | 40         | 10000000 | 312500    | 238096   | 4096    | 128   | 32   | io_uring | 12        | 16  | increase  | desc        | asc        | 8192       | 97.47             | 98.38         | 6   | 26228,26348,26468,26230,26350,26470 | 0.93     |
| 19  | 40         | 10000000 | 312500    | 238096   | 4096    | 128   | 32   | worker   | 12        | 16  | decrease  | asc         | asc        | 8192       | 37.82             | 38.17         | 6   | 26948,27068,27188,26950,27070,27190 | 0.93     |
| 20  | 40         | 10000000 | 312500    | 238096   | 4096    | 128   | 32   | worker   | 12        | 16  | decrease  | desc        | desc       | 256        | 4.35              | 4.39          | 6   | 28723,28843,28963,28725,28845,28965 | 0.92     |
| 20  | 40         | 10000000 | 312500    | 238096   | 4096    | 128   | 32   | worker   | 12        | 16  | decrease  | desc        | asc        | 282768     | 2240.3            | 2260.75       | 6   | 28438,28558,28678,28440,28560,28680 | 0.91     |
| 18  | 40         | 10000000 | 312500    | 238096   | 4096    | 128   | 32   | io_uring | 12        | 16  | increase  | desc        | asc        | 4096       | 56.97             | 57.49         | 6   | 26223,26343,26463,26225,26345,26465 | 0.91     |
| 12  | 40         | 10000000 | 312500    | 238096   | 1024    | 0     | 32   | io_uring | 12        | 16  | decrease  | desc        | desc       | 8          | 1.1               | 1.11          | 6   | 17178,17298,17418,17180,17300,17420 | 0.91     |
| 20  | 40         | 10000000 | 312500    | 238096   | 4096    | 128   | 32   | io_uring | 12        | 16  | decrease  | desc        | asc        | 32768      | 389.7             | 393.23        | 6   | 29118,29238,29358,29120,29240,29360 | 0.91     |
| 12  | 40         | 10000000 | 312500    | 238096   | 1024    | 0     | 32   | worker   | 12        | 16  | decrease  | desc        | desc       | 157768     | 477.77            | 482.09        | 6   | 16538,16658,16778,16540,16660,16780 | 0.9      |
| 12  | 40         | 10000000 | 312500    | 238096   | 1024    | 0     | 32   | io_uring | 12        | 16  | decrease  | desc        | desc       | 157768     | 541.7             | 546.59        | 6   | 17258,17378,17498,17260,17380,17500 | 0.9      |
| 10  | 40         | 10000000 | 312500    | 238096   | 1024    | 0     | 32   | worker   | 12        | 16  | increase  | desc        | desc       | 189018     | 630.88            | 636.57        | 6   | 13663,13783,13903,13665,13785,13905 | 0.9      |
| 20  | 40         | 10000000 | 312500    | 238096   | 4096    | 128   | 32   | io_uring | 12        | 16  | decrease  | desc        | desc       | 95268      | 420.85            | 424.63        | 6   | 29488,29608,29728,29490,29610,29730 | 0.9      |
| 11  | 40         | 10000000 | 312500    | 238096   | 1024    | 0     | 32   | io_uring | 12        | 16  | decrease  | asc         | asc        | 126518     | 489.68            | 494.07        | 6   | 15453,15573,15693,15455,15575,15695 | 0.9      |
| 4   | 100        | 10000000 | 625000    | 93458    | 16384   | 8     | 16   | worker   | 12        | 16  | decrease  | desc        | desc       | 2048       | 9.11              | 9.19          | 6   | 4933,5058,5183,4935,5060,5185       | 0.88     |
| 15  | 20         | 10000000 | 2500000   | 476191   | 0       | 8     | 4    | io_uring | 12        | 16  | decrease  | asc         | asc        | 64         | 1.15              | 1.16          | 6   | 21603,21738,21873,21605,21740,21875 | 0.87     |
| 6   | 80         | 10000000 | 312500    | 117648   | 16384   | 2048  | 32   | worker   | 12        | 16  | increase  | desc        | desc       | 8192       | 85.49             | 86.23         | 6   | 7868,7988,8108,7870,7990,8110       | 0.87     |
| 4   | 100        | 10000000 | 625000    | 93458    | 16384   | 8     | 16   | io_uring | 12        | 16  | decrease  | desc        | desc       | 378036     | 526.18            | 530.73        | 6   | 5733,5858,5983,5735,5860,5985       | 0.86     |
| 13  | 20         | 10000000 | 2500000   | 476191   | 0       | 8     | 4    | io_uring | 12        | 16  | increase  | asc         | asc        | 8192       | 9.26              | 9.34          | 6   | 18398,18533,18668,18400,18535,18670 | 0.86     |
| 11  | 40         | 10000000 | 312500    | 238096   | 1024    | 0     | 32   | io_uring | 12        | 16  | decrease  | asc         | desc       | 189018     | 1484.89           | 1497.67       | 6   | 15823,15943,16063,15825,15945,16065 | 0.86     |
| 3   | 100        | 10000000 | 625000    | 93458    | 16384   | 8     | 16   | io_uring | 12        | 16  | decrease  | asc         | asc        | 503036     | 745.63            | 751.98        | 6   | 3868,3993,4118,3870,3995,4120       | 0.85     |
| 11  | 40         | 10000000 | 312500    | 238096   | 1024    | 0     | 32   | io_uring | 12        | 16  | decrease  | asc         | asc        | 64018      | 250.63            | 252.74        | 6   | 15443,15563,15683,15445,15565,15685 | 0.84     |
| 18  | 40         | 10000000 | 312500    | 238096   | 4096    | 128   | 32   | worker   | 12        | 16  | increase  | desc        | asc        | 16384      | 147.36            | 148.6         | 6   | 25513,25633,25753,25515,25635,25755 | 0.84     |
| 9   | 40         | 10000000 | 312500    | 238096   | 1024    | 0     | 32   | worker   | 12        | 16  | increase  | asc         | asc        | 126518     | 386.78            | 390.0         | 6   | 11853,11973,12093,11855,11975,12095 | 0.83     |
| 12  | 40         | 10000000 | 312500    | 238096   | 1024    | 0     | 32   | worker   | 12        | 16  | decrease  | desc        | desc       | 282768     | 845.05            | 852.06        | 6   | 16558,16678,16798,16560,16680,16800 | 0.83     |
| 4   | 100        | 10000000 | 625000    | 93458    | 16384   | 8     | 16   | worker   | 12        | 16  | decrease  | desc        | asc        | 440536     | 1353.68           | 1364.84       | 6   | 4613,4738,4863,4615,4740,4865       | 0.82     |
| 12  | 40         | 10000000 | 312500    | 238096   | 1024    | 0     | 32   | io_uring | 12        | 16  | decrease  | desc        | desc       | 64018      | 223.11            | 224.94        | 6   | 17243,17363,17483,17245,17365,17485 | 0.82     |
| 3   | 100        | 10000000 | 625000    | 93458    | 16384   | 8     | 16   | worker   | 12        | 16  | decrease  | asc         | desc       | 315536     | 1052.14           | 1060.75       | 6   | 3478,3603,3728,3480,3605,3730       | 0.82     |
| 19  | 40         | 10000000 | 312500    | 238096   | 4096    | 128   | 32   | worker   | 12        | 16  | decrease  | asc         | desc       | 189018     | 1551.74           | 1564.27       | 6   | 27343,27463,27583,27345,27465,27585 | 0.81     |
| 20  | 40         | 10000000 | 312500    | 238096   | 4096    | 128   | 32   | io_uring | 12        | 16  | decrease  | desc        | asc        | 16384      | 204.56            | 206.21        | 6   | 29113,29233,29353,29115,29235,29355 | 0.81     |
| 18  | 40         | 10000000 | 312500    | 238096   | 4096    | 128   | 32   | worker   | 12        | 16  | increase  | desc        | desc       | 64018      | 236.26            | 238.14        | 6   | 25883,26003,26123,25885,26005,26125 | 0.8      |
| 13  | 20         | 10000000 | 2500000   | 476191   | 0       | 8     | 4    | io_uring | 12        | 16  | increase  | asc         | desc       | 4096       | 20.36             | 20.52         | 6   | 18798,18933,19068,18800,18935,19070 | 0.79     |
| 16  | 20         | 10000000 | 2500000   | 476191   | 0       | 8     | 4    | worker   | 12        | 16  | decrease  | desc        | asc        | 262144     | 769.33            | 775.28        | 6   | 22473,22608,22743,22475,22610,22745 | 0.77     |
| 5   | 80         | 10000000 | 312500    | 117648   | 16384   | 2048  | 32   | worker   | 12        | 16  | increase  | asc         | desc       | 64         | 12.95             | 13.05         | 6   | 6393,6513,6633,6395,6515,6635       | 0.77     |
| 12  | 40         | 10000000 | 312500    | 238096   | 1024    | 0     | 32   | worker   | 12        | 16  | decrease  | desc        | desc       | 126518     | 389.55            | 392.53        | 6   | 16533,16653,16773,16535,16655,16775 | 0.76     |
| 17  | 40         | 10000000 | 312500    | 238096   | 4096    | 128   | 32   | worker   | 12        | 16  | increase  | asc         | desc       | 8192       | 92.81             | 93.5          | 6   | 24428,24548,24668,24430,24550,24670 | 0.74     |
| 2   | 100        | 10000000 | 625000    | 93458    | 16384   | 8     | 16   | io_uring | 12        | 16  | increase  | desc        | desc       | 503036     | 749.7             | 755.27        | 6   | 2743,2868,2993,2745,2870,2995       | 0.74     |
| 2   | 100        | 10000000 | 625000    | 93458    | 16384   | 8     | 16   | io_uring | 12        | 16  | increase  | desc        | desc       | 378036     | 564.48            | 568.64        | 6   | 2733,2858,2983,2735,2860,2985       | 0.74     |
| 18  | 40         | 10000000 | 312500    | 238096   | 4096    | 128   | 32   | io_uring | 12        | 16  | increase  | desc        | desc       | 282768     | 1211.99           | 1220.84       | 6   | 26638,26758,26878,26640,26760,26880 | 0.73     |
| 16  | 20         | 10000000 | 2500000   | 476191   | 0       | 8     | 4    | worker   | 12        | 16  | decrease  | desc        | asc        | 512144     | 1587.61           | 1599.07       | 6   | 22478,22613,22748,22480,22615,22750 | 0.72     |
| 3   | 100        | 10000000 | 625000    | 93458    | 16384   | 8     | 16   | io_uring | 12        | 16  | decrease  | asc         | desc       | 65536      | 239.08            | 240.78        | 6   | 4208,4333,4458,4210,4335,4460       | 0.71     |
| 16  | 20         | 10000000 | 2500000   | 476191   | 0       | 8     | 4    | io_uring | 12        | 16  | decrease  | desc        | asc        | 32768      | 140.65            | 141.64        | 6   | 23268,23403,23538,23270,23405,23540 | 0.7      |
| 20  | 40         | 10000000 | 312500    | 238096   | 4096    | 128   | 32   | worker   | 12        | 16  | decrease  | desc        | desc       | 126518     | 492.98            | 496.43        | 6   | 28773,28893,29013,28775,28895,29015 | 0.7      |
| 11  | 40         | 10000000 | 312500    | 238096   | 1024    | 0     | 32   | io_uring | 12        | 16  | decrease  | asc         | desc       | 32768      | 257.58            | 259.37        | 6   | 15798,15918,16038,15800,15920,16040 | 0.69     |
| 16  | 20         | 10000000 | 2500000   | 476191   | 0       | 8     | 4    | io_uring | 12        | 16  | decrease  | desc        | desc       | 1262144    | 925.34            | 931.66        | 6   | 23708,23843,23978,23710,23845,23980 | 0.68     |
| 11  | 40         | 10000000 | 312500    | 238096   | 1024    | 0     | 32   | worker   | 12        | 16  | decrease  | asc         | desc       | 282768     | 1971.84           | 1985.3        | 6   | 15118,15238,15358,15120,15240,15360 | 0.68     |
| 2   | 100        | 10000000 | 625000    | 93458    | 16384   | 8     | 16   | worker   | 12        | 16  | increase  | desc        | asc        | 440536     | 1387.61           | 1397.04       | 6   | 1613,1738,1863,1615,1740,1865       | 0.68     |
| 9   | 40         | 10000000 | 312500    | 238096   | 1024    | 0     | 32   | worker   | 12        | 16  | increase  | asc         | desc       | 95268      | 681.65            | 686.23        | 6   | 12208,12328,12448,12210,12330,12450 | 0.67     |
| 12  | 40         | 10000000 | 312500    | 238096   | 1024    | 0     | 32   | worker   | 12        | 16  | decrease  | desc        | asc        | 16384      | 120.69            | 121.5         | 6   | 16153,16273,16393,16155,16275,16395 | 0.67     |
| 13  | 20         | 10000000 | 2500000   | 476191   | 0       | 8     | 4    | io_uring | 12        | 16  | increase  | asc         | asc        | 2012144    | 1444.21           | 1453.78       | 6   | 18458,18593,18728,18460,18595,18730 | 0.66     |
| 1   | 100        | 10000000 | 625000    | 93458    | 16384   | 8     | 16   | io_uring | 12        | 16  | increase  | asc         | desc       | 128036     | 535.63            | 539.15        | 6   | 1213,1338,1463,1215,1340,1465       | 0.66     |
| 20  | 40         | 10000000 | 312500    | 238096   | 4096    | 128   | 32   | worker   | 12        | 16  | decrease  | desc        | asc        | 1024       | 21.38             | 21.52         | 6   | 28373,28493,28613,28375,28495,28615 | 0.65     |
| 1   | 100        | 10000000 | 625000    | 93458    | 16384   | 8     | 16   | worker   | 12        | 16  | increase  | asc         | desc       | 440536     | 1550.75           | 1560.88       | 6   | 488,613,738,490,615,740             | 0.65     |
| 9   | 40         | 10000000 | 312500    | 238096   | 1024    | 0     | 32   | worker   | 12        | 16  | increase  | asc         | desc       | 282768     | 2014.4            | 2027.31       | 6   | 12238,12358,12478,12240,12360,12480 | 0.64     |
| 1   | 100        | 10000000 | 625000    | 93458    | 16384   | 8     | 16   | worker   | 12        | 16  | increase  | asc         | desc       | 253036     | 863.26            | 868.72        | 6   | 473,598,723,475,600,725             | 0.63     |
| 3   | 100        | 10000000 | 625000    | 93458    | 16384   | 8     | 16   | io_uring | 12        | 16  | decrease  | asc         | asc        | 512        | 4.76              | 4.79          | 6   | 3798,3923,4048,3800,3925,4050       | 0.63     |
| 17  | 40         | 10000000 | 312500    | 238096   | 4096    | 128   | 32   | io_uring | 12        | 16  | increase  | asc         | desc       | 2048       | 49.49             | 49.8          | 6   | 25138,25258,25378,25140,25260,25380 | 0.63     |
| 7   | 80         | 10000000 | 312500    | 117648   | 16384   | 2048  | 32   | io_uring | 12        | 16  | decrease  | asc         | asc        | 8192       | 88.11             | 88.66         | 6   | 9668,9788,9908,9670,9790,9910       | 0.62     |
| 18  | 40         | 10000000 | 312500    | 238096   | 4096    | 128   | 32   | worker   | 12        | 16  | increase  | desc        | desc       | 126518     | 465.81            | 468.57        | 6   | 25893,26013,26133,25895,26015,26135 | 0.59     |
| 10  | 40         | 10000000 | 312500    | 238096   | 1024    | 0     | 32   | worker   | 12        | 16  | increase  | desc        | asc        | 95268      | 661.71            | 665.51        | 6   | 13288,13408,13528,13290,13410,13530 | 0.57     |
| 17  | 40         | 10000000 | 312500    | 238096   | 4096    | 128   | 32   | worker   | 12        | 16  | increase  | asc         | desc       | 16384      | 165.04            | 165.98        | 6   | 24433,24553,24673,24435,24555,24675 | 0.57     |
| 6   | 80         | 10000000 | 312500    | 117648   | 16384   | 2048  | 32   | io_uring | 12        | 16  | increase  | desc        | desc       | 4          | 1.78              | 1.79          | 6   | 8533,8653,8773,8535,8655,8775       | 0.56     |
| 9   | 40         | 10000000 | 312500    | 238096   | 1024    | 0     | 32   | worker   | 12        | 16  | increase  | asc         | desc       | 189018     | 1347.99           | 1355.52       | 6   | 12223,12343,12463,12225,12345,12465 | 0.56     |
| 3   | 100        | 10000000 | 625000    | 93458    | 16384   | 8     | 16   | worker   | 12        | 16  | decrease  | asc         | asc        | 8192       | 20.02             | 20.13         | 6   | 3068,3193,3318,3070,3195,3320       | 0.55     |
| 18  | 40         | 10000000 | 312500    | 238096   | 4096    | 128   | 32   | io_uring | 12        | 16  | increase  | desc        | asc        | 32768      | 329.55            | 331.35        | 6   | 26238,26358,26478,26240,26360,26480 | 0.55     |
| 10  | 40         | 10000000 | 312500    | 238096   | 1024    | 0     | 32   | worker   | 12        | 16  | increase  | desc        | desc       | 32768      | 113.01            | 113.61        | 6   | 13638,13758,13878,13640,13760,13880 | 0.53     |
| 12  | 40         | 10000000 | 312500    | 238096   | 1024    | 0     | 32   | io_uring | 12        | 16  | decrease  | desc        | desc       | 189018     | 644.6             | 647.99        | 6   | 17263,17383,17503,17265,17385,17505 | 0.53     |
| 11  | 40         | 10000000 | 312500    | 238096   | 1024    | 0     | 32   | io_uring | 12        | 16  | decrease  | asc         | asc        | 1024       | 7.66              | 7.7           | 6   | 15413,15533,15653,15415,15535,15655 | 0.52     |
| 16  | 20         | 10000000 | 2500000   | 476191   | 0       | 8     | 4    | worker   | 12        | 16  | decrease  | desc        | desc       | 1762144    | 953.03            | 958.0         | 6   | 22908,23043,23178,22910,23045,23180 | 0.52     |
| 11  | 40         | 10000000 | 312500    | 238096   | 1024    | 0     | 32   | worker   | 12        | 16  | decrease  | asc         | desc       | 220268     | 1513.49           | 1521.34       | 6   | 15108,15228,15348,15110,15230,15350 | 0.52     |
| 16  | 20         | 10000000 | 2500000   | 476191   | 0       | 8     | 4    | io_uring | 12        | 16  | decrease  | desc        | desc       | 1012144    | 746.51            | 750.37        | 6   | 23703,23838,23973,23705,23840,23975 | 0.52     |
| 2   | 100        | 10000000 | 625000    | 93458    | 16384   | 8     | 16   | worker   | 12        | 16  | increase  | desc        | asc        | 32768      | 111.7             | 112.27        | 6   | 1578,1703,1828,1580,1705,1830       | 0.51     |
| 6   | 80         | 10000000 | 312500    | 117648   | 16384   | 2048  | 32   | io_uring | 12        | 16  | increase  | desc        | asc        | 2          | 1.96              | 1.97          | 6   | 8168,8288,8408,8170,8290,8410       | 0.51     |
| 3   | 100        | 10000000 | 625000    | 93458    | 16384   | 8     | 16   | io_uring | 12        | 16  | decrease  | asc         | desc       | 128036     | 459.15            | 461.48        | 6   | 4213,4338,4463,4215,4340,4465       | 0.51     |
| 19  | 40         | 10000000 | 312500    | 238096   | 4096    | 128   | 32   | worker   | 12        | 16  | decrease  | asc         | asc        | 220268     | 799.48            | 803.47        | 6   | 26988,27108,27228,26990,27110,27230 | 0.5      |
| 17  | 40         | 10000000 | 312500    | 238096   | 4096    | 128   | 32   | worker   | 12        | 16  | increase  | asc         | asc        | 32         | 2.02              | 2.03          | 6   | 24028,24148,24268,24030,24150,24270 | 0.5      |
| 16  | 20         | 10000000 | 2500000   | 476191   | 0       | 8     | 4    | io_uring | 12        | 16  | decrease  | desc        | desc       | 1762144    | 1271.04           | 1277.3        | 6   | 23718,23853,23988,23720,23855,23990 | 0.49     |
| 9   | 40         | 10000000 | 312500    | 238096   | 1024    | 0     | 32   | io_uring | 12        | 16  | increase  | asc         | asc        | 32768      | 119.08            | 119.66        | 6   | 12558,12678,12798,12560,12680,12800 | 0.49     |
| 6   | 80         | 10000000 | 312500    | 117648   | 16384   | 2048  | 32   | worker   | 12        | 16  | increase  | desc        | desc       | 32768      | 306.36            | 307.83        | 6   | 7878,7998,8118,7880,8000,8120       | 0.48     |
| 1   | 100        | 10000000 | 625000    | 93458    | 16384   | 8     | 16   | worker   | 12        | 16  | increase  | asc         | desc       | 190536     | 656.88            | 660.03        | 6   | 468,593,718,470,595,720             | 0.48     |
| 13  | 20         | 10000000 | 2500000   | 476191   | 0       | 8     | 4    | worker   | 12        | 16  | increase  | asc         | asc        | 512144     | 282.23            | 283.57        | 6   | 17618,17753,17888,17620,17755,17890 | 0.47     |
| 20  | 40         | 10000000 | 312500    | 238096   | 4096    | 128   | 32   | io_uring | 12        | 16  | decrease  | desc        | asc        | 220268     | 2489.69           | 2501.5        | 6   | 29148,29268,29388,29150,29270,29390 | 0.47     |
| 11  | 40         | 10000000 | 312500    | 238096   | 1024    | 0     | 32   | io_uring | 12        | 16  | decrease  | asc         | asc        | 157768     | 611.37            | 614.26        | 6   | 15458,15578,15698,15460,15580,15700 | 0.47     |
| 1   | 100        | 10000000 | 625000    | 93458    | 16384   | 8     | 16   | io_uring | 12        | 16  | increase  | asc         | desc       | 190536     | 793.33            | 796.93        | 6   | 1218,1343,1468,1220,1345,1470       | 0.45     |
| 10  | 40         | 10000000 | 312500    | 238096   | 1024    | 0     | 32   | io_uring | 12        | 16  | increase  | desc        | desc       | 95268      | 385.87            | 387.62        | 6   | 14368,14488,14608,14370,14490,14610 | 0.45     |
| 11  | 40         | 10000000 | 312500    | 238096   | 1024    | 0     | 32   | worker   | 12        | 16  | decrease  | asc         | asc        | 189018     | 564.66            | 567.2         | 6   | 14743,14863,14983,14745,14865,14985 | 0.45     |
| 19  | 40         | 10000000 | 312500    | 238096   | 4096    | 128   | 32   | worker   | 12        | 16  | decrease  | asc         | desc       | 157768     | 1296.33           | 1302.13       | 6   | 27338,27458,27578,27340,27460,27580 | 0.45     |
| 9   | 40         | 10000000 | 312500    | 238096   | 1024    | 0     | 32   | io_uring | 12        | 16  | increase  | asc         | asc        | 282768     | 954.8             | 959.03        | 6   | 12598,12718,12838,12600,12720,12840 | 0.44     |
| 2   | 100        | 10000000 | 625000    | 93458    | 16384   | 8     | 16   | worker   | 12        | 16  | increase  | desc        | asc        | 65536      | 219.18            | 220.13        | 6   | 1583,1708,1833,1585,1710,1835       | 0.43     |
| 20  | 40         | 10000000 | 312500    | 238096   | 4096    | 128   | 32   | io_uring | 12        | 16  | decrease  | desc        | asc        | 8192       | 113.57            | 114.06        | 6   | 29108,29228,29348,29110,29230,29350 | 0.43     |
| 9   | 40         | 10000000 | 312500    | 238096   | 1024    | 0     | 32   | io_uring | 12        | 16  | increase  | asc         | desc       | 95268      | 862.78            | 866.48        | 6   | 12928,13048,13168,12930,13050,13170 | 0.43     |
| 19  | 40         | 10000000 | 312500    | 238096   | 4096    | 128   | 32   | io_uring | 12        | 16  | decrease  | asc         | desc       | 16384      | 176.74            | 177.49        | 6   | 28033,28153,28273,28035,28155,28275 | 0.42     |
| 3   | 100        | 10000000 | 625000    | 93458    | 16384   | 8     | 16   | io_uring | 12        | 16  | decrease  | asc         | asc        | 253036     | 382.34            | 383.94        | 6   | 3848,3973,4098,3850,3975,4100       | 0.42     |
| 17  | 40         | 10000000 | 312500    | 238096   | 4096    | 128   | 32   | io_uring | 12        | 16  | increase  | asc         | desc       | 126518     | 1587.43           | 1593.88       | 6   | 25173,25293,25413,25175,25295,25415 | 0.41     |
| 11  | 40         | 10000000 | 312500    | 238096   | 1024    | 0     | 32   | worker   | 12        | 16  | decrease  | asc         | asc        | 64018      | 201.28            | 202.08        | 6   | 14723,14843,14963,14725,14845,14965 | 0.4      |
| 3   | 100        | 10000000 | 625000    | 93458    | 16384   | 8     | 16   | io_uring | 12        | 16  | decrease  | asc         | asc        | 65536      | 106.2             | 106.62        | 6   | 3833,3958,4083,3835,3960,4085       | 0.4      |
| 6   | 80         | 10000000 | 312500    | 117648   | 16384   | 2048  | 32   | io_uring | 12        | 16  | increase  | desc        | asc        | 128        | 25.58             | 25.68         | 6   | 8198,8318,8438,8200,8320,8440       | 0.39     |
| 2   | 100        | 10000000 | 625000    | 93458    | 16384   | 8     | 16   | io_uring | 12        | 16  | increase  | desc        | asc        | 16384      | 64.21             | 64.46         | 6   | 2323,2448,2573,2325,2450,2575       | 0.39     |
| 18  | 40         | 10000000 | 312500    | 238096   | 4096    | 128   | 32   | io_uring | 12        | 16  | increase  | desc        | desc       | 126518     | 542.21            | 544.3         | 6   | 26613,26733,26853,26615,26735,26855 | 0.39     |
| 4   | 100        | 10000000 | 625000    | 93458    | 16384   | 8     | 16   | worker   | 12        | 16  | decrease  | desc        | asc        | 503036     | 1521.38           | 1527.19       | 6   | 4618,4743,4868,4620,4745,4870       | 0.38     |
| 12  | 40         | 10000000 | 312500    | 238096   | 1024    | 0     | 32   | worker   | 12        | 16  | decrease  | desc        | asc        | 282768     | 1910.06           | 1917.23       | 6   | 16198,16318,16438,16200,16320,16440 | 0.38     |
| 19  | 40         | 10000000 | 312500    | 238096   | 4096    | 128   | 32   | worker   | 12        | 16  | decrease  | asc         | desc       | 126518     | 1044.99           | 1048.87       | 6   | 27333,27453,27573,27335,27455,27575 | 0.37     |
| 6   | 80         | 10000000 | 312500    | 117648   | 16384   | 2048  | 32   | io_uring | 12        | 16  | increase  | desc        | desc       | 4096       | 57.49             | 57.7          | 6   | 8583,8703,8823,8585,8705,8825       | 0.37     |
| 12  | 40         | 10000000 | 312500    | 238096   | 1024    | 0     | 32   | worker   | 12        | 16  | decrease  | desc        | asc        | 220268     | 1518.17           | 1523.57       | 6   | 16188,16308,16428,16190,16310,16430 | 0.36     |
| 12  | 40         | 10000000 | 312500    | 238096   | 1024    | 0     | 32   | io_uring | 12        | 16  | decrease  | desc        | desc       | 95268      | 327.6             | 328.74        | 6   | 17248,17368,17488,17250,17370,17490 | 0.35     |
| 13  | 20         | 10000000 | 2500000   | 476191   | 0       | 8     | 4    | io_uring | 12        | 16  | increase  | asc         | desc       | 16384      | 78.47             | 78.74         | 6   | 18808,18943,19078,18810,18945,19080 | 0.34     |
| 2   | 100        | 10000000 | 625000    | 93458    | 16384   | 8     | 16   | io_uring | 12        | 16  | increase  | desc        | desc       | 315536     | 473.97            | 475.6         | 6   | 2728,2853,2978,2730,2855,2980       | 0.34     |
| 18  | 40         | 10000000 | 312500    | 238096   | 4096    | 128   | 32   | worker   | 12        | 16  | increase  | desc        | asc        | 256        | 8.73              | 8.76          | 6   | 25483,25603,25723,25485,25605,25725 | 0.34     |
| 9   | 40         | 10000000 | 312500    | 238096   | 1024    | 0     | 32   | io_uring | 12        | 16  | increase  | asc         | asc        | 251518     | 860.35            | 863.27        | 6   | 12593,12713,12833,12595,12715,12835 | 0.34     |
| 2   | 100        | 10000000 | 625000    | 93458    | 16384   | 8     | 16   | worker   | 12        | 16  | increase  | desc        | desc       | 503036     | 641.53            | 643.67        | 6   | 1993,2118,2243,1995,2120,2245       | 0.33     |
| 12  | 40         | 10000000 | 312500    | 238096   | 1024    | 0     | 32   | worker   | 12        | 16  | decrease  | desc        | asc        | 64018      | 451.34            | 452.84        | 6   | 16163,16283,16403,16165,16285,16405 | 0.33     |
| 17  | 40         | 10000000 | 312500    | 238096   | 4096    | 128   | 32   | worker   | 12        | 16  | increase  | asc         | desc       | 251518     | 2248.57           | 2255.98       | 6   | 24473,24593,24713,24475,24595,24715 | 0.33     |
| 11  | 40         | 10000000 | 312500    | 238096   | 1024    | 0     | 32   | io_uring | 12        | 16  | decrease  | asc         | asc        | 189018     | 734.05            | 736.46        | 6   | 15463,15583,15703,15465,15585,15705 | 0.33     |
| 16  | 20         | 10000000 | 2500000   | 476191   | 0       | 8     | 4    | io_uring | 12        | 16  | decrease  | desc        | asc        | 4096       | 18.49             | 18.55         | 6   | 23253,23388,23523,23255,23390,23525 | 0.32     |
| 20  | 40         | 10000000 | 312500    | 238096   | 4096    | 128   | 32   | io_uring | 12        | 16  | decrease  | desc        | asc        | 64018      | 750.61            | 753.03        | 6   | 29123,29243,29363,29125,29245,29365 | 0.32     |
| 3   | 100        | 10000000 | 625000    | 93458    | 16384   | 8     | 16   | io_uring | 12        | 16  | decrease  | asc         | desc       | 378036     | 1332.56           | 1336.83       | 6   | 4233,4358,4483,4235,4360,4485       | 0.32     |
| 2   | 100        | 10000000 | 625000    | 93458    | 16384   | 8     | 16   | io_uring | 12        | 16  | increase  | desc        | desc       | 128036     | 199.51            | 200.14        | 6   | 2713,2838,2963,2715,2840,2965       | 0.32     |
| 13  | 20         | 10000000 | 2500000   | 476191   | 0       | 8     | 4    | io_uring | 12        | 16  | increase  | asc         | asc        | 1762144    | 1267.09           | 1270.98       | 6   | 18453,18588,18723,18455,18590,18725 | 0.31     |
| 10  | 40         | 10000000 | 312500    | 238096   | 1024    | 0     | 32   | worker   | 12        | 16  | increase  | desc        | asc        | 251518     | 1750.43           | 1755.73       | 6   | 13313,13433,13553,13315,13435,13555 | 0.3      |
| 2   | 100        | 10000000 | 625000    | 93458    | 16384   | 8     | 16   | io_uring | 12        | 16  | increase  | desc        | asc        | 65536      | 228.85            | 229.51        | 6   | 2333,2458,2583,2335,2460,2585       | 0.29     |
| 3   | 100        | 10000000 | 625000    | 93458    | 16384   | 8     | 16   | io_uring | 12        | 16  | decrease  | asc         | asc        | 1024       | 7.14              | 7.16          | 6   | 3803,3928,4053,3805,3930,4055       | 0.28     |
| 16  | 20         | 10000000 | 2500000   | 476191   | 0       | 8     | 4    | worker   | 12        | 16  | decrease  | desc        | asc        | 2262144    | 6799.81           | 6818.66       | 6   | 22513,22648,22783,22515,22650,22785 | 0.28     |
| 12  | 40         | 10000000 | 312500    | 238096   | 1024    | 0     | 32   | worker   | 12        | 16  | decrease  | desc        | asc        | 95268      | 663.07            | 664.89        | 6   | 16168,16288,16408,16170,16290,16410 | 0.27     |
| 6   | 80         | 10000000 | 312500    | 117648   | 16384   | 2048  | 32   | io_uring | 12        | 16  | increase  | desc        | desc       | 256        | 14.66             | 14.7          | 6   | 8563,8683,8803,8565,8685,8805       | 0.27     |
| 20  | 40         | 10000000 | 312500    | 238096   | 4096    | 128   | 32   | worker   | 12        | 16  | decrease  | desc        | desc       | 64018      | 255.99            | 256.68        | 6   | 28763,28883,29003,28765,28885,29005 | 0.27     |
| 13  | 20         | 10000000 | 2500000   | 476191   | 0       | 8     | 4    | worker   | 12        | 16  | increase  | asc         | desc       | 262144     | 1075.37           | 1078.24       | 6   | 18018,18153,18288,18020,18155,18290 | 0.27     |
| 10  | 40         | 10000000 | 312500    | 238096   | 1024    | 0     | 32   | io_uring | 12        | 16  | increase  | desc        | asc        | 251518     | 1895.12           | 1900.14       | 6   | 14033,14153,14273,14035,14155,14275 | 0.26     |
| 11  | 40         | 10000000 | 312500    | 238096   | 1024    | 0     | 32   | io_uring | 12        | 16  | decrease  | asc         | desc       | 95268      | 740.1             | 741.98        | 6   | 15808,15928,16048,15810,15930,16050 | 0.25     |
| 1   | 100        | 10000000 | 625000    | 93458    | 16384   | 8     | 16   | io_uring | 12        | 16  | increase  | asc         | asc        | 378036     | 532.33            | 533.57        | 6   | 858,983,1108,860,985,1110           | 0.23     |
| 3   | 100        | 10000000 | 625000    | 93458    | 16384   | 8     | 16   | worker   | 12        | 16  | decrease  | asc         | desc       | 4096       | 21.75             | 21.8          | 6   | 3438,3563,3688,3440,3565,3690       | 0.23     |
| 3   | 100        | 10000000 | 625000    | 93458    | 16384   | 8     | 16   | worker   | 12        | 16  | decrease  | asc         | desc       | 440536     | 1460.5            | 1463.83       | 6   | 3488,3613,3738,3490,3615,3740       | 0.23     |
| 2   | 100        | 10000000 | 625000    | 93458    | 16384   | 8     | 16   | io_uring | 12        | 16  | increase  | desc        | asc        | 565536     | 1895.12           | 1899.41       | 6   | 2373,2498,2623,2375,2500,2625       | 0.23     |
| 9   | 40         | 10000000 | 312500    | 238096   | 1024    | 0     | 32   | io_uring | 12        | 16  | increase  | asc         | desc       | 2048       | 22.1              | 22.15         | 6   | 12898,13018,13138,12900,13020,13140 | 0.23     |
| 16  | 20         | 10000000 | 2500000   | 476191   | 0       | 8     | 4    | io_uring | 12        | 16  | decrease  | desc        | asc        | 16384      | 71.44             | 71.6          | 6   | 23263,23398,23533,23265,23400,23535 | 0.22     |
| 19  | 40         | 10000000 | 312500    | 238096   | 4096    | 128   | 32   | worker   | 12        | 16  | decrease  | asc         | asc        | 256        | 4.52              | 4.53          | 6   | 26923,27043,27163,26925,27045,27165 | 0.22     |
| 17  | 40         | 10000000 | 312500    | 238096   | 4096    | 128   | 32   | io_uring | 12        | 16  | increase  | asc         | desc       | 220268     | 2697.04           | 2702.99       | 6   | 25188,25308,25428,25190,25310,25430 | 0.22     |
| 3   | 100        | 10000000 | 625000    | 93458    | 16384   | 8     | 16   | io_uring | 12        | 16  | decrease  | asc         | asc        | 565536     | 839.61            | 841.42        | 6   | 3873,3998,4123,3875,4000,4125       | 0.22     |
| 1   | 100        | 10000000 | 625000    | 93458    | 16384   | 8     | 16   | io_uring | 12        | 16  | increase  | asc         | desc       | 565536     | 2334.68           | 2339.65       | 6   | 1248,1373,1498,1250,1375,1500       | 0.21     |
| 13  | 20         | 10000000 | 2500000   | 476191   | 0       | 8     | 4    | io_uring | 12        | 16  | increase  | asc         | desc       | 262144     | 1218.23           | 1220.81       | 6   | 18828,18963,19098,18830,18965,19100 | 0.21     |
| 19  | 40         | 10000000 | 312500    | 238096   | 4096    | 128   | 32   | worker   | 12        | 16  | decrease  | asc         | asc        | 189018     | 694.04            | 695.5         | 6   | 26983,27103,27223,26985,27105,27225 | 0.21     |
| 10  | 40         | 10000000 | 312500    | 238096   | 1024    | 0     | 32   | worker   | 12        | 16  | increase  | desc        | desc       | 95268      | 320.96            | 321.63        | 6   | 13648,13768,13888,13650,13770,13890 | 0.21     |
| 2   | 100        | 10000000 | 625000    | 93458    | 16384   | 8     | 16   | worker   | 12        | 16  | increase  | desc        | asc        | 315536     | 994.06            | 996.12        | 6   | 1603,1728,1853,1605,1730,1855       | 0.21     |
| 1   | 100        | 10000000 | 625000    | 93458    | 16384   | 8     | 16   | io_uring | 12        | 16  | increase  | asc         | asc        | 315536     | 446.12            | 447.03        | 6   | 853,978,1103,855,980,1105           | 0.2      |
| 20  | 40         | 10000000 | 312500    | 238096   | 4096    | 128   | 32   | worker   | 12        | 16  | decrease  | desc        | asc        | 126518     | 1024.26           | 1026.34       | 6   | 28413,28533,28653,28415,28535,28655 | 0.2      |
| 10  | 40         | 10000000 | 312500    | 238096   | 1024    | 0     | 32   | worker   | 12        | 16  | increase  | desc        | asc        | 220268     | 1514.82           | 1517.86       | 6   | 13308,13428,13548,13310,13430,13550 | 0.2      |
| 4   | 100        | 10000000 | 625000    | 93458    | 16384   | 8     | 16   | io_uring | 12        | 16  | decrease  | desc        | asc        | 253036     | 921.28            | 923.06        | 6   | 5348,5473,5598,5350,5475,5600       | 0.19     |
| 1   | 100        | 10000000 | 625000    | 93458    | 16384   | 8     | 16   | io_uring | 12        | 16  | increase  | asc         | desc       | 378036     | 1565.56           | 1568.58       | 6   | 1233,1358,1483,1235,1360,1485       | 0.19     |
| 16  | 20         | 10000000 | 2500000   | 476191   | 0       | 8     | 4    | io_uring | 12        | 16  | decrease  | desc        | asc        | 1262144    | 5625.0            | 5635.83       | 6   | 23303,23438,23573,23305,23440,23575 | 0.19     |
| 9   | 40         | 10000000 | 312500    | 238096   | 1024    | 0     | 32   | worker   | 12        | 16  | increase  | asc         | desc       | 251518     | 1784.64           | 1788.02       | 6   | 12233,12353,12473,12235,12355,12475 | 0.19     |
| 10  | 40         | 10000000 | 312500    | 238096   | 1024    | 0     | 32   | io_uring | 12        | 16  | increase  | desc        | desc       | 282768     | 1138.32           | 1140.45       | 6   | 14398,14518,14638,14400,14520,14640 | 0.19     |
| 11  | 40         | 10000000 | 312500    | 238096   | 1024    | 0     | 32   | io_uring | 12        | 16  | decrease  | asc         | desc       | 157768     | 1239.12           | 1241.43       | 6   | 15818,15938,16058,15820,15940,16060 | 0.19     |
| 2   | 100        | 10000000 | 625000    | 93458    | 16384   | 8     | 16   | io_uring | 12        | 16  | increase  | desc        | asc        | 512        | 5.52              | 5.53          | 6   | 2298,2423,2548,2300,2425,2550       | 0.18     |
| 2   | 100        | 10000000 | 625000    | 93458    | 16384   | 8     | 16   | io_uring | 12        | 16  | increase  | desc        | desc       | 440536     | 657.32            | 658.48        | 6   | 2738,2863,2988,2740,2865,2990       | 0.18     |
| 3   | 100        | 10000000 | 625000    | 93458    | 16384   | 8     | 16   | worker   | 12        | 16  | decrease  | asc         | desc       | 565536     | 1879.57           | 1882.85       | 6   | 3498,3623,3748,3500,3625,3750       | 0.17     |
| 17  | 40         | 10000000 | 312500    | 238096   | 4096    | 128   | 32   | io_uring | 12        | 16  | increase  | asc         | desc       | 251518     | 3059.8            | 3064.81       | 6   | 25193,25313,25433,25195,25315,25435 | 0.16     |
| 3   | 100        | 10000000 | 625000    | 93458    | 16384   | 8     | 16   | worker   | 12        | 16  | decrease  | asc         | asc        | 315536     | 402.13            | 402.77        | 6   | 3103,3228,3353,3105,3230,3355       | 0.16     |
| 4   | 100        | 10000000 | 625000    | 93458    | 16384   | 8     | 16   | io_uring | 12        | 16  | decrease  | desc        | desc       | 128036     | 189.32            | 189.61        | 6   | 5713,5838,5963,5715,5840,5965       | 0.15     |
| 10  | 40         | 10000000 | 312500    | 238096   | 1024    | 0     | 32   | io_uring | 12        | 16  | increase  | desc        | asc        | 2048       | 19.61             | 19.64         | 6   | 13978,14098,14218,13980,14100,14220 | 0.15     |
| 17  | 40         | 10000000 | 312500    | 238096   | 4096    | 128   | 32   | worker   | 12        | 16  | increase  | asc         | desc       | 282768     | 2495.35           | 2499.12       | 6   | 24478,24598,24718,24480,24600,24720 | 0.15     |
| 17  | 40         | 10000000 | 312500    | 238096   | 4096    | 128   | 32   | io_uring | 12        | 16  | increase  | asc         | desc       | 32768      | 435.1             | 435.73        | 6   | 25158,25278,25398,25160,25280,25400 | 0.14     |
| 16  | 20         | 10000000 | 2500000   | 476191   | 0       | 8     | 4    | io_uring | 12        | 16  | decrease  | desc        | asc        | 262144     | 1178.02           | 1179.65       | 6   | 23283,23418,23553,23285,23420,23555 | 0.14     |
| 2   | 100        | 10000000 | 625000    | 93458    | 16384   | 8     | 16   | io_uring | 12        | 16  | increase  | desc        | asc        | 253036     | 854.36            | 855.46        | 6   | 2348,2473,2598,2350,2475,2600       | 0.13     |
| 1   | 100        | 10000000 | 625000    | 93458    | 16384   | 8     | 16   | worker   | 12        | 16  | increase  | asc         | desc       | 128036     | 445.98            | 446.55        | 6   | 463,588,713,465,590,715             | 0.13     |
| 2   | 100        | 10000000 | 625000    | 93458    | 16384   | 8     | 16   | io_uring | 12        | 16  | increase  | desc        | asc        | 503036     | 1692.34           | 1694.49       | 6   | 2368,2493,2618,2370,2495,2620       | 0.13     |
| 4   | 100        | 10000000 | 625000    | 93458    | 16384   | 8     | 16   | io_uring | 12        | 16  | decrease  | desc        | asc        | 440536     | 1595.5            | 1597.43       | 6   | 5363,5488,5613,5365,5490,5615       | 0.12     |
| 13  | 20         | 10000000 | 2500000   | 476191   | 0       | 8     | 4    | worker   | 12        | 16  | increase  | asc         | desc       | 1512144    | 6444.38           | 6452.13       | 6   | 18043,18178,18313,18045,18180,18315 | 0.12     |
| 7   | 80         | 10000000 | 312500    | 117648   | 16384   | 2048  | 32   | worker   | 12        | 16  | decrease  | asc         | asc        | 512        | 17.53             | 17.55         | 6   | 8928,9048,9168,8930,9050,9170       | 0.11     |
| 19  | 40         | 10000000 | 312500    | 238096   | 4096    | 128   | 32   | worker   | 12        | 16  | decrease  | asc         | desc       | 282768     | 2301.9            | 2304.5        | 6   | 27358,27478,27598,27360,27480,27600 | 0.11     |
| 12  | 40         | 10000000 | 312500    | 238096   | 1024    | 0     | 32   | worker   | 12        | 16  | decrease  | desc        | asc        | 189018     | 1321.08           | 1322.53       | 6   | 16183,16303,16423,16185,16305,16425 | 0.11     |
| 18  | 40         | 10000000 | 312500    | 238096   | 4096    | 128   | 32   | io_uring | 12        | 16  | increase  | desc        | asc        | 95268      | 923.54            | 924.54        | 6   | 26248,26368,26488,26250,26370,26490 | 0.11     |
| 16  | 20         | 10000000 | 2500000   | 476191   | 0       | 8     | 4    | io_uring | 12        | 16  | decrease  | desc        | asc        | 1012144    | 4459.77           | 4464.49       | 6   | 23298,23433,23568,23300,23435,23570 | 0.11     |
| 13  | 20         | 10000000 | 2500000   | 476191   | 0       | 8     | 4    | worker   | 12        | 16  | increase  | asc         | desc       | 1012144    | 4311.65           | 4316.16       | 6   | 18033,18168,18303,18035,18170,18305 | 0.1      |
| 16  | 20         | 10000000 | 2500000   | 476191   | 0       | 8     | 4    | io_uring | 12        | 16  | decrease  | desc        | asc        | 65536      | 280.13            | 280.42        | 6   | 23273,23408,23543,23275,23410,23545 | 0.1      |
| 10  | 40         | 10000000 | 312500    | 238096   | 1024    | 0     | 32   | io_uring | 12        | 16  | increase  | desc        | desc       | 251518     | 1016.75           | 1017.8        | 6   | 14393,14513,14633,14395,14515,14635 | 0.1      |
| 19  | 40         | 10000000 | 312500    | 238096   | 4096    | 128   | 32   | worker   | 12        | 16  | decrease  | asc         | desc       | 220268     | 1802.88           | 1804.73       | 6   | 27348,27468,27588,27350,27470,27590 | 0.1      |
| 11  | 40         | 10000000 | 312500    | 238096   | 1024    | 0     | 32   | io_uring | 12        | 16  | decrease  | asc         | desc       | 126518     | 984.74            | 985.72        | 6   | 15813,15933,16053,15815,15935,16055 | 0.1      |
| 10  | 40         | 10000000 | 312500    | 238096   | 1024    | 0     | 32   | io_uring | 12        | 16  | increase  | desc        | desc       | 126518     | 518.69            | 519.18        | 6   | 14373,14493,14613,14375,14495,14615 | 0.09     |
| 12  | 40         | 10000000 | 312500    | 238096   | 1024    | 0     | 32   | io_uring | 12        | 16  | decrease  | desc        | asc        | 16384      | 148.27            | 148.41        | 6   | 16873,16993,17113,16875,16995,17115 | 0.09     |
| 19  | 40         | 10000000 | 312500    | 238096   | 4096    | 128   | 32   | io_uring | 12        | 16  | decrease  | asc         | desc       | 189018     | 1817.71           | 1819.31       | 6   | 28063,28183,28303,28065,28185,28305 | 0.09     |
| 15  | 20         | 10000000 | 2500000   | 476191   | 0       | 8     | 4    | worker   | 12        | 16  | decrease  | asc         | desc       | 32768      | 45.45             | 45.49         | 6   | 21243,21378,21513,21245,21380,21515 | 0.09     |
| 3   | 100        | 10000000 | 625000    | 93458    | 16384   | 8     | 16   | worker   | 12        | 16  | decrease  | asc         | desc       | 190536     | 626.59            | 627.13        | 6   | 3468,3593,3718,3470,3595,3720       | 0.09     |
| 20  | 40         | 10000000 | 312500    | 238096   | 4096    | 128   | 32   | worker   | 12        | 16  | decrease  | desc        | asc        | 251518     | 2012.12           | 2013.84       | 6   | 28433,28553,28673,28435,28555,28675 | 0.09     |
| 4   | 100        | 10000000 | 625000    | 93458    | 16384   | 8     | 16   | io_uring | 12        | 16  | decrease  | desc        | asc        | 128036     | 470.91            | 471.29        | 6   | 5338,5463,5588,5340,5465,5590       | 0.08     |
| 12  | 40         | 10000000 | 312500    | 238096   | 1024    | 0     | 32   | io_uring | 12        | 16  | decrease  | desc        | asc        | 251518     | 2171.13           | 2172.88       | 6   | 16913,17033,17153,16915,17035,17155 | 0.08     |
| 13  | 20         | 10000000 | 2500000   | 476191   | 0       | 8     | 4    | worker   | 12        | 16  | increase  | asc         | desc       | 2262144    | 9442.56           | 9450.09       | 6   | 18058,18193,18328,18060,18195,18330 | 0.08     |
| 10  | 40         | 10000000 | 312500    | 238096   | 1024    | 0     | 32   | worker   | 12        | 16  | increase  | desc        | asc        | 282768     | 1950.47           | 1951.96       | 6   | 13318,13438,13558,13320,13440,13560 | 0.08     |
| 13  | 20         | 10000000 | 2500000   | 476191   | 0       | 8     | 4    | io_uring | 12        | 16  | increase  | asc         | desc       | 512144     | 2315.67           | 2317.41       | 6   | 18833,18968,19103,18835,18970,19105 | 0.08     |
| 3   | 100        | 10000000 | 625000    | 93458    | 16384   | 8     | 16   | worker   | 12        | 16  | decrease  | asc         | asc        | 4096       | 13.32             | 13.33         | 6   | 3063,3188,3313,3065,3190,3315       | 0.08     |
| 16  | 20         | 10000000 | 2500000   | 476191   | 0       | 8     | 4    | io_uring | 12        | 16  | decrease  | desc        | desc       | 32768      | 28.65             | 28.67         | 6   | 23673,23808,23943,23675,23810,23945 | 0.07     |
| 12  | 40         | 10000000 | 312500    | 238096   | 1024    | 0     | 32   | io_uring | 12        | 16  | decrease  | desc        | asc        | 64018      | 562.46            | 562.84        | 6   | 16883,17003,17123,16885,17005,17125 | 0.07     |
| 9   | 40         | 10000000 | 312500    | 238096   | 1024    | 0     | 32   | io_uring | 12        | 16  | increase  | asc         | desc       | 157768     | 1426.97           | 1427.93       | 6   | 12938,13058,13178,12940,13060,13180 | 0.07     |
| 16  | 20         | 10000000 | 2500000   | 476191   | 0       | 8     | 4    | worker   | 12        | 16  | decrease  | desc        | asc        | 1012144    | 3141.88           | 3143.91       | 6   | 22488,22623,22758,22490,22625,22760 | 0.06     |
| 1   | 100        | 10000000 | 625000    | 93458    | 16384   | 8     | 16   | io_uring | 12        | 16  | increase  | asc         | desc       | 503036     | 2079.89           | 2081.23       | 6   | 1243,1368,1493,1245,1370,1495       | 0.06     |
| 10  | 40         | 10000000 | 312500    | 238096   | 1024    | 0     | 32   | io_uring | 12        | 16  | increase  | desc        | desc       | 189018     | 772.1             | 772.55        | 6   | 14383,14503,14623,14385,14505,14625 | 0.06     |
| 13  | 20         | 10000000 | 2500000   | 476191   | 0       | 8     | 4    | io_uring | 12        | 16  | increase  | asc         | desc       | 2262144    | 10960.12          | 10965.94      | 6   | 18868,19003,19138,18870,19005,19140 | 0.05     |
| 13  | 20         | 10000000 | 2500000   | 476191   | 0       | 8     | 4    | worker   | 12        | 16  | increase  | asc         | desc       | 32768      | 138.97            | 139.04        | 6   | 18003,18138,18273,18005,18140,18275 | 0.05     |
| 3   | 100        | 10000000 | 625000    | 93458    | 16384   | 8     | 16   | worker   | 12        | 16  | decrease  | asc         | desc       | 128036     | 425.45            | 425.66        | 6   | 3463,3588,3713,3465,3590,3715       | 0.05     |
| 19  | 40         | 10000000 | 312500    | 238096   | 4096    | 128   | 32   | io_uring | 12        | 16  | decrease  | asc         | asc        | 32768      | 146.46            | 146.53        | 6   | 27678,27798,27918,27680,27800,27920 | 0.05     |
| 13  | 20         | 10000000 | 2500000   | 476191   | 0       | 8     | 4    | io_uring | 12        | 16  | increase  | asc         | desc       | 131072     | 617.35            | 617.63        | 6   | 18823,18958,19093,18825,18960,19095 | 0.05     |
| 7   | 80         | 10000000 | 312500    | 117648   | 16384   | 2048  | 32   | worker   | 12        | 16  | decrease  | asc         | desc       | 1024       | 48.16             | 48.18         | 6   | 9293,9413,9533,9295,9415,9535       | 0.04     |
| 17  | 40         | 10000000 | 312500    | 238096   | 4096    | 128   | 32   | worker   | 12        | 16  | increase  | asc         | desc       | 157768     | 1444.05           | 1444.64       | 6   | 24458,24578,24698,24460,24580,24700 | 0.04     |
| 20  | 40         | 10000000 | 312500    | 238096   | 4096    | 128   | 32   | worker   | 12        | 16  | decrease  | desc        | desc       | 157768     | 618.4             | 618.65        | 6   | 28778,28898,29018,28780,28900,29020 | 0.04     |
| 20  | 40         | 10000000 | 312500    | 238096   | 4096    | 128   | 32   | worker   | 12        | 16  | decrease  | desc        | asc        | 157768     | 1262.21           | 1262.71       | 6   | 28418,28538,28658,28420,28540,28660 | 0.04     |
| 20  | 40         | 10000000 | 312500    | 238096   | 4096    | 128   | 32   | io_uring | 12        | 16  | decrease  | desc        | desc       | 157768     | 700.62            | 700.89        | 6   | 29498,29618,29738,29500,29620,29740 | 0.04     |
| 13  | 20         | 10000000 | 2500000   | 476191   | 0       | 8     | 4    | io_uring | 12        | 16  | increase  | asc         | desc       | 1012144    | 4624.05           | 4625.69       | 6   | 18843,18978,19113,18845,18980,19115 | 0.04     |
| 9   | 40         | 10000000 | 312500    | 238096   | 1024    | 0     | 32   | worker   | 12        | 16  | increase  | asc         | desc       | 4096       | 33.82             | 33.83         | 6   | 12183,12303,12423,12185,12305,12425 | 0.03     |
| 3   | 100        | 10000000 | 625000    | 93458    | 16384   | 8     | 16   | worker   | 12        | 16  | decrease  | asc         | desc       | 378036     | 1259.4            | 1259.77       | 6   | 3483,3608,3733,3485,3610,3735       | 0.03     |
| 9   | 40         | 10000000 | 312500    | 238096   | 1024    | 0     | 32   | io_uring | 12        | 16  | increase  | asc         | desc       | 126518     | 1147.62           | 1147.94       | 6   | 12933,13053,13173,12935,13055,13175 | 0.03     |
| 13  | 20         | 10000000 | 2500000   | 476191   | 0       | 8     | 4    | io_uring | 12        | 16  | increase  | asc         | asc        | 762144     | 559.17            | 559.31        | 6   | 18433,18568,18703,18435,18570,18705 | 0.03     |
| 4   | 100        | 10000000 | 625000    | 93458    | 16384   | 8     | 16   | io_uring | 12        | 16  | decrease  | desc        | desc       | 253036     | 359.31            | 359.39        | 6   | 5723,5848,5973,5725,5850,5975       | 0.02     |
| 12  | 40         | 10000000 | 312500    | 238096   | 1024    | 0     | 32   | io_uring | 12        | 16  | decrease  | desc        | asc        | 126518     | 1104.13           | 1104.35       | 6   | 16893,17013,17133,16895,17015,17135 | 0.02     |
| 20  | 40         | 10000000 | 312500    | 238096   | 4096    | 128   | 32   | io_uring | 12        | 16  | decrease  | desc        | asc        | 95268      | 1104.28           | 1104.49       | 6   | 29128,29248,29368,29130,29250,29370 | 0.02     |
| 13  | 20         | 10000000 | 2500000   | 476191   | 0       | 8     | 4    | io_uring | 12        | 16  | increase  | asc         | desc       | 2012144    | 9700.64           | 9702.36       | 6   | 18863,18998,19133,18865,19000,19135 | 0.02     |
| 13  | 20         | 10000000 | 2500000   | 476191   | 0       | 8     | 4    | io_uring | 12        | 16  | increase  | asc         | desc       | 1762144    | 8413.31           | 8414.55       | 6   | 18858,18993,19128,18860,18995,19130 | 0.01     |
| 19  | 40         | 10000000 | 312500    | 238096   | 4096    | 128   | 32   | io_uring | 12        | 16  | decrease  | asc         | desc       | 126518     | 1234.19           | 1234.37       | 6   | 28053,28173,28293,28055,28175,28295 | 0.01     |
| 3   | 100        | 10000000 | 625000    | 93458    | 16384   | 8     | 16   | io_uring | 12        | 16  | decrease  | asc         | desc       | 253036     | 896.97            | 897.09        | 6   | 4223,4348,4473,4225,4350,4475       | 0.01     |
| 16  | 20         | 10000000 | 2500000   | 476191   | 0       | 8     | 4    | worker   | 12        | 16  | decrease  | desc        | asc        | 1762144    | 5366.54           | 5367.12       | 6   | 22503,22638,22773,22505,22640,22775 | 0.01     |
| 17  | 40         | 10000000 | 312500    | 238096   | 4096    | 128   | 32   | io_uring | 12        | 16  | increase  | asc         | desc       | 16384      | 230.61            | 230.63        | 6   | 25153,25273,25393,25155,25275,25395 | 0.01     |
| 17  | 40         | 10000000 | 312500    | 238096   | 4096    | 128   | 32   | io_uring | 12        | 16  | increase  | asc         | desc       | 64018      | 820.05            | 820.08        | 6   | 25163,25283,25403,25165,25285,25405 | 0.0      |
| 1   | 100        | 10000000 | 625000    | 93458    | 16384   | 8     | 16   | io_uring | 12        | 16  | increase  | asc         | desc       | 64         | 2.12              | 2.12          | 6   | 1158,1283,1408,1160,1285,1410       | 0.0      |
| 1   | 100        | 10000000 | 625000    | 93458    | 16384   | 8     | 16   | io_uring | 12        | 16  | increase  | asc         | desc       | 512        | 6.29              | 6.29          | 6   | 1173,1298,1423,1175,1300,1425       | 0.0      |
| 1   | 100        | 10000000 | 625000    | 93458    | 16384   | 8     | 16   | worker   | 12        | 16  | increase  | asc         | asc        | 2          | 0.36              | 0.36          | 6   | 8,133,258,10,135,260                | 0.0      |
| 1   | 100        | 10000000 | 625000    | 93458    | 16384   | 8     | 16   | worker   | 12        | 16  | increase  | asc         | desc       | 2          | 0.36              | 0.36          | 6   | 383,508,633,385,510,635             | 0.0      |
| 2   | 100        | 10000000 | 625000    | 93458    | 16384   | 8     | 16   | io_uring | 12        | 16  | increase  | desc        | desc       | 8          | 0.71              | 0.71          | 6   | 2643,2768,2893,2645,2770,2895       | 0.0      |
| 2   | 100        | 10000000 | 625000    | 93458    | 16384   | 8     | 16   | worker   | 12        | 16  | increase  | desc        | asc        | 4          | 0.44              | 0.44          | 6   | 1513,1638,1763,1515,1640,1765       | 0.0      |
| 2   | 100        | 10000000 | 625000    | 93458    | 16384   | 8     | 16   | worker   | 12        | 16  | increase  | desc        | asc        | 8          | 0.68              | 0.68          | 6   | 1518,1643,1768,1520,1645,1770       | 0.0      |
| 3   | 100        | 10000000 | 625000    | 93458    | 16384   | 8     | 16   | io_uring | 12        | 16  | decrease  | asc         | asc        | 4          | 0.48              | 0.48          | 6   | 3763,3888,4013,3765,3890,4015       | 0.0      |
| 3   | 100        | 10000000 | 625000    | 93458    | 16384   | 8     | 16   | io_uring | 12        | 16  | decrease  | asc         | desc       | 2          | 0.4               | 0.4           | 6   | 4133,4258,4383,4135,4260,4385       | 0.0      |
| 4   | 100        | 10000000 | 625000    | 93458    | 16384   | 8     | 16   | io_uring | 12        | 16  | decrease  | desc        | asc        | 1          | 0.3               | 0.3           | 6   | 5253,5378,5503,5255,5380,5505       | 0.0      |
| 4   | 100        | 10000000 | 625000    | 93458    | 16384   | 8     | 16   | io_uring | 12        | 16  | decrease  | desc        | desc       | 2          | 0.38              | 0.38          | 6   | 5633,5758,5883,5635,5760,5885       | 0.0      |
| 4   | 100        | 10000000 | 625000    | 93458    | 16384   | 8     | 16   | worker   | 12        | 16  | decrease  | desc        | asc        | 1          | 0.28              | 0.28          | 6   | 4503,4628,4753,4505,4630,4755       | 0.0      |
| 4   | 100        | 10000000 | 625000    | 93458    | 16384   | 8     | 16   | worker   | 12        | 16  | decrease  | desc        | asc        | 16         | 0.95              | 0.95          | 6   | 4523,4648,4773,4525,4650,4775       | 0.0      |
| 6   | 80         | 10000000 | 312500    | 117648   | 16384   | 2048  | 32   | io_uring | 12        | 16  | increase  | desc        | asc        | 1          | 1.13              | 1.13          | 6   | 8163,8283,8403,8165,8285,8405       | 0.0      |
| 9   | 40         | 10000000 | 312500    | 238096   | 1024    | 0     | 32   | io_uring | 12        | 16  | increase  | asc         | desc       | 4096       | 40.11             | 40.11         | 6   | 12903,13023,13143,12905,13025,13145 | 0.0      |
| 9   | 40         | 10000000 | 312500    | 238096   | 1024    | 0     | 32   | worker   | 12        | 16  | increase  | asc         | asc        | 4          | 0.63              | 0.63          | 6   | 11773,11893,12013,11775,11895,12015 | 0.0      |
| 9   | 40         | 10000000 | 312500    | 238096   | 1024    | 0     | 32   | worker   | 12        | 16  | increase  | asc         | asc        | 1024       | 6.8               | 6.8           | 6   | 11813,11933,12053,11815,11935,12055 | 0.0      |
| 10  | 40         | 10000000 | 312500    | 238096   | 1024    | 0     | 32   | worker   | 12        | 16  | increase  | desc        | desc       | 64018      | 216.84            | 216.84        | 6   | 13643,13763,13883,13645,13765,13885 | 0.0      |
| 11  | 40         | 10000000 | 312500    | 238096   | 1024    | 0     | 32   | io_uring | 12        | 16  | decrease  | asc         | asc        | 512        | 4.98              | 4.98          | 6   | 15408,15528,15648,15410,15530,15650 | 0.0      |
| 11  | 40         | 10000000 | 312500    | 238096   | 1024    | 0     | 32   | worker   | 12        | 16  | decrease  | asc         | asc        | 1          | 0.37              | 0.37          | 6   | 14643,14763,14883,14645,14765,14885 | 0.0      |
| 13  | 20         | 10000000 | 2500000   | 476191   | 0       | 8     | 4    | io_uring | 12        | 16  | increase  | asc         | asc        | 16384      | 15.9              | 15.9          | 6   | 18403,18538,18673,18405,18540,18675 | 0.0      |
| 13  | 20         | 10000000 | 2500000   | 476191   | 0       | 8     | 4    | io_uring | 12        | 16  | increase  | asc         | asc        | 32768      | 29.0              | 29.0          | 6   | 18408,18543,18678,18410,18545,18680 | 0.0      |
| 13  | 20         | 10000000 | 2500000   | 476191   | 0       | 8     | 4    | io_uring | 12        | 16  | increase  | asc         | desc       | 16         | 0.44              | 0.44          | 6   | 18758,18893,19028,18760,18895,19030 | 0.0      |
| 14  | 20         | 10000000 | 2500000   | 476191   | 0       | 8     | 4    | worker   | 12        | 16  | increase  | desc        | desc       | 4          | 0.31              | 0.31          | 6   | 19558,19693,19828,19560,19695,19830 | 0.0      |
| 15  | 20         | 10000000 | 2500000   | 476191   | 0       | 8     | 4    | io_uring | 12        | 16  | decrease  | asc         | asc        | 16         | 0.53              | 0.53          | 6   | 21593,21728,21863,21595,21730,21865 | 0.0      |
| 15  | 20         | 10000000 | 2500000   | 476191   | 0       | 8     | 4    | worker   | 12        | 16  | decrease  | asc         | desc       | 16         | 0.38              | 0.38          | 6   | 21188,21323,21458,21190,21325,21460 | 0.0      |
| 15  | 20         | 10000000 | 2500000   | 476191   | 0       | 8     | 4    | worker   | 12        | 16  | decrease  | asc         | desc       | 32         | 0.53              | 0.53          | 6   | 21193,21328,21463,21195,21330,21465 | 0.0      |
| 16  | 20         | 10000000 | 2500000   | 476191   | 0       | 8     | 4    | io_uring | 12        | 16  | decrease  | desc        | desc       | 1          | 0.29              | 0.29          | 6   | 23598,23733,23868,23600,23735,23870 | 0.0      |
| 16  | 20         | 10000000 | 2500000   | 476191   | 0       | 8     | 4    | io_uring | 12        | 16  | decrease  | desc        | desc       | 16         | 0.4               | 0.4           | 6   | 23618,23753,23888,23620,23755,23890 | 0.0      |
| 16  | 20         | 10000000 | 2500000   | 476191   | 0       | 8     | 4    | worker   | 12        | 16  | decrease  | desc        | desc       | 4          | 0.33              | 0.33          | 6   | 22798,22933,23068,22800,22935,23070 | 0.0      |
| 17  | 40         | 10000000 | 312500    | 238096   | 4096    | 128   | 32   | io_uring | 12        | 16  | increase  | asc         | desc       | 1          | 0.7               | 0.7           | 6   | 25083,25203,25323,25085,25205,25325 | 0.0      |
| 18  | 40         | 10000000 | 312500    | 238096   | 4096    | 128   | 32   | io_uring | 12        | 16  | increase  | desc        | desc       | 2          | 0.6               | 0.6           | 6   | 26528,26648,26768,26530,26650,26770 | 0.0      |
| 18  | 40         | 10000000 | 312500    | 238096   | 4096    | 128   | 32   | worker   | 12        | 16  | increase  | desc        | asc        | 4          | 0.99              | 0.99          | 6   | 25453,25573,25693,25455,25575,25695 | 0.0      |
| 19  | 40         | 10000000 | 312500    | 238096   | 4096    | 128   | 32   | worker   | 12        | 16  | decrease  | asc         | desc       | 1024       | 22.86             | 22.86         | 6   | 27293,27413,27533,27295,27415,27535 | 0.0      |
| 21  | 80         | 10000000 | 10000000  | 117648   | 1048576 | 128   | 1    | io_uring | 12        | 16  | increase  | asc         | asc        | 16         | 1.09              | 1.09          | 6   | 30653,30798,30943,30655,30800,30945 | 0.0      |
| 21  | 80         | 10000000 | 10000000  | 117648   | 1048576 | 128   | 1    | io_uring | 12        | 16  | increase  | asc         | asc        | 32         | 1.96              | 1.96          | 6   | 30658,30803,30948,30660,30805,30950 | 0.0      |
| 21  | 80         | 10000000 | 10000000  | 117648   | 1048576 | 128   | 1    | io_uring | 12        | 16  | increase  | asc         | desc       | 1          | 0.26              | 0.26          | 4   | 31068,31213,31070,31215             | 0.0      |
| 21  | 80         | 10000000 | 10000000  | 117648   | 1048576 | 128   | 1    | worker   | 12        | 16  | increase  | asc         | asc        | 1          | 0.22              | 0.22          | 6   | 29763,29908,30053,29765,29910,30055 | 0.0      |
| 21  | 80         | 10000000 | 10000000  | 117648   | 1048576 | 128   | 1    | worker   | 12        | 16  | increase  | asc         | desc       | 1          | 0.23              | 0.23          | 6   | 30198,30343,30488,30200,30345,30490 | 0.0      |
| 21  | 80         | 10000000 | 10000000  | 117648   | 1048576 | 128   | 1    | worker   | 12        | 16  | increase  | asc         | desc       | 32         | 1.64              | 1.64          | 6   | 30223,30368,30513,30225,30370,30515 | 0.0      |
| 3   | 100        | 10000000 | 625000    | 93458    | 16384   | 8     | 16   | io_uring | 12        | 16  | decrease  | asc         | desc       | 565536     | 1985.55           | 1985.5        | 6   | 4248,4373,4498,4250,4375,4500       | 0.0      |
| 1   | 100        | 10000000 | 625000    | 93458    | 16384   | 8     | 16   | io_uring | 12        | 16  | increase  | asc         | asc        | 128036     | 189.33            | 189.32        | 6   | 838,963,1088,840,965,1090           | -0.01    |
| 4   | 100        | 10000000 | 625000    | 93458    | 16384   | 8     | 16   | io_uring | 12        | 16  | decrease  | desc        | desc       | 503036     | 700.0             | 699.96        | 6   | 5743,5868,5993,5745,5870,5995       | -0.01    |
| 3   | 100        | 10000000 | 625000    | 93458    | 16384   | 8     | 16   | io_uring | 12        | 16  | decrease  | asc         | asc        | 315536     | 477.82            | 477.79        | 6   | 3853,3978,4103,3855,3980,4105       | -0.01    |
| 9   | 40         | 10000000 | 312500    | 238096   | 1024    | 0     | 32   | io_uring | 12        | 16  | increase  | asc         | asc        | 157768     | 543.02            | 542.98        | 6   | 12578,12698,12818,12580,12700,12820 | -0.01    |
| 17  | 40         | 10000000 | 312500    | 238096   | 4096    | 128   | 32   | worker   | 12        | 16  | increase  | asc         | desc       | 126518     | 1122.45           | 1122.36       | 6   | 24453,24573,24693,24455,24575,24695 | -0.01    |
| 20  | 40         | 10000000 | 312500    | 238096   | 4096    | 128   | 32   | worker   | 12        | 16  | decrease  | desc        | desc       | 95268      | 373.38            | 373.34        | 6   | 28768,28888,29008,28770,28890,29010 | -0.01    |
| 12  | 40         | 10000000 | 312500    | 238096   | 1024    | 0     | 32   | io_uring | 12        | 16  | decrease  | desc        | desc       | 282768     | 962.09            | 961.98        | 6   | 17278,17398,17518,17280,17400,17520 | -0.01    |
| 17  | 40         | 10000000 | 312500    | 238096   | 4096    | 128   | 32   | io_uring | 12        | 16  | increase  | asc         | desc       | 95268      | 1206.14           | 1205.98       | 6   | 25168,25288,25408,25170,25290,25410 | -0.01    |
| 13  | 20         | 10000000 | 2500000   | 476191   | 0       | 8     | 4    | worker   | 12        | 16  | increase  | asc         | desc       | 2012144    | 8482.08           | 8480.94       | 6   | 18053,18188,18323,18055,18190,18325 | -0.01    |
| 13  | 20         | 10000000 | 2500000   | 476191   | 0       | 8     | 4    | io_uring | 12        | 16  | increase  | asc         | desc       | 1262144    | 5855.71           | 5854.7        | 6   | 18848,18983,19118,18850,18985,19120 | -0.02    |
| 2   | 100        | 10000000 | 625000    | 93458    | 16384   | 8     | 16   | io_uring | 12        | 16  | increase  | desc        | desc       | 565536     | 841.15            | 840.99        | 6   | 2748,2873,2998,2750,2875,3000       | -0.02    |
| 18  | 40         | 10000000 | 312500    | 238096   | 4096    | 128   | 32   | io_uring | 12        | 16  | increase  | desc        | asc        | 126518     | 1214.96           | 1214.7        | 6   | 26253,26373,26493,26255,26375,26495 | -0.02    |
| 4   | 100        | 10000000 | 625000    | 93458    | 16384   | 8     | 16   | io_uring | 12        | 16  | decrease  | desc        | asc        | 315536     | 1142.63           | 1142.34       | 6   | 5353,5478,5603,5355,5480,5605       | -0.03    |
| 16  | 20         | 10000000 | 2500000   | 476191   | 0       | 8     | 4    | io_uring | 12        | 16  | decrease  | desc        | asc        | 2262144    | 10428.56          | 10425.7       | 6   | 23323,23458,23593,23325,23460,23595 | -0.03    |
| 11  | 40         | 10000000 | 312500    | 238096   | 1024    | 0     | 32   | io_uring | 12        | 16  | decrease  | asc         | desc       | 16384      | 131.91            | 131.87        | 6   | 15793,15913,16033,15795,15915,16035 | -0.03    |
| 10  | 40         | 10000000 | 312500    | 238096   | 1024    | 0     | 32   | io_uring | 12        | 16  | increase  | desc        | desc       | 157768     | 647.57            | 647.37        | 6   | 14378,14498,14618,14380,14500,14620 | -0.03    |
| 16  | 20         | 10000000 | 2500000   | 476191   | 0       | 8     | 4    | io_uring | 12        | 16  | decrease  | desc        | asc        | 1512144    | 6826.15           | 6823.99       | 6   | 23308,23443,23578,23310,23445,23580 | -0.03    |
| 2   | 100        | 10000000 | 625000    | 93458    | 16384   | 8     | 16   | io_uring | 12        | 16  | increase  | desc        | asc        | 315536     | 1066.89           | 1066.55       | 6   | 2353,2478,2603,2355,2480,2605       | -0.03    |
| 16  | 20         | 10000000 | 2500000   | 476191   | 0       | 8     | 4    | worker   | 12        | 16  | decrease  | desc        | desc       | 1262144    | 687.71            | 687.49        | 6   | 22898,23033,23168,22900,23035,23170 | -0.03    |
| 18  | 40         | 10000000 | 312500    | 238096   | 4096    | 128   | 32   | worker   | 12        | 16  | increase  | desc        | asc        | 251518     | 2031.64           | 2030.95       | 6   | 25553,25673,25793,25555,25675,25795 | -0.03    |
| 12  | 40         | 10000000 | 312500    | 238096   | 1024    | 0     | 32   | io_uring | 12        | 16  | decrease  | desc        | asc        | 95268      | 833.13            | 832.84        | 6   | 16888,17008,17128,16890,17010,17130 | -0.03    |
| 16  | 20         | 10000000 | 2500000   | 476191   | 0       | 8     | 4    | worker   | 12        | 16  | decrease  | desc        | asc        | 2012144    | 6086.52           | 6084.13       | 6   | 22508,22643,22778,22510,22645,22780 | -0.04    |
| 2   | 100        | 10000000 | 625000    | 93458    | 16384   | 8     | 16   | io_uring | 12        | 16  | increase  | desc        | asc        | 128036     | 439.93            | 439.75        | 6   | 2338,2463,2588,2340,2465,2590       | -0.04    |
| 13  | 20         | 10000000 | 2500000   | 476191   | 0       | 8     | 4    | io_uring | 12        | 16  | increase  | asc         | desc       | 762144     | 3471.61           | 3470.15       | 6   | 18838,18973,19108,18840,18975,19110 | -0.04    |
| 16  | 20         | 10000000 | 2500000   | 476191   | 0       | 8     | 4    | worker   | 12        | 16  | decrease  | desc        | asc        | 762144     | 2368.57           | 2367.56       | 6   | 22483,22618,22753,22485,22620,22755 | -0.04    |
| 17  | 40         | 10000000 | 312500    | 238096   | 4096    | 128   | 32   | io_uring | 12        | 16  | increase  | asc         | asc        | 95268      | 426.58            | 426.39        | 6   | 24808,24928,25048,24810,24930,25050 | -0.04    |
| 9   | 40         | 10000000 | 312500    | 238096   | 1024    | 0     | 32   | io_uring | 12        | 16  | increase  | asc         | desc       | 64018      | 581.54            | 581.28        | 6   | 12923,13043,13163,12925,13045,13165 | -0.04    |
| 3   | 100        | 10000000 | 625000    | 93458    | 16384   | 8     | 16   | io_uring | 12        | 16  | decrease  | asc         | asc        | 128036     | 198.73            | 198.64        | 6   | 3838,3963,4088,3840,3965,4090       | -0.05    |
| 16  | 20         | 10000000 | 2500000   | 476191   | 0       | 8     | 4    | io_uring | 12        | 16  | decrease  | desc        | asc        | 762144     | 3341.75           | 3340.19       | 6   | 23293,23428,23563,23295,23430,23565 | -0.05    |
| 9   | 40         | 10000000 | 312500    | 238096   | 1024    | 0     | 32   | io_uring | 12        | 16  | increase  | asc         | desc       | 189018     | 1706.72           | 1705.88       | 6   | 12943,13063,13183,12945,13065,13185 | -0.05    |
| 16  | 20         | 10000000 | 2500000   | 476191   | 0       | 8     | 4    | io_uring | 12        | 16  | decrease  | desc        | asc        | 1762144    | 7995.4            | 7991.35       | 6   | 23313,23448,23583,23315,23450,23585 | -0.05    |
| 12  | 40         | 10000000 | 312500    | 238096   | 1024    | 0     | 32   | worker   | 12        | 16  | decrease  | desc        | asc        | 157768     | 1098.38           | 1097.81       | 6   | 16178,16298,16418,16180,16300,16420 | -0.05    |
| 13  | 20         | 10000000 | 2500000   | 476191   | 0       | 8     | 4    | worker   | 12        | 16  | increase  | asc         | desc       | 1262144    | 5380.11           | 5377.18       | 6   | 18038,18173,18308,18040,18175,18310 | -0.05    |
| 3   | 100        | 10000000 | 625000    | 93458    | 16384   | 8     | 16   | io_uring | 12        | 16  | decrease  | asc         | desc       | 315536     | 1113.5            | 1112.84       | 6   | 4228,4353,4478,4230,4355,4480       | -0.06    |
| 7   | 80         | 10000000 | 312500    | 117648   | 16384   | 2048  | 32   | worker   | 12        | 16  | decrease  | asc         | asc        | 4096       | 50.27             | 50.24         | 6   | 8943,9063,9183,8945,9065,9185       | -0.06    |
| 19  | 40         | 10000000 | 312500    | 238096   | 4096    | 128   | 32   | io_uring | 12        | 16  | decrease  | asc         | desc       | 64018      | 637.84            | 637.42        | 6   | 28043,28163,28283,28045,28165,28285 | -0.07    |
| 18  | 40         | 10000000 | 312500    | 238096   | 4096    | 128   | 32   | io_uring | 12        | 16  | increase  | desc        | asc        | 157768     | 1514.27           | 1513.18       | 6   | 26258,26378,26498,26260,26380,26500 | -0.07    |
| 17  | 40         | 10000000 | 312500    | 238096   | 4096    | 128   | 32   | io_uring | 12        | 16  | increase  | asc         | desc       | 189018     | 2335.5            | 2333.61       | 6   | 25183,25303,25423,25185,25305,25425 | -0.08    |
| 9   | 40         | 10000000 | 312500    | 238096   | 1024    | 0     | 32   | io_uring | 12        | 16  | increase  | asc         | desc       | 220268     | 1988.08           | 1986.42       | 6   | 12948,13068,13188,12950,13070,13190 | -0.08    |
| 10  | 40         | 10000000 | 312500    | 238096   | 1024    | 0     | 32   | io_uring | 12        | 16  | increase  | desc        | asc        | 95268      | 713.68            | 713.08        | 6   | 14008,14128,14248,14010,14130,14250 | -0.08    |
| 17  | 40         | 10000000 | 312500    | 238096   | 4096    | 128   | 32   | io_uring | 12        | 16  | increase  | asc         | desc       | 157768     | 1963.13           | 1961.31       | 6   | 25178,25298,25418,25180,25300,25420 | -0.09    |
| 10  | 40         | 10000000 | 312500    | 238096   | 1024    | 0     | 32   | worker   | 12        | 16  | increase  | desc        | desc       | 251518     | 829.86            | 829.07        | 6   | 13673,13793,13913,13675,13795,13915 | -0.1     |
| 3   | 100        | 10000000 | 625000    | 93458    | 16384   | 8     | 16   | io_uring | 12        | 16  | decrease  | asc         | desc       | 503036     | 1770.52           | 1768.83       | 6   | 4243,4368,4493,4245,4370,4495       | -0.1     |
| 4   | 100        | 10000000 | 625000    | 93458    | 16384   | 8     | 16   | io_uring | 12        | 16  | decrease  | desc        | asc        | 503036     | 1813.59           | 1811.61       | 6   | 5368,5493,5618,5370,5495,5620       | -0.11    |
| 9   | 40         | 10000000 | 312500    | 238096   | 1024    | 0     | 32   | io_uring | 12        | 16  | increase  | asc         | desc       | 282768     | 2567.41           | 2564.58       | 6   | 12958,13078,13198,12960,13080,13200 | -0.11    |
| 2   | 100        | 10000000 | 625000    | 93458    | 16384   | 8     | 16   | io_uring | 12        | 16  | increase  | desc        | asc        | 440536     | 1483.12           | 1481.46       | 6   | 2363,2488,2613,2365,2490,2615       | -0.11    |
| 16  | 20         | 10000000 | 2500000   | 476191   | 0       | 8     | 4    | worker   | 12        | 16  | decrease  | desc        | desc       | 131072     | 79.32             | 79.23         | 6   | 22873,23008,23143,22875,23010,23145 | -0.11    |
| 13  | 20         | 10000000 | 2500000   | 476191   | 0       | 8     | 4    | io_uring | 12        | 16  | increase  | asc         | desc       | 1512144    | 7129.71           | 7121.31       | 6   | 18853,18988,19123,18855,18990,19125 | -0.12    |
| 18  | 40         | 10000000 | 312500    | 238096   | 4096    | 128   | 32   | worker   | 12        | 16  | increase  | desc        | asc        | 282768     | 2269.07           | 2266.39       | 6   | 25558,25678,25798,25560,25680,25800 | -0.12    |
| 12  | 40         | 10000000 | 312500    | 238096   | 1024    | 0     | 32   | io_uring | 12        | 16  | decrease  | desc        | asc        | 220268     | 1907.91           | 1905.54       | 6   | 16908,17028,17148,16910,17030,17150 | -0.12    |
| 9   | 40         | 10000000 | 312500    | 238096   | 1024    | 0     | 32   | io_uring | 12        | 16  | increase  | asc         | desc       | 251518     | 2275.42           | 2272.54       | 6   | 12953,13073,13193,12955,13075,13195 | -0.13    |
| 10  | 40         | 10000000 | 312500    | 238096   | 1024    | 0     | 32   | worker   | 12        | 16  | increase  | desc        | asc        | 126518     | 890.52            | 889.37        | 6   | 13293,13413,13533,13295,13415,13535 | -0.13    |
| 10  | 40         | 10000000 | 312500    | 238096   | 1024    | 0     | 32   | io_uring | 12        | 16  | increase  | desc        | desc       | 1024       | 7.55              | 7.54          | 6   | 14333,14453,14573,14335,14455,14575 | -0.13    |
| 16  | 20         | 10000000 | 2500000   | 476191   | 0       | 8     | 4    | io_uring | 12        | 16  | decrease  | desc        | asc        | 512144     | 2260.7            | 2257.7        | 6   | 23288,23423,23558,23290,23425,23560 | -0.13    |
| 16  | 20         | 10000000 | 2500000   | 476191   | 0       | 8     | 4    | worker   | 12        | 16  | decrease  | desc        | asc        | 1512144    | 4644.3            | 4638.09       | 6   | 22498,22633,22768,22500,22635,22770 | -0.13    |
| 14  | 20         | 10000000 | 2500000   | 476191   | 0       | 8     | 4    | worker   | 12        | 16  | increase  | desc        | asc        | 4096       | 7.19              | 7.18          | 6   | 19203,19338,19473,19205,19340,19475 | -0.14    |
| 13  | 20         | 10000000 | 2500000   | 476191   | 0       | 8     | 4    | io_uring | 12        | 16  | increase  | asc         | desc       | 65536      | 312.14            | 311.7         | 6   | 18818,18953,19088,18820,18955,19090 | -0.14    |
| 11  | 40         | 10000000 | 312500    | 238096   | 1024    | 0     | 32   | io_uring | 12        | 16  | decrease  | asc         | asc        | 32768      | 132.5             | 132.31        | 6   | 15438,15558,15678,15440,15560,15680 | -0.14    |
| 10  | 40         | 10000000 | 312500    | 238096   | 1024    | 0     | 32   | io_uring | 12        | 16  | increase  | desc        | asc        | 189018     | 1404.81           | 1402.68       | 6   | 14023,14143,14263,14025,14145,14265 | -0.15    |
| 17  | 40         | 10000000 | 312500    | 238096   | 4096    | 128   | 32   | worker   | 12        | 16  | increase  | asc         | desc       | 64018      | 583.08            | 582.19        | 6   | 24443,24563,24683,24445,24565,24685 | -0.15    |
| 3   | 100        | 10000000 | 625000    | 93458    | 16384   | 8     | 16   | worker   | 12        | 16  | decrease  | asc         | asc        | 440536     | 561.28            | 560.39        | 6   | 3113,3238,3363,3115,3240,3365       | -0.16    |
| 1   | 100        | 10000000 | 625000    | 93458    | 16384   | 8     | 16   | io_uring | 12        | 16  | increase  | asc         | desc       | 440536     | 1823.25           | 1820.25       | 6   | 1238,1363,1488,1240,1365,1490       | -0.16    |
| 13  | 20         | 10000000 | 2500000   | 476191   | 0       | 8     | 4    | worker   | 12        | 16  | increase  | asc         | desc       | 512144     | 2089.33           | 2085.82       | 6   | 18023,18158,18293,18025,18160,18295 | -0.17    |
| 11  | 40         | 10000000 | 312500    | 238096   | 1024    | 0     | 32   | worker   | 12        | 16  | decrease  | asc         | desc       | 251518     | 1752.33           | 1749.37       | 6   | 15113,15233,15353,15115,15235,15355 | -0.17    |
| 17  | 40         | 10000000 | 312500    | 238096   | 4096    | 128   | 32   | io_uring | 12        | 16  | increase  | asc         | desc       | 282768     | 3426.76           | 3420.88       | 6   | 25198,25318,25438,25200,25320,25440 | -0.17    |
| 19  | 40         | 10000000 | 312500    | 238096   | 4096    | 128   | 32   | io_uring | 12        | 16  | decrease  | asc         | asc        | 64018      | 283.61            | 283.12        | 6   | 27683,27803,27923,27685,27805,27925 | -0.17    |
| 3   | 100        | 10000000 | 625000    | 93458    | 16384   | 8     | 16   | io_uring | 12        | 16  | decrease  | asc         | asc        | 378036     | 567.35            | 566.36        | 6   | 3858,3983,4108,3860,3985,4110       | -0.17    |
| 2   | 100        | 10000000 | 625000    | 93458    | 16384   | 8     | 16   | worker   | 12        | 16  | increase  | desc        | asc        | 565536     | 1779.31           | 1776.04       | 6   | 1623,1748,1873,1625,1750,1875       | -0.18    |
| 10  | 40         | 10000000 | 312500    | 238096   | 1024    | 0     | 32   | io_uring | 12        | 16  | increase  | desc        | asc        | 157768     | 1179.16           | 1176.99       | 6   | 14018,14138,14258,14020,14140,14260 | -0.18    |
| 11  | 40         | 10000000 | 312500    | 238096   | 1024    | 0     | 32   | io_uring | 12        | 16  | decrease  | asc         | asc        | 220268     | 859.36            | 857.75        | 6   | 15468,15588,15708,15470,15590,15710 | -0.19    |
| 16  | 20         | 10000000 | 2500000   | 476191   | 0       | 8     | 4    | worker   | 12        | 16  | decrease  | desc        | asc        | 8192       | 26.1              | 26.05         | 6   | 22448,22583,22718,22450,22585,22720 | -0.19    |
| 16  | 20         | 10000000 | 2500000   | 476191   | 0       | 8     | 4    | worker   | 12        | 16  | decrease  | desc        | asc        | 65536      | 198.23            | 197.85        | 6   | 22463,22598,22733,22465,22600,22735 | -0.19    |
| 18  | 40         | 10000000 | 312500    | 238096   | 4096    | 128   | 32   | io_uring | 12        | 16  | increase  | desc        | desc       | 64018      | 280.69            | 280.14        | 6   | 26603,26723,26843,26605,26725,26845 | -0.2     |
| 4   | 100        | 10000000 | 625000    | 93458    | 16384   | 8     | 16   | io_uring | 12        | 16  | decrease  | desc        | asc        | 565536     | 2037.39           | 2033.27       | 6   | 5373,5498,5623,5375,5500,5625       | -0.2     |
| 13  | 20         | 10000000 | 2500000   | 476191   | 0       | 8     | 4    | worker   | 12        | 16  | increase  | asc         | desc       | 1762144    | 7541.26           | 7526.01       | 6   | 18048,18183,18318,18050,18185,18320 | -0.2     |
| 13  | 20         | 10000000 | 2500000   | 476191   | 0       | 8     | 4    | worker   | 12        | 16  | increase  | asc         | asc        | 262144     | 158.11            | 157.79        | 6   | 17613,17748,17883,17615,17750,17885 | -0.2     |
| 20  | 40         | 10000000 | 312500    | 238096   | 4096    | 128   | 32   | io_uring | 12        | 16  | decrease  | desc        | desc       | 189018     | 837.19            | 835.48        | 6   | 29503,29623,29743,29505,29625,29745 | -0.2     |
| 6   | 80         | 10000000 | 312500    | 117648   | 16384   | 2048  | 32   | worker   | 12        | 16  | increase  | desc        | asc        | 8          | 4.83              | 4.82          | 6   | 7458,7578,7698,7460,7580,7700       | -0.21    |
| 20  | 40         | 10000000 | 312500    | 238096   | 4096    | 128   | 32   | io_uring | 12        | 16  | decrease  | desc        | desc       | 220268     | 961.77            | 959.76        | 6   | 29508,29628,29748,29510,29630,29750 | -0.21    |
| 16  | 20         | 10000000 | 2500000   | 476191   | 0       | 8     | 4    | worker   | 12        | 16  | decrease  | desc        | asc        | 1262144    | 3910.62           | 3902.42       | 6   | 22493,22628,22763,22495,22630,22765 | -0.21    |
| 2   | 100        | 10000000 | 625000    | 93458    | 16384   | 8     | 16   | io_uring | 12        | 16  | increase  | desc        | asc        | 8192       | 37.22             | 37.14         | 6   | 2318,2443,2568,2320,2445,2570       | -0.21    |
| 12  | 40         | 10000000 | 312500    | 238096   | 1024    | 0     | 32   | io_uring | 12        | 16  | decrease  | desc        | asc        | 282768     | 2440.82           | 2435.49       | 6   | 16918,17038,17158,16920,17040,17160 | -0.22    |
| 1   | 100        | 10000000 | 625000    | 93458    | 16384   | 8     | 16   | worker   | 12        | 16  | increase  | asc         | asc        | 128036     | 175.17            | 174.78        | 6   | 88,213,338,90,215,340               | -0.22    |
| 1   | 100        | 10000000 | 625000    | 93458    | 16384   | 8     | 16   | io_uring | 12        | 16  | increase  | asc         | desc       | 65536      | 279.82            | 279.19        | 6   | 1208,1333,1458,1210,1335,1460       | -0.23    |
| 20  | 40         | 10000000 | 312500    | 238096   | 4096    | 128   | 32   | io_uring | 12        | 16  | decrease  | desc        | asc        | 251518     | 2828.62           | 2822.18       | 6   | 29153,29273,29393,29155,29275,29395 | -0.23    |
| 20  | 40         | 10000000 | 312500    | 238096   | 4096    | 128   | 32   | io_uring | 12        | 16  | decrease  | desc        | desc       | 64018      | 292.82            | 292.14        | 6   | 29483,29603,29723,29485,29605,29725 | -0.23    |
| 3   | 100        | 10000000 | 625000    | 93458    | 16384   | 8     | 16   | worker   | 12        | 16  | decrease  | asc         | desc       | 65536      | 226.94            | 226.4         | 6   | 3458,3583,3708,3460,3585,3710       | -0.24    |
| 19  | 40         | 10000000 | 312500    | 238096   | 4096    | 128   | 32   | io_uring | 12        | 16  | decrease  | asc         | desc       | 128        | 8.0               | 7.98          | 6   | 27998,28118,28238,28000,28120,28240 | -0.25    |
| 12  | 40         | 10000000 | 312500    | 238096   | 1024    | 0     | 32   | worker   | 12        | 16  | decrease  | desc        | asc        | 251518     | 1715.75           | 1711.42       | 6   | 16193,16313,16433,16195,16315,16435 | -0.25    |
| 12  | 40         | 10000000 | 312500    | 238096   | 1024    | 0     | 32   | io_uring | 12        | 16  | decrease  | desc        | asc        | 157768     | 1374.86           | 1371.32       | 6   | 16898,17018,17138,16900,17020,17140 | -0.26    |
| 2   | 100        | 10000000 | 625000    | 93458    | 16384   | 8     | 16   | io_uring | 12        | 16  | increase  | desc        | desc       | 65536      | 108.14            | 107.86        | 6   | 2708,2833,2958,2710,2835,2960       | -0.26    |
| 4   | 100        | 10000000 | 625000    | 93458    | 16384   | 8     | 16   | io_uring | 12        | 16  | decrease  | desc        | asc        | 65536      | 245.52            | 244.88        | 6   | 5333,5458,5583,5335,5460,5585       | -0.26    |
| 11  | 40         | 10000000 | 312500    | 238096   | 1024    | 0     | 32   | worker   | 12        | 16  | decrease  | asc         | asc        | 95268      | 290.78            | 290.02        | 6   | 14728,14848,14968,14730,14850,14970 | -0.26    |
| 10  | 40         | 10000000 | 312500    | 238096   | 1024    | 0     | 32   | worker   | 12        | 16  | increase  | desc        | asc        | 189018     | 1320.5            | 1316.97       | 6   | 13303,13423,13543,13305,13425,13545 | -0.27    |
| 4   | 100        | 10000000 | 625000    | 93458    | 16384   | 8     | 16   | io_uring | 12        | 16  | decrease  | desc        | asc        | 378036     | 1373.68           | 1370.0        | 6   | 5358,5483,5608,5360,5485,5610       | -0.27    |
| 12  | 40         | 10000000 | 312500    | 238096   | 1024    | 0     | 32   | io_uring | 12        | 16  | decrease  | desc        | asc        | 8192       | 76.24             | 76.03         | 6   | 16868,16988,17108,16870,16990,17110 | -0.28    |
| 20  | 40         | 10000000 | 312500    | 238096   | 4096    | 128   | 32   | io_uring | 12        | 16  | decrease  | desc        | asc        | 157768     | 1813.24           | 1808.09       | 6   | 29138,29258,29378,29140,29260,29380 | -0.28    |
| 13  | 20         | 10000000 | 2500000   | 476191   | 0       | 8     | 4    | io_uring | 12        | 16  | increase  | asc         | asc        | 2262144    | 1631.55           | 1626.9        | 6   | 18463,18598,18733,18465,18600,18735 | -0.29    |
| 18  | 40         | 10000000 | 312500    | 238096   | 4096    | 128   | 32   | worker   | 12        | 16  | increase  | desc        | desc       | 2048       | 13.94             | 13.9          | 6   | 25858,25978,26098,25860,25980,26100 | -0.29    |
| 11  | 40         | 10000000 | 312500    | 238096   | 1024    | 0     | 32   | io_uring | 12        | 16  | decrease  | asc         | desc       | 282768     | 2314.52           | 2307.53       | 6   | 15838,15958,16078,15840,15960,16080 | -0.3     |
| 20  | 40         | 10000000 | 312500    | 238096   | 4096    | 128   | 32   | io_uring | 12        | 16  | decrease  | desc        | asc        | 189018     | 2152.95           | 2146.44       | 6   | 29143,29263,29383,29145,29265,29385 | -0.3     |
| 19  | 40         | 10000000 | 312500    | 238096   | 4096    | 128   | 32   | worker   | 12        | 16  | decrease  | asc         | asc        | 126518     | 472.57            | 471.13        | 6   | 26973,27093,27213,26975,27095,27215 | -0.3     |
| 1   | 100        | 10000000 | 625000    | 93458    | 16384   | 8     | 16   | worker   | 12        | 16  | increase  | asc         | desc       | 16384      | 67.36             | 67.15         | 6   | 448,573,698,450,575,700             | -0.31    |
| 10  | 40         | 10000000 | 312500    | 238096   | 1024    | 0     | 32   | io_uring | 12        | 16  | increase  | desc        | asc        | 64018      | 480.12            | 478.62        | 6   | 14003,14123,14243,14005,14125,14245 | -0.31    |
| 16  | 20         | 10000000 | 2500000   | 476191   | 0       | 8     | 4    | io_uring | 12        | 16  | decrease  | desc        | desc       | 2048       | 3.16              | 3.15          | 6   | 23653,23788,23923,23655,23790,23925 | -0.32    |
| 11  | 40         | 10000000 | 312500    | 238096   | 1024    | 0     | 32   | io_uring | 12        | 16  | decrease  | asc         | asc        | 251518     | 975.56            | 972.31        | 6   | 15473,15593,15713,15475,15595,15715 | -0.33    |
| 10  | 40         | 10000000 | 312500    | 238096   | 1024    | 0     | 32   | worker   | 12        | 16  | increase  | desc        | desc       | 16384      | 59.68             | 59.48         | 6   | 13633,13753,13873,13635,13755,13875 | -0.34    |
| 11  | 40         | 10000000 | 312500    | 238096   | 1024    | 0     | 32   | io_uring | 12        | 16  | decrease  | asc         | desc       | 220268     | 1755.88           | 1749.95       | 6   | 15828,15948,16068,15830,15950,16070 | -0.34    |
| 2   | 100        | 10000000 | 625000    | 93458    | 16384   | 8     | 16   | worker   | 12        | 16  | increase  | desc        | asc        | 503036     | 1577.75           | 1572.4        | 6   | 1618,1743,1868,1620,1745,1870       | -0.34    |
| 13  | 20         | 10000000 | 2500000   | 476191   | 0       | 8     | 4    | worker   | 12        | 16  | increase  | asc         | desc       | 131072     | 547.45            | 545.51        | 6   | 18013,18148,18283,18015,18150,18285 | -0.35    |
| 13  | 20         | 10000000 | 2500000   | 476191   | 0       | 8     | 4    | worker   | 12        | 16  | increase  | asc         | desc       | 16384      | 69.99             | 69.74         | 6   | 17998,18133,18268,18000,18135,18270 | -0.36    |
| 19  | 40         | 10000000 | 312500    | 238096   | 4096    | 128   | 32   | worker   | 12        | 16  | decrease  | asc         | asc        | 4096       | 22.35             | 22.27         | 6   | 26943,27063,27183,26945,27065,27185 | -0.36    |
| 3   | 100        | 10000000 | 625000    | 93458    | 16384   | 8     | 16   | io_uring | 12        | 16  | decrease  | asc         | desc       | 190536     | 681.56            | 679.06        | 6   | 4218,4343,4468,4220,4345,4470       | -0.37    |
| 19  | 40         | 10000000 | 312500    | 238096   | 4096    | 128   | 32   | worker   | 12        | 16  | decrease  | asc         | desc       | 251518     | 2046.92           | 2039.41       | 6   | 27353,27473,27593,27355,27475,27595 | -0.37    |
| 1   | 100        | 10000000 | 625000    | 93458    | 16384   | 8     | 16   | io_uring | 12        | 16  | increase  | asc         | desc       | 315536     | 1310.31           | 1305.42       | 6   | 1228,1353,1478,1230,1355,1480       | -0.37    |
| 13  | 20         | 10000000 | 2500000   | 476191   | 0       | 8     | 4    | io_uring | 12        | 16  | increase  | asc         | desc       | 32768      | 157.17            | 156.58        | 6   | 18813,18948,19083,18815,18950,19085 | -0.38    |
| 13  | 20         | 10000000 | 2500000   | 476191   | 0       | 8     | 4    | io_uring | 12        | 16  | increase  | asc         | asc        | 1012144    | 752.35            | 749.42        | 6   | 18438,18573,18708,18440,18575,18710 | -0.39    |
| 11  | 40         | 10000000 | 312500    | 238096   | 1024    | 0     | 32   | worker   | 12        | 16  | decrease  | asc         | desc       | 128        | 2.56              | 2.55          | 6   | 15038,15158,15278,15040,15160,15280 | -0.39    |
| 2   | 100        | 10000000 | 625000    | 93458    | 16384   | 8     | 16   | io_uring | 12        | 16  | increase  | desc        | asc        | 4096       | 22.76             | 22.67         | 6   | 2313,2438,2563,2315,2440,2565       | -0.4     |
| 1   | 100        | 10000000 | 625000    | 93458    | 16384   | 8     | 16   | io_uring | 12        | 16  | increase  | asc         | desc       | 253036     | 1055.08           | 1050.9        | 6   | 1223,1348,1473,1225,1350,1475       | -0.4     |
| 11  | 40         | 10000000 | 312500    | 238096   | 1024    | 0     | 32   | worker   | 12        | 16  | decrease  | asc         | desc       | 189018     | 1313.58           | 1308.33       | 6   | 15103,15223,15343,15105,15225,15345 | -0.4     |
| 18  | 40         | 10000000 | 312500    | 238096   | 4096    | 128   | 32   | io_uring | 12        | 16  | increase  | desc        | asc        | 251518     | 2407.4            | 2397.72       | 6   | 26273,26393,26513,26275,26395,26515 | -0.4     |
| 14  | 20         | 10000000 | 2500000   | 476191   | 0       | 8     | 4    | io_uring | 12        | 16  | increase  | desc        | asc        | 1024       | 2.4               | 2.39          | 6   | 20003,20138,20273,20005,20140,20275 | -0.42    |
| 4   | 100        | 10000000 | 625000    | 93458    | 16384   | 8     | 16   | io_uring | 12        | 16  | decrease  | desc        | asc        | 190536     | 695.37            | 692.45        | 6   | 5343,5468,5593,5345,5470,5595       | -0.42    |
| 3   | 100        | 10000000 | 625000    | 93458    | 16384   | 8     | 16   | io_uring | 12        | 16  | decrease  | asc         | desc       | 440536     | 1554.45           | 1547.92       | 6   | 4238,4363,4488,4240,4365,4490       | -0.42    |
| 11  | 40         | 10000000 | 312500    | 238096   | 1024    | 0     | 32   | worker   | 12        | 16  | decrease  | asc         | desc       | 16384      | 122.09            | 121.57        | 6   | 15073,15193,15313,15075,15195,15315 | -0.43    |
| 20  | 40         | 10000000 | 312500    | 238096   | 4096    | 128   | 32   | worker   | 12        | 16  | decrease  | desc        | asc        | 220268     | 1763.23           | 1755.69       | 6   | 28428,28548,28668,28430,28550,28670 | -0.43    |
| 4   | 100        | 10000000 | 625000    | 93458    | 16384   | 8     | 16   | io_uring | 12        | 16  | decrease  | desc        | asc        | 128        | 2.32              | 2.31          | 6   | 5288,5413,5538,5290,5415,5540       | -0.43    |
| 18  | 40         | 10000000 | 312500    | 238096   | 4096    | 128   | 32   | worker   | 12        | 16  | increase  | desc        | asc        | 189018     | 1542.15           | 1535.49       | 6   | 25543,25663,25783,25545,25665,25785 | -0.43    |
| 20  | 40         | 10000000 | 312500    | 238096   | 4096    | 128   | 32   | io_uring | 12        | 16  | decrease  | desc        | asc        | 126518     | 1452.74           | 1446.4        | 6   | 29133,29253,29373,29135,29255,29375 | -0.44    |
| 18  | 40         | 10000000 | 312500    | 238096   | 4096    | 128   | 32   | worker   | 12        | 16  | increase  | desc        | desc       | 157768     | 573.2             | 570.68        | 6   | 25898,26018,26138,25900,26020,26140 | -0.44    |
| 12  | 40         | 10000000 | 312500    | 238096   | 1024    | 0     | 32   | io_uring | 12        | 16  | decrease  | desc        | asc        | 32768      | 290.7             | 289.34        | 6   | 16878,16998,17118,16880,17000,17120 | -0.47    |
| 1   | 100        | 10000000 | 625000    | 93458    | 16384   | 8     | 16   | worker   | 12        | 16  | increase  | asc         | desc       | 378036     | 1299.64           | 1293.52       | 6   | 483,608,733,485,610,735             | -0.47    |
| 10  | 40         | 10000000 | 312500    | 238096   | 1024    | 0     | 32   | worker   | 12        | 16  | increase  | desc        | desc       | 220268     | 729.7             | 726.25        | 6   | 13668,13788,13908,13670,13790,13910 | -0.47    |
| 19  | 40         | 10000000 | 312500    | 238096   | 4096    | 128   | 32   | worker   | 12        | 16  | decrease  | asc         | desc       | 95268      | 794.55            | 790.7         | 6   | 27328,27448,27568,27330,27450,27570 | -0.48    |
| 9   | 40         | 10000000 | 312500    | 238096   | 1024    | 0     | 32   | io_uring | 12        | 16  | increase  | asc         | desc       | 16384      | 149.65            | 148.92        | 6   | 12913,13033,13153,12915,13035,13155 | -0.49    |
| 10  | 40         | 10000000 | 312500    | 238096   | 1024    | 0     | 32   | worker   | 12        | 16  | increase  | desc        | desc       | 126518     | 424.39            | 422.3         | 6   | 13653,13773,13893,13655,13775,13895 | -0.49    |
| 11  | 40         | 10000000 | 312500    | 238096   | 1024    | 0     | 32   | worker   | 12        | 16  | decrease  | asc         | asc        | 157768     | 473.91            | 471.57        | 6   | 14738,14858,14978,14740,14860,14980 | -0.49    |
| 20  | 40         | 10000000 | 312500    | 238096   | 4096    | 128   | 32   | worker   | 12        | 16  | decrease  | desc        | desc       | 251518     | 970.56            | 965.75        | 6   | 28793,28913,29033,28795,28915,29035 | -0.5     |
| 20  | 40         | 10000000 | 312500    | 238096   | 4096    | 128   | 32   | io_uring | 12        | 16  | decrease  | desc        | desc       | 32768      | 152.06            | 151.3         | 6   | 29478,29598,29718,29480,29600,29720 | -0.5     |
| 11  | 40         | 10000000 | 312500    | 238096   | 1024    | 0     | 32   | io_uring | 12        | 16  | decrease  | asc         | asc        | 8192       | 35.67             | 35.49         | 6   | 15428,15548,15668,15430,15550,15670 | -0.5     |
| 12  | 40         | 10000000 | 312500    | 238096   | 1024    | 0     | 32   | io_uring | 12        | 16  | decrease  | desc        | asc        | 189018     | 1646.94           | 1638.61       | 6   | 16903,17023,17143,16905,17025,17145 | -0.51    |
| 17  | 40         | 10000000 | 312500    | 238096   | 4096    | 128   | 32   | worker   | 12        | 16  | increase  | asc         | desc       | 2048       | 35.35             | 35.17         | 6   | 24418,24538,24658,24420,24540,24660 | -0.51    |
| 4   | 100        | 10000000 | 625000    | 93458    | 16384   | 8     | 16   | io_uring | 12        | 16  | decrease  | desc        | asc        | 32768      | 128.71            | 128.04        | 6   | 5328,5453,5578,5330,5455,5580       | -0.52    |
| 17  | 40         | 10000000 | 312500    | 238096   | 4096    | 128   | 32   | worker   | 12        | 16  | increase  | asc         | desc       | 512        | 15.24             | 15.16         | 6   | 24408,24528,24648,24410,24530,24650 | -0.52    |
| 13  | 20         | 10000000 | 2500000   | 476191   | 0       | 8     | 4    | worker   | 12        | 16  | increase  | asc         | asc        | 2012144    | 1077.87           | 1071.87       | 6   | 17648,17783,17918,17650,17785,17920 | -0.56    |
| 15  | 20         | 10000000 | 2500000   | 476191   | 0       | 8     | 4    | io_uring | 12        | 16  | decrease  | asc         | desc       | 512        | 1.78              | 1.77          | 6   | 22023,22158,22293,22025,22160,22295 | -0.56    |
| 19  | 40         | 10000000 | 312500    | 238096   | 4096    | 128   | 32   | worker   | 12        | 16  | decrease  | asc         | asc        | 251518     | 917.0             | 911.83        | 6   | 26993,27113,27233,26995,27115,27235 | -0.56    |
| 4   | 100        | 10000000 | 625000    | 93458    | 16384   | 8     | 16   | worker   | 12        | 16  | decrease  | desc        | asc        | 378036     | 1147.51           | 1140.97       | 6   | 4608,4733,4858,4610,4735,4860       | -0.57    |
| 11  | 40         | 10000000 | 312500    | 238096   | 1024    | 0     | 32   | worker   | 12        | 16  | decrease  | asc         | asc        | 220268     | 658.8             | 655.04        | 6   | 14748,14868,14988,14750,14870,14990 | -0.57    |
| 10  | 40         | 10000000 | 312500    | 238096   | 1024    | 0     | 32   | worker   | 12        | 16  | increase  | desc        | asc        | 4096       | 34.12             | 33.92         | 6   | 13263,13383,13503,13265,13385,13505 | -0.59    |
| 10  | 40         | 10000000 | 312500    | 238096   | 1024    | 0     | 32   | worker   | 12        | 16  | increase  | desc        | desc       | 282768     | 934.63            | 929.13        | 6   | 13678,13798,13918,13680,13800,13920 | -0.59    |
| 1   | 100        | 10000000 | 625000    | 93458    | 16384   | 8     | 16   | worker   | 12        | 16  | increase  | asc         | desc       | 565536     | 1997.86           | 1985.98       | 6   | 498,623,748,500,625,750             | -0.59    |
| 9   | 40         | 10000000 | 312500    | 238096   | 1024    | 0     | 32   | io_uring | 12        | 16  | increase  | asc         | asc        | 8192       | 33.38             | 33.18         | 6   | 12548,12668,12788,12550,12670,12790 | -0.6     |
| 11  | 40         | 10000000 | 312500    | 238096   | 1024    | 0     | 32   | io_uring | 12        | 16  | decrease  | asc         | asc        | 256        | 3.3               | 3.28          | 6   | 15403,15523,15643,15405,15525,15645 | -0.61    |
| 20  | 40         | 10000000 | 312500    | 238096   | 4096    | 128   | 32   | io_uring | 12        | 16  | decrease  | desc        | desc       | 4096       | 26.21             | 26.05         | 6   | 29463,29583,29703,29465,29585,29705 | -0.61    |
| 9   | 40         | 10000000 | 312500    | 238096   | 1024    | 0     | 32   | worker   | 12        | 16  | increase  | asc         | desc       | 157768     | 1126.5            | 1119.61       | 6   | 12218,12338,12458,12220,12340,12460 | -0.61    |
| 16  | 20         | 10000000 | 2500000   | 476191   | 0       | 8     | 4    | io_uring | 12        | 16  | decrease  | desc        | desc       | 262144     | 201.97            | 200.71        | 6   | 23688,23823,23958,23690,23825,23960 | -0.62    |
| 3   | 100        | 10000000 | 625000    | 93458    | 16384   | 8     | 16   | worker   | 12        | 16  | decrease  | asc         | asc        | 16384      | 30.36             | 30.17         | 6   | 3073,3198,3323,3075,3200,3325       | -0.63    |
| 18  | 40         | 10000000 | 312500    | 238096   | 4096    | 128   | 32   | io_uring | 12        | 16  | increase  | desc        | desc       | 251518     | 1079.12           | 1072.36       | 6   | 26633,26753,26873,26635,26755,26875 | -0.63    |
| 13  | 20         | 10000000 | 2500000   | 476191   | 0       | 8     | 4    | io_uring | 12        | 16  | increase  | asc         | asc        | 2048       | 3.19              | 3.17          | 6   | 18388,18523,18658,18390,18525,18660 | -0.63    |
| 10  | 40         | 10000000 | 312500    | 238096   | 1024    | 0     | 32   | io_uring | 12        | 16  | increase  | desc        | asc        | 282768     | 2154.28           | 2140.58       | 6   | 14038,14158,14278,14040,14160,14280 | -0.64    |
| 19  | 40         | 10000000 | 312500    | 238096   | 4096    | 128   | 32   | io_uring | 12        | 16  | decrease  | asc         | desc       | 95268      | 929.31            | 923.38        | 6   | 28048,28168,28288,28050,28170,28290 | -0.64    |
| 13  | 20         | 10000000 | 2500000   | 476191   | 0       | 8     | 4    | worker   | 12        | 16  | increase  | asc         | desc       | 8192       | 35.68             | 35.45         | 6   | 17993,18128,18263,17995,18130,18265 | -0.64    |
| 9   | 40         | 10000000 | 312500    | 238096   | 1024    | 0     | 32   | io_uring | 12        | 16  | increase  | asc         | asc        | 189018     | 649.41            | 645.07        | 6   | 12583,12703,12823,12585,12705,12825 | -0.67    |
| 16  | 20         | 10000000 | 2500000   | 476191   | 0       | 8     | 4    | worker   | 12        | 16  | decrease  | desc        | desc       | 2262144    | 1228.97           | 1220.7        | 6   | 22918,23053,23188,22920,23055,23190 | -0.67    |
| 20  | 40         | 10000000 | 312500    | 238096   | 4096    | 128   | 32   | worker   | 12        | 16  | decrease  | desc        | desc       | 282768     | 1087.01           | 1079.65       | 6   | 28798,28918,29038,28800,28920,29040 | -0.68    |
| 11  | 40         | 10000000 | 312500    | 238096   | 1024    | 0     | 32   | io_uring | 12        | 16  | decrease  | asc         | asc        | 95268      | 376.96            | 374.37        | 6   | 15448,15568,15688,15450,15570,15690 | -0.69    |
| 4   | 100        | 10000000 | 625000    | 93458    | 16384   | 8     | 16   | worker   | 12        | 16  | decrease  | desc        | desc       | 32768      | 52.04             | 51.68         | 6   | 4953,5078,5203,4955,5080,5205       | -0.69    |
| 21  | 80         | 10000000 | 10000000  | 117648   | 1048576 | 128   | 1    | worker   | 12        | 16  | increase  | asc         | asc        | 128        | 4.29              | 4.26          | 6   | 29798,29943,30088,29800,29945,30090 | -0.7     |
| 20  | 40         | 10000000 | 312500    | 238096   | 4096    | 128   | 32   | worker   | 12        | 16  | decrease  | desc        | asc        | 4096       | 48.16             | 47.82         | 6   | 28383,28503,28623,28385,28505,28625 | -0.71    |
| 2   | 100        | 10000000 | 625000    | 93458    | 16384   | 8     | 16   | io_uring | 12        | 16  | increase  | desc        | asc        | 190536     | 651.2             | 646.58        | 6   | 2343,2468,2593,2345,2470,2595       | -0.71    |
| 10  | 40         | 10000000 | 312500    | 238096   | 1024    | 0     | 32   | io_uring | 12        | 16  | increase  | desc        | asc        | 220268     | 1651.74           | 1639.87       | 6   | 14028,14148,14268,14030,14150,14270 | -0.72    |
| 11  | 40         | 10000000 | 312500    | 238096   | 1024    | 0     | 32   | worker   | 12        | 16  | decrease  | asc         | asc        | 282768     | 843.92            | 837.84        | 6   | 14758,14878,14998,14760,14880,15000 | -0.72    |
| 10  | 40         | 10000000 | 312500    | 238096   | 1024    | 0     | 32   | worker   | 12        | 16  | increase  | desc        | asc        | 32768      | 233.33            | 231.64        | 6   | 13278,13398,13518,13280,13400,13520 | -0.72    |
| 11  | 40         | 10000000 | 312500    | 238096   | 1024    | 0     | 32   | io_uring | 12        | 16  | decrease  | asc         | asc        | 16384      | 68.54             | 68.04         | 6   | 15433,15553,15673,15435,15555,15675 | -0.73    |
| 4   | 100        | 10000000 | 625000    | 93458    | 16384   | 8     | 16   | worker   | 12        | 16  | decrease  | desc        | asc        | 253036     | 780.89            | 775.17        | 6   | 4598,4723,4848,4600,4725,4850       | -0.73    |
| 11  | 40         | 10000000 | 312500    | 238096   | 1024    | 0     | 32   | worker   | 12        | 16  | decrease  | asc         | desc       | 126518     | 878.89            | 872.3         | 6   | 15093,15213,15333,15095,15215,15335 | -0.75    |
| 6   | 80         | 10000000 | 312500    | 117648   | 16384   | 2048  | 32   | io_uring | 12        | 16  | increase  | desc        | asc        | 16         | 7.99              | 7.93          | 6   | 8183,8303,8423,8185,8305,8425       | -0.75    |
| 9   | 40         | 10000000 | 312500    | 238096   | 1024    | 0     | 32   | io_uring | 12        | 16  | increase  | asc         | asc        | 220268     | 758.01            | 752.3         | 6   | 12588,12708,12828,12590,12710,12830 | -0.75    |
| 11  | 40         | 10000000 | 312500    | 238096   | 1024    | 0     | 32   | worker   | 12        | 16  | decrease  | asc         | desc       | 32768      | 236.9             | 235.11        | 6   | 15078,15198,15318,15080,15200,15320 | -0.76    |
| 10  | 40         | 10000000 | 312500    | 238096   | 1024    | 0     | 32   | io_uring | 12        | 16  | increase  | desc        | asc        | 16         | 1.31              | 1.3           | 6   | 13943,14063,14183,13945,14065,14185 | -0.76    |
| 13  | 20         | 10000000 | 2500000   | 476191   | 0       | 8     | 4    | worker   | 12        | 16  | increase  | asc         | desc       | 65536      | 277.53            | 275.4         | 6   | 18008,18143,18278,18010,18145,18280 | -0.77    |
| 18  | 40         | 10000000 | 312500    | 238096   | 4096    | 128   | 32   | io_uring | 12        | 16  | increase  | desc        | asc        | 64018      | 622.87            | 618.07        | 6   | 26243,26363,26483,26245,26365,26485 | -0.77    |
| 1   | 100        | 10000000 | 625000    | 93458    | 16384   | 8     | 16   | io_uring | 12        | 16  | increase  | asc         | asc        | 503036     | 706.89            | 701.28        | 6   | 868,993,1118,870,995,1120           | -0.79    |
| 18  | 40         | 10000000 | 312500    | 238096   | 4096    | 128   | 32   | io_uring | 12        | 16  | increase  | desc        | desc       | 189018     | 815.8             | 809.32        | 6   | 26623,26743,26863,26625,26745,26865 | -0.79    |
| 1   | 100        | 10000000 | 625000    | 93458    | 16384   | 8     | 16   | worker   | 12        | 16  | increase  | asc         | desc       | 32768      | 123.18            | 122.2         | 6   | 453,578,703,455,580,705             | -0.8     |
| 20  | 40         | 10000000 | 312500    | 238096   | 4096    | 128   | 32   | io_uring | 12        | 16  | decrease  | desc        | desc       | 126518     | 562.19            | 557.66        | 6   | 29493,29613,29733,29495,29615,29735 | -0.81    |
| 19  | 40         | 10000000 | 312500    | 238096   | 4096    | 128   | 32   | io_uring | 12        | 16  | decrease  | asc         | desc       | 32768      | 338.65            | 335.88        | 6   | 28038,28158,28278,28040,28160,28280 | -0.82    |
| 12  | 40         | 10000000 | 312500    | 238096   | 1024    | 0     | 32   | worker   | 12        | 16  | decrease  | desc        | desc       | 189018     | 567.05            | 562.41        | 6   | 16543,16663,16783,16545,16665,16785 | -0.82    |
| 12  | 40         | 10000000 | 312500    | 238096   | 1024    | 0     | 32   | io_uring | 12        | 16  | decrease  | desc        | asc        | 4096       | 41.29             | 40.95         | 6   | 16863,16983,17103,16865,16985,17105 | -0.82    |
| 17  | 40         | 10000000 | 312500    | 238096   | 4096    | 128   | 32   | worker   | 12        | 16  | increase  | asc         | desc       | 220268     | 1969.52           | 1953.09       | 6   | 24468,24588,24708,24470,24590,24710 | -0.83    |
| 10  | 40         | 10000000 | 312500    | 238096   | 1024    | 0     | 32   | worker   | 12        | 16  | increase  | desc        | desc       | 157768     | 535.32            | 530.84        | 6   | 13658,13778,13898,13660,13780,13900 | -0.84    |
| 2   | 100        | 10000000 | 625000    | 93458    | 16384   | 8     | 16   | io_uring | 12        | 16  | increase  | desc        | desc       | 190536     | 294.24            | 291.76        | 6   | 2718,2843,2968,2720,2845,2970       | -0.84    |
| 11  | 40         | 10000000 | 312500    | 238096   | 1024    | 0     | 32   | worker   | 12        | 16  | decrease  | asc         | desc       | 95268      | 679.02            | 673.24        | 6   | 15088,15208,15328,15090,15210,15330 | -0.85    |
| 2   | 100        | 10000000 | 625000    | 93458    | 16384   | 8     | 16   | worker   | 12        | 16  | increase  | desc        | desc       | 1024       | 5.82              | 5.77          | 6   | 1928,2053,2178,1930,2055,2180       | -0.86    |
| 13  | 20         | 10000000 | 2500000   | 476191   | 0       | 8     | 4    | io_uring | 12        | 16  | increase  | asc         | asc        | 65536      | 53.33             | 52.87         | 6   | 18413,18548,18683,18415,18550,18685 | -0.86    |
| 20  | 40         | 10000000 | 312500    | 238096   | 4096    | 128   | 32   | worker   | 12        | 16  | decrease  | desc        | desc       | 16384      | 74.73             | 74.08         | 6   | 28753,28873,28993,28755,28875,28995 | -0.87    |
| 20  | 40         | 10000000 | 312500    | 238096   | 4096    | 128   | 32   | io_uring | 12        | 16  | decrease  | desc        | asc        | 282768     | 3165.48           | 3137.76       | 6   | 29158,29278,29398,29160,29280,29400 | -0.88    |
| 2   | 100        | 10000000 | 625000    | 93458    | 16384   | 8     | 16   | io_uring | 12        | 16  | increase  | desc        | desc       | 253036     | 383.77            | 380.38        | 6   | 2723,2848,2973,2725,2850,2975       | -0.88    |
| 1   | 100        | 10000000 | 625000    | 93458    | 16384   | 8     | 16   | worker   | 12        | 16  | increase  | asc         | desc       | 65536      | 240.61            | 238.47        | 6   | 458,583,708,460,585,710             | -0.89    |
| 19  | 40         | 10000000 | 312500    | 238096   | 4096    | 128   | 32   | io_uring | 12        | 16  | decrease  | asc         | asc        | 128        | 3.35              | 3.32          | 6   | 27638,27758,27878,27640,27760,27880 | -0.9     |
| 8   | 80         | 10000000 | 312500    | 117648   | 16384   | 2048  | 32   | io_uring | 12        | 16  | decrease  | desc        | desc       | 1024       | 25.21             | 24.98         | 6   | 11453,11573,11693,11455,11575,11695 | -0.91    |
| 1   | 100        | 10000000 | 625000    | 93458    | 16384   | 8     | 16   | io_uring | 12        | 16  | increase  | asc         | asc        | 8192       | 22.96             | 22.75         | 6   | 818,943,1068,820,945,1070           | -0.91    |
| 10  | 40         | 10000000 | 312500    | 238096   | 1024    | 0     | 32   | io_uring | 12        | 16  | increase  | desc        | asc        | 126518     | 947.24            | 938.55        | 6   | 14013,14133,14253,14015,14135,14255 | -0.92    |
| 11  | 40         | 10000000 | 312500    | 238096   | 1024    | 0     | 32   | worker   | 12        | 16  | decrease  | asc         | asc        | 251518     | 752.16            | 745.25        | 6   | 14753,14873,14993,14755,14875,14995 | -0.92    |
| 17  | 40         | 10000000 | 312500    | 238096   | 4096    | 128   | 32   | worker   | 12        | 16  | increase  | asc         | asc        | 126518     | 499.29            | 494.67        | 6   | 24093,24213,24333,24095,24215,24335 | -0.93    |
| 4   | 100        | 10000000 | 625000    | 93458    | 16384   | 8     | 16   | worker   | 12        | 16  | decrease  | desc        | asc        | 565536     | 1716.61           | 1700.65       | 6   | 4623,4748,4873,4625,4750,4875       | -0.93    |
| 17  | 40         | 10000000 | 312500    | 238096   | 4096    | 128   | 32   | io_uring | 12        | 16  | increase  | asc         | asc        | 64018      | 288.17            | 285.47        | 6   | 24803,24923,25043,24805,24925,25045 | -0.94    |
| 20  | 40         | 10000000 | 312500    | 238096   | 4096    | 128   | 32   | worker   | 12        | 16  | decrease  | desc        | desc       | 32768      | 135.86            | 134.58        | 6   | 28758,28878,28998,28760,28880,29000 | -0.94    |
| 14  | 20         | 10000000 | 2500000   | 476191   | 0       | 8     | 4    | worker   | 12        | 16  | increase  | desc        | asc        | 256        | 1.05              | 1.04          | 6   | 19183,19318,19453,19185,19320,19455 | -0.95    |
| 1   | 100        | 10000000 | 625000    | 93458    | 16384   | 8     | 16   | worker   | 12        | 16  | increase  | asc         | asc        | 565536     | 738.63            | 731.51        | 6   | 123,248,373,125,250,375             | -0.96    |
| 10  | 40         | 10000000 | 312500    | 238096   | 1024    | 0     | 32   | io_uring | 12        | 16  | increase  | desc        | desc       | 32768      | 137.51            | 136.17        | 6   | 14358,14478,14598,14360,14480,14600 | -0.97    |
| 21  | 80         | 10000000 | 10000000  | 117648   | 1048576 | 128   | 1    | io_uring | 12        | 16  | increase  | asc         | desc       | 64         | 3.94              | 3.9           | 4   | 31098,31243,31100,31245             | -1.02    |
| 2   | 100        | 10000000 | 625000    | 93458    | 16384   | 8     | 16   | worker   | 12        | 16  | increase  | desc        | desc       | 315536     | 406.03            | 401.86        | 6   | 1978,2103,2228,1980,2105,2230       | -1.03    |
| 3   | 100        | 10000000 | 625000    | 93458    | 16384   | 8     | 16   | worker   | 12        | 16  | decrease  | asc         | desc       | 512        | 4.86              | 4.81          | 6   | 3423,3548,3673,3425,3550,3675       | -1.03    |
| 21  | 80         | 10000000 | 10000000  | 117648   | 1048576 | 128   | 1    | worker   | 12        | 16  | increase  | asc         | desc       | 16         | 0.97              | 0.96          | 6   | 30218,30363,30508,30220,30365,30510 | -1.03    |
| 11  | 40         | 10000000 | 312500    | 238096   | 1024    | 0     | 32   | io_uring | 12        | 16  | decrease  | asc         | desc       | 64018      | 506.72            | 501.47        | 6   | 15803,15923,16043,15805,15925,16045 | -1.04    |
| 13  | 20         | 10000000 | 2500000   | 476191   | 0       | 8     | 4    | io_uring | 12        | 16  | increase  | asc         | asc        | 131072     | 104.94            | 103.84        | 6   | 18418,18553,18688,18420,18555,18690 | -1.05    |
| 18  | 40         | 10000000 | 312500    | 238096   | 4096    | 128   | 32   | worker   | 12        | 16  | increase  | desc        | asc        | 126518     | 1047.86           | 1036.84       | 6   | 25533,25653,25773,25535,25655,25775 | -1.05    |
| 16  | 20         | 10000000 | 2500000   | 476191   | 0       | 8     | 4    | io_uring | 12        | 16  | decrease  | desc        | asc        | 131072     | 577.74            | 571.62        | 6   | 23278,23413,23548,23280,23415,23550 | -1.06    |
| 12  | 40         | 10000000 | 312500    | 238096   | 1024    | 0     | 32   | worker   | 12        | 16  | decrease  | desc        | desc       | 251518     | 768.67            | 760.4         | 6   | 16553,16673,16793,16555,16675,16795 | -1.08    |
| 6   | 80         | 10000000 | 312500    | 117648   | 16384   | 2048  | 32   | io_uring | 12        | 16  | increase  | desc        | desc       | 1024       | 26.95             | 26.66         | 6   | 8573,8693,8813,8575,8695,8815       | -1.08    |
| 17  | 40         | 10000000 | 312500    | 238096   | 4096    | 128   | 32   | io_uring | 12        | 16  | increase  | asc         | asc        | 189018     | 833.95            | 824.96        | 6   | 24823,24943,25063,24825,24945,25065 | -1.08    |
| 18  | 40         | 10000000 | 312500    | 238096   | 4096    | 128   | 32   | worker   | 12        | 16  | increase  | desc        | desc       | 512        | 6.41              | 6.34          | 6   | 25848,25968,26088,25850,25970,26090 | -1.09    |
| 13  | 20         | 10000000 | 2500000   | 476191   | 0       | 8     | 4    | worker   | 12        | 16  | increase  | asc         | asc        | 2262144    | 1226.68           | 1213.24       | 6   | 17653,17788,17923,17655,17790,17925 | -1.1     |
| 16  | 20         | 10000000 | 2500000   | 476191   | 0       | 8     | 4    | worker   | 12        | 16  | decrease  | desc        | asc        | 4096       | 13.65             | 13.5          | 6   | 22443,22578,22713,22445,22580,22715 | -1.1     |
| 4   | 100        | 10000000 | 625000    | 93458    | 16384   | 8     | 16   | worker   | 12        | 16  | decrease  | desc        | desc       | 65536      | 96.69             | 95.62         | 6   | 4958,5083,5208,4960,5085,5210       | -1.11    |
| 16  | 20         | 10000000 | 2500000   | 476191   | 0       | 8     | 4    | io_uring | 12        | 16  | decrease  | desc        | desc       | 8192       | 9.01              | 8.91          | 6   | 23663,23798,23933,23665,23800,23935 | -1.11    |
| 17  | 40         | 10000000 | 312500    | 238096   | 4096    | 128   | 32   | worker   | 12        | 16  | increase  | asc         | desc       | 189018     | 1706.8            | 1687.83       | 6   | 24463,24583,24703,24465,24585,24705 | -1.11    |
| 4   | 100        | 10000000 | 625000    | 93458    | 16384   | 8     | 16   | worker   | 12        | 16  | decrease  | desc        | desc       | 253036     | 335.06            | 331.29        | 6   | 4973,5098,5223,4975,5100,5225       | -1.13    |
| 2   | 100        | 10000000 | 625000    | 93458    | 16384   | 8     | 16   | io_uring | 12        | 16  | increase  | desc        | desc       | 4096       | 15.98             | 15.8          | 6   | 2688,2813,2938,2690,2815,2940       | -1.13    |
| 12  | 40         | 10000000 | 312500    | 238096   | 1024    | 0     | 32   | io_uring | 12        | 16  | decrease  | desc        | desc       | 220268     | 764.83            | 756.18        | 6   | 17268,17388,17508,17270,17390,17510 | -1.13    |
| 12  | 40         | 10000000 | 312500    | 238096   | 1024    | 0     | 32   | worker   | 12        | 16  | decrease  | desc        | asc        | 8192       | 63.66             | 62.94         | 6   | 16148,16268,16388,16150,16270,16390 | -1.13    |
| 1   | 100        | 10000000 | 625000    | 93458    | 16384   | 8     | 16   | io_uring | 12        | 16  | increase  | asc         | desc       | 4096       | 25.6              | 25.31         | 6   | 1188,1313,1438,1190,1315,1440       | -1.13    |
| 4   | 100        | 10000000 | 625000    | 93458    | 16384   | 8     | 16   | io_uring | 12        | 16  | decrease  | desc        | asc        | 16384      | 69.74             | 68.93         | 6   | 5323,5448,5573,5325,5450,5575       | -1.16    |
| 1   | 100        | 10000000 | 625000    | 93458    | 16384   | 8     | 16   | io_uring | 12        | 16  | increase  | asc         | asc        | 253036     | 362.39            | 358.16        | 6   | 848,973,1098,850,975,1100           | -1.17    |
| 10  | 40         | 10000000 | 312500    | 238096   | 1024    | 0     | 32   | io_uring | 12        | 16  | increase  | desc        | desc       | 220268     | 903.16            | 892.55        | 6   | 14388,14508,14628,14390,14510,14630 | -1.17    |
| 17  | 40         | 10000000 | 312500    | 238096   | 4096    | 128   | 32   | worker   | 12        | 16  | increase  | asc         | asc        | 4096       | 23.62             | 23.34         | 6   | 24063,24183,24303,24065,24185,24305 | -1.19    |
| 12  | 40         | 10000000 | 312500    | 238096   | 1024    | 0     | 32   | io_uring | 12        | 16  | decrease  | desc        | desc       | 32768      | 117.54            | 116.14        | 6   | 17238,17358,17478,17240,17360,17480 | -1.19    |
| 3   | 100        | 10000000 | 625000    | 93458    | 16384   | 8     | 16   | io_uring | 12        | 16  | decrease  | asc         | desc       | 16384      | 68.0              | 67.19         | 6   | 4198,4323,4448,4200,4325,4450       | -1.19    |
| 18  | 40         | 10000000 | 312500    | 238096   | 4096    | 128   | 32   | io_uring | 12        | 16  | increase  | desc        | asc        | 282768     | 2711.93           | 2679.59       | 6   | 26278,26398,26518,26280,26400,26520 | -1.19    |
| 17  | 40         | 10000000 | 312500    | 238096   | 4096    | 128   | 32   | worker   | 12        | 16  | increase  | asc         | asc        | 32768      | 139.06            | 137.4         | 6   | 24078,24198,24318,24080,24200,24320 | -1.19    |
| 18  | 40         | 10000000 | 312500    | 238096   | 4096    | 128   | 32   | worker   | 12        | 16  | increase  | desc        | asc        | 220268     | 1818.54           | 1796.65       | 6   | 25548,25668,25788,25550,25670,25790 | -1.2     |
| 12  | 40         | 10000000 | 312500    | 238096   | 1024    | 0     | 32   | worker   | 12        | 16  | decrease  | desc        | desc       | 220268     | 671.65            | 663.56        | 6   | 16548,16668,16788,16550,16670,16790 | -1.2     |
| 7   | 80         | 10000000 | 312500    | 117648   | 16384   | 2048  | 32   | io_uring | 12        | 16  | decrease  | asc         | asc        | 4          | 1.66              | 1.64          | 6   | 9613,9733,9853,9615,9735,9855       | -1.2     |
| 18  | 40         | 10000000 | 312500    | 238096   | 4096    | 128   | 32   | io_uring | 12        | 16  | increase  | desc        | asc        | 220268     | 2109.96           | 2084.53       | 6   | 26268,26388,26508,26270,26390,26510 | -1.21    |
| 4   | 100        | 10000000 | 625000    | 93458    | 16384   | 8     | 16   | worker   | 12        | 16  | decrease  | desc        | desc       | 440536     | 588.39            | 581.2         | 6   | 4988,5113,5238,4990,5115,5240       | -1.22    |
| 16  | 20         | 10000000 | 2500000   | 476191   | 0       | 8     | 4    | io_uring | 12        | 16  | decrease  | desc        | desc       | 128        | 0.81              | 0.8           | 6   | 23633,23768,23903,23635,23770,23905 | -1.23    |
| 2   | 100        | 10000000 | 625000    | 93458    | 16384   | 8     | 16   | io_uring | 12        | 16  | increase  | desc        | asc        | 378036     | 1287.2            | 1271.13       | 6   | 2358,2483,2608,2360,2485,2610       | -1.25    |
| 17  | 40         | 10000000 | 312500    | 238096   | 4096    | 128   | 32   | io_uring | 12        | 16  | increase  | asc         | asc        | 126518     | 567.36            | 560.13        | 6   | 24813,24933,25053,24815,24935,25055 | -1.27    |
| 20  | 40         | 10000000 | 312500    | 238096   | 4096    | 128   | 32   | io_uring | 12        | 16  | decrease  | desc        | desc       | 251518     | 1099.6            | 1085.47       | 6   | 29513,29633,29753,29515,29635,29755 | -1.29    |
| 10  | 40         | 10000000 | 312500    | 238096   | 1024    | 0     | 32   | io_uring | 12        | 16  | increase  | desc        | asc        | 32768      | 251.54            | 248.24        | 6   | 13998,14118,14238,14000,14120,14240 | -1.31    |
| 20  | 40         | 10000000 | 312500    | 238096   | 4096    | 128   | 32   | worker   | 12        | 16  | decrease  | desc        | asc        | 189018     | 1546.61           | 1526.26       | 6   | 28423,28543,28663,28425,28545,28665 | -1.32    |
| 11  | 40         | 10000000 | 312500    | 238096   | 1024    | 0     | 32   | io_uring | 12        | 16  | decrease  | asc         | desc       | 4          | 0.76              | 0.75          | 6   | 15733,15853,15973,15735,15855,15975 | -1.32    |
| 17  | 40         | 10000000 | 312500    | 238096   | 4096    | 128   | 32   | worker   | 12        | 16  | increase  | asc         | asc        | 282768     | 1087.88           | 1073.56       | 6   | 24118,24238,24358,24120,24240,24360 | -1.32    |
| 18  | 40         | 10000000 | 312500    | 238096   | 4096    | 128   | 32   | io_uring | 12        | 16  | increase  | desc        | asc        | 16384      | 175.47            | 173.16        | 6   | 26233,26353,26473,26235,26355,26475 | -1.32    |
| 10  | 40         | 10000000 | 312500    | 238096   | 1024    | 0     | 32   | worker   | 12        | 16  | increase  | desc        | asc        | 16384      | 125.38            | 123.72        | 6   | 13273,13393,13513,13275,13395,13515 | -1.32    |
| 12  | 40         | 10000000 | 312500    | 238096   | 1024    | 0     | 32   | io_uring | 12        | 16  | decrease  | desc        | asc        | 128        | 3.0               | 2.96          | 6   | 16838,16958,17078,16840,16960,17080 | -1.33    |
| 19  | 40         | 10000000 | 312500    | 238096   | 4096    | 128   | 32   | io_uring | 12        | 16  | decrease  | asc         | asc        | 95268      | 417.49            | 411.92        | 6   | 27688,27808,27928,27690,27810,27930 | -1.33    |
| 18  | 40         | 10000000 | 312500    | 238096   | 4096    | 128   | 32   | io_uring | 12        | 16  | increase  | desc        | desc       | 220268     | 947.77            | 935.12        | 6   | 26628,26748,26868,26630,26750,26870 | -1.33    |
| 9   | 40         | 10000000 | 312500    | 238096   | 1024    | 0     | 32   | worker   | 12        | 16  | increase  | asc         | asc        | 95268      | 301.64            | 297.58        | 6   | 11848,11968,12088,11850,11970,12090 | -1.35    |
| 12  | 40         | 10000000 | 312500    | 238096   | 1024    | 0     | 32   | worker   | 12        | 16  | decrease  | desc        | desc       | 64018      | 208.26            | 205.44        | 6   | 16523,16643,16763,16525,16645,16765 | -1.35    |
| 18  | 40         | 10000000 | 312500    | 238096   | 4096    | 128   | 32   | worker   | 12        | 16  | increase  | desc        | asc        | 4096       | 48.44             | 47.77         | 6   | 25503,25623,25743,25505,25625,25745 | -1.38    |
| 1   | 100        | 10000000 | 625000    | 93458    | 16384   | 8     | 16   | worker   | 12        | 16  | increase  | asc         | desc       | 8          | 0.72              | 0.71          | 6   | 393,518,643,395,520,645             | -1.39    |
| 9   | 40         | 10000000 | 312500    | 238096   | 1024    | 0     | 32   | worker   | 12        | 16  | increase  | asc         | asc        | 189018     | 589.63            | 581.4         | 6   | 11863,11983,12103,11865,11985,12105 | -1.4     |
| 4   | 100        | 10000000 | 625000    | 93458    | 16384   | 8     | 16   | worker   | 12        | 16  | decrease  | desc        | desc       | 315536     | 423.52            | 417.58        | 6   | 4978,5103,5228,4980,5105,5230       | -1.4     |
| 17  | 40         | 10000000 | 312500    | 238096   | 4096    | 128   | 32   | io_uring | 12        | 16  | increase  | asc         | asc        | 251518     | 1108.49           | 1092.77       | 6   | 24833,24953,25073,24835,24955,25075 | -1.42    |
| 4   | 100        | 10000000 | 625000    | 93458    | 16384   | 8     | 16   | io_uring | 12        | 16  | decrease  | desc        | desc       | 440536     | 620.35            | 611.49        | 6   | 5738,5863,5988,5740,5865,5990       | -1.43    |
| 20  | 40         | 10000000 | 312500    | 238096   | 4096    | 128   | 32   | io_uring | 12        | 16  | decrease  | desc        | desc       | 282768     | 1242.67           | 1224.87       | 6   | 29518,29638,29758,29520,29640,29760 | -1.43    |
| 1   | 100        | 10000000 | 625000    | 93458    | 16384   | 8     | 16   | worker   | 12        | 16  | increase  | asc         | desc       | 503036     | 1772.45           | 1746.88       | 6   | 493,618,743,495,620,745             | -1.44    |
| 19  | 40         | 10000000 | 312500    | 238096   | 4096    | 128   | 32   | worker   | 12        | 16  | decrease  | asc         | asc        | 282768     | 1036.63           | 1021.66       | 6   | 26998,27118,27238,27000,27120,27240 | -1.44    |
| 17  | 40         | 10000000 | 312500    | 238096   | 4096    | 128   | 32   | io_uring | 12        | 16  | increase  | asc         | desc       | 64         | 6.18              | 6.09          | 6   | 25113,25233,25353,25115,25235,25355 | -1.46    |
| 12  | 40         | 10000000 | 312500    | 238096   | 1024    | 0     | 32   | io_uring | 12        | 16  | decrease  | desc        | desc       | 126518     | 442.44            | 435.99        | 6   | 17253,17373,17493,17255,17375,17495 | -1.46    |
| 9   | 40         | 10000000 | 312500    | 238096   | 1024    | 0     | 32   | worker   | 12        | 16  | increase  | asc         | desc       | 220268     | 1581.26           | 1558.11       | 6   | 12228,12348,12468,12230,12350,12470 | -1.46    |
| 19  | 40         | 10000000 | 312500    | 238096   | 4096    | 128   | 32   | io_uring | 12        | 16  | decrease  | asc         | asc        | 189018     | 822.83            | 810.77        | 6   | 27703,27823,27943,27705,27825,27945 | -1.47    |
| 11  | 40         | 10000000 | 312500    | 238096   | 1024    | 0     | 32   | io_uring | 12        | 16  | decrease  | asc         | asc        | 4          | 0.68              | 0.67          | 6   | 15373,15493,15613,15375,15495,15615 | -1.47    |
| 2   | 100        | 10000000 | 625000    | 93458    | 16384   | 8     | 16   | worker   | 12        | 16  | increase  | desc        | desc       | 65536      | 96.04             | 94.62         | 6   | 1958,2083,2208,1960,2085,2210       | -1.48    |
| 18  | 40         | 10000000 | 312500    | 238096   | 4096    | 128   | 32   | io_uring | 12        | 16  | increase  | desc        | asc        | 512        | 19.55             | 19.26         | 6   | 26208,26328,26448,26210,26330,26450 | -1.48    |
| 11  | 40         | 10000000 | 312500    | 238096   | 1024    | 0     | 32   | io_uring | 12        | 16  | decrease  | asc         | desc       | 1024       | 11.95             | 11.77         | 6   | 15773,15893,16013,15775,15895,16015 | -1.51    |
| 12  | 40         | 10000000 | 312500    | 238096   | 1024    | 0     | 32   | worker   | 12        | 16  | decrease  | desc        | desc       | 95268      | 297.75            | 293.24        | 6   | 16528,16648,16768,16530,16650,16770 | -1.51    |
| 19  | 40         | 10000000 | 312500    | 238096   | 4096    | 128   | 32   | worker   | 12        | 16  | decrease  | asc         | desc       | 4096       | 49.73             | 48.97         | 6   | 27303,27423,27543,27305,27425,27545 | -1.53    |
| 2   | 100        | 10000000 | 625000    | 93458    | 16384   | 8     | 16   | worker   | 12        | 16  | increase  | desc        | asc        | 253036     | 806.94            | 794.59        | 6   | 1598,1723,1848,1600,1725,1850       | -1.53    |
| 16  | 20         | 10000000 | 2500000   | 476191   | 0       | 8     | 4    | io_uring | 12        | 16  | decrease  | desc        | desc       | 2262144    | 1656.65           | 1630.89       | 6   | 23728,23863,23998,23730,23865,24000 | -1.55    |
| 1   | 100        | 10000000 | 625000    | 93458    | 16384   | 8     | 16   | worker   | 12        | 16  | increase  | asc         | asc        | 503036     | 663.54            | 653.19        | 6   | 118,243,368,120,245,370             | -1.56    |
| 21  | 80         | 10000000 | 10000000  | 117648   | 1048576 | 128   | 1    | io_uring | 12        | 16  | increase  | asc         | desc       | 128        | 5.11              | 5.03          | 4   | 31103,31248,31105,31250             | -1.57    |
| 17  | 40         | 10000000 | 312500    | 238096   | 4096    | 128   | 32   | io_uring | 12        | 16  | increase  | asc         | desc       | 8192       | 126.9             | 124.9         | 6   | 25148,25268,25388,25150,25270,25390 | -1.58    |
| 15  | 20         | 10000000 | 2500000   | 476191   | 0       | 8     | 4    | worker   | 12        | 16  | decrease  | asc         | desc       | 65536      | 86.9              | 85.53         | 6   | 21248,21383,21518,21250,21385,21520 | -1.58    |
| 12  | 40         | 10000000 | 312500    | 238096   | 1024    | 0     | 32   | worker   | 12        | 16  | decrease  | desc        | asc        | 4096       | 35.52             | 34.96         | 6   | 16143,16263,16383,16145,16265,16385 | -1.58    |
| 6   | 80         | 10000000 | 312500    | 117648   | 16384   | 2048  | 32   | worker   | 12        | 16  | increase  | desc        | desc       | 1          | 0.63              | 0.62          | 6   | 7803,7923,8043,7805,7925,8045       | -1.59    |
| 1   | 100        | 10000000 | 625000    | 93458    | 16384   | 8     | 16   | worker   | 12        | 16  | increase  | asc         | desc       | 4096       | 23.94             | 23.56         | 6   | 438,563,688,440,565,690             | -1.59    |
| 2   | 100        | 10000000 | 625000    | 93458    | 16384   | 8     | 16   | worker   | 12        | 16  | increase  | desc        | desc       | 440536     | 570.34            | 561.12        | 6   | 1988,2113,2238,1990,2115,2240       | -1.62    |
| 4   | 100        | 10000000 | 625000    | 93458    | 16384   | 8     | 16   | worker   | 12        | 16  | decrease  | desc        | asc        | 315536     | 975.78            | 959.94        | 6   | 4603,4728,4853,4605,4730,4855       | -1.62    |
| 1   | 100        | 10000000 | 625000    | 93458    | 16384   | 8     | 16   | worker   | 12        | 16  | increase  | asc         | desc       | 315536     | 1086.55           | 1068.85       | 6   | 478,603,728,480,605,730             | -1.63    |
| 10  | 40         | 10000000 | 312500    | 238096   | 1024    | 0     | 32   | io_uring | 12        | 16  | increase  | desc        | desc       | 2048       | 12.26             | 12.06         | 6   | 14338,14458,14578,14340,14460,14580 | -1.63    |
| 1   | 100        | 10000000 | 625000    | 93458    | 16384   | 8     | 16   | worker   | 12        | 16  | increase  | asc         | asc        | 378036     | 501.31            | 493.1         | 6   | 108,233,358,110,235,360             | -1.64    |
| 2   | 100        | 10000000 | 625000    | 93458    | 16384   | 8     | 16   | worker   | 12        | 16  | increase  | desc        | asc        | 190536     | 616.42            | 606.3         | 6   | 1593,1718,1843,1595,1720,1845       | -1.64    |
| 3   | 100        | 10000000 | 625000    | 93458    | 16384   | 8     | 16   | io_uring | 12        | 16  | decrease  | asc         | asc        | 16384      | 35.8              | 35.21         | 6   | 3823,3948,4073,3825,3950,4075       | -1.65    |
| 8   | 80         | 10000000 | 312500    | 117648   | 16384   | 2048  | 32   | io_uring | 12        | 16  | decrease  | desc        | asc        | 256        | 34.47             | 33.9          | 6   | 11083,11203,11323,11085,11205,11325 | -1.65    |
| 11  | 40         | 10000000 | 312500    | 238096   | 1024    | 0     | 32   | worker   | 12        | 16  | decrease  | asc         | desc       | 8192       | 63.27             | 62.22         | 6   | 15068,15188,15308,15070,15190,15310 | -1.66    |
| 16  | 20         | 10000000 | 2500000   | 476191   | 0       | 8     | 4    | io_uring | 12        | 16  | decrease  | desc        | desc       | 65536      | 54.78             | 53.87         | 6   | 23678,23813,23948,23680,23815,23950 | -1.66    |
| 13  | 20         | 10000000 | 2500000   | 476191   | 0       | 8     | 4    | worker   | 12        | 16  | increase  | asc         | asc        | 1262144    | 695.33            | 683.76        | 6   | 17633,17768,17903,17635,17770,17905 | -1.66    |
| 17  | 40         | 10000000 | 312500    | 238096   | 4096    | 128   | 32   | worker   | 12        | 16  | increase  | asc         | asc        | 64         | 2.39              | 2.35          | 6   | 24033,24153,24273,24035,24155,24275 | -1.67    |
| 9   | 40         | 10000000 | 312500    | 238096   | 1024    | 0     | 32   | io_uring | 12        | 16  | increase  | asc         | asc        | 64018      | 223.63            | 219.87        | 6   | 12563,12683,12803,12565,12685,12805 | -1.68    |
| 12  | 40         | 10000000 | 312500    | 238096   | 1024    | 0     | 32   | worker   | 12        | 16  | decrease  | desc        | asc        | 126518     | 888.26            | 873.27        | 6   | 16173,16293,16413,16175,16295,16415 | -1.69    |
| 9   | 40         | 10000000 | 312500    | 238096   | 1024    | 0     | 32   | io_uring | 12        | 16  | increase  | asc         | asc        | 126518     | 439.3             | 431.88        | 6   | 12573,12693,12813,12575,12695,12815 | -1.69    |
| 9   | 40         | 10000000 | 312500    | 238096   | 1024    | 0     | 32   | worker   | 12        | 16  | increase  | asc         | asc        | 157768     | 489.97            | 481.66        | 6   | 11858,11978,12098,11860,11980,12100 | -1.7     |
| 2   | 100        | 10000000 | 625000    | 93458    | 16384   | 8     | 16   | io_uring | 12        | 16  | increase  | desc        | desc       | 32768      | 59.61             | 58.59         | 6   | 2703,2828,2953,2705,2830,2955       | -1.71    |
| 14  | 20         | 10000000 | 2500000   | 476191   | 0       | 8     | 4    | io_uring | 12        | 16  | increase  | desc        | asc        | 64         | 0.58              | 0.57          | 6   | 19983,20118,20253,19985,20120,20255 | -1.72    |
| 12  | 40         | 10000000 | 312500    | 238096   | 1024    | 0     | 32   | io_uring | 12        | 16  | decrease  | desc        | desc       | 251518     | 872.71            | 857.62        | 6   | 17273,17393,17513,17275,17395,17515 | -1.73    |
| 2   | 100        | 10000000 | 625000    | 93458    | 16384   | 8     | 16   | worker   | 12        | 16  | increase  | desc        | desc       | 190536     | 255.95            | 251.5         | 6   | 1968,2093,2218,1970,2095,2220       | -1.74    |
| 16  | 20         | 10000000 | 2500000   | 476191   | 0       | 8     | 4    | worker   | 12        | 16  | decrease  | desc        | desc       | 8192       | 8.01              | 7.87          | 6   | 22853,22988,23123,22855,22990,23125 | -1.75    |
| 13  | 20         | 10000000 | 2500000   | 476191   | 0       | 8     | 4    | worker   | 12        | 16  | increase  | asc         | asc        | 1762144    | 958.4             | 941.61        | 6   | 17643,17778,17913,17645,17780,17915 | -1.75    |
| 16  | 20         | 10000000 | 2500000   | 476191   | 0       | 8     | 4    | worker   | 12        | 16  | decrease  | desc        | asc        | 16384      | 51.64             | 50.73         | 6   | 22453,22588,22723,22455,22590,22725 | -1.76    |
| 3   | 100        | 10000000 | 625000    | 93458    | 16384   | 8     | 16   | io_uring | 12        | 16  | decrease  | asc         | asc        | 32768      | 59.98             | 58.92         | 6   | 3828,3953,4078,3830,3955,4080       | -1.77    |
| 13  | 20         | 10000000 | 2500000   | 476191   | 0       | 8     | 4    | io_uring | 12        | 16  | increase  | asc         | asc        | 1512144    | 1106.63           | 1087.07       | 6   | 18448,18583,18718,18450,18585,18720 | -1.77    |
| 3   | 100        | 10000000 | 625000    | 93458    | 16384   | 8     | 16   | worker   | 12        | 16  | decrease  | asc         | desc       | 1024       | 7.89              | 7.75          | 6   | 3428,3553,3678,3430,3555,3680       | -1.77    |
| 19  | 40         | 10000000 | 312500    | 238096   | 4096    | 128   | 32   | io_uring | 12        | 16  | decrease  | asc         | desc       | 220268     | 2149.98           | 2111.66       | 6   | 28068,28188,28308,28070,28190,28310 | -1.78    |
| 19  | 40         | 10000000 | 312500    | 238096   | 4096    | 128   | 32   | io_uring | 12        | 16  | decrease  | asc         | asc        | 16384      | 76.86             | 75.49         | 6   | 27673,27793,27913,27675,27795,27915 | -1.78    |
| 19  | 40         | 10000000 | 312500    | 238096   | 4096    | 128   | 32   | io_uring | 12        | 16  | decrease  | asc         | asc        | 282768     | 1226.82           | 1204.92       | 6   | 27718,27838,27958,27720,27840,27960 | -1.79    |
| 18  | 40         | 10000000 | 312500    | 238096   | 4096    | 128   | 32   | io_uring | 12        | 16  | increase  | desc        | asc        | 189018     | 1826.25           | 1793.64       | 6   | 26263,26383,26503,26265,26385,26505 | -1.79    |
| 1   | 100        | 10000000 | 625000    | 93458    | 16384   | 8     | 16   | worker   | 12        | 16  | increase  | asc         | asc        | 4096       | 12.8              | 12.57         | 6   | 63,188,313,65,190,315               | -1.8     |
| 3   | 100        | 10000000 | 625000    | 93458    | 16384   | 8     | 16   | worker   | 12        | 16  | decrease  | asc         | desc       | 16384      | 63.39             | 62.25         | 6   | 3448,3573,3698,3450,3575,3700       | -1.8     |
| 18  | 40         | 10000000 | 312500    | 238096   | 4096    | 128   | 32   | io_uring | 12        | 16  | increase  | desc        | desc       | 32768      | 150.0             | 147.28        | 6   | 26598,26718,26838,26600,26720,26840 | -1.81    |
| 20  | 40         | 10000000 | 312500    | 238096   | 4096    | 128   | 32   | worker   | 12        | 16  | decrease  | desc        | asc        | 95268      | 788.57            | 774.21        | 6   | 28408,28528,28648,28410,28530,28650 | -1.82    |
| 13  | 20         | 10000000 | 2500000   | 476191   | 0       | 8     | 4    | io_uring | 12        | 16  | increase  | asc         | asc        | 512144     | 389.52            | 382.39        | 6   | 18428,18563,18698,18430,18565,18700 | -1.83    |
| 18  | 40         | 10000000 | 312500    | 238096   | 4096    | 128   | 32   | io_uring | 12        | 16  | increase  | desc        | desc       | 157768     | 686.17            | 673.55        | 6   | 26618,26738,26858,26620,26740,26860 | -1.84    |
| 14  | 20         | 10000000 | 2500000   | 476191   | 0       | 8     | 4    | io_uring | 12        | 16  | increase  | desc        | asc        | 32         | 0.54              | 0.53          | 6   | 19978,20113,20248,19980,20115,20250 | -1.85    |
| 3   | 100        | 10000000 | 625000    | 93458    | 16384   | 8     | 16   | io_uring | 12        | 16  | decrease  | asc         | desc       | 8192       | 38.87             | 38.15         | 6   | 4193,4318,4443,4195,4320,4445       | -1.85    |
| 18  | 40         | 10000000 | 312500    | 238096   | 4096    | 128   | 32   | worker   | 12        | 16  | increase  | desc        | asc        | 1024       | 21.0              | 20.61         | 6   | 25493,25613,25733,25495,25615,25735 | -1.86    |
| 6   | 80         | 10000000 | 312500    | 117648   | 16384   | 2048  | 32   | io_uring | 12        | 16  | increase  | desc        | desc       | 16384      | 174.42            | 171.17        | 6   | 8593,8713,8833,8595,8715,8835       | -1.86    |
| 16  | 20         | 10000000 | 2500000   | 476191   | 0       | 8     | 4    | worker   | 12        | 16  | decrease  | desc        | desc       | 762144     | 421.62            | 413.76        | 6   | 22888,23023,23158,22890,23025,23160 | -1.86    |
| 11  | 40         | 10000000 | 312500    | 238096   | 1024    | 0     | 32   | worker   | 12        | 16  | decrease  | asc         | desc       | 32         | 1.6               | 1.57          | 6   | 15028,15148,15268,15030,15150,15270 | -1.88    |
| 1   | 100        | 10000000 | 625000    | 93458    | 16384   | 8     | 16   | io_uring | 12        | 16  | increase  | asc         | desc       | 4          | 0.53              | 0.52          | 6   | 1138,1263,1388,1140,1265,1390       | -1.89    |
| 17  | 40         | 10000000 | 312500    | 238096   | 4096    | 128   | 32   | io_uring | 12        | 16  | increase  | asc         | desc       | 4096       | 74.68             | 73.27         | 6   | 25143,25263,25383,25145,25265,25385 | -1.89    |
| 4   | 100        | 10000000 | 625000    | 93458    | 16384   | 8     | 16   | worker   | 12        | 16  | decrease  | desc        | desc       | 565536     | 750.03            | 735.72        | 6   | 4998,5123,5248,5000,5125,5250       | -1.91    |
| 19  | 40         | 10000000 | 312500    | 238096   | 4096    | 128   | 32   | io_uring | 12        | 16  | decrease  | asc         | desc       | 282768     | 2765.55           | 2712.24       | 6   | 28078,28198,28318,28080,28200,28320 | -1.93    |
| 4   | 100        | 10000000 | 625000    | 93458    | 16384   | 8     | 16   | io_uring | 12        | 16  | decrease  | desc        | asc        | 16         | 1.03              | 1.01          | 6   | 5273,5398,5523,5275,5400,5525       | -1.94    |
| 20  | 40         | 10000000 | 312500    | 238096   | 4096    | 128   | 32   | worker   | 12        | 16  | decrease  | desc        | asc        | 2048       | 31.33             | 30.72         | 6   | 28378,28498,28618,28380,28500,28620 | -1.95    |
| 17  | 40         | 10000000 | 312500    | 238096   | 4096    | 128   | 32   | io_uring | 12        | 16  | increase  | asc         | asc        | 282768     | 1242.65           | 1218.45       | 6   | 24838,24958,25078,24840,24960,25080 | -1.95    |
| 19  | 40         | 10000000 | 312500    | 238096   | 4096    | 128   | 32   | io_uring | 12        | 16  | decrease  | asc         | asc        | 126518     | 555.56            | 544.68        | 6   | 27693,27813,27933,27695,27815,27935 | -1.96    |
| 18  | 40         | 10000000 | 312500    | 238096   | 4096    | 128   | 32   | io_uring | 12        | 16  | increase  | desc        | asc        | 1          | 0.51              | 0.5           | 6   | 26163,26283,26403,26165,26285,26405 | -1.96    |
| 18  | 40         | 10000000 | 312500    | 238096   | 4096    | 128   | 32   | io_uring | 12        | 16  | increase  | desc        | desc       | 4096       | 25.25             | 24.75         | 6   | 26583,26703,26823,26585,26705,26825 | -1.98    |
| 19  | 40         | 10000000 | 312500    | 238096   | 4096    | 128   | 32   | io_uring | 12        | 16  | decrease  | asc         | asc        | 4096       | 25.6              | 25.09         | 6   | 27663,27783,27903,27665,27785,27905 | -1.99    |
| 1   | 100        | 10000000 | 625000    | 93458    | 16384   | 8     | 16   | io_uring | 12        | 16  | increase  | asc         | desc       | 32768      | 147.03            | 144.09        | 6   | 1203,1328,1453,1205,1330,1455       | -2.0     |
| 11  | 40         | 10000000 | 312500    | 238096   | 1024    | 0     | 32   | io_uring | 12        | 16  | decrease  | asc         | desc       | 2          | 0.5               | 0.49          | 6   | 15728,15848,15968,15730,15850,15970 | -2.0     |
| 16  | 20         | 10000000 | 2500000   | 476191   | 0       | 8     | 4    | io_uring | 12        | 16  | decrease  | desc        | asc        | 1024       | 5.5               | 5.39          | 6   | 23243,23378,23513,23245,23380,23515 | -2.0     |
| 18  | 40         | 10000000 | 312500    | 238096   | 4096    | 128   | 32   | io_uring | 12        | 16  | increase  | desc        | desc       | 128        | 3.47              | 3.4           | 6   | 26558,26678,26798,26560,26680,26800 | -2.02    |
| 18  | 40         | 10000000 | 312500    | 238096   | 4096    | 128   | 32   | worker   | 12        | 16  | increase  | desc        | desc       | 32768      | 131.83            | 129.15        | 6   | 25878,25998,26118,25880,26000,26120 | -2.03    |
| 10  | 40         | 10000000 | 312500    | 238096   | 1024    | 0     | 32   | io_uring | 12        | 16  | increase  | desc        | desc       | 4096       | 20.91             | 20.48         | 6   | 14343,14463,14583,14345,14465,14585 | -2.06    |
| 11  | 40         | 10000000 | 312500    | 238096   | 1024    | 0     | 32   | io_uring | 12        | 16  | decrease  | asc         | asc        | 2048       | 12.06             | 11.81         | 6   | 15418,15538,15658,15420,15540,15660 | -2.07    |
| 13  | 20         | 10000000 | 2500000   | 476191   | 0       | 8     | 4    | io_uring | 12        | 16  | increase  | asc         | desc       | 8192       | 40.61             | 39.76         | 6   | 18803,18938,19073,18805,18940,19075 | -2.09    |
| 4   | 100        | 10000000 | 625000    | 93458    | 16384   | 8     | 16   | io_uring | 12        | 16  | decrease  | desc        | desc       | 16384      | 33.25             | 32.55         | 6   | 5698,5823,5948,5700,5825,5950       | -2.11    |
| 17  | 40         | 10000000 | 312500    | 238096   | 4096    | 128   | 32   | worker   | 12        | 16  | increase  | asc         | asc        | 2048       | 14.58             | 14.27         | 6   | 24058,24178,24298,24060,24180,24300 | -2.13    |
| 12  | 40         | 10000000 | 312500    | 238096   | 1024    | 0     | 32   | worker   | 12        | 16  | decrease  | desc        | desc       | 2          | 0.47              | 0.46          | 6   | 16448,16568,16688,16450,16570,16690 | -2.13    |
| 14  | 20         | 10000000 | 2500000   | 476191   | 0       | 8     | 4    | worker   | 12        | 16  | increase  | desc        | desc       | 16         | 0.47              | 0.46          | 6   | 19568,19703,19838,19570,19705,19840 | -2.13    |
| 16  | 20         | 10000000 | 2500000   | 476191   | 0       | 8     | 4    | io_uring | 12        | 16  | decrease  | desc        | desc       | 131072     | 105.13            | 102.89        | 6   | 23683,23818,23953,23685,23820,23955 | -2.13    |
| 14  | 20         | 10000000 | 2500000   | 476191   | 0       | 8     | 4    | worker   | 12        | 16  | increase  | desc        | asc        | 1024       | 2.33              | 2.28          | 6   | 19193,19328,19463,19195,19330,19465 | -2.15    |
| 9   | 40         | 10000000 | 312500    | 238096   | 1024    | 0     | 32   | worker   | 12        | 16  | increase  | asc         | asc        | 282768     | 869.61            | 850.9         | 6   | 11878,11998,12118,11880,12000,12120 | -2.15    |
| 9   | 40         | 10000000 | 312500    | 238096   | 1024    | 0     | 32   | worker   | 12        | 16  | increase  | asc         | asc        | 2048       | 11.09             | 10.85         | 6   | 11818,11938,12058,11820,11940,12060 | -2.16    |
| 9   | 40         | 10000000 | 312500    | 238096   | 1024    | 0     | 32   | worker   | 12        | 16  | increase  | asc         | asc        | 2          | 0.46              | 0.45          | 6   | 11768,11888,12008,11770,11890,12010 | -2.17    |
| 14  | 20         | 10000000 | 2500000   | 476191   | 0       | 8     | 4    | io_uring | 12        | 16  | increase  | desc        | desc       | 16         | 0.46              | 0.45          | 6   | 20378,20513,20648,20380,20515,20650 | -2.17    |
| 18  | 40         | 10000000 | 312500    | 238096   | 4096    | 128   | 32   | worker   | 12        | 16  | increase  | desc        | desc       | 251518     | 926.52            | 905.84        | 6   | 25913,26033,26153,25915,26035,26155 | -2.23    |
| 17  | 40         | 10000000 | 312500    | 238096   | 4096    | 128   | 32   | io_uring | 12        | 16  | increase  | asc         | desc       | 128        | 8.4               | 8.21          | 6   | 25118,25238,25358,25120,25240,25360 | -2.26    |
| 3   | 100        | 10000000 | 625000    | 93458    | 16384   | 8     | 16   | io_uring | 12        | 16  | decrease  | asc         | desc       | 1024       | 10.13             | 9.9           | 6   | 4178,4303,4428,4180,4305,4430       | -2.27    |
| 9   | 40         | 10000000 | 312500    | 238096   | 1024    | 0     | 32   | io_uring | 12        | 16  | increase  | asc         | asc        | 4096       | 19.76             | 19.31         | 6   | 12543,12663,12783,12545,12665,12785 | -2.28    |
| 1   | 100        | 10000000 | 625000    | 93458    | 16384   | 8     | 16   | io_uring | 12        | 16  | increase  | asc         | asc        | 190536     | 278.03            | 271.61        | 6   | 843,968,1093,845,970,1095           | -2.31    |
| 11  | 40         | 10000000 | 312500    | 238096   | 1024    | 0     | 32   | worker   | 12        | 16  | decrease  | asc         | desc       | 4096       | 34.11             | 33.32         | 6   | 15063,15183,15303,15065,15185,15305 | -2.32    |
| 11  | 40         | 10000000 | 312500    | 238096   | 1024    | 0     | 32   | io_uring | 12        | 16  | decrease  | asc         | desc       | 1          | 0.43              | 0.42          | 6   | 15723,15843,15963,15725,15845,15965 | -2.33    |
| 19  | 40         | 10000000 | 312500    | 238096   | 4096    | 128   | 32   | io_uring | 12        | 16  | decrease  | asc         | asc        | 1          | 0.43              | 0.42          | 6   | 27603,27723,27843,27605,27725,27845 | -2.33    |
| 11  | 40         | 10000000 | 312500    | 238096   | 1024    | 0     | 32   | io_uring | 12        | 16  | decrease  | asc         | desc       | 2048       | 20.2              | 19.73         | 6   | 15778,15898,16018,15780,15900,16020 | -2.33    |
| 3   | 100        | 10000000 | 625000    | 93458    | 16384   | 8     | 16   | io_uring | 12        | 16  | decrease  | asc         | desc       | 512        | 5.58              | 5.45          | 6   | 4173,4298,4423,4175,4300,4425       | -2.33    |
| 9   | 40         | 10000000 | 312500    | 238096   | 1024    | 0     | 32   | worker   | 12        | 16  | increase  | asc         | asc        | 64018      | 202.74            | 197.98        | 6   | 11843,11963,12083,11845,11965,12085 | -2.35    |
| 18  | 40         | 10000000 | 312500    | 238096   | 4096    | 128   | 32   | io_uring | 12        | 16  | increase  | desc        | desc       | 95268      | 418.22            | 408.36        | 6   | 26608,26728,26848,26610,26730,26850 | -2.36    |
| 19  | 40         | 10000000 | 312500    | 238096   | 4096    | 128   | 32   | io_uring | 12        | 16  | decrease  | asc         | asc        | 251518     | 1089.74           | 1063.97       | 6   | 27713,27833,27953,27715,27835,27955 | -2.36    |
| 1   | 100        | 10000000 | 625000    | 93458    | 16384   | 8     | 16   | worker   | 12        | 16  | increase  | asc         | asc        | 190536     | 260.74            | 254.56        | 6   | 93,218,343,95,220,345               | -2.37    |
| 15  | 20         | 10000000 | 2500000   | 476191   | 0       | 8     | 4    | io_uring | 12        | 16  | decrease  | asc         | desc       | 4          | 0.42              | 0.41          | 6   | 21988,22123,22258,21990,22125,22260 | -2.38    |
| 19  | 40         | 10000000 | 312500    | 238096   | 4096    | 128   | 32   | worker   | 12        | 16  | decrease  | asc         | asc        | 4          | 0.84              | 0.82          | 6   | 26893,27013,27133,26895,27015,27135 | -2.38    |
| 1   | 100        | 10000000 | 625000    | 93458    | 16384   | 8     | 16   | io_uring | 12        | 16  | increase  | asc         | asc        | 2048       | 12.13             | 11.84         | 6   | 808,933,1058,810,935,1060           | -2.39    |
| 2   | 100        | 10000000 | 625000    | 93458    | 16384   | 8     | 16   | worker   | 12        | 16  | increase  | desc        | asc        | 4096       | 20.86             | 20.36         | 6   | 1563,1688,1813,1565,1690,1815       | -2.4     |
| 19  | 40         | 10000000 | 312500    | 238096   | 4096    | 128   | 32   | io_uring | 12        | 16  | decrease  | asc         | desc       | 4096       | 62.08             | 60.59         | 6   | 28023,28143,28263,28025,28145,28265 | -2.4     |
| 9   | 40         | 10000000 | 312500    | 238096   | 1024    | 0     | 32   | io_uring | 12        | 16  | increase  | asc         | asc        | 2048       | 11.59             | 11.31         | 6   | 12538,12658,12778,12540,12660,12780 | -2.42    |
| 10  | 40         | 10000000 | 312500    | 238096   | 1024    | 0     | 32   | io_uring | 12        | 16  | increase  | desc        | asc        | 1024       | 12.39             | 12.09         | 6   | 13973,14093,14213,13975,14095,14215 | -2.42    |
| 16  | 20         | 10000000 | 2500000   | 476191   | 0       | 8     | 4    | worker   | 12        | 16  | decrease  | desc        | asc        | 32768      | 101.66            | 99.19         | 6   | 22458,22593,22728,22460,22595,22730 | -2.43    |
| 3   | 100        | 10000000 | 625000    | 93458    | 16384   | 8     | 16   | worker   | 12        | 16  | decrease  | asc         | asc        | 32768      | 51.9              | 50.63         | 6   | 3078,3203,3328,3080,3205,3330       | -2.45    |
| 9   | 40         | 10000000 | 312500    | 238096   | 1024    | 0     | 32   | worker   | 12        | 16  | increase  | asc         | asc        | 512        | 4.46              | 4.35          | 6   | 11808,11928,12048,11810,11930,12050 | -2.47    |
| 1   | 100        | 10000000 | 625000    | 93458    | 16384   | 8     | 16   | worker   | 12        | 16  | increase  | asc         | desc       | 256        | 3.23              | 3.15          | 6   | 418,543,668,420,545,670             | -2.48    |
| 18  | 40         | 10000000 | 312500    | 238096   | 4096    | 128   | 32   | io_uring | 12        | 16  | increase  | desc        | asc        | 2048       | 35.44             | 34.56         | 6   | 26218,26338,26458,26220,26340,26460 | -2.48    |
| 19  | 40         | 10000000 | 312500    | 238096   | 4096    | 128   | 32   | io_uring | 12        | 16  | decrease  | asc         | asc        | 2048       | 15.65             | 15.26         | 6   | 27658,27778,27898,27660,27780,27900 | -2.49    |
| 19  | 40         | 10000000 | 312500    | 238096   | 4096    | 128   | 32   | worker   | 12        | 16  | decrease  | asc         | desc       | 32768      | 294.1             | 286.75        | 6   | 27318,27438,27558,27320,27440,27560 | -2.5     |
| 13  | 20         | 10000000 | 2500000   | 476191   | 0       | 8     | 4    | io_uring | 12        | 16  | increase  | asc         | asc        | 8          | 0.4               | 0.39          | 6   | 18348,18483,18618,18350,18485,18620 | -2.5     |
| 19  | 40         | 10000000 | 312500    | 238096   | 4096    | 128   | 32   | worker   | 12        | 16  | decrease  | asc         | asc        | 64018      | 243.12            | 237.04        | 6   | 26963,27083,27203,26965,27085,27205 | -2.5     |
| 20  | 40         | 10000000 | 312500    | 238096   | 4096    | 128   | 32   | worker   | 12        | 16  | decrease  | desc        | asc        | 512        | 14.64             | 14.27         | 6   | 28368,28488,28608,28370,28490,28610 | -2.53    |
| 13  | 20         | 10000000 | 2500000   | 476191   | 0       | 8     | 4    | io_uring | 12        | 16  | increase  | asc         | asc        | 128        | 0.78              | 0.76          | 6   | 18368,18503,18638,18370,18505,18640 | -2.56    |
| 20  | 40         | 10000000 | 312500    | 238096   | 4096    | 128   | 32   | worker   | 12        | 16  | decrease  | desc        | desc       | 220268     | 872.07            | 849.59        | 6   | 28788,28908,29028,28790,28910,29030 | -2.58    |
| 3   | 100        | 10000000 | 625000    | 93458    | 16384   | 8     | 16   | worker   | 12        | 16  | decrease  | asc         | desc       | 8          | 0.76              | 0.74          | 6   | 3393,3518,3643,3395,3520,3645       | -2.63    |
| 16  | 20         | 10000000 | 2500000   | 476191   | 0       | 8     | 4    | worker   | 12        | 16  | decrease  | desc        | asc        | 16         | 0.38              | 0.37          | 6   | 22403,22538,22673,22405,22540,22675 | -2.63    |
| 20  | 40         | 10000000 | 312500    | 238096   | 4096    | 128   | 32   | worker   | 12        | 16  | decrease  | desc        | asc        | 16384      | 152.76            | 148.69        | 6   | 28393,28513,28633,28395,28515,28635 | -2.66    |
| 3   | 100        | 10000000 | 625000    | 93458    | 16384   | 8     | 16   | worker   | 12        | 16  | decrease  | asc         | asc        | 65536      | 95.92             | 93.36         | 6   | 3083,3208,3333,3085,3210,3335       | -2.67    |
| 1   | 100        | 10000000 | 625000    | 93458    | 16384   | 8     | 16   | worker   | 12        | 16  | increase  | asc         | asc        | 16384      | 30.25             | 29.44         | 6   | 73,198,323,75,200,325               | -2.68    |
| 16  | 20         | 10000000 | 2500000   | 476191   | 0       | 8     | 4    | worker   | 12        | 16  | decrease  | desc        | desc       | 8          | 0.37              | 0.36          | 6   | 22803,22938,23073,22805,22940,23075 | -2.7     |
| 4   | 100        | 10000000 | 625000    | 93458    | 16384   | 8     | 16   | worker   | 12        | 16  | decrease  | desc        | asc        | 32768      | 110.27            | 107.26        | 6   | 4578,4703,4828,4580,4705,4830       | -2.73    |
| 11  | 40         | 10000000 | 312500    | 238096   | 1024    | 0     | 32   | worker   | 12        | 16  | decrease  | asc         | desc       | 157768     | 1112.98           | 1082.35       | 6   | 15098,15218,15338,15100,15220,15340 | -2.75    |
| 5   | 80         | 10000000 | 312500    | 117648   | 16384   | 2048  | 32   | worker   | 12        | 16  | increase  | asc         | desc       | 256        | 32.68             | 31.78         | 6   | 6403,6523,6643,6405,6525,6645       | -2.75    |
| 3   | 100        | 10000000 | 625000    | 93458    | 16384   | 8     | 16   | worker   | 12        | 16  | decrease  | asc         | desc       | 32768      | 118.3             | 115.04        | 6   | 3453,3578,3703,3455,3580,3705       | -2.76    |
| 5   | 80         | 10000000 | 312500    | 117648   | 16384   | 2048  | 32   | io_uring | 12        | 16  | increase  | asc         | desc       | 64         | 14.49             | 14.09         | 6   | 7113,7233,7353,7115,7235,7355       | -2.76    |
| 2   | 100        | 10000000 | 625000    | 93458    | 16384   | 8     | 16   | io_uring | 12        | 16  | increase  | desc        | asc        | 2          | 0.36              | 0.35          | 6   | 2258,2383,2508,2260,2385,2510       | -2.78    |
| 3   | 100        | 10000000 | 625000    | 93458    | 16384   | 8     | 16   | worker   | 12        | 16  | decrease  | asc         | asc        | 190536     | 256.99            | 249.8         | 6   | 3093,3218,3343,3095,3220,3345       | -2.8     |
| 6   | 80         | 10000000 | 312500    | 117648   | 16384   | 2048  | 32   | io_uring | 12        | 16  | increase  | desc        | desc       | 8192       | 94.61             | 91.94         | 6   | 8588,8708,8828,8590,8710,8830       | -2.82    |
| 3   | 100        | 10000000 | 625000    | 93458    | 16384   | 8     | 16   | worker   | 12        | 16  | decrease  | asc         | asc        | 2048       | 9.56              | 9.29          | 6   | 3058,3183,3308,3060,3185,3310       | -2.82    |
| 18  | 40         | 10000000 | 312500    | 238096   | 4096    | 128   | 32   | worker   | 12        | 16  | increase  | desc        | desc       | 8192       | 37.69             | 36.62         | 6   | 25868,25988,26108,25870,25990,26110 | -2.84    |
| 7   | 80         | 10000000 | 312500    | 117648   | 16384   | 2048  | 32   | worker   | 12        | 16  | decrease  | asc         | desc       | 16         | 7.38              | 7.17          | 6   | 9263,9383,9503,9265,9385,9505       | -2.85    |
| 12  | 40         | 10000000 | 312500    | 238096   | 1024    | 0     | 32   | io_uring | 12        | 16  | decrease  | desc        | desc       | 256        | 3.86              | 3.75          | 6   | 17203,17323,17443,17205,17325,17445 | -2.85    |
| 19  | 40         | 10000000 | 312500    | 238096   | 4096    | 128   | 32   | io_uring | 12        | 16  | decrease  | asc         | desc       | 64         | 4.85              | 4.71          | 6   | 27993,28113,28233,27995,28115,28235 | -2.89    |
| 15  | 20         | 10000000 | 2500000   | 476191   | 0       | 8     | 4    | worker   | 12        | 16  | decrease  | asc         | desc       | 512        | 1.73              | 1.68          | 6   | 21213,21348,21483,21215,21350,21485 | -2.89    |
| 17  | 40         | 10000000 | 312500    | 238096   | 4096    | 128   | 32   | worker   | 12        | 16  | increase  | asc         | asc        | 16384      | 73.52             | 71.36         | 6   | 24073,24193,24313,24075,24195,24315 | -2.94    |
| 17  | 40         | 10000000 | 312500    | 238096   | 4096    | 128   | 32   | worker   | 12        | 16  | increase  | asc         | asc        | 251518     | 996.67            | 967.36        | 6   | 24113,24233,24353,24115,24235,24355 | -2.94    |
| 4   | 100        | 10000000 | 625000    | 93458    | 16384   | 8     | 16   | worker   | 12        | 16  | decrease  | desc        | asc        | 190536     | 606.62            | 588.62        | 6   | 4593,4718,4843,4595,4720,4845       | -2.97    |
| 10  | 40         | 10000000 | 312500    | 238096   | 1024    | 0     | 32   | io_uring | 12        | 16  | increase  | desc        | asc        | 4          | 0.67              | 0.65          | 6   | 13933,14053,14173,13935,14055,14175 | -2.99    |
| 3   | 100        | 10000000 | 625000    | 93458    | 16384   | 8     | 16   | worker   | 12        | 16  | decrease  | asc         | asc        | 128036     | 178.85            | 173.5         | 6   | 3088,3213,3338,3090,3215,3340       | -2.99    |
| 14  | 20         | 10000000 | 2500000   | 476191   | 0       | 8     | 4    | worker   | 12        | 16  | increase  | desc        | asc        | 512144     | 638.03            | 618.87        | 6   | 19238,19373,19508,19240,19375,19510 | -3.0     |
| 18  | 40         | 10000000 | 312500    | 238096   | 4096    | 128   | 32   | io_uring | 12        | 16  | increase  | desc        | desc       | 8          | 1.66              | 1.61          | 6   | 26538,26658,26778,26540,26660,26780 | -3.01    |
| 11  | 40         | 10000000 | 312500    | 238096   | 1024    | 0     | 32   | io_uring | 12        | 16  | decrease  | asc         | asc        | 128        | 2.32              | 2.25          | 6   | 15398,15518,15638,15400,15520,15640 | -3.02    |
| 18  | 40         | 10000000 | 312500    | 238096   | 4096    | 128   | 32   | worker   | 12        | 16  | increase  | desc        | asc        | 512        | 13.56             | 13.15         | 6   | 25488,25608,25728,25490,25610,25730 | -3.02    |
| 4   | 100        | 10000000 | 625000    | 93458    | 16384   | 8     | 16   | worker   | 12        | 16  | decrease  | desc        | desc       | 1          | 0.33              | 0.32          | 6   | 4878,5003,5128,4880,5005,5130       | -3.03    |
| 20  | 40         | 10000000 | 312500    | 238096   | 4096    | 128   | 32   | worker   | 12        | 16  | decrease  | desc        | desc       | 189018     | 762.41            | 739.29        | 6   | 28783,28903,29023,28785,28905,29025 | -3.03    |
| 19  | 40         | 10000000 | 312500    | 238096   | 4096    | 128   | 32   | worker   | 12        | 16  | decrease  | asc         | asc        | 2048       | 14.16             | 13.73         | 6   | 26938,27058,27178,26940,27060,27180 | -3.04    |
| 1   | 100        | 10000000 | 625000    | 93458    | 16384   | 8     | 16   | io_uring | 12        | 16  | increase  | asc         | asc        | 128        | 2.28              | 2.21          | 6   | 788,913,1038,790,915,1040           | -3.07    |
| 1   | 100        | 10000000 | 625000    | 93458    | 16384   | 8     | 16   | io_uring | 12        | 16  | increase  | asc         | asc        | 16384      | 35.16             | 34.08         | 6   | 823,948,1073,825,950,1075           | -3.07    |
| 2   | 100        | 10000000 | 625000    | 93458    | 16384   | 8     | 16   | worker   | 12        | 16  | increase  | desc        | desc       | 378036     | 495.77            | 480.49        | 6   | 1983,2108,2233,1985,2110,2235       | -3.08    |
| 15  | 20         | 10000000 | 2500000   | 476191   | 0       | 8     | 4    | worker   | 12        | 16  | decrease  | asc         | desc       | 1          | 0.32              | 0.31          | 6   | 21168,21303,21438,21170,21305,21440 | -3.13    |
| 18  | 40         | 10000000 | 312500    | 238096   | 4096    | 128   | 32   | worker   | 12        | 16  | increase  | desc        | asc        | 95268      | 798.29            | 773.23        | 6   | 25528,25648,25768,25530,25650,25770 | -3.14    |
| 20  | 40         | 10000000 | 312500    | 238096   | 4096    | 128   | 32   | worker   | 12        | 16  | decrease  | desc        | asc        | 64018      | 544.25            | 526.99        | 6   | 28403,28523,28643,28405,28525,28645 | -3.17    |
| 17  | 40         | 10000000 | 312500    | 238096   | 4096    | 128   | 32   | io_uring | 12        | 16  | increase  | asc         | asc        | 32         | 2.2               | 2.13          | 6   | 24748,24868,24988,24750,24870,24990 | -3.18    |
| 15  | 20         | 10000000 | 2500000   | 476191   | 0       | 8     | 4    | worker   | 12        | 16  | decrease  | asc         | desc       | 1262144    | 1586.82           | 1535.99       | 6   | 21278,21413,21548,21280,21415,21550 | -3.2     |
| 21  | 80         | 10000000 | 10000000  | 117648   | 1048576 | 128   | 1    | io_uring | 12        | 16  | increase  | asc         | desc       | 32768      | 55.63             | 53.84         | 4   | 31143,31288,31145,31290             | -3.22    |
| 18  | 40         | 10000000 | 312500    | 238096   | 4096    | 128   | 32   | io_uring | 12        | 16  | increase  | desc        | desc       | 16         | 2.17              | 2.1           | 6   | 26543,26663,26783,26545,26665,26785 | -3.23    |
| 3   | 100        | 10000000 | 625000    | 93458    | 16384   | 8     | 16   | worker   | 12        | 16  | decrease  | asc         | asc        | 378036     | 494.46            | 478.48        | 6   | 3108,3233,3358,3110,3235,3360       | -3.23    |
| 9   | 40         | 10000000 | 312500    | 238096   | 1024    | 0     | 32   | io_uring | 12        | 16  | increase  | asc         | desc       | 1024       | 13.29             | 12.85         | 6   | 12893,13013,13133,12895,13015,13135 | -3.31    |
| 3   | 100        | 10000000 | 625000    | 93458    | 16384   | 8     | 16   | io_uring | 12        | 16  | decrease  | asc         | asc        | 2048       | 11.95             | 11.55         | 6   | 3808,3933,4058,3810,3935,4060       | -3.35    |
| 20  | 40         | 10000000 | 312500    | 238096   | 4096    | 128   | 32   | io_uring | 12        | 16  | decrease  | desc        | asc        | 16         | 2.97              | 2.87          | 6   | 29063,29183,29303,29065,29185,29305 | -3.37    |
| 6   | 80         | 10000000 | 312500    | 117648   | 16384   | 2048  | 32   | worker   | 12        | 16  | increase  | desc        | asc        | 32         | 9.18              | 8.87          | 6   | 7468,7588,7708,7470,7590,7710       | -3.38    |
| 2   | 100        | 10000000 | 625000    | 93458    | 16384   | 8     | 16   | worker   | 12        | 16  | increase  | desc        | desc       | 64         | 1.48              | 1.43          | 6   | 1908,2033,2158,1910,2035,2160       | -3.38    |
| 18  | 40         | 10000000 | 312500    | 238096   | 4096    | 128   | 32   | worker   | 12        | 16  | increase  | desc        | asc        | 64018      | 547.33            | 528.61        | 6   | 25523,25643,25763,25525,25645,25765 | -3.42    |
| 12  | 40         | 10000000 | 312500    | 238096   | 1024    | 0     | 32   | io_uring | 12        | 16  | decrease  | desc        | desc       | 512        | 5.25              | 5.07          | 6   | 17208,17328,17448,17210,17330,17450 | -3.43    |
| 21  | 80         | 10000000 | 10000000  | 117648   | 1048576 | 128   | 1    | worker   | 12        | 16  | increase  | asc         | asc        | 8          | 0.58              | 0.56          | 6   | 29778,29923,30068,29780,29925,30070 | -3.45    |
| 8   | 80         | 10000000 | 312500    | 117648   | 16384   | 2048  | 32   | io_uring | 12        | 16  | decrease  | desc        | desc       | 32         | 4.93              | 4.76          | 6   | 11428,11548,11668,11430,11550,11670 | -3.45    |
| 17  | 40         | 10000000 | 312500    | 238096   | 4096    | 128   | 32   | io_uring | 12        | 16  | increase  | asc         | asc        | 2048       | 16.81             | 16.23         | 6   | 24778,24898,25018,24780,24900,25020 | -3.45    |
| 1   | 100        | 10000000 | 625000    | 93458    | 16384   | 8     | 16   | io_uring | 12        | 16  | increase  | asc         | desc       | 16384      | 78.54             | 75.83         | 6   | 1198,1323,1448,1200,1325,1450       | -3.45    |
| 12  | 40         | 10000000 | 312500    | 238096   | 1024    | 0     | 32   | worker   | 12        | 16  | decrease  | desc        | desc       | 32768      | 111.11            | 107.27        | 6   | 16518,16638,16758,16520,16640,16760 | -3.46    |
| 17  | 40         | 10000000 | 312500    | 238096   | 4096    | 128   | 32   | worker   | 12        | 16  | increase  | asc         | asc        | 220268     | 865.12            | 835.16        | 6   | 24108,24228,24348,24110,24230,24350 | -3.46    |
| 10  | 40         | 10000000 | 312500    | 238096   | 1024    | 0     | 32   | worker   | 12        | 16  | increase  | desc        | asc        | 2048       | 19.03             | 18.37         | 6   | 13258,13378,13498,13260,13380,13500 | -3.47    |
| 1   | 100        | 10000000 | 625000    | 93458    | 16384   | 8     | 16   | worker   | 12        | 16  | increase  | asc         | asc        | 253036     | 344.82            | 332.84        | 6   | 98,223,348,100,225,350              | -3.47    |
| 9   | 40         | 10000000 | 312500    | 238096   | 1024    | 0     | 32   | worker   | 12        | 16  | increase  | asc         | desc       | 16384      | 127.12            | 122.7         | 6   | 12193,12313,12433,12195,12315,12435 | -3.48    |
| 10  | 40         | 10000000 | 312500    | 238096   | 1024    | 0     | 32   | io_uring | 12        | 16  | increase  | desc        | desc       | 8192       | 37.9              | 36.58         | 6   | 14348,14468,14588,14350,14470,14590 | -3.48    |
| 17  | 40         | 10000000 | 312500    | 238096   | 4096    | 128   | 32   | worker   | 12        | 16  | increase  | asc         | asc        | 128        | 3.14              | 3.03          | 6   | 24038,24158,24278,24040,24160,24280 | -3.5     |
| 16  | 20         | 10000000 | 2500000   | 476191   | 0       | 8     | 4    | worker   | 12        | 16  | decrease  | desc        | desc       | 2048       | 2.85              | 2.75          | 6   | 22843,22978,23113,22845,22980,23115 | -3.51    |
| 4   | 100        | 10000000 | 625000    | 93458    | 16384   | 8     | 16   | io_uring | 12        | 16  | decrease  | desc        | desc       | 32         | 1.42              | 1.37          | 6   | 5653,5778,5903,5655,5780,5905       | -3.52    |
| 15  | 20         | 10000000 | 2500000   | 476191   | 0       | 8     | 4    | worker   | 12        | 16  | decrease  | asc         | desc       | 1512144    | 1904.78           | 1836.97       | 6   | 21283,21418,21553,21285,21420,21555 | -3.56    |
| 16  | 20         | 10000000 | 2500000   | 476191   | 0       | 8     | 4    | io_uring | 12        | 16  | decrease  | desc        | asc        | 2          | 0.28              | 0.27          | 6   | 23198,23333,23468,23200,23335,23470 | -3.57    |
| 7   | 80         | 10000000 | 312500    | 117648   | 16384   | 2048  | 32   | worker   | 12        | 16  | decrease  | asc         | desc       | 512        | 44.14             | 42.55         | 6   | 9288,9408,9528,9290,9410,9530       | -3.6     |
| 4   | 100        | 10000000 | 625000    | 93458    | 16384   | 8     | 16   | io_uring | 12        | 16  | decrease  | desc        | desc       | 16         | 1.11              | 1.07          | 6   | 5648,5773,5898,5650,5775,5900       | -3.6     |
| 16  | 20         | 10000000 | 2500000   | 476191   | 0       | 8     | 4    | worker   | 12        | 16  | decrease  | desc        | desc       | 262144     | 158.67            | 152.91        | 6   | 22878,23013,23148,22880,23015,23150 | -3.63    |
| 16  | 20         | 10000000 | 2500000   | 476191   | 0       | 8     | 4    | worker   | 12        | 16  | decrease  | desc        | desc       | 512        | 1.37              | 1.32          | 6   | 22833,22968,23103,22835,22970,23105 | -3.65    |
| 16  | 20         | 10000000 | 2500000   | 476191   | 0       | 8     | 4    | worker   | 12        | 16  | decrease  | desc        | desc       | 1512144    | 834.82            | 804.3         | 6   | 22903,23038,23173,22905,23040,23175 | -3.66    |
| 1   | 100        | 10000000 | 625000    | 93458    | 16384   | 8     | 16   | io_uring | 12        | 16  | increase  | asc         | desc       | 8          | 0.82              | 0.79          | 6   | 1143,1268,1393,1145,1270,1395       | -3.66    |
| 19  | 40         | 10000000 | 312500    | 238096   | 4096    | 128   | 32   | io_uring | 12        | 16  | decrease  | asc         | desc       | 32         | 4.09              | 3.94          | 6   | 27988,28108,28228,27990,28110,28230 | -3.67    |
| 10  | 40         | 10000000 | 312500    | 238096   | 1024    | 0     | 32   | io_uring | 12        | 16  | increase  | desc        | desc       | 16         | 1.36              | 1.31          | 6   | 14303,14423,14543,14305,14425,14545 | -3.68    |
| 16  | 20         | 10000000 | 2500000   | 476191   | 0       | 8     | 4    | worker   | 12        | 16  | decrease  | desc        | asc        | 1          | 0.27              | 0.26          | 6   | 22383,22518,22653,22385,22520,22655 | -3.7     |
| 18  | 40         | 10000000 | 312500    | 238096   | 4096    | 128   | 32   | worker   | 12        | 16  | increase  | desc        | asc        | 32768      | 291.18            | 280.37        | 6   | 25518,25638,25758,25520,25640,25760 | -3.71    |
| 19  | 40         | 10000000 | 312500    | 238096   | 4096    | 128   | 32   | worker   | 12        | 16  | decrease  | asc         | asc        | 16384      | 71.38             | 68.73         | 6   | 26953,27073,27193,26955,27075,27195 | -3.71    |
| 13  | 20         | 10000000 | 2500000   | 476191   | 0       | 8     | 4    | io_uring | 12        | 16  | increase  | asc         | asc        | 1024       | 1.87              | 1.8           | 6   | 18383,18518,18653,18385,18520,18655 | -3.74    |
| 17  | 40         | 10000000 | 312500    | 238096   | 4096    | 128   | 32   | worker   | 12        | 16  | increase  | asc         | desc       | 128        | 5.85              | 5.63          | 6   | 24398,24518,24638,24400,24520,24640 | -3.76    |
| 13  | 20         | 10000000 | 2500000   | 476191   | 0       | 8     | 4    | worker   | 12        | 16  | increase  | asc         | asc        | 4096       | 4.52              | 4.35          | 6   | 17583,17718,17853,17585,17720,17855 | -3.76    |
| 19  | 40         | 10000000 | 312500    | 238096   | 4096    | 128   | 32   | worker   | 12        | 16  | decrease  | asc         | asc        | 1024       | 10.09             | 9.71          | 6   | 26933,27053,27173,26935,27055,27175 | -3.77    |
| 15  | 20         | 10000000 | 2500000   | 476191   | 0       | 8     | 4    | worker   | 12        | 16  | decrease  | asc         | desc       | 1762144    | 2215.39           | 2131.71       | 6   | 21288,21423,21558,21290,21425,21560 | -3.78    |
| 19  | 40         | 10000000 | 312500    | 238096   | 4096    | 128   | 32   | io_uring | 12        | 16  | decrease  | asc         | desc       | 512        | 22.68             | 21.82         | 6   | 28008,28128,28248,28010,28130,28250 | -3.79    |
| 4   | 100        | 10000000 | 625000    | 93458    | 16384   | 8     | 16   | worker   | 12        | 16  | decrease  | desc        | asc        | 16384      | 59.46             | 57.19         | 6   | 4573,4698,4823,4575,4700,4825       | -3.82    |
| 9   | 40         | 10000000 | 312500    | 238096   | 1024    | 0     | 32   | io_uring | 12        | 16  | increase  | asc         | asc        | 512        | 5.21              | 5.01          | 6   | 12528,12648,12768,12530,12650,12770 | -3.84    |
| 4   | 100        | 10000000 | 625000    | 93458    | 16384   | 8     | 16   | io_uring | 12        | 16  | decrease  | desc        | desc       | 4          | 0.52              | 0.5           | 6   | 5638,5763,5888,5640,5765,5890       | -3.85    |
| 12  | 40         | 10000000 | 312500    | 238096   | 1024    | 0     | 32   | worker   | 12        | 16  | decrease  | desc        | asc        | 512        | 7.38              | 7.09          | 6   | 16128,16248,16368,16130,16250,16370 | -3.93    |
| 4   | 100        | 10000000 | 625000    | 93458    | 16384   | 8     | 16   | io_uring | 12        | 16  | decrease  | desc        | asc        | 8192       | 41.18             | 39.56         | 6   | 5318,5443,5568,5320,5445,5570       | -3.93    |
| 5   | 80         | 10000000 | 312500    | 117648   | 16384   | 2048  | 32   | io_uring | 12        | 16  | increase  | asc         | desc       | 4          | 3.04              | 2.92          | 6   | 7093,7213,7333,7095,7215,7335       | -3.95    |
| 17  | 40         | 10000000 | 312500    | 238096   | 4096    | 128   | 32   | io_uring | 12        | 16  | increase  | asc         | asc        | 1024       | 11.38             | 10.93         | 6   | 24773,24893,25013,24775,24895,25015 | -3.95    |
| 2   | 100        | 10000000 | 625000    | 93458    | 16384   | 8     | 16   | worker   | 12        | 16  | increase  | desc        | asc        | 1024       | 7.77              | 7.46          | 6   | 1553,1678,1803,1555,1680,1805       | -3.99    |
| 7   | 80         | 10000000 | 312500    | 117648   | 16384   | 2048  | 32   | io_uring | 12        | 16  | decrease  | asc         | desc       | 4096       | 96.9              | 93.02         | 6   | 10023,10143,10263,10025,10145,10265 | -4.0     |
| 20  | 40         | 10000000 | 312500    | 238096   | 4096    | 128   | 32   | worker   | 12        | 16  | decrease  | desc        | asc        | 256        | 9.2               | 8.83          | 6   | 28363,28483,28603,28365,28485,28605 | -4.02    |
| 2   | 100        | 10000000 | 625000    | 93458    | 16384   | 8     | 16   | worker   | 12        | 16  | increase  | desc        | desc       | 32768      | 52.65             | 50.53         | 6   | 1953,2078,2203,1955,2080,2205       | -4.03    |
| 2   | 100        | 10000000 | 625000    | 93458    | 16384   | 8     | 16   | worker   | 12        | 16  | increase  | desc        | asc        | 8192       | 33.89             | 32.51         | 6   | 1568,1693,1818,1570,1695,1820       | -4.07    |
| 9   | 40         | 10000000 | 312500    | 238096   | 1024    | 0     | 32   | worker   | 12        | 16  | increase  | asc         | asc        | 4096       | 17.9              | 17.17         | 6   | 11823,11943,12063,11825,11945,12065 | -4.08    |
| 14  | 20         | 10000000 | 2500000   | 476191   | 0       | 8     | 4    | worker   | 12        | 16  | increase  | desc        | asc        | 2262144    | 2767.72           | 2654.37       | 6   | 19273,19408,19543,19275,19410,19545 | -4.1     |
| 15  | 20         | 10000000 | 2500000   | 476191   | 0       | 8     | 4    | worker   | 12        | 16  | decrease  | asc         | desc       | 2012144    | 2521.89           | 2417.81       | 6   | 21293,21428,21563,21295,21430,21565 | -4.13    |
| 20  | 40         | 10000000 | 312500    | 238096   | 4096    | 128   | 32   | worker   | 12        | 16  | decrease  | desc        | asc        | 8192       | 84.8              | 81.3          | 6   | 28388,28508,28628,28390,28510,28630 | -4.13    |
| 14  | 20         | 10000000 | 2500000   | 476191   | 0       | 8     | 4    | worker   | 12        | 16  | increase  | desc        | asc        | 131072     | 169.93            | 162.64        | 6   | 19228,19363,19498,19230,19365,19500 | -4.29    |
| 15  | 20         | 10000000 | 2500000   | 476191   | 0       | 8     | 4    | worker   | 12        | 16  | decrease  | asc         | desc       | 2262144    | 2839.44           | 2717.41       | 6   | 21298,21433,21568,21300,21435,21570 | -4.3     |
| 18  | 40         | 10000000 | 312500    | 238096   | 4096    | 128   | 32   | io_uring | 12        | 16  | increase  | desc        | desc       | 2048       | 16.27             | 15.57         | 6   | 26578,26698,26818,26580,26700,26820 | -4.3     |
| 8   | 80         | 10000000 | 312500    | 117648   | 16384   | 2048  | 32   | io_uring | 12        | 16  | decrease  | desc        | asc        | 1024       | 62.58             | 59.88         | 6   | 11093,11213,11333,11095,11215,11335 | -4.31    |
| 9   | 40         | 10000000 | 312500    | 238096   | 1024    | 0     | 32   | io_uring | 12        | 16  | increase  | asc         | desc       | 8          | 0.92              | 0.88          | 6   | 12858,12978,13098,12860,12980,13100 | -4.35    |
| 15  | 20         | 10000000 | 2500000   | 476191   | 0       | 8     | 4    | worker   | 12        | 16  | decrease  | asc         | asc        | 16         | 0.46              | 0.44          | 6   | 20783,20918,21053,20785,20920,21055 | -4.35    |
| 18  | 40         | 10000000 | 312500    | 238096   | 4096    | 128   | 32   | io_uring | 12        | 16  | increase  | desc        | desc       | 64         | 3.2               | 3.06          | 6   | 26553,26673,26793,26555,26675,26795 | -4.38    |
| 20  | 40         | 10000000 | 312500    | 238096   | 4096    | 128   | 32   | io_uring | 12        | 16  | decrease  | desc        | asc        | 128        | 7.99              | 7.64          | 6   | 29078,29198,29318,29080,29200,29320 | -4.38    |
| 15  | 20         | 10000000 | 2500000   | 476191   | 0       | 8     | 4    | worker   | 12        | 16  | decrease  | asc         | desc       | 131072     | 170.29            | 162.83        | 6   | 21253,21388,21523,21255,21390,21525 | -4.38    |
| 14  | 20         | 10000000 | 2500000   | 476191   | 0       | 8     | 4    | worker   | 12        | 16  | increase  | desc        | asc        | 2012144    | 2465.0            | 2356.33       | 6   | 19268,19403,19538,19270,19405,19540 | -4.41    |
| 16  | 20         | 10000000 | 2500000   | 476191   | 0       | 8     | 4    | worker   | 12        | 16  | decrease  | desc        | desc       | 65536      | 42.26             | 40.39         | 6   | 22868,23003,23138,22870,23005,23140 | -4.42    |
| 13  | 20         | 10000000 | 2500000   | 476191   | 0       | 8     | 4    | worker   | 12        | 16  | increase  | asc         | desc       | 2048       | 10.35             | 9.89          | 6   | 17983,18118,18253,17985,18120,18255 | -4.44    |
| 15  | 20         | 10000000 | 2500000   | 476191   | 0       | 8     | 4    | worker   | 12        | 16  | decrease  | asc         | desc       | 762144     | 971.09            | 927.85        | 6   | 21268,21403,21538,21270,21405,21540 | -4.45    |
| 18  | 40         | 10000000 | 312500    | 238096   | 4096    | 128   | 32   | worker   | 12        | 16  | increase  | desc        | desc       | 1024       | 10.1              | 9.65          | 6   | 25853,25973,26093,25855,25975,26095 | -4.46    |
| 4   | 100        | 10000000 | 625000    | 93458    | 16384   | 8     | 16   | worker   | 12        | 16  | decrease  | desc        | asc        | 128        | 2.24              | 2.14          | 6   | 4538,4663,4788,4540,4665,4790       | -4.46    |
| 15  | 20         | 10000000 | 2500000   | 476191   | 0       | 8     | 4    | worker   | 12        | 16  | decrease  | asc         | desc       | 1012144    | 1281.39           | 1224.1        | 6   | 21273,21408,21543,21275,21410,21545 | -4.47    |
| 5   | 80         | 10000000 | 312500    | 117648   | 16384   | 2048  | 32   | worker   | 12        | 16  | increase  | asc         | desc       | 512        | 42.2              | 40.31         | 6   | 6408,6528,6648,6410,6530,6650       | -4.48    |
| 4   | 100        | 10000000 | 625000    | 93458    | 16384   | 8     | 16   | io_uring | 12        | 16  | decrease  | desc        | desc       | 2048       | 12.18             | 11.63         | 6   | 5683,5808,5933,5685,5810,5935       | -4.52    |
| 7   | 80         | 10000000 | 312500    | 117648   | 16384   | 2048  | 32   | worker   | 12        | 16  | decrease  | asc         | asc        | 128        | 8.89              | 8.48          | 6   | 8918,9038,9158,8920,9040,9160       | -4.61    |
| 14  | 20         | 10000000 | 2500000   | 476191   | 0       | 8     | 4    | worker   | 12        | 16  | increase  | desc        | asc        | 1762144    | 2155.66           | 2055.89       | 6   | 19263,19398,19533,19265,19400,19535 | -4.63    |
| 19  | 40         | 10000000 | 312500    | 238096   | 4096    | 128   | 32   | worker   | 12        | 16  | decrease  | asc         | desc       | 2048       | 33.76             | 32.19         | 6   | 27298,27418,27538,27300,27420,27540 | -4.65    |
| 4   | 100        | 10000000 | 625000    | 93458    | 16384   | 8     | 16   | worker   | 12        | 16  | decrease  | desc        | asc        | 4          | 0.43              | 0.41          | 6   | 4513,4638,4763,4515,4640,4765       | -4.65    |
| 13  | 20         | 10000000 | 2500000   | 476191   | 0       | 8     | 4    | worker   | 12        | 16  | increase  | asc         | desc       | 4096       | 19.0              | 18.11         | 6   | 17988,18123,18258,17990,18125,18260 | -4.68    |
| 10  | 40         | 10000000 | 312500    | 238096   | 1024    | 0     | 32   | worker   | 12        | 16  | increase  | desc        | desc       | 1024       | 7.03              | 6.7           | 6   | 13613,13733,13853,13615,13735,13855 | -4.69    |
| 7   | 80         | 10000000 | 312500    | 117648   | 16384   | 2048  | 32   | worker   | 12        | 16  | decrease  | asc         | asc        | 1024       | 22.34             | 21.29         | 6   | 8933,9053,9173,8935,9055,9175       | -4.7     |
| 13  | 20         | 10000000 | 2500000   | 476191   | 0       | 8     | 4    | worker   | 12        | 16  | increase  | asc         | desc       | 1024       | 5.51              | 5.25          | 6   | 17978,18113,18248,17980,18115,18250 | -4.72    |
| 14  | 20         | 10000000 | 2500000   | 476191   | 0       | 8     | 4    | worker   | 12        | 16  | increase  | desc        | asc        | 762144     | 946.33            | 901.58        | 6   | 19243,19378,19513,19245,19380,19515 | -4.73    |
| 13  | 20         | 10000000 | 2500000   | 476191   | 0       | 8     | 4    | io_uring | 12        | 16  | increase  | asc         | desc       | 2048       | 10.97             | 10.45         | 6   | 18793,18928,19063,18795,18930,19065 | -4.74    |
| 8   | 80         | 10000000 | 312500    | 117648   | 16384   | 2048  | 32   | io_uring | 12        | 16  | decrease  | desc        | desc       | 8          | 2.95              | 2.81          | 6   | 11418,11538,11658,11420,11540,11660 | -4.75    |
| 13  | 20         | 10000000 | 2500000   | 476191   | 0       | 8     | 4    | io_uring | 12        | 16  | increase  | asc         | desc       | 256        | 2.3               | 2.19          | 6   | 18778,18913,19048,18780,18915,19050 | -4.78    |
| 14  | 20         | 10000000 | 2500000   | 476191   | 0       | 8     | 4    | worker   | 12        | 16  | increase  | desc        | asc        | 1262144    | 1550.94           | 1476.42       | 6   | 19253,19388,19523,19255,19390,19525 | -4.8     |
| 20  | 40         | 10000000 | 312500    | 238096   | 4096    | 128   | 32   | io_uring | 12        | 16  | decrease  | desc        | desc       | 8192       | 44.81             | 42.65         | 6   | 29468,29588,29708,29470,29590,29710 | -4.82    |
| 10  | 40         | 10000000 | 312500    | 238096   | 1024    | 0     | 32   | worker   | 12        | 16  | increase  | desc        | desc       | 8192       | 32.55             | 30.97         | 6   | 13628,13748,13868,13630,13750,13870 | -4.85    |
| 11  | 40         | 10000000 | 312500    | 238096   | 1024    | 0     | 32   | worker   | 12        | 16  | decrease  | asc         | asc        | 64         | 1.84              | 1.75          | 6   | 14673,14793,14913,14675,14795,14915 | -4.89    |
| 20  | 40         | 10000000 | 312500    | 238096   | 4096    | 128   | 32   | worker   | 12        | 16  | decrease  | desc        | desc       | 64         | 2.23              | 2.12          | 6   | 28713,28833,28953,28715,28835,28955 | -4.93    |
| 10  | 40         | 10000000 | 312500    | 238096   | 1024    | 0     | 32   | worker   | 12        | 16  | increase  | desc        | desc       | 128        | 2.43              | 2.31          | 6   | 13598,13718,13838,13600,13720,13840 | -4.94    |
| 2   | 100        | 10000000 | 625000    | 93458    | 16384   | 8     | 16   | worker   | 12        | 16  | increase  | desc        | asc        | 32         | 1.21              | 1.15          | 6   | 1528,1653,1778,1530,1655,1780       | -4.96    |
| 1   | 100        | 10000000 | 625000    | 93458    | 16384   | 8     | 16   | worker   | 12        | 16  | increase  | asc         | asc        | 1024       | 5.99              | 5.69          | 6   | 53,178,303,55,180,305               | -5.01    |
| 16  | 20         | 10000000 | 2500000   | 476191   | 0       | 8     | 4    | worker   | 12        | 16  | decrease  | desc        | asc        | 2048       | 7.16              | 6.8           | 6   | 22438,22573,22708,22440,22575,22710 | -5.03    |
| 3   | 100        | 10000000 | 625000    | 93458    | 16384   | 8     | 16   | io_uring | 12        | 16  | decrease  | asc         | asc        | 128        | 2.38              | 2.26          | 6   | 3788,3913,4038,3790,3915,4040       | -5.04    |
| 5   | 80         | 10000000 | 312500    | 117648   | 16384   | 2048  | 32   | io_uring | 12        | 16  | increase  | asc         | desc       | 128        | 26.37             | 25.04         | 6   | 7118,7238,7358,7120,7240,7360       | -5.04    |
| 6   | 80         | 10000000 | 312500    | 117648   | 16384   | 2048  | 32   | io_uring | 12        | 16  | increase  | desc        | desc       | 128        | 10.04             | 9.53          | 6   | 8558,8678,8798,8560,8680,8800       | -5.08    |
| 20  | 40         | 10000000 | 312500    | 238096   | 4096    | 128   | 32   | worker   | 12        | 16  | decrease  | desc        | desc       | 1          | 0.39              | 0.37          | 6   | 28683,28803,28923,28685,28805,28925 | -5.13    |
| 14  | 20         | 10000000 | 2500000   | 476191   | 0       | 8     | 4    | worker   | 12        | 16  | increase  | desc        | asc        | 1512144    | 1861.99           | 1765.05       | 6   | 19258,19393,19528,19260,19395,19530 | -5.21    |
| 9   | 40         | 10000000 | 312500    | 238096   | 1024    | 0     | 32   | io_uring | 12        | 16  | increase  | asc         | desc       | 128        | 3.05              | 2.89          | 6   | 12878,12998,13118,12880,13000,13120 | -5.25    |
| 1   | 100        | 10000000 | 625000    | 93458    | 16384   | 8     | 16   | worker   | 12        | 16  | increase  | asc         | desc       | 64         | 1.71              | 1.62          | 6   | 408,533,658,410,535,660             | -5.26    |
| 20  | 40         | 10000000 | 312500    | 238096   | 4096    | 128   | 32   | io_uring | 12        | 16  | decrease  | desc        | desc       | 4          | 0.95              | 0.9           | 6   | 29413,29533,29653,29415,29535,29655 | -5.26    |
| 1   | 100        | 10000000 | 625000    | 93458    | 16384   | 8     | 16   | worker   | 12        | 16  | increase  | asc         | asc        | 8192       | 19.72             | 18.68         | 6   | 68,193,318,70,195,320               | -5.27    |
| 8   | 80         | 10000000 | 312500    | 117648   | 16384   | 2048  | 32   | worker   | 12        | 16  | decrease  | desc        | asc        | 512        | 44.06             | 41.72         | 6   | 10368,10488,10608,10370,10490,10610 | -5.31    |
| 5   | 80         | 10000000 | 312500    | 117648   | 16384   | 2048  | 32   | io_uring | 12        | 16  | increase  | asc         | desc       | 1024       | 60.79             | 57.56         | 6   | 7133,7253,7373,7135,7255,7375       | -5.31    |
| 5   | 80         | 10000000 | 312500    | 117648   | 16384   | 2048  | 32   | worker   | 12        | 16  | increase  | asc         | asc        | 1024       | 22.13             | 20.95         | 6   | 6053,6173,6293,6055,6175,6295       | -5.33    |
| 7   | 80         | 10000000 | 312500    | 117648   | 16384   | 2048  | 32   | io_uring | 12        | 16  | decrease  | asc         | asc        | 4096       | 52.3              | 49.51         | 6   | 9663,9783,9903,9665,9785,9905       | -5.33    |
| 5   | 80         | 10000000 | 312500    | 117648   | 16384   | 2048  | 32   | io_uring | 12        | 16  | increase  | asc         | desc       | 4096       | 112.94            | 106.91        | 6   | 7143,7263,7383,7145,7265,7385       | -5.34    |
| 6   | 80         | 10000000 | 312500    | 117648   | 16384   | 2048  | 32   | worker   | 12        | 16  | increase  | desc        | desc       | 4096       | 50.72             | 48.01         | 6   | 7863,7983,8103,7865,7985,8105       | -5.34    |
| 8   | 80         | 10000000 | 312500    | 117648   | 16384   | 2048  | 32   | io_uring | 12        | 16  | decrease  | desc        | desc       | 4          | 1.68              | 1.59          | 6   | 11413,11533,11653,11415,11535,11655 | -5.36    |
| 21  | 80         | 10000000 | 10000000  | 117648   | 1048576 | 128   | 1    | worker   | 12        | 16  | increase  | asc         | asc        | 1048576    | 414.94            | 392.2         | 6   | 29863,30008,30153,29865,30010,30155 | -5.48    |
| 6   | 80         | 10000000 | 312500    | 117648   | 16384   | 2048  | 32   | worker   | 12        | 16  | increase  | desc        | asc        | 4096       | 83.94             | 79.32         | 6   | 7503,7623,7743,7505,7625,7745       | -5.5     |
| 15  | 20         | 10000000 | 2500000   | 476191   | 0       | 8     | 4    | worker   | 12        | 16  | decrease  | asc         | desc       | 512144     | 655.4             | 619.31        | 6   | 21263,21398,21533,21265,21400,21535 | -5.51    |
| 2   | 100        | 10000000 | 625000    | 93458    | 16384   | 8     | 16   | worker   | 12        | 16  | increase  | desc        | desc       | 2          | 0.36              | 0.34          | 6   | 1883,2008,2133,1885,2010,2135       | -5.56    |
| 11  | 40         | 10000000 | 312500    | 238096   | 1024    | 0     | 32   | worker   | 12        | 16  | decrease  | asc         | asc        | 512        | 4.68              | 4.42          | 6   | 14688,14808,14928,14690,14810,14930 | -5.56    |
| 8   | 80         | 10000000 | 312500    | 117648   | 16384   | 2048  | 32   | worker   | 12        | 16  | decrease  | desc        | desc       | 128        | 9.52              | 8.99          | 6   | 10718,10838,10958,10720,10840,10960 | -5.57    |
| 4   | 100        | 10000000 | 625000    | 93458    | 16384   | 8     | 16   | io_uring | 12        | 16  | decrease  | desc        | asc        | 1024       | 10.03             | 9.47          | 6   | 5303,5428,5553,5305,5430,5555       | -5.58    |
| 14  | 20         | 10000000 | 2500000   | 476191   | 0       | 8     | 4    | worker   | 12        | 16  | increase  | desc        | asc        | 1012144    | 1248.0            | 1177.46       | 6   | 19248,19383,19518,19250,19385,19520 | -5.65    |
| 16  | 20         | 10000000 | 2500000   | 476191   | 0       | 8     | 4    | io_uring | 12        | 16  | decrease  | desc        | desc       | 1024       | 1.92              | 1.81          | 6   | 23648,23783,23918,23650,23785,23920 | -5.73    |
| 18  | 40         | 10000000 | 312500    | 238096   | 4096    | 128   | 32   | io_uring | 12        | 16  | increase  | desc        | desc       | 512        | 7.67              | 7.23          | 6   | 26568,26688,26808,26570,26690,26810 | -5.74    |
| 10  | 40         | 10000000 | 312500    | 238096   | 1024    | 0     | 32   | worker   | 12        | 16  | increase  | desc        | asc        | 1024       | 10.79             | 10.17         | 6   | 13253,13373,13493,13255,13375,13495 | -5.75    |
| 11  | 40         | 10000000 | 312500    | 238096   | 1024    | 0     | 32   | worker   | 12        | 16  | decrease  | asc         | asc        | 16         | 1.39              | 1.31          | 6   | 14663,14783,14903,14665,14785,14905 | -5.76    |
| 6   | 80         | 10000000 | 312500    | 117648   | 16384   | 2048  | 32   | io_uring | 12        | 16  | increase  | desc        | asc        | 4          | 3.82              | 3.6           | 6   | 8173,8293,8413,8175,8295,8415       | -5.76    |
| 10  | 40         | 10000000 | 312500    | 238096   | 1024    | 0     | 32   | io_uring | 12        | 16  | increase  | desc        | desc       | 128        | 2.75              | 2.59          | 6   | 14318,14438,14558,14320,14440,14560 | -5.82    |
| 11  | 40         | 10000000 | 312500    | 238096   | 1024    | 0     | 32   | io_uring | 12        | 16  | decrease  | asc         | desc       | 256        | 4.98              | 4.69          | 6   | 15763,15883,16003,15765,15885,16005 | -5.82    |
| 4   | 100        | 10000000 | 625000    | 93458    | 16384   | 8     | 16   | io_uring | 12        | 16  | decrease  | desc        | desc       | 1024       | 7.37              | 6.94          | 6   | 5678,5803,5928,5680,5805,5930       | -5.83    |
| 6   | 80         | 10000000 | 312500    | 117648   | 16384   | 2048  | 32   | io_uring | 12        | 16  | increase  | desc        | desc       | 512        | 19.59             | 18.44         | 6   | 8568,8688,8808,8570,8690,8810       | -5.87    |
| 8   | 80         | 10000000 | 312500    | 117648   | 16384   | 2048  | 32   | io_uring | 12        | 16  | decrease  | desc        | desc       | 512        | 20.17             | 18.98         | 6   | 11448,11568,11688,11450,11570,11690 | -5.9     |
| 13  | 20         | 10000000 | 2500000   | 476191   | 0       | 8     | 4    | worker   | 12        | 16  | increase  | asc         | asc        | 65536      | 42.15             | 39.65         | 6   | 17603,17738,17873,17605,17740,17875 | -5.93    |
| 9   | 40         | 10000000 | 312500    | 238096   | 1024    | 0     | 32   | worker   | 12        | 16  | increase  | asc         | asc        | 32768      | 110.98            | 104.39        | 6   | 11838,11958,12078,11840,11960,12080 | -5.94    |
| 8   | 80         | 10000000 | 312500    | 117648   | 16384   | 2048  | 32   | worker   | 12        | 16  | decrease  | desc        | desc       | 2          | 1.01              | 0.95          | 6   | 10688,10808,10928,10690,10810,10930 | -5.94    |
| 2   | 100        | 10000000 | 625000    | 93458    | 16384   | 8     | 16   | worker   | 12        | 16  | increase  | desc        | asc        | 16         | 1.0               | 0.94          | 6   | 1523,1648,1773,1525,1650,1775       | -6.0     |
| 10  | 40         | 10000000 | 312500    | 238096   | 1024    | 0     | 32   | io_uring | 12        | 16  | increase  | desc        | desc       | 256        | 4.0               | 3.76          | 6   | 14323,14443,14563,14325,14445,14565 | -6.0     |
| 5   | 80         | 10000000 | 312500    | 117648   | 16384   | 2048  | 32   | io_uring | 12        | 16  | increase  | asc         | asc        | 1024       | 24.45             | 22.98         | 6   | 6773,6893,7013,6775,6895,7015       | -6.01    |
| 12  | 40         | 10000000 | 312500    | 238096   | 1024    | 0     | 32   | worker   | 12        | 16  | decrease  | desc        | desc       | 512        | 5.32              | 5.0           | 6   | 16488,16608,16728,16490,16610,16730 | -6.02    |
| 20  | 40         | 10000000 | 312500    | 238096   | 4096    | 128   | 32   | io_uring | 12        | 16  | decrease  | desc        | desc       | 16384      | 84.38             | 79.3          | 6   | 29473,29593,29713,29475,29595,29715 | -6.02    |
| 10  | 40         | 10000000 | 312500    | 238096   | 1024    | 0     | 32   | worker   | 12        | 16  | increase  | desc        | asc        | 8          | 0.83              | 0.78          | 6   | 13218,13338,13458,13220,13340,13460 | -6.02    |
| 2   | 100        | 10000000 | 625000    | 93458    | 16384   | 8     | 16   | io_uring | 12        | 16  | increase  | desc        | asc        | 256        | 3.59              | 3.37          | 6   | 2293,2418,2543,2295,2420,2545       | -6.13    |
| 2   | 100        | 10000000 | 625000    | 93458    | 16384   | 8     | 16   | io_uring | 12        | 16  | increase  | desc        | desc       | 512        | 4.56              | 4.28          | 6   | 2673,2798,2923,2675,2800,2925       | -6.14    |
| 1   | 100        | 10000000 | 625000    | 93458    | 16384   | 8     | 16   | worker   | 12        | 16  | increase  | asc         | asc        | 8          | 0.65              | 0.61          | 6   | 18,143,268,20,145,270               | -6.15    |
| 11  | 40         | 10000000 | 312500    | 238096   | 1024    | 0     | 32   | worker   | 12        | 16  | decrease  | asc         | desc       | 4          | 0.65              | 0.61          | 6   | 15013,15133,15253,15015,15135,15255 | -6.15    |
| 2   | 100        | 10000000 | 625000    | 93458    | 16384   | 8     | 16   | io_uring | 12        | 16  | increase  | desc        | desc       | 2048       | 12.3              | 11.54         | 6   | 2683,2808,2933,2685,2810,2935       | -6.18    |
| 6   | 80         | 10000000 | 312500    | 117648   | 16384   | 2048  | 32   | worker   | 12        | 16  | increase  | desc        | desc       | 64         | 5.31              | 4.98          | 6   | 7833,7953,8073,7835,7955,8075       | -6.21    |
| 17  | 40         | 10000000 | 312500    | 238096   | 4096    | 128   | 32   | io_uring | 12        | 16  | increase  | asc         | asc        | 512        | 7.7               | 7.22          | 6   | 24768,24888,25008,24770,24890,25010 | -6.23    |
| 15  | 20         | 10000000 | 2500000   | 476191   | 0       | 8     | 4    | worker   | 12        | 16  | decrease  | asc         | desc       | 2          | 0.32              | 0.3           | 6   | 21173,21308,21443,21175,21310,21445 | -6.25    |
| 13  | 20         | 10000000 | 2500000   | 476191   | 0       | 8     | 4    | worker   | 12        | 16  | increase  | asc         | asc        | 8192       | 7.96              | 7.46          | 6   | 17588,17723,17858,17590,17725,17860 | -6.28    |
| 16  | 20         | 10000000 | 2500000   | 476191   | 0       | 8     | 4    | worker   | 12        | 16  | decrease  | desc        | desc       | 1012144    | 595.2             | 557.78        | 6   | 22893,23028,23163,22895,23030,23165 | -6.29    |
| 2   | 100        | 10000000 | 625000    | 93458    | 16384   | 8     | 16   | io_uring | 12        | 16  | increase  | desc        | asc        | 2048       | 15.73             | 14.74         | 6   | 2308,2433,2558,2310,2435,2560       | -6.29    |
| 8   | 80         | 10000000 | 312500    | 117648   | 16384   | 2048  | 32   | worker   | 12        | 16  | decrease  | desc        | asc        | 1          | 1.09              | 1.02          | 6   | 10323,10443,10563,10325,10445,10565 | -6.42    |
| 13  | 20         | 10000000 | 2500000   | 476191   | 0       | 8     | 4    | worker   | 12        | 16  | increase  | asc         | asc        | 2048       | 3.11              | 2.91          | 6   | 17578,17713,17848,17580,17715,17850 | -6.43    |
| 13  | 20         | 10000000 | 2500000   | 476191   | 0       | 8     | 4    | io_uring | 12        | 16  | increase  | asc         | desc       | 1          | 0.31              | 0.29          | 6   | 18738,18873,19008,18740,18875,19010 | -6.45    |
| 11  | 40         | 10000000 | 312500    | 238096   | 1024    | 0     | 32   | worker   | 12        | 16  | decrease  | asc         | desc       | 512        | 6.94              | 6.49          | 6   | 15048,15168,15288,15050,15170,15290 | -6.48    |
| 18  | 40         | 10000000 | 312500    | 238096   | 4096    | 128   | 32   | io_uring | 12        | 16  | increase  | desc        | desc       | 1024       | 11.68             | 10.92         | 6   | 26573,26693,26813,26575,26695,26815 | -6.51    |
| 20  | 40         | 10000000 | 312500    | 238096   | 4096    | 128   | 32   | io_uring | 12        | 16  | decrease  | desc        | desc       | 1          | 0.46              | 0.43          | 6   | 29403,29523,29643,29405,29525,29645 | -6.52    |
| 14  | 20         | 10000000 | 2500000   | 476191   | 0       | 8     | 4    | worker   | 12        | 16  | increase  | desc        | asc        | 512        | 1.67              | 1.56          | 6   | 19188,19323,19458,19190,19325,19460 | -6.59    |
| 4   | 100        | 10000000 | 625000    | 93458    | 16384   | 8     | 16   | io_uring | 12        | 16  | decrease  | desc        | desc       | 256        | 3.01              | 2.81          | 6   | 5668,5793,5918,5670,5795,5920       | -6.64    |
| 1   | 100        | 10000000 | 625000    | 93458    | 16384   | 8     | 16   | io_uring | 12        | 16  | increase  | asc         | asc        | 16         | 1.2               | 1.12          | 6   | 773,898,1023,775,900,1025           | -6.67    |
| 15  | 20         | 10000000 | 2500000   | 476191   | 0       | 8     | 4    | worker   | 12        | 16  | decrease  | asc         | asc        | 4          | 0.3               | 0.28          | 6   | 20773,20908,21043,20775,20910,21045 | -6.67    |
| 10  | 40         | 10000000 | 312500    | 238096   | 1024    | 0     | 32   | worker   | 12        | 16  | increase  | desc        | asc        | 2          | 0.45              | 0.42          | 6   | 13208,13328,13448,13210,13330,13450 | -6.67    |
| 6   | 80         | 10000000 | 312500    | 117648   | 16384   | 2048  | 32   | io_uring | 12        | 16  | increase  | desc        | asc        | 512        | 50.56             | 47.14         | 6   | 8208,8328,8448,8210,8330,8450       | -6.76    |
| 15  | 20         | 10000000 | 2500000   | 476191   | 0       | 8     | 4    | worker   | 12        | 16  | decrease  | asc         | desc       | 1024       | 2.5               | 2.33          | 6   | 21218,21353,21488,21220,21355,21490 | -6.8     |
| 21  | 80         | 10000000 | 10000000  | 117648   | 1048576 | 128   | 1    | worker   | 12        | 16  | increase  | asc         | desc       | 1024       | 15.26             | 14.22         | 6   | 30248,30393,30538,30250,30395,30540 | -6.82    |
| 17  | 40         | 10000000 | 312500    | 238096   | 4096    | 128   | 32   | worker   | 12        | 16  | increase  | asc         | asc        | 512        | 7.18              | 6.68          | 6   | 24048,24168,24288,24050,24170,24290 | -6.96    |
| 19  | 40         | 10000000 | 312500    | 238096   | 4096    | 128   | 32   | worker   | 12        | 16  | decrease  | asc         | desc       | 512        | 17.17             | 15.97         | 6   | 27288,27408,27528,27290,27410,27530 | -6.99    |
| 11  | 40         | 10000000 | 312500    | 238096   | 1024    | 0     | 32   | worker   | 12        | 16  | decrease  | asc         | asc        | 1024       | 7.14              | 6.64          | 6   | 14693,14813,14933,14695,14815,14935 | -7.0     |
| 12  | 40         | 10000000 | 312500    | 238096   | 1024    | 0     | 32   | io_uring | 12        | 16  | decrease  | desc        | desc       | 16         | 1.57              | 1.46          | 6   | 17183,17303,17423,17185,17305,17425 | -7.01    |
| 7   | 80         | 10000000 | 312500    | 117648   | 16384   | 2048  | 32   | worker   | 12        | 16  | decrease  | asc         | desc       | 128        | 22.5              | 20.92         | 6   | 9278,9398,9518,9280,9400,9520       | -7.02    |
| 4   | 100        | 10000000 | 625000    | 93458    | 16384   | 8     | 16   | worker   | 12        | 16  | decrease  | desc        | asc        | 512        | 4.83              | 4.49          | 6   | 4548,4673,4798,4550,4675,4800       | -7.04    |
| 8   | 80         | 10000000 | 312500    | 117648   | 16384   | 2048  | 32   | worker   | 12        | 16  | decrease  | desc        | asc        | 4096       | 95.57             | 88.84         | 6   | 10383,10503,10623,10385,10505,10625 | -7.04    |
| 20  | 40         | 10000000 | 312500    | 238096   | 4096    | 128   | 32   | worker   | 12        | 16  | decrease  | desc        | asc        | 128        | 5.51              | 5.12          | 6   | 28358,28478,28598,28360,28480,28600 | -7.08    |
| 19  | 40         | 10000000 | 312500    | 238096   | 4096    | 128   | 32   | worker   | 12        | 16  | decrease  | asc         | desc       | 128        | 6.77              | 6.29          | 6   | 27278,27398,27518,27280,27400,27520 | -7.09    |
| 16  | 20         | 10000000 | 2500000   | 476191   | 0       | 8     | 4    | worker   | 12        | 16  | decrease  | desc        | asc        | 256        | 1.69              | 1.57          | 6   | 22423,22558,22693,22425,22560,22695 | -7.1     |
| 4   | 100        | 10000000 | 625000    | 93458    | 16384   | 8     | 16   | worker   | 12        | 16  | decrease  | desc        | asc        | 8          | 0.7               | 0.65          | 6   | 4518,4643,4768,4520,4645,4770       | -7.14    |
| 7   | 80         | 10000000 | 312500    | 117648   | 16384   | 2048  | 32   | io_uring | 12        | 16  | decrease  | asc         | desc       | 4          | 3.34              | 3.1           | 6   | 9973,10093,10213,9975,10095,10215   | -7.19    |
| 6   | 80         | 10000000 | 312500    | 117648   | 16384   | 2048  | 32   | worker   | 12        | 16  | increase  | desc        | asc        | 128        | 21.12             | 19.6          | 6   | 7478,7598,7718,7480,7600,7720       | -7.2     |
| 19  | 40         | 10000000 | 312500    | 238096   | 4096    | 128   | 32   | io_uring | 12        | 16  | decrease  | asc         | desc       | 1024       | 30.37             | 28.18         | 6   | 28013,28133,28253,28015,28135,28255 | -7.21    |
| 11  | 40         | 10000000 | 312500    | 238096   | 1024    | 0     | 32   | io_uring | 12        | 16  | decrease  | asc         | asc        | 8          | 0.97              | 0.9           | 6   | 15378,15498,15618,15380,15500,15620 | -7.22    |
| 4   | 100        | 10000000 | 625000    | 93458    | 16384   | 8     | 16   | worker   | 12        | 16  | decrease  | desc        | desc       | 16384      | 32.75             | 30.34         | 6   | 4948,5073,5198,4950,5075,5200       | -7.36    |
| 12  | 40         | 10000000 | 312500    | 238096   | 1024    | 0     | 32   | io_uring | 12        | 16  | decrease  | desc        | asc        | 256        | 5.4               | 5.0           | 6   | 16843,16963,17083,16845,16965,17085 | -7.41    |
| 18  | 40         | 10000000 | 312500    | 238096   | 4096    | 128   | 32   | io_uring | 12        | 16  | increase  | desc        | desc       | 4          | 0.94              | 0.87          | 6   | 26533,26653,26773,26535,26655,26775 | -7.45    |
| 18  | 40         | 10000000 | 312500    | 238096   | 4096    | 128   | 32   | io_uring | 12        | 16  | increase  | desc        | desc       | 32         | 2.27              | 2.1           | 6   | 26548,26668,26788,26550,26670,26790 | -7.49    |
| 18  | 40         | 10000000 | 312500    | 238096   | 4096    | 128   | 32   | worker   | 12        | 16  | increase  | desc        | asc        | 128        | 5.73              | 5.3           | 6   | 25478,25598,25718,25480,25600,25720 | -7.5     |
| 7   | 80         | 10000000 | 312500    | 117648   | 16384   | 2048  | 32   | io_uring | 12        | 16  | decrease  | asc         | asc        | 1          | 0.66              | 0.61          | 6   | 9603,9723,9843,9605,9725,9845       | -7.58    |
| 18  | 40         | 10000000 | 312500    | 238096   | 4096    | 128   | 32   | io_uring | 12        | 16  | increase  | desc        | desc       | 256        | 5.67              | 5.24          | 6   | 26563,26683,26803,26565,26685,26805 | -7.58    |
| 13  | 20         | 10000000 | 2500000   | 476191   | 0       | 8     | 4    | worker   | 12        | 16  | increase  | asc         | asc        | 1512144    | 891.87            | 823.55        | 6   | 17638,17773,17908,17640,17775,17910 | -7.66    |
| 19  | 40         | 10000000 | 312500    | 238096   | 4096    | 128   | 32   | io_uring | 12        | 16  | decrease  | asc         | desc       | 2048       | 40.59             | 37.44         | 6   | 28018,28138,28258,28020,28140,28260 | -7.76    |
| 3   | 100        | 10000000 | 625000    | 93458    | 16384   | 8     | 16   | io_uring | 12        | 16  | decrease  | asc         | asc        | 8192       | 23.06             | 21.27         | 6   | 3818,3943,4068,3820,3945,4070       | -7.76    |
| 18  | 40         | 10000000 | 312500    | 238096   | 4096    | 128   | 32   | worker   | 12        | 16  | increase  | desc        | asc        | 8          | 1.66              | 1.53          | 6   | 25458,25578,25698,25460,25580,25700 | -7.83    |
| 16  | 20         | 10000000 | 2500000   | 476191   | 0       | 8     | 4    | io_uring | 12        | 16  | decrease  | desc        | asc        | 2048       | 10.57             | 9.74          | 6   | 23248,23383,23518,23250,23385,23520 | -7.85    |
| 20  | 40         | 10000000 | 312500    | 238096   | 4096    | 128   | 32   | worker   | 12        | 16  | decrease  | desc        | desc       | 2048       | 16.04             | 14.78         | 6   | 28738,28858,28978,28740,28860,28980 | -7.86    |
| 7   | 80         | 10000000 | 312500    | 117648   | 16384   | 2048  | 32   | worker   | 12        | 16  | decrease  | asc         | desc       | 4          | 3.43              | 3.16          | 6   | 9253,9373,9493,9255,9375,9495       | -7.87    |
| 1   | 100        | 10000000 | 625000    | 93458    | 16384   | 8     | 16   | worker   | 12        | 16  | increase  | asc         | desc       | 16         | 1.14              | 1.05          | 6   | 398,523,648,400,525,650             | -7.89    |
| 19  | 40         | 10000000 | 312500    | 238096   | 4096    | 128   | 32   | io_uring | 12        | 16  | decrease  | asc         | asc        | 2          | 0.63              | 0.58          | 6   | 27608,27728,27848,27610,27730,27850 | -7.94    |
| 13  | 20         | 10000000 | 2500000   | 476191   | 0       | 8     | 4    | io_uring | 12        | 16  | increase  | asc         | desc       | 1024       | 6.17              | 5.68          | 6   | 18788,18923,19058,18790,18925,19060 | -7.94    |
| 12  | 40         | 10000000 | 312500    | 238096   | 1024    | 0     | 32   | worker   | 12        | 16  | decrease  | desc        | asc        | 64         | 2.39              | 2.2           | 6   | 16113,16233,16353,16115,16235,16355 | -7.95    |
| 17  | 40         | 10000000 | 312500    | 238096   | 4096    | 128   | 32   | io_uring | 12        | 16  | increase  | asc         | desc       | 8          | 2.39              | 2.2           | 6   | 25098,25218,25338,25100,25220,25340 | -7.95    |
| 17  | 40         | 10000000 | 312500    | 238096   | 4096    | 128   | 32   | io_uring | 12        | 16  | increase  | asc         | desc       | 2          | 1.0               | 0.92          | 6   | 25088,25208,25328,25090,25210,25330 | -8.0     |
| 10  | 40         | 10000000 | 312500    | 238096   | 1024    | 0     | 32   | worker   | 12        | 16  | increase  | desc        | desc       | 2048       | 11.09             | 10.2          | 6   | 13618,13738,13858,13620,13740,13860 | -8.03    |
| 5   | 80         | 10000000 | 312500    | 117648   | 16384   | 2048  | 32   | worker   | 12        | 16  | increase  | asc         | asc        | 128        | 9.21              | 8.47          | 6   | 6038,6158,6278,6040,6160,6280       | -8.03    |
| 21  | 80         | 10000000 | 10000000  | 117648   | 1048576 | 128   | 1    | worker   | 12        | 16  | increase  | asc         | desc       | 64         | 3.1               | 2.85          | 6   | 30228,30373,30518,30230,30375,30520 | -8.06    |
| 19  | 40         | 10000000 | 312500    | 238096   | 4096    | 128   | 32   | worker   | 12        | 16  | decrease  | asc         | asc        | 32768      | 139.98            | 128.66        | 6   | 26958,27078,27198,26960,27080,27200 | -8.09    |
| 5   | 80         | 10000000 | 312500    | 117648   | 16384   | 2048  | 32   | worker   | 12        | 16  | increase  | asc         | asc        | 32         | 4.57              | 4.2           | 6   | 6028,6148,6268,6030,6150,6270       | -8.1     |
| 14  | 20         | 10000000 | 2500000   | 476191   | 0       | 8     | 4    | worker   | 12        | 16  | increase  | desc        | asc        | 128        | 0.86              | 0.79          | 6   | 19178,19313,19448,19180,19315,19450 | -8.14    |
| 13  | 20         | 10000000 | 2500000   | 476191   | 0       | 8     | 4    | worker   | 12        | 16  | increase  | asc         | asc        | 32         | 0.49              | 0.45          | 6   | 17548,17683,17818,17550,17685,17820 | -8.16    |
| 7   | 80         | 10000000 | 312500    | 117648   | 16384   | 2048  | 32   | io_uring | 12        | 16  | decrease  | asc         | asc        | 1024       | 24.53             | 22.52         | 6   | 9653,9773,9893,9655,9775,9895       | -8.19    |
| 2   | 100        | 10000000 | 625000    | 93458    | 16384   | 8     | 16   | io_uring | 12        | 16  | increase  | desc        | desc       | 16         | 1.22              | 1.12          | 6   | 2648,2773,2898,2650,2775,2900       | -8.2     |
| 3   | 100        | 10000000 | 625000    | 93458    | 16384   | 8     | 16   | worker   | 12        | 16  | decrease  | asc         | asc        | 8          | 0.73              | 0.67          | 6   | 3018,3143,3268,3020,3145,3270       | -8.22    |
| 9   | 40         | 10000000 | 312500    | 238096   | 1024    | 0     | 32   | io_uring | 12        | 16  | increase  | asc         | asc        | 4          | 0.73              | 0.67          | 6   | 12493,12613,12733,12495,12615,12735 | -8.22    |
| 16  | 20         | 10000000 | 2500000   | 476191   | 0       | 8     | 4    | worker   | 12        | 16  | decrease  | desc        | asc        | 512        | 2.54              | 2.33          | 6   | 22428,22563,22698,22430,22565,22700 | -8.27    |
| 15  | 20         | 10000000 | 2500000   | 476191   | 0       | 8     | 4    | worker   | 12        | 16  | decrease  | asc         | desc       | 4          | 0.36              | 0.33          | 6   | 21178,21313,21448,21180,21315,21450 | -8.33    |
| 3   | 100        | 10000000 | 625000    | 93458    | 16384   | 8     | 16   | worker   | 12        | 16  | decrease  | asc         | desc       | 128        | 2.04              | 1.87          | 6   | 3413,3538,3663,3415,3540,3665       | -8.33    |
| 17  | 40         | 10000000 | 312500    | 238096   | 4096    | 128   | 32   | io_uring | 12        | 16  | increase  | asc         | desc       | 256        | 14.78             | 13.52         | 6   | 25123,25243,25363,25125,25245,25365 | -8.53    |
| 20  | 40         | 10000000 | 312500    | 238096   | 4096    | 128   | 32   | worker   | 12        | 16  | decrease  | desc        | asc        | 64         | 3.75              | 3.43          | 6   | 28353,28473,28593,28355,28475,28595 | -8.53    |
| 6   | 80         | 10000000 | 312500    | 117648   | 16384   | 2048  | 32   | worker   | 12        | 16  | increase  | desc        | desc       | 2048       | 31.77             | 29.05         | 6   | 7858,7978,8098,7860,7980,8100       | -8.56    |
| 17  | 40         | 10000000 | 312500    | 238096   | 4096    | 128   | 32   | io_uring | 12        | 16  | increase  | asc         | desc       | 32         | 3.81              | 3.48          | 6   | 25108,25228,25348,25110,25230,25350 | -8.66    |
| 12  | 40         | 10000000 | 312500    | 238096   | 1024    | 0     | 32   | worker   | 12        | 16  | decrease  | desc        | asc        | 32         | 1.61              | 1.47          | 6   | 16108,16228,16348,16110,16230,16350 | -8.7     |
| 12  | 40         | 10000000 | 312500    | 238096   | 1024    | 0     | 32   | io_uring | 12        | 16  | decrease  | desc        | desc       | 1024       | 7.82              | 7.14          | 6   | 17213,17333,17453,17215,17335,17455 | -8.7     |
| 6   | 80         | 10000000 | 312500    | 117648   | 16384   | 2048  | 32   | worker   | 12        | 16  | increase  | desc        | asc        | 256        | 31.84             | 29.07         | 6   | 7483,7603,7723,7485,7605,7725       | -8.7     |
| 20  | 40         | 10000000 | 312500    | 238096   | 4096    | 128   | 32   | io_uring | 12        | 16  | decrease  | desc        | desc       | 1024       | 11.37             | 10.38         | 6   | 29453,29573,29693,29455,29575,29695 | -8.71    |
| 7   | 80         | 10000000 | 312500    | 117648   | 16384   | 2048  | 32   | io_uring | 12        | 16  | decrease  | asc         | asc        | 128        | 9.39              | 8.57          | 6   | 9638,9758,9878,9640,9760,9880       | -8.73    |
| 1   | 100        | 10000000 | 625000    | 93458    | 16384   | 8     | 16   | worker   | 12        | 16  | increase  | asc         | asc        | 64         | 1.6               | 1.46          | 6   | 33,158,283,35,160,285               | -8.75    |
| 21  | 80         | 10000000 | 10000000  | 117648   | 1048576 | 128   | 1    | worker   | 12        | 16  | increase  | asc         | asc        | 524288     | 233.29            | 212.7         | 6   | 29858,30003,30148,29860,30005,30150 | -8.83    |
| 21  | 80         | 10000000 | 10000000  | 117648   | 1048576 | 128   | 1    | io_uring | 12        | 16  | increase  | asc         | asc        | 128        | 5.89              | 5.37          | 6   | 30668,30813,30958,30670,30815,30960 | -8.83    |
| 6   | 80         | 10000000 | 312500    | 117648   | 16384   | 2048  | 32   | worker   | 12        | 16  | increase  | desc        | asc        | 512        | 41.18             | 37.52         | 6   | 7488,7608,7728,7490,7610,7730       | -8.89    |
| 12  | 40         | 10000000 | 312500    | 238096   | 1024    | 0     | 32   | worker   | 12        | 16  | decrease  | desc        | asc        | 256        | 4.27              | 3.89          | 6   | 16123,16243,16363,16125,16245,16365 | -8.9     |
| 3   | 100        | 10000000 | 625000    | 93458    | 16384   | 8     | 16   | io_uring | 12        | 16  | decrease  | asc         | asc        | 256        | 3.35              | 3.05          | 6   | 3793,3918,4043,3795,3920,4045       | -8.96    |
| 16  | 20         | 10000000 | 2500000   | 476191   | 0       | 8     | 4    | worker   | 12        | 16  | decrease  | desc        | desc       | 16384      | 14.39             | 13.1          | 6   | 22858,22993,23128,22860,22995,23130 | -8.96    |
| 18  | 40         | 10000000 | 312500    | 238096   | 4096    | 128   | 32   | worker   | 12        | 16  | increase  | desc        | asc        | 16         | 2.67              | 2.43          | 6   | 25463,25583,25703,25465,25585,25705 | -8.99    |
| 21  | 80         | 10000000 | 10000000  | 117648   | 1048576 | 128   | 1    | io_uring | 12        | 16  | increase  | asc         | asc        | 1048576    | 452.76            | 411.9         | 6   | 30733,30878,31023,30735,30880,31025 | -9.02    |
| 20  | 40         | 10000000 | 312500    | 238096   | 4096    | 128   | 32   | io_uring | 12        | 16  | decrease  | desc        | asc        | 64         | 5.65              | 5.14          | 6   | 29073,29193,29313,29075,29195,29315 | -9.03    |
| 2   | 100        | 10000000 | 625000    | 93458    | 16384   | 8     | 16   | io_uring | 12        | 16  | increase  | desc        | desc       | 1          | 0.33              | 0.3           | 6   | 2628,2753,2878,2630,2755,2880       | -9.09    |
| 3   | 100        | 10000000 | 625000    | 93458    | 16384   | 8     | 16   | io_uring | 12        | 16  | decrease  | asc         | asc        | 1          | 0.33              | 0.3           | 6   | 3753,3878,4003,3755,3880,4005       | -9.09    |
| 13  | 20         | 10000000 | 2500000   | 476191   | 0       | 8     | 4    | worker   | 12        | 16  | increase  | asc         | desc       | 4          | 0.33              | 0.3           | 6   | 17938,18073,18208,17940,18075,18210 | -9.09    |
| 7   | 80         | 10000000 | 312500    | 117648   | 16384   | 2048  | 32   | worker   | 12        | 16  | decrease  | asc         | asc        | 256        | 12.82             | 11.63         | 6   | 8923,9043,9163,8925,9045,9165       | -9.28    |
| 12  | 40         | 10000000 | 312500    | 238096   | 1024    | 0     | 32   | io_uring | 12        | 16  | decrease  | desc        | asc        | 1024       | 13.48             | 12.22         | 6   | 16853,16973,17093,16855,16975,17095 | -9.35    |
| 17  | 40         | 10000000 | 312500    | 238096   | 4096    | 128   | 32   | worker   | 12        | 16  | increase  | asc         | asc        | 4          | 0.84              | 0.76          | 6   | 24013,24133,24253,24015,24135,24255 | -9.52    |
| 10  | 40         | 10000000 | 312500    | 238096   | 1024    | 0     | 32   | worker   | 12        | 16  | increase  | desc        | desc       | 512        | 5.22              | 4.72          | 6   | 13608,13728,13848,13610,13730,13850 | -9.58    |
| 12  | 40         | 10000000 | 312500    | 238096   | 1024    | 0     | 32   | worker   | 12        | 16  | decrease  | desc        | asc        | 128        | 2.7               | 2.44          | 6   | 16118,16238,16358,16120,16240,16360 | -9.63    |
| 16  | 20         | 10000000 | 2500000   | 476191   | 0       | 8     | 4    | io_uring | 12        | 16  | decrease  | desc        | desc       | 64         | 0.62              | 0.56          | 6   | 23628,23763,23898,23630,23765,23900 | -9.68    |
| 7   | 80         | 10000000 | 312500    | 117648   | 16384   | 2048  | 32   | worker   | 12        | 16  | decrease  | asc         | desc       | 256        | 33.95             | 30.66         | 6   | 9283,9403,9523,9285,9405,9525       | -9.69    |
| 11  | 40         | 10000000 | 312500    | 238096   | 1024    | 0     | 32   | io_uring | 12        | 16  | decrease  | asc         | asc        | 1          | 0.41              | 0.37          | 6   | 15363,15483,15603,15365,15485,15605 | -9.76    |
| 14  | 20         | 10000000 | 2500000   | 476191   | 0       | 8     | 4    | io_uring | 12        | 16  | increase  | desc        | desc       | 4          | 0.41              | 0.37          | 6   | 20368,20503,20638,20370,20505,20640 | -9.76    |
| 7   | 80         | 10000000 | 312500    | 117648   | 16384   | 2048  | 32   | io_uring | 12        | 16  | decrease  | asc         | asc        | 256        | 14.04             | 12.66         | 6   | 9643,9763,9883,9645,9765,9885       | -9.83    |
| 4   | 100        | 10000000 | 625000    | 93458    | 16384   | 8     | 16   | io_uring | 12        | 16  | decrease  | desc        | desc       | 8          | 0.81              | 0.73          | 6   | 5643,5768,5893,5645,5770,5895       | -9.88    |
| 13  | 20         | 10000000 | 2500000   | 476191   | 0       | 8     | 4    | worker   | 12        | 16  | increase  | asc         | asc        | 256        | 1.01              | 0.91          | 6   | 17563,17698,17833,17565,17700,17835 | -9.9     |
| 5   | 80         | 10000000 | 312500    | 117648   | 16384   | 2048  | 32   | io_uring | 12        | 16  | increase  | asc         | asc        | 4          | 1.71              | 1.54          | 6   | 6733,6853,6973,6735,6855,6975       | -9.94    |
| 6   | 80         | 10000000 | 312500    | 117648   | 16384   | 2048  | 32   | worker   | 12        | 16  | increase  | desc        | asc        | 2048       | 63.89             | 57.53         | 6   | 7498,7618,7738,7500,7620,7740       | -9.95    |
| 4   | 100        | 10000000 | 625000    | 93458    | 16384   | 8     | 16   | worker   | 12        | 16  | decrease  | desc        | asc        | 64         | 1.4               | 1.26          | 6   | 4533,4658,4783,4535,4660,4785       | -10.0    |
| 4   | 100        | 10000000 | 625000    | 93458    | 16384   | 8     | 16   | worker   | 12        | 16  | decrease  | desc        | desc       | 512        | 4.3               | 3.87          | 6   | 4923,5048,5173,4925,5050,5175       | -10.0    |
| 20  | 40         | 10000000 | 312500    | 238096   | 4096    | 128   | 32   | io_uring | 12        | 16  | decrease  | desc        | asc        | 2          | 0.8               | 0.72          | 6   | 29048,29168,29288,29050,29170,29290 | -10.0    |
| 2   | 100        | 10000000 | 625000    | 93458    | 16384   | 8     | 16   | io_uring | 12        | 16  | increase  | desc        | asc        | 8          | 0.69              | 0.62          | 6   | 2268,2393,2518,2270,2395,2520       | -10.14   |
| 15  | 20         | 10000000 | 2500000   | 476191   | 0       | 8     | 4    | io_uring | 12        | 16  | decrease  | asc         | desc       | 64         | 0.69              | 0.62          | 6   | 22008,22143,22278,22010,22145,22280 | -10.14   |
| 18  | 40         | 10000000 | 312500    | 238096   | 4096    | 128   | 32   | io_uring | 12        | 16  | increase  | desc        | asc        | 2          | 0.69              | 0.62          | 6   | 26168,26288,26408,26170,26290,26410 | -10.14   |
| 14  | 20         | 10000000 | 2500000   | 476191   | 0       | 8     | 4    | worker   | 12        | 16  | increase  | desc        | asc        | 64         | 0.59              | 0.53          | 6   | 19173,19308,19443,19175,19310,19445 | -10.17   |
| 17  | 40         | 10000000 | 312500    | 238096   | 4096    | 128   | 32   | worker   | 12        | 16  | increase  | asc         | asc        | 1024       | 10.5              | 9.43          | 6   | 24053,24173,24293,24055,24175,24295 | -10.19   |
| 1   | 100        | 10000000 | 625000    | 93458    | 16384   | 8     | 16   | io_uring | 12        | 16  | increase  | asc         | asc        | 8          | 0.88              | 0.79          | 6   | 768,893,1018,770,895,1020           | -10.23   |
| 1   | 100        | 10000000 | 625000    | 93458    | 16384   | 8     | 16   | worker   | 12        | 16  | increase  | asc         | desc       | 2048       | 15.12             | 13.57         | 6   | 433,558,683,435,560,685             | -10.25   |
| 13  | 20         | 10000000 | 2500000   | 476191   | 0       | 8     | 4    | worker   | 12        | 16  | increase  | asc         | asc        | 32768      | 26.43             | 23.72         | 6   | 17598,17733,17868,17600,17735,17870 | -10.25   |
| 12  | 40         | 10000000 | 312500    | 238096   | 1024    | 0     | 32   | io_uring | 12        | 16  | decrease  | desc        | asc        | 4          | 0.78              | 0.7           | 6   | 16813,16933,17053,16815,16935,17055 | -10.26   |
| 17  | 40         | 10000000 | 312500    | 238096   | 4096    | 128   | 32   | worker   | 12        | 16  | increase  | asc         | asc        | 8192       | 41.75             | 37.43         | 6   | 24068,24188,24308,24070,24190,24310 | -10.35   |
| 14  | 20         | 10000000 | 2500000   | 476191   | 0       | 8     | 4    | worker   | 12        | 16  | increase  | desc        | desc       | 32         | 0.67              | 0.6           | 6   | 19573,19708,19843,19575,19710,19845 | -10.45   |
| 7   | 80         | 10000000 | 312500    | 117648   | 16384   | 2048  | 32   | worker   | 12        | 16  | decrease  | asc         | desc       | 8          | 5.46              | 4.88          | 6   | 9258,9378,9498,9260,9380,9500       | -10.62   |
| 21  | 80         | 10000000 | 10000000  | 117648   | 1048576 | 128   | 1    | worker   | 12        | 16  | increase  | asc         | desc       | 512        | 12.93             | 11.55         | 6   | 30243,30388,30533,30245,30390,30535 | -10.67   |
| 5   | 80         | 10000000 | 312500    | 117648   | 16384   | 2048  | 32   | io_uring | 12        | 16  | increase  | asc         | asc        | 512        | 19.61             | 17.5          | 6   | 6768,6888,7008,6770,6890,7010       | -10.76   |
| 3   | 100        | 10000000 | 625000    | 93458    | 16384   | 8     | 16   | worker   | 12        | 16  | decrease  | asc         | desc       | 32         | 1.48              | 1.32          | 6   | 3403,3528,3653,3405,3530,3655       | -10.81   |
| 15  | 20         | 10000000 | 2500000   | 476191   | 0       | 8     | 4    | io_uring | 12        | 16  | decrease  | asc         | asc        | 128        | 2.03              | 1.81          | 6   | 21608,21743,21878,21610,21745,21880 | -10.84   |
| 4   | 100        | 10000000 | 625000    | 93458    | 16384   | 8     | 16   | worker   | 12        | 16  | decrease  | desc        | desc       | 16         | 1.1               | 0.98          | 6   | 4898,5023,5148,4900,5025,5150       | -10.91   |
| 6   | 80         | 10000000 | 312500    | 117648   | 16384   | 2048  | 32   | worker   | 12        | 16  | increase  | desc        | desc       | 4          | 1.92              | 1.71          | 6   | 7813,7933,8053,7815,7935,8055       | -10.94   |
| 8   | 80         | 10000000 | 312500    | 117648   | 16384   | 2048  | 32   | worker   | 12        | 16  | decrease  | desc        | asc        | 2048       | 71.06             | 63.22         | 6   | 10378,10498,10618,10380,10500,10620 | -11.03   |
| 8   | 80         | 10000000 | 312500    | 117648   | 16384   | 2048  | 32   | io_uring | 12        | 16  | decrease  | desc        | asc        | 64         | 16.18             | 14.39         | 6   | 11073,11193,11313,11075,11195,11315 | -11.06   |
| 21  | 80         | 10000000 | 10000000  | 117648   | 1048576 | 128   | 1    | io_uring | 12        | 16  | increase  | asc         | desc       | 32         | 2.16              | 1.92          | 4   | 31093,31238,31095,31240             | -11.11   |
| 16  | 20         | 10000000 | 2500000   | 476191   | 0       | 8     | 4    | worker   | 12        | 16  | decrease  | desc        | desc       | 128        | 0.89              | 0.79          | 6   | 22823,22958,23093,22825,22960,23095 | -11.24   |
| 1   | 100        | 10000000 | 625000    | 93458    | 16384   | 8     | 16   | io_uring | 12        | 16  | increase  | asc         | desc       | 1024       | 10.74             | 9.53          | 6   | 1178,1303,1428,1180,1305,1430       | -11.27   |
| 1   | 100        | 10000000 | 625000    | 93458    | 16384   | 8     | 16   | io_uring | 12        | 16  | increase  | asc         | desc       | 16         | 1.33              | 1.18          | 6   | 1148,1273,1398,1150,1275,1400       | -11.28   |
| 18  | 40         | 10000000 | 312500    | 238096   | 4096    | 128   | 32   | io_uring | 12        | 16  | increase  | desc        | asc        | 4          | 1.24              | 1.1           | 6   | 26173,26293,26413,26175,26295,26415 | -11.29   |
| 1   | 100        | 10000000 | 625000    | 93458    | 16384   | 8     | 16   | worker   | 12        | 16  | increase  | asc         | asc        | 32         | 1.5               | 1.33          | 6   | 28,153,278,30,155,280               | -11.33   |
| 2   | 100        | 10000000 | 625000    | 93458    | 16384   | 8     | 16   | worker   | 12        | 16  | increase  | desc        | asc        | 512        | 5.02              | 4.45          | 6   | 1548,1673,1798,1550,1675,1800       | -11.35   |
| 6   | 80         | 10000000 | 312500    | 117648   | 16384   | 2048  | 32   | io_uring | 12        | 16  | increase  | desc        | desc       | 2048       | 38.03             | 33.7          | 6   | 8578,8698,8818,8580,8700,8820       | -11.39   |
| 8   | 80         | 10000000 | 312500    | 117648   | 16384   | 2048  | 32   | worker   | 12        | 16  | decrease  | desc        | desc       | 4          | 1.58              | 1.4           | 6   | 10693,10813,10933,10695,10815,10935 | -11.39   |
| 8   | 80         | 10000000 | 312500    | 117648   | 16384   | 2048  | 32   | worker   | 12        | 16  | decrease  | desc        | asc        | 64         | 13.77             | 12.2          | 6   | 10353,10473,10593,10355,10475,10595 | -11.4    |
| 13  | 20         | 10000000 | 2500000   | 476191   | 0       | 8     | 4    | worker   | 12        | 16  | increase  | asc         | asc        | 1024       | 1.74              | 1.54          | 6   | 17573,17708,17843,17575,17710,17845 | -11.49   |
| 12  | 40         | 10000000 | 312500    | 238096   | 1024    | 0     | 32   | worker   | 12        | 16  | decrease  | desc        | desc       | 2048       | 11.55             | 10.22         | 6   | 16498,16618,16738,16500,16620,16740 | -11.52   |
| 19  | 40         | 10000000 | 312500    | 238096   | 4096    | 128   | 32   | worker   | 12        | 16  | decrease  | asc         | desc       | 16         | 2.6               | 2.3           | 6   | 27263,27383,27503,27265,27385,27505 | -11.54   |
| 6   | 80         | 10000000 | 312500    | 117648   | 16384   | 2048  | 32   | worker   | 12        | 16  | increase  | desc        | desc       | 256        | 13.73             | 12.14         | 6   | 7843,7963,8083,7845,7965,8085       | -11.58   |
| 20  | 40         | 10000000 | 312500    | 238096   | 4096    | 128   | 32   | worker   | 12        | 16  | decrease  | desc        | asc        | 32         | 3.02              | 2.67          | 6   | 28348,28468,28588,28350,28470,28590 | -11.59   |
| 18  | 40         | 10000000 | 312500    | 238096   | 4096    | 128   | 32   | io_uring | 12        | 16  | increase  | desc        | asc        | 16         | 2.67              | 2.36          | 6   | 26183,26303,26423,26185,26305,26425 | -11.61   |
| 20  | 40         | 10000000 | 312500    | 238096   | 4096    | 128   | 32   | io_uring | 12        | 16  | decrease  | desc        | asc        | 512        | 22.05             | 19.48         | 6   | 29088,29208,29328,29090,29210,29330 | -11.66   |
| 20  | 40         | 10000000 | 312500    | 238096   | 4096    | 128   | 32   | worker   | 12        | 16  | decrease  | desc        | asc        | 2          | 0.6               | 0.53          | 6   | 28328,28448,28568,28330,28450,28570 | -11.67   |
| 10  | 40         | 10000000 | 312500    | 238096   | 1024    | 0     | 32   | worker   | 12        | 16  | increase  | desc        | asc        | 64         | 1.88              | 1.66          | 6   | 13233,13353,13473,13235,13355,13475 | -11.7    |
| 19  | 40         | 10000000 | 312500    | 238096   | 4096    | 128   | 32   | io_uring | 12        | 16  | decrease  | asc         | desc       | 8          | 1.96              | 1.73          | 6   | 27978,28098,28218,27980,28100,28220 | -11.73   |
| 19  | 40         | 10000000 | 312500    | 238096   | 4096    | 128   | 32   | worker   | 12        | 16  | decrease  | asc         | asc        | 64         | 2.87              | 2.53          | 6   | 26913,27033,27153,26915,27035,27155 | -11.85   |
| 7   | 80         | 10000000 | 312500    | 117648   | 16384   | 2048  | 32   | worker   | 12        | 16  | decrease  | asc         | desc       | 64         | 13.43             | 11.83         | 6   | 9273,9393,9513,9275,9395,9515       | -11.91   |
| 2   | 100        | 10000000 | 625000    | 93458    | 16384   | 8     | 16   | io_uring | 12        | 16  | increase  | desc        | desc       | 32         | 1.67              | 1.47          | 6   | 2653,2778,2903,2655,2780,2905       | -11.98   |
| 10  | 40         | 10000000 | 312500    | 238096   | 1024    | 0     | 32   | io_uring | 12        | 16  | increase  | desc        | asc        | 8          | 1.0               | 0.88          | 6   | 13938,14058,14178,13940,14060,14180 | -12.0    |
| 14  | 20         | 10000000 | 2500000   | 476191   | 0       | 8     | 4    | io_uring | 12        | 16  | increase  | desc        | desc       | 64         | 1.16              | 1.02          | 6   | 20388,20523,20658,20390,20525,20660 | -12.07   |
| 5   | 80         | 10000000 | 312500    | 117648   | 16384   | 2048  | 32   | io_uring | 12        | 16  | increase  | asc         | asc        | 32         | 4.53              | 3.98          | 6   | 6748,6868,6988,6750,6870,6990       | -12.14   |
| 4   | 100        | 10000000 | 625000    | 93458    | 16384   | 8     | 16   | worker   | 12        | 16  | decrease  | desc        | desc       | 128        | 1.89              | 1.66          | 6   | 4913,5038,5163,4915,5040,5165       | -12.17   |
| 21  | 80         | 10000000 | 10000000  | 117648   | 1048576 | 128   | 1    | io_uring | 12        | 16  | increase  | asc         | asc        | 64         | 3.04              | 2.67          | 6   | 30663,30808,30953,30665,30810,30955 | -12.17   |
| 18  | 40         | 10000000 | 312500    | 238096   | 4096    | 128   | 32   | worker   | 12        | 16  | increase  | desc        | desc       | 128        | 3.2               | 2.81          | 6   | 25838,25958,26078,25840,25960,26080 | -12.19   |
| 5   | 80         | 10000000 | 312500    | 117648   | 16384   | 2048  | 32   | worker   | 12        | 16  | increase  | asc         | desc       | 128        | 22.06             | 19.37         | 6   | 6398,6518,6638,6400,6520,6640       | -12.19   |
| 16  | 20         | 10000000 | 2500000   | 476191   | 0       | 8     | 4    | io_uring | 12        | 16  | decrease  | desc        | desc       | 8          | 0.41              | 0.36          | 6   | 23613,23748,23883,23615,23750,23885 | -12.2    |
| 9   | 40         | 10000000 | 312500    | 238096   | 1024    | 0     | 32   | worker   | 12        | 16  | increase  | asc         | asc        | 128        | 2.13              | 1.87          | 6   | 11798,11918,12038,11800,11920,12040 | -12.21   |
| 10  | 40         | 10000000 | 312500    | 238096   | 1024    | 0     | 32   | io_uring | 12        | 16  | increase  | desc        | desc       | 64         | 2.03              | 1.78          | 6   | 14313,14433,14553,14315,14435,14555 | -12.32   |
| 13  | 20         | 10000000 | 2500000   | 476191   | 0       | 8     | 4    | worker   | 12        | 16  | increase  | asc         | desc       | 256        | 2.43              | 2.13          | 6   | 17968,18103,18238,17970,18105,18240 | -12.35   |
| 17  | 40         | 10000000 | 312500    | 238096   | 4096    | 128   | 32   | io_uring | 12        | 16  | increase  | asc         | desc       | 4          | 1.45              | 1.27          | 6   | 25093,25213,25333,25095,25215,25335 | -12.41   |
| 13  | 20         | 10000000 | 2500000   | 476191   | 0       | 8     | 4    | worker   | 12        | 16  | increase  | asc         | asc        | 4          | 0.32              | 0.28          | 6   | 17533,17668,17803,17535,17670,17805 | -12.5    |
| 2   | 100        | 10000000 | 625000    | 93458    | 16384   | 8     | 16   | worker   | 12        | 16  | increase  | desc        | desc       | 4          | 0.48              | 0.42          | 6   | 1888,2013,2138,1890,2015,2140       | -12.5    |
| 13  | 20         | 10000000 | 2500000   | 476191   | 0       | 8     | 4    | worker   | 12        | 16  | increase  | asc         | desc       | 8          | 0.4               | 0.35          | 6   | 17943,18078,18213,17945,18080,18215 | -12.5    |
| 11  | 40         | 10000000 | 312500    | 238096   | 1024    | 0     | 32   | io_uring | 12        | 16  | decrease  | asc         | desc       | 128        | 3.11              | 2.72          | 6   | 15758,15878,15998,15760,15880,16000 | -12.54   |
| 8   | 80         | 10000000 | 312500    | 117648   | 16384   | 2048  | 32   | worker   | 12        | 16  | decrease  | desc        | desc       | 512        | 18.87             | 16.5          | 6   | 10728,10848,10968,10730,10850,10970 | -12.56   |
| 5   | 80         | 10000000 | 312500    | 117648   | 16384   | 2048  | 32   | worker   | 12        | 16  | increase  | asc         | desc       | 2048       | 63.76             | 55.71         | 6   | 6418,6538,6658,6420,6540,6660       | -12.63   |
| 11  | 40         | 10000000 | 312500    | 238096   | 1024    | 0     | 32   | worker   | 12        | 16  | decrease  | asc         | asc        | 8          | 1.18              | 1.03          | 6   | 14658,14778,14898,14660,14780,14900 | -12.71   |
| 9   | 40         | 10000000 | 312500    | 238096   | 1024    | 0     | 32   | io_uring | 12        | 16  | increase  | asc         | desc       | 2          | 0.47              | 0.41          | 6   | 12848,12968,13088,12850,12970,13090 | -12.77   |
| 16  | 20         | 10000000 | 2500000   | 476191   | 0       | 8     | 4    | io_uring | 12        | 16  | decrease  | desc        | asc        | 64         | 1.09              | 0.95          | 6   | 23223,23358,23493,23225,23360,23495 | -12.84   |
| 7   | 80         | 10000000 | 312500    | 117648   | 16384   | 2048  | 32   | io_uring | 12        | 16  | decrease  | asc         | desc       | 128        | 27.47             | 23.93         | 6   | 9998,10118,10238,10000,10120,10240  | -12.89   |
| 12  | 40         | 10000000 | 312500    | 238096   | 1024    | 0     | 32   | io_uring | 12        | 16  | decrease  | desc        | desc       | 2          | 0.54              | 0.47          | 6   | 17168,17288,17408,17170,17290,17410 | -12.96   |
| 20  | 40         | 10000000 | 312500    | 238096   | 4096    | 128   | 32   | worker   | 12        | 16  | decrease  | desc        | desc       | 8          | 1.31              | 1.14          | 6   | 28698,28818,28938,28700,28820,28940 | -12.98   |
| 1   | 100        | 10000000 | 625000    | 93458    | 16384   | 8     | 16   | io_uring | 12        | 16  | increase  | asc         | asc        | 512        | 5.28              | 4.59          | 6   | 798,923,1048,800,925,1050           | -13.07   |
| 21  | 80         | 10000000 | 10000000  | 117648   | 1048576 | 128   | 1    | io_uring | 12        | 16  | increase  | asc         | desc       | 2048       | 24.75             | 21.49         | 4   | 31123,31268,31125,31270             | -13.17   |
| 10  | 40         | 10000000 | 312500    | 238096   | 1024    | 0     | 32   | io_uring | 12        | 16  | increase  | desc        | asc        | 128        | 2.96              | 2.57          | 6   | 13958,14078,14198,13960,14080,14200 | -13.18   |
| 16  | 20         | 10000000 | 2500000   | 476191   | 0       | 8     | 4    | worker   | 12        | 16  | decrease  | desc        | asc        | 128        | 1.27              | 1.1           | 6   | 22418,22553,22688,22420,22555,22690 | -13.39   |
| 11  | 40         | 10000000 | 312500    | 238096   | 1024    | 0     | 32   | io_uring | 12        | 16  | decrease  | asc         | desc       | 8          | 1.18              | 1.02          | 6   | 15738,15858,15978,15740,15860,15980 | -13.56   |
| 19  | 40         | 10000000 | 312500    | 238096   | 4096    | 128   | 32   | io_uring | 12        | 16  | decrease  | asc         | desc       | 1          | 0.59              | 0.51          | 6   | 27963,28083,28203,27965,28085,28205 | -13.56   |
| 13  | 20         | 10000000 | 2500000   | 476191   | 0       | 8     | 4    | io_uring | 12        | 16  | increase  | asc         | desc       | 8          | 0.44              | 0.38          | 6   | 18753,18888,19023,18755,18890,19025 | -13.64   |
| 9   | 40         | 10000000 | 312500    | 238096   | 1024    | 0     | 32   | worker   | 12        | 16  | increase  | asc         | asc        | 64         | 1.98              | 1.71          | 6   | 11793,11913,12033,11795,11915,12035 | -13.64   |
| 3   | 100        | 10000000 | 625000    | 93458    | 16384   | 8     | 16   | io_uring | 12        | 16  | decrease  | asc         | desc       | 256        | 3.8               | 3.28          | 6   | 4168,4293,4418,4170,4295,4420       | -13.68   |
| 1   | 100        | 10000000 | 625000    | 93458    | 16384   | 8     | 16   | io_uring | 12        | 16  | increase  | asc         | desc       | 2048       | 18.53             | 15.98         | 6   | 1183,1308,1433,1185,1310,1435       | -13.76   |
| 13  | 20         | 10000000 | 2500000   | 476191   | 0       | 8     | 4    | worker   | 12        | 16  | increase  | asc         | asc        | 512        | 1.38              | 1.19          | 6   | 17568,17703,17838,17570,17705,17840 | -13.77   |
| 19  | 40         | 10000000 | 312500    | 238096   | 4096    | 128   | 32   | worker   | 12        | 16  | decrease  | asc         | desc       | 32         | 3.18              | 2.74          | 6   | 27268,27388,27508,27270,27390,27510 | -13.84   |
| 19  | 40         | 10000000 | 312500    | 238096   | 4096    | 128   | 32   | worker   | 12        | 16  | decrease  | asc         | asc        | 512        | 7.24              | 6.23          | 6   | 26928,27048,27168,26930,27050,27170 | -13.95   |
| 8   | 80         | 10000000 | 312500    | 117648   | 16384   | 2048  | 32   | worker   | 12        | 16  | decrease  | desc        | asc        | 1024       | 50.92             | 43.81         | 6   | 10373,10493,10613,10375,10495,10615 | -13.96   |
| 16  | 20         | 10000000 | 2500000   | 476191   | 0       | 8     | 4    | worker   | 12        | 16  | decrease  | desc        | desc       | 256        | 1.0               | 0.86          | 6   | 22828,22963,23098,22830,22965,23100 | -14.0    |
| 15  | 20         | 10000000 | 2500000   | 476191   | 0       | 8     | 4    | worker   | 12        | 16  | decrease  | asc         | asc        | 128        | 1.57              | 1.35          | 6   | 20798,20933,21068,20800,20935,21070 | -14.01   |
| 2   | 100        | 10000000 | 625000    | 93458    | 16384   | 8     | 16   | worker   | 12        | 16  | increase  | desc        | asc        | 64         | 1.7               | 1.46          | 6   | 1533,1658,1783,1535,1660,1785       | -14.12   |
| 12  | 40         | 10000000 | 312500    | 238096   | 1024    | 0     | 32   | worker   | 12        | 16  | decrease  | desc        | desc       | 16         | 1.2               | 1.03          | 6   | 16463,16583,16703,16465,16585,16705 | -14.17   |
| 4   | 100        | 10000000 | 625000    | 93458    | 16384   | 8     | 16   | worker   | 12        | 16  | decrease  | desc        | desc       | 1024       | 6.26              | 5.37          | 6   | 4928,5053,5178,4930,5055,5180       | -14.22   |
| 19  | 40         | 10000000 | 312500    | 238096   | 4096    | 128   | 32   | io_uring | 12        | 16  | decrease  | asc         | asc        | 64         | 2.88              | 2.47          | 6   | 27633,27753,27873,27635,27755,27875 | -14.24   |
| 20  | 40         | 10000000 | 312500    | 238096   | 4096    | 128   | 32   | io_uring | 12        | 16  | decrease  | desc        | desc       | 64         | 2.95              | 2.53          | 6   | 29433,29553,29673,29435,29555,29675 | -14.24   |
| 6   | 80         | 10000000 | 312500    | 117648   | 16384   | 2048  | 32   | worker   | 12        | 16  | increase  | desc        | desc       | 128        | 9.18              | 7.87          | 6   | 7838,7958,8078,7840,7960,8080       | -14.27   |
| 12  | 40         | 10000000 | 312500    | 238096   | 1024    | 0     | 32   | worker   | 12        | 16  | decrease  | desc        | desc       | 32         | 1.89              | 1.62          | 6   | 16468,16588,16708,16470,16590,16710 | -14.29   |
| 16  | 20         | 10000000 | 2500000   | 476191   | 0       | 8     | 4    | io_uring | 12        | 16  | decrease  | desc        | asc        | 8          | 0.42              | 0.36          | 6   | 23208,23343,23478,23210,23345,23480 | -14.29   |
| 8   | 80         | 10000000 | 312500    | 117648   | 16384   | 2048  | 32   | worker   | 12        | 16  | decrease  | desc        | desc       | 256        | 13.8              | 11.8          | 6   | 10723,10843,10963,10725,10845,10965 | -14.49   |
| 18  | 40         | 10000000 | 312500    | 238096   | 4096    | 128   | 32   | worker   | 12        | 16  | increase  | desc        | desc       | 32         | 1.92              | 1.64          | 6   | 25828,25948,26068,25830,25950,26070 | -14.58   |
| 9   | 40         | 10000000 | 312500    | 238096   | 1024    | 0     | 32   | io_uring | 12        | 16  | increase  | asc         | desc       | 16         | 1.37              | 1.17          | 6   | 12863,12983,13103,12865,12985,13105 | -14.6    |
| 3   | 100        | 10000000 | 625000    | 93458    | 16384   | 8     | 16   | worker   | 12        | 16  | decrease  | asc         | asc        | 128        | 2.32              | 1.98          | 6   | 3038,3163,3288,3040,3165,3290       | -14.66   |
| 9   | 40         | 10000000 | 312500    | 238096   | 1024    | 0     | 32   | worker   | 12        | 16  | increase  | asc         | desc       | 64         | 1.91              | 1.63          | 6   | 12153,12273,12393,12155,12275,12395 | -14.66   |
| 13  | 20         | 10000000 | 2500000   | 476191   | 0       | 8     | 4    | io_uring | 12        | 16  | increase  | asc         | desc       | 64         | 1.02              | 0.87          | 6   | 18768,18903,19038,18770,18905,19040 | -14.71   |
| 9   | 40         | 10000000 | 312500    | 238096   | 1024    | 0     | 32   | worker   | 12        | 16  | increase  | asc         | desc       | 4          | 0.61              | 0.52          | 6   | 12133,12253,12373,12135,12255,12375 | -14.75   |
| 8   | 80         | 10000000 | 312500    | 117648   | 16384   | 2048  | 32   | worker   | 12        | 16  | decrease  | desc        | asc        | 128        | 21.89             | 18.66         | 6   | 10358,10478,10598,10360,10480,10600 | -14.76   |
| 7   | 80         | 10000000 | 312500    | 117648   | 16384   | 2048  | 32   | io_uring | 12        | 16  | decrease  | asc         | desc       | 16         | 8.7               | 7.41          | 6   | 9983,10103,10223,9985,10105,10225   | -14.83   |
| 12  | 40         | 10000000 | 312500    | 238096   | 1024    | 0     | 32   | worker   | 12        | 16  | decrease  | desc        | desc       | 128        | 2.71              | 2.3           | 6   | 16478,16598,16718,16480,16600,16720 | -15.13   |
| 16  | 20         | 10000000 | 2500000   | 476191   | 0       | 8     | 4    | io_uring | 12        | 16  | decrease  | desc        | asc        | 128        | 1.52              | 1.29          | 6   | 23228,23363,23498,23230,23365,23500 | -15.13   |
| 17  | 40         | 10000000 | 312500    | 238096   | 4096    | 128   | 32   | worker   | 12        | 16  | increase  | asc         | asc        | 256        | 4.62              | 3.92          | 6   | 24043,24163,24283,24045,24165,24285 | -15.15   |
| 15  | 20         | 10000000 | 2500000   | 476191   | 0       | 8     | 4    | worker   | 12        | 16  | decrease  | asc         | asc        | 64         | 1.12              | 0.95          | 6   | 20793,20928,21063,20795,20930,21065 | -15.18   |
| 9   | 40         | 10000000 | 312500    | 238096   | 1024    | 0     | 32   | worker   | 12        | 16  | increase  | asc         | desc       | 2          | 0.46              | 0.39          | 6   | 12128,12248,12368,12130,12250,12370 | -15.22   |
| 12  | 40         | 10000000 | 312500    | 238096   | 1024    | 0     | 32   | io_uring | 12        | 16  | decrease  | desc        | asc        | 16         | 1.51              | 1.28          | 6   | 16823,16943,17063,16825,16945,17065 | -15.23   |
| 4   | 100        | 10000000 | 625000    | 93458    | 16384   | 8     | 16   | io_uring | 12        | 16  | decrease  | desc        | desc       | 4096       | 16.12             | 13.66         | 6   | 5688,5813,5938,5690,5815,5940       | -15.26   |
| 9   | 40         | 10000000 | 312500    | 238096   | 1024    | 0     | 32   | io_uring | 12        | 16  | increase  | asc         | asc        | 1          | 0.39              | 0.33          | 6   | 12483,12603,12723,12485,12605,12725 | -15.38   |
| 19  | 40         | 10000000 | 312500    | 238096   | 4096    | 128   | 32   | io_uring | 12        | 16  | decrease  | asc         | asc        | 256        | 5.51              | 4.66          | 6   | 27643,27763,27883,27645,27765,27885 | -15.43   |
| 16  | 20         | 10000000 | 2500000   | 476191   | 0       | 8     | 4    | worker   | 12        | 16  | decrease  | desc        | desc       | 32         | 0.58              | 0.49          | 6   | 22813,22948,23083,22815,22950,23085 | -15.52   |
| 1   | 100        | 10000000 | 625000    | 93458    | 16384   | 8     | 16   | io_uring | 12        | 16  | increase  | asc         | desc       | 2          | 0.45              | 0.38          | 6   | 1133,1258,1383,1135,1260,1385       | -15.56   |
| 20  | 40         | 10000000 | 312500    | 238096   | 4096    | 128   | 32   | io_uring | 12        | 16  | decrease  | desc        | asc        | 1          | 0.57              | 0.48          | 6   | 29043,29163,29283,29045,29165,29285 | -15.79   |
| 11  | 40         | 10000000 | 312500    | 238096   | 1024    | 0     | 32   | io_uring | 12        | 16  | decrease  | asc         | desc       | 16         | 1.52              | 1.28          | 6   | 15743,15863,15983,15745,15865,15985 | -15.79   |
| 20  | 40         | 10000000 | 312500    | 238096   | 4096    | 128   | 32   | worker   | 12        | 16  | decrease  | desc        | asc        | 8          | 1.88              | 1.58          | 6   | 28338,28458,28578,28340,28460,28580 | -15.96   |
| 20  | 40         | 10000000 | 312500    | 238096   | 4096    | 128   | 32   | io_uring | 12        | 16  | decrease  | desc        | asc        | 32         | 4.04              | 3.39          | 6   | 29068,29188,29308,29070,29190,29310 | -16.09   |
| 4   | 100        | 10000000 | 625000    | 93458    | 16384   | 8     | 16   | io_uring | 12        | 16  | decrease  | desc        | asc        | 32         | 1.8               | 1.51          | 6   | 5278,5403,5528,5280,5405,5530       | -16.11   |
| 6   | 80         | 10000000 | 312500    | 117648   | 16384   | 2048  | 32   | io_uring | 12        | 16  | increase  | desc        | asc        | 64         | 18.11             | 15.18         | 6   | 8193,8313,8433,8195,8315,8435       | -16.18   |
| 11  | 40         | 10000000 | 312500    | 238096   | 1024    | 0     | 32   | worker   | 12        | 16  | decrease  | asc         | desc       | 1          | 0.43              | 0.36          | 6   | 15003,15123,15243,15005,15125,15245 | -16.28   |
| 1   | 100        | 10000000 | 625000    | 93458    | 16384   | 8     | 16   | worker   | 12        | 16  | increase  | asc         | asc        | 128        | 2.5               | 2.09          | 6   | 38,163,288,40,165,290               | -16.4    |
| 2   | 100        | 10000000 | 625000    | 93458    | 16384   | 8     | 16   | io_uring | 12        | 16  | increase  | desc        | asc        | 128        | 2.43              | 2.03          | 6   | 2288,2413,2538,2290,2415,2540       | -16.46   |
| 13  | 20         | 10000000 | 2500000   | 476191   | 0       | 8     | 4    | worker   | 12        | 16  | increase  | asc         | desc       | 512        | 3.33              | 2.78          | 6   | 17973,18108,18243,17975,18110,18245 | -16.52   |
| 9   | 40         | 10000000 | 312500    | 238096   | 1024    | 0     | 32   | worker   | 12        | 16  | increase  | asc         | asc        | 256        | 3.26              | 2.72          | 6   | 11803,11923,12043,11805,11925,12045 | -16.56   |
| 19  | 40         | 10000000 | 312500    | 238096   | 4096    | 128   | 32   | io_uring | 12        | 16  | decrease  | asc         | asc        | 32         | 1.99              | 1.66          | 6   | 27628,27748,27868,27630,27750,27870 | -16.58   |
| 11  | 40         | 10000000 | 312500    | 238096   | 1024    | 0     | 32   | worker   | 12        | 16  | decrease  | asc         | asc        | 128        | 2.38              | 1.98          | 6   | 14678,14798,14918,14680,14800,14920 | -16.81   |
| 3   | 100        | 10000000 | 625000    | 93458    | 16384   | 8     | 16   | io_uring | 12        | 16  | decrease  | asc         | desc       | 32         | 1.29              | 1.07          | 6   | 4153,4278,4403,4155,4280,4405       | -17.05   |
| 12  | 40         | 10000000 | 312500    | 238096   | 1024    | 0     | 32   | io_uring | 12        | 16  | decrease  | desc        | desc       | 1          | 0.41              | 0.34          | 6   | 17163,17283,17403,17165,17285,17405 | -17.07   |
| 16  | 20         | 10000000 | 2500000   | 476191   | 0       | 8     | 4    | io_uring | 12        | 16  | decrease  | desc        | asc        | 256        | 1.97              | 1.63          | 6   | 23233,23368,23503,23235,23370,23505 | -17.26   |
| 10  | 40         | 10000000 | 312500    | 238096   | 1024    | 0     | 32   | io_uring | 12        | 16  | increase  | desc        | desc       | 8          | 1.21              | 1.0           | 6   | 14298,14418,14538,14300,14420,14540 | -17.36   |
| 2   | 100        | 10000000 | 625000    | 93458    | 16384   | 8     | 16   | io_uring | 12        | 16  | increase  | desc        | asc        | 4          | 0.57              | 0.47          | 6   | 2263,2388,2513,2265,2390,2515       | -17.54   |
| 14  | 20         | 10000000 | 2500000   | 476191   | 0       | 8     | 4    | worker   | 12        | 16  | increase  | desc        | asc        | 2          | 0.34              | 0.28          | 6   | 19148,19283,19418,19150,19285,19420 | -17.65   |
| 2   | 100        | 10000000 | 625000    | 93458    | 16384   | 8     | 16   | io_uring | 12        | 16  | increase  | desc        | desc       | 256        | 3.39              | 2.79          | 6   | 2668,2793,2918,2670,2795,2920       | -17.7    |
| 11  | 40         | 10000000 | 312500    | 238096   | 1024    | 0     | 32   | worker   | 12        | 16  | decrease  | asc         | asc        | 256        | 3.38              | 2.78          | 6   | 14683,14803,14923,14685,14805,14925 | -17.75   |
| 2   | 100        | 10000000 | 625000    | 93458    | 16384   | 8     | 16   | worker   | 12        | 16  | increase  | desc        | desc       | 2048       | 10.23             | 8.4           | 6   | 1933,2058,2183,1935,2060,2185       | -17.89   |
| 9   | 40         | 10000000 | 312500    | 238096   | 1024    | 0     | 32   | io_uring | 12        | 16  | increase  | asc         | asc        | 256        | 4.05              | 3.31          | 6   | 12523,12643,12763,12525,12645,12765 | -18.27   |
| 6   | 80         | 10000000 | 312500    | 117648   | 16384   | 2048  | 32   | worker   | 12        | 16  | increase  | desc        | asc        | 4          | 2.81              | 2.29          | 6   | 7453,7573,7693,7455,7575,7695       | -18.51   |
| 19  | 40         | 10000000 | 312500    | 238096   | 4096    | 128   | 32   | io_uring | 12        | 16  | decrease  | asc         | asc        | 8          | 1.62              | 1.32          | 6   | 27618,27738,27858,27620,27740,27860 | -18.52   |
| 6   | 80         | 10000000 | 312500    | 117648   | 16384   | 2048  | 32   | io_uring | 12        | 16  | increase  | desc        | desc       | 16         | 4.21              | 3.43          | 6   | 8543,8663,8783,8545,8665,8785       | -18.53   |
| 1   | 100        | 10000000 | 625000    | 93458    | 16384   | 8     | 16   | worker   | 12        | 16  | increase  | asc         | desc       | 32         | 1.4               | 1.14          | 6   | 403,528,653,405,530,655             | -18.57   |
| 18  | 40         | 10000000 | 312500    | 238096   | 4096    | 128   | 32   | io_uring | 12        | 16  | increase  | desc        | asc        | 32         | 3.47              | 2.82          | 6   | 26188,26308,26428,26190,26310,26430 | -18.73   |
| 4   | 100        | 10000000 | 625000    | 93458    | 16384   | 8     | 16   | io_uring | 12        | 16  | decrease  | desc        | asc        | 4          | 0.53              | 0.43          | 6   | 5263,5388,5513,5265,5390,5515       | -18.87   |
| 17  | 40         | 10000000 | 312500    | 238096   | 4096    | 128   | 32   | io_uring | 12        | 16  | increase  | asc         | asc        | 64         | 2.43              | 1.97          | 6   | 24753,24873,24993,24755,24875,24995 | -18.93   |
| 21  | 80         | 10000000 | 10000000  | 117648   | 1048576 | 128   | 1    | worker   | 12        | 16  | increase  | asc         | desc       | 256        | 9.48              | 7.68          | 6   | 30238,30383,30528,30240,30385,30530 | -18.99   |
| 5   | 80         | 10000000 | 312500    | 117648   | 16384   | 2048  | 32   | worker   | 12        | 16  | increase  | asc         | desc       | 2          | 1.88              | 1.52          | 6   | 6368,6488,6608,6370,6490,6610       | -19.15   |
| 9   | 40         | 10000000 | 312500    | 238096   | 1024    | 0     | 32   | io_uring | 12        | 16  | increase  | asc         | asc        | 64         | 1.97              | 1.59          | 6   | 12513,12633,12753,12515,12635,12755 | -19.29   |
| 3   | 100        | 10000000 | 625000    | 93458    | 16384   | 8     | 16   | worker   | 12        | 16  | decrease  | asc         | asc        | 32         | 1.73              | 1.39          | 6   | 3028,3153,3278,3030,3155,3280       | -19.65   |
| 11  | 40         | 10000000 | 312500    | 238096   | 1024    | 0     | 32   | worker   | 12        | 16  | decrease  | asc         | desc       | 8          | 0.91              | 0.73          | 6   | 15018,15138,15258,15020,15140,15260 | -19.78   |
| 15  | 20         | 10000000 | 2500000   | 476191   | 0       | 8     | 4    | io_uring | 12        | 16  | decrease  | asc         | asc        | 2          | 0.4               | 0.32          | 6   | 21578,21713,21848,21580,21715,21850 | -20.0    |
| 18  | 40         | 10000000 | 312500    | 238096   | 4096    | 128   | 32   | worker   | 12        | 16  | increase  | desc        | desc       | 16         | 1.55              | 1.24          | 6   | 25823,25943,26063,25825,25945,26065 | -20.0    |
| 17  | 40         | 10000000 | 312500    | 238096   | 4096    | 128   | 32   | io_uring | 12        | 16  | increase  | asc         | asc        | 256        | 5.69              | 4.53          | 6   | 24763,24883,25003,24765,24885,25005 | -20.39   |
| 15  | 20         | 10000000 | 2500000   | 476191   | 0       | 8     | 4    | io_uring | 12        | 16  | decrease  | asc         | asc        | 32         | 0.83              | 0.66          | 6   | 21598,21733,21868,21600,21735,21870 | -20.48   |
| 19  | 40         | 10000000 | 312500    | 238096   | 4096    | 128   | 32   | worker   | 12        | 16  | decrease  | asc         | desc       | 4          | 1.06              | 0.84          | 6   | 27253,27373,27493,27255,27375,27495 | -20.75   |
| 15  | 20         | 10000000 | 2500000   | 476191   | 0       | 8     | 4    | io_uring | 12        | 16  | decrease  | asc         | asc        | 256        | 3.37              | 2.67          | 6   | 21613,21748,21883,21615,21750,21885 | -20.77   |
| 17  | 40         | 10000000 | 312500    | 238096   | 4096    | 128   | 32   | io_uring | 12        | 16  | increase  | asc         | asc        | 2          | 0.77              | 0.61          | 6   | 24728,24848,24968,24730,24850,24970 | -20.78   |
| 5   | 80         | 10000000 | 312500    | 117648   | 16384   | 2048  | 32   | worker   | 12        | 16  | increase  | asc         | desc       | 16         | 7.98              | 6.32          | 6   | 6383,6503,6623,6385,6505,6625       | -20.8    |
| 15  | 20         | 10000000 | 2500000   | 476191   | 0       | 8     | 4    | worker   | 12        | 16  | decrease  | asc         | asc        | 256        | 2.64              | 2.09          | 6   | 20803,20938,21073,20805,20940,21075 | -20.83   |
| 14  | 20         | 10000000 | 2500000   | 476191   | 0       | 8     | 4    | worker   | 12        | 16  | increase  | desc        | desc       | 8          | 0.38              | 0.3           | 6   | 19563,19698,19833,19565,19700,19835 | -21.05   |
| 8   | 80         | 10000000 | 312500    | 117648   | 16384   | 2048  | 32   | io_uring | 12        | 16  | decrease  | desc        | asc        | 2048       | 81.31             | 64.17         | 6   | 11098,11218,11338,11100,11220,11340 | -21.08   |
| 19  | 40         | 10000000 | 312500    | 238096   | 4096    | 128   | 32   | worker   | 12        | 16  | decrease  | asc         | asc        | 128        | 3.46              | 2.72          | 6   | 26918,27038,27158,26920,27040,27160 | -21.39   |
| 6   | 80         | 10000000 | 312500    | 117648   | 16384   | 2048  | 32   | io_uring | 12        | 16  | increase  | desc        | desc       | 8          | 2.97              | 2.33          | 6   | 8538,8658,8778,8540,8660,8780       | -21.55   |
| 13  | 20         | 10000000 | 2500000   | 476191   | 0       | 8     | 4    | worker   | 12        | 16  | increase  | asc         | desc       | 128        | 1.84              | 1.44          | 6   | 17963,18098,18233,17965,18100,18235 | -21.74   |
| 1   | 100        | 10000000 | 625000    | 93458    | 16384   | 8     | 16   | io_uring | 12        | 16  | increase  | asc         | desc       | 256        | 4.36              | 3.41          | 6   | 1168,1293,1418,1170,1295,1420       | -21.79   |
| 13  | 20         | 10000000 | 2500000   | 476191   | 0       | 8     | 4    | worker   | 12        | 16  | increase  | asc         | desc       | 16         | 0.55              | 0.43          | 6   | 17948,18083,18218,17950,18085,18220 | -21.82   |
| 21  | 80         | 10000000 | 10000000  | 117648   | 1048576 | 128   | 1    | worker   | 12        | 16  | increase  | asc         | asc        | 512        | 13.22             | 10.33         | 6   | 29808,29953,30098,29810,29955,30100 | -21.86   |
| 17  | 40         | 10000000 | 312500    | 238096   | 4096    | 128   | 32   | io_uring | 12        | 16  | increase  | asc         | desc       | 16         | 3.32              | 2.59          | 6   | 25103,25223,25343,25105,25225,25345 | -21.99   |
| 15  | 20         | 10000000 | 2500000   | 476191   | 0       | 8     | 4    | worker   | 12        | 16  | decrease  | asc         | asc        | 32         | 0.68              | 0.53          | 6   | 20788,20923,21058,20790,20925,21060 | -22.06   |
| 12  | 40         | 10000000 | 312500    | 238096   | 1024    | 0     | 32   | io_uring | 12        | 16  | decrease  | desc        | desc       | 128        | 2.88              | 2.24          | 6   | 17198,17318,17438,17200,17320,17440 | -22.22   |
| 8   | 80         | 10000000 | 312500    | 117648   | 16384   | 2048  | 32   | io_uring | 12        | 16  | decrease  | desc        | asc        | 8192       | 211.8             | 164.61        | 6   | 11108,11228,11348,11110,11230,11350 | -22.28   |
| 4   | 100        | 10000000 | 625000    | 93458    | 16384   | 8     | 16   | worker   | 12        | 16  | decrease  | desc        | desc       | 32         | 1.62              | 1.25          | 6   | 4903,5028,5153,4905,5030,5155       | -22.84   |
| 8   | 80         | 10000000 | 312500    | 117648   | 16384   | 2048  | 32   | io_uring | 12        | 16  | decrease  | desc        | asc        | 4096       | 131.11            | 100.74        | 6   | 11103,11223,11343,11105,11225,11345 | -23.16   |
| 8   | 80         | 10000000 | 312500    | 117648   | 16384   | 2048  | 32   | io_uring | 12        | 16  | decrease  | desc        | asc        | 1          | 1.42              | 1.09          | 6   | 11043,11163,11283,11045,11165,11285 | -23.24   |
| 16  | 20         | 10000000 | 2500000   | 476191   | 0       | 8     | 4    | worker   | 12        | 16  | decrease  | desc        | asc        | 1024       | 4.69              | 3.59          | 6   | 22433,22568,22703,22435,22570,22705 | -23.45   |
| 13  | 20         | 10000000 | 2500000   | 476191   | 0       | 8     | 4    | io_uring | 12        | 16  | increase  | asc         | desc       | 2          | 0.34              | 0.26          | 6   | 18743,18878,19013,18745,18880,19015 | -23.53   |
| 6   | 80         | 10000000 | 312500    | 117648   | 16384   | 2048  | 32   | worker   | 12        | 16  | increase  | desc        | desc       | 32         | 5.41              | 4.13          | 6   | 7828,7948,8068,7830,7950,8070       | -23.66   |
| 8   | 80         | 10000000 | 312500    | 117648   | 16384   | 2048  | 32   | io_uring | 12        | 16  | decrease  | desc        | asc        | 32         | 9.89              | 7.55          | 6   | 11068,11188,11308,11070,11190,11310 | -23.66   |
| 5   | 80         | 10000000 | 312500    | 117648   | 16384   | 2048  | 32   | io_uring | 12        | 16  | increase  | asc         | desc       | 8          | 6.25              | 4.77          | 6   | 7098,7218,7338,7100,7220,7340       | -23.68   |
| 2   | 100        | 10000000 | 625000    | 93458    | 16384   | 8     | 16   | worker   | 12        | 16  | increase  | desc        | asc        | 128        | 2.28              | 1.74          | 6   | 1538,1663,1788,1540,1665,1790       | -23.68   |
| 1   | 100        | 10000000 | 625000    | 93458    | 16384   | 8     | 16   | worker   | 12        | 16  | increase  | asc         | desc       | 1          | 0.38              | 0.29          | 6   | 378,503,628,380,505,630             | -23.68   |
| 13  | 20         | 10000000 | 2500000   | 476191   | 0       | 8     | 4    | worker   | 12        | 16  | increase  | asc         | desc       | 32         | 0.76              | 0.58          | 6   | 17953,18088,18223,17955,18090,18225 | -23.68   |
| 2   | 100        | 10000000 | 625000    | 93458    | 16384   | 8     | 16   | worker   | 12        | 16  | increase  | desc        | desc       | 32         | 1.35              | 1.03          | 6   | 1903,2028,2153,1905,2030,2155       | -23.7    |
| 18  | 40         | 10000000 | 312500    | 238096   | 4096    | 128   | 32   | worker   | 12        | 16  | increase  | desc        | asc        | 32         | 3.07              | 2.34          | 6   | 25468,25588,25708,25470,25590,25710 | -23.78   |
| 4   | 100        | 10000000 | 625000    | 93458    | 16384   | 8     | 16   | io_uring | 12        | 16  | decrease  | desc        | desc       | 1          | 0.33              | 0.25          | 6   | 5628,5753,5878,5630,5755,5880       | -24.24   |
| 5   | 80         | 10000000 | 312500    | 117648   | 16384   | 2048  | 32   | worker   | 12        | 16  | increase  | asc         | desc       | 4096       | 118.18            | 89.36         | 6   | 6423,6543,6663,6425,6545,6665       | -24.39   |
| 13  | 20         | 10000000 | 2500000   | 476191   | 0       | 8     | 4    | io_uring | 12        | 16  | increase  | asc         | desc       | 512        | 3.9               | 2.94          | 6   | 18783,18918,19053,18785,18920,19055 | -24.62   |
| 2   | 100        | 10000000 | 625000    | 93458    | 16384   | 8     | 16   | worker   | 12        | 16  | increase  | desc        | desc       | 128        | 2.47              | 1.86          | 6   | 1913,2038,2163,1915,2040,2165       | -24.7    |
| 5   | 80         | 10000000 | 312500    | 117648   | 16384   | 2048  | 32   | io_uring | 12        | 16  | increase  | asc         | desc       | 8192       | 225.44            | 168.93        | 6   | 7148,7268,7388,7150,7270,7390       | -25.07   |
| 8   | 80         | 10000000 | 312500    | 117648   | 16384   | 2048  | 32   | io_uring | 12        | 16  | decrease  | desc        | asc        | 4          | 3.38              | 2.51          | 6   | 11053,11173,11293,11055,11175,11295 | -25.74   |
| 1   | 100        | 10000000 | 625000    | 93458    | 16384   | 8     | 16   | io_uring | 12        | 16  | increase  | asc         | asc        | 32         | 1.99              | 1.47          | 6   | 778,903,1028,780,905,1030           | -26.13   |
| 7   | 80         | 10000000 | 312500    | 117648   | 16384   | 2048  | 32   | worker   | 12        | 16  | decrease  | asc         | desc       | 32         | 9.54              | 7.03          | 6   | 9268,9388,9508,9270,9390,9510       | -26.31   |
| 19  | 40         | 10000000 | 312500    | 238096   | 4096    | 128   | 32   | worker   | 12        | 16  | decrease  | asc         | asc        | 32         | 2.35              | 1.73          | 6   | 26908,27028,27148,26910,27030,27150 | -26.38   |
| 5   | 80         | 10000000 | 312500    | 117648   | 16384   | 2048  | 32   | worker   | 12        | 16  | increase  | asc         | asc        | 8          | 2.88              | 2.12          | 6   | 6018,6138,6258,6020,6140,6260       | -26.39   |
| 4   | 100        | 10000000 | 625000    | 93458    | 16384   | 8     | 16   | io_uring | 12        | 16  | decrease  | desc        | asc        | 64         | 1.96              | 1.43          | 6   | 5283,5408,5533,5285,5410,5535       | -27.04   |
| 21  | 80         | 10000000 | 10000000  | 117648   | 1048576 | 128   | 1    | io_uring | 12        | 16  | increase  | asc         | asc        | 512        | 14.24             | 10.37         | 6   | 30678,30823,30968,30680,30825,30970 | -27.18   |
| 17  | 40         | 10000000 | 312500    | 238096   | 4096    | 128   | 32   | worker   | 12        | 16  | increase  | asc         | desc       | 32         | 2.87              | 2.08          | 6   | 24388,24508,24628,24390,24510,24630 | -27.53   |
| 14  | 20         | 10000000 | 2500000   | 476191   | 0       | 8     | 4    | io_uring | 12        | 16  | increase  | desc        | desc       | 256        | 2.86              | 2.07          | 6   | 20398,20533,20668,20400,20535,20670 | -27.62   |
| 13  | 20         | 10000000 | 2500000   | 476191   | 0       | 8     | 4    | io_uring | 12        | 16  | increase  | asc         | desc       | 128        | 1.89              | 1.36          | 6   | 18773,18908,19043,18775,18910,19045 | -28.04   |
| 17  | 40         | 10000000 | 312500    | 238096   | 4096    | 128   | 32   | io_uring | 12        | 16  | increase  | asc         | asc        | 8          | 1.53              | 1.1           | 6   | 24738,24858,24978,24740,24860,24980 | -28.1    |
| 21  | 80         | 10000000 | 10000000  | 117648   | 1048576 | 128   | 1    | worker   | 12        | 16  | increase  | asc         | desc       | 4048576    | 3050.01           | 2187.89       | 6   | 30313,30458,30603,30315,30460,30605 | -28.27   |
| 9   | 40         | 10000000 | 312500    | 238096   | 1024    | 0     | 32   | io_uring | 12        | 16  | increase  | asc         | asc        | 8          | 1.02              | 0.73          | 6   | 12498,12618,12738,12500,12620,12740 | -28.43   |
| 9   | 40         | 10000000 | 312500    | 238096   | 1024    | 0     | 32   | worker   | 12        | 16  | increase  | asc         | desc       | 32         | 1.61              | 1.15          | 6   | 12148,12268,12388,12150,12270,12390 | -28.57   |
| 5   | 80         | 10000000 | 312500    | 117648   | 16384   | 2048  | 32   | worker   | 12        | 16  | increase  | asc         | desc       | 8192       | 201.51            | 143.67        | 6   | 6428,6548,6668,6430,6550,6670       | -28.7    |
| 1   | 100        | 10000000 | 625000    | 93458    | 16384   | 8     | 16   | worker   | 12        | 16  | increase  | asc         | asc        | 256        | 3.62              | 2.58          | 6   | 43,168,293,45,170,295               | -28.73   |
| 21  | 80         | 10000000 | 10000000  | 117648   | 1048576 | 128   | 1    | worker   | 12        | 16  | increase  | asc         | desc       | 6048576    | 4521.08           | 3221.18       | 6   | 30323,30468,30613,30325,30470,30615 | -28.75   |
| 21  | 80         | 10000000 | 10000000  | 117648   | 1048576 | 128   | 1    | worker   | 12        | 16  | increase  | asc         | desc       | 7048576    | 5251.39           | 3734.67       | 6   | 30328,30473,30618,30330,30475,30620 | -28.88   |
| 21  | 80         | 10000000 | 10000000  | 117648   | 1048576 | 128   | 1    | worker   | 12        | 16  | increase  | asc         | desc       | 5048576    | 3783.28           | 2684.32       | 6   | 30318,30463,30608,30320,30465,30610 | -29.05   |
| 10  | 40         | 10000000 | 312500    | 238096   | 1024    | 0     | 32   | io_uring | 12        | 16  | increase  | desc        | desc       | 2          | 0.58              | 0.41          | 6   | 14288,14408,14528,14290,14410,14530 | -29.31   |
| 8   | 80         | 10000000 | 312500    | 117648   | 16384   | 2048  | 32   | worker   | 12        | 16  | decrease  | desc        | asc        | 8192       | 200.78            | 141.67        | 6   | 10388,10508,10628,10390,10510,10630 | -29.44   |
| 21  | 80         | 10000000 | 10000000  | 117648   | 1048576 | 128   | 1    | worker   | 12        | 16  | increase  | asc         | desc       | 3048576    | 2352.37           | 1659.75       | 6   | 30308,30453,30598,30310,30455,30600 | -29.44   |
| 21  | 80         | 10000000 | 10000000  | 117648   | 1048576 | 128   | 1    | worker   | 12        | 16  | increase  | asc         | desc       | 8048576    | 6070.11           | 4282.56       | 6   | 30333,30478,30623,30335,30480,30625 | -29.45   |
| 20  | 40         | 10000000 | 312500    | 238096   | 4096    | 128   | 32   | io_uring | 12        | 16  | decrease  | desc        | desc       | 128        | 3.97              | 2.8           | 6   | 29438,29558,29678,29440,29560,29680 | -29.47   |
| 21  | 80         | 10000000 | 10000000  | 117648   | 1048576 | 128   | 1    | worker   | 12        | 16  | increase  | asc         | desc       | 9048576    | 6859.96           | 4804.35       | 6   | 30338,30483,30628,30340,30485,30630 | -29.97   |
| 21  | 80         | 10000000 | 10000000  | 117648   | 1048576 | 128   | 1    | io_uring | 12        | 16  | increase  | asc         | asc        | 262144     | 189.51            | 131.85        | 6   | 30723,30868,31013,30725,30870,31015 | -30.43   |
| 21  | 80         | 10000000 | 10000000  | 117648   | 1048576 | 128   | 1    | io_uring | 12        | 16  | increase  | asc         | desc       | 6048576    | 5179.56           | 3600.51       | 4   | 31193,31338,31195,31340             | -30.49   |
| 14  | 20         | 10000000 | 2500000   | 476191   | 0       | 8     | 4    | worker   | 12        | 16  | increase  | desc        | desc       | 128        | 1.9               | 1.32          | 6   | 19583,19718,19853,19585,19720,19855 | -30.53   |
| 21  | 80         | 10000000 | 10000000  | 117648   | 1048576 | 128   | 1    | io_uring | 12        | 16  | increase  | asc         | desc       | 9048576    | 7550.53           | 5223.86       | 2   | 31208,31210                         | -30.81   |
| 10  | 40         | 10000000 | 312500    | 238096   | 1024    | 0     | 32   | worker   | 12        | 16  | increase  | desc        | desc       | 16         | 1.55              | 1.07          | 6   | 13583,13703,13823,13585,13705,13825 | -30.97   |
| 21  | 80         | 10000000 | 10000000  | 117648   | 1048576 | 128   | 1    | io_uring | 12        | 16  | increase  | asc         | desc       | 8048576    | 6799.14           | 4693.59       | 4   | 31203,31348,31205,31350             | -30.97   |
| 21  | 80         | 10000000 | 10000000  | 117648   | 1048576 | 128   | 1    | io_uring | 12        | 16  | increase  | asc         | desc       | 7048576    | 6006.54           | 4145.18       | 4   | 31198,31343,31200,31345             | -30.99   |
| 21  | 80         | 10000000 | 10000000  | 117648   | 1048576 | 128   | 1    | worker   | 12        | 16  | increase  | asc         | desc       | 2048576    | 1628.29           | 1122.45       | 6   | 30303,30448,30593,30305,30450,30595 | -31.07   |
| 21  | 80         | 10000000 | 10000000  | 117648   | 1048576 | 128   | 1    | io_uring | 12        | 16  | increase  | asc         | desc       | 4048576    | 3497.76           | 2400.84       | 4   | 31183,31328,31185,31330             | -31.36   |
| 20  | 40         | 10000000 | 312500    | 238096   | 4096    | 128   | 32   | io_uring | 12        | 16  | decrease  | desc        | asc        | 8          | 2.38              | 1.63          | 6   | 29058,29178,29298,29060,29180,29300 | -31.51   |
| 21  | 80         | 10000000 | 10000000  | 117648   | 1048576 | 128   | 1    | io_uring | 12        | 16  | increase  | asc         | desc       | 5048576    | 4331.8            | 2955.98       | 4   | 31188,31333,31190,31335             | -31.76   |
| 21  | 80         | 10000000 | 10000000  | 117648   | 1048576 | 128   | 1    | io_uring | 12        | 16  | increase  | asc         | desc       | 3048576    | 2688.6            | 1827.23       | 4   | 31178,31323,31180,31325             | -32.04   |
| 21  | 80         | 10000000 | 10000000  | 117648   | 1048576 | 128   | 1    | worker   | 12        | 16  | increase  | asc         | desc       | 1048576    | 888.45            | 603.71        | 6   | 30298,30443,30588,30300,30445,30590 | -32.05   |
| 7   | 80         | 10000000 | 312500    | 117648   | 16384   | 2048  | 32   | io_uring | 12        | 16  | decrease  | asc         | asc        | 32         | 4.93              | 3.34          | 6   | 9628,9748,9868,9630,9750,9870       | -32.25   |
| 8   | 80         | 10000000 | 312500    | 117648   | 16384   | 2048  | 32   | worker   | 12        | 16  | decrease  | desc        | asc        | 32768      | 722.48            | 483.24        | 6   | 10398,10518,10638,10400,10520,10640 | -33.11   |
| 8   | 80         | 10000000 | 312500    | 117648   | 16384   | 2048  | 32   | worker   | 12        | 16  | decrease  | desc        | asc        | 16         | 6.94              | 4.63          | 6   | 10343,10463,10583,10345,10465,10585 | -33.29   |
| 18  | 40         | 10000000 | 312500    | 238096   | 4096    | 128   | 32   | io_uring | 12        | 16  | increase  | desc        | asc        | 8          | 2.1               | 1.4           | 6   | 26178,26298,26418,26180,26300,26420 | -33.33   |
| 8   | 80         | 10000000 | 312500    | 117648   | 16384   | 2048  | 32   | io_uring | 12        | 16  | decrease  | desc        | asc        | 16384      | 418.44            | 278.39        | 6   | 11113,11233,11353,11115,11235,11355 | -33.47   |
| 9   | 40         | 10000000 | 312500    | 238096   | 1024    | 0     | 32   | io_uring | 12        | 16  | increase  | asc         | asc        | 16         | 1.66              | 1.1           | 6   | 12503,12623,12743,12505,12625,12745 | -33.73   |
| 5   | 80         | 10000000 | 312500    | 117648   | 16384   | 2048  | 32   | io_uring | 12        | 16  | increase  | asc         | desc       | 16384      | 445.47            | 295.17        | 6   | 7153,7273,7393,7155,7275,7395       | -33.74   |
| 21  | 80         | 10000000 | 10000000  | 117648   | 1048576 | 128   | 1    | io_uring | 12        | 16  | increase  | asc         | desc       | 512        | 10.7              | 7.07          | 4   | 31113,31258,31115,31260             | -33.93   |
| 21  | 80         | 10000000 | 10000000  | 117648   | 1048576 | 128   | 1    | io_uring | 12        | 16  | increase  | asc         | desc       | 2048576    | 1867.02           | 1230.04       | 4   | 31173,31318,31175,31320             | -34.12   |
| 12  | 40         | 10000000 | 312500    | 238096   | 1024    | 0     | 32   | worker   | 12        | 16  | decrease  | desc        | desc       | 64         | 2.05              | 1.33          | 6   | 16473,16593,16713,16475,16595,16715 | -35.12   |
| 8   | 80         | 10000000 | 312500    | 117648   | 16384   | 2048  | 32   | worker   | 12        | 16  | decrease  | desc        | asc        | 16384      | 392.58            | 254.26        | 6   | 10393,10513,10633,10395,10515,10635 | -35.23   |
| 8   | 80         | 10000000 | 312500    | 117648   | 16384   | 2048  | 32   | io_uring | 12        | 16  | decrease  | desc        | asc        | 32768      | 800.97            | 516.87        | 6   | 11118,11238,11358,11120,11240,11360 | -35.47   |
| 7   | 80         | 10000000 | 312500    | 117648   | 16384   | 2048  | 32   | io_uring | 12        | 16  | decrease  | asc         | desc       | 8          | 5.73              | 3.68          | 6   | 9978,10098,10218,9980,10100,10220   | -35.78   |
| 11  | 40         | 10000000 | 312500    | 238096   | 1024    | 0     | 32   | worker   | 12        | 16  | decrease  | asc         | desc       | 16         | 1.48              | 0.95          | 6   | 15023,15143,15263,15025,15145,15265 | -35.81   |
| 10  | 40         | 10000000 | 312500    | 238096   | 1024    | 0     | 32   | io_uring | 12        | 16  | increase  | desc        | desc       | 32         | 2.13              | 1.36          | 6   | 14308,14428,14548,14310,14430,14550 | -36.15   |
| 5   | 80         | 10000000 | 312500    | 117648   | 16384   | 2048  | 32   | worker   | 12        | 16  | increase  | asc         | desc       | 95268      | 2104.36           | 1341.62       | 6   | 6448,6568,6688,6450,6570,6690       | -36.25   |
| 21  | 80         | 10000000 | 10000000  | 117648   | 1048576 | 128   | 1    | io_uring | 12        | 16  | increase  | asc         | desc       | 1048576    | 1032.34           | 655.79        | 4   | 31168,31313,31170,31315             | -36.48   |
| 5   | 80         | 10000000 | 312500    | 117648   | 16384   | 2048  | 32   | worker   | 12        | 16  | increase  | asc         | desc       | 16384      | 396.31            | 251.48        | 6   | 6433,6553,6673,6435,6555,6675       | -36.54   |
| 12  | 40         | 10000000 | 312500    | 238096   | 1024    | 0     | 32   | io_uring | 12        | 16  | decrease  | desc        | asc        | 32         | 1.8               | 1.14          | 6   | 16828,16948,17068,16830,16950,17070 | -36.67   |
| 5   | 80         | 10000000 | 312500    | 117648   | 16384   | 2048  | 32   | io_uring | 12        | 16  | increase  | asc         | desc       | 32768      | 848.0             | 536.16        | 6   | 7158,7278,7398,7160,7280,7400       | -36.77   |
| 21  | 80         | 10000000 | 10000000  | 117648   | 1048576 | 128   | 1    | worker   | 12        | 16  | increase  | asc         | asc        | 262144     | 194.33            | 122.53        | 6   | 29853,29998,30143,29855,30000,30145 | -36.95   |
| 14  | 20         | 10000000 | 2500000   | 476191   | 0       | 8     | 4    | io_uring | 12        | 16  | increase  | desc        | desc       | 128        | 2.02              | 1.27          | 6   | 20393,20528,20663,20395,20530,20665 | -37.13   |
| 5   | 80         | 10000000 | 312500    | 117648   | 16384   | 2048  | 32   | worker   | 12        | 16  | increase  | asc         | desc       | 32768      | 766.55            | 479.56        | 6   | 6438,6558,6678,6440,6560,6680       | -37.44   |
| 8   | 80         | 10000000 | 312500    | 117648   | 16384   | 2048  | 32   | io_uring | 12        | 16  | decrease  | desc        | asc        | 64018      | 1556.97           | 973.11        | 6   | 11123,11243,11363,11125,11245,11365 | -37.5    |
| 20  | 40         | 10000000 | 312500    | 238096   | 4096    | 128   | 32   | worker   | 12        | 16  | decrease  | desc        | desc       | 16         | 1.89              | 1.18          | 6   | 28703,28823,28943,28705,28825,28945 | -37.57   |
| 8   | 80         | 10000000 | 312500    | 117648   | 16384   | 2048  | 32   | io_uring | 12        | 16  | decrease  | desc        | asc        | 126518     | 3045.19           | 1901.19       | 6   | 11133,11253,11373,11135,11255,11375 | -37.57   |
| 5   | 80         | 10000000 | 312500    | 117648   | 16384   | 2048  | 32   | io_uring | 12        | 16  | increase  | asc         | desc       | 126518     | 3130.87           | 1948.55       | 6   | 7173,7293,7413,7175,7295,7415       | -37.76   |
| 8   | 80         | 10000000 | 312500    | 117648   | 16384   | 2048  | 32   | worker   | 12        | 16  | decrease  | desc        | asc        | 95268      | 2134.53           | 1328.23       | 6   | 10408,10528,10648,10410,10530,10650 | -37.77   |
| 8   | 80         | 10000000 | 312500    | 117648   | 16384   | 2048  | 32   | io_uring | 12        | 16  | decrease  | desc        | asc        | 95268      | 2320.03           | 1439.16       | 6   | 11128,11248,11368,11130,11250,11370 | -37.97   |
| 8   | 80         | 10000000 | 312500    | 117648   | 16384   | 2048  | 32   | worker   | 12        | 16  | decrease  | desc        | asc        | 64018      | 1452.04           | 900.53        | 6   | 10403,10523,10643,10405,10525,10645 | -37.98   |
| 5   | 80         | 10000000 | 312500    | 117648   | 16384   | 2048  | 32   | io_uring | 12        | 16  | increase  | asc         | desc       | 157768     | 3932.69           | 2429.09       | 6   | 7178,7298,7418,7180,7300,7420       | -38.23   |
| 7   | 80         | 10000000 | 312500    | 117648   | 16384   | 2048  | 32   | worker   | 12        | 16  | decrease  | asc         | asc        | 16         | 3.71              | 2.29          | 6   | 8903,9023,9143,8905,9025,9145       | -38.27   |
| 5   | 80         | 10000000 | 312500    | 117648   | 16384   | 2048  | 32   | worker   | 12        | 16  | increase  | asc         | desc       | 251518     | 5603.65           | 3457.45       | 6   | 6473,6593,6713,6475,6595,6715       | -38.3    |
| 5   | 80         | 10000000 | 312500    | 117648   | 16384   | 2048  | 32   | io_uring | 12        | 16  | increase  | asc         | desc       | 95268      | 2390.1            | 1473.91       | 6   | 7168,7288,7408,7170,7290,7410       | -38.33   |
| 5   | 80         | 10000000 | 312500    | 117648   | 16384   | 2048  | 32   | worker   | 12        | 16  | increase  | asc         | desc       | 64018      | 1465.25           | 902.72        | 6   | 6443,6563,6683,6445,6565,6685       | -38.39   |
| 8   | 80         | 10000000 | 312500    | 117648   | 16384   | 2048  | 32   | worker   | 12        | 16  | decrease  | desc        | asc        | 126518     | 2822.62           | 1737.3        | 6   | 10413,10533,10653,10415,10535,10655 | -38.45   |
| 5   | 80         | 10000000 | 312500    | 117648   | 16384   | 2048  | 32   | worker   | 12        | 16  | increase  | asc         | desc       | 157768     | 3549.0            | 2180.78       | 6   | 6458,6578,6698,6460,6580,6700       | -38.55   |
| 5   | 80         | 10000000 | 312500    | 117648   | 16384   | 2048  | 32   | io_uring | 12        | 16  | increase  | asc         | desc       | 64018      | 1625.53           | 998.46        | 6   | 7163,7283,7403,7165,7285,7405       | -38.58   |
| 5   | 80         | 10000000 | 312500    | 117648   | 16384   | 2048  | 32   | io_uring | 12        | 16  | increase  | asc         | desc       | 189018     | 4702.15           | 2884.01       | 6   | 7183,7303,7423,7185,7305,7425       | -38.67   |
| 5   | 80         | 10000000 | 312500    | 117648   | 16384   | 2048  | 32   | worker   | 12        | 16  | increase  | asc         | desc       | 126518     | 2848.01           | 1744.9        | 6   | 6453,6573,6693,6455,6575,6695       | -38.73   |
| 5   | 80         | 10000000 | 312500    | 117648   | 16384   | 2048  | 32   | io_uring | 12        | 16  | increase  | asc         | desc       | 282768     | 7012.91           | 4296.5        | 6   | 7198,7318,7438,7200,7320,7440       | -38.73   |
| 5   | 80         | 10000000 | 312500    | 117648   | 16384   | 2048  | 32   | io_uring | 12        | 16  | increase  | asc         | desc       | 220268     | 5498.94           | 3368.65       | 6   | 7188,7308,7428,7190,7310,7430       | -38.74   |
| 5   | 80         | 10000000 | 312500    | 117648   | 16384   | 2048  | 32   | io_uring | 12        | 16  | increase  | asc         | desc       | 251518     | 6251.69           | 3826.08       | 6   | 7193,7313,7433,7195,7315,7435       | -38.8    |
| 8   | 80         | 10000000 | 312500    | 117648   | 16384   | 2048  | 32   | worker   | 12        | 16  | decrease  | desc        | asc        | 157768     | 3525.28           | 2156.66       | 6   | 10418,10538,10658,10420,10540,10660 | -38.82   |
| 8   | 80         | 10000000 | 312500    | 117648   | 16384   | 2048  | 32   | worker   | 12        | 16  | decrease  | desc        | asc        | 282768     | 6297.13           | 3848.63       | 6   | 10438,10558,10678,10440,10560,10680 | -38.88   |
| 8   | 80         | 10000000 | 312500    | 117648   | 16384   | 2048  | 32   | worker   | 12        | 16  | decrease  | desc        | asc        | 189018     | 4217.73           | 2576.7        | 6   | 10423,10543,10663,10425,10545,10665 | -38.91   |
| 5   | 80         | 10000000 | 312500    | 117648   | 16384   | 2048  | 32   | worker   | 12        | 16  | increase  | asc         | desc       | 282768     | 6315.14           | 3857.3        | 6   | 6478,6598,6718,6480,6600,6720       | -38.92   |
| 8   | 80         | 10000000 | 312500    | 117648   | 16384   | 2048  | 32   | worker   | 12        | 16  | decrease  | desc        | asc        | 220268     | 4909.24           | 2997.49       | 6   | 10428,10548,10668,10430,10550,10670 | -38.94   |
| 5   | 80         | 10000000 | 312500    | 117648   | 16384   | 2048  | 32   | worker   | 12        | 16  | increase  | asc         | desc       | 189018     | 4239.65           | 2587.55       | 6   | 6463,6583,6703,6465,6585,6705       | -38.97   |
| 8   | 80         | 10000000 | 312500    | 117648   | 16384   | 2048  | 32   | io_uring | 12        | 16  | decrease  | desc        | asc        | 157768     | 3863.91           | 2357.17       | 6   | 11138,11258,11378,11140,11260,11380 | -39.0    |
| 5   | 80         | 10000000 | 312500    | 117648   | 16384   | 2048  | 32   | worker   | 12        | 16  | increase  | asc         | desc       | 220268     | 4937.1            | 3008.65       | 6   | 6468,6588,6708,6470,6590,6710       | -39.06   |
| 8   | 80         | 10000000 | 312500    | 117648   | 16384   | 2048  | 32   | io_uring | 12        | 16  | decrease  | desc        | asc        | 251518     | 6062.71           | 3694.24       | 6   | 11153,11273,11393,11155,11275,11395 | -39.07   |
| 8   | 80         | 10000000 | 312500    | 117648   | 16384   | 2048  | 32   | io_uring | 12        | 16  | decrease  | desc        | asc        | 282768     | 6767.73           | 4121.57       | 6   | 11158,11278,11398,11160,11280,11400 | -39.1    |
| 8   | 80         | 10000000 | 312500    | 117648   | 16384   | 2048  | 32   | io_uring | 12        | 16  | decrease  | desc        | asc        | 220268     | 5342.53           | 3250.16       | 6   | 11148,11268,11388,11150,11270,11390 | -39.16   |
| 8   | 80         | 10000000 | 312500    | 117648   | 16384   | 2048  | 32   | io_uring | 12        | 16  | decrease  | desc        | asc        | 189018     | 4625.5            | 2813.47       | 6   | 11143,11263,11383,11145,11265,11385 | -39.17   |
| 8   | 80         | 10000000 | 312500    | 117648   | 16384   | 2048  | 32   | worker   | 12        | 16  | decrease  | desc        | asc        | 251518     | 5642.77           | 3426.82       | 6   | 10433,10553,10673,10435,10555,10675 | -39.27   |
| 21  | 80         | 10000000 | 10000000  | 117648   | 1048576 | 128   | 1    | worker   | 12        | 16  | increase  | asc         | asc        | 1024       | 22.71             | 13.67         | 6   | 29813,29958,30103,29815,29960,30105 | -39.81   |
| 21  | 80         | 10000000 | 10000000  | 117648   | 1048576 | 128   | 1    | io_uring | 12        | 16  | increase  | asc         | asc        | 131072     | 147.45            | 85.36         | 6   | 30718,30863,31008,30720,30865,31010 | -42.11   |
| 14  | 20         | 10000000 | 2500000   | 476191   | 0       | 8     | 4    | worker   | 12        | 16  | increase  | desc        | desc       | 4096       | 34.33             | 19.77         | 6   | 19608,19743,19878,19610,19745,19880 | -42.41   |
| 14  | 20         | 10000000 | 2500000   | 476191   | 0       | 8     | 4    | worker   | 12        | 16  | increase  | desc        | desc       | 256        | 2.88              | 1.63          | 6   | 19588,19723,19858,19590,19725,19860 | -43.4    |
| 14  | 20         | 10000000 | 2500000   | 476191   | 0       | 8     | 4    | io_uring | 12        | 16  | increase  | desc        | desc       | 262144     | 2341.59           | 1322.86       | 6   | 20448,20583,20718,20450,20585,20720 | -43.51   |
| 21  | 80         | 10000000 | 10000000  | 117648   | 1048576 | 128   | 1    | worker   | 12        | 16  | increase  | asc         | desc       | 524288     | 515.2             | 287.96        | 6   | 30293,30438,30583,30295,30440,30585 | -44.11   |
| 6   | 80         | 10000000 | 312500    | 117648   | 16384   | 2048  | 32   | worker   | 12        | 16  | increase  | desc        | desc       | 16         | 3.98              | 2.21          | 6   | 7823,7943,8063,7825,7945,8065       | -44.47   |
| 14  | 20         | 10000000 | 2500000   | 476191   | 0       | 8     | 4    | worker   | 12        | 16  | increase  | desc        | desc       | 512        | 5.45              | 2.95          | 6   | 19593,19728,19863,19595,19730,19865 | -45.87   |
| 15  | 20         | 10000000 | 2500000   | 476191   | 0       | 8     | 4    | io_uring | 12        | 16  | decrease  | asc         | asc        | 512        | 7.22              | 3.9           | 6   | 21618,21753,21888,21620,21755,21890 | -45.98   |
| 15  | 20         | 10000000 | 2500000   | 476191   | 0       | 8     | 4    | worker   | 12        | 16  | decrease  | asc         | asc        | 1024       | 10.01             | 5.25          | 6   | 20813,20948,21083,20815,20950,21085 | -47.55   |
| 21  | 80         | 10000000 | 10000000  | 117648   | 1048576 | 128   | 1    | io_uring | 12        | 16  | increase  | asc         | asc        | 1024       | 28.38             | 14.87         | 6   | 30683,30828,30973,30685,30830,30975 | -47.6    |
| 21  | 80         | 10000000 | 10000000  | 117648   | 1048576 | 128   | 1    | io_uring | 12        | 16  | increase  | asc         | desc       | 524288     | 591.52            | 309.73        | 4   | 31163,31308,31165,31310             | -47.64   |
| 15  | 20         | 10000000 | 2500000   | 476191   | 0       | 8     | 4    | io_uring | 12        | 16  | decrease  | asc         | asc        | 1024       | 12.71             | 6.58          | 6   | 21623,21758,21893,21625,21760,21895 | -48.23   |
| 14  | 20         | 10000000 | 2500000   | 476191   | 0       | 8     | 4    | io_uring | 12        | 16  | increase  | desc        | desc       | 512        | 6.51              | 3.36          | 6   | 20403,20538,20673,20405,20540,20675 | -48.39   |
| 14  | 20         | 10000000 | 2500000   | 476191   | 0       | 8     | 4    | io_uring | 12        | 16  | increase  | desc        | desc       | 2048       | 22.2              | 11.37         | 6   | 20413,20548,20683,20415,20550,20685 | -48.78   |
| 15  | 20         | 10000000 | 2500000   | 476191   | 0       | 8     | 4    | io_uring | 12        | 16  | decrease  | asc         | asc        | 2048       | 24.8              | 12.62         | 6   | 21628,21763,21898,21630,21765,21900 | -49.11   |
| 14  | 20         | 10000000 | 2500000   | 476191   | 0       | 8     | 4    | worker   | 12        | 16  | increase  | desc        | desc       | 1024       | 10.97             | 5.51          | 6   | 19598,19733,19868,19600,19735,19870 | -49.77   |
| 14  | 20         | 10000000 | 2500000   | 476191   | 0       | 8     | 4    | worker   | 12        | 16  | increase  | desc        | desc       | 8192       | 79.7              | 39.76         | 6   | 19613,19748,19883,19615,19750,19885 | -50.11   |
| 15  | 20         | 10000000 | 2500000   | 476191   | 0       | 8     | 4    | worker   | 12        | 16  | decrease  | asc         | asc        | 512        | 5.75              | 2.82          | 6   | 20808,20943,21078,20810,20945,21080 | -50.96   |
| 15  | 20         | 10000000 | 2500000   | 476191   | 0       | 8     | 4    | io_uring | 12        | 16  | decrease  | asc         | asc        | 4096       | 48.49             | 23.68         | 6   | 21633,21768,21903,21635,21770,21905 | -51.17   |
| 14  | 20         | 10000000 | 2500000   | 476191   | 0       | 8     | 4    | worker   | 12        | 16  | increase  | desc        | desc       | 131072     | 1265.2            | 617.56        | 6   | 19633,19768,19903,19635,19770,19905 | -51.19   |
| 21  | 80         | 10000000 | 10000000  | 117648   | 1048576 | 128   | 1    | io_uring | 12        | 16  | increase  | asc         | desc       | 16384      | 107.01            | 52.22         | 4   | 31138,31283,31140,31285             | -51.2    |
| 21  | 80         | 10000000 | 10000000  | 117648   | 1048576 | 128   | 1    | io_uring | 12        | 16  | increase  | asc         | asc        | 16384      | 83.26             | 40.43         | 6   | 30703,30848,30993,30705,30850,30995 | -51.44   |
| 15  | 20         | 10000000 | 2500000   | 476191   | 0       | 8     | 4    | worker   | 12        | 16  | decrease  | asc         | asc        | 4096       | 38.55             | 18.7          | 6   | 20823,20958,21093,20825,20960,21095 | -51.49   |
| 14  | 20         | 10000000 | 2500000   | 476191   | 0       | 8     | 4    | io_uring | 12        | 16  | increase  | desc        | desc       | 1024       | 12.43             | 5.99          | 6   | 20408,20543,20678,20410,20545,20680 | -51.81   |
| 14  | 20         | 10000000 | 2500000   | 476191   | 0       | 8     | 4    | worker   | 12        | 16  | increase  | desc        | desc       | 2048       | 21.77             | 10.47         | 6   | 19603,19738,19873,19605,19740,19875 | -51.91   |
| 15  | 20         | 10000000 | 2500000   | 476191   | 0       | 8     | 4    | io_uring | 12        | 16  | decrease  | asc         | asc        | 8192       | 99.01             | 47.43         | 6   | 21638,21773,21908,21640,21775,21910 | -52.1    |
| 15  | 20         | 10000000 | 2500000   | 476191   | 0       | 8     | 4    | worker   | 12        | 16  | decrease  | asc         | asc        | 2048       | 19.89             | 9.5           | 6   | 20818,20953,21088,20820,20955,21090 | -52.24   |
| 15  | 20         | 10000000 | 2500000   | 476191   | 0       | 8     | 4    | io_uring | 12        | 16  | decrease  | asc         | asc        | 1262144    | 15105.35          | 7155.1        | 6   | 21683,21818,21953,21685,21820,21955 | -52.63   |
| 21  | 80         | 10000000 | 10000000  | 117648   | 1048576 | 128   | 1    | worker   | 12        | 16  | increase  | asc         | asc        | 65536      | 113.61            | 53.79         | 6   | 29843,29988,30133,29845,29990,30135 | -52.65   |
| 15  | 20         | 10000000 | 2500000   | 476191   | 0       | 8     | 4    | io_uring | 12        | 16  | decrease  | asc         | asc        | 1012144    | 12224.48          | 5784.99       | 6   | 21678,21813,21948,21680,21815,21950 | -52.68   |
| 15  | 20         | 10000000 | 2500000   | 476191   | 0       | 8     | 4    | io_uring | 12        | 16  | decrease  | asc         | asc        | 762144     | 9191.43           | 4344.85       | 6   | 21673,21808,21943,21675,21810,21945 | -52.73   |
| 15  | 20         | 10000000 | 2500000   | 476191   | 0       | 8     | 4    | io_uring | 12        | 16  | decrease  | asc         | asc        | 512144     | 6157.03           | 2908.98       | 6   | 21668,21803,21938,21670,21805,21940 | -52.75   |
| 15  | 20         | 10000000 | 2500000   | 476191   | 0       | 8     | 4    | io_uring | 12        | 16  | decrease  | asc         | asc        | 1512144    | 17952.34          | 8475.3        | 6   | 21688,21823,21958,21690,21825,21960 | -52.79   |
| 15  | 20         | 10000000 | 2500000   | 476191   | 0       | 8     | 4    | io_uring | 12        | 16  | decrease  | asc         | asc        | 2012144    | 23526.03          | 11086.34      | 6   | 21698,21833,21968,21700,21835,21970 | -52.88   |
| 15  | 20         | 10000000 | 2500000   | 476191   | 0       | 8     | 4    | io_uring | 12        | 16  | decrease  | asc         | asc        | 1762144    | 20742.0           | 9768.95       | 6   | 21693,21828,21963,21695,21830,21965 | -52.9    |
| 15  | 20         | 10000000 | 2500000   | 476191   | 0       | 8     | 4    | io_uring | 12        | 16  | decrease  | asc         | asc        | 262144     | 3119.55           | 1466.7        | 6   | 21663,21798,21933,21665,21800,21935 | -52.98   |
| 15  | 20         | 10000000 | 2500000   | 476191   | 0       | 8     | 4    | io_uring | 12        | 16  | decrease  | asc         | asc        | 2262144    | 26324.19          | 12371.28      | 6   | 21703,21838,21973,21705,21840,21975 | -53.0    |
| 14  | 20         | 10000000 | 2500000   | 476191   | 0       | 8     | 4    | worker   | 12        | 16  | increase  | desc        | desc       | 16384      | 159.08            | 74.7          | 6   | 19618,19753,19888,19620,19755,19890 | -53.04   |
| 21  | 80         | 10000000 | 10000000  | 117648   | 1048576 | 128   | 1    | worker   | 12        | 16  | increase  | asc         | desc       | 262144     | 318.64            | 149.48        | 6   | 30288,30433,30578,30290,30435,30580 | -53.09   |
| 14  | 20         | 10000000 | 2500000   | 476191   | 0       | 8     | 4    | io_uring | 12        | 16  | increase  | desc        | desc       | 2012144    | 23834.6           | 11174.16      | 6   | 20483,20618,20753,20485,20620,20755 | -53.12   |
| 14  | 20         | 10000000 | 2500000   | 476191   | 0       | 8     | 4    | io_uring | 12        | 16  | increase  | desc        | desc       | 8192       | 90.6              | 42.46         | 6   | 20423,20558,20693,20425,20560,20695 | -53.13   |
| 14  | 20         | 10000000 | 2500000   | 476191   | 0       | 8     | 4    | worker   | 12        | 16  | increase  | desc        | desc       | 32768      | 318.38            | 149.15        | 6   | 19623,19758,19893,19625,19760,19895 | -53.15   |
| 14  | 20         | 10000000 | 2500000   | 476191   | 0       | 8     | 4    | io_uring | 12        | 16  | increase  | desc        | desc       | 1762144    | 20819.37          | 9753.14       | 6   | 20478,20613,20748,20480,20615,20750 | -53.15   |
| 14  | 20         | 10000000 | 2500000   | 476191   | 0       | 8     | 4    | io_uring | 12        | 16  | increase  | desc        | desc       | 4096       | 45.95             | 21.52         | 6   | 20418,20553,20688,20420,20555,20690 | -53.17   |
| 14  | 20         | 10000000 | 2500000   | 476191   | 0       | 8     | 4    | io_uring | 12        | 16  | increase  | desc        | desc       | 2262144    | 26878.63          | 12585.18      | 6   | 20488,20623,20758,20490,20625,20760 | -53.18   |
| 14  | 20         | 10000000 | 2500000   | 476191   | 0       | 8     | 4    | io_uring | 12        | 16  | increase  | desc        | desc       | 1512144    | 17826.13          | 8346.19       | 6   | 20473,20608,20743,20475,20610,20745 | -53.18   |
| 14  | 20         | 10000000 | 2500000   | 476191   | 0       | 8     | 4    | io_uring | 12        | 16  | increase  | desc        | desc       | 1262144    | 14807.47          | 6928.03       | 6   | 20468,20603,20738,20470,20605,20740 | -53.21   |
| 15  | 20         | 10000000 | 2500000   | 476191   | 0       | 8     | 4    | io_uring | 12        | 16  | decrease  | asc         | asc        | 16384      | 198.22            | 92.71         | 6   | 21643,21778,21913,21645,21780,21915 | -53.23   |
| 15  | 20         | 10000000 | 2500000   | 476191   | 0       | 8     | 4    | io_uring | 12        | 16  | decrease  | asc         | asc        | 131072     | 1555.09           | 727.31        | 6   | 21658,21793,21928,21660,21795,21930 | -53.23   |
| 14  | 20         | 10000000 | 2500000   | 476191   | 0       | 8     | 4    | io_uring | 12        | 16  | increase  | desc        | desc       | 16384      | 180.41            | 84.36         | 6   | 20428,20563,20698,20430,20565,20700 | -53.24   |
| 15  | 20         | 10000000 | 2500000   | 476191   | 0       | 8     | 4    | worker   | 12        | 16  | decrease  | asc         | asc        | 16384      | 149.48            | 69.8          | 6   | 20833,20968,21103,20835,20970,21105 | -53.3    |
| 15  | 20         | 10000000 | 2500000   | 476191   | 0       | 8     | 4    | io_uring | 12        | 16  | decrease  | asc         | asc        | 65536      | 781.29            | 364.5         | 6   | 21653,21788,21923,21655,21790,21925 | -53.35   |
| 14  | 20         | 10000000 | 2500000   | 476191   | 0       | 8     | 4    | io_uring | 12        | 16  | increase  | desc        | desc       | 1012144    | 11855.33          | 5529.2        | 6   | 20463,20598,20733,20465,20600,20735 | -53.36   |
| 14  | 20         | 10000000 | 2500000   | 476191   | 0       | 8     | 4    | worker   | 12        | 16  | increase  | desc        | desc       | 512144     | 5087.47           | 2371.28       | 6   | 19643,19778,19913,19645,19780,19915 | -53.39   |
| 15  | 20         | 10000000 | 2500000   | 476191   | 0       | 8     | 4    | worker   | 12        | 16  | decrease  | asc         | asc        | 8192       | 75.77             | 35.28         | 6   | 20828,20963,21098,20830,20965,21100 | -53.44   |
| 15  | 20         | 10000000 | 2500000   | 476191   | 0       | 8     | 4    | io_uring | 12        | 16  | decrease  | asc         | asc        | 32768      | 394.68            | 183.53        | 6   | 21648,21783,21918,21650,21785,21920 | -53.5    |
| 14  | 20         | 10000000 | 2500000   | 476191   | 0       | 8     | 4    | worker   | 12        | 16  | increase  | desc        | desc       | 262144     | 2647.86           | 1230.59       | 6   | 19638,19773,19908,19640,19775,19910 | -53.53   |
| 14  | 20         | 10000000 | 2500000   | 476191   | 0       | 8     | 4    | io_uring | 12        | 16  | increase  | desc        | desc       | 762144     | 8762.73           | 4071.08       | 6   | 20458,20593,20728,20460,20595,20730 | -53.54   |
| 14  | 20         | 10000000 | 2500000   | 476191   | 0       | 8     | 4    | io_uring | 12        | 16  | increase  | desc        | desc       | 512144     | 5787.61           | 2688.19       | 6   | 20453,20588,20723,20455,20590,20725 | -53.55   |
| 14  | 20         | 10000000 | 2500000   | 476191   | 0       | 8     | 4    | worker   | 12        | 16  | increase  | desc        | desc       | 65536      | 632.82            | 293.86        | 6   | 19628,19763,19898,19630,19765,19900 | -53.56   |
| 14  | 20         | 10000000 | 2500000   | 476191   | 0       | 8     | 4    | worker   | 12        | 16  | increase  | desc        | desc       | 762144     | 7536.87           | 3496.9        | 6   | 19648,19783,19918,19650,19785,19920 | -53.6    |
| 14  | 20         | 10000000 | 2500000   | 476191   | 0       | 8     | 4    | io_uring | 12        | 16  | increase  | desc        | desc       | 32768      | 356.81            | 165.14        | 6   | 20433,20568,20703,20435,20570,20705 | -53.72   |
| 14  | 20         | 10000000 | 2500000   | 476191   | 0       | 8     | 4    | worker   | 12        | 16  | increase  | desc        | desc       | 1012144    | 9970.52           | 4613.35       | 6   | 19653,19788,19923,19655,19790,19925 | -53.73   |
| 15  | 20         | 10000000 | 2500000   | 476191   | 0       | 8     | 4    | worker   | 12        | 16  | decrease  | asc         | asc        | 32768      | 297.23            | 137.44        | 6   | 20838,20973,21108,20840,20975,21110 | -53.76   |
| 14  | 20         | 10000000 | 2500000   | 476191   | 0       | 8     | 4    | worker   | 12        | 16  | increase  | desc        | desc       | 1762144    | 17232.88          | 7966.56       | 6   | 19668,19803,19938,19670,19805,19940 | -53.77   |
| 14  | 20         | 10000000 | 2500000   | 476191   | 0       | 8     | 4    | io_uring | 12        | 16  | increase  | desc        | desc       | 65536      | 713.0             | 329.47        | 6   | 20438,20573,20708,20440,20575,20710 | -53.79   |
| 14  | 20         | 10000000 | 2500000   | 476191   | 0       | 8     | 4    | io_uring | 12        | 16  | increase  | desc        | desc       | 131072     | 1423.71           | 657.65        | 6   | 20443,20578,20713,20445,20580,20715 | -53.81   |
| 14  | 20         | 10000000 | 2500000   | 476191   | 0       | 8     | 4    | worker   | 12        | 16  | increase  | desc        | desc       | 1262144    | 12400.32          | 5717.44       | 6   | 19658,19793,19928,19660,19795,19930 | -53.89   |
| 14  | 20         | 10000000 | 2500000   | 476191   | 0       | 8     | 4    | worker   | 12        | 16  | increase  | desc        | desc       | 2262144    | 22117.47          | 10183.49      | 6   | 19678,19813,19948,19680,19815,19950 | -53.96   |
| 14  | 20         | 10000000 | 2500000   | 476191   | 0       | 8     | 4    | worker   | 12        | 16  | increase  | desc        | desc       | 2012144    | 19676.8           | 9049.78       | 6   | 19673,19808,19943,19675,19810,19945 | -54.01   |
| 14  | 20         | 10000000 | 2500000   | 476191   | 0       | 8     | 4    | worker   | 12        | 16  | increase  | desc        | desc       | 1512144    | 14829.48          | 6819.39       | 6   | 19663,19798,19933,19665,19800,19935 | -54.01   |
| 15  | 20         | 10000000 | 2500000   | 476191   | 0       | 8     | 4    | worker   | 12        | 16  | decrease  | asc         | asc        | 262144     | 2357.84           | 1076.6        | 6   | 20853,20988,21123,20855,20990,21125 | -54.34   |
| 15  | 20         | 10000000 | 2500000   | 476191   | 0       | 8     | 4    | worker   | 12        | 16  | decrease  | asc         | asc        | 65536      | 593.56            | 270.78        | 6   | 20843,20978,21113,20845,20980,21115 | -54.38   |
| 15  | 20         | 10000000 | 2500000   | 476191   | 0       | 8     | 4    | worker   | 12        | 16  | decrease  | asc         | asc        | 131072     | 1185.66           | 539.85        | 6   | 20848,20983,21118,20850,20985,21120 | -54.47   |
| 21  | 80         | 10000000 | 10000000  | 117648   | 1048576 | 128   | 1    | io_uring | 12        | 16  | increase  | asc         | desc       | 262144     | 363.14            | 164.63        | 4   | 31158,31303,31160,31305             | -54.66   |
| 15  | 20         | 10000000 | 2500000   | 476191   | 0       | 8     | 4    | worker   | 12        | 16  | decrease  | asc         | asc        | 512144     | 4606.28           | 2076.66       | 6   | 20858,20993,21128,20860,20995,21130 | -54.92   |
| 15  | 20         | 10000000 | 2500000   | 476191   | 0       | 8     | 4    | worker   | 12        | 16  | decrease  | asc         | asc        | 762144     | 6688.38           | 2978.78       | 6   | 20863,20998,21133,20865,21000,21135 | -55.46   |
| 21  | 80         | 10000000 | 10000000  | 117648   | 1048576 | 128   | 1    | io_uring | 12        | 16  | increase  | asc         | desc       | 1024       | 29.62             | 13.17         | 4   | 31118,31263,31120,31265             | -55.54   |
| 15  | 20         | 10000000 | 2500000   | 476191   | 0       | 8     | 4    | worker   | 12        | 16  | decrease  | asc         | asc        | 1012144    | 8713.46           | 3863.61       | 6   | 20868,21003,21138,20870,21005,21140 | -55.66   |
| 21  | 80         | 10000000 | 10000000  | 117648   | 1048576 | 128   | 1    | worker   | 12        | 16  | increase  | asc         | asc        | 131072     | 164.58            | 72.52         | 6   | 29848,29993,30138,29850,29995,30140 | -55.94   |
| 15  | 20         | 10000000 | 2500000   | 476191   | 0       | 8     | 4    | worker   | 12        | 16  | decrease  | asc         | asc        | 1262144    | 10759.77          | 4731.82       | 6   | 20873,21008,21143,20875,21010,21145 | -56.02   |
| 15  | 20         | 10000000 | 2500000   | 476191   | 0       | 8     | 4    | worker   | 12        | 16  | decrease  | asc         | asc        | 1762144    | 14846.77          | 6517.5        | 6   | 20883,21018,21153,20885,21020,21155 | -56.1    |
| 15  | 20         | 10000000 | 2500000   | 476191   | 0       | 8     | 4    | worker   | 12        | 16  | decrease  | asc         | asc        | 1512144    | 12794.9           | 5606.85       | 6   | 20878,21013,21148,20880,21015,21150 | -56.18   |
| 15  | 20         | 10000000 | 2500000   | 476191   | 0       | 8     | 4    | worker   | 12        | 16  | decrease  | asc         | asc        | 2012144    | 16872.21          | 7387.0        | 6   | 20888,21023,21158,20890,21025,21160 | -56.22   |
| 15  | 20         | 10000000 | 2500000   | 476191   | 0       | 8     | 4    | worker   | 12        | 16  | decrease  | asc         | asc        | 2262144    | 18912.07          | 8258.84       | 6   | 20893,21028,21163,20895,21030,21165 | -56.33   |
| 21  | 80         | 10000000 | 10000000  | 117648   | 1048576 | 128   | 1    | worker   | 12        | 16  | increase  | asc         | asc        | 32768      | 97.67             | 40.84         | 6   | 29838,29983,30128,29840,29985,30130 | -58.19   |
| 21  | 80         | 10000000 | 10000000  | 117648   | 1048576 | 128   | 1    | io_uring | 12        | 16  | increase  | asc         | desc       | 131072     | 257.57            | 102.47        | 4   | 31153,31298,31155,31300             | -60.22   |
| 21  | 80         | 10000000 | 10000000  | 117648   | 1048576 | 128   | 1    | worker   | 12        | 16  | increase  | asc         | desc       | 131072     | 222.8             | 87.98         | 6   | 30283,30428,30573,30285,30430,30575 | -60.51   |
| 21  | 80         | 10000000 | 10000000  | 117648   | 1048576 | 128   | 1    | io_uring | 12        | 16  | increase  | asc         | desc       | 8192       | 96.94             | 37.27         | 4   | 31133,31278,31135,31280             | -61.55   |
| 21  | 80         | 10000000 | 10000000  | 117648   | 1048576 | 128   | 1    | io_uring | 12        | 16  | increase  | asc         | asc        | 32768      | 128.42            | 48.96         | 6   | 30708,30853,30998,30710,30855,31000 | -61.88   |
| 21  | 80         | 10000000 | 10000000  | 117648   | 1048576 | 128   | 1    | worker   | 12        | 16  | increase  | asc         | desc       | 8192       | 81.09             | 29.9          | 6   | 30263,30408,30553,30265,30410,30555 | -63.13   |
| 21  | 80         | 10000000 | 10000000  | 117648   | 1048576 | 128   | 1    | io_uring | 12        | 16  | increase  | asc         | asc        | 2048       | 58.99             | 21.53         | 6   | 30688,30833,30978,30690,30835,30980 | -63.5    |
| 21  | 80         | 10000000 | 10000000  | 117648   | 1048576 | 128   | 1    | io_uring | 12        | 16  | increase  | asc         | asc        | 65536      | 171.38            | 60.66         | 6   | 30713,30858,31003,30715,30860,31005 | -64.6    |
| 21  | 80         | 10000000 | 10000000  | 117648   | 1048576 | 128   | 1    | worker   | 12        | 16  | increase  | asc         | desc       | 2048       | 44.75             | 15.34         | 6   | 30253,30398,30543,30255,30400,30545 | -65.72   |
| 21  | 80         | 10000000 | 10000000  | 117648   | 1048576 | 128   | 1    | worker   | 12        | 16  | increase  | asc         | asc        | 2048       | 32.61             | 10.95         | 6   | 29818,29963,30108,29820,29965,30110 | -66.42   |
| 21  | 80         | 10000000 | 10000000  | 117648   | 1048576 | 128   | 1    | worker   | 12        | 16  | increase  | asc         | desc       | 65536      | 174.32            | 57.38         | 6   | 30278,30423,30568,30280,30425,30570 | -67.08   |
| 21  | 80         | 10000000 | 10000000  | 117648   | 1048576 | 128   | 1    | io_uring | 12        | 16  | increase  | asc         | desc       | 65536      | 212.23            | 68.5          | 4   | 31148,31293,31150,31295             | -67.72   |
| 21  | 80         | 10000000 | 10000000  | 117648   | 1048576 | 128   | 1    | worker   | 12        | 16  | increase  | asc         | desc       | 16384      | 134.51            | 37.89         | 6   | 30268,30413,30558,30270,30415,30560 | -71.83   |
| 21  | 80         | 10000000 | 10000000  | 117648   | 1048576 | 128   | 1    | worker   | 12        | 16  | increase  | asc         | asc        | 16384      | 127.55            | 35.6          | 6   | 29833,29978,30123,29835,29980,30125 | -72.09   |
| 21  | 80         | 10000000 | 10000000  | 117648   | 1048576 | 128   | 1    | worker   | 12        | 16  | increase  | asc         | asc        | 4096       | 63.25             | 16.92         | 6   | 29823,29968,30113,29825,29970,30115 | -73.25   |
| 21  | 80         | 10000000 | 10000000  | 117648   | 1048576 | 128   | 1    | io_uring | 12        | 16  | increase  | asc         | asc        | 8192       | 162.32            | 43.09         | 6   | 30698,30843,30988,30700,30845,30990 | -73.45   |
| 21  | 80         | 10000000 | 10000000  | 117648   | 1048576 | 128   | 1    | worker   | 12        | 16  | increase  | asc         | asc        | 8192       | 111.12            | 27.17         | 6   | 29828,29973,30118,29830,29975,30120 | -75.55   |
| 21  | 80         | 10000000 | 10000000  | 117648   | 1048576 | 128   | 1    | io_uring | 12        | 16  | increase  | asc         | desc       | 4096       | 111.54            | 26.91         | 4   | 31128,31273,31130,31275             | -75.87   |
| 21  | 80         | 10000000 | 10000000  | 117648   | 1048576 | 128   | 1    | io_uring | 12        | 16  | increase  | asc         | asc        | 4096       | 118.51            | 26.17         | 6   | 30693,30838,30983,30695,30840,30985 | -77.92   |
| 21  | 80         | 10000000 | 10000000  | 117648   | 1048576 | 128   | 1    | worker   | 12        | 16  | increase  | asc         | desc       | 4096       | 87.25             | 18.31         | 6   | 30258,30403,30548,30260,30405,30550 | -79.01   |
+-----+------------+----------+-----------+----------+---------+-------+------+----------+-----------+-----+-----------+-------------+------------+------------+-------------------+---------------+-----+-------------------------------------+----------+
