+-----+------------+----------+-----------+----------+---------+-------+------+----------+-----------+-----+-----------+-------------+------------+------------+----------+----------+-----+-------------------------------------+-----------+----------+
| did | fillfactor |   rows   | ndistinct | relpages |  fuzz   | fuzz2 | step | iomethod | ioworkers | eic | direction | index_order | scan_order | num_values |  master  | patched  | cnt |                 qid                 |   diff    | pct_diff |
+-----+------------+----------+-----------+----------+---------+-------+------+----------+-----------+-----+-----------+-------------+------------+------------+----------+----------+-----+-------------------------------------+-----------+----------+
| 13  | 60         | 10000000 | 5000000   | 156250   | 4096    | 32    | 2    | io_uring | 12        | 16  | increase  | asc         | asc        | 4524288    | 1108.14  | 1916.11  | 6   | 18976,19116,19256,18977,19117,19257 | 807.97    | 72.91    |
| 13  | 60         | 10000000 | 5000000   | 156250   | 4096    | 32    | 2    | worker   | 12        | 16  | increase  | asc         | asc        | 4524288    | 1117.25  | 1869.53  | 6   | 18136,18276,18416,18137,18277,18417 | 752.28    | 67.33    |
| 13  | 60         | 10000000 | 5000000   | 156250   | 4096    | 32    | 2    | io_uring | 12        | 16  | increase  | asc         | asc        | 4024288    | 995.18   | 1733.32  | 6   | 18971,19111,19251,18972,19112,19252 | 738.14    | 74.17    |
| 14  | 60         | 10000000 | 5000000   | 156250   | 4096    | 32    | 2    | io_uring | 12        | 16  | increase  | desc        | asc        | 4524288    | 4754.88  | 5486.02  | 6   | 20656,20796,20936,20657,20797,20937 | 731.14    | 15.38    |
| 18  | 20         | 10000000 | 5000000   | 476191   | 1024    | 512   | 2    | worker   | 12        | 16  | increase  | desc        | asc        | 4524288    | 6931.73  | 7656.38  | 6   | 26536,26676,26816,26537,26677,26817 | 724.65    | 10.45    |
| 19  | 20         | 10000000 | 5000000   | 476191   | 1024    | 512   | 2    | io_uring | 12        | 16  | decrease  | asc         | desc       | 4524288    | 6976.94  | 7654.64  | 6   | 29476,29616,29756,29477,29617,29757 | 677.7     | 9.71     |
| 13  | 60         | 10000000 | 5000000   | 156250   | 4096    | 32    | 2    | io_uring | 12        | 16  | increase  | asc         | asc        | 3524288    | 873.38   | 1536.02  | 6   | 18966,19106,19246,18967,19107,19247 | 662.64    | 75.87    |
| 16  | 60         | 10000000 | 5000000   | 156250   | 4096    | 32    | 2    | worker   | 12        | 16  | decrease  | desc        | desc       | 4024288    | 1023.44  | 1655.18  | 6   | 23591,23731,23871,23592,23732,23872 | 631.74    | 61.73    |
| 15  | 60         | 10000000 | 5000000   | 156250   | 4096    | 32    | 2    | worker   | 12        | 16  | decrease  | asc         | desc       | 3524288    | 3711.53  | 4328.54  | 6   | 21906,22046,22186,21907,22047,22187 | 617.01    | 16.62    |
| 15  | 60         | 10000000 | 5000000   | 156250   | 4096    | 32    | 2    | worker   | 12        | 16  | decrease  | asc         | desc       | 4524288    | 4770.99  | 5380.88  | 6   | 21916,22056,22196,21917,22057,22197 | 609.89    | 12.78    |
| 7   | 60         | 10000000 | 625000    | 156250   | 1       | 128   | 16   | worker   | 12        | 16  | decrease  | asc         | asc        | 378036     | 11431.14 | 12029.67 | 6   | 9106,9231,9356,9107,9232,9357       | 598.53    | 5.24     |
| 5   | 60         | 10000000 | 625000    | 156250   | 1       | 128   | 16   | worker   | 12        | 16  | increase  | asc         | desc       | 565536     | 19787.36 | 20374.25 | 6   | 6496,6621,6746,6497,6622,6747       | 586.89    | 2.97     |
| 15  | 60         | 10000000 | 5000000   | 156250   | 4096    | 32    | 2    | worker   | 12        | 16  | decrease  | asc         | desc       | 4024288    | 4214.06  | 4798.47  | 6   | 21911,22051,22191,21912,22052,22192 | 584.41    | 13.87    |
| 19  | 20         | 10000000 | 5000000   | 476191   | 1024    | 512   | 2    | io_uring | 12        | 16  | decrease  | asc         | desc       | 4024288    | 6266.02  | 6840.24  | 6   | 29471,29611,29751,29472,29612,29752 | 574.22    | 9.16     |
| 14  | 60         | 10000000 | 5000000   | 156250   | 4096    | 32    | 2    | io_uring | 12        | 16  | increase  | desc        | asc        | 3524288    | 3695.78  | 4265.56  | 6   | 20646,20786,20926,20647,20787,20927 | 569.78    | 15.42    |
| 20  | 20         | 10000000 | 5000000   | 476191   | 1024    | 512   | 2    | worker   | 12        | 16  | decrease  | desc        | asc        | 4524288    | 48811.37 | 49338.56 | 6   | 29896,30036,30176,29897,30037,30177 | 527.19    | 1.08     |
| 14  | 60         | 10000000 | 5000000   | 156250   | 4096    | 32    | 2    | worker   | 12        | 16  | increase  | desc        | asc        | 3524288    | 3686.99  | 4178.19  | 6   | 19806,19946,20086,19807,19947,20087 | 491.2     | 13.32    |
| 15  | 60         | 10000000 | 5000000   | 156250   | 4096    | 32    | 2    | io_uring | 12        | 16  | decrease  | asc         | desc       | 3024288    | 3206.81  | 3685.04  | 6   | 22741,22881,23021,22742,22882,23022 | 478.23    | 14.91    |
| 16  | 60         | 10000000 | 5000000   | 156250   | 4096    | 32    | 2    | io_uring | 12        | 16  | decrease  | desc        | desc       | 4024288    | 1017.1   | 1494.76  | 6   | 24431,24571,24711,24432,24572,24712 | 477.66    | 46.96    |
| 16  | 60         | 10000000 | 5000000   | 156250   | 4096    | 32    | 2    | worker   | 12        | 16  | decrease  | desc        | desc       | 4524288    | 1121.41  | 1594.18  | 6   | 23596,23736,23876,23597,23737,23877 | 472.77    | 42.16    |
| 13  | 60         | 10000000 | 5000000   | 156250   | 4096    | 32    | 2    | worker   | 12        | 16  | increase  | asc         | asc        | 3024288    | 752.28   | 1216.87  | 6   | 18121,18261,18401,18122,18262,18402 | 464.59    | 61.76    |
| 17  | 20         | 10000000 | 5000000   | 476191   | 1024    | 512   | 2    | io_uring | 12        | 16  | increase  | asc         | asc        | 3024288    | 1681.49  | 2145.35  | 6   | 25681,25821,25961,25682,25822,25962 | 463.86    | 27.59    |
| 14  | 60         | 10000000 | 5000000   | 156250   | 4096    | 32    | 2    | io_uring | 12        | 16  | increase  | desc        | asc        | 4024288    | 4216.1   | 4665.47  | 6   | 20651,20791,20931,20652,20792,20932 | 449.37    | 10.66    |
| 5   | 60         | 10000000 | 625000    | 156250   | 1       | 128   | 16   | worker   | 12        | 16  | increase  | asc         | desc       | 503036     | 17608.8  | 18055.68 | 6   | 6491,6616,6741,6492,6617,6742       | 446.88    | 2.54     |
| 15  | 60         | 10000000 | 5000000   | 156250   | 4096    | 32    | 2    | io_uring | 12        | 16  | decrease  | asc         | desc       | 2524288    | 2675.53  | 3094.54  | 6   | 22736,22876,23016,22737,22877,23017 | 419.01    | 15.66    |
| 18  | 20         | 10000000 | 5000000   | 476191   | 1024    | 512   | 2    | worker   | 12        | 16  | increase  | desc        | asc        | 4024288    | 6171.86  | 6587.42  | 6   | 26531,26671,26811,26532,26672,26812 | 415.56    | 6.73     |
| 14  | 60         | 10000000 | 5000000   | 156250   | 4096    | 32    | 2    | worker   | 12        | 16  | increase  | desc        | asc        | 4524288    | 4716.12  | 5129.8   | 6   | 19816,19956,20096,19817,19957,20097 | 413.68    | 8.77     |
| 8   | 60         | 10000000 | 625000    | 156250   | 1       | 128   | 16   | worker   | 12        | 16  | decrease  | desc        | asc        | 440536     | 15427.51 | 15829.95 | 6   | 10611,10736,10861,10612,10737,10862 | 402.44    | 2.61     |
| 15  | 60         | 10000000 | 5000000   | 156250   | 4096    | 32    | 2    | io_uring | 12        | 16  | decrease  | asc         | desc       | 3524288    | 3710.21  | 4096.61  | 6   | 22746,22886,23026,22747,22887,23027 | 386.4     | 10.41    |
| 14  | 60         | 10000000 | 5000000   | 156250   | 4096    | 32    | 2    | io_uring | 12        | 16  | increase  | desc        | asc        | 2524288    | 2677.81  | 3061.16  | 6   | 20636,20776,20916,20637,20777,20917 | 383.35    | 14.32    |
| 14  | 60         | 10000000 | 5000000   | 156250   | 4096    | 32    | 2    | worker   | 12        | 16  | increase  | desc        | asc        | 2524288    | 2659.01  | 3037.92  | 6   | 19796,19936,20076,19797,19937,20077 | 378.91    | 14.25    |
| 13  | 60         | 10000000 | 5000000   | 156250   | 4096    | 32    | 2    | io_uring | 12        | 16  | increase  | asc         | asc        | 3024288    | 739.87   | 1113.61  | 6   | 18961,19101,19241,18962,19102,19242 | 373.74    | 50.51    |
| 18  | 20         | 10000000 | 5000000   | 476191   | 1024    | 512   | 2    | worker   | 12        | 16  | increase  | desc        | asc        | 3524288    | 5389.63  | 5758.96  | 6   | 26526,26666,26806,26527,26667,26807 | 369.33    | 6.85     |
| 19  | 20         | 10000000 | 5000000   | 476191   | 1024    | 512   | 2    | worker   | 12        | 16  | decrease  | asc         | desc       | 3524288    | 5412.38  | 5781.09  | 6   | 28626,28766,28906,28627,28767,28907 | 368.71    | 6.81     |
| 16  | 60         | 10000000 | 5000000   | 156250   | 4096    | 32    | 2    | io_uring | 12        | 16  | decrease  | desc        | desc       | 2024288    | 525.62   | 893.24   | 6   | 24411,24551,24691,24412,24552,24692 | 367.62    | 69.94    |
| 14  | 60         | 10000000 | 5000000   | 156250   | 4096    | 32    | 2    | io_uring | 12        | 16  | increase  | desc        | asc        | 3024288    | 3175.12  | 3527.51  | 6   | 20641,20781,20921,20642,20782,20922 | 352.39    | 11.1     |
| 15  | 60         | 10000000 | 5000000   | 156250   | 4096    | 32    | 2    | worker   | 12        | 16  | decrease  | asc         | desc       | 2524288    | 2663.84  | 3003.78  | 6   | 21896,22036,22176,21897,22037,22177 | 339.94    | 12.76    |
| 13  | 60         | 10000000 | 5000000   | 156250   | 4096    | 32    | 2    | worker   | 12        | 16  | increase  | asc         | asc        | 3524288    | 896.69   | 1234.8   | 6   | 18126,18266,18406,18127,18267,18407 | 338.11    | 37.71    |
| 8   | 60         | 10000000 | 625000    | 156250   | 1       | 128   | 16   | worker   | 12        | 16  | decrease  | desc        | desc       | 503036     | 820.12   | 1156.57  | 6   | 10991,11116,11241,10992,11117,11242 | 336.45    | 41.02    |
| 14  | 60         | 10000000 | 5000000   | 156250   | 4096    | 32    | 2    | worker   | 12        | 16  | increase  | desc        | asc        | 4024288    | 4258.01  | 4592.72  | 6   | 19811,19951,20091,19812,19952,20092 | 334.71    | 7.86     |
| 13  | 60         | 10000000 | 5000000   | 156250   | 4096    | 32    | 2    | io_uring | 12        | 16  | increase  | asc         | asc        | 2524288    | 625.39   | 952.47   | 6   | 18956,19096,19236,18957,19097,19237 | 327.08    | 52.3     |
| 19  | 20         | 10000000 | 5000000   | 476191   | 1024    | 512   | 2    | worker   | 12        | 16  | decrease  | asc         | desc       | 3024288    | 4653.38  | 4977.2   | 6   | 28621,28761,28901,28622,28762,28902 | 323.82    | 6.96     |
| 19  | 20         | 10000000 | 5000000   | 476191   | 1024    | 512   | 2    | io_uring | 12        | 16  | decrease  | asc         | desc       | 3524288    | 5436.46  | 5752.05  | 6   | 29466,29606,29746,29467,29607,29747 | 315.59    | 5.81     |
| 6   | 60         | 10000000 | 625000    | 156250   | 1       | 128   | 16   | worker   | 12        | 16  | increase  | desc        | desc       | 378036     | 11535.29 | 11850.82 | 6   | 7981,8106,8231,7982,8107,8232       | 315.53    | 2.74     |
| 16  | 60         | 10000000 | 5000000   | 156250   | 4096    | 32    | 2    | io_uring | 12        | 16  | decrease  | desc        | desc       | 4524288    | 1112.13  | 1426.77  | 6   | 24436,24576,24716,24437,24577,24717 | 314.64    | 28.29    |
| 13  | 60         | 10000000 | 5000000   | 156250   | 4096    | 32    | 2    | worker   | 12        | 16  | increase  | asc         | asc        | 2524288    | 618.18   | 928.37   | 6   | 18116,18256,18396,18117,18257,18397 | 310.19    | 50.18    |
| 8   | 60         | 10000000 | 625000    | 156250   | 1       | 128   | 16   | worker   | 12        | 16  | decrease  | desc        | asc        | 565536     | 19769.64 | 20077.32 | 6   | 10621,10746,10871,10622,10747,10872 | 307.68    | 1.56     |
| 5   | 60         | 10000000 | 625000    | 156250   | 1       | 128   | 16   | worker   | 12        | 16  | increase  | asc         | desc       | 315536     | 11077.98 | 11383.45 | 6   | 6476,6601,6726,6477,6602,6727       | 305.47    | 2.76     |
| 16  | 60         | 10000000 | 5000000   | 156250   | 4096    | 32    | 2    | worker   | 12        | 16  | decrease  | desc        | desc       | 3024288    | 758.62   | 1058.8   | 6   | 23581,23721,23861,23582,23722,23862 | 300.18    | 39.57    |
| 15  | 60         | 10000000 | 5000000   | 156250   | 4096    | 32    | 2    | worker   | 12        | 16  | decrease  | asc         | desc       | 2024288    | 2148.05  | 2444.8   | 6   | 21891,22031,22171,21892,22032,22172 | 296.75    | 13.81    |
| 7   | 60         | 10000000 | 625000    | 156250   | 1       | 128   | 16   | worker   | 12        | 16  | decrease  | asc         | asc        | 565536     | 17125.26 | 17421.36 | 6   | 9121,9246,9371,9122,9247,9372       | 296.1     | 1.73     |
| 17  | 20         | 10000000 | 5000000   | 476191   | 1024    | 512   | 2    | io_uring | 12        | 16  | increase  | asc         | asc        | 2524288    | 1382.29  | 1677.55  | 6   | 25676,25816,25956,25677,25817,25957 | 295.26    | 21.36    |
| 14  | 60         | 10000000 | 5000000   | 156250   | 4096    | 32    | 2    | worker   | 12        | 16  | increase  | desc        | asc        | 3024288    | 3169.61  | 3464.68  | 6   | 19801,19941,20081,19802,19942,20082 | 295.07    | 9.31     |
| 18  | 20         | 10000000 | 5000000   | 476191   | 1024    | 512   | 2    | io_uring | 12        | 16  | increase  | desc        | asc        | 2024288    | 3126.79  | 3419.04  | 6   | 27351,27491,27631,27352,27492,27632 | 292.25    | 9.35     |
| 15  | 60         | 10000000 | 5000000   | 156250   | 4096    | 32    | 2    | worker   | 12        | 16  | decrease  | asc         | desc       | 3024288    | 3224.68  | 3512.94  | 6   | 21901,22041,22181,21902,22042,22182 | 288.26    | 8.94     |
| 6   | 60         | 10000000 | 625000    | 156250   | 1       | 128   | 16   | worker   | 12        | 16  | increase  | desc        | desc       | 440536     | 13301.05 | 13586.08 | 6   | 7986,8111,8236,7987,8112,8237       | 285.03    | 2.14     |
| 20  | 20         | 10000000 | 5000000   | 476191   | 1024    | 512   | 2    | worker   | 12        | 16  | decrease  | desc        | desc       | 4524288    | 2453.88  | 2736.78  | 6   | 30316,30456,30596,30317,30457,30597 | 282.9     | 11.53    |
| 13  | 60         | 10000000 | 5000000   | 156250   | 4096    | 32    | 2    | io_uring | 12        | 16  | increase  | asc         | asc        | 1524288    | 392.34   | 667.54   | 6   | 18946,19086,19226,18947,19087,19227 | 275.2     | 70.14    |
| 14  | 60         | 10000000 | 5000000   | 156250   | 4096    | 32    | 2    | worker   | 12        | 16  | increase  | desc        | asc        | 2024288    | 2141.61  | 2415.79  | 6   | 19791,19931,20071,19792,19932,20072 | 274.18    | 12.8     |
| 18  | 20         | 10000000 | 5000000   | 476191   | 1024    | 512   | 2    | worker   | 12        | 16  | increase  | desc        | asc        | 2524288    | 3874.17  | 4147.74  | 6   | 26516,26656,26796,26517,26657,26797 | 273.57    | 7.06     |
| 19  | 20         | 10000000 | 5000000   | 476191   | 1024    | 512   | 2    | worker   | 12        | 16  | decrease  | asc         | desc       | 4524288    | 6957.13  | 7224.87  | 6   | 28636,28776,28916,28637,28777,28917 | 267.74    | 3.85     |
| 18  | 20         | 10000000 | 5000000   | 476191   | 1024    | 512   | 2    | io_uring | 12        | 16  | increase  | desc        | asc        | 3524288    | 5418.32  | 5681.05  | 6   | 27366,27506,27646,27367,27507,27647 | 262.73    | 4.85     |
| 5   | 60         | 10000000 | 625000    | 156250   | 1       | 128   | 16   | worker   | 12        | 16  | increase  | asc         | asc        | 378036     | 620.36   | 876.62   | 6   | 6106,6231,6356,6107,6232,6357       | 256.26    | 41.31    |
| 20  | 20         | 10000000 | 5000000   | 476191   | 1024    | 512   | 2    | io_uring | 12        | 16  | decrease  | desc        | desc       | 4524288    | 2464.14  | 2720.05  | 6   | 31156,31296,31436,31157,31297,31437 | 255.91    | 10.39    |
| 6   | 60         | 10000000 | 625000    | 156250   | 1       | 128   | 16   | worker   | 12        | 16  | increase  | desc        | asc        | 378036     | 3081.22  | 3333.98  | 6   | 7606,7731,7856,7607,7732,7857       | 252.76    | 8.2      |
| 18  | 20         | 10000000 | 5000000   | 476191   | 1024    | 512   | 2    | io_uring | 12        | 16  | increase  | desc        | asc        | 1524288    | 2349.62  | 2591.58  | 6   | 27346,27486,27626,27347,27487,27627 | 241.96    | 10.3     |
| 5   | 60         | 10000000 | 625000    | 156250   | 1       | 128   | 16   | worker   | 12        | 16  | increase  | asc         | desc       | 253036     | 9017.4   | 9258.51  | 6   | 6471,6596,6721,6472,6597,6722       | 241.11    | 2.67     |
| 7   | 60         | 10000000 | 625000    | 156250   | 1       | 128   | 16   | worker   | 12        | 16  | decrease  | asc         | desc       | 565536     | 4494.03  | 4732.08  | 6   | 9496,9621,9746,9497,9622,9747       | 238.05    | 5.3      |
| 14  | 60         | 10000000 | 5000000   | 156250   | 4096    | 32    | 2    | io_uring | 12        | 16  | increase  | desc        | asc        | 2024288    | 2136.06  | 2371.99  | 6   | 20631,20771,20911,20632,20772,20912 | 235.93    | 11.05    |
| 19  | 20         | 10000000 | 5000000   | 476191   | 1024    | 512   | 2    | worker   | 12        | 16  | decrease  | asc         | desc       | 4024288    | 6175.79  | 6409.01  | 6   | 28631,28771,28911,28632,28772,28912 | 233.22    | 3.78     |
| 18  | 20         | 10000000 | 5000000   | 476191   | 1024    | 512   | 2    | io_uring | 12        | 16  | increase  | desc        | asc        | 3024288    | 4648.7   | 4881.65  | 6   | 27361,27501,27641,27362,27502,27642 | 232.95    | 5.01     |
| 15  | 60         | 10000000 | 5000000   | 156250   | 4096    | 32    | 2    | io_uring | 12        | 16  | decrease  | asc         | desc       | 4524288    | 4801.82  | 5032.96  | 6   | 22756,22896,23036,22757,22897,23037 | 231.14    | 4.81     |
| 13  | 60         | 10000000 | 5000000   | 156250   | 4096    | 32    | 2    | worker   | 12        | 16  | increase  | asc         | asc        | 2024288    | 509.47   | 739.92   | 6   | 18111,18251,18391,18112,18252,18392 | 230.45    | 45.23    |
| 15  | 60         | 10000000 | 5000000   | 156250   | 4096    | 32    | 2    | io_uring | 12        | 16  | decrease  | asc         | desc       | 2024288    | 2144.96  | 2373.32  | 6   | 22731,22871,23011,22732,22872,23012 | 228.36    | 10.65    |
| 5   | 60         | 10000000 | 625000    | 156250   | 1       | 128   | 16   | worker   | 12        | 16  | increase  | asc         | desc       | 378036     | 13246.09 | 13473.7  | 6   | 6481,6606,6731,6482,6607,6732       | 227.61    | 1.72     |
| 15  | 60         | 10000000 | 5000000   | 156250   | 4096    | 32    | 2    | worker   | 12        | 16  | decrease  | asc         | desc       | 1524288    | 1621.84  | 1838.53  | 6   | 21886,22026,22166,21887,22027,22167 | 216.69    | 13.36    |
| 7   | 60         | 10000000 | 625000    | 156250   | 1       | 128   | 16   | worker   | 12        | 16  | decrease  | asc         | desc       | 503036     | 4001.05  | 4217.19  | 6   | 9491,9616,9741,9492,9617,9742       | 216.14    | 5.4      |
| 15  | 60         | 10000000 | 5000000   | 156250   | 4096    | 32    | 2    | io_uring | 12        | 16  | decrease  | asc         | desc       | 4024288    | 4254.68  | 4458.85  | 6   | 22751,22891,23031,22752,22892,23032 | 204.17    | 4.8      |
| 8   | 60         | 10000000 | 625000    | 156250   | 1       | 128   | 16   | worker   | 12        | 16  | decrease  | desc        | desc       | 565536     | 929.5    | 1133.04  | 6   | 10996,11121,11246,10997,11122,11247 | 203.54    | 21.9     |
| 18  | 20         | 10000000 | 5000000   | 476191   | 1024    | 512   | 2    | io_uring | 12        | 16  | increase  | desc        | asc        | 2524288    | 3880.71  | 4084.12  | 6   | 27356,27496,27636,27357,27497,27637 | 203.41    | 5.24     |
| 7   | 60         | 10000000 | 625000    | 156250   | 1       | 128   | 16   | worker   | 12        | 16  | decrease  | asc         | asc        | 503036     | 15330.59 | 15528.62 | 6   | 9116,9241,9366,9117,9242,9367       | 198.03    | 1.29     |
| 13  | 60         | 10000000 | 5000000   | 156250   | 4096    | 32    | 2    | worker   | 12        | 16  | increase  | asc         | asc        | 4024288    | 1015.36  | 1212.68  | 6   | 18131,18271,18411,18132,18272,18412 | 197.32    | 19.43    |
| 17  | 20         | 10000000 | 5000000   | 476191   | 1024    | 512   | 2    | io_uring | 12        | 16  | increase  | asc         | asc        | 3524288    | 1912.04  | 2103.73  | 6   | 25686,25826,25966,25687,25827,25967 | 191.69    | 10.03    |
| 16  | 60         | 10000000 | 5000000   | 156250   | 4096    | 32    | 2    | worker   | 12        | 16  | decrease  | desc        | desc       | 1524288    | 389.15   | 577.63   | 6   | 23566,23706,23846,23567,23707,23847 | 188.48    | 48.43    |
| 15  | 60         | 10000000 | 5000000   | 156250   | 4096    | 32    | 2    | worker   | 12        | 16  | decrease  | asc         | desc       | 1024288    | 1103.42  | 1290.4   | 6   | 21881,22021,22161,21882,22022,22162 | 186.98    | 16.95    |
| 7   | 60         | 10000000 | 625000    | 156250   | 1       | 128   | 16   | worker   | 12        | 16  | decrease  | asc         | desc       | 440536     | 3510.37  | 3697.02  | 6   | 9486,9611,9736,9487,9612,9737       | 186.65    | 5.32     |
| 16  | 60         | 10000000 | 5000000   | 156250   | 4096    | 32    | 2    | io_uring | 12        | 16  | decrease  | desc        | desc       | 3024288    | 763.66   | 949.7    | 6   | 24421,24561,24701,24422,24562,24702 | 186.04    | 24.36    |
| 16  | 60         | 10000000 | 5000000   | 156250   | 4096    | 32    | 2    | io_uring | 12        | 16  | decrease  | desc        | desc       | 1024288    | 272.95   | 457.49   | 6   | 24401,24541,24681,24402,24542,24682 | 184.54    | 67.61    |
| 20  | 20         | 10000000 | 5000000   | 476191   | 1024    | 512   | 2    | io_uring | 12        | 16  | decrease  | desc        | desc       | 1524288    | 823.74   | 1006.69  | 6   | 31126,31266,31406,31127,31267,31407 | 182.95    | 22.21    |
| 16  | 60         | 10000000 | 5000000   | 156250   | 4096    | 32    | 2    | worker   | 12        | 16  | decrease  | desc        | desc       | 2024288    | 530.24   | 711.75   | 6   | 23571,23711,23851,23572,23712,23852 | 181.51    | 34.23    |
| 6   | 60         | 10000000 | 625000    | 156250   | 1       | 128   | 16   | worker   | 12        | 16  | increase  | desc        | desc       | 565536     | 17157.92 | 17338.55 | 6   | 7996,8121,8246,7997,8122,8247       | 180.63    | 1.05     |
| 16  | 60         | 10000000 | 5000000   | 156250   | 4096    | 32    | 2    | worker   | 12        | 16  | decrease  | desc        | desc       | 3524288    | 876.78   | 1056.52  | 6   | 23586,23726,23866,23587,23727,23867 | 179.74    | 20.5     |
| 6   | 60         | 10000000 | 625000    | 156250   | 1       | 128   | 16   | worker   | 12        | 16  | increase  | desc        | asc        | 128036     | 1049.14  | 1226.89  | 6   | 7586,7711,7836,7587,7712,7837       | 177.75    | 16.94    |
| 5   | 60         | 10000000 | 625000    | 156250   | 1       | 128   | 16   | worker   | 12        | 16  | increase  | asc         | asc        | 440536     | 711.29   | 889.0    | 6   | 6111,6236,6361,6112,6237,6362       | 177.71    | 24.98    |
| 13  | 60         | 10000000 | 5000000   | 156250   | 4096    | 32    | 2    | worker   | 12        | 16  | increase  | asc         | asc        | 1524288    | 382.81   | 558.18   | 6   | 18106,18246,18386,18107,18247,18387 | 175.37    | 45.81    |
| 19  | 20         | 10000000 | 5000000   | 476191   | 1024    | 512   | 2    | worker   | 12        | 16  | decrease  | asc         | desc       | 2524288    | 3889.57  | 4063.47  | 6   | 28616,28756,28896,28617,28757,28897 | 173.9     | 4.47     |
| 20  | 20         | 10000000 | 5000000   | 476191   | 1024    | 512   | 2    | worker   | 12        | 16  | decrease  | desc        | desc       | 3024288    | 1655.69  | 1828.48  | 6   | 30301,30441,30581,30302,30442,30582 | 172.79    | 10.44    |
| 20  | 20         | 10000000 | 5000000   | 476191   | 1024    | 512   | 2    | io_uring | 12        | 16  | decrease  | desc        | desc       | 3024288    | 1651.4   | 1824.15  | 6   | 31141,31281,31421,31142,31282,31422 | 172.75    | 10.46    |
| 16  | 60         | 10000000 | 5000000   | 156250   | 4096    | 32    | 2    | io_uring | 12        | 16  | decrease  | desc        | desc       | 1524288    | 398.35   | 565.83   | 6   | 24406,24546,24686,24407,24547,24687 | 167.48    | 42.04    |
| 14  | 60         | 10000000 | 5000000   | 156250   | 4096    | 32    | 2    | worker   | 12        | 16  | increase  | desc        | asc        | 1024288    | 1109.55  | 1275.74  | 6   | 19781,19921,20061,19782,19922,20062 | 166.19    | 14.98    |
| 10  | 20         | 10000000 | 625000    | 476191   | 1       | 2     | 16   | io_uring | 12        | 16  | increase  | desc        | asc        | 565536     | 6463.63  | 6623.18  | 6   | 14371,14496,14621,14372,14497,14622 | 159.55    | 2.47     |
| 17  | 20         | 10000000 | 5000000   | 476191   | 1024    | 512   | 2    | worker   | 12        | 16  | increase  | asc         | asc        | 4524288    | 2431.35  | 2589.31  | 6   | 24856,24996,25136,24857,24997,25137 | 157.96    | 6.5      |
| 14  | 60         | 10000000 | 5000000   | 156250   | 4096    | 32    | 2    | io_uring | 12        | 16  | increase  | desc        | asc        | 1024288    | 1115.07  | 1271.51  | 6   | 20621,20761,20901,20622,20762,20902 | 156.44    | 14.03    |
| 8   | 60         | 10000000 | 625000    | 156250   | 1       | 128   | 16   | worker   | 12        | 16  | decrease  | desc        | asc        | 253036     | 8848.12  | 9003.08  | 6   | 10596,10721,10846,10597,10722,10847 | 154.96    | 1.75     |
| 8   | 60         | 10000000 | 625000    | 156250   | 1       | 128   | 16   | worker   | 12        | 16  | decrease  | desc        | desc       | 440536     | 719.15   | 869.33   | 6   | 10986,11111,11236,10987,11112,11237 | 150.18    | 20.88    |
| 18  | 20         | 10000000 | 5000000   | 476191   | 1024    | 512   | 2    | worker   | 12        | 16  | increase  | desc        | asc        | 1524288    | 2378.49  | 2527.17  | 6   | 26506,26646,26786,26507,26647,26787 | 148.68    | 6.25     |
| 5   | 60         | 10000000 | 625000    | 156250   | 1       | 128   | 16   | worker   | 12        | 16  | increase  | asc         | asc        | 315536     | 506.01   | 654.38   | 6   | 6101,6226,6351,6102,6227,6352       | 148.37    | 29.32    |
| 17  | 20         | 10000000 | 5000000   | 476191   | 1024    | 512   | 2    | worker   | 12        | 16  | increase  | asc         | asc        | 2024288    | 1088.16  | 1234.09  | 6   | 24831,24971,25111,24832,24972,25112 | 145.93    | 13.41    |
| 14  | 60         | 10000000 | 5000000   | 156250   | 4096    | 32    | 2    | io_uring | 12        | 16  | increase  | desc        | asc        | 1524288    | 1654.57  | 1795.67  | 6   | 20626,20766,20906,20627,20767,20907 | 141.1     | 8.53     |
| 11  | 20         | 10000000 | 625000    | 476191   | 1       | 2     | 16   | io_uring | 12        | 16  | decrease  | asc         | desc       | 565536     | 6478.06  | 6615.9   | 6   | 16246,16371,16496,16247,16372,16497 | 137.84    | 2.13     |
| 19  | 20         | 10000000 | 5000000   | 476191   | 1024    | 512   | 2    | io_uring | 12        | 16  | decrease  | asc         | desc       | 1524288    | 2362.13  | 2499.75  | 6   | 29446,29586,29726,29447,29587,29727 | 137.62    | 5.83     |
| 20  | 20         | 10000000 | 5000000   | 476191   | 1024    | 512   | 2    | io_uring | 12        | 16  | decrease  | desc        | desc       | 2524288    | 1389.26  | 1525.3   | 6   | 31136,31276,31416,31137,31277,31417 | 136.04    | 9.79     |
| 11  | 20         | 10000000 | 625000    | 476191   | 1       | 2     | 16   | io_uring | 12        | 16  | decrease  | asc         | desc       | 440536     | 5085.53  | 5221.17  | 6   | 16236,16361,16486,16237,16362,16487 | 135.64    | 2.67     |
| 20  | 20         | 10000000 | 5000000   | 476191   | 1024    | 512   | 2    | io_uring | 12        | 16  | decrease  | desc        | desc       | 2024288    | 1100.19  | 1228.43  | 6   | 31131,31271,31411,31132,31272,31412 | 128.24    | 11.66    |
| 20  | 20         | 10000000 | 5000000   | 476191   | 1024    | 512   | 2    | worker   | 12        | 16  | decrease  | desc        | desc       | 4024288    | 2183.6   | 2310.8   | 6   | 30311,30451,30591,30312,30452,30592 | 127.2     | 5.83     |
| 15  | 60         | 10000000 | 5000000   | 156250   | 4096    | 32    | 2    | io_uring | 12        | 16  | decrease  | asc         | desc       | 1024288    | 1116.04  | 1242.75  | 6   | 22721,22861,23001,22722,22862,23002 | 126.71    | 11.35    |
| 5   | 60         | 10000000 | 625000    | 156250   | 1       | 128   | 16   | worker   | 12        | 16  | increase  | asc         | desc       | 190536     | 6706.14  | 6832.44  | 6   | 6466,6591,6716,6467,6592,6717       | 126.3     | 1.88     |
| 8   | 60         | 10000000 | 625000    | 156250   | 1       | 128   | 16   | io_uring | 12        | 16  | decrease  | desc        | asc        | 503036     | 17682.52 | 17806.78 | 6   | 11366,11491,11616,11367,11492,11617 | 124.26    | 0.7      |
| 17  | 20         | 10000000 | 5000000   | 476191   | 1024    | 512   | 2    | worker   | 12        | 16  | increase  | asc         | asc        | 3524288    | 1894.4   | 2017.76  | 6   | 24846,24986,25126,24847,24987,25127 | 123.36    | 6.51     |
| 18  | 20         | 10000000 | 5000000   | 476191   | 1024    | 512   | 2    | io_uring | 12        | 16  | increase  | desc        | asc        | 524288     | 833.36   | 951.94   | 6   | 27336,27476,27616,27337,27477,27617 | 118.58    | 14.23    |
| 16  | 60         | 10000000 | 5000000   | 156250   | 4096    | 32    | 2    | worker   | 12        | 16  | decrease  | desc        | desc       | 2524288    | 641.47   | 759.4    | 6   | 23576,23716,23856,23577,23717,23857 | 117.93    | 18.38    |
| 7   | 60         | 10000000 | 625000    | 156250   | 1       | 128   | 16   | worker   | 12        | 16  | decrease  | asc         | desc       | 253036     | 2022.62  | 2139.05  | 6   | 9471,9596,9721,9472,9597,9722       | 116.43    | 5.76     |
| 17  | 20         | 10000000 | 5000000   | 476191   | 1024    | 512   | 2    | io_uring | 12        | 16  | increase  | asc         | asc        | 2024288    | 1110.48  | 1225.98  | 6   | 25671,25811,25951,25672,25812,25952 | 115.5     | 10.4     |
| 13  | 60         | 10000000 | 5000000   | 156250   | 4096    | 32    | 2    | worker   | 12        | 16  | increase  | asc         | asc        | 1024288    | 264.07   | 379.42   | 6   | 18101,18241,18381,18102,18242,18382 | 115.35    | 43.68    |
| 11  | 20         | 10000000 | 625000    | 476191   | 1       | 2     | 16   | io_uring | 12        | 16  | decrease  | asc         | desc       | 503036     | 5778.5   | 5893.06  | 6   | 16241,16366,16491,16242,16367,16492 | 114.56    | 1.98     |
| 16  | 60         | 10000000 | 5000000   | 156250   | 4096    | 32    | 2    | io_uring | 12        | 16  | decrease  | desc        | desc       | 2524288    | 674.96   | 788.64   | 6   | 24416,24556,24696,24417,24557,24697 | 113.68    | 16.84    |
| 6   | 60         | 10000000 | 625000    | 156250   | 1       | 128   | 16   | worker   | 12        | 16  | increase  | desc        | asc        | 315536     | 2542.12  | 2655.52  | 6   | 7601,7726,7851,7602,7727,7852       | 113.4     | 4.46     |
| 10  | 20         | 10000000 | 625000    | 476191   | 1       | 2     | 16   | io_uring | 12        | 16  | increase  | desc        | asc        | 440536     | 5075.51  | 5185.78  | 6   | 14361,14486,14611,14362,14487,14612 | 110.27    | 2.17     |
| 13  | 60         | 10000000 | 5000000   | 156250   | 4096    | 32    | 2    | io_uring | 12        | 16  | increase  | asc         | asc        | 2024288    | 516.11   | 626.28   | 6   | 18951,19091,19231,18952,19092,19232 | 110.17    | 21.35    |
| 11  | 20         | 10000000 | 625000    | 476191   | 1       | 2     | 16   | io_uring | 12        | 16  | decrease  | asc         | desc       | 378036     | 4345.0   | 4450.73  | 6   | 16231,16356,16481,16232,16357,16482 | 105.73    | 2.43     |
| 7   | 60         | 10000000 | 625000    | 156250   | 1       | 128   | 16   | worker   | 12        | 16  | decrease  | asc         | asc        | 190536     | 5775.84  | 5878.01  | 6   | 9091,9216,9341,9092,9217,9342       | 102.17    | 1.77     |
| 8   | 60         | 10000000 | 625000    | 156250   | 1       | 128   | 16   | worker   | 12        | 16  | decrease  | desc        | desc       | 253036     | 415.49   | 517.32   | 6   | 10971,11096,11221,10972,11097,11222 | 101.83    | 24.51    |
| 17  | 20         | 10000000 | 5000000   | 476191   | 1024    | 512   | 2    | worker   | 12        | 16  | increase  | asc         | asc        | 3024288    | 1642.96  | 1744.38  | 6   | 24841,24981,25121,24842,24982,25122 | 101.42    | 6.17     |
| 20  | 20         | 10000000 | 5000000   | 476191   | 1024    | 512   | 2    | worker   | 12        | 16  | decrease  | desc        | desc       | 3524288    | 1916.91  | 2016.19  | 6   | 30306,30446,30586,30307,30447,30587 | 99.28     | 5.18     |
| 5   | 60         | 10000000 | 625000    | 156250   | 1       | 128   | 16   | io_uring | 12        | 16  | increase  | asc         | desc       | 315536     | 11404.23 | 11503.34 | 6   | 7226,7351,7476,7227,7352,7477       | 99.11     | 0.87     |
| 11  | 20         | 10000000 | 625000    | 476191   | 1       | 2     | 16   | io_uring | 12        | 16  | decrease  | asc         | desc       | 315536     | 3620.01  | 3717.54  | 6   | 16226,16351,16476,16227,16352,16477 | 97.53     | 2.69     |
| 6   | 60         | 10000000 | 625000    | 156250   | 1       | 128   | 16   | io_uring | 12        | 16  | increase  | desc        | desc       | 253036     | 7705.35  | 7802.35  | 6   | 8721,8846,8971,8722,8847,8972       | 97.0      | 1.26     |
| 6   | 60         | 10000000 | 625000    | 156250   | 1       | 128   | 16   | worker   | 12        | 16  | increase  | desc        | asc        | 190536     | 1521.55  | 1618.4   | 6   | 7591,7716,7841,7592,7717,7842       | 96.85     | 6.37     |
| 16  | 60         | 10000000 | 5000000   | 156250   | 4096    | 32    | 2    | worker   | 12        | 16  | decrease  | desc        | desc       | 1024288    | 277.54   | 373.37   | 6   | 23561,23701,23841,23562,23702,23842 | 95.83     | 34.53    |
| 19  | 20         | 10000000 | 5000000   | 476191   | 1024    | 512   | 2    | worker   | 12        | 16  | decrease  | asc         | desc       | 2024288    | 3133.99  | 3228.77  | 6   | 28611,28751,28891,28612,28752,28892 | 94.78     | 3.02     |
| 10  | 20         | 10000000 | 625000    | 476191   | 1       | 2     | 16   | io_uring | 12        | 16  | increase  | desc        | asc        | 253036     | 2910.54  | 3002.98  | 6   | 14346,14471,14596,14347,14472,14597 | 92.44     | 3.18     |
| 7   | 60         | 10000000 | 625000    | 156250   | 1       | 128   | 16   | worker   | 12        | 16  | decrease  | asc         | desc       | 190536     | 1531.47  | 1622.68  | 6   | 9466,9591,9716,9467,9592,9717       | 91.21     | 5.96     |
| 17  | 20         | 10000000 | 5000000   | 476191   | 1024    | 512   | 2    | io_uring | 12        | 16  | increase  | asc         | asc        | 1524288    | 838.68   | 929.17   | 6   | 25666,25806,25946,25667,25807,25947 | 90.49     | 10.79    |
| 15  | 60         | 10000000 | 5000000   | 156250   | 4096    | 32    | 2    | io_uring | 12        | 16  | decrease  | asc         | desc       | 524288     | 576.75   | 666.24   | 6   | 22716,22856,22996,22717,22857,22997 | 89.49     | 15.52    |
| 20  | 20         | 10000000 | 5000000   | 476191   | 1024    | 512   | 2    | io_uring | 12        | 16  | decrease  | desc        | asc        | 524288     | 5790.53  | 5877.8   | 6   | 30696,30836,30976,30697,30837,30977 | 87.27     | 1.51     |
| 10  | 20         | 10000000 | 625000    | 476191   | 1       | 2     | 16   | io_uring | 12        | 16  | increase  | desc        | asc        | 378036     | 4327.82  | 4414.79  | 6   | 14356,14481,14606,14357,14482,14607 | 86.97     | 2.01     |
| 20  | 20         | 10000000 | 5000000   | 476191   | 1024    | 512   | 2    | worker   | 12        | 16  | decrease  | desc        | desc       | 2524288    | 1357.73  | 1443.7   | 6   | 30296,30436,30576,30297,30437,30577 | 85.97     | 6.33     |
| 18  | 20         | 10000000 | 5000000   | 476191   | 1024    | 512   | 2    | io_uring | 12        | 16  | increase  | desc        | asc        | 1024288    | 1597.39  | 1679.29  | 6   | 27341,27481,27621,27342,27482,27622 | 81.9      | 5.13     |
| 15  | 60         | 10000000 | 5000000   | 156250   | 4096    | 32    | 2    | io_uring | 12        | 16  | decrease  | asc         | desc       | 1524288    | 1628.87  | 1710.37  | 6   | 22726,22866,23006,22727,22867,23007 | 81.5      | 5.0      |
| 6   | 60         | 10000000 | 625000    | 156250   | 1       | 128   | 16   | worker   | 12        | 16  | increase  | desc        | desc       | 128036     | 3882.02  | 3963.26  | 6   | 7961,8086,8211,7962,8087,8212       | 81.24     | 2.09     |
| 18  | 20         | 10000000 | 5000000   | 476191   | 1024    | 512   | 2    | worker   | 12        | 16  | increase  | desc        | asc        | 2024288    | 3158.02  | 3237.83  | 6   | 26511,26651,26791,26512,26652,26792 | 79.81     | 2.53     |
| 20  | 20         | 10000000 | 5000000   | 476191   | 1024    | 512   | 2    | io_uring | 12        | 16  | decrease  | desc        | desc       | 1024288    | 556.06   | 634.99   | 6   | 31121,31261,31401,31122,31262,31402 | 78.93     | 14.19    |
| 17  | 20         | 10000000 | 5000000   | 476191   | 1024    | 512   | 2    | worker   | 12        | 16  | increase  | asc         | asc        | 1024288    | 552.21   | 628.53   | 6   | 24821,24961,25101,24822,24962,25102 | 76.32     | 13.82    |
| 5   | 60         | 10000000 | 625000    | 156250   | 1       | 128   | 16   | worker   | 12        | 16  | increase  | asc         | asc        | 190536     | 314.41   | 388.97   | 6   | 6091,6216,6341,6092,6217,6342       | 74.56     | 23.71    |
| 8   | 60         | 10000000 | 625000    | 156250   | 1       | 128   | 16   | worker   | 12        | 16  | decrease  | desc        | desc       | 128036     | 210.07   | 283.29   | 6   | 10961,11086,11211,10962,11087,11212 | 73.22     | 34.86    |
| 20  | 20         | 10000000 | 5000000   | 476191   | 1024    | 512   | 2    | worker   | 12        | 16  | decrease  | desc        | desc       | 2024288    | 1101.04  | 1172.53  | 6   | 30291,30431,30571,30292,30432,30572 | 71.49     | 6.49     |
| 16  | 60         | 10000000 | 5000000   | 156250   | 4096    | 32    | 2    | worker   | 12        | 16  | decrease  | desc        | desc       | 524288     | 146.82   | 215.78   | 6   | 23556,23696,23836,23557,23697,23837 | 68.96     | 46.97    |
| 13  | 60         | 10000000 | 5000000   | 156250   | 4096    | 32    | 2    | io_uring | 12        | 16  | increase  | asc         | asc        | 1024288    | 268.62   | 336.56   | 6   | 18941,19081,19221,18942,19082,19222 | 67.94     | 25.29    |
| 7   | 60         | 10000000 | 625000    | 156250   | 1       | 128   | 16   | worker   | 12        | 16  | decrease  | asc         | asc        | 128036     | 3904.04  | 3971.65  | 6   | 9086,9211,9336,9087,9212,9337       | 67.61     | 1.73     |
| 8   | 60         | 10000000 | 625000    | 156250   | 1       | 128   | 16   | worker   | 12        | 16  | decrease  | desc        | asc        | 378036     | 13222.67 | 13289.76 | 6   | 10606,10731,10856,10607,10732,10857 | 67.09     | 0.51     |
| 14  | 60         | 10000000 | 5000000   | 156250   | 4096    | 32    | 2    | worker   | 12        | 16  | increase  | desc        | asc        | 1524288    | 1650.05  | 1716.49  | 6   | 19786,19926,20066,19787,19927,20067 | 66.44     | 4.03     |
| 20  | 20         | 10000000 | 5000000   | 476191   | 1024    | 512   | 2    | worker   | 12        | 16  | decrease  | desc        | desc       | 1524288    | 839.09   | 903.93   | 6   | 30286,30426,30566,30287,30427,30567 | 64.84     | 7.73     |
| 17  | 20         | 10000000 | 5000000   | 476191   | 1024    | 512   | 2    | io_uring | 12        | 16  | increase  | asc         | desc       | 2524288    | 27716.13 | 27780.56 | 6   | 26096,26236,26376,26097,26237,26377 | 64.43     | 0.23     |
| 10  | 20         | 10000000 | 625000    | 476191   | 1       | 2     | 16   | io_uring | 12        | 16  | increase  | desc        | asc        | 503036     | 5747.15  | 5811.33  | 6   | 14366,14491,14616,14367,14492,14617 | 64.18     | 1.12     |
| 6   | 60         | 10000000 | 625000    | 156250   | 1       | 128   | 16   | io_uring | 12        | 16  | increase  | desc        | desc       | 503036     | 15340.03 | 15403.35 | 6   | 8741,8866,8991,8742,8867,8992       | 63.32     | 0.41     |
| 7   | 60         | 10000000 | 625000    | 156250   | 1       | 128   | 16   | worker   | 12        | 16  | decrease  | asc         | desc       | 128036     | 1029.3   | 1092.48  | 6   | 9461,9586,9711,9462,9587,9712       | 63.18     | 6.14     |
| 11  | 20         | 10000000 | 625000    | 476191   | 1       | 2     | 16   | io_uring | 12        | 16  | decrease  | asc         | desc       | 253036     | 2922.87  | 2985.3   | 6   | 16221,16346,16471,16222,16347,16472 | 62.43     | 2.14     |
| 7   | 60         | 10000000 | 625000    | 156250   | 1       | 128   | 16   | worker   | 12        | 16  | decrease  | asc         | asc        | 32768      | 1008.77  | 1070.05  | 6   | 9076,9201,9326,9077,9202,9327       | 61.28     | 6.07     |
| 14  | 60         | 10000000 | 5000000   | 156250   | 4096    | 32    | 2    | io_uring | 12        | 16  | increase  | desc        | asc        | 524288     | 570.55   | 630.45   | 6   | 20616,20756,20896,20617,20757,20897 | 59.9      | 10.5     |
| 8   | 60         | 10000000 | 625000    | 156250   | 1       | 128   | 16   | worker   | 12        | 16  | decrease  | desc        | asc        | 65536      | 2312.37  | 2366.68  | 6   | 10581,10706,10831,10582,10707,10832 | 54.31     | 2.35     |
| 15  | 60         | 10000000 | 5000000   | 156250   | 4096    | 32    | 2    | worker   | 12        | 16  | decrease  | asc         | desc       | 524288     | 573.26   | 626.02   | 6   | 21876,22016,22156,21877,22017,22157 | 52.76     | 9.2      |
| 13  | 60         | 10000000 | 5000000   | 156250   | 4096    | 32    | 2    | worker   | 12        | 16  | increase  | asc         | asc        | 262144     | 78.57    | 131.24   | 6   | 18091,18231,18371,18092,18232,18372 | 52.67     | 67.04    |
| 20  | 20         | 10000000 | 5000000   | 476191   | 1024    | 512   | 2    | worker   | 12        | 16  | decrease  | desc        | desc       | 524288     | 298.62   | 350.96   | 6   | 30276,30416,30556,30277,30417,30557 | 52.34     | 17.53    |
| 14  | 60         | 10000000 | 5000000   | 156250   | 4096    | 32    | 2    | worker   | 12        | 16  | increase  | desc        | asc        | 524288     | 573.7    | 625.23   | 6   | 19776,19916,20056,19777,19917,20057 | 51.53     | 8.98     |
| 5   | 60         | 10000000 | 625000    | 156250   | 1       | 128   | 16   | worker   | 12        | 16  | increase  | asc         | desc       | 128036     | 4541.57  | 4592.6   | 6   | 6461,6586,6711,6462,6587,6712       | 51.03     | 1.12     |
| 18  | 20         | 10000000 | 5000000   | 476191   | 1024    | 512   | 2    | io_uring | 12        | 16  | increase  | desc        | desc       | 1524288    | 15287.82 | 15335.81 | 6   | 27766,27906,28046,27767,27907,28047 | 47.99     | 0.31     |
| 5   | 60         | 10000000 | 625000    | 156250   | 1       | 128   | 16   | worker   | 12        | 16  | increase  | asc         | asc        | 128036     | 209.03   | 256.37   | 6   | 6086,6211,6336,6087,6212,6337       | 47.34     | 22.65    |
| 10  | 20         | 10000000 | 625000    | 476191   | 1       | 2     | 16   | io_uring | 12        | 16  | increase  | desc        | asc        | 315536     | 3632.45  | 3679.18  | 6   | 14351,14476,14601,14352,14477,14602 | 46.73     | 1.29     |
| 19  | 20         | 10000000 | 5000000   | 476191   | 1024    | 512   | 2    | worker   | 12        | 16  | decrease  | asc         | desc       | 262144     | 419.61   | 465.3    | 6   | 28591,28731,28871,28592,28732,28872 | 45.69     | 10.89    |
| 6   | 60         | 10000000 | 625000    | 156250   | 1       | 128   | 16   | io_uring | 12        | 16  | increase  | desc        | asc        | 565536     | 4494.34  | 4536.88  | 6   | 8371,8496,8621,8372,8497,8622       | 42.54     | 0.95     |
| 14  | 60         | 10000000 | 5000000   | 156250   | 4096    | 32    | 2    | worker   | 12        | 16  | increase  | desc        | asc        | 262144     | 296.39   | 337.99   | 6   | 19771,19911,20051,19772,19912,20052 | 41.6      | 14.04    |
| 10  | 20         | 10000000 | 625000    | 476191   | 1       | 2     | 16   | io_uring | 12        | 16  | increase  | desc        | asc        | 190536     | 2195.65  | 2235.96  | 6   | 14341,14466,14591,14342,14467,14592 | 40.31     | 1.84     |
| 19  | 20         | 10000000 | 5000000   | 476191   | 1024    | 512   | 2    | io_uring | 12        | 16  | decrease  | asc         | desc       | 524288     | 826.07   | 866.36   | 6   | 29436,29576,29716,29437,29577,29717 | 40.29     | 4.88     |
| 16  | 60         | 10000000 | 5000000   | 156250   | 4096    | 32    | 2    | worker   | 12        | 16  | decrease  | desc        | desc       | 262144     | 79.88    | 120.12   | 6   | 23551,23691,23831,23552,23692,23832 | 40.24     | 50.38    |
| 7   | 60         | 10000000 | 625000    | 156250   | 1       | 128   | 16   | worker   | 12        | 16  | decrease  | asc         | asc        | 315536     | 9545.04  | 9584.59  | 6   | 9101,9226,9351,9102,9227,9352       | 39.55     | 0.41     |
| 19  | 20         | 10000000 | 5000000   | 476191   | 1024    | 512   | 2    | worker   | 12        | 16  | decrease  | asc         | asc        | 1024288    | 10084.61 | 10122.6  | 6   | 28181,28321,28461,28182,28322,28462 | 37.99     | 0.38     |
| 17  | 20         | 10000000 | 5000000   | 476191   | 1024    | 512   | 2    | io_uring | 12        | 16  | increase  | asc         | asc        | 1024288    | 578.89   | 616.47   | 6   | 25661,25801,25941,25662,25802,25942 | 37.58     | 6.49     |
| 8   | 60         | 10000000 | 625000    | 156250   | 1       | 128   | 16   | io_uring | 12        | 16  | decrease  | desc        | desc       | 503036     | 813.36   | 850.49   | 6   | 11741,11866,11991,11742,11867,11992 | 37.13     | 4.57     |
| 18  | 20         | 10000000 | 5000000   | 476191   | 1024    | 512   | 2    | worker   | 12        | 16  | increase  | desc        | asc        | 1024288    | 1613.4   | 1650.38  | 6   | 26501,26641,26781,26502,26642,26782 | 36.98     | 2.29     |
| 18  | 20         | 10000000 | 5000000   | 476191   | 1024    | 512   | 2    | io_uring | 12        | 16  | increase  | desc        | asc        | 4524288    | 6953.78  | 6990.63  | 6   | 27376,27516,27656,27377,27517,27657 | 36.85     | 0.53     |
| 9   | 20         | 10000000 | 625000    | 476191   | 1       | 2     | 16   | worker   | 12        | 16  | increase  | asc         | asc        | 253036     | 974.43   | 1010.46  | 6   | 12096,12221,12346,12097,12222,12347 | 36.03     | 3.7      |
| 20  | 20         | 10000000 | 5000000   | 476191   | 1024    | 512   | 2    | io_uring | 12        | 16  | decrease  | desc        | desc       | 3524288    | 1914.84  | 1950.83  | 6   | 31146,31286,31426,31147,31287,31427 | 35.99     | 1.88     |
| 17  | 20         | 10000000 | 5000000   | 476191   | 1024    | 512   | 2    | worker   | 12        | 16  | increase  | asc         | asc        | 524288     | 286.07   | 321.82   | 6   | 24816,24956,25096,24817,24957,25097 | 35.75     | 12.5     |
| 5   | 60         | 10000000 | 625000    | 156250   | 1       | 128   | 16   | io_uring | 12        | 16  | increase  | asc         | desc       | 440536     | 15521.92 | 15557.32 | 6   | 7236,7361,7486,7237,7362,7487       | 35.4      | 0.23     |
| 8   | 60         | 10000000 | 625000    | 156250   | 1       | 128   | 16   | worker   | 12        | 16  | decrease  | desc        | asc        | 190536     | 6666.97  | 6702.3   | 6   | 10591,10716,10841,10592,10717,10842 | 35.33     | 0.53     |
| 16  | 60         | 10000000 | 5000000   | 156250   | 4096    | 32    | 2    | io_uring | 12        | 16  | decrease  | desc        | desc       | 262144     | 78.13    | 113.4    | 6   | 24391,24531,24671,24392,24532,24672 | 35.27     | 45.14    |
| 17  | 20         | 10000000 | 5000000   | 476191   | 1024    | 512   | 2    | io_uring | 12        | 16  | increase  | asc         | asc        | 4024288    | 2176.24  | 2211.35  | 6   | 25691,25831,25971,25692,25832,25972 | 35.11     | 1.61     |
| 13  | 60         | 10000000 | 5000000   | 156250   | 4096    | 32    | 2    | io_uring | 12        | 16  | increase  | asc         | asc        | 524288     | 144.17   | 179.07   | 6   | 18936,19076,19216,18937,19077,19217 | 34.9      | 24.21    |
| 18  | 20         | 10000000 | 5000000   | 476191   | 1024    | 512   | 2    | worker   | 12        | 16  | increase  | desc        | asc        | 262144     | 427.98   | 462.43   | 6   | 26491,26631,26771,26492,26632,26772 | 34.45     | 8.05     |
| 16  | 60         | 10000000 | 5000000   | 156250   | 4096    | 32    | 2    | io_uring | 12        | 16  | decrease  | desc        | desc       | 524288     | 144.23   | 177.14   | 6   | 24396,24536,24676,24397,24537,24677 | 32.91     | 22.82    |
| 20  | 20         | 10000000 | 5000000   | 476191   | 1024    | 512   | 2    | worker   | 12        | 16  | decrease  | desc        | desc       | 262144     | 157.54   | 190.27   | 6   | 30271,30411,30551,30272,30412,30552 | 32.73     | 20.78    |
| 7   | 60         | 10000000 | 625000    | 156250   | 1       | 128   | 16   | worker   | 12        | 16  | decrease  | asc         | asc        | 65536      | 2016.7   | 2049.39  | 6   | 9081,9206,9331,9082,9207,9332       | 32.69     | 1.62     |
| 6   | 60         | 10000000 | 625000    | 156250   | 1       | 128   | 16   | worker   | 12        | 16  | increase  | desc        | desc       | 16384      | 506.8    | 538.94   | 6   | 7946,8071,8196,7947,8072,8197       | 32.14     | 6.34     |
| 8   | 60         | 10000000 | 625000    | 156250   | 1       | 128   | 16   | worker   | 12        | 16  | decrease  | desc        | asc        | 16384      | 576.9    | 608.27   | 6   | 10571,10696,10821,10572,10697,10822 | 31.37     | 5.44     |
| 6   | 60         | 10000000 | 625000    | 156250   | 1       | 128   | 16   | worker   | 12        | 16  | increase  | desc        | asc        | 65536      | 549.01   | 578.69   | 6   | 7581,7706,7831,7582,7707,7832       | 29.68     | 5.41     |
| 7   | 60         | 10000000 | 625000    | 156250   | 1       | 128   | 16   | io_uring | 12        | 16  | decrease  | asc         | desc       | 378036     | 3024.0   | 3053.53  | 6   | 10231,10356,10481,10232,10357,10482 | 29.53     | 0.98     |
| 6   | 60         | 10000000 | 625000    | 156250   | 1       | 128   | 16   | io_uring | 12        | 16  | increase  | desc        | asc        | 378036     | 3013.42  | 3042.69  | 6   | 8356,8481,8606,8357,8482,8607       | 29.27     | 0.97     |
| 11  | 20         | 10000000 | 625000    | 476191   | 1       | 2     | 16   | io_uring | 12        | 16  | decrease  | asc         | desc       | 128036     | 1505.54  | 1534.19  | 6   | 16211,16336,16461,16212,16337,16462 | 28.65     | 1.9      |
| 13  | 60         | 10000000 | 5000000   | 156250   | 4096    | 32    | 2    | worker   | 12        | 16  | increase  | asc         | asc        | 131072     | 48.34    | 76.45    | 6   | 18086,18226,18366,18087,18227,18367 | 28.11     | 58.15    |
| 20  | 20         | 10000000 | 5000000   | 476191   | 1024    | 512   | 2    | worker   | 12        | 16  | decrease  | desc        | desc       | 1024288    | 561.04   | 588.95   | 6   | 30281,30421,30561,30282,30422,30562 | 27.91     | 4.97     |
| 15  | 60         | 10000000 | 5000000   | 156250   | 4096    | 32    | 2    | io_uring | 12        | 16  | decrease  | asc         | desc       | 262144     | 300.42   | 327.98   | 6   | 22711,22851,22991,22712,22852,22992 | 27.56     | 9.17     |
| 19  | 20         | 10000000 | 5000000   | 476191   | 1024    | 512   | 2    | worker   | 12        | 16  | decrease  | asc         | desc       | 524288     | 833.1    | 859.92   | 6   | 28596,28736,28876,28597,28737,28877 | 26.82     | 3.22     |
| 19  | 20         | 10000000 | 5000000   | 476191   | 1024    | 512   | 2    | io_uring | 12        | 16  | decrease  | asc         | asc        | 1524288    | 15233.49 | 15258.74 | 6   | 29026,29166,29306,29027,29167,29307 | 25.25     | 0.17     |
| 10  | 20         | 10000000 | 625000    | 476191   | 1       | 2     | 16   | io_uring | 12        | 16  | increase  | desc        | asc        | 128036     | 1482.05  | 1506.55  | 6   | 14336,14461,14586,14337,14462,14587 | 24.5      | 1.65     |
| 13  | 60         | 10000000 | 5000000   | 156250   | 4096    | 32    | 2    | worker   | 12        | 16  | increase  | asc         | asc        | 524288     | 149.0    | 173.4    | 6   | 18096,18236,18376,18097,18237,18377 | 24.4      | 16.38    |
| 15  | 60         | 10000000 | 5000000   | 156250   | 4096    | 32    | 2    | worker   | 12        | 16  | decrease  | asc         | desc       | 262144     | 295.17   | 319.12   | 6   | 21871,22011,22151,21872,22012,22152 | 23.95     | 8.11     |
| 5   | 60         | 10000000 | 625000    | 156250   | 1       | 128   | 16   | io_uring | 12        | 16  | increase  | asc         | desc       | 253036     | 8962.59  | 8986.4   | 6   | 7221,7346,7471,7222,7347,7472       | 23.81     | 0.27     |
| 19  | 20         | 10000000 | 5000000   | 476191   | 1024    | 512   | 2    | worker   | 12        | 16  | decrease  | asc         | desc       | 1524288    | 2366.35  | 2390.04  | 6   | 28606,28746,28886,28607,28747,28887 | 23.69     | 1.0      |
| 13  | 60         | 10000000 | 5000000   | 156250   | 4096    | 32    | 2    | io_uring | 12        | 16  | increase  | asc         | asc        | 262144     | 81.35    | 104.92   | 6   | 18931,19071,19211,18932,19072,19212 | 23.57     | 28.97    |
| 17  | 20         | 10000000 | 5000000   | 476191   | 1024    | 512   | 2    | io_uring | 12        | 16  | increase  | asc         | asc        | 524288     | 302.54   | 325.94   | 6   | 25656,25796,25936,25657,25797,25937 | 23.4      | 7.73     |
| 7   | 60         | 10000000 | 625000    | 156250   | 1       | 128   | 16   | worker   | 12        | 16  | decrease  | asc         | asc        | 16384      | 508.07   | 531.21   | 6   | 9071,9196,9321,9072,9197,9322       | 23.14     | 4.55     |
| 8   | 60         | 10000000 | 625000    | 156250   | 1       | 128   | 16   | worker   | 12        | 16  | decrease  | desc        | desc       | 65536      | 113.17   | 136.26   | 6   | 10956,11081,11206,10957,11082,11207 | 23.09     | 20.4     |
| 14  | 60         | 10000000 | 5000000   | 156250   | 4096    | 32    | 2    | io_uring | 12        | 16  | increase  | desc        | asc        | 262144     | 296.49   | 319.04   | 6   | 20611,20751,20891,20612,20752,20892 | 22.55     | 7.61     |
| 11  | 20         | 10000000 | 625000    | 476191   | 1       | 2     | 16   | io_uring | 12        | 16  | decrease  | asc         | desc       | 190536     | 2246.35  | 2268.47  | 6   | 16216,16341,16466,16217,16342,16467 | 22.12     | 0.98     |
| 16  | 60         | 10000000 | 5000000   | 156250   | 4096    | 32    | 2    | worker   | 12        | 16  | decrease  | desc        | desc       | 131072     | 45.98    | 67.95    | 6   | 23546,23686,23826,23547,23687,23827 | 21.97     | 47.78    |
| 14  | 60         | 10000000 | 5000000   | 156250   | 4096    | 32    | 2    | worker   | 12        | 16  | increase  | desc        | asc        | 131072     | 157.01   | 178.77   | 6   | 19766,19906,20046,19767,19907,20047 | 21.76     | 13.86    |
| 17  | 20         | 10000000 | 5000000   | 476191   | 1024    | 512   | 2    | worker   | 12        | 16  | increase  | asc         | asc        | 131072     | 83.04    | 104.63   | 6   | 24806,24946,25086,24807,24947,25087 | 21.59     | 26.0     |
| 5   | 60         | 10000000 | 625000    | 156250   | 1       | 128   | 16   | io_uring | 12        | 16  | increase  | asc         | asc        | 503036     | 818.6    | 839.48   | 6   | 6866,6991,7116,6867,6992,7117       | 20.88     | 2.55     |
| 15  | 60         | 10000000 | 5000000   | 156250   | 4096    | 32    | 2    | io_uring | 12        | 16  | decrease  | asc         | desc       | 131072     | 151.94   | 172.37   | 6   | 22706,22846,22986,22707,22847,22987 | 20.43     | 13.45    |
| 18  | 20         | 10000000 | 5000000   | 476191   | 1024    | 512   | 2    | worker   | 12        | 16  | increase  | desc        | asc        | 3024288    | 4656.74  | 4676.97  | 6   | 26521,26661,26801,26522,26662,26802 | 20.23     | 0.43     |
| 18  | 20         | 10000000 | 5000000   | 476191   | 1024    | 512   | 2    | io_uring | 12        | 16  | increase  | desc        | desc       | 1024288    | 10343.59 | 10363.65 | 6   | 27761,27901,28041,27762,27902,28042 | 20.06     | 0.19     |
| 7   | 60         | 10000000 | 625000    | 156250   | 1       | 128   | 16   | worker   | 12        | 16  | decrease  | asc         | asc        | 440536     | 13307.44 | 13326.94 | 6   | 9111,9236,9361,9112,9237,9362       | 19.5      | 0.15     |
| 13  | 60         | 10000000 | 5000000   | 156250   | 4096    | 32    | 2    | io_uring | 12        | 16  | increase  | asc         | asc        | 131072     | 47.86    | 67.29    | 6   | 18926,19066,19206,18927,19067,19207 | 19.43     | 40.6     |
| 8   | 60         | 10000000 | 625000    | 156250   | 1       | 128   | 16   | io_uring | 12        | 16  | decrease  | desc        | desc       | 565536     | 912.06   | 931.28   | 6   | 11746,11871,11996,11747,11872,11997 | 19.22     | 2.11     |
| 7   | 60         | 10000000 | 625000    | 156250   | 1       | 128   | 16   | io_uring | 12        | 16  | decrease  | asc         | desc       | 315536     | 2534.47  | 2553.37  | 6   | 10226,10351,10476,10227,10352,10477 | 18.9      | 0.75     |
| 18  | 20         | 10000000 | 5000000   | 476191   | 1024    | 512   | 2    | io_uring | 12        | 16  | increase  | desc        | asc        | 131072     | 219.41   | 238.04   | 6   | 27326,27466,27606,27327,27467,27607 | 18.63     | 8.49     |
| 6   | 60         | 10000000 | 625000    | 156250   | 1       | 128   | 16   | io_uring | 12        | 16  | increase  | desc        | desc       | 128036     | 3910.31  | 3928.92  | 6   | 8711,8836,8961,8712,8837,8962       | 18.61     | 0.48     |
| 17  | 20         | 10000000 | 5000000   | 476191   | 1024    | 512   | 2    | io_uring | 12        | 16  | increase  | asc         | asc        | 131072     | 86.2     | 104.8    | 6   | 25646,25786,25926,25647,25787,25927 | 18.6      | 21.58    |
| 19  | 20         | 10000000 | 5000000   | 476191   | 1024    | 512   | 2    | io_uring | 12        | 16  | decrease  | asc         | desc       | 262144     | 421.06   | 439.33   | 6   | 29431,29571,29711,29432,29572,29712 | 18.27     | 4.34     |
| 8   | 60         | 10000000 | 625000    | 156250   | 1       | 128   | 16   | io_uring | 12        | 16  | decrease  | desc        | asc        | 128036     | 4514.25  | 4532.5   | 6   | 11336,11461,11586,11337,11462,11587 | 18.25     | 0.4      |
| 5   | 60         | 10000000 | 625000    | 156250   | 1       | 128   | 16   | worker   | 12        | 16  | increase  | asc         | desc       | 16384      | 587.48   | 604.82   | 6   | 6446,6571,6696,6447,6572,6697       | 17.34     | 2.95     |
| 19  | 20         | 10000000 | 5000000   | 476191   | 1024    | 512   | 2    | worker   | 12        | 16  | decrease  | asc         | desc       | 131072     | 217.51   | 234.28   | 6   | 28586,28726,28866,28587,28727,28867 | 16.77     | 7.71     |
| 18  | 20         | 10000000 | 5000000   | 476191   | 1024    | 512   | 2    | worker   | 12        | 16  | increase  | desc        | asc        | 65536      | 114.17   | 130.49   | 6   | 26481,26621,26761,26482,26622,26762 | 16.32     | 14.29    |
| 6   | 60         | 10000000 | 625000    | 156250   | 1       | 128   | 16   | io_uring | 12        | 16  | increase  | desc        | asc        | 440536     | 3498.0   | 3514.3   | 6   | 8361,8486,8611,8362,8487,8612       | 16.3      | 0.47     |
| 18  | 20         | 10000000 | 5000000   | 476191   | 1024    | 512   | 2    | worker   | 12        | 16  | increase  | desc        | asc        | 131072     | 219.93   | 235.98   | 6   | 26486,26626,26766,26487,26627,26767 | 16.05     | 7.3      |
| 18  | 20         | 10000000 | 5000000   | 476191   | 1024    | 512   | 2    | io_uring | 12        | 16  | increase  | desc        | asc        | 4024288    | 6190.75  | 6206.47  | 6   | 27371,27511,27651,27372,27512,27652 | 15.72     | 0.25     |
| 19  | 20         | 10000000 | 5000000   | 476191   | 1024    | 512   | 2    | io_uring | 12        | 16  | decrease  | asc         | desc       | 131072     | 219.47   | 235.0    | 6   | 29426,29566,29706,29427,29567,29707 | 15.53     | 7.08     |
| 6   | 60         | 10000000 | 625000    | 156250   | 1       | 128   | 16   | io_uring | 12        | 16  | increase  | desc        | asc        | 315536     | 2521.84  | 2537.07  | 6   | 8351,8476,8601,8352,8477,8602       | 15.23     | 0.6      |
| 19  | 20         | 10000000 | 5000000   | 476191   | 1024    | 512   | 2    | worker   | 12        | 16  | decrease  | asc         | desc       | 1024288    | 1590.54  | 1605.64  | 6   | 28601,28741,28881,28602,28742,28882 | 15.1      | 0.95     |
| 8   | 60         | 10000000 | 625000    | 156250   | 1       | 128   | 16   | io_uring | 12        | 16  | decrease  | desc        | desc       | 315536     | 527.9    | 542.55   | 6   | 11726,11851,11976,11727,11852,11977 | 14.65     | 2.78     |
| 5   | 60         | 10000000 | 625000    | 156250   | 1       | 128   | 16   | worker   | 12        | 16  | increase  | asc         | desc       | 8192       | 294.42   | 308.95   | 6   | 6441,6566,6691,6442,6567,6692       | 14.53     | 4.94     |
| 8   | 60         | 10000000 | 625000    | 156250   | 1       | 128   | 16   | io_uring | 12        | 16  | decrease  | desc        | desc       | 440536     | 721.63   | 736.14   | 6   | 11736,11861,11986,11737,11862,11987 | 14.51     | 2.01     |
| 5   | 60         | 10000000 | 625000    | 156250   | 1       | 128   | 16   | worker   | 12        | 16  | increase  | asc         | asc        | 16384      | 33.55    | 47.99    | 6   | 6071,6196,6321,6072,6197,6322       | 14.44     | 43.04    |
| 8   | 60         | 10000000 | 625000    | 156250   | 1       | 128   | 16   | io_uring | 12        | 16  | decrease  | desc        | asc        | 65536      | 2316.07  | 2329.91  | 6   | 11331,11456,11581,11332,11457,11582 | 13.84     | 0.6      |
| 18  | 20         | 10000000 | 5000000   | 476191   | 1024    | 512   | 2    | worker   | 12        | 16  | increase  | desc        | desc       | 131072     | 1345.42  | 1358.64  | 6   | 26906,27046,27186,26907,27047,27187 | 13.22     | 0.98     |
| 5   | 60         | 10000000 | 625000    | 156250   | 1       | 128   | 16   | worker   | 12        | 16  | increase  | asc         | asc        | 32768      | 59.15    | 71.92    | 6   | 6076,6201,6326,6077,6202,6327       | 12.77     | 21.59    |
| 8   | 60         | 10000000 | 625000    | 156250   | 1       | 128   | 16   | worker   | 12        | 16  | decrease  | desc        | desc       | 378036     | 612.07   | 624.83   | 6   | 10981,11106,11231,10982,11107,11232 | 12.76     | 2.08     |
| 10  | 20         | 10000000 | 625000    | 476191   | 1       | 2     | 16   | io_uring | 12        | 16  | increase  | desc        | asc        | 65536      | 760.48   | 773.18   | 6   | 14331,14456,14581,14332,14457,14582 | 12.7      | 1.67     |
| 11  | 20         | 10000000 | 625000    | 476191   | 1       | 2     | 16   | io_uring | 12        | 16  | decrease  | asc         | desc       | 32768      | 383.65   | 396.26   | 6   | 16201,16326,16451,16202,16327,16452 | 12.61     | 3.29     |
| 20  | 20         | 10000000 | 5000000   | 476191   | 1024    | 512   | 2    | io_uring | 12        | 16  | decrease  | desc        | desc       | 262144     | 159.48   | 172.05   | 6   | 31111,31251,31391,31112,31252,31392 | 12.57     | 7.88     |
| 16  | 60         | 10000000 | 5000000   | 156250   | 4096    | 32    | 2    | io_uring | 12        | 16  | decrease  | desc        | desc       | 65536      | 30.55    | 43.03    | 6   | 24381,24521,24661,24382,24522,24662 | 12.48     | 40.85    |
| 20  | 20         | 10000000 | 5000000   | 476191   | 1024    | 512   | 2    | worker   | 12        | 16  | decrease  | desc        | desc       | 131072     | 89.79    | 102.15   | 6   | 30266,30406,30546,30267,30407,30547 | 12.36     | 13.77    |
| 6   | 60         | 10000000 | 625000    | 156250   | 1       | 128   | 16   | worker   | 12        | 16  | increase  | desc        | desc       | 8192       | 257.84   | 270.09   | 6   | 7941,8066,8191,7942,8067,8192       | 12.25     | 4.75     |
| 15  | 60         | 10000000 | 5000000   | 156250   | 4096    | 32    | 2    | worker   | 12        | 16  | decrease  | asc         | desc       | 65536      | 86.76    | 98.24    | 6   | 21861,22001,22141,21862,22002,22142 | 11.48     | 13.23    |
| 16  | 60         | 10000000 | 5000000   | 156250   | 4096    | 32    | 2    | io_uring | 12        | 16  | decrease  | desc        | desc       | 131072     | 50.68    | 61.95    | 6   | 24386,24526,24666,24387,24527,24667 | 11.27     | 22.24    |
| 8   | 60         | 10000000 | 625000    | 156250   | 1       | 128   | 16   | io_uring | 12        | 16  | decrease  | desc        | desc       | 190536     | 321.22   | 332.32   | 6   | 11716,11841,11966,11717,11842,11967 | 11.1      | 3.46     |
| 20  | 20         | 10000000 | 5000000   | 476191   | 1024    | 512   | 2    | io_uring | 12        | 16  | decrease  | desc        | desc       | 4024288    | 2172.59  | 2183.63  | 6   | 31151,31291,31431,31152,31292,31432 | 11.04     | 0.51     |
| 5   | 60         | 10000000 | 625000    | 156250   | 1       | 128   | 16   | io_uring | 12        | 16  | increase  | asc         | desc       | 503036     | 17724.8  | 17735.8  | 6   | 7241,7366,7491,7242,7367,7492       | 11.0      | 0.06     |
| 8   | 60         | 10000000 | 625000    | 156250   | 1       | 128   | 16   | io_uring | 12        | 16  | decrease  | desc        | asc        | 565536     | 19919.72 | 19930.47 | 6   | 11371,11496,11621,11372,11497,11622 | 10.75     | 0.05     |
| 8   | 60         | 10000000 | 625000    | 156250   | 1       | 128   | 16   | io_uring | 12        | 16  | decrease  | desc        | desc       | 128036     | 210.0    | 220.74   | 6   | 11711,11836,11961,11712,11837,11962 | 10.74     | 5.11     |
| 19  | 20         | 10000000 | 5000000   | 476191   | 1024    | 512   | 2    | io_uring | 12        | 16  | decrease  | asc         | desc       | 1024288    | 1593.25  | 1603.94  | 6   | 29441,29581,29721,29442,29582,29722 | 10.69     | 0.67     |
| 10  | 20         | 10000000 | 625000    | 476191   | 1       | 2     | 16   | io_uring | 12        | 16  | increase  | desc        | asc        | 32768      | 385.48   | 396.13   | 6   | 14326,14451,14576,14327,14452,14577 | 10.65     | 2.76     |
| 11  | 20         | 10000000 | 625000    | 476191   | 1       | 2     | 16   | io_uring | 12        | 16  | decrease  | asc         | desc       | 65536      | 767.8    | 778.15   | 6   | 16206,16331,16456,16207,16332,16457 | 10.35     | 1.35     |
| 7   | 60         | 10000000 | 625000    | 156250   | 1       | 128   | 16   | io_uring | 12        | 16  | decrease  | asc         | desc       | 253036     | 2034.43  | 2044.76  | 6   | 10221,10346,10471,10222,10347,10472 | 10.33     | 0.51     |
| 5   | 60         | 10000000 | 625000    | 156250   | 1       | 128   | 16   | io_uring | 12        | 16  | increase  | asc         | desc       | 65536      | 2327.06  | 2337.3   | 6   | 7206,7331,7456,7207,7332,7457       | 10.24     | 0.44     |
| 14  | 60         | 10000000 | 5000000   | 156250   | 4096    | 32    | 2    | worker   | 12        | 16  | increase  | desc        | asc        | 65536      | 83.68    | 93.83    | 6   | 19761,19901,20041,19762,19902,20042 | 10.15     | 12.13    |
| 13  | 60         | 10000000 | 5000000   | 156250   | 4096    | 32    | 2    | io_uring | 12        | 16  | increase  | asc         | asc        | 65536      | 32.65    | 42.57    | 6   | 18921,19061,19201,18922,19062,19202 | 9.92      | 30.38    |
| 7   | 60         | 10000000 | 625000    | 156250   | 1       | 128   | 16   | io_uring | 12        | 16  | decrease  | asc         | asc        | 565536     | 17178.61 | 17188.48 | 6   | 9871,9996,10121,9872,9997,10122     | 9.87      | 0.06     |
| 17  | 20         | 10000000 | 5000000   | 476191   | 1024    | 512   | 2    | worker   | 12        | 16  | increase  | asc         | asc        | 2524288    | 1386.97  | 1396.75  | 6   | 24836,24976,25116,24837,24977,25117 | 9.78      | 0.71     |
| 6   | 60         | 10000000 | 625000    | 156250   | 1       | 128   | 16   | worker   | 12        | 16  | increase  | desc        | asc        | 565536     | 4475.11  | 4484.86  | 6   | 7621,7746,7871,7622,7747,7872       | 9.75      | 0.22     |
| 13  | 60         | 10000000 | 5000000   | 156250   | 4096    | 32    | 2    | worker   | 12        | 16  | increase  | asc         | asc        | 65536      | 30.67    | 40.21    | 6   | 18081,18221,18361,18082,18222,18362 | 9.54      | 31.11    |
| 6   | 60         | 10000000 | 625000    | 156250   | 1       | 128   | 16   | io_uring | 12        | 16  | increase  | desc        | asc        | 190536     | 1528.25  | 1537.5   | 6   | 8341,8466,8591,8342,8467,8592       | 9.25      | 0.61     |
| 6   | 60         | 10000000 | 625000    | 156250   | 1       | 128   | 16   | worker   | 12        | 16  | increase  | desc        | desc       | 32768      | 995.66   | 1004.76  | 6   | 7951,8076,8201,7952,8077,8202       | 9.1       | 0.91     |
| 6   | 60         | 10000000 | 625000    | 156250   | 1       | 128   | 16   | io_uring | 12        | 16  | increase  | desc        | asc        | 503036     | 4021.12  | 4030.09  | 6   | 8366,8491,8616,8367,8492,8617       | 8.97      | 0.22     |
| 8   | 60         | 10000000 | 625000    | 156250   | 1       | 128   | 16   | worker   | 12        | 16  | decrease  | desc        | asc        | 4096       | 145.11   | 153.86   | 6   | 10561,10686,10811,10562,10687,10812 | 8.75      | 6.03     |
| 16  | 60         | 10000000 | 5000000   | 156250   | 4096    | 32    | 2    | worker   | 12        | 16  | decrease  | desc        | desc       | 65536      | 30.82    | 39.18    | 6   | 23541,23681,23821,23542,23682,23822 | 8.36      | 27.13    |
| 14  | 60         | 10000000 | 5000000   | 156250   | 4096    | 32    | 2    | io_uring | 12        | 16  | increase  | desc        | asc        | 131072     | 152.97   | 161.24   | 6   | 20606,20746,20886,20607,20747,20887 | 8.27      | 5.41     |
| 7   | 60         | 10000000 | 625000    | 156250   | 1       | 128   | 16   | worker   | 12        | 16  | decrease  | asc         | asc        | 8192       | 254.51   | 262.66   | 6   | 9066,9191,9316,9067,9192,9317       | 8.15      | 3.2      |
| 17  | 20         | 10000000 | 5000000   | 476191   | 1024    | 512   | 2    | worker   | 12        | 16  | increase  | asc         | asc        | 262144     | 155.47   | 163.6    | 6   | 24811,24951,25091,24812,24952,25092 | 8.13      | 5.23     |
| 6   | 60         | 10000000 | 625000    | 156250   | 1       | 128   | 16   | io_uring | 12        | 16  | increase  | desc        | desc       | 315536     | 9614.93  | 9623.02  | 6   | 8726,8851,8976,8727,8852,8977       | 8.09      | 0.08     |
| 5   | 60         | 10000000 | 625000    | 156250   | 1       | 128   | 16   | io_uring | 12        | 16  | increase  | asc         | asc        | 440536     | 715.64   | 723.46   | 6   | 6861,6986,7111,6862,6987,7112       | 7.82      | 1.09     |
| 19  | 20         | 10000000 | 5000000   | 476191   | 1024    | 512   | 2    | io_uring | 12        | 16  | decrease  | asc         | desc       | 2524288    | 3913.68  | 3921.31  | 6   | 29456,29596,29736,29457,29597,29737 | 7.63      | 0.19     |
| 20  | 20         | 10000000 | 5000000   | 476191   | 1024    | 512   | 2    | worker   | 12        | 16  | decrease  | desc        | asc        | 65536      | 719.92   | 727.51   | 6   | 29841,29981,30121,29842,29982,30122 | 7.59      | 1.05     |
| 11  | 20         | 10000000 | 625000    | 476191   | 1       | 2     | 16   | io_uring | 12        | 16  | decrease  | asc         | desc       | 16384      | 194.73   | 202.25   | 6   | 16196,16321,16446,16197,16322,16447 | 7.52      | 3.86     |
| 15  | 60         | 10000000 | 5000000   | 156250   | 4096    | 32    | 2    | worker   | 12        | 16  | decrease  | asc         | desc       | 131072     | 156.98   | 164.48   | 6   | 21866,22006,22146,21867,22007,22147 | 7.5       | 4.78     |
| 18  | 20         | 10000000 | 5000000   | 476191   | 1024    | 512   | 2    | io_uring | 12        | 16  | increase  | desc        | desc       | 131072     | 1328.93  | 1336.02  | 6   | 27746,27886,28026,27747,27887,28027 | 7.09      | 0.53     |
| 8   | 60         | 10000000 | 625000    | 156250   | 1       | 128   | 16   | io_uring | 12        | 16  | decrease  | desc        | desc       | 65536      | 111.32   | 118.3    | 6   | 11706,11831,11956,11707,11832,11957 | 6.98      | 6.27     |
| 16  | 60         | 10000000 | 5000000   | 156250   | 4096    | 32    | 2    | io_uring | 12        | 16  | decrease  | desc        | desc       | 3524288    | 895.06   | 901.99   | 6   | 24426,24566,24706,24427,24567,24707 | 6.93      | 0.77     |
| 6   | 60         | 10000000 | 625000    | 156250   | 1       | 128   | 16   | io_uring | 12        | 16  | increase  | desc        | desc       | 32768      | 998.37   | 1005.2   | 6   | 8701,8826,8951,8702,8827,8952       | 6.83      | 0.68     |
| 5   | 60         | 10000000 | 625000    | 156250   | 1       | 128   | 16   | io_uring | 12        | 16  | increase  | asc         | desc       | 32768      | 1161.55  | 1168.06  | 6   | 7201,7326,7451,7202,7327,7452       | 6.51      | 0.56     |
| 20  | 20         | 10000000 | 5000000   | 476191   | 1024    | 512   | 2    | io_uring | 12        | 16  | decrease  | desc        | desc       | 65536      | 48.67    | 55.04    | 6   | 31101,31241,31381,31102,31242,31382 | 6.37      | 13.09    |
| 10  | 20         | 10000000 | 625000    | 476191   | 1       | 2     | 16   | io_uring | 12        | 16  | increase  | desc        | asc        | 8192       | 101.18   | 107.2    | 6   | 14316,14441,14566,14317,14442,14567 | 6.02      | 5.95     |
| 7   | 60         | 10000000 | 625000    | 156250   | 1       | 128   | 16   | io_uring | 12        | 16  | decrease  | asc         | desc       | 503036     | 4059.67  | 4065.66  | 6   | 10241,10366,10491,10242,10367,10492 | 5.99      | 0.15     |
| 19  | 20         | 10000000 | 5000000   | 476191   | 1024    | 512   | 2    | worker   | 12        | 16  | decrease  | asc         | desc       | 32768      | 65.69    | 71.5     | 6   | 28576,28716,28856,28577,28717,28857 | 5.81      | 8.84     |
| 19  | 20         | 10000000 | 5000000   | 476191   | 1024    | 512   | 2    | worker   | 12        | 16  | decrease  | asc         | desc       | 65536      | 115.08   | 120.75   | 6   | 28581,28721,28861,28582,28722,28862 | 5.67      | 4.93     |
| 6   | 60         | 10000000 | 625000    | 156250   | 1       | 128   | 16   | worker   | 12        | 16  | increase  | desc        | desc       | 4096       | 127.98   | 133.57   | 6   | 7936,8061,8186,7937,8062,8187       | 5.59      | 4.37     |
| 8   | 60         | 10000000 | 625000    | 156250   | 1       | 128   | 16   | worker   | 12        | 16  | decrease  | desc        | asc        | 503036     | 17582.54 | 17587.97 | 6   | 10616,10741,10866,10617,10742,10867 | 5.43      | 0.03     |
| 8   | 60         | 10000000 | 625000    | 156250   | 1       | 128   | 16   | io_uring | 12        | 16  | decrease  | desc        | desc       | 253036     | 431.29   | 436.56   | 6   | 11721,11846,11971,11722,11847,11972 | 5.27      | 1.22     |
| 7   | 60         | 10000000 | 625000    | 156250   | 1       | 128   | 16   | io_uring | 12        | 16  | decrease  | asc         | desc       | 65536      | 536.95   | 542.06   | 6   | 10206,10331,10456,10207,10332,10457 | 5.11      | 0.95     |
| 5   | 60         | 10000000 | 625000    | 156250   | 1       | 128   | 16   | io_uring | 12        | 16  | increase  | asc         | asc        | 190536     | 315.28   | 320.29   | 6   | 6841,6966,7091,6842,6967,7092       | 5.01      | 1.59     |
| 7   | 60         | 10000000 | 625000    | 156250   | 1       | 128   | 16   | worker   | 12        | 16  | decrease  | asc         | desc       | 65536      | 533.97   | 538.98   | 6   | 9456,9581,9706,9457,9582,9707       | 5.01      | 0.94     |
| 7   | 60         | 10000000 | 625000    | 156250   | 1       | 128   | 16   | io_uring | 12        | 16  | decrease  | asc         | desc       | 565536     | 4516.71  | 4521.58  | 6   | 10246,10371,10496,10247,10372,10497 | 4.87      | 0.11     |
| 6   | 60         | 10000000 | 625000    | 156250   | 1       | 128   | 16   | worker   | 12        | 16  | increase  | desc        | desc       | 65536      | 1989.08  | 1993.8   | 6   | 7956,8081,8206,7957,8082,8207       | 4.72      | 0.24     |
| 13  | 60         | 10000000 | 5000000   | 156250   | 4096    | 32    | 2    | io_uring | 12        | 16  | increase  | asc         | asc        | 16384      | 15.66    | 20.38    | 6   | 18911,19051,19191,18912,19052,19192 | 4.72      | 30.14    |
| 7   | 60         | 10000000 | 625000    | 156250   | 1       | 128   | 16   | io_uring | 12        | 16  | decrease  | asc         | desc       | 32768      | 273.43   | 278.12   | 6   | 10201,10326,10451,10202,10327,10452 | 4.69      | 1.72     |
| 6   | 60         | 10000000 | 625000    | 156250   | 1       | 128   | 16   | worker   | 12        | 16  | increase  | desc        | asc        | 440536     | 3501.46  | 3505.98  | 6   | 7611,7736,7861,7612,7737,7862       | 4.52      | 0.13     |
| 6   | 60         | 10000000 | 625000    | 156250   | 1       | 128   | 16   | io_uring | 12        | 16  | increase  | desc        | asc        | 253036     | 2020.76  | 2025.14  | 6   | 8346,8471,8596,8347,8472,8597       | 4.38      | 0.22     |
| 13  | 60         | 10000000 | 5000000   | 156250   | 4096    | 32    | 2    | worker   | 12        | 16  | increase  | asc         | asc        | 32768      | 21.26    | 25.6     | 6   | 18076,18216,18356,18077,18217,18357 | 4.34      | 20.41    |
| 6   | 60         | 10000000 | 625000    | 156250   | 1       | 128   | 16   | worker   | 12        | 16  | increase  | desc        | asc        | 32768      | 275.57   | 279.89   | 6   | 7576,7701,7826,7577,7702,7827       | 4.32      | 1.57     |
| 18  | 20         | 10000000 | 5000000   | 476191   | 1024    | 512   | 2    | worker   | 12        | 16  | increase  | desc        | asc        | 524288     | 830.17   | 834.42   | 6   | 26496,26636,26776,26497,26637,26777 | 4.25      | 0.51     |
| 17  | 20         | 10000000 | 5000000   | 476191   | 1024    | 512   | 2    | io_uring | 12        | 16  | increase  | asc         | desc       | 131072     | 1467.7   | 1471.91  | 6   | 26066,26206,26346,26067,26207,26347 | 4.21      | 0.29     |
| 6   | 60         | 10000000 | 625000    | 156250   | 1       | 128   | 16   | worker   | 12        | 16  | increase  | desc        | desc       | 2048       | 67.47    | 71.63    | 6   | 7931,8056,8181,7932,8057,8182       | 4.16      | 6.17     |
| 17  | 20         | 10000000 | 5000000   | 476191   | 1024    | 512   | 2    | worker   | 12        | 16  | increase  | asc         | asc        | 16384      | 21.94    | 26.08    | 6   | 24791,24931,25071,24792,24932,25072 | 4.14      | 18.87    |
| 17  | 20         | 10000000 | 5000000   | 476191   | 1024    | 512   | 2    | worker   | 12        | 16  | increase  | asc         | desc       | 8192       | 103.78   | 107.83   | 6   | 25206,25346,25486,25207,25347,25487 | 4.05      | 3.9      |
| 19  | 20         | 10000000 | 5000000   | 476191   | 1024    | 512   | 2    | worker   | 12        | 16  | decrease  | asc         | asc        | 2048       | 32.85    | 36.88    | 6   | 28136,28276,28416,28137,28277,28417 | 4.03      | 12.27    |
| 6   | 60         | 10000000 | 625000    | 156250   | 1       | 128   | 16   | worker   | 12        | 16  | increase  | desc        | asc        | 8192       | 73.72    | 77.57    | 6   | 7566,7691,7816,7567,7692,7817       | 3.85      | 5.22     |
| 17  | 20         | 10000000 | 5000000   | 476191   | 1024    | 512   | 2    | worker   | 12        | 16  | increase  | asc         | asc        | 32768      | 29.96    | 33.78    | 6   | 24796,24936,25076,24797,24937,25077 | 3.82      | 12.75    |
| 17  | 20         | 10000000 | 5000000   | 476191   | 1024    | 512   | 2    | io_uring | 12        | 16  | increase  | asc         | asc        | 262144     | 154.03   | 157.78   | 6   | 25651,25791,25931,25652,25792,25932 | 3.75      | 2.43     |
| 5   | 60         | 10000000 | 625000    | 156250   | 1       | 128   | 16   | io_uring | 12        | 16  | increase  | asc         | desc       | 128036     | 4616.81  | 4620.52  | 6   | 7211,7336,7461,7212,7337,7462       | 3.71      | 0.08     |
| 18  | 20         | 10000000 | 5000000   | 476191   | 1024    | 512   | 2    | worker   | 12        | 16  | increase  | desc        | desc       | 8192       | 95.37    | 99.05    | 6   | 26886,27026,27166,26887,27027,27167 | 3.68      | 3.86     |
| 17  | 20         | 10000000 | 5000000   | 476191   | 1024    | 512   | 2    | worker   | 12        | 16  | increase  | asc         | asc        | 1524288    | 834.61   | 838.25   | 6   | 24826,24966,25106,24827,24967,25107 | 3.64      | 0.44     |
| 7   | 60         | 10000000 | 625000    | 156250   | 1       | 128   | 16   | io_uring | 12        | 16  | decrease  | asc         | asc        | 378036     | 11501.03 | 11504.59 | 6   | 9856,9981,10106,9857,9982,10107     | 3.56      | 0.03     |
| 19  | 20         | 10000000 | 5000000   | 476191   | 1024    | 512   | 2    | io_uring | 12        | 16  | decrease  | asc         | desc       | 32768      | 67.65    | 71.2     | 6   | 29416,29556,29696,29417,29557,29697 | 3.55      | 5.25     |
| 16  | 60         | 10000000 | 5000000   | 156250   | 4096    | 32    | 2    | io_uring | 12        | 16  | decrease  | desc        | desc       | 32768      | 21.57    | 24.96    | 6   | 24376,24516,24656,24377,24517,24657 | 3.39      | 15.72    |
| 18  | 20         | 10000000 | 5000000   | 476191   | 1024    | 512   | 2    | worker   | 12        | 16  | increase  | desc        | asc        | 8192       | 25.96    | 29.35    | 6   | 26466,26606,26746,26467,26607,26747 | 3.39      | 13.06    |
| 8   | 60         | 10000000 | 625000    | 156250   | 1       | 128   | 16   | worker   | 12        | 16  | decrease  | desc        | asc        | 8192       | 291.95   | 295.33   | 6   | 10566,10691,10816,10567,10692,10817 | 3.38      | 1.16     |
| 6   | 60         | 10000000 | 625000    | 156250   | 1       | 128   | 16   | worker   | 12        | 16  | increase  | desc        | asc        | 2048       | 23.08    | 26.44    | 6   | 7556,7681,7806,7557,7682,7807       | 3.36      | 14.56    |
| 20  | 20         | 10000000 | 5000000   | 476191   | 1024    | 512   | 2    | worker   | 12        | 16  | decrease  | desc        | asc        | 1024       | 21.75    | 25.1     | 6   | 29811,29951,30091,29812,29952,30092 | 3.35      | 15.4     |
| 9   | 20         | 10000000 | 625000    | 476191   | 1       | 2     | 16   | io_uring | 12        | 16  | increase  | asc         | asc        | 32768      | 130.0    | 133.34   | 6   | 12826,12951,13076,12827,12952,13077 | 3.34      | 2.57     |
| 16  | 60         | 10000000 | 5000000   | 156250   | 4096    | 32    | 2    | worker   | 12        | 16  | decrease  | desc        | desc       | 32768      | 23.55    | 26.89    | 6   | 23536,23676,23816,23537,23677,23817 | 3.34      | 14.18    |
| 9   | 20         | 10000000 | 625000    | 476191   | 1       | 2     | 16   | io_uring | 12        | 16  | increase  | asc         | asc        | 128036     | 500.1    | 503.41   | 6   | 12836,12961,13086,12837,12962,13087 | 3.31      | 0.66     |
| 19  | 20         | 10000000 | 5000000   | 476191   | 1024    | 512   | 2    | worker   | 12        | 16  | decrease  | asc         | asc        | 8192       | 95.52    | 98.79    | 6   | 28146,28286,28426,28147,28287,28427 | 3.27      | 3.42     |
| 13  | 60         | 10000000 | 5000000   | 156250   | 4096    | 32    | 2    | io_uring | 12        | 16  | increase  | asc         | asc        | 32768      | 22.32    | 25.57    | 6   | 18916,19056,19196,18917,19057,19197 | 3.25      | 14.56    |
| 18  | 20         | 10000000 | 5000000   | 476191   | 1024    | 512   | 2    | io_uring | 12        | 16  | increase  | desc        | asc        | 262144     | 421.19   | 424.39   | 6   | 27331,27471,27611,27332,27472,27612 | 3.2       | 0.76     |
| 7   | 60         | 10000000 | 625000    | 156250   | 1       | 128   | 16   | worker   | 12        | 16  | decrease  | asc         | asc        | 2048       | 66.12    | 69.31    | 6   | 9056,9181,9306,9057,9182,9307       | 3.19      | 4.82     |
| 11  | 20         | 10000000 | 625000    | 476191   | 1       | 2     | 16   | io_uring | 12        | 16  | decrease  | asc         | desc       | 8192       | 102.67   | 105.78   | 6   | 16191,16316,16441,16192,16317,16442 | 3.11      | 3.03     |
| 5   | 60         | 10000000 | 625000    | 156250   | 1       | 128   | 16   | worker   | 12        | 16  | increase  | asc         | asc        | 565536     | 916.19   | 919.28   | 6   | 6121,6246,6371,6122,6247,6372       | 3.09      | 0.34     |
| 5   | 60         | 10000000 | 625000    | 156250   | 1       | 128   | 16   | worker   | 12        | 16  | increase  | asc         | asc        | 503036     | 821.55   | 824.63   | 6   | 6116,6241,6366,6117,6242,6367       | 3.08      | 0.37     |
| 20  | 20         | 10000000 | 5000000   | 476191   | 1024    | 512   | 2    | worker   | 12        | 16  | decrease  | desc        | desc       | 8192       | 18.08    | 21.15    | 6   | 30246,30386,30526,30247,30387,30527 | 3.07      | 16.98    |
| 17  | 20         | 10000000 | 5000000   | 476191   | 1024    | 512   | 2    | worker   | 12        | 16  | increase  | asc         | asc        | 65536      | 50.46    | 53.49    | 6   | 24801,24941,25081,24802,24942,25082 | 3.03      | 6.0      |
| 17  | 20         | 10000000 | 5000000   | 476191   | 1024    | 512   | 2    | worker   | 12        | 16  | increase  | asc         | asc        | 4024288    | 2220.11  | 2223.1   | 6   | 24851,24991,25131,24852,24992,25132 | 2.99      | 0.13     |
| 5   | 60         | 10000000 | 625000    | 156250   | 1       | 128   | 16   | worker   | 12        | 16  | increase  | asc         | asc        | 4096       | 11.96    | 14.87    | 6   | 6061,6186,6311,6062,6187,6312       | 2.91      | 24.33    |
| 7   | 60         | 10000000 | 625000    | 156250   | 1       | 128   | 16   | worker   | 12        | 16  | decrease  | asc         | asc        | 4096       | 129.68   | 132.55   | 6   | 9061,9186,9311,9062,9187,9312       | 2.87      | 2.21     |
| 6   | 60         | 10000000 | 625000    | 156250   | 1       | 128   | 16   | worker   | 12        | 16  | increase  | desc        | asc        | 16384      | 139.6    | 142.35   | 6   | 7571,7696,7821,7572,7697,7822       | 2.75      | 1.97     |
| 5   | 60         | 10000000 | 625000    | 156250   | 1       | 128   | 16   | worker   | 12        | 16  | increase  | asc         | desc       | 2048       | 74.22    | 76.94    | 6   | 6431,6556,6681,6432,6557,6682       | 2.72      | 3.66     |
| 7   | 60         | 10000000 | 625000    | 156250   | 1       | 128   | 16   | worker   | 12        | 16  | decrease  | asc         | asc        | 1024       | 35.0     | 37.68    | 6   | 9051,9176,9301,9052,9177,9302       | 2.68      | 7.66     |
| 13  | 60         | 10000000 | 5000000   | 156250   | 4096    | 32    | 2    | io_uring | 12        | 16  | increase  | asc         | asc        | 2048       | 11.25    | 13.85    | 6   | 18896,19036,19176,18897,19037,19177 | 2.6       | 23.11    |
| 5   | 60         | 10000000 | 625000    | 156250   | 1       | 128   | 16   | worker   | 12        | 16  | increase  | asc         | desc       | 4096       | 146.82   | 149.37   | 6   | 6436,6561,6686,6437,6562,6687       | 2.55      | 1.74     |
| 20  | 20         | 10000000 | 5000000   | 476191   | 1024    | 512   | 2    | io_uring | 12        | 16  | decrease  | desc        | desc       | 131072     | 90.87    | 93.29    | 6   | 31106,31246,31386,31107,31247,31387 | 2.42      | 2.66     |
| 17  | 20         | 10000000 | 5000000   | 476191   | 1024    | 512   | 2    | io_uring | 12        | 16  | increase  | asc         | asc        | 512        | 11.62    | 14.04    | 6   | 25606,25746,25886,25607,25747,25887 | 2.42      | 20.83    |
| 20  | 20         | 10000000 | 5000000   | 476191   | 1024    | 512   | 2    | worker   | 12        | 16  | decrease  | desc        | desc       | 65536      | 50.88    | 53.3     | 6   | 30261,30401,30541,30262,30402,30542 | 2.42      | 4.76     |
| 17  | 20         | 10000000 | 5000000   | 476191   | 1024    | 512   | 2    | io_uring | 12        | 16  | increase  | asc         | asc        | 8192       | 17.37    | 19.68    | 6   | 25626,25766,25906,25627,25767,25907 | 2.31      | 13.3     |
| 14  | 60         | 10000000 | 5000000   | 156250   | 4096    | 32    | 2    | worker   | 12        | 16  | increase  | desc        | asc        | 4096       | 17.15    | 19.44    | 6   | 19741,19881,20021,19742,19882,20022 | 2.29      | 13.35    |
| 15  | 60         | 10000000 | 5000000   | 156250   | 4096    | 32    | 2    | worker   | 12        | 16  | decrease  | asc         | desc       | 32768      | 51.66    | 53.91    | 6   | 21856,21996,22136,21857,21997,22137 | 2.25      | 4.36     |
| 19  | 20         | 10000000 | 5000000   | 476191   | 1024    | 512   | 2    | io_uring | 12        | 16  | decrease  | asc         | desc       | 65536      | 118.89   | 121.14   | 6   | 29421,29561,29701,29422,29562,29702 | 2.25      | 1.89     |
| 19  | 20         | 10000000 | 5000000   | 476191   | 1024    | 512   | 2    | worker   | 12        | 16  | decrease  | asc         | desc       | 8192       | 26.24    | 28.45    | 6   | 28566,28706,28846,28567,28707,28847 | 2.21      | 8.42     |
| 12  | 20         | 10000000 | 625000    | 476191   | 1       | 2     | 16   | io_uring | 12        | 16  | decrease  | desc        | desc       | 378036     | 1462.11  | 1464.3   | 6   | 17731,17856,17981,17732,17857,17982 | 2.19      | 0.15     |
| 17  | 20         | 10000000 | 5000000   | 476191   | 1024    | 512   | 2    | worker   | 12        | 16  | increase  | asc         | asc        | 2048       | 13.63    | 15.82    | 6   | 24776,24916,25056,24777,24917,25057 | 2.19      | 16.07    |
| 5   | 60         | 10000000 | 625000    | 156250   | 1       | 128   | 16   | io_uring | 12        | 16  | increase  | asc         | asc        | 565536     | 930.12   | 932.3    | 6   | 6871,6996,7121,6872,6997,7122       | 2.18      | 0.23     |
| 17  | 20         | 10000000 | 5000000   | 476191   | 1024    | 512   | 2    | io_uring | 12        | 16  | increase  | asc         | asc        | 32768      | 31.16    | 33.32    | 6   | 25636,25776,25916,25637,25777,25917 | 2.16      | 6.93     |
| 19  | 20         | 10000000 | 5000000   | 476191   | 1024    | 512   | 2    | worker   | 12        | 16  | decrease  | asc         | desc       | 4096       | 19.25    | 21.39    | 6   | 28561,28701,28841,28562,28702,28842 | 2.14      | 11.12    |
| 18  | 20         | 10000000 | 5000000   | 476191   | 1024    | 512   | 2    | worker   | 12        | 16  | increase  | desc        | asc        | 32768      | 66.23    | 68.28    | 6   | 26476,26616,26756,26477,26617,26757 | 2.05      | 3.1      |
| 7   | 60         | 10000000 | 625000    | 156250   | 1       | 128   | 16   | worker   | 12        | 16  | decrease  | asc         | asc        | 256        | 9.75     | 11.71    | 6   | 9041,9166,9291,9042,9167,9292       | 1.96      | 20.1     |
| 18  | 20         | 10000000 | 5000000   | 476191   | 1024    | 512   | 2    | io_uring | 12        | 16  | increase  | desc        | asc        | 1024       | 13.73    | 15.63    | 6   | 27291,27431,27571,27292,27432,27572 | 1.9       | 13.84    |
| 7   | 60         | 10000000 | 625000    | 156250   | 1       | 128   | 16   | worker   | 12        | 16  | decrease  | asc         | desc       | 1024       | 13.54    | 15.4     | 6   | 9426,9551,9676,9427,9552,9677       | 1.86      | 13.74    |
| 14  | 60         | 10000000 | 5000000   | 156250   | 4096    | 32    | 2    | io_uring | 12        | 16  | increase  | desc        | asc        | 65536      | 85.38    | 87.23    | 6   | 20601,20741,20881,20602,20742,20882 | 1.85      | 2.17     |
| 8   | 60         | 10000000 | 625000    | 156250   | 1       | 128   | 16   | worker   | 12        | 16  | decrease  | desc        | asc        | 1024       | 37.16    | 39.01    | 6   | 10551,10676,10801,10552,10677,10802 | 1.85      | 4.98     |
| 15  | 60         | 10000000 | 5000000   | 156250   | 4096    | 32    | 2    | io_uring | 12        | 16  | decrease  | asc         | desc       | 16384      | 31.94    | 33.78    | 6   | 22691,22831,22971,22692,22832,22972 | 1.84      | 5.76     |
| 10  | 20         | 10000000 | 625000    | 476191   | 1       | 2     | 16   | io_uring | 12        | 16  | increase  | desc        | asc        | 16384      | 197.01   | 198.83   | 6   | 14321,14446,14571,14322,14447,14572 | 1.82      | 0.92     |
| 19  | 20         | 10000000 | 5000000   | 476191   | 1024    | 512   | 2    | io_uring | 12        | 16  | decrease  | asc         | desc       | 3024288    | 4675.21  | 4677.03  | 6   | 29461,29601,29741,29462,29602,29742 | 1.82      | 0.04     |
| 18  | 20         | 10000000 | 5000000   | 476191   | 1024    | 512   | 2    | worker   | 12        | 16  | increase  | desc        | asc        | 16384      | 39.8     | 41.6     | 6   | 26471,26611,26751,26472,26612,26752 | 1.8       | 4.52     |
| 6   | 60         | 10000000 | 625000    | 156250   | 1       | 128   | 16   | worker   | 12        | 16  | increase  | desc        | asc        | 1024       | 13.66    | 15.46    | 6   | 7551,7676,7801,7552,7677,7802       | 1.8       | 13.18    |
| 17  | 20         | 10000000 | 5000000   | 476191   | 1024    | 512   | 2    | worker   | 12        | 16  | increase  | asc         | asc        | 8192       | 18.08    | 19.88    | 6   | 24786,24926,25066,24787,24927,25067 | 1.8       | 9.96     |
| 7   | 60         | 10000000 | 625000    | 156250   | 1       | 128   | 16   | worker   | 12        | 16  | decrease  | asc         | desc       | 8192       | 73.79    | 75.53    | 6   | 9441,9566,9691,9442,9567,9692       | 1.74      | 2.36     |
| 6   | 60         | 10000000 | 625000    | 156250   | 1       | 128   | 16   | worker   | 12        | 16  | increase  | desc        | desc       | 1024       | 34.13    | 35.84    | 6   | 7926,8051,8176,7927,8052,8177       | 1.71      | 5.01     |
| 14  | 60         | 10000000 | 5000000   | 156250   | 4096    | 32    | 2    | worker   | 12        | 16  | increase  | desc        | asc        | 32768      | 49.26    | 50.96    | 6   | 19756,19896,20036,19757,19897,20037 | 1.7       | 3.45     |
| 18  | 20         | 10000000 | 5000000   | 476191   | 1024    | 512   | 2    | io_uring | 12        | 16  | increase  | desc        | desc       | 64         | 8.15     | 9.84     | 6   | 27691,27831,27971,27692,27832,27972 | 1.69      | 20.74    |
| 20  | 20         | 10000000 | 5000000   | 476191   | 1024    | 512   | 2    | io_uring | 12        | 16  | decrease  | desc        | desc       | 524288     | 298.83   | 300.52   | 6   | 31116,31256,31396,31117,31257,31397 | 1.69      | 0.57     |
| 5   | 60         | 10000000 | 625000    | 156250   | 1       | 128   | 16   | io_uring | 12        | 16  | increase  | asc         | asc        | 32768      | 59.95    | 61.63    | 6   | 6826,6951,7076,6827,6952,7077       | 1.68      | 2.8      |
| 8   | 60         | 10000000 | 625000    | 156250   | 1       | 128   | 16   | worker   | 12        | 16  | decrease  | desc        | asc        | 2048       | 73.91    | 75.55    | 6   | 10556,10681,10806,10557,10682,10807 | 1.64      | 2.22     |
| 7   | 60         | 10000000 | 625000    | 156250   | 1       | 128   | 16   | worker   | 12        | 16  | decrease  | asc         | desc       | 512        | 7.49     | 9.08     | 6   | 9421,9546,9671,9422,9547,9672       | 1.59      | 21.23    |
| 5   | 60         | 10000000 | 625000    | 156250   | 1       | 128   | 16   | worker   | 12        | 16  | increase  | asc         | desc       | 65536      | 2316.2   | 2317.77  | 6   | 6456,6581,6706,6457,6582,6707       | 1.57      | 0.07     |
| 10  | 20         | 10000000 | 625000    | 476191   | 1       | 2     | 16   | io_uring | 12        | 16  | increase  | desc        | asc        | 2048       | 29.66    | 31.23    | 6   | 14306,14431,14556,14307,14432,14557 | 1.57      | 5.29     |
| 14  | 60         | 10000000 | 5000000   | 156250   | 4096    | 32    | 2    | io_uring | 12        | 16  | increase  | desc        | asc        | 32768      | 49.87    | 51.44    | 6   | 20596,20736,20876,20597,20737,20877 | 1.57      | 3.15     |
| 18  | 20         | 10000000 | 5000000   | 476191   | 1024    | 512   | 2    | worker   | 12        | 16  | increase  | desc        | desc       | 64         | 8.8      | 10.36    | 6   | 26851,26991,27131,26852,26992,27132 | 1.56      | 17.73    |
| 7   | 60         | 10000000 | 625000    | 156250   | 1       | 128   | 16   | worker   | 12        | 16  | decrease  | asc         | desc       | 32768      | 273.07   | 274.62   | 6   | 9451,9576,9701,9452,9577,9702       | 1.55      | 0.57     |
| 14  | 60         | 10000000 | 5000000   | 156250   | 4096    | 32    | 2    | io_uring | 12        | 16  | increase  | desc        | desc       | 256        | 12.49    | 14.03    | 6   | 20981,21121,21261,20982,21122,21262 | 1.54      | 12.33    |
| 15  | 60         | 10000000 | 5000000   | 156250   | 4096    | 32    | 2    | worker   | 12        | 16  | decrease  | asc         | desc       | 1024       | 16.43    | 17.94    | 6   | 21831,21971,22111,21832,21972,22112 | 1.51      | 9.19     |
| 16  | 60         | 10000000 | 5000000   | 156250   | 4096    | 32    | 2    | io_uring | 12        | 16  | decrease  | desc        | desc       | 16384      | 19.39    | 20.89    | 6   | 24371,24511,24651,24372,24512,24652 | 1.5       | 7.74     |
| 20  | 20         | 10000000 | 5000000   | 476191   | 1024    | 512   | 2    | io_uring | 12        | 16  | decrease  | desc        | desc       | 32768      | 31.48    | 32.96    | 6   | 31096,31236,31376,31097,31237,31377 | 1.48      | 4.7      |
| 20  | 20         | 10000000 | 5000000   | 476191   | 1024    | 512   | 2    | worker   | 12        | 16  | decrease  | desc        | desc       | 32768      | 31.74    | 33.22    | 6   | 30256,30396,30536,30257,30397,30537 | 1.48      | 4.66     |
| 17  | 20         | 10000000 | 5000000   | 476191   | 1024    | 512   | 2    | worker   | 12        | 16  | increase  | asc         | desc       | 512        | 19.38    | 20.85    | 6   | 25186,25326,25466,25187,25327,25467 | 1.47      | 7.59     |
| 18  | 20         | 10000000 | 5000000   | 476191   | 1024    | 512   | 2    | worker   | 12        | 16  | increase  | desc        | desc       | 2048       | 34.83    | 36.28    | 6   | 26876,27016,27156,26877,27017,27157 | 1.45      | 4.16     |
| 16  | 60         | 10000000 | 5000000   | 156250   | 4096    | 32    | 2    | worker   | 12        | 16  | decrease  | desc        | desc       | 8192       | 15.07    | 16.52    | 6   | 23526,23666,23806,23527,23667,23807 | 1.45      | 9.62     |
| 7   | 60         | 10000000 | 625000    | 156250   | 1       | 128   | 16   | io_uring | 12        | 16  | decrease  | asc         | asc        | 440536     | 13375.72 | 13377.14 | 6   | 9861,9986,10111,9862,9987,10112     | 1.42      | 0.01     |
| 19  | 20         | 10000000 | 5000000   | 476191   | 1024    | 512   | 2    | io_uring | 12        | 16  | decrease  | asc         | asc        | 65536      | 680.57   | 681.98   | 6   | 29001,29141,29281,29002,29142,29282 | 1.41      | 0.21     |
| 8   | 60         | 10000000 | 625000    | 156250   | 1       | 128   | 16   | worker   | 12        | 16  | decrease  | desc        | asc        | 128036     | 4491.11  | 4492.5   | 6   | 10586,10711,10836,10587,10712,10837 | 1.39      | 0.03     |
| 12  | 20         | 10000000 | 625000    | 476191   | 1       | 2     | 16   | io_uring | 12        | 16  | decrease  | desc        | desc       | 190536     | 736.71   | 738.1    | 6   | 17716,17841,17966,17717,17842,17967 | 1.39      | 0.19     |
| 19  | 20         | 10000000 | 5000000   | 476191   | 1024    | 512   | 2    | io_uring | 12        | 16  | decrease  | asc         | desc       | 8192       | 24.48    | 25.82    | 6   | 29406,29546,29686,29407,29547,29687 | 1.34      | 5.47     |
| 7   | 60         | 10000000 | 625000    | 156250   | 1       | 128   | 16   | worker   | 12        | 16  | decrease  | asc         | asc        | 512        | 18.98    | 20.31    | 6   | 9046,9171,9296,9047,9172,9297       | 1.33      | 7.01     |
| 17  | 20         | 10000000 | 5000000   | 476191   | 1024    | 512   | 2    | io_uring | 12        | 16  | increase  | asc         | desc       | 64         | 8.71     | 10.03    | 6   | 26011,26151,26291,26012,26152,26292 | 1.32      | 15.15    |
| 5   | 60         | 10000000 | 625000    | 156250   | 1       | 128   | 16   | io_uring | 12        | 16  | increase  | asc         | desc       | 4096       | 146.77   | 148.07   | 6   | 7186,7311,7436,7187,7312,7437       | 1.3       | 0.89     |
| 14  | 60         | 10000000 | 5000000   | 156250   | 4096    | 32    | 2    | io_uring | 12        | 16  | increase  | desc        | asc        | 256        | 11.53    | 12.81    | 6   | 20561,20701,20841,20562,20702,20842 | 1.28      | 11.1     |
| 7   | 60         | 10000000 | 625000    | 156250   | 1       | 128   | 16   | worker   | 12        | 16  | decrease  | asc         | desc       | 4096       | 40.25    | 41.52    | 6   | 9436,9561,9686,9437,9562,9687       | 1.27      | 3.16     |
| 18  | 20         | 10000000 | 5000000   | 476191   | 1024    | 512   | 2    | worker   | 12        | 16  | increase  | desc        | asc        | 4096       | 21.28    | 22.55    | 6   | 26461,26601,26741,26462,26602,26742 | 1.27      | 5.97     |
| 12  | 20         | 10000000 | 625000    | 476191   | 1       | 2     | 16   | worker   | 12        | 16  | decrease  | desc        | desc       | 32768      | 134.62   | 135.89   | 6   | 16951,17076,17201,16952,17077,17202 | 1.27      | 0.94     |
| 18  | 20         | 10000000 | 5000000   | 476191   | 1024    | 512   | 2    | io_uring | 12        | 16  | increase  | desc        | asc        | 512        | 14.21    | 15.47    | 6   | 27286,27426,27566,27287,27427,27567 | 1.26      | 8.87     |
| 7   | 60         | 10000000 | 625000    | 156250   | 1       | 128   | 16   | worker   | 12        | 16  | decrease  | asc         | asc        | 128        | 5.41     | 6.66     | 6   | 9036,9161,9286,9037,9162,9287       | 1.25      | 23.11    |
| 19  | 20         | 10000000 | 5000000   | 476191   | 1024    | 512   | 2    | worker   | 12        | 16  | decrease  | asc         | desc       | 16384      | 41.1     | 42.34    | 6   | 28571,28711,28851,28572,28712,28852 | 1.24      | 3.02     |
| 5   | 60         | 10000000 | 625000    | 156250   | 1       | 128   | 16   | worker   | 12        | 16  | increase  | asc         | desc       | 256        | 10.19    | 11.42    | 6   | 6416,6541,6666,6417,6542,6667       | 1.23      | 12.07    |
| 9   | 20         | 10000000 | 625000    | 476191   | 1       | 2     | 16   | io_uring | 12        | 16  | increase  | asc         | asc        | 16384      | 69.74    | 70.95    | 6   | 12821,12946,13071,12822,12947,13072 | 1.21      | 1.74     |
| 7   | 60         | 10000000 | 625000    | 156250   | 1       | 128   | 16   | io_uring | 12        | 16  | decrease  | asc         | desc       | 128036     | 1039.78  | 1040.97  | 6   | 10211,10336,10461,10212,10337,10462 | 1.19      | 0.11     |
| 5   | 60         | 10000000 | 625000    | 156250   | 1       | 128   | 16   | worker   | 12        | 16  | increase  | asc         | asc        | 2048       | 8.12     | 9.29     | 6   | 6056,6181,6306,6057,6182,6307       | 1.17      | 14.41    |
| 6   | 60         | 10000000 | 625000    | 156250   | 1       | 128   | 16   | io_uring | 12        | 16  | increase  | desc        | desc       | 4096       | 129.01   | 130.17   | 6   | 8686,8811,8936,8687,8812,8937       | 1.16      | 0.9      |
| 20  | 20         | 10000000 | 5000000   | 476191   | 1024    | 512   | 2    | worker   | 12        | 16  | decrease  | desc        | desc       | 2048       | 14.42    | 15.57    | 6   | 30236,30376,30516,30237,30377,30517 | 1.15      | 7.98     |
| 7   | 60         | 10000000 | 625000    | 156250   | 1       | 128   | 16   | worker   | 12        | 16  | decrease  | asc         | desc       | 2048       | 23.65    | 24.78    | 6   | 9431,9556,9681,9432,9557,9682       | 1.13      | 4.78     |
| 6   | 60         | 10000000 | 625000    | 156250   | 1       | 128   | 16   | io_uring | 12        | 16  | increase  | desc        | asc        | 65536      | 548.17   | 549.28   | 6   | 8331,8456,8581,8332,8457,8582       | 1.11      | 0.2      |
| 20  | 20         | 10000000 | 5000000   | 476191   | 1024    | 512   | 2    | io_uring | 12        | 16  | decrease  | desc        | desc       | 2048       | 14.59    | 15.65    | 6   | 31076,31216,31356,31077,31217,31357 | 1.06      | 7.27     |
| 18  | 20         | 10000000 | 5000000   | 476191   | 1024    | 512   | 2    | io_uring | 12        | 16  | increase  | desc        | asc        | 8192       | 26.91    | 27.97    | 6   | 27306,27446,27586,27307,27447,27587 | 1.06      | 3.94     |
| 13  | 60         | 10000000 | 5000000   | 156250   | 4096    | 32    | 2    | io_uring | 12        | 16  | increase  | asc         | asc        | 4096       | 14.97    | 16.01    | 6   | 18901,19041,19181,18902,19042,19182 | 1.04      | 6.95     |
| 6   | 60         | 10000000 | 625000    | 156250   | 1       | 128   | 16   | worker   | 12        | 16  | increase  | desc        | desc       | 256        | 10.21    | 11.25    | 6   | 7916,8041,8166,7917,8042,8167       | 1.04      | 10.19    |
| 8   | 60         | 10000000 | 625000    | 156250   | 1       | 128   | 16   | io_uring | 12        | 16  | decrease  | desc        | asc        | 16384      | 584.62   | 585.66   | 6   | 11321,11446,11571,11322,11447,11572 | 1.04      | 0.18     |
| 17  | 20         | 10000000 | 5000000   | 476191   | 1024    | 512   | 2    | worker   | 12        | 16  | increase  | asc         | asc        | 1024       | 12.66    | 13.69    | 6   | 24771,24911,25051,24772,24912,25052 | 1.03      | 8.14     |
| 8   | 60         | 10000000 | 625000    | 156250   | 1       | 128   | 16   | worker   | 12        | 16  | decrease  | desc        | asc        | 256        | 10.11    | 11.06    | 6   | 10541,10666,10791,10542,10667,10792 | 0.95      | 9.4      |
| 15  | 60         | 10000000 | 5000000   | 156250   | 4096    | 32    | 2    | io_uring | 12        | 16  | decrease  | asc         | desc       | 8192       | 23.11    | 24.06    | 6   | 22686,22826,22966,22687,22827,22967 | 0.95      | 4.11     |
| 17  | 20         | 10000000 | 5000000   | 476191   | 1024    | 512   | 2    | io_uring | 12        | 16  | increase  | asc         | asc        | 2048       | 13.15    | 14.1     | 6   | 25616,25756,25896,25617,25757,25897 | 0.95      | 7.22     |
| 11  | 20         | 10000000 | 625000    | 476191   | 1       | 2     | 16   | io_uring | 12        | 16  | decrease  | asc         | desc       | 4096       | 53.85    | 54.8     | 6   | 16186,16311,16436,16187,16312,16437 | 0.95      | 1.76     |
| 9   | 20         | 10000000 | 625000    | 476191   | 1       | 2     | 16   | io_uring | 12        | 16  | increase  | asc         | asc        | 315536     | 1224.39  | 1225.33  | 6   | 12851,12976,13101,12852,12977,13102 | 0.94      | 0.08     |
| 6   | 60         | 10000000 | 625000    | 156250   | 1       | 128   | 16   | io_uring | 12        | 16  | increase  | desc        | desc       | 65536      | 2002.01  | 2002.93  | 6   | 8706,8831,8956,8707,8832,8957       | 0.92      | 0.05     |
| 8   | 60         | 10000000 | 625000    | 156250   | 1       | 128   | 16   | worker   | 12        | 16  | decrease  | desc        | desc       | 256        | 2.57     | 3.45     | 6   | 10916,11041,11166,10917,11042,11167 | 0.88      | 34.24    |
| 15  | 60         | 10000000 | 5000000   | 156250   | 4096    | 32    | 2    | worker   | 12        | 16  | decrease  | asc         | asc        | 128        | 9.41     | 10.28    | 6   | 21396,21536,21676,21397,21537,21677 | 0.87      | 9.25     |
| 18  | 20         | 10000000 | 5000000   | 476191   | 1024    | 512   | 2    | worker   | 12        | 16  | increase  | desc        | desc       | 128        | 11.42    | 12.29    | 6   | 26856,26996,27136,26857,26997,27137 | 0.87      | 7.62     |
| 5   | 60         | 10000000 | 625000    | 156250   | 1       | 128   | 16   | io_uring | 12        | 16  | increase  | asc         | desc       | 8192       | 294.03   | 294.89   | 6   | 7191,7316,7441,7192,7317,7442       | 0.86      | 0.29     |
| 20  | 20         | 10000000 | 5000000   | 476191   | 1024    | 512   | 2    | io_uring | 12        | 16  | decrease  | desc        | desc       | 64         | 9.46     | 10.31    | 6   | 31051,31191,31331,31052,31192,31332 | 0.85      | 8.99     |
| 17  | 20         | 10000000 | 5000000   | 476191   | 1024    | 512   | 2    | io_uring | 12        | 16  | increase  | asc         | asc        | 65536      | 49.09    | 49.94    | 6   | 25641,25781,25921,25642,25782,25922 | 0.85      | 1.73     |
| 20  | 20         | 10000000 | 5000000   | 476191   | 1024    | 512   | 2    | worker   | 12        | 16  | decrease  | desc        | desc       | 4096       | 16.68    | 17.52    | 6   | 30241,30381,30521,30242,30382,30522 | 0.84      | 5.04     |
| 7   | 60         | 10000000 | 625000    | 156250   | 1       | 128   | 16   | worker   | 12        | 16  | decrease  | asc         | desc       | 128        | 3.21     | 4.04     | 6   | 9411,9536,9661,9412,9537,9662       | 0.83      | 25.86    |
| 8   | 60         | 10000000 | 625000    | 156250   | 1       | 128   | 16   | worker   | 12        | 16  | decrease  | desc        | desc       | 1024       | 5.33     | 6.15     | 6   | 10926,11051,11176,10927,11052,11177 | 0.82      | 15.38    |
| 7   | 60         | 10000000 | 625000    | 156250   | 1       | 128   | 16   | io_uring | 12        | 16  | decrease  | asc         | asc        | 8192       | 258.17   | 258.99   | 6   | 9816,9941,10066,9817,9942,10067     | 0.82      | 0.32     |
| 10  | 20         | 10000000 | 625000    | 476191   | 1       | 2     | 16   | io_uring | 12        | 16  | increase  | desc        | asc        | 4096       | 54.9     | 55.71    | 6   | 14311,14436,14561,14312,14437,14562 | 0.81      | 1.48     |
| 19  | 20         | 10000000 | 5000000   | 476191   | 1024    | 512   | 2    | io_uring | 12        | 16  | decrease  | asc         | asc        | 4096       | 54.07    | 54.86    | 6   | 28981,29121,29261,28982,29122,29262 | 0.79      | 1.46     |
| 18  | 20         | 10000000 | 5000000   | 476191   | 1024    | 512   | 2    | io_uring | 12        | 16  | increase  | desc        | asc        | 64         | 9.3      | 10.08    | 6   | 27271,27411,27551,27272,27412,27552 | 0.78      | 8.39     |
| 5   | 60         | 10000000 | 625000    | 156250   | 1       | 128   | 16   | worker   | 12        | 16  | increase  | asc         | asc        | 256        | 2.67     | 3.44     | 6   | 6041,6166,6291,6042,6167,6292       | 0.77      | 28.84    |
| 3   | 40         | 10000000 | 625000    | 238096   | 1048576 | 32    | 16   | worker   | 12        | 16  | decrease  | asc         | asc        | 1          | 0.91     | 1.68     | 6   | 3001,3126,3251,3002,3127,3252       | 0.77      | 84.62    |
| 13  | 60         | 10000000 | 5000000   | 156250   | 4096    | 32    | 2    | worker   | 12        | 16  | increase  | asc         | asc        | 16384      | 18.28    | 19.05    | 6   | 18071,18211,18351,18072,18212,18352 | 0.77      | 4.21     |
| 7   | 60         | 10000000 | 625000    | 156250   | 1       | 128   | 16   | io_uring | 12        | 16  | decrease  | asc         | asc        | 128        | 5.47     | 6.2      | 6   | 9786,9911,10036,9787,9912,10037     | 0.73      | 13.35    |
| 8   | 60         | 10000000 | 625000    | 156250   | 1       | 128   | 16   | worker   | 12        | 16  | decrease  | desc        | desc       | 512        | 3.99     | 4.72     | 6   | 10921,11046,11171,10922,11047,11172 | 0.73      | 18.3     |
| 7   | 60         | 10000000 | 625000    | 156250   | 1       | 128   | 16   | io_uring | 12        | 16  | decrease  | asc         | asc        | 4096       | 130.5    | 131.23   | 6   | 9811,9936,10061,9812,9937,10062     | 0.73      | 0.56     |
| 7   | 60         | 10000000 | 625000    | 156250   | 1       | 128   | 16   | worker   | 12        | 16  | decrease  | asc         | desc       | 256        | 4.52     | 5.24     | 6   | 9416,9541,9666,9417,9542,9667       | 0.72      | 15.93    |
| 8   | 60         | 10000000 | 625000    | 156250   | 1       | 128   | 16   | worker   | 12        | 16  | decrease  | desc        | desc       | 32768      | 59.95    | 60.67    | 6   | 10951,11076,11201,10952,11077,11202 | 0.72      | 1.2      |
| 19  | 20         | 10000000 | 5000000   | 476191   | 1024    | 512   | 2    | io_uring | 12        | 16  | decrease  | asc         | desc       | 1024       | 15.03    | 15.71    | 6   | 29391,29531,29671,29392,29532,29672 | 0.68      | 4.52     |
| 14  | 60         | 10000000 | 5000000   | 156250   | 4096    | 32    | 2    | worker   | 12        | 16  | increase  | desc        | desc       | 16         | 2.72     | 3.37     | 6   | 20121,20261,20401,20122,20262,20402 | 0.65      | 23.9     |
| 6   | 60         | 10000000 | 625000    | 156250   | 1       | 128   | 16   | worker   | 12        | 16  | increase  | desc        | desc       | 512        | 19.08    | 19.72    | 6   | 7921,8046,8171,7922,8047,8172       | 0.64      | 3.35     |
| 16  | 60         | 10000000 | 5000000   | 156250   | 4096    | 32    | 2    | io_uring | 12        | 16  | decrease  | desc        | desc       | 4096       | 14.36    | 14.99    | 6   | 24361,24501,24641,24362,24502,24642 | 0.63      | 4.39     |
| 8   | 60         | 10000000 | 625000    | 156250   | 1       | 128   | 16   | worker   | 12        | 16  | decrease  | desc        | desc       | 315536     | 525.72   | 526.33   | 6   | 10976,11101,11226,10977,11102,11227 | 0.61      | 0.12     |
| 16  | 60         | 10000000 | 5000000   | 156250   | 4096    | 32    | 2    | worker   | 12        | 16  | decrease  | desc        | asc        | 32         | 3.76     | 4.37     | 6   | 23066,23206,23346,23067,23207,23347 | 0.61      | 16.22    |
| 17  | 20         | 10000000 | 5000000   | 476191   | 1024    | 512   | 2    | io_uring | 12        | 16  | increase  | asc         | asc        | 32         | 6.01     | 6.61     | 6   | 25586,25726,25866,25587,25727,25867 | 0.6       | 9.98     |
| 8   | 60         | 10000000 | 625000    | 156250   | 1       | 128   | 16   | worker   | 12        | 16  | decrease  | desc        | desc       | 8192       | 18.85    | 19.45    | 6   | 10941,11066,11191,10942,11067,11192 | 0.6       | 3.18     |
| 6   | 60         | 10000000 | 625000    | 156250   | 1       | 128   | 16   | io_uring | 12        | 16  | increase  | desc        | desc       | 1024       | 33.86    | 34.45    | 6   | 8676,8801,8926,8677,8802,8927       | 0.59      | 1.74     |
| 16  | 60         | 10000000 | 5000000   | 156250   | 4096    | 32    | 2    | worker   | 12        | 16  | decrease  | desc        | desc       | 128        | 9.32     | 9.9      | 6   | 23496,23636,23776,23497,23637,23777 | 0.58      | 6.22     |
| 14  | 60         | 10000000 | 5000000   | 156250   | 4096    | 32    | 2    | io_uring | 12        | 16  | increase  | desc        | desc       | 16         | 2.84     | 3.41     | 6   | 20961,21101,21241,20962,21102,21242 | 0.57      | 20.07    |
| 20  | 20         | 10000000 | 5000000   | 476191   | 1024    | 512   | 2    | io_uring | 12        | 16  | decrease  | desc        | desc       | 4096       | 15.26    | 15.83    | 6   | 31081,31221,31361,31082,31222,31362 | 0.57      | 3.74     |
| 20  | 20         | 10000000 | 5000000   | 476191   | 1024    | 512   | 2    | worker   | 12        | 16  | decrease  | desc        | desc       | 16384      | 24.27    | 24.84    | 6   | 30251,30391,30531,30252,30392,30532 | 0.57      | 2.35     |
| 6   | 60         | 10000000 | 625000    | 156250   | 1       | 128   | 16   | worker   | 12        | 16  | increase  | desc        | asc        | 64         | 2.31     | 2.88     | 6   | 7531,7656,7781,7532,7657,7782       | 0.57      | 24.68    |
| 13  | 60         | 10000000 | 5000000   | 156250   | 4096    | 32    | 2    | io_uring | 12        | 16  | increase  | asc         | asc        | 128        | 10.43    | 10.99    | 6   | 18876,19016,19156,18877,19017,19157 | 0.56      | 5.37     |
| 10  | 20         | 10000000 | 625000    | 476191   | 1       | 2     | 16   | worker   | 12        | 16  | increase  | desc        | asc        | 64         | 2.78     | 3.33     | 6   | 13531,13656,13781,13532,13657,13782 | 0.55      | 19.78    |
| 11  | 20         | 10000000 | 625000    | 476191   | 1       | 2     | 16   | worker   | 12        | 16  | decrease  | asc         | desc       | 256        | 6.99     | 7.54     | 6   | 15416,15541,15666,15417,15542,15667 | 0.55      | 7.87     |
| 8   | 60         | 10000000 | 625000    | 156250   | 1       | 128   | 16   | worker   | 12        | 16  | decrease  | desc        | desc       | 64         | 1.61     | 2.15     | 6   | 10906,11031,11156,10907,11032,11157 | 0.54      | 33.54    |
| 4   | 40         | 10000000 | 625000    | 238096   | 1048576 | 32    | 16   | io_uring | 12        | 16  | decrease  | desc        | asc        | 2          | 1.28     | 1.81     | 6   | 5256,5381,5506,5257,5382,5507       | 0.53      | 41.41    |
| 13  | 60         | 10000000 | 5000000   | 156250   | 4096    | 32    | 2    | io_uring | 12        | 16  | increase  | asc         | asc        | 256        | 11.3     | 11.83    | 6   | 18881,19021,19161,18882,19022,19162 | 0.53      | 4.69     |
| 18  | 20         | 10000000 | 5000000   | 476191   | 1024    | 512   | 2    | io_uring | 12        | 16  | increase  | desc        | asc        | 16384      | 40.58    | 41.1     | 6   | 27311,27451,27591,27312,27452,27592 | 0.52      | 1.28     |
| 5   | 60         | 10000000 | 625000    | 156250   | 1       | 128   | 16   | worker   | 12        | 16  | increase  | asc         | asc        | 512        | 3.84     | 4.35     | 6   | 6046,6171,6296,6047,6172,6297       | 0.51      | 13.28    |
| 8   | 60         | 10000000 | 625000    | 156250   | 1       | 128   | 16   | worker   | 12        | 16  | decrease  | desc        | asc        | 128        | 5.55     | 6.06     | 6   | 10536,10661,10786,10537,10662,10787 | 0.51      | 9.19     |
| 6   | 60         | 10000000 | 625000    | 156250   | 1       | 128   | 16   | io_uring | 12        | 16  | increase  | desc        | asc        | 2048       | 23.33    | 23.83    | 6   | 8306,8431,8556,8307,8432,8557       | 0.5       | 2.14     |
| 20  | 20         | 10000000 | 5000000   | 476191   | 1024    | 512   | 2    | worker   | 12        | 16  | decrease  | desc        | desc       | 64         | 8.29     | 8.79     | 6   | 30211,30351,30491,30212,30352,30492 | 0.5       | 6.03     |
| 6   | 60         | 10000000 | 625000    | 156250   | 1       | 128   | 16   | worker   | 12        | 16  | increase  | desc        | asc        | 512        | 7.79     | 8.29     | 6   | 7546,7671,7796,7547,7672,7797       | 0.5       | 6.42     |
| 5   | 60         | 10000000 | 625000    | 156250   | 1       | 128   | 16   | worker   | 12        | 16  | increase  | asc         | desc       | 128        | 5.72     | 6.21     | 6   | 6411,6536,6661,6412,6537,6662       | 0.49      | 8.57     |
| 7   | 60         | 10000000 | 625000    | 156250   | 1       | 128   | 16   | worker   | 12        | 16  | decrease  | asc         | asc        | 64         | 3.5      | 3.99     | 6   | 9031,9156,9281,9032,9157,9282       | 0.49      | 14.0     |
| 16  | 60         | 10000000 | 5000000   | 156250   | 4096    | 32    | 2    | worker   | 12        | 16  | decrease  | desc        | desc       | 16         | 2.51     | 3.0      | 6   | 23481,23621,23761,23482,23622,23762 | 0.49      | 19.52    |
| 6   | 60         | 10000000 | 625000    | 156250   | 1       | 128   | 16   | worker   | 12        | 16  | increase  | desc        | asc        | 128        | 3.53     | 4.01     | 6   | 7536,7661,7786,7537,7662,7787       | 0.48      | 13.6     |
| 8   | 60         | 10000000 | 625000    | 156250   | 1       | 128   | 16   | io_uring | 12        | 16  | decrease  | desc        | desc       | 512        | 3.85     | 4.33     | 6   | 11671,11796,11921,11672,11797,11922 | 0.48      | 12.47    |
| 14  | 60         | 10000000 | 5000000   | 156250   | 4096    | 32    | 2    | worker   | 12        | 16  | increase  | desc        | asc        | 128        | 10.85    | 11.32    | 6   | 19716,19856,19996,19717,19857,19997 | 0.47      | 4.33     |
| 18  | 20         | 10000000 | 5000000   | 476191   | 1024    | 512   | 2    | io_uring | 12        | 16  | increase  | desc        | desc       | 128        | 11.91    | 12.38    | 6   | 27696,27836,27976,27697,27837,27977 | 0.47      | 3.95     |
| 9   | 20         | 10000000 | 625000    | 476191   | 1       | 2     | 16   | worker   | 12        | 16  | increase  | asc         | asc        | 32         | 2.15     | 2.62     | 6   | 12026,12151,12276,12027,12152,12277 | 0.47      | 21.86    |
| 17  | 20         | 10000000 | 5000000   | 476191   | 1024    | 512   | 2    | io_uring | 12        | 16  | increase  | asc         | desc       | 512        | 18.18    | 18.64    | 6   | 26026,26166,26306,26027,26167,26307 | 0.46      | 2.53     |
| 5   | 60         | 10000000 | 625000    | 156250   | 1       | 128   | 16   | worker   | 12        | 16  | increase  | asc         | asc        | 1024       | 5.69     | 6.14     | 6   | 6051,6176,6301,6052,6177,6302       | 0.45      | 7.91     |
| 6   | 60         | 10000000 | 625000    | 156250   | 1       | 128   | 16   | io_uring | 12        | 16  | increase  | desc        | desc       | 256        | 9.71     | 10.16    | 6   | 8666,8791,8916,8667,8792,8917       | 0.45      | 4.63     |
| 6   | 60         | 10000000 | 625000    | 156250   | 1       | 128   | 16   | worker   | 12        | 16  | increase  | desc        | asc        | 4096       | 40.6     | 41.05    | 6   | 7561,7686,7811,7562,7687,7812       | 0.45      | 1.11     |
| 2   | 40         | 10000000 | 625000    | 238096   | 1048576 | 32    | 16   | worker   | 12        | 16  | increase  | desc        | asc        | 1          | 0.87     | 1.31     | 6   | 1501,1626,1751,1502,1627,1752       | 0.44      | 50.57    |
| 7   | 60         | 10000000 | 625000    | 156250   | 1       | 128   | 16   | worker   | 12        | 16  | decrease  | asc         | desc       | 64         | 2.28     | 2.71     | 6   | 9406,9531,9656,9407,9532,9657       | 0.43      | 18.86    |
| 14  | 60         | 10000000 | 5000000   | 156250   | 4096    | 32    | 2    | io_uring | 12        | 16  | increase  | desc        | asc        | 8192       | 23.67    | 24.1     | 6   | 20586,20726,20866,20587,20727,20867 | 0.43      | 1.82     |
| 10  | 20         | 10000000 | 625000    | 476191   | 1       | 2     | 16   | worker   | 12        | 16  | increase  | desc        | desc       | 8          | 1.57     | 1.99     | 6   | 13891,14016,14141,13892,14017,14142 | 0.42      | 26.75    |
| 13  | 60         | 10000000 | 5000000   | 156250   | 4096    | 32    | 2    | io_uring | 12        | 16  | increase  | asc         | desc       | 32         | 4.23     | 4.65     | 6   | 19286,19426,19566,19287,19427,19567 | 0.42      | 9.93     |
| 15  | 60         | 10000000 | 5000000   | 156250   | 4096    | 32    | 2    | io_uring | 12        | 16  | decrease  | asc         | desc       | 32768      | 51.86    | 52.27    | 6   | 22696,22836,22976,22697,22837,22977 | 0.41      | 0.79     |
| 4   | 40         | 10000000 | 625000    | 238096   | 1048576 | 32    | 16   | io_uring | 12        | 16  | decrease  | desc        | desc       | 4          | 2.06     | 2.47     | 6   | 5636,5761,5886,5637,5762,5887       | 0.41      | 19.9     |
| 9   | 20         | 10000000 | 625000    | 476191   | 1       | 2     | 16   | worker   | 12        | 16  | increase  | asc         | asc        | 2048       | 11.74    | 12.14    | 6   | 12056,12181,12306,12057,12182,12307 | 0.4       | 3.41     |
| 8   | 60         | 10000000 | 625000    | 156250   | 1       | 128   | 16   | io_uring | 12        | 16  | decrease  | desc        | desc       | 8192       | 19.19    | 19.59    | 6   | 11691,11816,11941,11692,11817,11942 | 0.4       | 2.08     |
| 6   | 60         | 10000000 | 625000    | 156250   | 1       | 128   | 16   | io_uring | 12        | 16  | increase  | desc        | desc       | 2          | 0.96     | 1.35     | 6   | 8631,8756,8881,8632,8757,8882       | 0.39      | 40.63    |
| 12  | 20         | 10000000 | 625000    | 476191   | 1       | 2     | 16   | worker   | 12        | 16  | decrease  | desc        | desc       | 1024       | 8.31     | 8.7      | 6   | 16926,17051,17176,16927,17052,17177 | 0.39      | 4.69     |
| 14  | 60         | 10000000 | 5000000   | 156250   | 4096    | 32    | 2    | worker   | 12        | 16  | increase  | desc        | desc       | 4          | 1.2      | 1.58     | 6   | 20111,20251,20391,20112,20252,20392 | 0.38      | 31.67    |
| 10  | 20         | 10000000 | 625000    | 476191   | 1       | 2     | 16   | worker   | 12        | 16  | increase  | desc        | asc        | 256        | 6.42     | 6.8      | 6   | 13541,13666,13791,13542,13667,13792 | 0.38      | 5.92     |
| 7   | 60         | 10000000 | 625000    | 156250   | 1       | 128   | 16   | io_uring | 12        | 16  | decrease  | asc         | desc       | 16384      | 141.63   | 142.01   | 6   | 10196,10321,10446,10197,10322,10447 | 0.38      | 0.27     |
| 7   | 60         | 10000000 | 625000    | 156250   | 1       | 128   | 16   | io_uring | 12        | 16  | decrease  | asc         | asc        | 32         | 2.36     | 2.73     | 6   | 9776,9901,10026,9777,9902,10027     | 0.37      | 15.68    |
| 10  | 20         | 10000000 | 625000    | 476191   | 1       | 2     | 16   | io_uring | 12        | 16  | increase  | desc        | asc        | 256        | 6.35     | 6.72     | 6   | 14291,14416,14541,14292,14417,14542 | 0.37      | 5.83     |
| 13  | 60         | 10000000 | 5000000   | 156250   | 4096    | 32    | 2    | io_uring | 12        | 16  | increase  | asc         | asc        | 8          | 1.35     | 1.72     | 6   | 18856,18996,19136,18857,18997,19137 | 0.37      | 27.41    |
| 15  | 60         | 10000000 | 5000000   | 156250   | 4096    | 32    | 2    | worker   | 12        | 16  | decrease  | asc         | desc       | 16         | 2.7      | 3.07     | 6   | 21801,21941,22081,21802,21942,22082 | 0.37      | 13.7     |
| 15  | 60         | 10000000 | 5000000   | 156250   | 4096    | 32    | 2    | worker   | 12        | 16  | decrease  | asc         | asc        | 64         | 7.4      | 7.77     | 6   | 21391,21531,21671,21392,21532,21672 | 0.37      | 5.0      |
| 18  | 20         | 10000000 | 5000000   | 476191   | 1024    | 512   | 2    | worker   | 12        | 16  | increase  | desc        | asc        | 16         | 3.73     | 4.09     | 6   | 26421,26561,26701,26422,26562,26702 | 0.36      | 9.65     |
| 10  | 20         | 10000000 | 625000    | 476191   | 1       | 2     | 16   | io_uring | 12        | 16  | increase  | desc        | asc        | 1024       | 19.16    | 19.51    | 6   | 14301,14426,14551,14302,14427,14552 | 0.35      | 1.83     |
| 18  | 20         | 10000000 | 5000000   | 476191   | 1024    | 512   | 2    | worker   | 12        | 16  | increase  | desc        | asc        | 2048       | 16.9     | 17.25    | 6   | 26456,26596,26736,26457,26597,26737 | 0.35      | 2.07     |
| 7   | 60         | 10000000 | 625000    | 156250   | 1       | 128   | 16   | worker   | 12        | 16  | decrease  | asc         | desc       | 8          | 1.08     | 1.43     | 6   | 9391,9516,9641,9392,9517,9642       | 0.35      | 32.41    |
| 9   | 20         | 10000000 | 625000    | 476191   | 1       | 2     | 16   | worker   | 12        | 16  | increase  | asc         | asc        | 16         | 1.61     | 1.96     | 6   | 12021,12146,12271,12022,12147,12272 | 0.35      | 21.74    |
| 6   | 60         | 10000000 | 625000    | 156250   | 1       | 128   | 16   | io_uring | 12        | 16  | increase  | desc        | asc        | 512        | 7.32     | 7.67     | 6   | 8296,8421,8546,8297,8422,8547       | 0.35      | 4.78     |
| 5   | 60         | 10000000 | 625000    | 156250   | 1       | 128   | 16   | io_uring | 12        | 16  | increase  | asc         | asc        | 1024       | 5.41     | 5.75     | 6   | 6801,6926,7051,6802,6927,7052       | 0.34      | 6.28     |
| 7   | 60         | 10000000 | 625000    | 156250   | 1       | 128   | 16   | io_uring | 12        | 16  | decrease  | asc         | desc       | 2048       | 23.78    | 24.12    | 6   | 10181,10306,10431,10182,10307,10432 | 0.34      | 1.43     |
| 20  | 20         | 10000000 | 5000000   | 476191   | 1024    | 512   | 2    | io_uring | 12        | 16  | decrease  | desc        | asc        | 16         | 3.64     | 3.98     | 6   | 30621,30761,30901,30622,30762,30902 | 0.34      | 9.34     |
| 15  | 60         | 10000000 | 5000000   | 156250   | 4096    | 32    | 2    | worker   | 12        | 16  | decrease  | asc         | desc       | 2048       | 17.63    | 17.96    | 6   | 21836,21976,22116,21837,21977,22117 | 0.33      | 1.87     |
| 17  | 20         | 10000000 | 5000000   | 476191   | 1024    | 512   | 2    | io_uring | 12        | 16  | increase  | asc         | asc        | 1024       | 13.41    | 13.74    | 6   | 25611,25751,25891,25612,25752,25892 | 0.33      | 2.46     |
| 15  | 60         | 10000000 | 5000000   | 156250   | 4096    | 32    | 2    | io_uring | 12        | 16  | decrease  | asc         | asc        | 2          | 0.86     | 1.19     | 6   | 22206,22346,22486,22207,22347,22487 | 0.33      | 38.37    |
| 8   | 60         | 10000000 | 625000    | 156250   | 1       | 128   | 16   | io_uring | 12        | 16  | decrease  | desc        | asc        | 512        | 19.31    | 19.63    | 6   | 11296,11421,11546,11297,11422,11547 | 0.32      | 1.66     |
| 19  | 20         | 10000000 | 5000000   | 476191   | 1024    | 512   | 2    | worker   | 12        | 16  | decrease  | asc         | desc       | 32         | 6.2      | 6.52     | 6   | 28526,28666,28806,28527,28667,28807 | 0.32      | 5.16     |
| 20  | 20         | 10000000 | 5000000   | 476191   | 1024    | 512   | 2    | io_uring | 12        | 16  | decrease  | desc        | desc       | 32         | 6.22     | 6.53     | 6   | 31046,31186,31326,31047,31187,31327 | 0.31      | 4.98     |
| 1   | 40         | 10000000 | 625000    | 238096   | 1048576 | 32    | 16   | io_uring | 12        | 16  | increase  | asc         | asc        | 4          | 1.73     | 2.04     | 6   | 761,886,1011,762,887,1012           | 0.31      | 17.92    |
| 8   | 60         | 10000000 | 625000    | 156250   | 1       | 128   | 16   | io_uring | 12        | 16  | decrease  | desc        | desc       | 64         | 1.47     | 1.78     | 6   | 11656,11781,11906,11657,11782,11907 | 0.31      | 21.09    |
| 12  | 20         | 10000000 | 625000    | 476191   | 1       | 2     | 16   | worker   | 12        | 16  | decrease  | desc        | desc       | 8          | 1.33     | 1.64     | 6   | 16891,17016,17141,16892,17017,17142 | 0.31      | 23.31    |
| 18  | 20         | 10000000 | 5000000   | 476191   | 1024    | 512   | 2    | worker   | 12        | 16  | increase  | desc        | desc       | 256        | 15.48    | 15.79    | 6   | 26861,27001,27141,26862,27002,27142 | 0.31      | 2.0      |
| 1   | 40         | 10000000 | 625000    | 238096   | 1048576 | 32    | 16   | worker   | 12        | 16  | increase  | asc         | desc       | 2          | 0.97     | 1.27     | 6   | 381,506,631,382,507,632             | 0.3       | 30.93    |
| 3   | 40         | 10000000 | 625000    | 238096   | 1048576 | 32    | 16   | worker   | 12        | 16  | decrease  | asc         | asc        | 4          | 1.99     | 2.29     | 6   | 3011,3136,3261,3012,3137,3262       | 0.3       | 15.08    |
| 6   | 60         | 10000000 | 625000    | 156250   | 1       | 128   | 16   | io_uring | 12        | 16  | increase  | desc        | desc       | 1          | 1.01     | 1.3      | 6   | 8626,8751,8876,8627,8752,8877       | 0.29      | 28.71    |
| 16  | 60         | 10000000 | 5000000   | 156250   | 4096    | 32    | 2    | io_uring | 12        | 16  | decrease  | desc        | desc       | 4          | 0.93     | 1.22     | 6   | 24311,24451,24591,24312,24452,24592 | 0.29      | 31.18    |
| 19  | 20         | 10000000 | 5000000   | 476191   | 1024    | 512   | 2    | io_uring | 12        | 16  | decrease  | asc         | asc        | 2048       | 33.65    | 33.93    | 6   | 28976,29116,29256,28977,29117,29257 | 0.28      | 0.83     |
| 15  | 60         | 10000000 | 5000000   | 156250   | 4096    | 32    | 2    | io_uring | 12        | 16  | decrease  | asc         | desc       | 16         | 2.67     | 2.95     | 6   | 22641,22781,22921,22642,22782,22922 | 0.28      | 10.49    |
| 7   | 60         | 10000000 | 625000    | 156250   | 1       | 128   | 16   | io_uring | 12        | 16  | decrease  | asc         | desc       | 32         | 1.76     | 2.04     | 6   | 10151,10276,10401,10152,10277,10402 | 0.28      | 15.91    |
| 12  | 20         | 10000000 | 625000    | 476191   | 1       | 2     | 16   | io_uring | 12        | 16  | decrease  | desc        | desc       | 64         | 2.29     | 2.57     | 6   | 17656,17781,17906,17657,17782,17907 | 0.28      | 12.23    |
| 7   | 60         | 10000000 | 625000    | 156250   | 1       | 128   | 16   | io_uring | 12        | 16  | decrease  | asc         | asc        | 256        | 9.96     | 10.24    | 6   | 9791,9916,10041,9792,9917,10042     | 0.28      | 2.81     |
| 14  | 60         | 10000000 | 5000000   | 156250   | 4096    | 32    | 2    | io_uring | 12        | 16  | increase  | desc        | asc        | 32         | 4.32     | 4.6      | 6   | 20546,20686,20826,20547,20687,20827 | 0.28      | 6.48     |
| 8   | 60         | 10000000 | 625000    | 156250   | 1       | 128   | 16   | worker   | 12        | 16  | decrease  | desc        | desc       | 16384      | 32.63    | 32.91    | 6   | 10946,11071,11196,10947,11072,11197 | 0.28      | 0.86     |
| 10  | 20         | 10000000 | 625000    | 476191   | 1       | 2     | 16   | io_uring | 12        | 16  | increase  | desc        | asc        | 32         | 2.23     | 2.5      | 6   | 14276,14401,14526,14277,14402,14527 | 0.27      | 12.11    |
| 11  | 20         | 10000000 | 625000    | 476191   | 1       | 2     | 16   | io_uring | 12        | 16  | decrease  | asc         | asc        | 8          | 1.46     | 1.73     | 6   | 15766,15891,16016,15767,15892,16017 | 0.27      | 18.49    |
| 5   | 60         | 10000000 | 625000    | 156250   | 1       | 128   | 16   | io_uring | 12        | 16  | increase  | asc         | asc        | 128        | 2.73     | 2.99     | 6   | 6786,6911,7036,6787,6912,7037       | 0.26      | 9.52     |
| 6   | 60         | 10000000 | 625000    | 156250   | 1       | 128   | 16   | io_uring | 12        | 16  | increase  | desc        | asc        | 128        | 3.18     | 3.44     | 6   | 8286,8411,8536,8287,8412,8537       | 0.26      | 8.18     |
| 9   | 20         | 10000000 | 625000    | 476191   | 1       | 2     | 16   | worker   | 12        | 16  | increase  | asc         | asc        | 1024       | 8.27     | 8.53     | 6   | 12051,12176,12301,12052,12177,12302 | 0.26      | 3.14     |
| 16  | 60         | 10000000 | 5000000   | 156250   | 4096    | 32    | 2    | io_uring | 12        | 16  | decrease  | desc        | desc       | 512        | 12.09    | 12.35    | 6   | 24346,24486,24626,24347,24487,24627 | 0.26      | 2.15     |
| 16  | 60         | 10000000 | 5000000   | 156250   | 4096    | 32    | 2    | worker   | 12        | 16  | decrease  | desc        | asc        | 16         | 2.54     | 2.8      | 6   | 23061,23201,23341,23062,23202,23342 | 0.26      | 10.24    |
| 19  | 20         | 10000000 | 5000000   | 476191   | 1024    | 512   | 2    | io_uring | 12        | 16  | decrease  | asc         | desc       | 128        | 12.69    | 12.95    | 6   | 29376,29516,29656,29377,29517,29657 | 0.26      | 2.05     |
| 12  | 20         | 10000000 | 625000    | 476191   | 1       | 2     | 16   | io_uring | 12        | 16  | decrease  | desc        | desc       | 32         | 2.2      | 2.44     | 6   | 17651,17776,17901,17652,17777,17902 | 0.24      | 10.91    |
| 9   | 20         | 10000000 | 625000    | 476191   | 1       | 2     | 16   | io_uring | 12        | 16  | increase  | asc         | asc        | 4096       | 21.78    | 22.02    | 6   | 12811,12936,13061,12812,12937,13062 | 0.24      | 1.1      |
| 9   | 20         | 10000000 | 625000    | 476191   | 1       | 2     | 16   | worker   | 12        | 16  | increase  | asc         | asc        | 4096       | 20.89    | 21.13    | 6   | 12061,12186,12311,12062,12187,12312 | 0.24      | 1.15     |
| 6   | 60         | 10000000 | 625000    | 156250   | 1       | 128   | 16   | io_uring | 12        | 16  | increase  | desc        | asc        | 64         | 2.32     | 2.55     | 6   | 8281,8406,8531,8282,8407,8532       | 0.23      | 9.91     |
| 15  | 60         | 10000000 | 5000000   | 156250   | 4096    | 32    | 2    | worker   | 12        | 16  | decrease  | asc         | asc        | 4          | 1.05     | 1.28     | 6   | 21371,21511,21651,21372,21512,21652 | 0.23      | 21.9     |
| 13  | 60         | 10000000 | 5000000   | 156250   | 4096    | 32    | 2    | io_uring | 12        | 16  | increase  | asc         | asc        | 16         | 2.71     | 2.93     | 6   | 18861,19001,19141,18862,19002,19142 | 0.22      | 8.12     |
| 14  | 60         | 10000000 | 5000000   | 156250   | 4096    | 32    | 2    | io_uring | 12        | 16  | increase  | desc        | desc       | 8          | 1.64     | 1.86     | 6   | 20956,21096,21236,20957,21097,21237 | 0.22      | 13.41    |
| 20  | 20         | 10000000 | 5000000   | 476191   | 1024    | 512   | 2    | io_uring | 12        | 16  | decrease  | desc        | desc       | 4          | 1.42     | 1.64     | 6   | 31031,31171,31311,31032,31172,31312 | 0.22      | 15.49    |
| 16  | 60         | 10000000 | 5000000   | 156250   | 4096    | 32    | 2    | worker   | 12        | 16  | decrease  | desc        | desc       | 16384      | 17.97    | 18.18    | 6   | 23531,23671,23811,23532,23672,23812 | 0.21      | 1.17     |
| 6   | 60         | 10000000 | 625000    | 156250   | 1       | 128   | 16   | io_uring | 12        | 16  | increase  | desc        | asc        | 8          | 1.23     | 1.44     | 6   | 8266,8391,8516,8267,8392,8517       | 0.21      | 17.07    |
| 6   | 60         | 10000000 | 625000    | 156250   | 1       | 128   | 16   | io_uring | 12        | 16  | increase  | desc        | asc        | 32         | 2.09     | 2.3      | 6   | 8276,8401,8526,8277,8402,8527       | 0.21      | 10.05    |
| 12  | 20         | 10000000 | 625000    | 476191   | 1       | 2     | 16   | worker   | 12        | 16  | decrease  | desc        | desc       | 16384      | 70.14    | 70.34    | 6   | 16946,17071,17196,16947,17072,17197 | 0.2       | 0.29     |
| 2   | 40         | 10000000 | 625000    | 238096   | 1048576 | 32    | 16   | worker   | 12        | 16  | increase  | desc        | asc        | 16         | 4.91     | 5.11     | 6   | 1521,1646,1771,1522,1647,1772       | 0.2       | 4.07     |
| 4   | 40         | 10000000 | 625000    | 238096   | 1048576 | 32    | 16   | worker   | 12        | 16  | decrease  | desc        | desc       | 8          | 3.79     | 3.99     | 6   | 4891,5016,5141,4892,5017,5142       | 0.2       | 5.28     |
| 7   | 60         | 10000000 | 625000    | 156250   | 1       | 128   | 16   | io_uring | 12        | 16  | decrease  | asc         | asc        | 64         | 3.28     | 3.48     | 6   | 9781,9906,10031,9782,9907,10032     | 0.2       | 6.1      |
| 8   | 60         | 10000000 | 625000    | 156250   | 1       | 128   | 16   | io_uring | 12        | 16  | decrease  | desc        | desc       | 4          | 1.04     | 1.24     | 6   | 11636,11761,11886,11637,11762,11887 | 0.2       | 19.23    |
| 9   | 20         | 10000000 | 625000    | 476191   | 1       | 2     | 16   | io_uring | 12        | 16  | increase  | asc         | asc        | 4          | 0.96     | 1.16     | 6   | 12761,12886,13011,12762,12887,13012 | 0.2       | 20.83    |
| 12  | 20         | 10000000 | 625000    | 476191   | 1       | 2     | 16   | worker   | 12        | 16  | decrease  | desc        | asc        | 2          | 0.8      | 1.0      | 6   | 16506,16631,16756,16507,16632,16757 | 0.2       | 25.0     |
| 5   | 60         | 10000000 | 625000    | 156250   | 1       | 128   | 16   | io_uring | 12        | 16  | increase  | asc         | desc       | 256        | 10.17    | 10.37    | 6   | 7166,7291,7416,7167,7292,7417       | 0.2       | 1.97     |
| 14  | 60         | 10000000 | 5000000   | 156250   | 4096    | 32    | 2    | worker   | 12        | 16  | increase  | desc        | desc       | 32         | 4.65     | 4.85     | 6   | 20126,20266,20406,20127,20267,20407 | 0.2       | 4.3      |
| 8   | 60         | 10000000 | 625000    | 156250   | 1       | 128   | 16   | io_uring | 12        | 16  | decrease  | desc        | asc        | 4096       | 145.83   | 146.03   | 6   | 11311,11436,11561,11312,11437,11562 | 0.2       | 0.14     |
| 16  | 60         | 10000000 | 5000000   | 156250   | 4096    | 32    | 2    | worker   | 12        | 16  | decrease  | desc        | desc       | 64         | 6.77     | 6.96     | 6   | 23491,23631,23771,23492,23632,23772 | 0.19      | 2.81     |
| 5   | 60         | 10000000 | 625000    | 156250   | 1       | 128   | 16   | io_uring | 12        | 16  | increase  | asc         | asc        | 1          | 0.99     | 1.18     | 6   | 6751,6876,7001,6752,6877,7002       | 0.19      | 19.19    |
| 7   | 60         | 10000000 | 625000    | 156250   | 1       | 128   | 16   | io_uring | 12        | 16  | decrease  | asc         | asc        | 2          | 1.09     | 1.28     | 6   | 9756,9881,10006,9757,9882,10007     | 0.19      | 17.43    |
| 8   | 60         | 10000000 | 625000    | 156250   | 1       | 128   | 16   | io_uring | 12        | 16  | decrease  | desc        | asc        | 4          | 1.07     | 1.26     | 6   | 11261,11386,11511,11262,11387,11512 | 0.19      | 17.76    |
| 12  | 20         | 10000000 | 625000    | 476191   | 1       | 2     | 16   | io_uring | 12        | 16  | decrease  | desc        | desc       | 4          | 0.94     | 1.13     | 6   | 17636,17761,17886,17637,17762,17887 | 0.19      | 20.21    |
| 19  | 20         | 10000000 | 5000000   | 476191   | 1024    | 512   | 2    | io_uring | 12        | 16  | decrease  | asc         | asc        | 32768      | 350.43   | 350.62   | 6   | 28996,29136,29276,28997,29137,29277 | 0.19      | 0.05     |
| 5   | 60         | 10000000 | 625000    | 156250   | 1       | 128   | 16   | worker   | 12        | 16  | increase  | asc         | desc       | 64         | 3.48     | 3.66     | 6   | 6406,6531,6656,6407,6532,6657       | 0.18      | 5.17     |
| 12  | 20         | 10000000 | 625000    | 476191   | 1       | 2     | 16   | worker   | 12        | 16  | decrease  | desc        | desc       | 128        | 3.44     | 3.62     | 6   | 16911,17036,17161,16912,17037,17162 | 0.18      | 5.23     |
| 18  | 20         | 10000000 | 5000000   | 476191   | 1024    | 512   | 2    | io_uring | 12        | 16  | increase  | desc        | asc        | 4          | 1.39     | 1.57     | 6   | 27251,27391,27531,27252,27392,27532 | 0.18      | 12.95    |
| 7   | 60         | 10000000 | 625000    | 156250   | 1       | 128   | 16   | io_uring | 12        | 16  | decrease  | asc         | asc        | 1          | 1.03     | 1.21     | 6   | 9751,9876,10001,9752,9877,10002     | 0.18      | 17.48    |
| 7   | 60         | 10000000 | 625000    | 156250   | 1       | 128   | 16   | io_uring | 12        | 16  | decrease  | asc         | asc        | 8          | 1.37     | 1.55     | 6   | 9766,9891,10016,9767,9892,10017     | 0.18      | 13.14    |
| 5   | 60         | 10000000 | 625000    | 156250   | 1       | 128   | 16   | io_uring | 12        | 16  | increase  | asc         | asc        | 4096       | 12.01    | 12.19    | 6   | 6811,6936,7061,6812,6937,7062       | 0.18      | 1.5      |
| 15  | 60         | 10000000 | 5000000   | 156250   | 4096    | 32    | 2    | io_uring | 12        | 16  | decrease  | asc         | asc        | 512        | 13.68    | 13.86    | 6   | 22246,22386,22526,22247,22387,22527 | 0.18      | 1.32     |
| 16  | 60         | 10000000 | 5000000   | 156250   | 4096    | 32    | 2    | io_uring | 12        | 16  | decrease  | desc        | asc        | 1024       | 18.05    | 18.23    | 6   | 23931,24071,24211,23932,24072,24212 | 0.18      | 1.0      |
| 18  | 20         | 10000000 | 5000000   | 476191   | 1024    | 512   | 2    | worker   | 12        | 16  | increase  | desc        | desc       | 8          | 2.39     | 2.57     | 6   | 26836,26976,27116,26837,26977,27117 | 0.18      | 7.53     |
| 6   | 60         | 10000000 | 625000    | 156250   | 1       | 128   | 16   | worker   | 12        | 16  | increase  | desc        | desc       | 4          | 1.17     | 1.34     | 6   | 7886,8011,8136,7887,8012,8137       | 0.17      | 14.53    |
| 7   | 60         | 10000000 | 625000    | 156250   | 1       | 128   | 16   | worker   | 12        | 16  | decrease  | asc         | asc        | 1          | 0.94     | 1.11     | 6   | 9001,9126,9251,9002,9127,9252       | 0.17      | 18.09    |
| 3   | 40         | 10000000 | 625000    | 238096   | 1048576 | 32    | 16   | worker   | 12        | 16  | decrease  | asc         | asc        | 8          | 3.29     | 3.46     | 6   | 3016,3141,3266,3017,3142,3267       | 0.17      | 5.17     |
| 4   | 40         | 10000000 | 625000    | 238096   | 1048576 | 32    | 16   | worker   | 12        | 16  | decrease  | desc        | asc        | 8          | 2.92     | 3.09     | 6   | 4516,4641,4766,4517,4642,4767       | 0.17      | 5.82     |
| 19  | 20         | 10000000 | 5000000   | 476191   | 1024    | 512   | 2    | io_uring | 12        | 16  | decrease  | asc         | asc        | 32         | 6.66     | 6.83     | 6   | 28946,29086,29226,28947,29087,29227 | 0.17      | 2.55     |
| 11  | 20         | 10000000 | 625000    | 476191   | 1       | 2     | 16   | worker   | 12        | 16  | decrease  | asc         | asc        | 32         | 3.89     | 4.06     | 6   | 15026,15151,15276,15027,15152,15277 | 0.17      | 4.37     |
| 15  | 60         | 10000000 | 5000000   | 156250   | 4096    | 32    | 2    | io_uring | 12        | 16  | decrease  | asc         | desc       | 4096       | 19.3     | 19.47    | 6   | 22681,22821,22961,22682,22822,22962 | 0.17      | 0.88     |
| 8   | 60         | 10000000 | 625000    | 156250   | 1       | 128   | 16   | io_uring | 12        | 16  | decrease  | desc        | asc        | 8          | 1.16     | 1.32     | 6   | 11266,11391,11516,11267,11392,11517 | 0.16      | 13.79    |
| 10  | 20         | 10000000 | 625000    | 476191   | 1       | 2     | 16   | io_uring | 12        | 16  | increase  | desc        | desc       | 4          | 1.21     | 1.37     | 6   | 14636,14761,14886,14637,14762,14887 | 0.16      | 13.22    |
| 10  | 20         | 10000000 | 625000    | 476191   | 1       | 2     | 16   | io_uring | 12        | 16  | increase  | desc        | desc       | 8          | 1.66     | 1.82     | 6   | 14641,14766,14891,14642,14767,14892 | 0.16      | 9.64     |
| 11  | 20         | 10000000 | 625000    | 476191   | 1       | 2     | 16   | worker   | 12        | 16  | decrease  | asc         | desc       | 512        | 11.92    | 12.08    | 6   | 15421,15546,15671,15422,15547,15672 | 0.16      | 1.34     |
| 13  | 60         | 10000000 | 5000000   | 156250   | 4096    | 32    | 2    | worker   | 12        | 16  | increase  | asc         | asc        | 16         | 2.71     | 2.87     | 6   | 18021,18161,18301,18022,18162,18302 | 0.16      | 5.9      |
| 5   | 60         | 10000000 | 625000    | 156250   | 1       | 128   | 16   | worker   | 12        | 16  | increase  | asc         | asc        | 8          | 1.07     | 1.23     | 6   | 6016,6141,6266,6017,6142,6267       | 0.16      | 14.95    |
| 7   | 60         | 10000000 | 625000    | 156250   | 1       | 128   | 16   | io_uring | 12        | 16  | decrease  | asc         | desc       | 128        | 3.43     | 3.59     | 6   | 10161,10286,10411,10162,10287,10412 | 0.16      | 4.66     |
| 5   | 60         | 10000000 | 625000    | 156250   | 1       | 128   | 16   | io_uring | 12        | 16  | increase  | asc         | desc       | 64         | 3.28     | 3.43     | 6   | 7156,7281,7406,7157,7282,7407       | 0.15      | 4.57     |
| 8   | 60         | 10000000 | 625000    | 156250   | 1       | 128   | 16   | worker   | 12        | 16  | decrease  | desc        | desc       | 2048       | 8.51     | 8.66     | 6   | 10931,11056,11181,10932,11057,11182 | 0.15      | 1.76     |
| 15  | 60         | 10000000 | 5000000   | 156250   | 4096    | 32    | 2    | io_uring | 12        | 16  | decrease  | asc         | asc        | 8          | 1.69     | 1.84     | 6   | 22216,22356,22496,22217,22357,22497 | 0.15      | 8.88     |
| 15  | 60         | 10000000 | 5000000   | 156250   | 4096    | 32    | 2    | io_uring | 12        | 16  | decrease  | asc         | desc       | 2          | 0.76     | 0.91     | 6   | 22626,22766,22906,22627,22767,22907 | 0.15      | 19.74    |
| 2   | 40         | 10000000 | 625000    | 238096   | 1048576 | 32    | 16   | io_uring | 12        | 16  | increase  | desc        | desc       | 8          | 3.89     | 4.04     | 6   | 2641,2766,2891,2642,2767,2892       | 0.15      | 3.86     |
| 2   | 40         | 10000000 | 625000    | 238096   | 1048576 | 32    | 16   | worker   | 12        | 16  | increase  | desc        | desc       | 1          | 0.98     | 1.13     | 6   | 1876,2001,2126,1877,2002,2127       | 0.15      | 15.31    |
| 7   | 60         | 10000000 | 625000    | 156250   | 1       | 128   | 16   | worker   | 12        | 16  | decrease  | asc         | asc        | 32         | 2.46     | 2.61     | 6   | 9026,9151,9276,9027,9152,9277       | 0.15      | 6.1      |
| 13  | 60         | 10000000 | 5000000   | 156250   | 4096    | 32    | 2    | io_uring | 12        | 16  | increase  | asc         | desc       | 8          | 1.5      | 1.65     | 6   | 19276,19416,19556,19277,19417,19557 | 0.15      | 10.0     |
| 14  | 60         | 10000000 | 5000000   | 156250   | 4096    | 32    | 2    | worker   | 12        | 16  | increase  | desc        | desc       | 8          | 1.73     | 1.88     | 6   | 20116,20256,20396,20117,20257,20397 | 0.15      | 8.67     |
| 15  | 60         | 10000000 | 5000000   | 156250   | 4096    | 32    | 2    | worker   | 12        | 16  | decrease  | asc         | asc        | 8          | 1.5      | 1.65     | 6   | 21376,21516,21656,21377,21517,21657 | 0.15      | 10.0     |
| 10  | 20         | 10000000 | 625000    | 476191   | 1       | 2     | 16   | io_uring | 12        | 16  | increase  | desc        | asc        | 128        | 4.36     | 4.51     | 6   | 14286,14411,14536,14287,14412,14537 | 0.15      | 3.44     |
| 11  | 20         | 10000000 | 625000    | 476191   | 1       | 2     | 16   | io_uring | 12        | 16  | decrease  | asc         | desc       | 2048       | 30.13    | 30.27    | 6   | 16181,16306,16431,16182,16307,16432 | 0.14      | 0.46     |
| 19  | 20         | 10000000 | 5000000   | 476191   | 1024    | 512   | 2    | io_uring | 12        | 16  | decrease  | asc         | desc       | 32         | 6.18     | 6.32     | 6   | 29366,29506,29646,29367,29507,29647 | 0.14      | 2.27     |
| 19  | 20         | 10000000 | 5000000   | 476191   | 1024    | 512   | 2    | io_uring | 12        | 16  | decrease  | asc         | desc       | 4096       | 20.96    | 21.1     | 6   | 29401,29541,29681,29402,29542,29682 | 0.14      | 0.67     |
| 1   | 40         | 10000000 | 625000    | 238096   | 1048576 | 32    | 16   | io_uring | 12        | 16  | increase  | asc         | desc       | 8          | 2.42     | 2.56     | 6   | 1141,1266,1391,1142,1267,1392       | 0.14      | 5.79     |
| 14  | 60         | 10000000 | 5000000   | 156250   | 4096    | 32    | 2    | io_uring | 12        | 16  | increase  | desc        | desc       | 1          | 0.61     | 0.75     | 6   | 20941,21081,21221,20942,21082,21222 | 0.14      | 22.95    |
| 4   | 40         | 10000000 | 625000    | 238096   | 1048576 | 32    | 16   | worker   | 12        | 16  | decrease  | desc        | asc        | 4          | 1.56     | 1.7      | 6   | 4511,4636,4761,4512,4637,4762       | 0.14      | 8.97     |
| 12  | 20         | 10000000 | 625000    | 476191   | 1       | 2     | 16   | io_uring | 12        | 16  | decrease  | desc        | asc        | 4          | 1.1      | 1.24     | 6   | 17261,17386,17511,17262,17387,17512 | 0.14      | 12.73    |
| 6   | 60         | 10000000 | 625000    | 156250   | 1       | 128   | 16   | worker   | 12        | 16  | increase  | desc        | desc       | 32         | 2.57     | 2.7      | 6   | 7901,8026,8151,7902,8027,8152       | 0.13      | 5.06     |
| 8   | 60         | 10000000 | 625000    | 156250   | 1       | 128   | 16   | io_uring | 12        | 16  | decrease  | desc        | desc       | 1          | 0.97     | 1.1      | 6   | 11626,11751,11876,11627,11752,11877 | 0.13      | 13.4     |
| 9   | 20         | 10000000 | 625000    | 476191   | 1       | 2     | 16   | io_uring | 12        | 16  | increase  | asc         | asc        | 1          | 0.98     | 1.11     | 6   | 12751,12876,13001,12752,12877,13002 | 0.13      | 13.27    |
| 10  | 20         | 10000000 | 625000    | 476191   | 1       | 2     | 16   | worker   | 12        | 16  | increase  | desc        | asc        | 4          | 0.95     | 1.08     | 6   | 13511,13636,13761,13512,13637,13762 | 0.13      | 13.68    |
| 12  | 20         | 10000000 | 625000    | 476191   | 1       | 2     | 16   | worker   | 12        | 16  | decrease  | desc        | asc        | 1          | 0.78     | 0.91     | 6   | 16501,16626,16751,16502,16627,16752 | 0.13      | 16.67    |
| 13  | 60         | 10000000 | 5000000   | 156250   | 4096    | 32    | 2    | io_uring | 12        | 16  | increase  | asc         | asc        | 1          | 0.57     | 0.7      | 6   | 18841,18981,19121,18842,18982,19122 | 0.13      | 22.81    |
| 18  | 20         | 10000000 | 5000000   | 476191   | 1024    | 512   | 2    | io_uring | 12        | 16  | increase  | desc        | asc        | 2          | 0.93     | 1.06     | 6   | 27246,27386,27526,27247,27387,27527 | 0.13      | 13.98    |
| 1   | 40         | 10000000 | 625000    | 238096   | 1048576 | 32    | 16   | worker   | 12        | 16  | increase  | asc         | asc        | 4          | 1.61     | 1.74     | 6   | 11,136,261,12,137,262               | 0.13      | 8.07     |
| 19  | 20         | 10000000 | 5000000   | 476191   | 1024    | 512   | 2    | io_uring | 12        | 16  | decrease  | asc         | desc       | 16         | 3.66     | 3.79     | 6   | 29361,29501,29641,29362,29502,29642 | 0.13      | 3.55     |
| 15  | 60         | 10000000 | 5000000   | 156250   | 4096    | 32    | 2    | io_uring | 12        | 16  | decrease  | asc         | asc        | 256        | 12.38    | 12.51    | 6   | 22241,22381,22521,22242,22382,22522 | 0.13      | 1.05     |
| 8   | 60         | 10000000 | 625000    | 156250   | 1       | 128   | 16   | worker   | 12        | 16  | decrease  | desc        | asc        | 32768      | 1164.49  | 1164.62  | 6   | 10576,10701,10826,10577,10702,10827 | 0.13      | 0.01     |
| 3   | 40         | 10000000 | 625000    | 238096   | 1048576 | 32    | 16   | io_uring | 12        | 16  | decrease  | asc         | asc        | 4          | 2.07     | 2.19     | 6   | 3761,3886,4011,3762,3887,4012       | 0.12      | 5.8      |
| 6   | 60         | 10000000 | 625000    | 156250   | 1       | 128   | 16   | io_uring | 12        | 16  | increase  | desc        | asc        | 16         | 1.4      | 1.52     | 6   | 8271,8396,8521,8272,8397,8522       | 0.12      | 8.57     |
| 6   | 60         | 10000000 | 625000    | 156250   | 1       | 128   | 16   | worker   | 12        | 16  | increase  | desc        | desc       | 64         | 3.4      | 3.52     | 6   | 7906,8031,8156,7907,8032,8157       | 0.12      | 3.53     |
| 7   | 60         | 10000000 | 625000    | 156250   | 1       | 128   | 16   | io_uring | 12        | 16  | decrease  | asc         | desc       | 1          | 0.99     | 1.11     | 6   | 10126,10251,10376,10127,10252,10377 | 0.12      | 12.12    |
| 17  | 20         | 10000000 | 5000000   | 476191   | 1024    | 512   | 2    | worker   | 12        | 16  | increase  | asc         | desc       | 8          | 2.23     | 2.35     | 6   | 25156,25296,25436,25157,25297,25437 | 0.12      | 5.38     |
| 11  | 20         | 10000000 | 625000    | 476191   | 1       | 2     | 16   | worker   | 12        | 16  | decrease  | asc         | asc        | 8          | 1.56     | 1.68     | 6   | 15016,15141,15266,15017,15142,15267 | 0.12      | 7.69     |
| 5   | 60         | 10000000 | 625000    | 156250   | 1       | 128   | 16   | io_uring | 12        | 16  | increase  | asc         | desc       | 128        | 5.65     | 5.77     | 6   | 7161,7286,7411,7162,7287,7412       | 0.12      | 2.12     |
| 5   | 60         | 10000000 | 625000    | 156250   | 1       | 128   | 16   | io_uring | 12        | 16  | increase  | asc         | asc        | 16384      | 32.6     | 32.72    | 6   | 6821,6946,7071,6822,6947,7072       | 0.12      | 0.37     |
| 11  | 20         | 10000000 | 625000    | 476191   | 1       | 2     | 16   | io_uring | 12        | 16  | decrease  | asc         | desc       | 256        | 6.54     | 6.65     | 6   | 16166,16291,16416,16167,16292,16417 | 0.11      | 1.68     |
| 18  | 20         | 10000000 | 5000000   | 476191   | 1024    | 512   | 2    | io_uring | 12        | 16  | increase  | desc        | desc       | 16         | 3.84     | 3.95     | 6   | 27681,27821,27961,27682,27822,27962 | 0.11      | 2.86     |
| 6   | 60         | 10000000 | 625000    | 156250   | 1       | 128   | 16   | worker   | 12        | 16  | increase  | desc        | desc       | 8          | 1.43     | 1.54     | 6   | 7891,8016,8141,7892,8017,8142       | 0.11      | 7.69     |
| 11  | 20         | 10000000 | 625000    | 476191   | 1       | 2     | 16   | worker   | 12        | 16  | decrease  | asc         | desc       | 16         | 1.68     | 1.79     | 6   | 15396,15521,15646,15397,15522,15647 | 0.11      | 6.55     |
| 14  | 60         | 10000000 | 5000000   | 156250   | 4096    | 32    | 2    | worker   | 12        | 16  | increase  | desc        | desc       | 1          | 0.69     | 0.8      | 6   | 20101,20241,20381,20102,20242,20382 | 0.11      | 15.94    |
| 3   | 40         | 10000000 | 625000    | 238096   | 1048576 | 32    | 16   | io_uring | 12        | 16  | decrease  | asc         | asc        | 1          | 0.93     | 1.04     | 6   | 3751,3876,4001,3752,3877,4002       | 0.11      | 11.83    |
| 10  | 20         | 10000000 | 625000    | 476191   | 1       | 2     | 16   | worker   | 12        | 16  | increase  | desc        | asc        | 1          | 0.81     | 0.92     | 6   | 13501,13626,13751,13502,13627,13752 | 0.11      | 13.58    |
| 1   | 40         | 10000000 | 625000    | 238096   | 1048576 | 32    | 16   | worker   | 12        | 16  | increase  | asc         | asc        | 2          | 1.11     | 1.22     | 6   | 6,131,256,7,132,257                 | 0.11      | 9.91     |
| 8   | 60         | 10000000 | 625000    | 156250   | 1       | 128   | 16   | io_uring | 12        | 16  | decrease  | desc        | asc        | 2048       | 74.05    | 74.15    | 6   | 11306,11431,11556,11307,11432,11557 | 0.1       | 0.14     |
| 7   | 60         | 10000000 | 625000    | 156250   | 1       | 128   | 16   | io_uring | 12        | 16  | decrease  | asc         | desc       | 512        | 7.52     | 7.62     | 6   | 10171,10296,10421,10172,10297,10422 | 0.1       | 1.33     |
| 1   | 40         | 10000000 | 625000    | 238096   | 1048576 | 32    | 16   | worker   | 12        | 16  | increase  | asc         | desc       | 1          | 0.83     | 0.93     | 6   | 376,501,626,377,502,627             | 0.1       | 12.05    |
| 5   | 60         | 10000000 | 625000    | 156250   | 1       | 128   | 16   | worker   | 12        | 16  | increase  | asc         | desc       | 8          | 1.27     | 1.37     | 6   | 6391,6516,6641,6392,6517,6642       | 0.1       | 7.87     |
| 12  | 20         | 10000000 | 625000    | 476191   | 1       | 2     | 16   | io_uring | 12        | 16  | decrease  | desc        | asc        | 2          | 0.99     | 1.09     | 6   | 17256,17381,17506,17257,17382,17507 | 0.1       | 10.1     |
| 19  | 20         | 10000000 | 5000000   | 476191   | 1024    | 512   | 2    | worker   | 12        | 16  | decrease  | asc         | desc       | 8          | 2.15     | 2.25     | 6   | 28516,28656,28796,28517,28657,28797 | 0.1       | 4.65     |
| 5   | 60         | 10000000 | 625000    | 156250   | 1       | 128   | 16   | worker   | 12        | 16  | increase  | asc         | desc       | 1          | 1.05     | 1.15     | 6   | 6376,6501,6626,6377,6502,6627       | 0.1       | 9.52     |
| 6   | 60         | 10000000 | 625000    | 156250   | 1       | 128   | 16   | worker   | 12        | 16  | increase  | desc        | asc        | 16         | 1.29     | 1.39     | 6   | 7521,7646,7771,7522,7647,7772       | 0.1       | 7.75     |
| 9   | 20         | 10000000 | 625000    | 476191   | 1       | 2     | 16   | worker   | 12        | 16  | increase  | asc         | desc       | 8          | 1.54     | 1.64     | 6   | 12391,12516,12641,12392,12517,12642 | 0.1       | 6.49     |
| 9   | 20         | 10000000 | 625000    | 476191   | 1       | 2     | 16   | worker   | 12        | 16  | increase  | asc         | asc        | 32768      | 129.24   | 129.34   | 6   | 12076,12201,12326,12077,12202,12327 | 0.1       | 0.08     |
| 15  | 60         | 10000000 | 5000000   | 156250   | 4096    | 32    | 2    | worker   | 12        | 16  | decrease  | asc         | desc       | 16384      | 33.11    | 33.2     | 6   | 21851,21991,22131,21852,21992,22132 | 0.09      | 0.27     |
| 18  | 20         | 10000000 | 5000000   | 476191   | 1024    | 512   | 2    | worker   | 12        | 16  | increase  | desc        | desc       | 32         | 6.27     | 6.36     | 6   | 26846,26986,27126,26847,26987,27127 | 0.09      | 1.44     |
| 12  | 20         | 10000000 | 625000    | 476191   | 1       | 2     | 16   | worker   | 12        | 16  | decrease  | desc        | asc        | 16         | 2.13     | 2.22     | 6   | 16521,16646,16771,16522,16647,16772 | 0.09      | 4.23     |
| 18  | 20         | 10000000 | 5000000   | 476191   | 1024    | 512   | 2    | io_uring | 12        | 16  | increase  | desc        | desc       | 4          | 1.42     | 1.51     | 6   | 27671,27811,27951,27672,27812,27952 | 0.09      | 6.34     |
| 8   | 60         | 10000000 | 625000    | 156250   | 1       | 128   | 16   | io_uring | 12        | 16  | decrease  | desc        | desc       | 8          | 0.91     | 1.0      | 6   | 11641,11766,11891,11642,11767,11892 | 0.09      | 9.89     |
| 9   | 20         | 10000000 | 625000    | 476191   | 1       | 2     | 16   | worker   | 12        | 16  | increase  | asc         | asc        | 1          | 0.74     | 0.83     | 6   | 12001,12126,12251,12002,12127,12252 | 0.09      | 12.16    |
| 14  | 60         | 10000000 | 5000000   | 156250   | 4096    | 32    | 2    | worker   | 12        | 16  | increase  | desc        | desc       | 2          | 0.81     | 0.9      | 6   | 20106,20246,20386,20107,20247,20387 | 0.09      | 11.11    |
| 20  | 20         | 10000000 | 5000000   | 476191   | 1024    | 512   | 2    | io_uring | 12        | 16  | decrease  | desc        | desc       | 2          | 0.89     | 0.98     | 6   | 31026,31166,31306,31027,31167,31307 | 0.09      | 10.11    |
| 21  | 60         | 10000000 | 2500000   | 156250   | 64      | 2048  | 4    | worker   | 12        | 16  | increase  | asc         | asc        | 1          | 0.68     | 0.77     | 2   | 31441,31442                         | 0.09      | 13.24    |
| 6   | 60         | 10000000 | 625000    | 156250   | 1       | 128   | 16   | worker   | 12        | 16  | increase  | desc        | desc       | 128        | 6.11     | 6.2      | 6   | 7911,8036,8161,7912,8037,8162       | 0.09      | 1.47     |
| 9   | 20         | 10000000 | 625000    | 476191   | 1       | 2     | 16   | io_uring | 12        | 16  | increase  | asc         | desc       | 2          | 1.08     | 1.17     | 6   | 13131,13256,13381,13132,13257,13382 | 0.09      | 8.33     |
| 19  | 20         | 10000000 | 5000000   | 476191   | 1024    | 512   | 2    | io_uring | 12        | 16  | decrease  | asc         | asc        | 8          | 2.52     | 2.61     | 6   | 28936,29076,29216,28937,29077,29217 | 0.09      | 3.57     |
| 4   | 40         | 10000000 | 625000    | 238096   | 1048576 | 32    | 16   | worker   | 12        | 16  | decrease  | desc        | asc        | 2          | 1.16     | 1.24     | 6   | 4506,4631,4756,4507,4632,4757       | 0.08      | 6.9      |
| 9   | 20         | 10000000 | 625000    | 476191   | 1       | 2     | 16   | worker   | 12        | 16  | increase  | asc         | asc        | 4          | 0.98     | 1.06     | 6   | 12011,12136,12261,12012,12137,12262 | 0.08      | 8.16     |
| 10  | 20         | 10000000 | 625000    | 476191   | 1       | 2     | 16   | io_uring | 12        | 16  | increase  | desc        | asc        | 16         | 1.54     | 1.62     | 6   | 14271,14396,14521,14272,14397,14522 | 0.08      | 5.19     |
| 15  | 60         | 10000000 | 5000000   | 156250   | 4096    | 32    | 2    | worker   | 12        | 16  | decrease  | asc         | desc       | 1          | 0.73     | 0.81     | 6   | 21781,21921,22061,21782,21922,22062 | 0.08      | 10.96    |
| 18  | 20         | 10000000 | 5000000   | 476191   | 1024    | 512   | 2    | worker   | 12        | 16  | increase  | desc        | asc        | 1          | 0.74     | 0.82     | 6   | 26401,26541,26681,26402,26542,26682 | 0.08      | 10.81    |
| 19  | 20         | 10000000 | 5000000   | 476191   | 1024    | 512   | 2    | io_uring | 12        | 16  | decrease  | asc         | asc        | 1          | 0.8      | 0.88     | 6   | 28921,29061,29201,28922,29062,29202 | 0.08      | 10.0     |
| 1   | 40         | 10000000 | 625000    | 238096   | 1048576 | 32    | 16   | io_uring | 12        | 16  | increase  | asc         | desc       | 4          | 1.58     | 1.66     | 6   | 1136,1261,1386,1137,1262,1387       | 0.08      | 5.06     |
| 12  | 20         | 10000000 | 625000    | 476191   | 1       | 2     | 16   | worker   | 12        | 16  | decrease  | desc        | desc       | 4          | 1.06     | 1.14     | 6   | 16886,17011,17136,16887,17012,17137 | 0.08      | 7.55     |
| 20  | 20         | 10000000 | 5000000   | 476191   | 1024    | 512   | 2    | worker   | 12        | 16  | decrease  | desc        | desc       | 4          | 1.34     | 1.42     | 6   | 30191,30331,30471,30192,30332,30472 | 0.08      | 5.97     |
| 5   | 60         | 10000000 | 625000    | 156250   | 1       | 128   | 16   | worker   | 12        | 16  | increase  | asc         | asc        | 65536      | 111.48   | 111.56   | 6   | 6081,6206,6331,6082,6207,6332       | 0.08      | 0.07     |
| 15  | 60         | 10000000 | 5000000   | 156250   | 4096    | 32    | 2    | io_uring | 12        | 16  | decrease  | asc         | desc       | 65536      | 87.08    | 87.15    | 6   | 22701,22841,22981,22702,22842,22982 | 0.07      | 0.08     |
| 2   | 40         | 10000000 | 625000    | 238096   | 1048576 | 32    | 16   | worker   | 12        | 16  | increase  | desc        | desc       | 8          | 3.84     | 3.91     | 6   | 1891,2016,2141,1892,2017,2142       | 0.07      | 1.82     |
| 7   | 60         | 10000000 | 625000    | 156250   | 1       | 128   | 16   | io_uring | 12        | 16  | decrease  | asc         | desc       | 64         | 2.28     | 2.35     | 6   | 10156,10281,10406,10157,10282,10407 | 0.07      | 3.07     |
| 9   | 20         | 10000000 | 625000    | 476191   | 1       | 2     | 16   | io_uring | 12        | 16  | increase  | asc         | asc        | 8          | 1.43     | 1.5      | 6   | 12766,12891,13016,12767,12892,13017 | 0.07      | 4.9      |
| 9   | 20         | 10000000 | 625000    | 476191   | 1       | 2     | 16   | io_uring | 12        | 16  | increase  | asc         | asc        | 16         | 1.63     | 1.7      | 6   | 12771,12896,13021,12772,12897,13022 | 0.07      | 4.29     |
| 10  | 20         | 10000000 | 625000    | 476191   | 1       | 2     | 16   | io_uring | 12        | 16  | increase  | desc        | desc       | 2          | 1.15     | 1.22     | 6   | 14631,14756,14881,14632,14757,14882 | 0.07      | 6.09     |
| 11  | 20         | 10000000 | 625000    | 476191   | 1       | 2     | 16   | worker   | 12        | 16  | decrease  | asc         | desc       | 8          | 1.46     | 1.53     | 6   | 15391,15516,15641,15392,15517,15642 | 0.07      | 4.79     |
| 18  | 20         | 10000000 | 5000000   | 476191   | 1024    | 512   | 2    | io_uring | 12        | 16  | increase  | desc        | desc       | 1          | 0.84     | 0.91     | 6   | 27661,27801,27941,27662,27802,27942 | 0.07      | 8.33     |
| 18  | 20         | 10000000 | 5000000   | 476191   | 1024    | 512   | 2    | worker   | 12        | 16  | increase  | desc        | desc       | 4          | 1.39     | 1.46     | 6   | 26831,26971,27111,26832,26972,27112 | 0.07      | 5.04     |
| 11  | 20         | 10000000 | 625000    | 476191   | 1       | 2     | 16   | io_uring | 12        | 16  | decrease  | asc         | desc       | 1          | 0.92     | 0.99     | 6   | 16126,16251,16376,16127,16252,16377 | 0.07      | 7.61     |
| 8   | 60         | 10000000 | 625000    | 156250   | 1       | 128   | 16   | worker   | 12        | 16  | decrease  | desc        | desc       | 32         | 1.57     | 1.64     | 6   | 10901,11026,11151,10902,11027,11152 | 0.07      | 4.46     |
| 12  | 20         | 10000000 | 625000    | 476191   | 1       | 2     | 16   | worker   | 12        | 16  | decrease  | desc        | desc       | 64         | 2.35     | 2.42     | 6   | 16906,17031,17156,16907,17032,17157 | 0.07      | 2.98     |
| 15  | 60         | 10000000 | 5000000   | 156250   | 4096    | 32    | 2    | io_uring | 12        | 16  | decrease  | asc         | asc        | 32         | 4.57     | 4.64     | 6   | 22226,22366,22506,22227,22367,22507 | 0.07      | 1.53     |
| 7   | 60         | 10000000 | 625000    | 156250   | 1       | 128   | 16   | io_uring | 12        | 16  | decrease  | asc         | asc        | 1024       | 34.46    | 34.52    | 6   | 9801,9926,10051,9802,9927,10052     | 0.06      | 0.17     |
| 8   | 60         | 10000000 | 625000    | 156250   | 1       | 128   | 16   | io_uring | 12        | 16  | decrease  | desc        | desc       | 2048       | 8.6      | 8.66     | 6   | 11681,11806,11931,11682,11807,11932 | 0.06      | 0.7      |
| 16  | 60         | 10000000 | 5000000   | 156250   | 4096    | 32    | 2    | worker   | 12        | 16  | decrease  | desc        | desc       | 4096       | 14.83    | 14.89    | 6   | 23521,23661,23801,23522,23662,23802 | 0.06      | 0.4      |
| 8   | 60         | 10000000 | 625000    | 156250   | 1       | 128   | 16   | worker   | 12        | 16  | decrease  | desc        | desc       | 16         | 1.48     | 1.54     | 6   | 10896,11021,11146,10897,11022,11147 | 0.06      | 4.05     |
| 11  | 20         | 10000000 | 625000    | 476191   | 1       | 2     | 16   | io_uring | 12        | 16  | decrease  | asc         | desc       | 2          | 1.04     | 1.1      | 6   | 16131,16256,16381,16132,16257,16382 | 0.06      | 5.77     |
| 11  | 20         | 10000000 | 625000    | 476191   | 1       | 2     | 16   | worker   | 12        | 16  | decrease  | asc         | desc       | 64         | 3.16     | 3.22     | 6   | 15406,15531,15656,15407,15532,15657 | 0.06      | 1.9      |
| 12  | 20         | 10000000 | 625000    | 476191   | 1       | 2     | 16   | io_uring | 12        | 16  | decrease  | desc        | asc        | 8          | 1.5      | 1.56     | 6   | 17266,17391,17516,17267,17392,17517 | 0.06      | 4.0      |
| 12  | 20         | 10000000 | 625000    | 476191   | 1       | 2     | 16   | io_uring | 12        | 16  | decrease  | desc        | desc       | 128        | 3.71     | 3.77     | 6   | 17661,17786,17911,17662,17787,17912 | 0.06      | 1.62     |
| 14  | 60         | 10000000 | 5000000   | 156250   | 4096    | 32    | 2    | io_uring | 12        | 16  | increase  | desc        | desc       | 4          | 1.21     | 1.27     | 6   | 20951,21091,21231,20952,21092,21232 | 0.06      | 4.96     |
| 17  | 20         | 10000000 | 5000000   | 476191   | 1024    | 512   | 2    | worker   | 12        | 16  | increase  | asc         | asc        | 8          | 2.16     | 2.22     | 6   | 24736,24876,25016,24737,24877,25017 | 0.06      | 2.78     |
| 19  | 20         | 10000000 | 5000000   | 476191   | 1024    | 512   | 2    | io_uring | 12        | 16  | decrease  | asc         | asc        | 2          | 0.99     | 1.05     | 6   | 28926,29066,29206,28927,29067,29207 | 0.06      | 6.06     |
| 19  | 20         | 10000000 | 5000000   | 476191   | 1024    | 512   | 2    | worker   | 12        | 16  | decrease  | asc         | desc       | 2          | 0.99     | 1.05     | 6   | 28506,28646,28786,28507,28647,28787 | 0.06      | 6.06     |
| 19  | 20         | 10000000 | 5000000   | 476191   | 1024    | 512   | 2    | worker   | 12        | 16  | decrease  | asc         | desc       | 4          | 1.46     | 1.52     | 6   | 28511,28651,28791,28512,28652,28792 | 0.06      | 4.11     |
| 14  | 60         | 10000000 | 5000000   | 156250   | 4096    | 32    | 2    | io_uring | 12        | 16  | increase  | desc        | asc        | 1          | 0.67     | 0.73     | 6   | 20521,20661,20801,20522,20662,20802 | 0.06      | 8.96     |
| 14  | 60         | 10000000 | 5000000   | 156250   | 4096    | 32    | 2    | worker   | 12        | 16  | increase  | desc        | asc        | 1          | 0.64     | 0.7      | 6   | 19681,19821,19961,19682,19822,19962 | 0.06      | 9.37     |
| 18  | 20         | 10000000 | 5000000   | 476191   | 1024    | 512   | 2    | worker   | 12        | 16  | increase  | desc        | desc       | 1          | 0.77     | 0.83     | 6   | 26821,26961,27101,26822,26962,27102 | 0.06      | 7.79     |
| 3   | 40         | 10000000 | 625000    | 238096   | 1048576 | 32    | 16   | io_uring | 12        | 16  | decrease  | asc         | desc       | 2          | 1.12     | 1.18     | 6   | 4131,4256,4381,4132,4257,4382       | 0.06      | 5.36     |
| 16  | 60         | 10000000 | 5000000   | 156250   | 4096    | 32    | 2    | io_uring | 12        | 16  | decrease  | desc        | asc        | 32         | 4.61     | 4.67     | 6   | 23906,24046,24186,23907,24047,24187 | 0.06      | 1.3      |
| 20  | 20         | 10000000 | 5000000   | 476191   | 1024    | 512   | 2    | io_uring | 12        | 16  | decrease  | desc        | asc        | 8          | 2.17     | 2.22     | 6   | 30616,30756,30896,30617,30757,30897 | 0.05      | 2.3      |
| 5   | 60         | 10000000 | 625000    | 156250   | 1       | 128   | 16   | io_uring | 12        | 16  | increase  | asc         | asc        | 4          | 1.13     | 1.18     | 6   | 6761,6886,7011,6762,6887,7012       | 0.05      | 4.42     |
| 5   | 60         | 10000000 | 625000    | 156250   | 1       | 128   | 16   | worker   | 12        | 16  | increase  | asc         | asc        | 16         | 1.57     | 1.62     | 6   | 6021,6146,6271,6022,6147,6272       | 0.05      | 3.18     |
| 12  | 20         | 10000000 | 625000    | 476191   | 1       | 2     | 16   | io_uring | 12        | 16  | decrease  | desc        | desc       | 8          | 1.46     | 1.51     | 6   | 17641,17766,17891,17642,17767,17892 | 0.05      | 3.42     |
| 12  | 20         | 10000000 | 625000    | 476191   | 1       | 2     | 16   | worker   | 12        | 16  | decrease  | desc        | desc       | 1          | 1.0      | 1.05     | 6   | 16876,17001,17126,16877,17002,17127 | 0.05      | 5.0      |
| 19  | 20         | 10000000 | 5000000   | 476191   | 1024    | 512   | 2    | worker   | 12        | 16  | decrease  | asc         | asc        | 2          | 1.01     | 1.06     | 6   | 28086,28226,28366,28087,28227,28367 | 0.05      | 4.95     |
| 15  | 60         | 10000000 | 5000000   | 156250   | 4096    | 32    | 2    | io_uring | 12        | 16  | decrease  | asc         | asc        | 1          | 0.67     | 0.72     | 6   | 22201,22341,22481,22202,22342,22482 | 0.05      | 7.46     |
| 1   | 40         | 10000000 | 625000    | 238096   | 1048576 | 32    | 16   | io_uring | 12        | 16  | increase  | asc         | desc       | 2          | 1.04     | 1.08     | 6   | 1131,1256,1381,1132,1257,1382       | 0.04      | 3.85     |
| 2   | 40         | 10000000 | 625000    | 238096   | 1048576 | 32    | 16   | io_uring | 12        | 16  | increase  | desc        | asc        | 4          | 1.83     | 1.87     | 6   | 2261,2386,2511,2262,2387,2512       | 0.04      | 2.19     |
| 5   | 60         | 10000000 | 625000    | 156250   | 1       | 128   | 16   | io_uring | 12        | 16  | increase  | asc         | desc       | 4          | 1.21     | 1.25     | 6   | 7136,7261,7386,7137,7262,7387       | 0.04      | 3.31     |
| 5   | 60         | 10000000 | 625000    | 156250   | 1       | 128   | 16   | worker   | 12        | 16  | increase  | asc         | asc        | 1          | 0.99     | 1.03     | 6   | 6001,6126,6251,6002,6127,6252       | 0.04      | 4.04     |
| 8   | 60         | 10000000 | 625000    | 156250   | 1       | 128   | 16   | worker   | 12        | 16  | decrease  | desc        | desc       | 8          | 1.06     | 1.1      | 6   | 10891,11016,11141,10892,11017,11142 | 0.04      | 3.77     |
| 12  | 20         | 10000000 | 625000    | 476191   | 1       | 2     | 16   | io_uring | 12        | 16  | decrease  | desc        | desc       | 256        | 4.03     | 4.07     | 6   | 17666,17791,17916,17667,17792,17917 | 0.04      | 0.99     |
| 12  | 20         | 10000000 | 625000    | 476191   | 1       | 2     | 16   | worker   | 12        | 16  | decrease  | desc        | desc       | 16         | 1.9      | 1.94     | 6   | 16896,17021,17146,16897,17022,17147 | 0.04      | 2.11     |
| 13  | 60         | 10000000 | 5000000   | 156250   | 4096    | 32    | 2    | io_uring | 12        | 16  | increase  | asc         | desc       | 16         | 2.43     | 2.47     | 6   | 19281,19421,19561,19282,19422,19562 | 0.04      | 1.65     |
| 14  | 60         | 10000000 | 5000000   | 156250   | 4096    | 32    | 2    | worker   | 12        | 16  | increase  | desc        | asc        | 2          | 0.7      | 0.74     | 6   | 19686,19826,19966,19687,19827,19967 | 0.04      | 5.71     |
| 16  | 60         | 10000000 | 5000000   | 156250   | 4096    | 32    | 2    | io_uring | 12        | 16  | decrease  | desc        | asc        | 1          | 0.59     | 0.63     | 6   | 23881,24021,24161,23882,24022,24162 | 0.04      | 6.78     |
| 16  | 60         | 10000000 | 5000000   | 156250   | 4096    | 32    | 2    | io_uring | 12        | 16  | decrease  | desc        | desc       | 2          | 0.77     | 0.81     | 6   | 24306,24446,24586,24307,24447,24587 | 0.04      | 5.19     |
| 20  | 20         | 10000000 | 5000000   | 476191   | 1024    | 512   | 2    | worker   | 12        | 16  | decrease  | desc        | asc        | 8          | 2.12     | 2.16     | 6   | 29776,29916,30056,29777,29917,30057 | 0.04      | 1.89     |
| 6   | 60         | 10000000 | 625000    | 156250   | 1       | 128   | 16   | worker   | 12        | 16  | increase  | desc        | asc        | 1          | 0.9      | 0.94     | 6   | 7501,7626,7751,7502,7627,7752       | 0.04      | 4.44     |
| 16  | 60         | 10000000 | 5000000   | 156250   | 4096    | 32    | 2    | worker   | 12        | 16  | decrease  | desc        | asc        | 2          | 0.65     | 0.69     | 6   | 23046,23186,23326,23047,23187,23327 | 0.04      | 6.15     |
| 16  | 60         | 10000000 | 5000000   | 156250   | 4096    | 32    | 2    | worker   | 12        | 16  | decrease  | desc        | asc        | 4          | 0.91     | 0.95     | 6   | 23051,23191,23331,23052,23192,23332 | 0.04      | 4.4      |
| 5   | 60         | 10000000 | 625000    | 156250   | 1       | 128   | 16   | io_uring | 12        | 16  | increase  | asc         | desc       | 2          | 1.11     | 1.15     | 6   | 7131,7256,7381,7132,7257,7382       | 0.04      | 3.6      |
| 20  | 20         | 10000000 | 5000000   | 476191   | 1024    | 512   | 2    | worker   | 12        | 16  | decrease  | desc        | desc       | 8          | 2.32     | 2.35     | 6   | 30196,30336,30476,30197,30337,30477 | 0.03      | 1.29     |
| 9   | 20         | 10000000 | 625000    | 476191   | 1       | 2     | 16   | io_uring | 12        | 16  | increase  | asc         | desc       | 4          | 1.29     | 1.32     | 6   | 13136,13261,13386,13137,13262,13387 | 0.03      | 2.33     |
| 10  | 20         | 10000000 | 625000    | 476191   | 1       | 2     | 16   | io_uring | 12        | 16  | increase  | desc        | desc       | 1          | 1.05     | 1.08     | 6   | 14626,14751,14876,14627,14752,14877 | 0.03      | 2.86     |
| 11  | 20         | 10000000 | 625000    | 476191   | 1       | 2     | 16   | worker   | 12        | 16  | decrease  | asc         | asc        | 1          | 0.89     | 0.92     | 6   | 15001,15126,15251,15002,15127,15252 | 0.03      | 3.37     |
| 13  | 60         | 10000000 | 5000000   | 156250   | 4096    | 32    | 2    | io_uring | 12        | 16  | increase  | asc         | asc        | 2          | 0.69     | 0.72     | 6   | 18846,18986,19126,18847,18987,19127 | 0.03      | 4.35     |
| 15  | 60         | 10000000 | 5000000   | 156250   | 4096    | 32    | 2    | io_uring | 12        | 16  | decrease  | asc         | desc       | 1          | 0.7      | 0.73     | 6   | 22621,22761,22901,22622,22762,22902 | 0.03      | 4.29     |
| 19  | 20         | 10000000 | 5000000   | 476191   | 1024    | 512   | 2    | worker   | 12        | 16  | decrease  | asc         | asc        | 4          | 1.45     | 1.48     | 6   | 28091,28231,28371,28092,28232,28372 | 0.03      | 2.07     |
| 16  | 60         | 10000000 | 5000000   | 156250   | 4096    | 32    | 2    | io_uring | 12        | 16  | decrease  | desc        | asc        | 2          | 0.68     | 0.71     | 6   | 23886,24026,24166,23887,24027,24167 | 0.03      | 4.41     |
| 4   | 40         | 10000000 | 625000    | 238096   | 1048576 | 32    | 16   | worker   | 12        | 16  | decrease  | desc        | desc       | 4          | 2.2      | 2.23     | 6   | 4886,5011,5136,4887,5012,5137       | 0.03      | 1.36     |
| 6   | 60         | 10000000 | 625000    | 156250   | 1       | 128   | 16   | worker   | 12        | 16  | increase  | desc        | desc       | 1          | 1.1      | 1.13     | 6   | 7876,8001,8126,7877,8002,8127       | 0.03      | 2.73     |
| 8   | 60         | 10000000 | 625000    | 156250   | 1       | 128   | 16   | io_uring | 12        | 16  | decrease  | desc        | asc        | 256        | 10.23    | 10.26    | 6   | 11291,11416,11541,11292,11417,11542 | 0.03      | 0.29     |
| 6   | 60         | 10000000 | 625000    | 156250   | 1       | 128   | 16   | io_uring | 12        | 16  | increase  | desc        | desc       | 512        | 17.51    | 17.54    | 6   | 8671,8796,8921,8672,8797,8922       | 0.03      | 0.17     |
| 8   | 60         | 10000000 | 625000    | 156250   | 1       | 128   | 16   | worker   | 12        | 16  | decrease  | desc        | asc        | 512        | 20.15    | 20.17    | 6   | 10546,10671,10796,10547,10672,10797 | 0.02      | 0.1      |
| 3   | 40         | 10000000 | 625000    | 238096   | 1048576 | 32    | 16   | worker   | 12        | 16  | decrease  | asc         | desc       | 2          | 1.21     | 1.23     | 6   | 3381,3506,3631,3382,3507,3632       | 0.02      | 1.65     |
| 5   | 60         | 10000000 | 625000    | 156250   | 1       | 128   | 16   | io_uring | 12        | 16  | increase  | asc         | desc       | 16         | 1.67     | 1.69     | 6   | 7146,7271,7396,7147,7272,7397       | 0.02      | 1.2      |
| 6   | 60         | 10000000 | 625000    | 156250   | 1       | 128   | 16   | io_uring | 12        | 16  | increase  | desc        | asc        | 2          | 1.07     | 1.09     | 6   | 8256,8381,8506,8257,8382,8507       | 0.02      | 1.87     |
| 8   | 60         | 10000000 | 625000    | 156250   | 1       | 128   | 16   | worker   | 12        | 16  | decrease  | desc        | desc       | 128        | 2.68     | 2.7      | 6   | 10911,11036,11161,10912,11037,11162 | 0.02      | 0.75     |
| 10  | 20         | 10000000 | 625000    | 476191   | 1       | 2     | 16   | worker   | 12        | 16  | increase  | desc        | asc        | 32         | 2.35     | 2.37     | 6   | 13526,13651,13776,13527,13652,13777 | 0.02      | 0.85     |
| 12  | 20         | 10000000 | 625000    | 476191   | 1       | 2     | 16   | worker   | 12        | 16  | decrease  | desc        | asc        | 8          | 1.44     | 1.46     | 6   | 16516,16641,16766,16517,16642,16767 | 0.02      | 1.39     |
| 13  | 60         | 10000000 | 5000000   | 156250   | 4096    | 32    | 2    | worker   | 12        | 16  | increase  | asc         | desc       | 4          | 1.0      | 1.02     | 6   | 18431,18571,18711,18432,18572,18712 | 0.02      | 2.0      |
| 15  | 60         | 10000000 | 5000000   | 156250   | 4096    | 32    | 2    | worker   | 12        | 16  | decrease  | asc         | asc        | 16         | 2.82     | 2.84     | 6   | 21381,21521,21661,21382,21522,21662 | 0.02      | 0.71     |
| 16  | 60         | 10000000 | 5000000   | 156250   | 4096    | 32    | 2    | worker   | 12        | 16  | decrease  | desc        | desc       | 2          | 0.73     | 0.75     | 6   | 23466,23606,23746,23467,23607,23747 | 0.02      | 2.74     |
| 17  | 20         | 10000000 | 5000000   | 476191   | 1024    | 512   | 2    | worker   | 12        | 16  | increase  | asc         | asc        | 2          | 0.9      | 0.92     | 6   | 24726,24866,25006,24727,24867,25007 | 0.02      | 2.22     |
| 17  | 20         | 10000000 | 5000000   | 476191   | 1024    | 512   | 2    | worker   | 12        | 16  | increase  | asc         | asc        | 4          | 1.27     | 1.29     | 6   | 24731,24871,25011,24732,24872,25012 | 0.02      | 1.57     |
| 20  | 20         | 10000000 | 5000000   | 476191   | 1024    | 512   | 2    | worker   | 12        | 16  | decrease  | desc        | asc        | 1          | 0.62     | 0.64     | 6   | 29761,29901,30041,29762,29902,30042 | 0.02      | 3.23     |
| 17  | 20         | 10000000 | 5000000   | 476191   | 1024    | 512   | 2    | io_uring | 12        | 16  | increase  | asc         | desc       | 4          | 1.36     | 1.38     | 6   | 25991,26131,26271,25992,26132,26272 | 0.02      | 1.47     |
| 11  | 20         | 10000000 | 625000    | 476191   | 1       | 2     | 16   | io_uring | 12        | 16  | decrease  | asc         | desc       | 1024       | 19.36    | 19.37    | 6   | 16176,16301,16426,16177,16302,16427 | 0.01      | 0.05     |
| 18  | 20         | 10000000 | 5000000   | 476191   | 1024    | 512   | 2    | worker   | 12        | 16  | increase  | desc        | asc        | 8          | 2.26     | 2.27     | 6   | 26416,26556,26696,26417,26557,26697 | 0.01      | 0.44     |
| 1   | 40         | 10000000 | 625000    | 238096   | 1048576 | 32    | 16   | io_uring | 12        | 16  | increase  | asc         | asc        | 2          | 1.26     | 1.27     | 6   | 756,881,1006,757,882,1007           | 0.01      | 0.79     |
| 6   | 60         | 10000000 | 625000    | 156250   | 1       | 128   | 16   | io_uring | 12        | 16  | increase  | desc        | desc       | 4          | 1.29     | 1.3      | 6   | 8636,8761,8886,8637,8762,8887       | 0.01      | 0.78     |
| 7   | 60         | 10000000 | 625000    | 156250   | 1       | 128   | 16   | worker   | 12        | 16  | decrease  | asc         | asc        | 2          | 1.0      | 1.01     | 6   | 9006,9131,9256,9007,9132,9257       | 0.01      | 1.0      |
| 8   | 60         | 10000000 | 625000    | 156250   | 1       | 128   | 16   | worker   | 12        | 16  | decrease  | desc        | asc        | 1          | 0.98     | 0.99     | 6   | 10501,10626,10751,10502,10627,10752 | 0.01      | 1.02     |
| 10  | 20         | 10000000 | 625000    | 476191   | 1       | 2     | 16   | worker   | 12        | 16  | increase  | desc        | asc        | 8          | 1.49     | 1.5      | 6   | 13516,13641,13766,13517,13642,13767 | 0.01      | 0.67     |
| 11  | 20         | 10000000 | 625000    | 476191   | 1       | 2     | 16   | worker   | 12        | 16  | decrease  | asc         | desc       | 2          | 1.07     | 1.08     | 6   | 15381,15506,15631,15382,15507,15632 | 0.01      | 0.93     |
| 14  | 60         | 10000000 | 5000000   | 156250   | 4096    | 32    | 2    | io_uring | 12        | 16  | increase  | desc        | asc        | 2          | 0.79     | 0.8      | 6   | 20526,20666,20806,20527,20667,20807 | 0.01      | 1.27     |
| 15  | 60         | 10000000 | 5000000   | 156250   | 4096    | 32    | 2    | worker   | 12        | 16  | decrease  | asc         | asc        | 1          | 0.62     | 0.63     | 6   | 21361,21501,21641,21362,21502,21642 | 0.01      | 1.61     |
| 17  | 20         | 10000000 | 5000000   | 476191   | 1024    | 512   | 2    | worker   | 12        | 16  | increase  | asc         | desc       | 4          | 1.42     | 1.43     | 6   | 25151,25291,25431,25152,25292,25432 | 0.01      | 0.7      |
| 18  | 20         | 10000000 | 5000000   | 476191   | 1024    | 512   | 2    | io_uring | 12        | 16  | increase  | desc        | asc        | 1          | 0.78     | 0.79     | 6   | 27241,27381,27521,27242,27382,27522 | 0.01      | 1.28     |
| 18  | 20         | 10000000 | 5000000   | 476191   | 1024    | 512   | 2    | worker   | 12        | 16  | increase  | desc        | asc        | 4          | 1.42     | 1.43     | 6   | 26411,26551,26691,26412,26552,26692 | 0.01      | 0.7      |
| 1   | 40         | 10000000 | 625000    | 238096   | 1048576 | 32    | 16   | io_uring | 12        | 16  | increase  | asc         | desc       | 1          | 0.89     | 0.89     | 6   | 1126,1251,1376,1127,1252,1377       | 0.0       | 0.0      |
| 1   | 40         | 10000000 | 625000    | 238096   | 1048576 | 32    | 16   | worker   | 12        | 16  | increase  | asc         | desc       | 4          | 1.6      | 1.6      | 6   | 386,511,636,387,512,637             | 0.0       | 0.0      |
| 5   | 60         | 10000000 | 625000    | 156250   | 1       | 128   | 16   | worker   | 12        | 16  | increase  | asc         | asc        | 32         | 1.84     | 1.84     | 6   | 6026,6151,6276,6027,6152,6277       | 0.0       | 0.0      |
| 6   | 60         | 10000000 | 625000    | 156250   | 1       | 128   | 16   | io_uring | 12        | 16  | increase  | desc        | desc       | 16         | 1.72     | 1.72     | 6   | 8646,8771,8896,8647,8772,8897       | 0.0       | 0.0      |
| 7   | 60         | 10000000 | 625000    | 156250   | 1       | 128   | 16   | worker   | 12        | 16  | decrease  | asc         | desc       | 16384      | 141.97   | 141.97   | 6   | 9446,9571,9696,9447,9572,9697       | 0.0       | 0.0      |
| 8   | 60         | 10000000 | 625000    | 156250   | 1       | 128   | 16   | io_uring | 12        | 16  | decrease  | desc        | desc       | 16         | 1.56     | 1.56     | 6   | 11646,11771,11896,11647,11772,11897 | 0.0       | 0.0      |
| 9   | 20         | 10000000 | 625000    | 476191   | 1       | 2     | 16   | io_uring | 12        | 16  | increase  | asc         | desc       | 1          | 0.97     | 0.97     | 6   | 13126,13251,13376,13127,13252,13377 | 0.0       | 0.0      |
| 11  | 20         | 10000000 | 625000    | 476191   | 1       | 2     | 16   | io_uring | 12        | 16  | decrease  | asc         | asc        | 1          | 0.92     | 0.92     | 6   | 15751,15876,16001,15752,15877,16002 | 0.0       | 0.0      |
| 11  | 20         | 10000000 | 625000    | 476191   | 1       | 2     | 16   | worker   | 12        | 16  | decrease  | asc         | asc        | 4          | 1.06     | 1.06     | 6   | 15011,15136,15261,15012,15137,15262 | 0.0       | 0.0      |
| 12  | 20         | 10000000 | 625000    | 476191   | 1       | 2     | 16   | worker   | 12        | 16  | decrease  | desc        | desc       | 256        | 3.77     | 3.77     | 6   | 16916,17041,17166,16917,17042,17167 | 0.0       | 0.0      |
| 13  | 60         | 10000000 | 5000000   | 156250   | 4096    | 32    | 2    | worker   | 12        | 16  | increase  | asc         | asc        | 8          | 1.48     | 1.48     | 6   | 18016,18156,18296,18017,18157,18297 | 0.0       | 0.0      |
| 15  | 60         | 10000000 | 5000000   | 156250   | 4096    | 32    | 2    | worker   | 12        | 16  | decrease  | asc         | desc       | 2          | 0.8      | 0.8      | 6   | 21786,21926,22066,21787,21927,22067 | 0.0       | 0.0      |
| 16  | 60         | 10000000 | 5000000   | 156250   | 4096    | 32    | 2    | io_uring | 12        | 16  | decrease  | desc        | desc       | 1          | 0.58     | 0.58     | 6   | 24301,24441,24581,24302,24442,24582 | 0.0       | 0.0      |
| 16  | 60         | 10000000 | 5000000   | 156250   | 4096    | 32    | 2    | worker   | 12        | 16  | decrease  | desc        | desc       | 1          | 0.58     | 0.58     | 6   | 23461,23601,23741,23462,23602,23742 | 0.0       | 0.0      |
| 17  | 20         | 10000000 | 5000000   | 476191   | 1024    | 512   | 2    | io_uring | 12        | 16  | increase  | asc         | desc       | 1          | 0.71     | 0.71     | 6   | 25981,26121,26261,25982,26122,26262 | 0.0       | 0.0      |
| 17  | 20         | 10000000 | 5000000   | 476191   | 1024    | 512   | 2    | worker   | 12        | 16  | increase  | asc         | desc       | 1          | 0.69     | 0.69     | 6   | 25141,25281,25421,25142,25282,25422 | 0.0       | 0.0      |
| 20  | 20         | 10000000 | 5000000   | 476191   | 1024    | 512   | 2    | worker   | 12        | 16  | decrease  | desc        | asc        | 4          | 1.36     | 1.36     | 6   | 29771,29911,30051,29772,29912,30052 | 0.0       | 0.0      |
| 20  | 20         | 10000000 | 5000000   | 476191   | 1024    | 512   | 2    | worker   | 12        | 16  | decrease  | desc        | asc        | 64         | 8.87     | 8.87     | 6   | 29791,29931,30071,29792,29932,30072 | 0.0       | 0.0      |
| 6   | 60         | 10000000 | 625000    | 156250   | 1       | 128   | 16   | io_uring | 12        | 16  | increase  | desc        | asc        | 256        | 4.63     | 4.62     | 6   | 8291,8416,8541,8292,8417,8542       | -0.01     | -0.22    |
| 9   | 20         | 10000000 | 625000    | 476191   | 1       | 2     | 16   | worker   | 12        | 16  | increase  | asc         | asc        | 64         | 2.42     | 2.41     | 6   | 12031,12156,12281,12032,12157,12282 | -0.01     | -0.41    |
| 11  | 20         | 10000000 | 625000    | 476191   | 1       | 2     | 16   | io_uring | 12        | 16  | decrease  | asc         | asc        | 32         | 4.08     | 4.07     | 6   | 15776,15901,16026,15777,15902,16027 | -0.01     | -0.25    |
| 15  | 60         | 10000000 | 5000000   | 156250   | 4096    | 32    | 2    | worker   | 12        | 16  | decrease  | asc         | asc        | 32         | 4.74     | 4.73     | 6   | 21386,21526,21666,21387,21527,21667 | -0.01     | -0.21    |
| 16  | 60         | 10000000 | 5000000   | 156250   | 4096    | 32    | 2    | worker   | 12        | 16  | decrease  | desc        | asc        | 1          | 0.57     | 0.56     | 6   | 23041,23181,23321,23042,23182,23322 | -0.01     | -1.75    |
| 4   | 40         | 10000000 | 625000    | 238096   | 1048576 | 32    | 16   | io_uring | 12        | 16  | decrease  | desc        | asc        | 1          | 0.93     | 0.92     | 6   | 5251,5376,5501,5252,5377,5502       | -0.01     | -1.08    |
| 5   | 60         | 10000000 | 625000    | 156250   | 1       | 128   | 16   | io_uring | 12        | 16  | increase  | asc         | asc        | 2          | 1.16     | 1.15     | 6   | 6756,6881,7006,6757,6882,7007       | -0.01     | -0.86    |
| 5   | 60         | 10000000 | 625000    | 156250   | 1       | 128   | 16   | worker   | 12        | 16  | increase  | asc         | asc        | 2          | 0.98     | 0.97     | 6   | 6006,6131,6256,6007,6132,6257       | -0.01     | -1.02    |
| 5   | 60         | 10000000 | 625000    | 156250   | 1       | 128   | 16   | worker   | 12        | 16  | increase  | asc         | asc        | 4          | 1.01     | 1.0      | 6   | 6011,6136,6261,6012,6137,6262       | -0.01     | -0.99    |
| 7   | 60         | 10000000 | 625000    | 156250   | 1       | 128   | 16   | io_uring | 12        | 16  | decrease  | asc         | desc       | 2          | 1.05     | 1.04     | 6   | 10131,10256,10381,10132,10257,10382 | -0.01     | -0.95    |
| 8   | 60         | 10000000 | 625000    | 156250   | 1       | 128   | 16   | io_uring | 12        | 16  | decrease  | desc        | asc        | 16         | 1.59     | 1.58     | 6   | 11271,11396,11521,11272,11397,11522 | -0.01     | -0.63    |
| 11  | 20         | 10000000 | 625000    | 476191   | 1       | 2     | 16   | worker   | 12        | 16  | decrease  | asc         | desc       | 4          | 1.1      | 1.09     | 6   | 15386,15511,15636,15387,15512,15637 | -0.01     | -0.91    |
| 12  | 20         | 10000000 | 625000    | 476191   | 1       | 2     | 16   | io_uring | 12        | 16  | decrease  | desc        | desc       | 2          | 0.96     | 0.95     | 6   | 17631,17756,17881,17632,17757,17882 | -0.01     | -1.04    |
| 14  | 60         | 10000000 | 5000000   | 156250   | 4096    | 32    | 2    | io_uring | 12        | 16  | increase  | desc        | asc        | 8          | 1.67     | 1.66     | 6   | 20536,20676,20816,20537,20677,20817 | -0.01     | -0.6     |
| 14  | 60         | 10000000 | 5000000   | 156250   | 4096    | 32    | 2    | worker   | 12        | 16  | increase  | desc        | asc        | 4          | 1.11     | 1.1      | 6   | 19691,19831,19971,19692,19832,19972 | -0.01     | -0.9     |
| 15  | 60         | 10000000 | 5000000   | 156250   | 4096    | 32    | 2    | worker   | 12        | 16  | decrease  | asc         | asc        | 2          | 0.89     | 0.88     | 6   | 21366,21506,21646,21367,21507,21647 | -0.01     | -1.12    |
| 18  | 20         | 10000000 | 5000000   | 476191   | 1024    | 512   | 2    | worker   | 12        | 16  | increase  | desc        | asc        | 2          | 1.01     | 1.0      | 6   | 26406,26546,26686,26407,26547,26687 | -0.01     | -0.99    |
| 20  | 20         | 10000000 | 5000000   | 476191   | 1024    | 512   | 2    | io_uring | 12        | 16  | decrease  | desc        | desc       | 1          | 0.66     | 0.65     | 6   | 31021,31161,31301,31022,31162,31302 | -0.01     | -1.52    |
| 20  | 20         | 10000000 | 5000000   | 476191   | 1024    | 512   | 2    | worker   | 12        | 16  | decrease  | desc        | asc        | 2          | 0.83     | 0.82     | 6   | 29766,29906,30046,29767,29907,30047 | -0.01     | -1.2     |
| 4   | 40         | 10000000 | 625000    | 238096   | 1048576 | 32    | 16   | io_uring | 12        | 16  | decrease  | desc        | desc       | 8          | 3.81     | 3.8      | 6   | 5641,5766,5891,5642,5767,5892       | -0.01     | -0.26    |
| 10  | 20         | 10000000 | 625000    | 476191   | 1       | 2     | 16   | worker   | 12        | 16  | increase  | desc        | asc        | 2048       | 30.26    | 30.25    | 6   | 13556,13681,13806,13557,13682,13807 | -0.01     | -0.03    |
| 5   | 60         | 10000000 | 625000    | 156250   | 1       | 128   | 16   | io_uring | 12        | 16  | increase  | asc         | asc        | 2048       | 8.67     | 8.65     | 6   | 6806,6931,7056,6807,6932,7057       | -0.02     | -0.23    |
| 6   | 60         | 10000000 | 625000    | 156250   | 1       | 128   | 16   | worker   | 12        | 16  | increase  | desc        | asc        | 256        | 4.68     | 4.66     | 6   | 7541,7666,7791,7542,7667,7792       | -0.02     | -0.43    |
| 20  | 20         | 10000000 | 5000000   | 476191   | 1024    | 512   | 2    | io_uring | 12        | 16  | decrease  | desc        | asc        | 1          | 0.69     | 0.67     | 6   | 30601,30741,30881,30602,30742,30882 | -0.02     | -2.9     |
| 2   | 40         | 10000000 | 625000    | 238096   | 1048576 | 32    | 16   | io_uring | 12        | 16  | increase  | desc        | desc       | 2          | 1.45     | 1.43     | 6   | 2631,2756,2881,2632,2757,2882       | -0.02     | -1.38    |
| 5   | 60         | 10000000 | 625000    | 156250   | 1       | 128   | 16   | io_uring | 12        | 16  | increase  | asc         | asc        | 8          | 1.28     | 1.26     | 6   | 6766,6891,7016,6767,6892,7017       | -0.02     | -1.56    |
| 5   | 60         | 10000000 | 625000    | 156250   | 1       | 128   | 16   | worker   | 12        | 16  | increase  | asc         | desc       | 4          | 1.16     | 1.14     | 6   | 6386,6511,6636,6387,6512,6637       | -0.02     | -1.72    |
| 8   | 60         | 10000000 | 625000    | 156250   | 1       | 128   | 16   | worker   | 12        | 16  | decrease  | desc        | asc        | 64         | 3.28     | 3.26     | 6   | 10531,10656,10781,10532,10657,10782 | -0.02     | -0.61    |
| 9   | 20         | 10000000 | 625000    | 476191   | 1       | 2     | 16   | io_uring | 12        | 16  | increase  | asc         | asc        | 64         | 2.41     | 2.39     | 6   | 12781,12906,13031,12782,12907,13032 | -0.02     | -0.83    |
| 10  | 20         | 10000000 | 625000    | 476191   | 1       | 2     | 16   | worker   | 12        | 16  | increase  | desc        | desc       | 16         | 2.62     | 2.6      | 6   | 13896,14021,14146,13897,14022,14147 | -0.02     | -0.76    |
| 11  | 20         | 10000000 | 625000    | 476191   | 1       | 2     | 16   | worker   | 12        | 16  | decrease  | asc         | desc       | 32         | 2.34     | 2.32     | 6   | 15401,15526,15651,15402,15527,15652 | -0.02     | -0.85    |
| 12  | 20         | 10000000 | 625000    | 476191   | 1       | 2     | 16   | io_uring | 12        | 16  | decrease  | desc        | asc        | 16         | 2.34     | 2.32     | 6   | 17271,17396,17521,17272,17397,17522 | -0.02     | -0.85    |
| 15  | 60         | 10000000 | 5000000   | 156250   | 4096    | 32    | 2    | io_uring | 12        | 16  | decrease  | asc         | desc       | 4          | 1.05     | 1.03     | 6   | 22631,22771,22911,22632,22772,22912 | -0.02     | -1.9     |
| 17  | 20         | 10000000 | 5000000   | 476191   | 1024    | 512   | 2    | worker   | 12        | 16  | increase  | asc         | asc        | 1          | 0.65     | 0.63     | 6   | 24721,24861,25001,24722,24862,25002 | -0.02     | -3.08    |
| 18  | 20         | 10000000 | 5000000   | 476191   | 1024    | 512   | 2    | io_uring | 12        | 16  | increase  | desc        | desc       | 2          | 1.04     | 1.02     | 6   | 27666,27806,27946,27667,27807,27947 | -0.02     | -1.92    |
| 19  | 20         | 10000000 | 5000000   | 476191   | 1024    | 512   | 2    | io_uring | 12        | 16  | decrease  | asc         | desc       | 8          | 2.29     | 2.27     | 6   | 29356,29496,29636,29357,29497,29637 | -0.02     | -0.87    |
| 20  | 20         | 10000000 | 5000000   | 476191   | 1024    | 512   | 2    | io_uring | 12        | 16  | decrease  | desc        | asc        | 2          | 0.86     | 0.84     | 6   | 30606,30746,30886,30607,30747,30887 | -0.02     | -2.33    |
| 20  | 20         | 10000000 | 5000000   | 476191   | 1024    | 512   | 2    | worker   | 12        | 16  | decrease  | desc        | desc       | 2          | 0.99     | 0.97     | 6   | 30186,30326,30466,30187,30327,30467 | -0.02     | -2.02    |
| 17  | 20         | 10000000 | 5000000   | 476191   | 1024    | 512   | 2    | worker   | 12        | 16  | increase  | asc         | asc        | 16         | 4.04     | 4.02     | 6   | 24741,24881,25021,24742,24882,25022 | -0.02     | -0.5     |
| 14  | 60         | 10000000 | 5000000   | 156250   | 4096    | 32    | 2    | worker   | 12        | 16  | increase  | desc        | asc        | 16         | 2.61     | 2.58     | 6   | 19701,19841,19981,19702,19842,19982 | -0.03     | -1.15    |
| 20  | 20         | 10000000 | 5000000   | 476191   | 1024    | 512   | 2    | io_uring | 12        | 16  | decrease  | desc        | desc       | 8          | 2.32     | 2.29     | 6   | 31036,31176,31316,31037,31177,31317 | -0.03     | -1.29    |
| 4   | 40         | 10000000 | 625000    | 238096   | 1048576 | 32    | 16   | worker   | 12        | 16  | decrease  | desc        | asc        | 1          | 0.85     | 0.82     | 6   | 4501,4626,4751,4502,4627,4752       | -0.03     | -3.53    |
| 5   | 60         | 10000000 | 625000    | 156250   | 1       | 128   | 16   | io_uring | 12        | 16  | increase  | asc         | desc       | 1          | 1.11     | 1.08     | 6   | 7126,7251,7376,7127,7252,7377       | -0.03     | -2.7     |
| 5   | 60         | 10000000 | 625000    | 156250   | 1       | 128   | 16   | worker   | 12        | 16  | increase  | asc         | desc       | 16         | 1.69     | 1.66     | 6   | 6396,6521,6646,6397,6522,6647       | -0.03     | -1.78    |
| 8   | 60         | 10000000 | 625000    | 156250   | 1       | 128   | 16   | io_uring | 12        | 16  | decrease  | desc        | asc        | 1          | 1.04     | 1.01     | 6   | 11251,11376,11501,11252,11377,11502 | -0.03     | -2.88    |
| 8   | 60         | 10000000 | 625000    | 156250   | 1       | 128   | 16   | io_uring | 12        | 16  | decrease  | desc        | desc       | 2          | 1.03     | 1.0      | 6   | 11631,11756,11881,11632,11757,11882 | -0.03     | -2.91    |
| 8   | 60         | 10000000 | 625000    | 156250   | 1       | 128   | 16   | worker   | 12        | 16  | decrease  | desc        | asc        | 16         | 1.5      | 1.47     | 6   | 10521,10646,10771,10522,10647,10772 | -0.03     | -2.0     |
| 11  | 20         | 10000000 | 625000    | 476191   | 1       | 2     | 16   | io_uring | 12        | 16  | decrease  | asc         | asc        | 2          | 1.05     | 1.02     | 6   | 15756,15881,16006,15757,15882,16007 | -0.03     | -2.86    |
| 13  | 60         | 10000000 | 5000000   | 156250   | 4096    | 32    | 2    | io_uring | 12        | 16  | increase  | asc         | desc       | 1          | 0.65     | 0.62     | 6   | 19261,19401,19541,19262,19402,19542 | -0.03     | -4.62    |
| 19  | 20         | 10000000 | 5000000   | 476191   | 1024    | 512   | 2    | worker   | 12        | 16  | decrease  | asc         | desc       | 1          | 0.79     | 0.76     | 6   | 28501,28641,28781,28502,28642,28782 | -0.03     | -3.8     |
| 19  | 20         | 10000000 | 5000000   | 476191   | 1024    | 512   | 2    | worker   | 12        | 16  | decrease  | asc         | desc       | 16         | 3.97     | 3.94     | 6   | 28521,28661,28801,28522,28662,28802 | -0.03     | -0.76    |
| 4   | 40         | 10000000 | 625000    | 238096   | 1048576 | 32    | 16   | io_uring | 12        | 16  | decrease  | desc        | asc        | 8          | 3.18     | 3.14     | 6   | 5266,5391,5516,5267,5392,5517       | -0.04     | -1.26    |
| 5   | 60         | 10000000 | 625000    | 156250   | 1       | 128   | 16   | worker   | 12        | 16  | increase  | asc         | desc       | 2          | 1.21     | 1.17     | 6   | 6381,6506,6631,6382,6507,6632       | -0.04     | -3.31    |
| 6   | 60         | 10000000 | 625000    | 156250   | 1       | 128   | 16   | worker   | 12        | 16  | increase  | desc        | asc        | 2          | 1.08     | 1.04     | 6   | 7506,7631,7756,7507,7632,7757       | -0.04     | -3.7     |
| 7   | 60         | 10000000 | 625000    | 156250   | 1       | 128   | 16   | worker   | 12        | 16  | decrease  | asc         | desc       | 2          | 1.09     | 1.05     | 6   | 9381,9506,9631,9382,9507,9632       | -0.04     | -3.67    |
| 10  | 20         | 10000000 | 625000    | 476191   | 1       | 2     | 16   | worker   | 12        | 16  | increase  | desc        | asc        | 2          | 1.02     | 0.98     | 6   | 13506,13631,13756,13507,13632,13757 | -0.04     | -3.92    |
| 10  | 20         | 10000000 | 625000    | 476191   | 1       | 2     | 16   | worker   | 12        | 16  | increase  | desc        | desc       | 4          | 1.33     | 1.29     | 6   | 13886,14011,14136,13887,14012,14137 | -0.04     | -3.01    |
| 11  | 20         | 10000000 | 625000    | 476191   | 1       | 2     | 16   | worker   | 12        | 16  | decrease  | asc         | desc       | 1          | 0.89     | 0.85     | 6   | 15376,15501,15626,15377,15502,15627 | -0.04     | -4.49    |
| 17  | 20         | 10000000 | 5000000   | 476191   | 1024    | 512   | 2    | io_uring | 12        | 16  | increase  | asc         | desc       | 8          | 2.41     | 2.37     | 6   | 25996,26136,26276,25997,26137,26277 | -0.04     | -1.66    |
| 17  | 20         | 10000000 | 5000000   | 476191   | 1024    | 512   | 2    | worker   | 12        | 16  | increase  | asc         | desc       | 2          | 0.92     | 0.88     | 6   | 25146,25286,25426,25147,25287,25427 | -0.04     | -4.35    |
| 2   | 40         | 10000000 | 625000    | 238096   | 1048576 | 32    | 16   | worker   | 12        | 16  | increase  | desc        | desc       | 4          | 2.21     | 2.16     | 6   | 1886,2011,2136,1887,2012,2137       | -0.05     | -2.26    |
| 6   | 60         | 10000000 | 625000    | 156250   | 1       | 128   | 16   | io_uring | 12        | 16  | increase  | desc        | asc        | 1          | 1.14     | 1.09     | 6   | 8251,8376,8501,8252,8377,8502       | -0.05     | -4.39    |
| 9   | 20         | 10000000 | 625000    | 476191   | 1       | 2     | 16   | io_uring | 12        | 16  | increase  | asc         | desc       | 8          | 1.65     | 1.6      | 6   | 13141,13266,13391,13142,13267,13392 | -0.05     | -3.03    |
| 13  | 60         | 10000000 | 5000000   | 156250   | 4096    | 32    | 2    | worker   | 12        | 16  | increase  | asc         | asc        | 32         | 4.62     | 4.57     | 6   | 18026,18166,18306,18027,18167,18307 | -0.05     | -1.08    |
| 16  | 60         | 10000000 | 5000000   | 156250   | 4096    | 32    | 2    | worker   | 12        | 16  | decrease  | desc        | desc       | 4          | 0.97     | 0.92     | 6   | 23471,23611,23751,23472,23612,23752 | -0.05     | -5.15    |
| 1   | 40         | 10000000 | 625000    | 238096   | 1048576 | 32    | 16   | io_uring | 12        | 16  | increase  | asc         | asc        | 1          | 0.9      | 0.85     | 6   | 751,876,1001,752,877,1002           | -0.05     | -5.56    |
| 9   | 20         | 10000000 | 625000    | 476191   | 1       | 2     | 16   | worker   | 12        | 16  | increase  | asc         | asc        | 8          | 1.54     | 1.49     | 6   | 12016,12141,12266,12017,12142,12267 | -0.05     | -3.25    |
| 12  | 20         | 10000000 | 625000    | 476191   | 1       | 2     | 16   | io_uring | 12        | 16  | decrease  | desc        | desc       | 16         | 1.75     | 1.7      | 6   | 17646,17771,17896,17647,17772,17897 | -0.05     | -2.86    |
| 13  | 60         | 10000000 | 5000000   | 156250   | 4096    | 32    | 2    | io_uring | 12        | 16  | increase  | asc         | desc       | 2          | 0.8      | 0.75     | 6   | 19266,19406,19546,19267,19407,19547 | -0.05     | -6.25    |
| 13  | 60         | 10000000 | 5000000   | 156250   | 4096    | 32    | 2    | worker   | 12        | 16  | increase  | asc         | asc        | 2          | 0.78     | 0.73     | 6   | 18006,18146,18286,18007,18147,18287 | -0.05     | -6.41    |
| 13  | 60         | 10000000 | 5000000   | 156250   | 4096    | 32    | 2    | worker   | 12        | 16  | increase  | asc         | desc       | 2          | 0.76     | 0.71     | 6   | 18426,18566,18706,18427,18567,18707 | -0.05     | -6.58    |
| 17  | 20         | 10000000 | 5000000   | 476191   | 1024    | 512   | 2    | io_uring | 12        | 16  | increase  | asc         | asc        | 2          | 1.02     | 0.97     | 6   | 25566,25706,25846,25567,25707,25847 | -0.05     | -4.9     |
| 19  | 20         | 10000000 | 5000000   | 476191   | 1024    | 512   | 2    | io_uring | 12        | 16  | decrease  | asc         | desc       | 1          | 0.81     | 0.76     | 6   | 29341,29481,29621,29342,29482,29622 | -0.05     | -6.17    |
| 20  | 20         | 10000000 | 5000000   | 476191   | 1024    | 512   | 2    | io_uring | 12        | 16  | decrease  | desc        | asc        | 4          | 1.33     | 1.28     | 6   | 30611,30751,30891,30612,30752,30892 | -0.05     | -3.76    |
| 3   | 40         | 10000000 | 625000    | 238096   | 1048576 | 32    | 16   | io_uring | 12        | 16  | decrease  | asc         | asc        | 8          | 3.8      | 3.74     | 6   | 3766,3891,4016,3767,3892,4017       | -0.06     | -1.58    |
| 5   | 60         | 10000000 | 625000    | 156250   | 1       | 128   | 16   | io_uring | 12        | 16  | increase  | asc         | desc       | 32         | 2.21     | 2.15     | 6   | 7151,7276,7401,7152,7277,7402       | -0.06     | -2.71    |
| 6   | 60         | 10000000 | 625000    | 156250   | 1       | 128   | 16   | worker   | 12        | 16  | increase  | desc        | asc        | 8          | 1.28     | 1.22     | 6   | 7516,7641,7766,7517,7642,7767       | -0.06     | -4.69    |
| 7   | 60         | 10000000 | 625000    | 156250   | 1       | 128   | 16   | worker   | 12        | 16  | decrease  | asc         | desc       | 1          | 1.03     | 0.97     | 6   | 9376,9501,9626,9377,9502,9627       | -0.06     | -5.83    |
| 9   | 20         | 10000000 | 625000    | 476191   | 1       | 2     | 16   | worker   | 12        | 16  | increase  | asc         | asc        | 128        | 3.49     | 3.43     | 6   | 12036,12161,12286,12037,12162,12287 | -0.06     | -1.72    |
| 12  | 20         | 10000000 | 625000    | 476191   | 1       | 2     | 16   | worker   | 12        | 16  | decrease  | desc        | desc       | 32         | 2.6      | 2.54     | 6   | 16901,17026,17151,16902,17027,17152 | -0.06     | -2.31    |
| 16  | 60         | 10000000 | 5000000   | 156250   | 4096    | 32    | 2    | io_uring | 12        | 16  | decrease  | desc        | desc       | 8          | 1.83     | 1.77     | 6   | 24316,24456,24596,24317,24457,24597 | -0.06     | -3.28    |
| 19  | 20         | 10000000 | 5000000   | 476191   | 1024    | 512   | 2    | io_uring | 12        | 16  | decrease  | asc         | desc       | 2          | 1.07     | 1.01     | 6   | 29346,29486,29626,29347,29487,29627 | -0.06     | -5.61    |
| 19  | 20         | 10000000 | 5000000   | 476191   | 1024    | 512   | 2    | worker   | 12        | 16  | decrease  | asc         | asc        | 1          | 0.76     | 0.7      | 6   | 28081,28221,28361,28082,28222,28362 | -0.06     | -7.89    |
| 18  | 20         | 10000000 | 5000000   | 476191   | 1024    | 512   | 2    | io_uring | 12        | 16  | increase  | desc        | desc       | 32         | 6.31     | 6.24     | 6   | 27686,27826,27966,27687,27827,27967 | -0.07     | -1.11    |
| 2   | 40         | 10000000 | 625000    | 238096   | 1048576 | 32    | 16   | worker   | 12        | 16  | increase  | desc        | desc       | 2          | 1.44     | 1.37     | 6   | 1881,2006,2131,1882,2007,2132       | -0.07     | -4.86    |
| 3   | 40         | 10000000 | 625000    | 238096   | 1048576 | 32    | 16   | io_uring | 12        | 16  | decrease  | asc         | desc       | 4          | 1.88     | 1.81     | 6   | 4136,4261,4386,4137,4262,4387       | -0.07     | -3.72    |
| 11  | 20         | 10000000 | 625000    | 476191   | 1       | 2     | 16   | io_uring | 12        | 16  | decrease  | asc         | asc        | 16         | 2.56     | 2.49     | 6   | 15771,15896,16021,15772,15897,16022 | -0.07     | -2.73    |
| 11  | 20         | 10000000 | 625000    | 476191   | 1       | 2     | 16   | io_uring | 12        | 16  | decrease  | asc         | desc       | 4          | 1.14     | 1.07     | 6   | 16136,16261,16386,16137,16262,16387 | -0.07     | -6.14    |
| 19  | 20         | 10000000 | 5000000   | 476191   | 1024    | 512   | 2    | worker   | 12        | 16  | decrease  | asc         | asc        | 8          | 2.34     | 2.27     | 6   | 28096,28236,28376,28097,28237,28377 | -0.07     | -2.99    |
| 3   | 40         | 10000000 | 625000    | 238096   | 1048576 | 32    | 16   | worker   | 12        | 16  | decrease  | asc         | desc       | 1          | 0.89     | 0.82     | 6   | 3376,3501,3626,3377,3502,3627       | -0.07     | -7.87    |
| 7   | 60         | 10000000 | 625000    | 156250   | 1       | 128   | 16   | io_uring | 12        | 16  | decrease  | asc         | desc       | 8          | 1.22     | 1.15     | 6   | 10141,10266,10391,10142,10267,10392 | -0.07     | -5.74    |
| 8   | 60         | 10000000 | 625000    | 156250   | 1       | 128   | 16   | worker   | 12        | 16  | decrease  | desc        | asc        | 2          | 1.12     | 1.05     | 6   | 10506,10631,10756,10507,10632,10757 | -0.07     | -6.25    |
| 9   | 20         | 10000000 | 625000    | 476191   | 1       | 2     | 16   | worker   | 12        | 16  | increase  | asc         | asc        | 2          | 1.07     | 1.0      | 6   | 12006,12131,12256,12007,12132,12257 | -0.07     | -6.54    |
| 12  | 20         | 10000000 | 625000    | 476191   | 1       | 2     | 16   | io_uring | 12        | 16  | decrease  | desc        | desc       | 1          | 1.05     | 0.98     | 6   | 17626,17751,17876,17627,17752,17877 | -0.07     | -6.67    |
| 14  | 60         | 10000000 | 5000000   | 156250   | 4096    | 32    | 2    | worker   | 12        | 16  | increase  | desc        | asc        | 8          | 1.76     | 1.69     | 6   | 19696,19836,19976,19697,19837,19977 | -0.07     | -3.98    |
| 15  | 60         | 10000000 | 5000000   | 156250   | 4096    | 32    | 2    | worker   | 12        | 16  | decrease  | asc         | desc       | 4          | 1.29     | 1.22     | 6   | 21791,21931,22071,21792,21932,22072 | -0.07     | -5.43    |
| 17  | 20         | 10000000 | 5000000   | 476191   | 1024    | 512   | 2    | io_uring | 12        | 16  | increase  | asc         | desc       | 2          | 0.93     | 0.86     | 6   | 25986,26126,26266,25987,26127,26267 | -0.07     | -7.53    |
| 5   | 60         | 10000000 | 625000    | 156250   | 1       | 128   | 16   | io_uring | 12        | 16  | increase  | asc         | desc       | 1024       | 37.86    | 37.79    | 6   | 7176,7301,7426,7177,7302,7427       | -0.07     | -0.18    |
| 12  | 20         | 10000000 | 625000    | 476191   | 1       | 2     | 16   | worker   | 12        | 16  | decrease  | desc        | desc       | 4096       | 21.4     | 21.33    | 6   | 16936,17061,17186,16937,17062,17187 | -0.07     | -0.33    |
| 6   | 60         | 10000000 | 625000    | 156250   | 1       | 128   | 16   | worker   | 12        | 16  | increase  | desc        | asc        | 4          | 1.19     | 1.11     | 6   | 7511,7636,7761,7512,7637,7762       | -0.08     | -6.72    |
| 8   | 60         | 10000000 | 625000    | 156250   | 1       | 128   | 16   | worker   | 12        | 16  | decrease  | desc        | desc       | 1          | 1.13     | 1.05     | 6   | 10876,11001,11126,10877,11002,11127 | -0.08     | -7.08    |
| 9   | 20         | 10000000 | 625000    | 476191   | 1       | 2     | 16   | worker   | 12        | 16  | increase  | asc         | desc       | 1          | 0.89     | 0.81     | 6   | 12376,12501,12626,12377,12502,12627 | -0.08     | -8.99    |
| 17  | 20         | 10000000 | 5000000   | 476191   | 1024    | 512   | 2    | io_uring | 12        | 16  | increase  | asc         | asc        | 1          | 0.73     | 0.65     | 6   | 25561,25701,25841,25562,25702,25842 | -0.08     | -10.96   |
| 1   | 40         | 10000000 | 625000    | 238096   | 1048576 | 32    | 16   | worker   | 12        | 16  | increase  | asc         | asc        | 1          | 0.92     | 0.84     | 6   | 1,126,251,2,127,252                 | -0.08     | -8.7     |
| 1   | 40         | 10000000 | 625000    | 238096   | 1048576 | 32    | 16   | worker   | 12        | 16  | increase  | asc         | desc       | 8          | 2.56     | 2.48     | 6   | 391,516,641,392,517,642             | -0.08     | -3.13    |
| 2   | 40         | 10000000 | 625000    | 238096   | 1048576 | 32    | 16   | worker   | 12        | 16  | increase  | desc        | asc        | 2          | 1.22     | 1.14     | 6   | 1506,1631,1756,1507,1632,1757       | -0.08     | -6.56    |
| 8   | 60         | 10000000 | 625000    | 156250   | 1       | 128   | 16   | worker   | 12        | 16  | decrease  | desc        | desc       | 2          | 1.06     | 0.98     | 6   | 10881,11006,11131,10882,11007,11132 | -0.08     | -7.55    |
| 9   | 20         | 10000000 | 625000    | 476191   | 1       | 2     | 16   | io_uring | 12        | 16  | increase  | asc         | asc        | 2          | 1.09     | 1.01     | 6   | 12756,12881,13006,12757,12882,13007 | -0.08     | -7.34    |
| 11  | 20         | 10000000 | 625000    | 476191   | 1       | 2     | 16   | io_uring | 12        | 16  | decrease  | asc         | desc       | 32         | 2.54     | 2.46     | 6   | 16151,16276,16401,16152,16277,16402 | -0.08     | -3.15    |
| 15  | 60         | 10000000 | 5000000   | 156250   | 4096    | 32    | 2    | worker   | 12        | 16  | decrease  | asc         | desc       | 8          | 1.75     | 1.67     | 6   | 21796,21936,22076,21797,21937,22077 | -0.08     | -4.57    |
| 18  | 20         | 10000000 | 5000000   | 476191   | 1024    | 512   | 2    | io_uring | 12        | 16  | increase  | desc        | desc       | 8          | 2.36     | 2.28     | 6   | 27676,27816,27956,27677,27817,27957 | -0.08     | -3.39    |
| 20  | 20         | 10000000 | 5000000   | 476191   | 1024    | 512   | 2    | worker   | 12        | 16  | decrease  | desc        | asc        | 32         | 5.92     | 5.84     | 6   | 29786,29926,30066,29787,29927,30067 | -0.08     | -1.35    |
| 3   | 40         | 10000000 | 625000    | 238096   | 1048576 | 32    | 16   | worker   | 12        | 16  | decrease  | asc         | desc       | 4          | 1.92     | 1.83     | 6   | 3386,3511,3636,3387,3512,3637       | -0.09     | -4.69    |
| 7   | 60         | 10000000 | 625000    | 156250   | 1       | 128   | 16   | io_uring | 12        | 16  | decrease  | asc         | asc        | 4          | 1.4      | 1.31     | 6   | 9761,9886,10011,9762,9887,10012     | -0.09     | -6.43    |
| 8   | 60         | 10000000 | 625000    | 156250   | 1       | 128   | 16   | io_uring | 12        | 16  | decrease  | desc        | desc       | 256        | 3.05     | 2.96     | 6   | 11666,11791,11916,11667,11792,11917 | -0.09     | -2.95    |
| 14  | 60         | 10000000 | 5000000   | 156250   | 4096    | 32    | 2    | io_uring | 12        | 16  | increase  | desc        | asc        | 512        | 13.79    | 13.7     | 6   | 20566,20706,20846,20567,20707,20847 | -0.09     | -0.65    |
| 2   | 40         | 10000000 | 625000    | 238096   | 1048576 | 32    | 16   | io_uring | 12        | 16  | increase  | desc        | desc       | 1          | 0.98     | 0.89     | 6   | 2626,2751,2876,2627,2752,2877       | -0.09     | -9.18    |
| 11  | 20         | 10000000 | 625000    | 476191   | 1       | 2     | 16   | worker   | 12        | 16  | decrease  | asc         | asc        | 2          | 0.97     | 0.88     | 6   | 15006,15131,15256,15007,15132,15257 | -0.09     | -9.28    |
| 5   | 60         | 10000000 | 625000    | 156250   | 1       | 128   | 16   | io_uring | 12        | 16  | increase  | asc         | asc        | 16         | 1.5      | 1.41     | 6   | 6771,6896,7021,6772,6897,7022       | -0.09     | -6.0     |
| 6   | 60         | 10000000 | 625000    | 156250   | 1       | 128   | 16   | worker   | 12        | 16  | increase  | desc        | desc       | 2          | 1.24     | 1.15     | 6   | 7881,8006,8131,7882,8007,8132       | -0.09     | -7.26    |
| 7   | 60         | 10000000 | 625000    | 156250   | 1       | 128   | 16   | io_uring | 12        | 16  | decrease  | asc         | desc       | 4          | 1.11     | 1.02     | 6   | 10136,10261,10386,10137,10262,10387 | -0.09     | -8.11    |
| 13  | 60         | 10000000 | 5000000   | 156250   | 4096    | 32    | 2    | worker   | 12        | 16  | increase  | asc         | desc       | 1          | 0.66     | 0.57     | 6   | 18421,18561,18701,18422,18562,18702 | -0.09     | -13.64   |
| 16  | 60         | 10000000 | 5000000   | 156250   | 4096    | 32    | 2    | io_uring | 12        | 16  | decrease  | desc        | asc        | 8          | 1.62     | 1.53     | 6   | 23896,24036,24176,23897,24037,24177 | -0.09     | -5.56    |
| 19  | 20         | 10000000 | 5000000   | 476191   | 1024    | 512   | 2    | io_uring | 12        | 16  | decrease  | asc         | desc       | 4          | 1.62     | 1.53     | 6   | 29351,29491,29631,29352,29492,29632 | -0.09     | -5.56    |
| 15  | 60         | 10000000 | 5000000   | 156250   | 4096    | 32    | 2    | io_uring | 12        | 16  | decrease  | asc         | desc       | 32         | 4.65     | 4.56     | 6   | 22646,22786,22926,22647,22787,22927 | -0.09     | -1.94    |
| 10  | 20         | 10000000 | 625000    | 476191   | 1       | 2     | 16   | io_uring | 12        | 16  | increase  | desc        | asc        | 512        | 12.24    | 12.14    | 6   | 14296,14421,14546,14297,14422,14547 | -0.1      | -0.82    |
| 12  | 20         | 10000000 | 625000    | 476191   | 1       | 2     | 16   | worker   | 12        | 16  | decrease  | desc        | desc       | 512        | 5.93     | 5.83     | 6   | 16921,17046,17171,16922,17047,17172 | -0.1      | -1.69    |
| 10  | 20         | 10000000 | 625000    | 476191   | 1       | 2     | 16   | io_uring | 12        | 16  | increase  | desc        | asc        | 4          | 1.14     | 1.04     | 6   | 14261,14386,14511,14262,14387,14512 | -0.1      | -8.77    |
| 10  | 20         | 10000000 | 625000    | 476191   | 1       | 2     | 16   | io_uring | 12        | 16  | increase  | desc        | asc        | 8          | 1.67     | 1.57     | 6   | 14266,14391,14516,14267,14392,14517 | -0.1      | -5.99    |
| 4   | 40         | 10000000 | 625000    | 238096   | 1048576 | 32    | 16   | worker   | 12        | 16  | decrease  | desc        | desc       | 1          | 0.96     | 0.86     | 6   | 4876,5001,5126,4877,5002,5127       | -0.1      | -10.42   |
| 8   | 60         | 10000000 | 625000    | 156250   | 1       | 128   | 16   | worker   | 12        | 16  | decrease  | desc        | asc        | 4          | 0.99     | 0.89     | 6   | 10511,10636,10761,10512,10637,10762 | -0.1      | -10.1    |
| 20  | 20         | 10000000 | 5000000   | 476191   | 1024    | 512   | 2    | worker   | 12        | 16  | decrease  | desc        | desc       | 1          | 0.76     | 0.66     | 6   | 30181,30321,30461,30182,30322,30462 | -0.1      | -13.16   |
| 3   | 40         | 10000000 | 625000    | 238096   | 1048576 | 32    | 16   | worker   | 12        | 16  | decrease  | asc         | asc        | 2          | 1.27     | 1.17     | 6   | 3006,3131,3256,3007,3132,3257       | -0.1      | -7.87    |
| 7   | 60         | 10000000 | 625000    | 156250   | 1       | 128   | 16   | worker   | 12        | 16  | decrease  | asc         | asc        | 8          | 1.26     | 1.16     | 6   | 9016,9141,9266,9017,9142,9267       | -0.1      | -7.94    |
| 9   | 20         | 10000000 | 625000    | 476191   | 1       | 2     | 16   | io_uring | 12        | 16  | increase  | asc         | asc        | 32         | 2.31     | 2.21     | 6   | 12776,12901,13026,12777,12902,13027 | -0.1      | -4.33    |
| 10  | 20         | 10000000 | 625000    | 476191   | 1       | 2     | 16   | worker   | 12        | 16  | increase  | desc        | desc       | 1          | 1.05     | 0.95     | 6   | 13876,14001,14126,13877,14002,14127 | -0.1      | -9.52    |
| 11  | 20         | 10000000 | 625000    | 476191   | 1       | 2     | 16   | io_uring | 12        | 16  | decrease  | asc         | desc       | 8          | 1.53     | 1.43     | 6   | 16141,16266,16391,16142,16267,16392 | -0.1      | -6.54    |
| 12  | 20         | 10000000 | 625000    | 476191   | 1       | 2     | 16   | worker   | 12        | 16  | decrease  | desc        | desc       | 2          | 1.08     | 0.98     | 6   | 16881,17006,17131,16882,17007,17132 | -0.1      | -9.26    |
| 19  | 20         | 10000000 | 5000000   | 476191   | 1024    | 512   | 2    | io_uring | 12        | 16  | decrease  | asc         | desc       | 2048       | 16.95    | 16.84    | 6   | 29396,29536,29676,29397,29537,29677 | -0.11     | -0.65    |
| 8   | 60         | 10000000 | 625000    | 156250   | 1       | 128   | 16   | io_uring | 12        | 16  | decrease  | desc        | asc        | 64         | 3.31     | 3.2      | 6   | 11281,11406,11531,11282,11407,11532 | -0.11     | -3.32    |
| 8   | 60         | 10000000 | 625000    | 156250   | 1       | 128   | 16   | io_uring | 12        | 16  | decrease  | desc        | desc       | 128        | 2.6      | 2.49     | 6   | 11661,11786,11911,11662,11787,11912 | -0.11     | -4.23    |
| 10  | 20         | 10000000 | 625000    | 476191   | 1       | 2     | 16   | io_uring | 12        | 16  | increase  | desc        | desc       | 16         | 2.54     | 2.43     | 6   | 14646,14771,14896,14647,14772,14897 | -0.11     | -4.33    |
| 13  | 60         | 10000000 | 5000000   | 156250   | 4096    | 32    | 2    | worker   | 12        | 16  | increase  | asc         | desc       | 16         | 2.67     | 2.56     | 6   | 18441,18581,18721,18442,18582,18722 | -0.11     | -4.12    |
| 13  | 60         | 10000000 | 5000000   | 156250   | 4096    | 32    | 2    | io_uring | 12        | 16  | increase  | asc         | asc        | 4          | 1.02     | 0.91     | 6   | 18851,18991,19131,18852,18992,19132 | -0.11     | -10.78   |
| 7   | 60         | 10000000 | 625000    | 156250   | 1       | 128   | 16   | io_uring | 12        | 16  | decrease  | asc         | desc       | 16         | 1.62     | 1.51     | 6   | 10146,10271,10396,10147,10272,10397 | -0.11     | -6.79    |
| 10  | 20         | 10000000 | 625000    | 476191   | 1       | 2     | 16   | io_uring | 12        | 16  | increase  | desc        | asc        | 2          | 1.09     | 0.98     | 6   | 14256,14381,14506,14257,14382,14507 | -0.11     | -10.09   |
| 7   | 60         | 10000000 | 625000    | 156250   | 1       | 128   | 16   | io_uring | 12        | 16  | decrease  | asc         | asc        | 253036     | 7744.0   | 7743.88  | 6   | 9846,9971,10096,9847,9972,10097     | -0.12     | 0.0      |
| 4   | 40         | 10000000 | 625000    | 238096   | 1048576 | 32    | 16   | io_uring | 12        | 16  | decrease  | desc        | desc       | 2          | 1.45     | 1.33     | 6   | 5631,5756,5881,5632,5757,5882       | -0.12     | -8.28    |
| 4   | 40         | 10000000 | 625000    | 238096   | 1048576 | 32    | 16   | worker   | 12        | 16  | decrease  | desc        | desc       | 2          | 1.49     | 1.37     | 6   | 4881,5006,5131,4882,5007,5132       | -0.12     | -8.05    |
| 8   | 60         | 10000000 | 625000    | 156250   | 1       | 128   | 16   | worker   | 12        | 16  | decrease  | desc        | asc        | 8          | 1.38     | 1.26     | 6   | 10516,10641,10766,10517,10642,10767 | -0.12     | -8.7     |
| 12  | 20         | 10000000 | 625000    | 476191   | 1       | 2     | 16   | worker   | 12        | 16  | decrease  | desc        | asc        | 4          | 1.19     | 1.07     | 6   | 16511,16636,16761,16512,16637,16762 | -0.12     | -10.08   |
| 3   | 40         | 10000000 | 625000    | 238096   | 1048576 | 32    | 16   | io_uring | 12        | 16  | decrease  | asc         | desc       | 1          | 1.01     | 0.89     | 6   | 4126,4251,4376,4127,4252,4377       | -0.12     | -11.88   |
| 8   | 60         | 10000000 | 625000    | 156250   | 1       | 128   | 16   | worker   | 12        | 16  | decrease  | desc        | asc        | 32         | 2.06     | 1.94     | 6   | 10526,10651,10776,10527,10652,10777 | -0.12     | -5.83    |
| 19  | 20         | 10000000 | 5000000   | 476191   | 1024    | 512   | 2    | worker   | 12        | 16  | decrease  | asc         | asc        | 32         | 6.42     | 6.3      | 6   | 28106,28246,28386,28107,28247,28387 | -0.12     | -1.87    |
| 20  | 20         | 10000000 | 5000000   | 476191   | 1024    | 512   | 2    | worker   | 12        | 16  | decrease  | desc        | asc        | 16         | 3.72     | 3.6      | 6   | 29781,29921,30061,29782,29922,30062 | -0.12     | -3.23    |
| 4   | 40         | 10000000 | 625000    | 238096   | 1048576 | 32    | 16   | io_uring | 12        | 16  | decrease  | desc        | asc        | 4          | 1.96     | 1.83     | 6   | 5261,5386,5511,5262,5387,5512       | -0.13     | -6.63    |
| 7   | 60         | 10000000 | 625000    | 156250   | 1       | 128   | 16   | worker   | 12        | 16  | decrease  | asc         | desc       | 16         | 1.39     | 1.26     | 6   | 9396,9521,9646,9397,9522,9647       | -0.13     | -9.35    |
| 10  | 20         | 10000000 | 625000    | 476191   | 1       | 2     | 16   | worker   | 12        | 16  | increase  | desc        | desc       | 2          | 1.15     | 1.02     | 6   | 13881,14006,14131,13882,14007,14132 | -0.13     | -11.3    |
| 2   | 40         | 10000000 | 625000    | 238096   | 1048576 | 32    | 16   | io_uring | 12        | 16  | increase  | desc        | asc        | 1          | 1.01     | 0.88     | 6   | 2251,2376,2501,2252,2377,2502       | -0.13     | -12.87   |
| 12  | 20         | 10000000 | 625000    | 476191   | 1       | 2     | 16   | io_uring | 12        | 16  | decrease  | desc        | asc        | 1          | 0.86     | 0.73     | 6   | 17251,17376,17501,17252,17377,17502 | -0.13     | -15.12   |
| 5   | 60         | 10000000 | 625000    | 156250   | 1       | 128   | 16   | io_uring | 12        | 16  | increase  | asc         | desc       | 8          | 1.33     | 1.2      | 6   | 7141,7266,7391,7142,7267,7392       | -0.13     | -9.77    |
| 11  | 20         | 10000000 | 625000    | 476191   | 1       | 2     | 16   | io_uring | 12        | 16  | decrease  | asc         | asc        | 4          | 1.28     | 1.15     | 6   | 15761,15886,16011,15762,15887,16012 | -0.13     | -10.16   |
| 16  | 60         | 10000000 | 5000000   | 156250   | 4096    | 32    | 2    | io_uring | 12        | 16  | decrease  | desc        | asc        | 4          | 1.07     | 0.94     | 6   | 23891,24031,24171,23892,24032,24172 | -0.13     | -12.15   |
| 18  | 20         | 10000000 | 5000000   | 476191   | 1024    | 512   | 2    | worker   | 12        | 16  | increase  | desc        | desc       | 2          | 1.07     | 0.94     | 6   | 26826,26966,27106,26827,26967,27107 | -0.13     | -12.15   |
| 8   | 60         | 10000000 | 625000    | 156250   | 1       | 128   | 16   | io_uring | 12        | 16  | decrease  | desc        | asc        | 32         | 2.18     | 2.05     | 6   | 11276,11401,11526,11277,11402,11527 | -0.13     | -5.96    |
| 17  | 20         | 10000000 | 5000000   | 476191   | 1024    | 512   | 2    | io_uring | 12        | 16  | increase  | asc         | asc        | 64         | 8.56     | 8.43     | 6   | 25591,25731,25871,25592,25732,25872 | -0.13     | -1.52    |
| 18  | 20         | 10000000 | 5000000   | 476191   | 1024    | 512   | 2    | io_uring | 12        | 16  | increase  | desc        | desc       | 256        | 15.19    | 15.05    | 6   | 27701,27841,27981,27702,27842,27982 | -0.14     | -0.92    |
| 3   | 40         | 10000000 | 625000    | 238096   | 1048576 | 32    | 16   | io_uring | 12        | 16  | decrease  | asc         | asc        | 2          | 1.59     | 1.45     | 6   | 3756,3881,4006,3757,3882,4007       | -0.14     | -8.81    |
| 5   | 60         | 10000000 | 625000    | 156250   | 1       | 128   | 16   | worker   | 12        | 16  | increase  | asc         | asc        | 128        | 2.62     | 2.48     | 6   | 6036,6161,6286,6037,6162,6287       | -0.14     | -5.34    |
| 5   | 60         | 10000000 | 625000    | 156250   | 1       | 128   | 16   | worker   | 12        | 16  | increase  | asc         | desc       | 32         | 2.33     | 2.19     | 6   | 6401,6526,6651,6402,6527,6652       | -0.14     | -6.01    |
| 9   | 20         | 10000000 | 625000    | 476191   | 1       | 2     | 16   | io_uring | 12        | 16  | increase  | asc         | asc        | 256        | 3.96     | 3.82     | 6   | 12791,12916,13041,12792,12917,13042 | -0.14     | -3.54    |
| 8   | 60         | 10000000 | 625000    | 156250   | 1       | 128   | 16   | io_uring | 12        | 16  | decrease  | desc        | desc       | 32768      | 58.91    | 58.76    | 6   | 11701,11826,11951,11702,11827,11952 | -0.15     | -0.25    |
| 6   | 60         | 10000000 | 625000    | 156250   | 1       | 128   | 16   | io_uring | 12        | 16  | increase  | desc        | desc       | 8          | 1.68     | 1.53     | 6   | 8641,8766,8891,8642,8767,8892       | -0.15     | -8.93    |
| 6   | 60         | 10000000 | 625000    | 156250   | 1       | 128   | 16   | worker   | 12        | 16  | increase  | desc        | desc       | 16         | 1.96     | 1.81     | 6   | 7896,8021,8146,7897,8022,8147       | -0.15     | -7.65    |
| 8   | 60         | 10000000 | 625000    | 156250   | 1       | 128   | 16   | io_uring | 12        | 16  | decrease  | desc        | desc       | 32         | 1.76     | 1.61     | 6   | 11651,11776,11901,11652,11777,11902 | -0.15     | -8.52    |
| 13  | 60         | 10000000 | 5000000   | 156250   | 4096    | 32    | 2    | io_uring | 12        | 16  | increase  | asc         | desc       | 4          | 1.13     | 0.98     | 6   | 19271,19411,19551,19272,19412,19552 | -0.15     | -13.27   |
| 2   | 40         | 10000000 | 625000    | 238096   | 1048576 | 32    | 16   | io_uring | 12        | 16  | increase  | desc        | asc        | 2          | 1.37     | 1.22     | 6   | 2256,2381,2506,2257,2382,2507       | -0.15     | -10.95   |
| 2   | 40         | 10000000 | 625000    | 238096   | 1048576 | 32    | 16   | worker   | 12        | 16  | increase  | desc        | asc        | 4          | 1.82     | 1.67     | 6   | 1511,1636,1761,1512,1637,1762       | -0.15     | -8.24    |
| 7   | 60         | 10000000 | 625000    | 156250   | 1       | 128   | 16   | io_uring | 12        | 16  | decrease  | asc         | desc       | 256        | 4.23     | 4.08     | 6   | 10166,10291,10416,10167,10292,10417 | -0.15     | -3.55    |
| 8   | 60         | 10000000 | 625000    | 156250   | 1       | 128   | 16   | io_uring | 12        | 16  | decrease  | desc        | asc        | 128        | 5.65     | 5.5      | 6   | 11286,11411,11536,11287,11412,11537 | -0.15     | -2.65    |
| 17  | 20         | 10000000 | 5000000   | 476191   | 1024    | 512   | 2    | worker   | 12        | 16  | increase  | asc         | desc       | 32         | 6.19     | 6.04     | 6   | 25166,25306,25446,25167,25307,25447 | -0.15     | -2.42    |
| 7   | 60         | 10000000 | 625000    | 156250   | 1       | 128   | 16   | worker   | 12        | 16  | decrease  | asc         | asc        | 4          | 1.46     | 1.3      | 6   | 9011,9136,9261,9012,9137,9262       | -0.16     | -10.96   |
| 9   | 20         | 10000000 | 625000    | 476191   | 1       | 2     | 16   | worker   | 12        | 16  | increase  | asc         | desc       | 2          | 1.07     | 0.91     | 6   | 12381,12506,12631,12382,12507,12632 | -0.16     | -14.95   |
| 13  | 60         | 10000000 | 5000000   | 156250   | 4096    | 32    | 2    | worker   | 12        | 16  | increase  | asc         | asc        | 4          | 1.01     | 0.85     | 6   | 18011,18151,18291,18012,18152,18292 | -0.16     | -15.84   |
| 1   | 40         | 10000000 | 625000    | 238096   | 1048576 | 32    | 16   | worker   | 12        | 16  | increase  | asc         | asc        | 8          | 2.98     | 2.82     | 6   | 16,141,266,17,142,267               | -0.16     | -5.37    |
| 5   | 60         | 10000000 | 625000    | 156250   | 1       | 128   | 16   | io_uring | 12        | 16  | increase  | asc         | desc       | 512        | 19.34    | 19.18    | 6   | 7171,7296,7421,7172,7297,7422       | -0.16     | -0.83    |
| 7   | 60         | 10000000 | 625000    | 156250   | 1       | 128   | 16   | worker   | 12        | 16  | decrease  | asc         | desc       | 32         | 1.85     | 1.69     | 6   | 9401,9526,9651,9402,9527,9652       | -0.16     | -8.65    |
| 16  | 60         | 10000000 | 5000000   | 156250   | 4096    | 32    | 2    | io_uring | 12        | 16  | decrease  | desc        | asc        | 16         | 2.73     | 2.57     | 6   | 23901,24041,24181,23902,24042,24182 | -0.16     | -5.86    |
| 18  | 20         | 10000000 | 5000000   | 476191   | 1024    | 512   | 2    | worker   | 12        | 16  | increase  | desc        | desc       | 16         | 3.99     | 3.83     | 6   | 26841,26981,27121,26842,26982,27122 | -0.16     | -4.01    |
| 19  | 20         | 10000000 | 5000000   | 476191   | 1024    | 512   | 2    | worker   | 12        | 16  | decrease  | asc         | asc        | 16         | 4.22     | 4.06     | 6   | 28101,28241,28381,28102,28242,28382 | -0.16     | -3.79    |
| 15  | 60         | 10000000 | 5000000   | 156250   | 4096    | 32    | 2    | io_uring | 12        | 16  | decrease  | asc         | asc        | 16         | 2.98     | 2.81     | 6   | 22221,22361,22501,22222,22362,22502 | -0.17     | -5.7     |
| 4   | 40         | 10000000 | 625000    | 238096   | 1048576 | 32    | 16   | io_uring | 12        | 16  | decrease  | desc        | desc       | 1          | 1.08     | 0.91     | 6   | 5626,5751,5876,5627,5752,5877       | -0.17     | -15.74   |
| 13  | 60         | 10000000 | 5000000   | 156250   | 4096    | 32    | 2    | io_uring | 12        | 16  | increase  | asc         | desc       | 256        | 16.23    | 16.06    | 6   | 19301,19441,19581,19302,19442,19582 | -0.17     | -1.05    |
| 18  | 20         | 10000000 | 5000000   | 476191   | 1024    | 512   | 2    | io_uring | 12        | 16  | increase  | desc        | asc        | 4096       | 19.85    | 19.68    | 6   | 27301,27441,27581,27302,27442,27582 | -0.17     | -0.86    |
| 20  | 20         | 10000000 | 5000000   | 476191   | 1024    | 512   | 2    | io_uring | 12        | 16  | decrease  | desc        | desc       | 1024       | 12.1     | 11.92    | 6   | 31071,31211,31351,31072,31212,31352 | -0.18     | -1.49    |
| 14  | 60         | 10000000 | 5000000   | 156250   | 4096    | 32    | 2    | io_uring | 12        | 16  | increase  | desc        | asc        | 4          | 1.25     | 1.07     | 6   | 20531,20671,20811,20532,20672,20812 | -0.18     | -14.4    |
| 10  | 20         | 10000000 | 625000    | 476191   | 1       | 2     | 16   | io_uring | 12        | 16  | increase  | desc        | asc        | 1          | 1.01     | 0.83     | 6   | 14251,14376,14501,14252,14377,14502 | -0.18     | -17.82   |
| 10  | 20         | 10000000 | 625000    | 476191   | 1       | 2     | 16   | io_uring | 12        | 16  | increase  | desc        | desc       | 32         | 4.14     | 3.95     | 6   | 14651,14776,14901,14652,14777,14902 | -0.19     | -4.59    |
| 13  | 60         | 10000000 | 5000000   | 156250   | 4096    | 32    | 2    | worker   | 12        | 16  | increase  | asc         | desc       | 256        | 13.34    | 13.15    | 6   | 18461,18601,18741,18462,18602,18742 | -0.19     | -1.42    |
| 6   | 60         | 10000000 | 625000    | 156250   | 1       | 128   | 16   | io_uring | 12        | 16  | increase  | desc        | desc       | 32         | 2.59     | 2.4      | 6   | 8651,8776,8901,8652,8777,8902       | -0.19     | -7.34    |
| 13  | 60         | 10000000 | 5000000   | 156250   | 4096    | 32    | 2    | worker   | 12        | 16  | increase  | asc         | asc        | 1          | 0.67     | 0.48     | 6   | 18001,18141,18281,18002,18142,18282 | -0.19     | -28.36   |
| 19  | 20         | 10000000 | 5000000   | 476191   | 1024    | 512   | 2    | io_uring | 12        | 16  | decrease  | asc         | asc        | 4          | 1.6      | 1.41     | 6   | 28931,29071,29211,28932,29072,29212 | -0.19     | -11.88   |
| 11  | 20         | 10000000 | 625000    | 476191   | 1       | 2     | 16   | io_uring | 12        | 16  | decrease  | asc         | desc       | 128        | 4.86     | 4.67     | 6   | 16161,16286,16411,16162,16287,16412 | -0.19     | -3.91    |
| 3   | 40         | 10000000 | 625000    | 238096   | 1048576 | 32    | 16   | worker   | 12        | 16  | decrease  | asc         | desc       | 8          | 3.15     | 2.95     | 6   | 3391,3516,3641,3392,3517,3642       | -0.2      | -6.35    |
| 16  | 60         | 10000000 | 5000000   | 156250   | 4096    | 32    | 2    | worker   | 12        | 16  | decrease  | desc        | desc       | 8          | 1.74     | 1.54     | 6   | 23476,23616,23756,23477,23617,23757 | -0.2      | -11.49   |
| 5   | 60         | 10000000 | 625000    | 156250   | 1       | 128   | 16   | io_uring | 12        | 16  | increase  | asc         | asc        | 256        | 2.96     | 2.76     | 6   | 6791,6916,7041,6792,6917,7042       | -0.2      | -6.76    |
| 6   | 60         | 10000000 | 625000    | 156250   | 1       | 128   | 16   | worker   | 12        | 16  | increase  | desc        | asc        | 32         | 2.02     | 1.81     | 6   | 7526,7651,7776,7527,7652,7777       | -0.21     | -10.4    |
| 15  | 60         | 10000000 | 5000000   | 156250   | 4096    | 32    | 2    | worker   | 12        | 16  | decrease  | asc         | desc       | 64         | 7.6      | 7.39     | 6   | 21811,21951,22091,21812,21952,22092 | -0.21     | -2.76    |
| 12  | 20         | 10000000 | 625000    | 476191   | 1       | 2     | 16   | worker   | 12        | 16  | decrease  | desc        | desc       | 2048       | 13.41    | 13.2     | 6   | 16931,17056,17181,16932,17057,17182 | -0.21     | -1.57    |
| 16  | 60         | 10000000 | 5000000   | 156250   | 4096    | 32    | 2    | io_uring | 12        | 16  | decrease  | desc        | desc       | 1024       | 11.05    | 10.84    | 6   | 24351,24491,24631,24352,24492,24632 | -0.21     | -1.9     |
| 18  | 20         | 10000000 | 5000000   | 476191   | 1024    | 512   | 2    | worker   | 12        | 16  | increase  | desc        | asc        | 256        | 13.3     | 13.09    | 6   | 26441,26581,26721,26442,26582,26722 | -0.21     | -1.58    |
| 5   | 60         | 10000000 | 625000    | 156250   | 1       | 128   | 16   | io_uring | 12        | 16  | increase  | asc         | desc       | 2048       | 74.21    | 73.99    | 6   | 7181,7306,7431,7182,7307,7432       | -0.22     | -0.3     |
| 7   | 60         | 10000000 | 625000    | 156250   | 1       | 128   | 16   | worker   | 12        | 16  | decrease  | asc         | asc        | 16         | 2.0      | 1.78     | 6   | 9021,9146,9271,9022,9147,9272       | -0.22     | -11.0    |
| 17  | 20         | 10000000 | 5000000   | 476191   | 1024    | 512   | 2    | io_uring | 12        | 16  | increase  | asc         | asc        | 8          | 2.39     | 2.17     | 6   | 25576,25716,25856,25577,25717,25857 | -0.22     | -9.21    |
| 16  | 60         | 10000000 | 5000000   | 156250   | 4096    | 32    | 2    | io_uring | 12        | 16  | decrease  | desc        | desc       | 32         | 4.96     | 4.73     | 6   | 24326,24466,24606,24327,24467,24607 | -0.23     | -4.64    |
| 9   | 20         | 10000000 | 625000    | 476191   | 1       | 2     | 16   | worker   | 12        | 16  | increase  | asc         | desc       | 16         | 2.37     | 2.14     | 6   | 12396,12521,12646,12397,12522,12647 | -0.23     | -9.7     |
| 11  | 20         | 10000000 | 625000    | 476191   | 1       | 2     | 16   | io_uring | 12        | 16  | decrease  | asc         | desc       | 64         | 2.92     | 2.69     | 6   | 16156,16281,16406,16157,16282,16407 | -0.23     | -7.88    |
| 13  | 60         | 10000000 | 5000000   | 156250   | 4096    | 32    | 2    | worker   | 12        | 16  | increase  | asc         | desc       | 8          | 1.66     | 1.43     | 6   | 18436,18576,18716,18437,18577,18717 | -0.23     | -13.86   |
| 16  | 60         | 10000000 | 5000000   | 156250   | 4096    | 32    | 2    | io_uring | 12        | 16  | decrease  | desc        | desc       | 16         | 3.0      | 2.77     | 6   | 24321,24461,24601,24322,24462,24602 | -0.23     | -7.67    |
| 13  | 60         | 10000000 | 5000000   | 156250   | 4096    | 32    | 2    | worker   | 12        | 16  | increase  | asc         | desc       | 32         | 4.48     | 4.25     | 6   | 18446,18586,18726,18447,18587,18727 | -0.23     | -5.13    |
| 16  | 60         | 10000000 | 5000000   | 156250   | 4096    | 32    | 2    | worker   | 12        | 16  | decrease  | desc        | desc       | 32         | 5.11     | 4.88     | 6   | 23486,23626,23766,23487,23627,23767 | -0.23     | -4.5     |
| 2   | 40         | 10000000 | 625000    | 238096   | 1048576 | 32    | 16   | io_uring | 12        | 16  | increase  | desc        | desc       | 4          | 2.36     | 2.12     | 6   | 2636,2761,2886,2637,2762,2887       | -0.24     | -10.17   |
| 8   | 60         | 10000000 | 625000    | 156250   | 1       | 128   | 16   | worker   | 12        | 16  | decrease  | desc        | desc       | 4          | 1.34     | 1.1      | 6   | 10886,11011,11136,10887,11012,11137 | -0.24     | -17.91   |
| 9   | 20         | 10000000 | 625000    | 476191   | 1       | 2     | 16   | worker   | 12        | 16  | increase  | asc         | desc       | 4          | 1.23     | 0.99     | 6   | 12386,12511,12636,12387,12512,12637 | -0.24     | -19.51   |
| 11  | 20         | 10000000 | 625000    | 476191   | 1       | 2     | 16   | io_uring | 12        | 16  | decrease  | asc         | desc       | 16         | 1.84     | 1.6      | 6   | 16146,16271,16396,16147,16272,16397 | -0.24     | -13.04   |
| 14  | 60         | 10000000 | 5000000   | 156250   | 4096    | 32    | 2    | io_uring | 12        | 16  | increase  | desc        | desc       | 2          | 1.01     | 0.77     | 6   | 20946,21086,21226,20947,21087,21227 | -0.24     | -23.76   |
| 6   | 60         | 10000000 | 625000    | 156250   | 1       | 128   | 16   | io_uring | 12        | 16  | increase  | desc        | asc        | 4          | 1.34     | 1.09     | 6   | 8261,8386,8511,8262,8387,8512       | -0.25     | -18.66   |
| 14  | 60         | 10000000 | 5000000   | 156250   | 4096    | 32    | 2    | worker   | 12        | 16  | increase  | desc        | asc        | 32         | 4.43     | 4.16     | 6   | 19706,19846,19986,19707,19847,19987 | -0.27     | -6.09    |
| 16  | 60         | 10000000 | 5000000   | 156250   | 4096    | 32    | 2    | worker   | 12        | 16  | decrease  | desc        | desc       | 512        | 12.04    | 11.77    | 6   | 23506,23646,23786,23507,23647,23787 | -0.27     | -2.24    |
| 8   | 60         | 10000000 | 625000    | 156250   | 1       | 128   | 16   | io_uring | 12        | 16  | decrease  | desc        | asc        | 2          | 1.31     | 1.04     | 6   | 11256,11381,11506,11257,11382,11507 | -0.27     | -20.61   |
| 10  | 20         | 10000000 | 625000    | 476191   | 1       | 2     | 16   | worker   | 12        | 16  | increase  | desc        | asc        | 16         | 1.87     | 1.6      | 6   | 13521,13646,13771,13522,13647,13772 | -0.27     | -14.44   |
| 11  | 20         | 10000000 | 625000    | 476191   | 1       | 2     | 16   | worker   | 12        | 16  | decrease  | asc         | asc        | 16         | 2.41     | 2.14     | 6   | 15021,15146,15271,15022,15147,15272 | -0.27     | -11.2    |
| 5   | 60         | 10000000 | 625000    | 156250   | 1       | 128   | 16   | io_uring | 12        | 16  | increase  | asc         | asc        | 512        | 4.61     | 4.34     | 6   | 6796,6921,7046,6797,6922,7047       | -0.27     | -5.86    |
| 14  | 60         | 10000000 | 5000000   | 156250   | 4096    | 32    | 2    | worker   | 12        | 16  | increase  | desc        | asc        | 1024       | 16.0     | 15.72    | 6   | 19731,19871,20011,19732,19872,20012 | -0.28     | -1.75    |
| 20  | 20         | 10000000 | 5000000   | 476191   | 1024    | 512   | 2    | io_uring | 12        | 16  | decrease  | desc        | desc       | 16         | 3.71     | 3.43     | 6   | 31041,31181,31321,31042,31182,31322 | -0.28     | -7.55    |
| 15  | 60         | 10000000 | 5000000   | 156250   | 4096    | 32    | 2    | io_uring | 12        | 16  | decrease  | asc         | desc       | 8          | 1.84     | 1.56     | 6   | 22636,22776,22916,22637,22777,22917 | -0.28     | -15.22   |
| 17  | 20         | 10000000 | 5000000   | 476191   | 1024    | 512   | 2    | io_uring | 12        | 16  | increase  | asc         | asc        | 4          | 1.74     | 1.46     | 6   | 25571,25711,25851,25572,25712,25852 | -0.28     | -16.09   |
| 8   | 60         | 10000000 | 625000    | 156250   | 1       | 128   | 16   | io_uring | 12        | 16  | decrease  | desc        | asc        | 1024       | 38.08    | 37.8     | 6   | 11301,11426,11551,11302,11427,11552 | -0.28     | -0.74    |
| 7   | 60         | 10000000 | 625000    | 156250   | 1       | 128   | 16   | io_uring | 12        | 16  | decrease  | asc         | asc        | 2048       | 67.63    | 67.34    | 6   | 9806,9931,10056,9807,9932,10057     | -0.29     | -0.43    |
| 1   | 40         | 10000000 | 625000    | 238096   | 1048576 | 32    | 16   | worker   | 12        | 16  | increase  | asc         | desc       | 16         | 4.46     | 4.17     | 6   | 396,521,646,397,522,647             | -0.29     | -6.5     |
| 3   | 40         | 10000000 | 625000    | 238096   | 1048576 | 32    | 16   | io_uring | 12        | 16  | decrease  | asc         | desc       | 8          | 3.23     | 2.94     | 6   | 4141,4266,4391,4142,4267,4392       | -0.29     | -8.98    |
| 14  | 60         | 10000000 | 5000000   | 156250   | 4096    | 32    | 2    | io_uring | 12        | 16  | increase  | desc        | asc        | 64         | 7.16     | 6.87     | 6   | 20551,20691,20831,20552,20692,20832 | -0.29     | -4.05    |
| 17  | 20         | 10000000 | 5000000   | 476191   | 1024    | 512   | 2    | worker   | 12        | 16  | increase  | asc         | desc       | 16         | 3.86     | 3.57     | 6   | 25161,25301,25441,25162,25302,25442 | -0.29     | -7.51    |
| 17  | 20         | 10000000 | 5000000   | 476191   | 1024    | 512   | 2    | io_uring | 12        | 16  | increase  | asc         | desc       | 256        | 16.27    | 15.97    | 6   | 26021,26161,26301,26022,26162,26302 | -0.3      | -1.84    |
| 8   | 60         | 10000000 | 625000    | 156250   | 1       | 128   | 16   | io_uring | 12        | 16  | decrease  | desc        | desc       | 1024       | 5.88     | 5.58     | 6   | 11676,11801,11926,11677,11802,11927 | -0.3      | -5.1     |
| 20  | 20         | 10000000 | 5000000   | 476191   | 1024    | 512   | 2    | worker   | 12        | 16  | decrease  | desc        | desc       | 32         | 6.18     | 5.88     | 6   | 30206,30346,30486,30207,30347,30487 | -0.3      | -4.85    |
| 16  | 60         | 10000000 | 5000000   | 156250   | 4096    | 32    | 2    | worker   | 12        | 16  | decrease  | desc        | asc        | 8          | 1.93     | 1.62     | 6   | 23056,23196,23336,23057,23197,23337 | -0.31     | -16.06   |
| 15  | 60         | 10000000 | 5000000   | 156250   | 4096    | 32    | 2    | io_uring | 12        | 16  | decrease  | asc         | asc        | 4          | 1.36     | 1.04     | 6   | 22211,22351,22491,22212,22352,22492 | -0.32     | -23.53   |
| 7   | 60         | 10000000 | 625000    | 156250   | 1       | 128   | 16   | io_uring | 12        | 16  | decrease  | asc         | desc       | 1024       | 14.13    | 13.81    | 6   | 10176,10301,10426,10177,10302,10427 | -0.32     | -2.26    |
| 9   | 20         | 10000000 | 625000    | 476191   | 1       | 2     | 16   | io_uring | 12        | 16  | increase  | asc         | desc       | 16         | 2.41     | 2.09     | 6   | 13146,13271,13396,13147,13272,13397 | -0.32     | -13.28   |
| 11  | 20         | 10000000 | 625000    | 476191   | 1       | 2     | 16   | io_uring | 12        | 16  | decrease  | asc         | desc       | 512        | 11.94    | 11.62    | 6   | 16171,16296,16421,16172,16297,16422 | -0.32     | -2.68    |
| 7   | 60         | 10000000 | 625000    | 156250   | 1       | 128   | 16   | worker   | 12        | 16  | decrease  | asc         | desc       | 4          | 1.54     | 1.21     | 6   | 9386,9511,9636,9387,9512,9637       | -0.33     | -21.43   |
| 9   | 20         | 10000000 | 625000    | 476191   | 1       | 2     | 16   | worker   | 12        | 16  | increase  | asc         | asc        | 256        | 4.26     | 3.92     | 6   | 12041,12166,12291,12042,12167,12292 | -0.34     | -7.98    |
| 19  | 20         | 10000000 | 5000000   | 476191   | 1024    | 512   | 2    | worker   | 12        | 16  | decrease  | asc         | desc       | 2048       | 17.07    | 16.73    | 6   | 28556,28696,28836,28557,28697,28837 | -0.34     | -1.99    |
| 6   | 60         | 10000000 | 625000    | 156250   | 1       | 128   | 16   | io_uring | 12        | 16  | increase  | desc        | desc       | 64         | 3.72     | 3.38     | 6   | 8656,8781,8906,8657,8782,8907       | -0.34     | -9.14    |
| 20  | 20         | 10000000 | 5000000   | 476191   | 1024    | 512   | 2    | worker   | 12        | 16  | decrease  | desc        | desc       | 16         | 4.01     | 3.66     | 6   | 30201,30341,30481,30202,30342,30482 | -0.35     | -8.73    |
| 17  | 20         | 10000000 | 5000000   | 476191   | 1024    | 512   | 2    | io_uring | 12        | 16  | increase  | asc         | asc        | 4096       | 15.47    | 15.12    | 6   | 25621,25761,25901,25622,25762,25902 | -0.35     | -2.26    |
| 7   | 60         | 10000000 | 625000    | 156250   | 1       | 128   | 16   | io_uring | 12        | 16  | decrease  | asc         | desc       | 4096       | 40.56    | 40.2     | 6   | 10186,10311,10436,10187,10312,10437 | -0.36     | -0.89    |
| 17  | 20         | 10000000 | 5000000   | 476191   | 1024    | 512   | 2    | worker   | 12        | 16  | increase  | asc         | desc       | 128        | 12.1     | 11.74    | 6   | 25176,25316,25456,25177,25317,25457 | -0.36     | -2.98    |
| 20  | 20         | 10000000 | 5000000   | 476191   | 1024    | 512   | 2    | worker   | 12        | 16  | decrease  | desc        | asc        | 256        | 15.35    | 14.99    | 6   | 29801,29941,30081,29802,29942,30082 | -0.36     | -2.35    |
| 1   | 40         | 10000000 | 625000    | 238096   | 1048576 | 32    | 16   | io_uring | 12        | 16  | increase  | asc         | asc        | 8          | 3.38     | 3.02     | 6   | 766,891,1016,767,892,1017           | -0.36     | -10.65   |
| 2   | 40         | 10000000 | 625000    | 238096   | 1048576 | 32    | 16   | worker   | 12        | 16  | increase  | desc        | asc        | 8          | 3.05     | 2.69     | 6   | 1516,1641,1766,1517,1642,1767       | -0.36     | -11.8    |
| 10  | 20         | 10000000 | 625000    | 476191   | 1       | 2     | 16   | io_uring | 12        | 16  | increase  | desc        | asc        | 64         | 2.88     | 2.52     | 6   | 14281,14406,14531,14282,14407,14532 | -0.36     | -12.5    |
| 18  | 20         | 10000000 | 5000000   | 476191   | 1024    | 512   | 2    | io_uring | 12        | 16  | increase  | desc        | asc        | 16         | 3.91     | 3.55     | 6   | 27261,27401,27541,27262,27402,27542 | -0.36     | -9.21    |
| 5   | 60         | 10000000 | 625000    | 156250   | 1       | 128   | 16   | io_uring | 12        | 16  | increase  | asc         | asc        | 8192       | 19.41    | 19.04    | 6   | 6816,6941,7066,6817,6942,7067       | -0.37     | -1.91    |
| 5   | 60         | 10000000 | 625000    | 156250   | 1       | 128   | 16   | io_uring | 12        | 16  | increase  | asc         | asc        | 378036     | 621.01   | 620.63   | 6   | 6856,6981,7106,6857,6982,7107       | -0.38     | -0.06    |
| 5   | 60         | 10000000 | 625000    | 156250   | 1       | 128   | 16   | io_uring | 12        | 16  | increase  | asc         | asc        | 32         | 2.19     | 1.81     | 6   | 6776,6901,7026,6777,6902,7027       | -0.38     | -17.35   |
| 17  | 20         | 10000000 | 5000000   | 476191   | 1024    | 512   | 2    | io_uring | 12        | 16  | increase  | asc         | asc        | 128        | 12.63    | 12.25    | 6   | 25596,25736,25876,25597,25737,25877 | -0.38     | -3.01    |
| 10  | 20         | 10000000 | 625000    | 476191   | 1       | 2     | 16   | worker   | 12        | 16  | increase  | desc        | desc       | 32         | 4.25     | 3.86     | 6   | 13901,14026,14151,13902,14027,14152 | -0.39     | -9.18    |
| 5   | 60         | 10000000 | 625000    | 156250   | 1       | 128   | 16   | worker   | 12        | 16  | increase  | asc         | desc       | 512        | 21.67    | 21.26    | 6   | 6421,6546,6671,6422,6547,6672       | -0.41     | -1.89    |
| 7   | 60         | 10000000 | 625000    | 156250   | 1       | 128   | 16   | io_uring | 12        | 16  | decrease  | asc         | asc        | 16         | 2.14     | 1.73     | 6   | 9771,9896,10021,9772,9897,10022     | -0.41     | -19.16   |
| 10  | 20         | 10000000 | 625000    | 476191   | 1       | 2     | 16   | worker   | 12        | 16  | increase  | desc        | asc        | 128        | 5.09     | 4.68     | 6   | 13536,13661,13786,13537,13662,13787 | -0.41     | -8.06    |
| 14  | 60         | 10000000 | 5000000   | 156250   | 4096    | 32    | 2    | worker   | 12        | 16  | increase  | desc        | desc       | 512        | 14.83    | 14.42    | 6   | 20146,20286,20426,20147,20287,20427 | -0.41     | -2.76    |
| 10  | 20         | 10000000 | 625000    | 476191   | 1       | 2     | 16   | worker   | 12        | 16  | increase  | desc        | asc        | 512        | 11.85    | 11.43    | 6   | 13546,13671,13796,13547,13672,13797 | -0.42     | -3.54    |
| 8   | 60         | 10000000 | 625000    | 156250   | 1       | 128   | 16   | worker   | 12        | 16  | decrease  | desc        | desc       | 4096       | 11.98    | 11.55    | 6   | 10936,11061,11186,10937,11062,11187 | -0.43     | -3.59    |
| 13  | 60         | 10000000 | 5000000   | 156250   | 4096    | 32    | 2    | io_uring | 12        | 16  | increase  | asc         | asc        | 32         | 5.02     | 4.59     | 6   | 18866,19006,19146,18867,19007,19147 | -0.43     | -8.57    |
| 17  | 20         | 10000000 | 5000000   | 476191   | 1024    | 512   | 2    | worker   | 12        | 16  | increase  | asc         | asc        | 32         | 6.34     | 5.91     | 6   | 24746,24886,25026,24747,24887,25027 | -0.43     | -6.78    |
| 15  | 60         | 10000000 | 5000000   | 156250   | 4096    | 32    | 2    | worker   | 12        | 16  | decrease  | asc         | desc       | 32         | 4.67     | 4.23     | 6   | 21806,21946,22086,21807,21947,22087 | -0.44     | -9.42    |
| 12  | 20         | 10000000 | 625000    | 476191   | 1       | 2     | 16   | io_uring | 12        | 16  | decrease  | desc        | desc       | 512        | 5.98     | 5.53     | 6   | 17671,17796,17921,17672,17797,17922 | -0.45     | -7.53    |
| 20  | 20         | 10000000 | 5000000   | 476191   | 1024    | 512   | 2    | worker   | 12        | 16  | decrease  | desc        | desc       | 128        | 10.13    | 9.68     | 6   | 30216,30356,30496,30217,30357,30497 | -0.45     | -4.44    |
| 17  | 20         | 10000000 | 5000000   | 476191   | 1024    | 512   | 2    | io_uring | 12        | 16  | increase  | asc         | desc       | 8192       | 104.76   | 104.29   | 6   | 26046,26186,26326,26047,26187,26327 | -0.47     | -0.45    |
| 14  | 60         | 10000000 | 5000000   | 156250   | 4096    | 32    | 2    | io_uring | 12        | 16  | increase  | desc        | asc        | 16         | 2.91     | 2.44     | 6   | 20541,20681,20821,20542,20682,20822 | -0.47     | -16.15   |
| 2   | 40         | 10000000 | 625000    | 238096   | 1048576 | 32    | 16   | io_uring | 12        | 16  | increase  | desc        | asc        | 8          | 3.19     | 2.71     | 6   | 2266,2391,2516,2267,2392,2517       | -0.48     | -15.05   |
| 5   | 60         | 10000000 | 625000    | 156250   | 1       | 128   | 16   | worker   | 12        | 16  | increase  | asc         | asc        | 64         | 2.19     | 1.7      | 6   | 6031,6156,6281,6032,6157,6282       | -0.49     | -22.37   |
| 18  | 20         | 10000000 | 5000000   | 476191   | 1024    | 512   | 2    | io_uring | 12        | 16  | increase  | desc        | asc        | 8          | 2.48     | 1.99     | 6   | 27256,27396,27536,27257,27397,27537 | -0.49     | -19.76   |
| 9   | 20         | 10000000 | 625000    | 476191   | 1       | 2     | 16   | worker   | 12        | 16  | increase  | asc         | asc        | 512        | 5.92     | 5.43     | 6   | 12046,12171,12296,12047,12172,12297 | -0.49     | -8.28    |
| 20  | 20         | 10000000 | 5000000   | 476191   | 1024    | 512   | 2    | io_uring | 12        | 16  | decrease  | desc        | desc       | 512        | 12.67    | 12.18    | 6   | 31066,31206,31346,31067,31207,31347 | -0.49     | -3.87    |
| 11  | 20         | 10000000 | 625000    | 476191   | 1       | 2     | 16   | worker   | 12        | 16  | decrease  | asc         | desc       | 128        | 4.8      | 4.3      | 6   | 15411,15536,15661,15412,15537,15662 | -0.5      | -10.42   |
| 18  | 20         | 10000000 | 5000000   | 476191   | 1024    | 512   | 2    | io_uring | 12        | 16  | increase  | desc        | asc        | 32         | 6.67     | 6.17     | 6   | 27266,27406,27546,27267,27407,27547 | -0.5      | -7.5     |
| 15  | 60         | 10000000 | 5000000   | 156250   | 4096    | 32    | 2    | io_uring | 12        | 16  | decrease  | asc         | asc        | 64         | 7.19     | 6.68     | 6   | 22231,22371,22511,22232,22372,22512 | -0.51     | -7.09    |
| 5   | 60         | 10000000 | 625000    | 156250   | 1       | 128   | 16   | io_uring | 12        | 16  | increase  | asc         | asc        | 64         | 2.44     | 1.92     | 6   | 6781,6906,7031,6782,6907,7032       | -0.52     | -21.31   |
| 20  | 20         | 10000000 | 5000000   | 476191   | 1024    | 512   | 2    | io_uring | 12        | 16  | decrease  | desc        | asc        | 32         | 6.61     | 6.08     | 6   | 30626,30766,30906,30627,30767,30907 | -0.53     | -8.02    |
| 18  | 20         | 10000000 | 5000000   | 476191   | 1024    | 512   | 2    | io_uring | 12        | 16  | increase  | desc        | asc        | 2048       | 17.82    | 17.29    | 6   | 27296,27436,27576,27297,27437,27577 | -0.53     | -2.97    |
| 12  | 20         | 10000000 | 625000    | 476191   | 1       | 2     | 16   | worker   | 12        | 16  | decrease  | desc        | desc       | 253036     | 980.64   | 980.1    | 6   | 16971,17096,17221,16972,17097,17222 | -0.54     | -0.06    |
| 9   | 20         | 10000000 | 625000    | 476191   | 1       | 2     | 16   | io_uring | 12        | 16  | increase  | asc         | asc        | 128        | 3.91     | 3.36     | 6   | 12786,12911,13036,12787,12912,13037 | -0.55     | -14.07   |
| 6   | 60         | 10000000 | 625000    | 156250   | 1       | 128   | 16   | io_uring | 12        | 16  | increase  | desc        | desc       | 128        | 6.32     | 5.77     | 6   | 8661,8786,8911,8662,8787,8912       | -0.55     | -8.7     |
| 4   | 40         | 10000000 | 625000    | 238096   | 1048576 | 32    | 16   | io_uring | 12        | 16  | decrease  | desc        | asc        | 16         | 5.32     | 4.76     | 6   | 5271,5396,5521,5272,5397,5522       | -0.56     | -10.53   |
| 13  | 60         | 10000000 | 5000000   | 156250   | 4096    | 32    | 2    | worker   | 12        | 16  | increase  | asc         | asc        | 4096       | 13.92    | 13.36    | 6   | 18061,18201,18341,18062,18202,18342 | -0.56     | -4.02    |
| 6   | 60         | 10000000 | 625000    | 156250   | 1       | 128   | 16   | io_uring | 12        | 16  | increase  | desc        | desc       | 2048       | 66.37    | 65.81    | 6   | 8681,8806,8931,8682,8807,8932       | -0.56     | -0.84    |
| 8   | 60         | 10000000 | 625000    | 156250   | 1       | 128   | 16   | io_uring | 12        | 16  | decrease  | desc        | asc        | 8192       | 293.7    | 293.11   | 6   | 11316,11441,11566,11317,11442,11567 | -0.59     | -0.2     |
| 16  | 60         | 10000000 | 5000000   | 156250   | 4096    | 32    | 2    | io_uring | 12        | 16  | decrease  | desc        | desc       | 64         | 7.28     | 6.66     | 6   | 24331,24471,24611,24332,24472,24612 | -0.62     | -8.52    |
| 16  | 60         | 10000000 | 5000000   | 156250   | 4096    | 32    | 2    | io_uring | 12        | 16  | decrease  | desc        | asc        | 64         | 7.74     | 7.11     | 6   | 23911,24051,24191,23912,24052,24192 | -0.63     | -8.14    |
| 17  | 20         | 10000000 | 5000000   | 476191   | 1024    | 512   | 2    | io_uring | 12        | 16  | increase  | asc         | asc        | 256        | 12.9     | 12.27    | 6   | 25601,25741,25881,25602,25742,25882 | -0.63     | -4.88    |
| 15  | 60         | 10000000 | 5000000   | 156250   | 4096    | 32    | 2    | io_uring | 12        | 16  | decrease  | asc         | asc        | 128        | 11.62    | 10.98    | 6   | 22236,22376,22516,22237,22377,22517 | -0.64     | -5.51    |
| 19  | 20         | 10000000 | 5000000   | 476191   | 1024    | 512   | 2    | io_uring | 12        | 16  | decrease  | asc         | asc        | 16         | 4.09     | 3.45     | 6   | 28941,29081,29221,28942,29082,29222 | -0.64     | -15.65   |
| 7   | 60         | 10000000 | 625000    | 156250   | 1       | 128   | 16   | io_uring | 12        | 16  | decrease  | asc         | asc        | 65536      | 2011.29  | 2010.64  | 6   | 9831,9956,10081,9832,9957,10082     | -0.65     | -0.03    |
| 12  | 20         | 10000000 | 625000    | 476191   | 1       | 2     | 16   | io_uring | 12        | 16  | decrease  | desc        | desc       | 32768      | 131.21   | 130.55   | 6   | 17701,17826,17951,17702,17827,17952 | -0.66     | -0.5     |
| 13  | 60         | 10000000 | 5000000   | 156250   | 4096    | 32    | 2    | io_uring | 12        | 16  | increase  | asc         | asc        | 64         | 6.79     | 6.13     | 6   | 18871,19011,19151,18872,19012,19152 | -0.66     | -9.72    |
| 8   | 60         | 10000000 | 625000    | 156250   | 1       | 128   | 16   | io_uring | 12        | 16  | decrease  | desc        | desc       | 16384      | 33.25    | 32.57    | 6   | 11696,11821,11946,11697,11822,11947 | -0.68     | -2.05    |
| 10  | 20         | 10000000 | 625000    | 476191   | 1       | 2     | 16   | worker   | 12        | 16  | increase  | desc        | asc        | 4096       | 53.52    | 52.84    | 6   | 13561,13686,13811,13562,13687,13812 | -0.68     | -1.27    |
| 7   | 60         | 10000000 | 625000    | 156250   | 1       | 128   | 16   | io_uring | 12        | 16  | decrease  | asc         | asc        | 512        | 18.79    | 18.1     | 6   | 9796,9921,10046,9797,9922,10047     | -0.69     | -3.67    |
| 13  | 60         | 10000000 | 5000000   | 156250   | 4096    | 32    | 2    | worker   | 12        | 16  | increase  | asc         | asc        | 2048       | 13.12    | 12.43    | 6   | 18056,18196,18336,18057,18197,18337 | -0.69     | -5.26    |
| 17  | 20         | 10000000 | 5000000   | 476191   | 1024    | 512   | 2    | io_uring | 12        | 16  | increase  | asc         | desc       | 16         | 4.08     | 3.39     | 6   | 26001,26141,26281,26002,26142,26282 | -0.69     | -16.91   |
| 7   | 60         | 10000000 | 625000    | 156250   | 1       | 128   | 16   | io_uring | 12        | 16  | decrease  | asc         | desc       | 8192       | 74.16    | 73.46    | 6   | 10191,10316,10441,10192,10317,10442 | -0.7      | -0.94    |
| 9   | 20         | 10000000 | 625000    | 476191   | 1       | 2     | 16   | io_uring | 12        | 16  | increase  | asc         | asc        | 2048       | 13.5     | 12.79    | 6   | 12806,12931,13056,12807,12932,13057 | -0.71     | -5.26    |
| 3   | 40         | 10000000 | 625000    | 238096   | 1048576 | 32    | 16   | worker   | 12        | 16  | decrease  | asc         | desc       | 16         | 5.34     | 4.61     | 6   | 3396,3521,3646,3397,3522,3647       | -0.73     | -13.67   |
| 4   | 40         | 10000000 | 625000    | 238096   | 1048576 | 32    | 16   | worker   | 12        | 16  | decrease  | desc        | asc        | 16         | 4.96     | 4.23     | 6   | 4521,4646,4771,4522,4647,4772       | -0.73     | -14.72   |
| 17  | 20         | 10000000 | 5000000   | 476191   | 1024    | 512   | 2    | worker   | 12        | 16  | increase  | asc         | asc        | 64         | 9.07     | 8.34     | 6   | 24751,24891,25031,24752,24892,25032 | -0.73     | -8.05    |
| 12  | 20         | 10000000 | 625000    | 476191   | 1       | 2     | 16   | io_uring | 12        | 16  | decrease  | desc        | desc       | 2048       | 13.75    | 13.01    | 6   | 17681,17806,17931,17682,17807,17932 | -0.74     | -5.38    |
| 14  | 60         | 10000000 | 5000000   | 156250   | 4096    | 32    | 2    | io_uring | 12        | 16  | increase  | desc        | desc       | 32         | 5.28     | 4.54     | 6   | 20966,21106,21246,20967,21107,21247 | -0.74     | -14.02   |
| 19  | 20         | 10000000 | 5000000   | 476191   | 1024    | 512   | 2    | worker   | 12        | 16  | decrease  | asc         | asc        | 256        | 14.86    | 14.11    | 6   | 28121,28261,28401,28122,28262,28402 | -0.75     | -5.05    |
| 9   | 20         | 10000000 | 625000    | 476191   | 1       | 2     | 16   | io_uring | 12        | 16  | increase  | asc         | asc        | 512        | 6.49     | 5.73     | 6   | 12796,12921,13046,12797,12922,13047 | -0.76     | -11.71   |
| 15  | 60         | 10000000 | 5000000   | 156250   | 4096    | 32    | 2    | worker   | 12        | 16  | decrease  | asc         | asc        | 2048       | 20.71    | 19.95    | 6   | 21416,21556,21696,21417,21557,21697 | -0.76     | -3.67    |
| 14  | 60         | 10000000 | 5000000   | 156250   | 4096    | 32    | 2    | io_uring | 12        | 16  | increase  | desc        | desc       | 512        | 15.49    | 14.71    | 6   | 20986,21126,21266,20987,21127,21267 | -0.78     | -5.04    |
| 9   | 20         | 10000000 | 625000    | 476191   | 1       | 2     | 16   | worker   | 12        | 16  | increase  | asc         | asc        | 8192       | 38.89    | 38.11    | 6   | 12066,12191,12316,12067,12192,12317 | -0.78     | -2.01    |
| 15  | 60         | 10000000 | 5000000   | 156250   | 4096    | 32    | 2    | worker   | 12        | 16  | decrease  | asc         | asc        | 65536      | 245.66   | 244.87   | 6   | 21441,21581,21721,21442,21582,21722 | -0.79     | -0.32    |
| 12  | 20         | 10000000 | 625000    | 476191   | 1       | 2     | 16   | io_uring | 12        | 16  | decrease  | desc        | desc       | 4096       | 21.57    | 20.78    | 6   | 17686,17811,17936,17687,17812,17937 | -0.79     | -3.66    |
| 19  | 20         | 10000000 | 5000000   | 476191   | 1024    | 512   | 2    | worker   | 12        | 16  | decrease  | asc         | asc        | 64         | 9.95     | 9.16     | 6   | 28111,28251,28391,28112,28252,28392 | -0.79     | -7.94    |
| 17  | 20         | 10000000 | 5000000   | 476191   | 1024    | 512   | 2    | worker   | 12        | 16  | increase  | asc         | asc        | 4096       | 15.31    | 14.51    | 6   | 24781,24921,25061,24782,24922,25062 | -0.8      | -5.23    |
| 9   | 20         | 10000000 | 625000    | 476191   | 1       | 2     | 16   | io_uring | 12        | 16  | increase  | asc         | asc        | 65536      | 263.66   | 262.8    | 6   | 12831,12956,13081,12832,12957,13082 | -0.86     | -0.33    |
| 15  | 60         | 10000000 | 5000000   | 156250   | 4096    | 32    | 2    | io_uring | 12        | 16  | decrease  | asc         | desc       | 64         | 8.36     | 7.47     | 6   | 22651,22791,22931,22652,22792,22932 | -0.89     | -10.65   |
| 20  | 20         | 10000000 | 5000000   | 476191   | 1024    | 512   | 2    | io_uring | 12        | 16  | decrease  | desc        | asc        | 256        | 15.28    | 14.38    | 6   | 30641,30781,30921,30642,30782,30922 | -0.9      | -5.89    |
| 18  | 20         | 10000000 | 5000000   | 476191   | 1024    | 512   | 2    | worker   | 12        | 16  | increase  | desc        | asc        | 32         | 6.45     | 5.53     | 6   | 26426,26566,26706,26427,26567,26707 | -0.92     | -14.26   |
| 19  | 20         | 10000000 | 5000000   | 476191   | 1024    | 512   | 2    | io_uring | 12        | 16  | decrease  | asc         | asc        | 256        | 15.27    | 14.35    | 6   | 28961,29101,29241,28962,29102,29242 | -0.92     | -6.02    |
| 19  | 20         | 10000000 | 5000000   | 476191   | 1024    | 512   | 2    | io_uring | 12        | 16  | decrease  | asc         | asc        | 512        | 18.07    | 17.15    | 6   | 28966,29106,29246,28967,29107,29247 | -0.92     | -5.09    |
| 14  | 60         | 10000000 | 5000000   | 156250   | 4096    | 32    | 2    | io_uring | 12        | 16  | increase  | desc        | desc       | 128        | 11.45    | 10.52    | 6   | 20976,21116,21256,20977,21117,21257 | -0.93     | -8.12    |
| 3   | 40         | 10000000 | 625000    | 238096   | 1048576 | 32    | 16   | io_uring | 12        | 16  | decrease  | asc         | asc        | 16         | 6.53     | 5.59     | 6   | 3771,3896,4021,3772,3897,4022       | -0.94     | -14.4    |
| 4   | 40         | 10000000 | 625000    | 238096   | 1048576 | 32    | 16   | worker   | 12        | 16  | decrease  | desc        | desc       | 16         | 6.18     | 5.23     | 6   | 4896,5021,5146,4897,5022,5147       | -0.95     | -15.37   |
| 11  | 20         | 10000000 | 625000    | 476191   | 1       | 2     | 16   | worker   | 12        | 16  | decrease  | asc         | desc       | 1024       | 19.04    | 18.09    | 6   | 15426,15551,15676,15427,15552,15677 | -0.95     | -4.99    |
| 13  | 60         | 10000000 | 5000000   | 156250   | 4096    | 32    | 2    | io_uring | 12        | 16  | increase  | asc         | asc        | 1024       | 11.17    | 10.22    | 6   | 18891,19031,19171,18892,19032,19172 | -0.95     | -8.5     |
| 16  | 60         | 10000000 | 5000000   | 156250   | 4096    | 32    | 2    | worker   | 12        | 16  | decrease  | desc        | asc        | 128        | 10.7     | 9.75     | 6   | 23076,23216,23356,23077,23217,23357 | -0.95     | -8.88    |
| 18  | 20         | 10000000 | 5000000   | 476191   | 1024    | 512   | 2    | worker   | 12        | 16  | increase  | desc        | asc        | 128        | 12.31    | 11.33    | 6   | 26436,26576,26716,26437,26577,26717 | -0.98     | -7.96    |
| 19  | 20         | 10000000 | 5000000   | 476191   | 1024    | 512   | 2    | io_uring | 12        | 16  | decrease  | asc         | desc       | 256        | 12.98    | 11.99    | 6   | 29381,29521,29661,29382,29522,29662 | -0.99     | -7.63    |
| 18  | 20         | 10000000 | 5000000   | 476191   | 1024    | 512   | 2    | io_uring | 12        | 16  | increase  | desc        | asc        | 65536      | 119.62   | 118.63   | 6   | 27321,27461,27601,27322,27462,27602 | -0.99     | -0.83    |
| 3   | 40         | 10000000 | 625000    | 238096   | 1048576 | 32    | 16   | worker   | 12        | 16  | decrease  | asc         | asc        | 16         | 6.1      | 5.1      | 6   | 3021,3146,3271,3022,3147,3272       | -1.0      | -16.39   |
| 11  | 20         | 10000000 | 625000    | 476191   | 1       | 2     | 16   | worker   | 12        | 16  | decrease  | asc         | desc       | 2048       | 30.9     | 29.9     | 6   | 15431,15556,15681,15432,15557,15682 | -1.0      | -3.24    |
| 6   | 60         | 10000000 | 625000    | 156250   | 1       | 128   | 16   | io_uring | 12        | 16  | increase  | desc        | asc        | 128036     | 1043.75  | 1042.74  | 6   | 8336,8461,8586,8337,8462,8587       | -1.01     | -0.1     |
| 3   | 40         | 10000000 | 625000    | 238096   | 1048576 | 32    | 16   | io_uring | 12        | 16  | decrease  | asc         | desc       | 16         | 5.13     | 4.12     | 6   | 4146,4271,4396,4147,4272,4397       | -1.01     | -19.69   |
| 9   | 20         | 10000000 | 625000    | 476191   | 1       | 2     | 16   | io_uring | 12        | 16  | increase  | asc         | asc        | 1024       | 8.67     | 7.66     | 6   | 12801,12926,13051,12802,12927,13052 | -1.01     | -11.65   |
| 18  | 20         | 10000000 | 5000000   | 476191   | 1024    | 512   | 2    | io_uring | 12        | 16  | increase  | desc        | desc       | 1024       | 23.47    | 22.45    | 6   | 27711,27851,27991,27712,27852,27992 | -1.02     | -4.35    |
| 18  | 20         | 10000000 | 5000000   | 476191   | 1024    | 512   | 2    | worker   | 12        | 16  | increase  | desc        | desc       | 1024       | 21.96    | 20.93    | 6   | 26871,27011,27151,26872,27012,27152 | -1.03     | -4.69    |
| 10  | 20         | 10000000 | 625000    | 476191   | 1       | 2     | 16   | worker   | 12        | 16  | increase  | desc        | asc        | 8192       | 101.31   | 100.26   | 6   | 13566,13691,13816,13567,13692,13817 | -1.05     | -1.04    |
| 5   | 60         | 10000000 | 625000    | 156250   | 1       | 128   | 16   | worker   | 12        | 16  | increase  | asc         | asc        | 8192       | 20.31    | 19.25    | 6   | 6066,6191,6316,6067,6192,6317       | -1.06     | -5.22    |
| 18  | 20         | 10000000 | 5000000   | 476191   | 1024    | 512   | 2    | io_uring | 12        | 16  | increase  | desc        | asc        | 32768      | 67.61    | 66.55    | 6   | 27316,27456,27596,27317,27457,27597 | -1.06     | -1.57    |
| 20  | 20         | 10000000 | 5000000   | 476191   | 1024    | 512   | 2    | worker   | 12        | 16  | decrease  | desc        | asc        | 524288     | 5663.86  | 5662.79  | 6   | 29856,29996,30136,29857,29997,30137 | -1.07     | -0.02    |
| 2   | 40         | 10000000 | 625000    | 238096   | 1048576 | 32    | 16   | io_uring | 12        | 16  | increase  | desc        | desc       | 16         | 6.59     | 5.52     | 6   | 2646,2771,2896,2647,2772,2897       | -1.07     | -16.24   |
| 8   | 60         | 10000000 | 625000    | 156250   | 1       | 128   | 16   | io_uring | 12        | 16  | decrease  | desc        | desc       | 4096       | 12.54    | 11.46    | 6   | 11686,11811,11936,11687,11812,11937 | -1.08     | -8.61    |
| 12  | 20         | 10000000 | 625000    | 476191   | 1       | 2     | 16   | io_uring | 12        | 16  | decrease  | desc        | desc       | 8192       | 38.8     | 37.71    | 6   | 17691,17816,17941,17692,17817,17942 | -1.09     | -2.81    |
| 13  | 60         | 10000000 | 5000000   | 156250   | 4096    | 32    | 2    | io_uring | 12        | 16  | increase  | asc         | desc       | 64         | 7.59     | 6.49     | 6   | 19291,19431,19571,19292,19432,19572 | -1.1      | -14.49   |
| 19  | 20         | 10000000 | 5000000   | 476191   | 1024    | 512   | 2    | io_uring | 12        | 16  | decrease  | asc         | desc       | 512        | 14.53    | 13.43    | 6   | 29386,29526,29666,29387,29527,29667 | -1.1      | -7.57    |
| 15  | 60         | 10000000 | 5000000   | 156250   | 4096    | 32    | 2    | io_uring | 12        | 16  | decrease  | asc         | asc        | 1024       | 16.45    | 15.26    | 6   | 22251,22391,22531,22252,22392,22532 | -1.19     | -7.23    |
| 20  | 20         | 10000000 | 5000000   | 476191   | 1024    | 512   | 2    | io_uring | 12        | 16  | decrease  | desc        | asc        | 128        | 11.77    | 10.58    | 6   | 30636,30776,30916,30637,30777,30917 | -1.19     | -10.11   |
| 20  | 20         | 10000000 | 5000000   | 476191   | 1024    | 512   | 2    | worker   | 12        | 16  | decrease  | desc        | desc       | 256        | 11.18    | 9.98     | 6   | 30221,30361,30501,30222,30362,30502 | -1.2      | -10.73   |
| 17  | 20         | 10000000 | 5000000   | 476191   | 1024    | 512   | 2    | io_uring | 12        | 16  | increase  | asc         | asc        | 16         | 3.97     | 2.77     | 6   | 25581,25721,25861,25582,25722,25862 | -1.2      | -30.23   |
| 9   | 20         | 10000000 | 625000    | 476191   | 1       | 2     | 16   | io_uring | 12        | 16  | increase  | asc         | desc       | 32         | 3.95     | 2.74     | 6   | 13151,13276,13401,13152,13277,13402 | -1.21     | -30.63   |
| 10  | 20         | 10000000 | 625000    | 476191   | 1       | 2     | 16   | worker   | 12        | 16  | increase  | desc        | desc       | 64         | 6.9      | 5.69     | 6   | 13906,14031,14156,13907,14032,14157 | -1.21     | -17.54   |
| 14  | 60         | 10000000 | 5000000   | 156250   | 4096    | 32    | 2    | worker   | 12        | 16  | increase  | desc        | desc       | 128        | 9.27     | 8.05     | 6   | 20136,20276,20416,20137,20277,20417 | -1.22     | -13.16   |
| 15  | 60         | 10000000 | 5000000   | 156250   | 4096    | 32    | 2    | io_uring | 12        | 16  | decrease  | asc         | asc        | 2048       | 17.75    | 16.52    | 6   | 22256,22396,22536,22257,22397,22537 | -1.23     | -6.93    |
| 1   | 40         | 10000000 | 625000    | 238096   | 1048576 | 32    | 16   | io_uring | 12        | 16  | increase  | asc         | asc        | 16         | 5.43     | 4.19     | 6   | 771,896,1021,772,897,1022           | -1.24     | -22.84   |
| 13  | 60         | 10000000 | 5000000   | 156250   | 4096    | 32    | 2    | io_uring | 12        | 16  | increase  | asc         | asc        | 512        | 11.83    | 10.58    | 6   | 18886,19026,19166,18887,19027,19167 | -1.25     | -10.57   |
| 15  | 60         | 10000000 | 5000000   | 156250   | 4096    | 32    | 2    | worker   | 12        | 16  | decrease  | asc         | desc       | 512        | 15.93    | 14.68    | 6   | 21826,21966,22106,21827,21967,22107 | -1.25     | -7.85    |
| 20  | 20         | 10000000 | 5000000   | 476191   | 1024    | 512   | 2    | io_uring | 12        | 16  | decrease  | desc        | asc        | 2048       | 35.62    | 34.36    | 6   | 30656,30796,30936,30657,30797,30937 | -1.26     | -3.54    |
| 2   | 40         | 10000000 | 625000    | 238096   | 1048576 | 32    | 16   | worker   | 12        | 16  | increase  | desc        | desc       | 16         | 7.34     | 6.08     | 6   | 1896,2021,2146,1897,2022,2147       | -1.26     | -17.17   |
| 9   | 20         | 10000000 | 625000    | 476191   | 1       | 2     | 16   | worker   | 12        | 16  | increase  | asc         | desc       | 32         | 3.86     | 2.6      | 6   | 12401,12526,12651,12402,12527,12652 | -1.26     | -32.64   |
| 14  | 60         | 10000000 | 5000000   | 156250   | 4096    | 32    | 2    | io_uring | 12        | 16  | increase  | desc        | asc        | 16384      | 33.08    | 31.79    | 6   | 20591,20731,20871,20592,20732,20872 | -1.29     | -3.9     |
| 20  | 20         | 10000000 | 5000000   | 476191   | 1024    | 512   | 2    | io_uring | 12        | 16  | decrease  | desc        | desc       | 128        | 11.35    | 10.05    | 6   | 31056,31196,31336,31057,31197,31337 | -1.3      | -11.45   |
| 12  | 20         | 10000000 | 625000    | 476191   | 1       | 2     | 16   | io_uring | 12        | 16  | decrease  | desc        | desc       | 1024       | 9.65     | 8.35     | 6   | 17676,17801,17926,17677,17802,17927 | -1.3      | -13.47   |
| 20  | 20         | 10000000 | 5000000   | 476191   | 1024    | 512   | 2    | io_uring | 12        | 16  | decrease  | desc        | desc       | 8192       | 18.73    | 17.42    | 6   | 31086,31226,31366,31087,31227,31367 | -1.31     | -6.99    |
| 16  | 60         | 10000000 | 5000000   | 156250   | 4096    | 32    | 2    | io_uring | 12        | 16  | decrease  | desc        | desc       | 256        | 10.64    | 9.29     | 6   | 24341,24481,24621,24342,24482,24622 | -1.35     | -12.69   |
| 16  | 60         | 10000000 | 5000000   | 156250   | 4096    | 32    | 2    | worker   | 12        | 16  | decrease  | desc        | asc        | 2048       | 23.64    | 22.29    | 6   | 23096,23236,23376,23097,23237,23377 | -1.35     | -5.71    |
| 2   | 40         | 10000000 | 625000    | 238096   | 1048576 | 32    | 16   | io_uring | 12        | 16  | increase  | desc        | asc        | 16         | 5.26     | 3.9      | 6   | 2271,2396,2521,2272,2397,2522       | -1.36     | -25.86   |
| 20  | 20         | 10000000 | 5000000   | 476191   | 1024    | 512   | 2    | worker   | 12        | 16  | decrease  | desc        | desc       | 1024       | 13.24    | 11.87    | 6   | 30231,30371,30511,30232,30372,30512 | -1.37     | -10.35   |
| 14  | 60         | 10000000 | 5000000   | 156250   | 4096    | 32    | 2    | worker   | 12        | 16  | increase  | desc        | asc        | 16384      | 30.79    | 29.41    | 6   | 19751,19891,20031,19752,19892,20032 | -1.38     | -4.48    |
| 19  | 20         | 10000000 | 5000000   | 476191   | 1024    | 512   | 2    | io_uring | 12        | 16  | decrease  | asc         | asc        | 64         | 8.84     | 7.46     | 6   | 28951,29091,29231,28952,29092,29232 | -1.38     | -15.61   |
| 14  | 60         | 10000000 | 5000000   | 156250   | 4096    | 32    | 2    | worker   | 12        | 16  | increase  | desc        | desc       | 1024       | 16.72    | 15.33    | 6   | 20151,20291,20431,20152,20292,20432 | -1.39     | -8.31    |
| 4   | 40         | 10000000 | 625000    | 238096   | 1048576 | 32    | 16   | io_uring | 12        | 16  | decrease  | desc        | desc       | 16         | 7.14     | 5.75     | 6   | 5646,5771,5896,5647,5772,5897       | -1.39     | -19.47   |
| 17  | 20         | 10000000 | 5000000   | 476191   | 1024    | 512   | 2    | worker   | 12        | 16  | increase  | asc         | asc        | 512        | 13.5     | 12.11    | 6   | 24766,24906,25046,24767,24907,25047 | -1.39     | -10.3    |
| 13  | 60         | 10000000 | 5000000   | 156250   | 4096    | 32    | 2    | io_uring | 12        | 16  | increase  | asc         | asc        | 8192       | 14.8     | 13.38    | 6   | 18906,19046,19186,18907,19047,19187 | -1.42     | -9.59    |
| 17  | 20         | 10000000 | 5000000   | 476191   | 1024    | 512   | 2    | worker   | 12        | 16  | increase  | asc         | desc       | 64         | 8.97     | 7.55     | 6   | 25171,25311,25451,25172,25312,25452 | -1.42     | -15.83   |
| 8   | 60         | 10000000 | 625000    | 156250   | 1       | 128   | 16   | worker   | 12        | 16  | decrease  | desc        | desc       | 190536     | 318.98   | 317.56   | 6   | 10966,11091,11216,10967,11092,11217 | -1.42     | -0.45    |
| 6   | 60         | 10000000 | 625000    | 156250   | 1       | 128   | 16   | io_uring | 12        | 16  | increase  | desc        | asc        | 4096       | 40.37    | 38.94    | 6   | 8311,8436,8561,8312,8437,8562       | -1.43     | -3.54    |
| 9   | 20         | 10000000 | 625000    | 476191   | 1       | 2     | 16   | worker   | 12        | 16  | increase  | asc         | asc        | 16384      | 70.03    | 68.56    | 6   | 12071,12196,12321,12072,12197,12322 | -1.47     | -2.1     |
| 16  | 60         | 10000000 | 5000000   | 156250   | 4096    | 32    | 2    | worker   | 12        | 16  | decrease  | desc        | desc       | 2048       | 13.76    | 12.29    | 6   | 23516,23656,23796,23517,23657,23797 | -1.47     | -10.68   |
| 19  | 20         | 10000000 | 5000000   | 476191   | 1024    | 512   | 2    | worker   | 12        | 16  | decrease  | asc         | desc       | 256        | 12.57    | 11.1     | 6   | 28541,28681,28821,28542,28682,28822 | -1.47     | -11.69   |
| 20  | 20         | 10000000 | 5000000   | 476191   | 1024    | 512   | 2    | io_uring | 12        | 16  | decrease  | desc        | asc        | 64         | 9.27     | 7.79     | 6   | 30631,30771,30911,30632,30772,30912 | -1.48     | -15.97   |
| 6   | 60         | 10000000 | 625000    | 156250   | 1       | 128   | 16   | io_uring | 12        | 16  | increase  | desc        | asc        | 1024       | 14.18    | 12.69    | 6   | 8301,8426,8551,8302,8427,8552       | -1.49     | -10.51   |
| 9   | 20         | 10000000 | 625000    | 476191   | 1       | 2     | 16   | io_uring | 12        | 16  | increase  | asc         | asc        | 8192       | 39.56    | 38.07    | 6   | 12816,12941,13066,12817,12942,13067 | -1.49     | -3.77    |
| 12  | 20         | 10000000 | 625000    | 476191   | 1       | 2     | 16   | io_uring | 12        | 16  | decrease  | desc        | asc        | 32         | 4.13     | 2.62     | 6   | 17276,17401,17526,17277,17402,17527 | -1.51     | -36.56   |
| 18  | 20         | 10000000 | 5000000   | 476191   | 1024    | 512   | 2    | worker   | 12        | 16  | increase  | desc        | asc        | 512        | 13.76    | 12.24    | 6   | 26446,26586,26726,26447,26587,26727 | -1.52     | -11.05   |
| 7   | 60         | 10000000 | 625000    | 156250   | 1       | 128   | 16   | io_uring | 12        | 16  | decrease  | asc         | desc       | 190536     | 1539.37  | 1537.84  | 6   | 10216,10341,10466,10217,10342,10467 | -1.53     | -0.1     |
| 10  | 20         | 10000000 | 625000    | 476191   | 1       | 2     | 16   | worker   | 12        | 16  | increase  | desc        | asc        | 1024       | 19.52    | 17.98    | 6   | 13551,13676,13801,13552,13677,13802 | -1.54     | -7.89    |
| 19  | 20         | 10000000 | 5000000   | 476191   | 1024    | 512   | 2    | io_uring | 12        | 16  | decrease  | asc         | desc       | 16384      | 40.66    | 39.08    | 6   | 29411,29551,29691,29412,29552,29692 | -1.58     | -3.89    |
| 1   | 40         | 10000000 | 625000    | 238096   | 1048576 | 32    | 16   | io_uring | 12        | 16  | increase  | asc         | desc       | 16         | 4.32     | 2.73     | 6   | 1146,1271,1396,1147,1272,1397       | -1.59     | -36.81   |
| 5   | 60         | 10000000 | 625000    | 156250   | 1       | 128   | 16   | worker   | 12        | 16  | increase  | asc         | desc       | 440536     | 15433.79 | 15432.2  | 6   | 6486,6611,6736,6487,6612,6737       | -1.59     | -0.01    |
| 15  | 60         | 10000000 | 5000000   | 156250   | 4096    | 32    | 2    | io_uring | 12        | 16  | decrease  | asc         | desc       | 512        | 16.39    | 14.79    | 6   | 22666,22806,22946,22667,22807,22947 | -1.6      | -9.76    |
| 11  | 20         | 10000000 | 625000    | 476191   | 1       | 2     | 16   | worker   | 12        | 16  | decrease  | asc         | desc       | 4096       | 54.03    | 52.42    | 6   | 15436,15561,15686,15437,15562,15687 | -1.61     | -2.98    |
| 17  | 20         | 10000000 | 5000000   | 476191   | 1024    | 512   | 2    | io_uring | 12        | 16  | increase  | asc         | asc        | 16384      | 22.5     | 20.88    | 6   | 25631,25771,25911,25632,25772,25912 | -1.62     | -7.2     |
| 12  | 20         | 10000000 | 625000    | 476191   | 1       | 2     | 16   | worker   | 12        | 16  | decrease  | desc        | asc        | 32         | 3.92     | 2.28     | 6   | 16526,16651,16776,16527,16652,16777 | -1.64     | -41.84   |
| 18  | 20         | 10000000 | 5000000   | 476191   | 1024    | 512   | 2    | worker   | 12        | 16  | increase  | desc        | asc        | 64         | 10.21    | 8.56     | 6   | 26431,26571,26711,26432,26572,26712 | -1.65     | -16.16   |
| 14  | 60         | 10000000 | 5000000   | 156250   | 4096    | 32    | 2    | io_uring | 12        | 16  | increase  | desc        | asc        | 2048       | 17.39    | 15.71    | 6   | 20576,20716,20856,20577,20717,20857 | -1.68     | -9.66    |
| 19  | 20         | 10000000 | 5000000   | 476191   | 1024    | 512   | 2    | worker   | 12        | 16  | decrease  | asc         | desc       | 1024       | 14.21    | 12.52    | 6   | 28551,28691,28831,28552,28692,28832 | -1.69     | -11.89   |
| 14  | 60         | 10000000 | 5000000   | 156250   | 4096    | 32    | 2    | worker   | 12        | 16  | increase  | desc        | asc        | 8192       | 23.76    | 22.04    | 6   | 19746,19886,20026,19747,19887,20027 | -1.72     | -7.24    |
| 16  | 60         | 10000000 | 5000000   | 156250   | 4096    | 32    | 2    | io_uring | 12        | 16  | decrease  | desc        | desc       | 128        | 10.14    | 8.41     | 6   | 24336,24476,24616,24337,24477,24617 | -1.73     | -17.06   |
| 14  | 60         | 10000000 | 5000000   | 156250   | 4096    | 32    | 2    | io_uring | 12        | 16  | increase  | desc        | desc       | 64         | 9.32     | 7.58     | 6   | 20971,21111,21251,20972,21112,21252 | -1.74     | -18.67   |
| 20  | 20         | 10000000 | 5000000   | 476191   | 1024    | 512   | 2    | io_uring | 12        | 16  | decrease  | desc        | desc       | 16384      | 24.18    | 22.42    | 6   | 31091,31231,31371,31092,31232,31372 | -1.76     | -7.28    |
| 19  | 20         | 10000000 | 5000000   | 476191   | 1024    | 512   | 2    | worker   | 12        | 16  | decrease  | asc         | asc        | 128        | 13.45    | 11.67    | 6   | 28116,28256,28396,28117,28257,28397 | -1.78     | -13.23   |
| 1   | 40         | 10000000 | 625000    | 238096   | 1048576 | 32    | 16   | worker   | 12        | 16  | increase  | asc         | asc        | 16         | 5.43     | 3.63     | 6   | 21,146,271,22,147,272               | -1.8      | -33.15   |
| 16  | 60         | 10000000 | 5000000   | 156250   | 4096    | 32    | 2    | io_uring | 12        | 16  | decrease  | desc        | desc       | 2048       | 13.69    | 11.88    | 6   | 24356,24496,24636,24357,24497,24637 | -1.81     | -13.22   |
| 14  | 60         | 10000000 | 5000000   | 156250   | 4096    | 32    | 2    | worker   | 12        | 16  | increase  | desc        | desc       | 64         | 7.62     | 5.81     | 6   | 20131,20271,20411,20132,20272,20412 | -1.81     | -23.75   |
| 19  | 20         | 10000000 | 5000000   | 476191   | 1024    | 512   | 2    | io_uring | 12        | 16  | decrease  | asc         | desc       | 64         | 9.24     | 7.43     | 6   | 29371,29511,29651,29372,29512,29652 | -1.81     | -19.59   |
| 15  | 60         | 10000000 | 5000000   | 156250   | 4096    | 32    | 2    | worker   | 12        | 16  | decrease  | asc         | desc       | 8192       | 23.97    | 22.15    | 6   | 21846,21986,22126,21847,21987,22127 | -1.82     | -7.59    |
| 17  | 20         | 10000000 | 5000000   | 476191   | 1024    | 512   | 2    | io_uring | 12        | 16  | increase  | asc         | desc       | 32         | 6.99     | 5.16     | 6   | 26006,26146,26286,26007,26147,26287 | -1.83     | -26.18   |
| 6   | 60         | 10000000 | 625000    | 156250   | 1       | 128   | 16   | io_uring | 12        | 16  | increase  | desc        | asc        | 16384      | 144.4    | 142.51   | 6   | 8321,8446,8571,8322,8447,8572       | -1.89     | -1.31    |
| 11  | 20         | 10000000 | 625000    | 476191   | 1       | 2     | 16   | worker   | 12        | 16  | decrease  | asc         | asc        | 64         | 7.06     | 5.11     | 6   | 15031,15156,15281,15032,15157,15282 | -1.95     | -27.62   |
| 11  | 20         | 10000000 | 625000    | 476191   | 1       | 2     | 16   | io_uring | 12        | 16  | decrease  | asc         | asc        | 64         | 7.02     | 5.05     | 6   | 15781,15906,16031,15782,15907,16032 | -1.97     | -28.06   |
| 20  | 20         | 10000000 | 5000000   | 476191   | 1024    | 512   | 2    | io_uring | 12        | 16  | decrease  | desc        | asc        | 512        | 18.29    | 16.29    | 6   | 30646,30786,30926,30647,30787,30927 | -2.0      | -10.93   |
| 16  | 60         | 10000000 | 5000000   | 156250   | 4096    | 32    | 2    | worker   | 12        | 16  | decrease  | desc        | desc       | 1024       | 12.86    | 10.84    | 6   | 23511,23651,23791,23512,23652,23792 | -2.02     | -15.71   |
| 5   | 60         | 10000000 | 625000    | 156250   | 1       | 128   | 16   | io_uring | 12        | 16  | increase  | asc         | asc        | 253036     | 413.16   | 411.14   | 6   | 6846,6971,7096,6847,6972,7097       | -2.02     | -0.49    |
| 5   | 60         | 10000000 | 625000    | 156250   | 1       | 128   | 16   | io_uring | 12        | 16  | increase  | asc         | asc        | 128036     | 218.6    | 216.57   | 6   | 6836,6961,7086,6837,6962,7087       | -2.03     | -0.93    |
| 13  | 60         | 10000000 | 5000000   | 156250   | 4096    | 32    | 2    | worker   | 12        | 16  | increase  | asc         | desc       | 64         | 7.74     | 5.69     | 6   | 18451,18591,18731,18452,18592,18732 | -2.05     | -26.49   |
| 15  | 60         | 10000000 | 5000000   | 156250   | 4096    | 32    | 2    | worker   | 12        | 16  | decrease  | asc         | desc       | 4096       | 18.18    | 16.13    | 6   | 21841,21981,22121,21842,21982,22122 | -2.05     | -11.28   |
| 19  | 20         | 10000000 | 5000000   | 476191   | 1024    | 512   | 2    | worker   | 12        | 16  | decrease  | asc         | desc       | 128        | 13.64    | 11.57    | 6   | 28536,28676,28816,28537,28677,28817 | -2.07     | -15.18   |
| 14  | 60         | 10000000 | 5000000   | 156250   | 4096    | 32    | 2    | io_uring | 12        | 16  | increase  | desc        | desc       | 1024       | 15.38    | 13.3     | 6   | 20991,21131,21271,20992,21132,21272 | -2.08     | -13.52   |
| 19  | 20         | 10000000 | 5000000   | 476191   | 1024    | 512   | 2    | worker   | 12        | 16  | decrease  | asc         | desc       | 64         | 9.74     | 7.66     | 6   | 28531,28671,28811,28532,28672,28812 | -2.08     | -21.36   |
| 14  | 60         | 10000000 | 5000000   | 156250   | 4096    | 32    | 2    | io_uring | 12        | 16  | increase  | desc        | desc       | 2048       | 18.46    | 16.37    | 6   | 20996,21136,21276,20997,21137,21277 | -2.09     | -11.32   |
| 8   | 60         | 10000000 | 625000    | 156250   | 1       | 128   | 16   | io_uring | 12        | 16  | decrease  | desc        | asc        | 32768      | 1163.75  | 1161.65  | 6   | 11326,11451,11576,11327,11452,11577 | -2.1      | -0.18    |
| 6   | 60         | 10000000 | 625000    | 156250   | 1       | 128   | 16   | io_uring | 12        | 16  | increase  | desc        | asc        | 8192       | 76.36    | 74.26    | 6   | 8316,8441,8566,8317,8442,8567       | -2.1      | -2.75    |
| 13  | 60         | 10000000 | 5000000   | 156250   | 4096    | 32    | 2    | worker   | 12        | 16  | increase  | asc         | asc        | 64         | 8.48     | 6.38     | 6   | 18031,18171,18311,18032,18172,18312 | -2.1      | -24.76   |
| 10  | 20         | 10000000 | 625000    | 476191   | 1       | 2     | 16   | worker   | 12        | 16  | increase  | desc        | asc        | 16384      | 196.24   | 194.09   | 6   | 13571,13696,13821,13572,13697,13822 | -2.15     | -1.1     |
| 18  | 20         | 10000000 | 5000000   | 476191   | 1024    | 512   | 2    | worker   | 12        | 16  | increase  | desc        | asc        | 1024       | 16.04    | 13.88    | 6   | 26451,26591,26731,26452,26592,26732 | -2.16     | -13.47   |
| 13  | 60         | 10000000 | 5000000   | 156250   | 4096    | 32    | 2    | worker   | 12        | 16  | increase  | asc         | asc        | 1024       | 12.52    | 10.33    | 6   | 18051,18191,18331,18052,18192,18332 | -2.19     | -17.49   |
| 16  | 60         | 10000000 | 5000000   | 156250   | 4096    | 32    | 2    | worker   | 12        | 16  | decrease  | desc        | asc        | 64         | 6.66     | 4.43     | 6   | 23071,23211,23351,23072,23212,23352 | -2.23     | -33.48   |
| 10  | 20         | 10000000 | 625000    | 476191   | 1       | 2     | 16   | io_uring | 12        | 16  | increase  | desc        | desc       | 64         | 7.06     | 4.81     | 6   | 14656,14781,14906,14657,14782,14907 | -2.25     | -31.87   |
| 13  | 60         | 10000000 | 5000000   | 156250   | 4096    | 32    | 2    | io_uring | 12        | 16  | increase  | asc         | desc       | 2048       | 23.45    | 21.19    | 6   | 19316,19456,19596,19317,19457,19597 | -2.26     | -9.64    |
| 20  | 20         | 10000000 | 5000000   | 476191   | 1024    | 512   | 2    | worker   | 12        | 16  | decrease  | desc        | desc       | 512        | 13.45    | 11.18    | 6   | 30226,30366,30506,30227,30367,30507 | -2.27     | -16.88   |
| 17  | 20         | 10000000 | 5000000   | 476191   | 1024    | 512   | 2    | io_uring | 12        | 16  | increase  | asc         | desc       | 128        | 14.96    | 12.68    | 6   | 26016,26156,26296,26017,26157,26297 | -2.28     | -15.24   |
| 15  | 60         | 10000000 | 5000000   | 156250   | 4096    | 32    | 2    | worker   | 12        | 16  | decrease  | asc         | asc        | 1024       | 16.45    | 14.12    | 6   | 21411,21551,21691,21412,21552,21692 | -2.33     | -14.16   |
| 14  | 60         | 10000000 | 5000000   | 156250   | 4096    | 32    | 2    | io_uring | 12        | 16  | increase  | desc        | asc        | 4096       | 18.82    | 16.48    | 6   | 20581,20721,20861,20582,20722,20862 | -2.34     | -12.43   |
| 19  | 20         | 10000000 | 5000000   | 476191   | 1024    | 512   | 2    | io_uring | 12        | 16  | decrease  | asc         | asc        | 128        | 13.2     | 10.85    | 6   | 28956,29096,29236,28957,29097,29237 | -2.35     | -17.8    |
| 16  | 60         | 10000000 | 5000000   | 156250   | 4096    | 32    | 2    | worker   | 12        | 16  | decrease  | desc        | asc        | 1024       | 18.62    | 16.22    | 6   | 23091,23231,23371,23092,23232,23372 | -2.4      | -12.89   |
| 14  | 60         | 10000000 | 5000000   | 156250   | 4096    | 32    | 2    | worker   | 12        | 16  | increase  | desc        | asc        | 64         | 7.47     | 5.0      | 6   | 19711,19851,19991,19712,19852,19992 | -2.47     | -33.07   |
| 15  | 60         | 10000000 | 5000000   | 156250   | 4096    | 32    | 2    | worker   | 12        | 16  | decrease  | asc         | asc        | 256        | 12.74    | 10.27    | 6   | 21401,21541,21681,21402,21542,21682 | -2.47     | -19.39   |
| 14  | 60         | 10000000 | 5000000   | 156250   | 4096    | 32    | 2    | worker   | 12        | 16  | increase  | desc        | desc       | 256        | 14.6     | 12.1     | 6   | 20141,20281,20421,20142,20282,20422 | -2.5      | -17.12   |
| 12  | 20         | 10000000 | 625000    | 476191   | 1       | 2     | 16   | worker   | 12        | 16  | decrease  | desc        | desc       | 8192       | 39.39    | 36.88    | 6   | 16941,17066,17191,16942,17067,17192 | -2.51     | -6.37    |
| 15  | 60         | 10000000 | 5000000   | 156250   | 4096    | 32    | 2    | worker   | 12        | 16  | decrease  | asc         | desc       | 128        | 11.64    | 9.12     | 6   | 21816,21956,22096,21817,21957,22097 | -2.52     | -21.65   |
| 16  | 60         | 10000000 | 5000000   | 156250   | 4096    | 32    | 2    | io_uring | 12        | 16  | decrease  | desc        | asc        | 512        | 14.87    | 12.32    | 6   | 23926,24066,24206,23927,24067,24207 | -2.55     | -17.15   |
| 14  | 60         | 10000000 | 5000000   | 156250   | 4096    | 32    | 2    | worker   | 12        | 16  | increase  | desc        | asc        | 2048       | 15.34    | 12.78    | 6   | 19736,19876,20016,19737,19877,20017 | -2.56     | -16.69   |
| 6   | 60         | 10000000 | 625000    | 156250   | 1       | 128   | 16   | io_uring | 12        | 16  | increase  | desc        | desc       | 378036     | 11494.16 | 11491.57 | 6   | 8731,8856,8981,8732,8857,8982       | -2.59     | -0.02    |
| 18  | 20         | 10000000 | 5000000   | 476191   | 1024    | 512   | 2    | io_uring | 12        | 16  | increase  | desc        | asc        | 256        | 13.17    | 10.57    | 6   | 27281,27421,27561,27282,27422,27562 | -2.6      | -19.74   |
| 13  | 60         | 10000000 | 5000000   | 156250   | 4096    | 32    | 2    | worker   | 12        | 16  | increase  | asc         | asc        | 128        | 10.37    | 7.76     | 6   | 18036,18176,18316,18037,18177,18317 | -2.61     | -25.17   |
| 15  | 60         | 10000000 | 5000000   | 156250   | 4096    | 32    | 2    | io_uring | 12        | 16  | decrease  | asc         | desc       | 128        | 11.55    | 8.91     | 6   | 22656,22796,22936,22657,22797,22937 | -2.64     | -22.86   |
| 13  | 60         | 10000000 | 5000000   | 156250   | 4096    | 32    | 2    | worker   | 12        | 16  | increase  | asc         | desc       | 4096       | 31.58    | 28.92    | 6   | 18481,18621,18761,18482,18622,18762 | -2.66     | -8.42    |
| 2   | 40         | 10000000 | 625000    | 238096   | 1048576 | 32    | 16   | io_uring | 12        | 16  | increase  | desc        | asc        | 32         | 9.44     | 6.75     | 6   | 2276,2401,2526,2277,2402,2527       | -2.69     | -28.5    |
| 20  | 20         | 10000000 | 5000000   | 476191   | 1024    | 512   | 2    | worker   | 12        | 16  | decrease  | desc        | asc        | 512        | 18.41    | 15.69    | 6   | 29806,29946,30086,29807,29947,30087 | -2.72     | -14.77   |
| 15  | 60         | 10000000 | 5000000   | 156250   | 4096    | 32    | 2    | io_uring | 12        | 16  | decrease  | asc         | desc       | 1024       | 14.89    | 12.16    | 6   | 22671,22811,22951,22672,22812,22952 | -2.73     | -18.33   |
| 11  | 20         | 10000000 | 625000    | 476191   | 1       | 2     | 16   | worker   | 12        | 16  | decrease  | asc         | desc       | 16384      | 194.13   | 191.33   | 6   | 15446,15571,15696,15447,15572,15697 | -2.8      | -1.44    |
| 1   | 40         | 10000000 | 625000    | 238096   | 1048576 | 32    | 16   | io_uring | 12        | 16  | increase  | asc         | desc       | 32         | 8.1      | 5.28     | 6   | 1151,1276,1401,1152,1277,1402       | -2.82     | -34.81   |
| 3   | 40         | 10000000 | 625000    | 238096   | 1048576 | 32    | 16   | worker   | 12        | 16  | decrease  | asc         | desc       | 32         | 9.69     | 6.85     | 6   | 3401,3526,3651,3402,3527,3652       | -2.84     | -29.31   |
| 9   | 20         | 10000000 | 625000    | 476191   | 1       | 2     | 16   | worker   | 12        | 16  | increase  | asc         | asc        | 65536      | 254.29   | 251.44   | 6   | 12081,12206,12331,12082,12207,12332 | -2.85     | -1.12    |
| 14  | 60         | 10000000 | 5000000   | 156250   | 4096    | 32    | 2    | worker   | 12        | 16  | increase  | desc        | asc        | 256        | 15.0     | 12.09    | 6   | 19721,19861,20001,19722,19862,20002 | -2.91     | -19.4    |
| 16  | 60         | 10000000 | 5000000   | 156250   | 4096    | 32    | 2    | io_uring | 12        | 16  | decrease  | desc        | desc       | 8192       | 18.74    | 15.82    | 6   | 24366,24506,24646,24367,24507,24647 | -2.92     | -15.58   |
| 15  | 60         | 10000000 | 5000000   | 156250   | 4096    | 32    | 2    | io_uring | 12        | 16  | decrease  | asc         | desc       | 256        | 14.57    | 11.64    | 6   | 22661,22801,22941,22662,22802,22942 | -2.93     | -20.11   |
| 6   | 60         | 10000000 | 625000    | 156250   | 1       | 128   | 16   | io_uring | 12        | 16  | increase  | desc        | desc       | 8192       | 258.12   | 255.18   | 6   | 8691,8816,8941,8692,8817,8942       | -2.94     | -1.14    |
| 14  | 60         | 10000000 | 5000000   | 156250   | 4096    | 32    | 2    | io_uring | 12        | 16  | increase  | desc        | asc        | 1024       | 14.84    | 11.9     | 6   | 20571,20711,20851,20572,20712,20852 | -2.94     | -19.81   |
| 13  | 60         | 10000000 | 5000000   | 156250   | 4096    | 32    | 2    | io_uring | 12        | 16  | increase  | asc         | desc       | 128        | 9.62     | 6.61     | 6   | 19296,19436,19576,19297,19437,19577 | -3.01     | -31.29   |
| 4   | 40         | 10000000 | 625000    | 238096   | 1048576 | 32    | 16   | io_uring | 12        | 16  | decrease  | desc        | asc        | 32         | 9.5      | 6.49     | 6   | 5276,5401,5526,5277,5402,5527       | -3.01     | -31.68   |
| 14  | 60         | 10000000 | 5000000   | 156250   | 4096    | 32    | 2    | io_uring | 12        | 16  | increase  | desc        | asc        | 128        | 12.85    | 9.78     | 6   | 20556,20696,20836,20557,20697,20837 | -3.07     | -23.89   |
| 14  | 60         | 10000000 | 5000000   | 156250   | 4096    | 32    | 2    | worker   | 12        | 16  | increase  | desc        | asc        | 512        | 14.55    | 11.44    | 6   | 19726,19866,20006,19727,19867,20007 | -3.11     | -21.37   |
| 15  | 60         | 10000000 | 5000000   | 156250   | 4096    | 32    | 2    | worker   | 12        | 16  | decrease  | asc         | asc        | 512        | 16.45    | 13.31    | 6   | 21406,21546,21686,21407,21547,21687 | -3.14     | -19.09   |
| 1   | 40         | 10000000 | 625000    | 238096   | 1048576 | 32    | 16   | worker   | 12        | 16  | increase  | asc         | desc       | 32         | 8.21     | 5.07     | 6   | 401,526,651,402,527,652             | -3.14     | -38.25   |
| 16  | 60         | 10000000 | 5000000   | 156250   | 4096    | 32    | 2    | io_uring | 12        | 16  | decrease  | desc        | asc        | 256        | 14.83    | 11.64    | 6   | 23921,24061,24201,23922,24062,24202 | -3.19     | -21.51   |
| 5   | 60         | 10000000 | 625000    | 156250   | 1       | 128   | 16   | io_uring | 12        | 16  | increase  | asc         | asc        | 65536      | 115.51   | 112.27   | 6   | 6831,6956,7081,6832,6957,7082       | -3.24     | -2.8     |
| 13  | 60         | 10000000 | 5000000   | 156250   | 4096    | 32    | 2    | worker   | 12        | 16  | increase  | asc         | asc        | 8192       | 17.02    | 13.74    | 6   | 18066,18206,18346,18067,18207,18347 | -3.28     | -19.27   |
| 7   | 60         | 10000000 | 625000    | 156250   | 1       | 128   | 16   | io_uring | 12        | 16  | decrease  | asc         | asc        | 16384      | 511.03   | 507.72   | 6   | 9821,9946,10071,9822,9947,10072     | -3.31     | -0.65    |
| 7   | 60         | 10000000 | 625000    | 156250   | 1       | 128   | 16   | worker   | 12        | 16  | decrease  | asc         | desc       | 315536     | 2525.84  | 2522.52  | 6   | 9476,9601,9726,9477,9602,9727       | -3.32     | -0.13    |
| 13  | 60         | 10000000 | 5000000   | 156250   | 4096    | 32    | 2    | worker   | 12        | 16  | increase  | asc         | desc       | 1024       | 19.5     | 16.13    | 6   | 18471,18611,18751,18472,18612,18752 | -3.37     | -17.28   |
| 12  | 20         | 10000000 | 625000    | 476191   | 1       | 2     | 16   | io_uring | 12        | 16  | decrease  | desc        | desc       | 16384      | 71.58    | 68.21    | 6   | 17696,17821,17946,17697,17822,17947 | -3.37     | -4.71    |
| 17  | 20         | 10000000 | 5000000   | 476191   | 1024    | 512   | 2    | worker   | 12        | 16  | increase  | asc         | asc        | 256        | 12.44    | 9.06     | 6   | 24761,24901,25041,24762,24902,25042 | -3.38     | -27.17   |
| 18  | 20         | 10000000 | 5000000   | 476191   | 1024    | 512   | 2    | io_uring | 12        | 16  | increase  | desc        | asc        | 128        | 13.61    | 10.22    | 6   | 27276,27416,27556,27277,27417,27557 | -3.39     | -24.91   |
| 9   | 20         | 10000000 | 625000    | 476191   | 1       | 2     | 16   | io_uring | 12        | 16  | increase  | asc         | desc       | 64         | 7.01     | 3.55     | 6   | 13156,13281,13406,13157,13282,13407 | -3.46     | -49.36   |
| 13  | 60         | 10000000 | 5000000   | 156250   | 4096    | 32    | 2    | worker   | 12        | 16  | increase  | asc         | asc        | 256        | 13.85    | 10.38    | 6   | 18041,18181,18321,18042,18182,18322 | -3.47     | -25.05   |
| 12  | 20         | 10000000 | 625000    | 476191   | 1       | 2     | 16   | io_uring | 12        | 16  | decrease  | desc        | asc        | 64         | 6.65     | 3.17     | 6   | 17281,17406,17531,17282,17407,17532 | -3.48     | -52.33   |
| 12  | 20         | 10000000 | 625000    | 476191   | 1       | 2     | 16   | worker   | 12        | 16  | decrease  | desc        | desc       | 128036     | 504.07   | 500.55   | 6   | 16961,17086,17211,16962,17087,17212 | -3.52     | -0.7     |
| 12  | 20         | 10000000 | 625000    | 476191   | 1       | 2     | 16   | worker   | 12        | 16  | decrease  | desc        | desc       | 65536      | 259.28   | 255.75   | 6   | 16956,17081,17206,16957,17082,17207 | -3.53     | -1.36    |
| 13  | 60         | 10000000 | 5000000   | 156250   | 4096    | 32    | 2    | worker   | 12        | 16  | increase  | asc         | desc       | 512        | 16.88    | 13.33    | 6   | 18466,18606,18746,18467,18607,18747 | -3.55     | -21.03   |
| 20  | 20         | 10000000 | 5000000   | 476191   | 1024    | 512   | 2    | io_uring | 12        | 16  | decrease  | desc        | asc        | 1024       | 24.13    | 20.57    | 6   | 30651,30791,30931,30652,30792,30932 | -3.56     | -14.75   |
| 17  | 20         | 10000000 | 5000000   | 476191   | 1024    | 512   | 2    | worker   | 12        | 16  | increase  | asc         | desc       | 1024       | 25.94    | 22.36    | 6   | 25191,25331,25471,25192,25332,25472 | -3.58     | -13.8    |
| 9   | 20         | 10000000 | 625000    | 476191   | 1       | 2     | 16   | worker   | 12        | 16  | increase  | asc         | desc       | 64         | 6.71     | 3.08     | 6   | 12406,12531,12656,12407,12532,12657 | -3.63     | -54.1    |
| 6   | 60         | 10000000 | 625000    | 156250   | 1       | 128   | 16   | worker   | 12        | 16  | increase  | desc        | asc        | 253036     | 2041.28  | 2037.61  | 6   | 7596,7721,7846,7597,7722,7847       | -3.67     | -0.18    |
| 19  | 20         | 10000000 | 5000000   | 476191   | 1024    | 512   | 2    | worker   | 12        | 16  | decrease  | asc         | desc       | 512        | 19.51    | 15.82    | 6   | 28546,28686,28826,28547,28687,28827 | -3.69     | -18.91   |
| 1   | 40         | 10000000 | 625000    | 238096   | 1048576 | 32    | 16   | worker   | 12        | 16  | increase  | asc         | asc        | 32         | 10.3     | 6.5      | 6   | 26,151,276,27,152,277               | -3.8      | -36.89   |
| 17  | 20         | 10000000 | 5000000   | 476191   | 1024    | 512   | 2    | worker   | 12        | 16  | increase  | asc         | desc       | 256        | 18.43    | 14.59    | 6   | 25181,25321,25461,25182,25322,25462 | -3.84     | -20.84   |
| 13  | 60         | 10000000 | 5000000   | 156250   | 4096    | 32    | 2    | io_uring | 12        | 16  | increase  | asc         | desc       | 512        | 16.41    | 12.46    | 6   | 19306,19446,19586,19307,19447,19587 | -3.95     | -24.07   |
| 13  | 60         | 10000000 | 5000000   | 156250   | 4096    | 32    | 2    | worker   | 12        | 16  | increase  | asc         | asc        | 512        | 13.21    | 9.26     | 6   | 18046,18186,18326,18047,18187,18327 | -3.95     | -29.9    |
| 16  | 60         | 10000000 | 5000000   | 156250   | 4096    | 32    | 2    | worker   | 12        | 16  | decrease  | desc        | asc        | 512        | 17.03    | 13.04    | 6   | 23086,23226,23366,23087,23227,23367 | -3.99     | -23.43   |
| 20  | 20         | 10000000 | 5000000   | 476191   | 1024    | 512   | 2    | worker   | 12        | 16  | decrease  | desc        | asc        | 128        | 12.67    | 8.65     | 6   | 29796,29936,30076,29797,29937,30077 | -4.02     | -31.73   |
| 1   | 40         | 10000000 | 625000    | 238096   | 1048576 | 32    | 16   | io_uring | 12        | 16  | increase  | asc         | asc        | 32         | 11.2     | 7.15     | 6   | 776,901,1026,777,902,1027           | -4.05     | -36.16   |
| 17  | 20         | 10000000 | 5000000   | 476191   | 1024    | 512   | 2    | worker   | 12        | 16  | increase  | asc         | asc        | 128        | 13.16    | 9.11     | 6   | 24756,24896,25036,24757,24897,25037 | -4.05     | -30.78   |
| 12  | 20         | 10000000 | 625000    | 476191   | 1       | 2     | 16   | worker   | 12        | 16  | decrease  | desc        | asc        | 64         | 6.83     | 2.76     | 6   | 16531,16656,16781,16532,16657,16782 | -4.07     | -59.59   |
| 18  | 20         | 10000000 | 5000000   | 476191   | 1024    | 512   | 2    | io_uring | 12        | 16  | increase  | desc        | desc       | 512        | 17.85    | 13.65    | 6   | 27706,27846,27986,27707,27847,27987 | -4.2      | -23.53   |
| 12  | 20         | 10000000 | 625000    | 476191   | 1       | 2     | 16   | io_uring | 12        | 16  | decrease  | desc        | desc       | 128036     | 506.1    | 501.88   | 6   | 17711,17836,17961,17712,17837,17962 | -4.22     | -0.83    |
| 16  | 60         | 10000000 | 5000000   | 156250   | 4096    | 32    | 2    | worker   | 12        | 16  | decrease  | desc        | desc       | 256        | 12.02    | 7.78     | 6   | 23501,23641,23781,23502,23642,23782 | -4.24     | -35.27   |
| 5   | 60         | 10000000 | 625000    | 156250   | 1       | 128   | 16   | worker   | 12        | 16  | increase  | asc         | desc       | 1024       | 42.81    | 38.45    | 6   | 6426,6551,6676,6427,6552,6677       | -4.36     | -10.18   |
| 7   | 60         | 10000000 | 625000    | 156250   | 1       | 128   | 16   | worker   | 12        | 16  | decrease  | asc         | desc       | 378036     | 3024.32  | 3019.85  | 6   | 9481,9606,9731,9482,9607,9732       | -4.47     | -0.15    |
| 3   | 40         | 10000000 | 625000    | 238096   | 1048576 | 32    | 16   | io_uring | 12        | 16  | decrease  | asc         | desc       | 32         | 9.53     | 4.96     | 6   | 4151,4276,4401,4152,4277,4402       | -4.57     | -47.95   |
| 2   | 40         | 10000000 | 625000    | 238096   | 1048576 | 32    | 16   | worker   | 12        | 16  | increase  | desc        | desc       | 32         | 11.96    | 7.38     | 6   | 1901,2026,2151,1902,2027,2152       | -4.58     | -38.29   |
| 15  | 60         | 10000000 | 5000000   | 156250   | 4096    | 32    | 2    | worker   | 12        | 16  | decrease  | asc         | desc       | 256        | 14.26    | 9.67     | 6   | 21821,21961,22101,21822,21962,22102 | -4.59     | -32.19   |
| 9   | 20         | 10000000 | 625000    | 476191   | 1       | 2     | 16   | worker   | 12        | 16  | increase  | asc         | asc        | 503036     | 1938.89  | 1934.22  | 6   | 12116,12241,12366,12117,12242,12367 | -4.67     | -0.24    |
| 14  | 60         | 10000000 | 5000000   | 156250   | 4096    | 32    | 2    | worker   | 12        | 16  | increase  | desc        | desc       | 2048       | 21.06    | 16.29    | 6   | 20156,20296,20436,20157,20297,20437 | -4.77     | -22.65   |
| 5   | 60         | 10000000 | 625000    | 156250   | 1       | 128   | 16   | io_uring | 12        | 16  | increase  | asc         | desc       | 16384      | 588.28   | 583.48   | 6   | 7196,7321,7446,7197,7322,7447       | -4.8      | -0.82    |
| 4   | 40         | 10000000 | 625000    | 238096   | 1048576 | 32    | 16   | worker   | 12        | 16  | decrease  | desc        | asc        | 32         | 8.75     | 3.95     | 6   | 4526,4651,4776,4527,4652,4777       | -4.8      | -54.86   |
| 13  | 60         | 10000000 | 5000000   | 156250   | 4096    | 32    | 2    | worker   | 12        | 16  | increase  | asc         | desc       | 128        | 10.98    | 6.15     | 6   | 18456,18596,18736,18457,18597,18737 | -4.83     | -43.99   |
| 19  | 20         | 10000000 | 5000000   | 476191   | 1024    | 512   | 2    | io_uring | 12        | 16  | decrease  | asc         | asc        | 1024       | 23.98    | 19.07    | 6   | 28971,29111,29251,28972,29112,29252 | -4.91     | -20.48   |
| 11  | 20         | 10000000 | 625000    | 476191   | 1       | 2     | 16   | worker   | 12        | 16  | decrease  | asc         | desc       | 8192       | 105.72   | 100.76   | 6   | 15441,15566,15691,15442,15567,15692 | -4.96     | -4.69    |
| 2   | 40         | 10000000 | 625000    | 238096   | 1048576 | 32    | 16   | io_uring | 12        | 16  | increase  | desc        | desc       | 32         | 12.21    | 7.17     | 6   | 2651,2776,2901,2652,2777,2902       | -5.04     | -41.28   |
| 19  | 20         | 10000000 | 5000000   | 476191   | 1024    | 512   | 2    | worker   | 12        | 16  | decrease  | asc         | asc        | 4096       | 52.96    | 47.89    | 6   | 28141,28281,28421,28142,28282,28422 | -5.07     | -9.57    |
| 19  | 20         | 10000000 | 5000000   | 476191   | 1024    | 512   | 2    | worker   | 12        | 16  | decrease  | asc         | asc        | 1024       | 24.2     | 19.12    | 6   | 28131,28271,28411,28132,28272,28412 | -5.08     | -20.99   |
| 2   | 40         | 10000000 | 625000    | 238096   | 1048576 | 32    | 16   | worker   | 12        | 16  | increase  | desc        | asc        | 32         | 8.69     | 3.52     | 6   | 1526,1651,1776,1527,1652,1777       | -5.17     | -59.49   |
| 3   | 40         | 10000000 | 625000    | 238096   | 1048576 | 32    | 16   | worker   | 12        | 16  | decrease  | asc         | asc        | 32         | 10.83    | 5.61     | 6   | 3026,3151,3276,3027,3152,3277       | -5.22     | -48.2    |
| 16  | 60         | 10000000 | 5000000   | 156250   | 4096    | 32    | 2    | io_uring | 12        | 16  | decrease  | desc        | asc        | 4096       | 32.51    | 27.15    | 6   | 23941,24081,24221,23942,24082,24222 | -5.36     | -16.49   |
| 13  | 60         | 10000000 | 5000000   | 156250   | 4096    | 32    | 2    | worker   | 12        | 16  | increase  | asc         | desc       | 8192       | 48.38    | 43.01    | 6   | 18486,18626,18766,18487,18627,18767 | -5.37     | -11.1    |
| 15  | 60         | 10000000 | 5000000   | 156250   | 4096    | 32    | 2    | io_uring | 12        | 16  | decrease  | asc         | desc       | 2048       | 18.91    | 13.46    | 6   | 22676,22816,22956,22677,22817,22957 | -5.45     | -28.82   |
| 19  | 20         | 10000000 | 5000000   | 476191   | 1024    | 512   | 2    | worker   | 12        | 16  | decrease  | asc         | asc        | 512        | 16.93    | 11.42    | 6   | 28126,28266,28406,28127,28267,28407 | -5.51     | -32.55   |
| 3   | 40         | 10000000 | 625000    | 238096   | 1048576 | 32    | 16   | io_uring | 12        | 16  | decrease  | asc         | asc        | 32         | 11.98    | 6.42     | 6   | 3776,3901,4026,3777,3902,4027       | -5.56     | -46.41   |
| 18  | 20         | 10000000 | 5000000   | 476191   | 1024    | 512   | 2    | io_uring | 12        | 16  | increase  | desc        | desc       | 2048       | 32.47    | 26.9     | 6   | 27716,27856,27996,27717,27857,27997 | -5.57     | -17.15   |
| 6   | 60         | 10000000 | 625000    | 156250   | 1       | 128   | 16   | io_uring | 12        | 16  | increase  | desc        | desc       | 16384      | 511.92   | 506.16   | 6   | 8696,8821,8946,8697,8822,8947       | -5.76     | -1.13    |
| 20  | 20         | 10000000 | 5000000   | 476191   | 1024    | 512   | 2    | io_uring | 12        | 16  | decrease  | desc        | desc       | 256        | 16.04    | 10.2     | 6   | 31061,31201,31341,31062,31202,31342 | -5.84     | -36.41   |
| 14  | 60         | 10000000 | 5000000   | 156250   | 4096    | 32    | 2    | worker   | 12        | 16  | increase  | desc        | desc       | 4096       | 25.55    | 19.68    | 6   | 20161,20301,20441,20162,20302,20442 | -5.87     | -22.97   |
| 17  | 20         | 10000000 | 5000000   | 476191   | 1024    | 512   | 2    | io_uring | 12        | 16  | increase  | asc         | desc       | 2048       | 37.01    | 31.05    | 6   | 26036,26176,26316,26037,26177,26317 | -5.96     | -16.1    |
| 13  | 60         | 10000000 | 5000000   | 156250   | 4096    | 32    | 2    | worker   | 12        | 16  | increase  | asc         | desc       | 2048       | 23.36    | 17.32    | 6   | 18476,18616,18756,18477,18617,18757 | -6.04     | -25.86   |
| 11  | 20         | 10000000 | 625000    | 476191   | 1       | 2     | 16   | io_uring | 12        | 16  | decrease  | asc         | asc        | 128        | 13.43    | 7.39     | 6   | 15786,15911,16036,15787,15912,16037 | -6.04     | -44.97   |
| 18  | 20         | 10000000 | 5000000   | 476191   | 1024    | 512   | 2    | worker   | 12        | 16  | increase  | desc        | desc       | 512        | 18.49    | 12.43    | 6   | 26866,27006,27146,26867,27007,27147 | -6.06     | -32.77   |
| 16  | 60         | 10000000 | 5000000   | 156250   | 4096    | 32    | 2    | io_uring | 12        | 16  | decrease  | desc        | asc        | 128        | 11.09    | 4.88     | 6   | 23916,24056,24196,23917,24057,24197 | -6.21     | -56.0    |
| 16  | 60         | 10000000 | 5000000   | 156250   | 4096    | 32    | 2    | worker   | 12        | 16  | decrease  | desc        | asc        | 256        | 14.62    | 8.37     | 6   | 23081,23221,23361,23082,23222,23362 | -6.25     | -42.75   |
| 4   | 40         | 10000000 | 625000    | 238096   | 1048576 | 32    | 16   | io_uring | 12        | 16  | decrease  | desc        | desc       | 32         | 12.29    | 5.94     | 6   | 5651,5776,5901,5652,5777,5902       | -6.35     | -51.67   |
| 4   | 40         | 10000000 | 625000    | 238096   | 1048576 | 32    | 16   | worker   | 12        | 16  | decrease  | desc        | desc       | 32         | 12.06    | 5.63     | 6   | 4901,5026,5151,4902,5027,5152       | -6.43     | -53.32   |
| 10  | 20         | 10000000 | 625000    | 476191   | 1       | 2     | 16   | worker   | 12        | 16  | increase  | desc        | desc       | 128        | 13.24    | 6.4      | 6   | 13911,14036,14161,13912,14037,14162 | -6.84     | -51.66   |
| 10  | 20         | 10000000 | 625000    | 476191   | 1       | 2     | 16   | io_uring | 12        | 16  | increase  | desc        | desc       | 128        | 13.53    | 6.68     | 6   | 14661,14786,14911,14662,14787,14912 | -6.85     | -50.63   |
| 13  | 60         | 10000000 | 5000000   | 156250   | 4096    | 32    | 2    | io_uring | 12        | 16  | increase  | asc         | desc       | 1024       | 20.07    | 13.07    | 6   | 19311,19451,19591,19312,19452,19592 | -7.0      | -34.88   |
| 11  | 20         | 10000000 | 625000    | 476191   | 1       | 2     | 16   | worker   | 12        | 16  | decrease  | asc         | asc        | 128        | 13.48    | 6.35     | 6   | 15036,15161,15286,15037,15162,15287 | -7.13     | -52.89   |
| 5   | 60         | 10000000 | 625000    | 156250   | 1       | 128   | 16   | worker   | 12        | 16  | increase  | asc         | desc       | 32768      | 1167.4   | 1160.18  | 6   | 6451,6576,6701,6452,6577,6702       | -7.22     | -0.62    |
| 12  | 20         | 10000000 | 625000    | 476191   | 1       | 2     | 16   | io_uring | 12        | 16  | decrease  | desc        | desc       | 65536      | 261.1    | 253.78   | 6   | 17706,17831,17956,17707,17832,17957 | -7.32     | -2.8     |
| 17  | 20         | 10000000 | 5000000   | 476191   | 1024    | 512   | 2    | io_uring | 12        | 16  | increase  | asc         | desc       | 1024       | 25.51    | 18.15    | 6   | 26031,26171,26311,26032,26172,26312 | -7.36     | -28.85   |
| 6   | 60         | 10000000 | 625000    | 156250   | 1       | 128   | 16   | worker   | 12        | 16  | increase  | desc        | desc       | 190536     | 5778.24  | 5770.68  | 6   | 7966,8091,8216,7967,8092,8217       | -7.56     | -0.13    |
| 20  | 20         | 10000000 | 5000000   | 476191   | 1024    | 512   | 2    | worker   | 12        | 16  | decrease  | desc        | asc        | 262144     | 2841.02  | 2833.36  | 6   | 29851,29991,30131,29852,29992,30132 | -7.66     | -0.27    |
| 17  | 20         | 10000000 | 5000000   | 476191   | 1024    | 512   | 2    | worker   | 12        | 16  | increase  | asc         | desc       | 2048       | 36.88    | 29.07    | 6   | 25196,25336,25476,25197,25337,25477 | -7.81     | -21.18   |
| 7   | 60         | 10000000 | 625000    | 156250   | 1       | 128   | 16   | io_uring | 12        | 16  | decrease  | asc         | asc        | 32768      | 1018.95  | 1011.13  | 6   | 9826,9951,10076,9827,9952,10077     | -7.82     | -0.77    |
| 17  | 20         | 10000000 | 5000000   | 476191   | 1024    | 512   | 2    | worker   | 12        | 16  | increase  | asc         | desc       | 4096       | 57.7     | 49.48    | 6   | 25201,25341,25481,25202,25342,25482 | -8.22     | -14.25   |
| 12  | 20         | 10000000 | 625000    | 476191   | 1       | 2     | 16   | worker   | 12        | 16  | decrease  | desc        | asc        | 128        | 12.69    | 4.44     | 6   | 16536,16661,16786,16537,16662,16787 | -8.25     | -65.01   |
| 9   | 20         | 10000000 | 625000    | 476191   | 1       | 2     | 16   | worker   | 12        | 16  | increase  | asc         | desc       | 128        | 13.03    | 4.68     | 6   | 12411,12536,12661,12412,12537,12662 | -8.35     | -64.08   |
| 18  | 20         | 10000000 | 5000000   | 476191   | 1024    | 512   | 2    | worker   | 12        | 16  | increase  | desc        | desc       | 4096       | 53.9     | 45.52    | 6   | 26881,27021,27161,26882,27022,27162 | -8.38     | -15.55   |
| 6   | 60         | 10000000 | 625000    | 156250   | 1       | 128   | 16   | io_uring | 12        | 16  | increase  | desc        | asc        | 32768      | 281.05   | 272.54   | 6   | 8326,8451,8576,8327,8452,8577       | -8.51     | -3.03    |
| 15  | 60         | 10000000 | 5000000   | 156250   | 4096    | 32    | 2    | worker   | 12        | 16  | decrease  | asc         | asc        | 4096       | 29.21    | 20.57    | 6   | 21421,21561,21701,21422,21562,21702 | -8.64     | -29.58   |
| 20  | 20         | 10000000 | 5000000   | 476191   | 1024    | 512   | 2    | worker   | 12        | 16  | decrease  | desc        | asc        | 4096       | 58.04    | 49.36    | 6   | 29821,29961,30101,29822,29962,30102 | -8.68     | -14.96   |
| 9   | 20         | 10000000 | 625000    | 476191   | 1       | 2     | 16   | io_uring | 12        | 16  | increase  | asc         | asc        | 378036     | 1460.83  | 1452.1   | 6   | 12856,12981,13106,12857,12982,13107 | -8.73     | -0.6     |
| 12  | 20         | 10000000 | 625000    | 476191   | 1       | 2     | 16   | io_uring | 12        | 16  | decrease  | desc        | asc        | 128        | 13.17    | 4.37     | 6   | 17286,17411,17536,17287,17412,17537 | -8.8      | -66.82   |
| 5   | 60         | 10000000 | 625000    | 156250   | 1       | 128   | 16   | io_uring | 12        | 16  | increase  | asc         | asc        | 315536     | 524.81   | 515.96   | 6   | 6851,6976,7101,6852,6977,7102       | -8.85     | -1.69    |
| 9   | 20         | 10000000 | 625000    | 476191   | 1       | 2     | 16   | io_uring | 12        | 16  | increase  | asc         | desc       | 128        | 13.05    | 4.05     | 6   | 13161,13286,13411,13162,13287,13412 | -9.0      | -68.97   |
| 16  | 60         | 10000000 | 5000000   | 156250   | 4096    | 32    | 2    | io_uring | 12        | 16  | decrease  | desc        | asc        | 2048       | 23.1     | 14.04    | 6   | 23936,24076,24216,23937,24077,24217 | -9.06     | -39.22   |
| 4   | 40         | 10000000 | 625000    | 238096   | 1048576 | 32    | 16   | worker   | 12        | 16  | decrease  | desc        | asc        | 64         | 15.8     | 6.56     | 6   | 4531,4656,4781,4532,4657,4782       | -9.24     | -58.48   |
| 14  | 60         | 10000000 | 5000000   | 156250   | 4096    | 32    | 2    | io_uring | 12        | 16  | increase  | desc        | desc       | 4096       | 26.57    | 17.18    | 6   | 21001,21141,21281,21002,21142,21282 | -9.39     | -35.34   |
| 3   | 40         | 10000000 | 625000    | 238096   | 1048576 | 32    | 16   | io_uring | 12        | 16  | decrease  | asc         | desc       | 64         | 16.98    | 7.58     | 6   | 4156,4281,4406,4157,4282,4407       | -9.4      | -55.36   |
| 9   | 20         | 10000000 | 625000    | 476191   | 1       | 2     | 16   | worker   | 12        | 16  | increase  | asc         | asc        | 440536     | 1690.02  | 1680.49  | 6   | 12111,12236,12361,12112,12237,12362 | -9.53     | -0.56    |
| 17  | 20         | 10000000 | 5000000   | 476191   | 1024    | 512   | 2    | io_uring | 12        | 16  | increase  | asc         | desc       | 4096       | 57.51    | 47.77    | 6   | 26041,26181,26321,26042,26182,26322 | -9.74     | -16.94   |
| 8   | 60         | 10000000 | 625000    | 156250   | 1       | 128   | 16   | io_uring | 12        | 16  | decrease  | desc        | asc        | 190536     | 6745.99  | 6736.2   | 6   | 11341,11466,11591,11342,11467,11592 | -9.79     | -0.15    |
| 1   | 40         | 10000000 | 625000    | 238096   | 1048576 | 32    | 16   | worker   | 12        | 16  | increase  | asc         | desc       | 64         | 15.21    | 5.34     | 6   | 406,531,656,407,532,657             | -9.87     | -64.89   |
| 1   | 40         | 10000000 | 625000    | 238096   | 1048576 | 32    | 16   | io_uring | 12        | 16  | increase  | asc         | desc       | 64         | 15.33    | 5.35     | 6   | 1156,1281,1406,1157,1282,1407       | -9.98     | -65.1    |
| 15  | 60         | 10000000 | 5000000   | 156250   | 4096    | 32    | 2    | io_uring | 12        | 16  | decrease  | asc         | asc        | 4096       | 26.85    | 16.75    | 6   | 22261,22401,22541,22262,22402,22542 | -10.1     | -37.62   |
| 2   | 40         | 10000000 | 625000    | 238096   | 1048576 | 32    | 16   | worker   | 12        | 16  | increase  | desc        | asc        | 64         | 16.09    | 5.91     | 6   | 1531,1656,1781,1532,1657,1782       | -10.18    | -63.27   |
| 2   | 40         | 10000000 | 625000    | 238096   | 1048576 | 32    | 16   | io_uring | 12        | 16  | increase  | desc        | asc        | 64         | 17.52    | 7.0      | 6   | 2281,2406,2531,2282,2407,2532       | -10.52    | -60.05   |
| 5   | 60         | 10000000 | 625000    | 156250   | 1       | 128   | 16   | io_uring | 12        | 16  | increase  | asc         | desc       | 190536     | 6754.43  | 6743.41  | 6   | 7216,7341,7466,7217,7342,7467       | -11.02    | -0.16    |
| 13  | 60         | 10000000 | 5000000   | 156250   | 4096    | 32    | 2    | io_uring | 12        | 16  | increase  | asc         | desc       | 16384      | 82.17    | 70.87    | 6   | 19331,19471,19611,19332,19472,19612 | -11.3     | -13.75   |
| 3   | 40         | 10000000 | 625000    | 238096   | 1048576 | 32    | 16   | worker   | 12        | 16  | decrease  | asc         | desc       | 64         | 16.92    | 5.62     | 6   | 3406,3531,3656,3407,3532,3657       | -11.3     | -66.78   |
| 5   | 60         | 10000000 | 625000    | 156250   | 1       | 128   | 16   | worker   | 12        | 16  | increase  | asc         | asc        | 253036     | 429.3    | 417.67   | 6   | 6096,6221,6346,6097,6222,6347       | -11.63    | -2.71    |
| 3   | 40         | 10000000 | 625000    | 238096   | 1048576 | 32    | 16   | io_uring | 12        | 16  | decrease  | asc         | asc        | 64         | 21.43    | 9.67     | 6   | 3781,3906,4031,3782,3907,4032       | -11.76    | -54.88   |
| 4   | 40         | 10000000 | 625000    | 238096   | 1048576 | 32    | 16   | io_uring | 12        | 16  | decrease  | desc        | asc        | 64         | 17.19    | 5.41     | 6   | 5281,5406,5531,5282,5407,5532       | -11.78    | -68.53   |
| 12  | 20         | 10000000 | 625000    | 476191   | 1       | 2     | 16   | worker   | 12        | 16  | decrease  | desc        | desc       | 503036     | 2008.12  | 1996.31  | 6   | 16991,17116,17241,16992,17117,17242 | -11.81    | -0.59    |
| 9   | 20         | 10000000 | 625000    | 476191   | 1       | 2     | 16   | worker   | 12        | 16  | increase  | asc         | asc        | 190536     | 744.78   | 732.96   | 6   | 12091,12216,12341,12092,12217,12342 | -11.82    | -1.59    |
| 4   | 40         | 10000000 | 625000    | 238096   | 1048576 | 32    | 16   | io_uring | 12        | 16  | decrease  | desc        | desc       | 64         | 22.16    | 10.29    | 6   | 5656,5781,5906,5657,5782,5907       | -11.87    | -53.56   |
| 20  | 20         | 10000000 | 5000000   | 476191   | 1024    | 512   | 2    | worker   | 12        | 16  | decrease  | desc        | asc        | 2048       | 36.91    | 24.82    | 6   | 29816,29956,30096,29817,29957,30097 | -12.09    | -32.76   |
| 9   | 20         | 10000000 | 625000    | 476191   | 1       | 2     | 16   | worker   | 12        | 16  | increase  | asc         | asc        | 315536     | 1244.78  | 1232.56  | 6   | 12101,12226,12351,12102,12227,12352 | -12.22    | -0.98    |
| 14  | 60         | 10000000 | 5000000   | 156250   | 4096    | 32    | 2    | worker   | 12        | 16  | increase  | desc        | desc       | 8192       | 41.72    | 29.3     | 6   | 20166,20306,20446,20167,20307,20447 | -12.42    | -29.77   |
| 9   | 20         | 10000000 | 625000    | 476191   | 1       | 2     | 16   | worker   | 12        | 16  | increase  | asc         | asc        | 128036     | 504.83   | 492.38   | 6   | 12086,12211,12336,12087,12212,12337 | -12.45    | -2.47    |
| 4   | 40         | 10000000 | 625000    | 238096   | 1048576 | 32    | 16   | worker   | 12        | 16  | decrease  | desc        | desc       | 64         | 21.07    | 8.57     | 6   | 4906,5031,5156,4907,5032,5157       | -12.5     | -59.33   |
| 3   | 40         | 10000000 | 625000    | 238096   | 1048576 | 32    | 16   | worker   | 12        | 16  | decrease  | asc         | asc        | 64         | 20.87    | 8.19     | 6   | 3031,3156,3281,3032,3157,3282       | -12.68    | -60.76   |
| 8   | 60         | 10000000 | 625000    | 156250   | 1       | 128   | 16   | io_uring | 12        | 16  | decrease  | desc        | desc       | 378036     | 628.14   | 615.25   | 6   | 11731,11856,11981,11732,11857,11982 | -12.89    | -2.05    |
| 11  | 20         | 10000000 | 625000    | 476191   | 1       | 2     | 16   | worker   | 12        | 16  | decrease  | asc         | desc       | 32768      | 384.04   | 371.09   | 6   | 15451,15576,15701,15452,15577,15702 | -12.95    | -3.37    |
| 15  | 60         | 10000000 | 5000000   | 156250   | 4096    | 32    | 2    | worker   | 12        | 16  | decrease  | asc         | asc        | 16384      | 70.96    | 57.74    | 6   | 21431,21571,21711,21432,21572,21712 | -13.22    | -18.63   |
| 1   | 40         | 10000000 | 625000    | 238096   | 1048576 | 32    | 16   | worker   | 12        | 16  | increase  | asc         | asc        | 64         | 19.53    | 6.08     | 6   | 31,156,281,32,157,282               | -13.45    | -68.87   |
| 2   | 40         | 10000000 | 625000    | 238096   | 1048576 | 32    | 16   | io_uring | 12        | 16  | increase  | desc        | desc       | 64         | 22.2     | 8.23     | 6   | 2656,2781,2906,2657,2782,2907       | -13.97    | -62.93   |
| 6   | 60         | 10000000 | 625000    | 156250   | 1       | 128   | 16   | io_uring | 12        | 16  | increase  | desc        | desc       | 190536     | 5823.01  | 5808.89  | 6   | 8716,8841,8966,8717,8842,8967       | -14.12    | -0.24    |
| 17  | 20         | 10000000 | 5000000   | 476191   | 1024    | 512   | 2    | io_uring | 12        | 16  | increase  | asc         | asc        | 4524288    | 2457.05  | 2442.1   | 6   | 25696,25836,25976,25697,25837,25977 | -14.95    | -0.61    |
| 15  | 60         | 10000000 | 5000000   | 156250   | 4096    | 32    | 2    | io_uring | 12        | 16  | decrease  | asc         | asc        | 8192       | 42.54    | 27.48    | 6   | 22266,22406,22546,22267,22407,22547 | -15.06    | -35.4    |
| 1   | 40         | 10000000 | 625000    | 238096   | 1048576 | 32    | 16   | io_uring | 12        | 16  | increase  | asc         | asc        | 64         | 21.54    | 6.38     | 6   | 781,906,1031,782,907,1032           | -15.16    | -70.38   |
| 2   | 40         | 10000000 | 625000    | 238096   | 1048576 | 32    | 16   | worker   | 12        | 16  | increase  | desc        | desc       | 64         | 22.92    | 7.74     | 6   | 1906,2031,2156,1907,2032,2157       | -15.18    | -66.23   |
| 12  | 20         | 10000000 | 625000    | 476191   | 1       | 2     | 16   | io_uring | 12        | 16  | decrease  | desc        | desc       | 440536     | 1713.13  | 1697.62  | 6   | 17736,17861,17986,17737,17862,17987 | -15.51    | -0.91    |
| 19  | 20         | 10000000 | 5000000   | 476191   | 1024    | 512   | 2    | io_uring | 12        | 16  | decrease  | asc         | desc       | 2024288    | 3162.65  | 3147.14  | 6   | 29451,29591,29731,29452,29592,29732 | -15.51    | -0.49    |
| 11  | 20         | 10000000 | 625000    | 476191   | 1       | 2     | 16   | io_uring | 12        | 16  | decrease  | asc         | asc        | 256        | 25.08    | 9.52     | 6   | 15791,15916,16041,15792,15917,16042 | -15.56    | -62.04   |
| 11  | 20         | 10000000 | 625000    | 476191   | 1       | 2     | 16   | worker   | 12        | 16  | decrease  | asc         | asc        | 256        | 24.92    | 9.31     | 6   | 15041,15166,15291,15042,15167,15292 | -15.61    | -62.64   |
| 10  | 20         | 10000000 | 625000    | 476191   | 1       | 2     | 16   | io_uring | 12        | 16  | increase  | desc        | desc       | 256        | 25.22    | 9.6      | 6   | 14666,14791,14916,14667,14792,14917 | -15.62    | -61.93   |
| 10  | 20         | 10000000 | 625000    | 476191   | 1       | 2     | 16   | worker   | 12        | 16  | increase  | desc        | desc       | 256        | 24.81    | 8.96     | 6   | 13916,14041,14166,13917,14042,14167 | -15.85    | -63.89   |
| 10  | 20         | 10000000 | 625000    | 476191   | 1       | 2     | 16   | worker   | 12        | 16  | increase  | desc        | asc        | 32768      | 387.47   | 371.34   | 6   | 13576,13701,13826,13577,13702,13827 | -16.13    | -4.16    |
| 6   | 60         | 10000000 | 625000    | 156250   | 1       | 128   | 16   | worker   | 12        | 16  | increase  | desc        | desc       | 253036     | 7678.15  | 7661.92  | 6   | 7971,8096,8221,7972,8097,8222       | -16.23    | -0.21    |
| 9   | 20         | 10000000 | 625000    | 476191   | 1       | 2     | 16   | io_uring | 12        | 16  | increase  | asc         | asc        | 190536     | 744.66   | 728.33   | 6   | 12841,12966,13091,12842,12967,13092 | -16.33    | -2.19    |
| 7   | 60         | 10000000 | 625000    | 156250   | 1       | 128   | 16   | io_uring | 12        | 16  | decrease  | asc         | asc        | 128036     | 3937.23  | 3920.58  | 6   | 9836,9961,10086,9837,9962,10087     | -16.65    | -0.42    |
| 16  | 60         | 10000000 | 5000000   | 156250   | 4096    | 32    | 2    | worker   | 12        | 16  | decrease  | desc        | asc        | 4096       | 32.19    | 15.23    | 6   | 23101,23241,23381,23102,23242,23382 | -16.96    | -52.69   |
| 12  | 20         | 10000000 | 625000    | 476191   | 1       | 2     | 16   | io_uring | 12        | 16  | decrease  | desc        | desc       | 253036     | 1013.93  | 996.89   | 6   | 17721,17846,17971,17722,17847,17972 | -17.04    | -1.68    |
| 12  | 20         | 10000000 | 625000    | 476191   | 1       | 2     | 16   | worker   | 12        | 16  | decrease  | desc        | desc       | 315536     | 1233.94  | 1216.32  | 6   | 16976,17101,17226,16977,17102,17227 | -17.62    | -1.43    |
| 7   | 60         | 10000000 | 625000    | 156250   | 1       | 128   | 16   | io_uring | 12        | 16  | decrease  | asc         | asc        | 190536     | 5843.97  | 5826.27  | 6   | 9841,9966,10091,9842,9967,10092     | -17.7     | -0.3     |
| 20  | 20         | 10000000 | 5000000   | 476191   | 1024    | 512   | 2    | worker   | 12        | 16  | decrease  | desc        | asc        | 8192       | 100.47   | 82.45    | 6   | 29826,29966,30106,29827,29967,30107 | -18.02    | -17.94   |
| 13  | 60         | 10000000 | 5000000   | 156250   | 4096    | 32    | 2    | io_uring | 12        | 16  | increase  | asc         | desc       | 4096       | 34.31    | 15.81    | 6   | 19321,19461,19601,19322,19462,19602 | -18.5     | -53.92   |
| 9   | 20         | 10000000 | 625000    | 476191   | 1       | 2     | 16   | io_uring | 12        | 16  | increase  | asc         | desc       | 256        | 25.3     | 6.73     | 6   | 13166,13291,13416,13167,13292,13417 | -18.57    | -73.4    |
| 12  | 20         | 10000000 | 625000    | 476191   | 1       | 2     | 16   | io_uring | 12        | 16  | decrease  | desc        | asc        | 256        | 25.32    | 6.64     | 6   | 17291,17416,17541,17292,17417,17542 | -18.68    | -73.78   |
| 16  | 60         | 10000000 | 5000000   | 156250   | 4096    | 32    | 2    | io_uring | 12        | 16  | decrease  | desc        | asc        | 8192       | 51.49    | 32.65    | 6   | 23946,24086,24226,23947,24087,24227 | -18.84    | -36.59   |
| 6   | 60         | 10000000 | 625000    | 156250   | 1       | 128   | 16   | io_uring | 12        | 16  | increase  | desc        | desc       | 440536     | 13381.43 | 13362.52 | 6   | 8736,8861,8986,8737,8862,8987       | -18.91    | -0.14    |
| 12  | 20         | 10000000 | 625000    | 476191   | 1       | 2     | 16   | worker   | 12        | 16  | decrease  | desc        | asc        | 256        | 25.6     | 6.34     | 6   | 16541,16666,16791,16542,16667,16792 | -19.26    | -75.23   |
| 9   | 20         | 10000000 | 625000    | 476191   | 1       | 2     | 16   | worker   | 12        | 16  | increase  | asc         | desc       | 256        | 25.65    | 6.11     | 6   | 12416,12541,12666,12417,12542,12667 | -19.54    | -76.18   |
| 9   | 20         | 10000000 | 625000    | 476191   | 1       | 2     | 16   | io_uring | 12        | 16  | increase  | asc         | asc        | 565536     | 2182.23  | 2162.59  | 6   | 12871,12996,13121,12872,12997,13122 | -19.64    | -0.9     |
| 9   | 20         | 10000000 | 625000    | 476191   | 1       | 2     | 16   | worker   | 12        | 16  | increase  | asc         | asc        | 378036     | 1475.08  | 1455.03  | 6   | 12106,12231,12356,12107,12232,12357 | -20.05    | -1.36    |
| 9   | 20         | 10000000 | 625000    | 476191   | 1       | 2     | 16   | io_uring | 12        | 16  | increase  | asc         | asc        | 253036     | 1005.8   | 985.71   | 6   | 12846,12971,13096,12847,12972,13097 | -20.09    | -2.0     |
| 18  | 20         | 10000000 | 5000000   | 476191   | 1024    | 512   | 2    | io_uring | 12        | 16  | increase  | desc        | desc       | 8192       | 95.62    | 74.56    | 6   | 27726,27866,28006,27727,27867,28007 | -21.06    | -22.02   |
| 12  | 20         | 10000000 | 625000    | 476191   | 1       | 2     | 16   | worker   | 12        | 16  | decrease  | desc        | desc       | 190536     | 741.24   | 720.17   | 6   | 16966,17091,17216,16967,17092,17217 | -21.07    | -2.84    |
| 16  | 60         | 10000000 | 5000000   | 156250   | 4096    | 32    | 2    | worker   | 12        | 16  | decrease  | desc        | asc        | 8192       | 51.81    | 30.68    | 6   | 23106,23246,23386,23107,23247,23387 | -21.13    | -40.78   |
| 7   | 60         | 10000000 | 625000    | 156250   | 1       | 128   | 16   | io_uring | 12        | 16  | decrease  | asc         | desc       | 440536     | 3567.57  | 3546.35  | 6   | 10236,10361,10486,10237,10362,10487 | -21.22    | -0.59    |
| 1   | 40         | 10000000 | 625000    | 238096   | 1048576 | 32    | 16   | io_uring | 12        | 16  | increase  | asc         | desc       | 128        | 30.49    | 8.87     | 6   | 1161,1286,1411,1162,1287,1412       | -21.62    | -70.91   |
| 18  | 20         | 10000000 | 5000000   | 476191   | 1024    | 512   | 2    | io_uring | 12        | 16  | increase  | desc        | desc       | 4096       | 54.69    | 32.9     | 6   | 27721,27861,28001,27722,27862,28002 | -21.79    | -39.84   |
| 15  | 60         | 10000000 | 5000000   | 156250   | 4096    | 32    | 2    | worker   | 12        | 16  | decrease  | asc         | asc        | 8192       | 42.21    | 20.4     | 6   | 21426,21566,21706,21427,21567,21707 | -21.81    | -51.67   |
| 3   | 40         | 10000000 | 625000    | 238096   | 1048576 | 32    | 16   | io_uring | 12        | 16  | decrease  | asc         | desc       | 128        | 31.37    | 9.54     | 6   | 4161,4286,4411,4162,4287,4412       | -21.83    | -69.59   |
| 2   | 40         | 10000000 | 625000    | 238096   | 1048576 | 32    | 16   | io_uring | 12        | 16  | increase  | desc        | asc        | 128        | 30.78    | 8.68     | 6   | 2286,2411,2536,2287,2412,2537       | -22.1     | -71.8    |
| 14  | 60         | 10000000 | 5000000   | 156250   | 4096    | 32    | 2    | io_uring | 12        | 16  | increase  | desc        | desc       | 8192       | 42.41    | 20.23    | 6   | 21006,21146,21286,21007,21147,21287 | -22.18    | -52.3    |
| 3   | 40         | 10000000 | 625000    | 238096   | 1048576 | 32    | 16   | worker   | 12        | 16  | decrease  | asc         | desc       | 128        | 31.23    | 8.92     | 6   | 3411,3536,3661,3412,3537,3662       | -22.31    | -71.44   |
| 2   | 40         | 10000000 | 625000    | 238096   | 1048576 | 32    | 16   | worker   | 12        | 16  | increase  | desc        | asc        | 128        | 30.49    | 8.13     | 6   | 1536,1661,1786,1537,1662,1787       | -22.36    | -73.34   |
| 1   | 40         | 10000000 | 625000    | 238096   | 1048576 | 32    | 16   | worker   | 12        | 16  | increase  | asc         | desc       | 128        | 29.46    | 6.98     | 6   | 411,536,661,412,537,662             | -22.48    | -76.31   |
| 4   | 40         | 10000000 | 625000    | 238096   | 1048576 | 32    | 16   | io_uring | 12        | 16  | decrease  | desc        | asc        | 128        | 32.01    | 9.09     | 6   | 5286,5411,5536,5287,5412,5537       | -22.92    | -71.6    |
| 9   | 20         | 10000000 | 625000    | 476191   | 1       | 2     | 16   | io_uring | 12        | 16  | increase  | asc         | asc        | 503036     | 1939.77  | 1916.44  | 6   | 12866,12991,13116,12867,12992,13117 | -23.33    | -1.2     |
| 4   | 40         | 10000000 | 625000    | 238096   | 1048576 | 32    | 16   | worker   | 12        | 16  | decrease  | desc        | asc        | 128        | 30.86    | 7.52     | 6   | 4536,4661,4786,4537,4662,4787       | -23.34    | -75.63   |
| 8   | 60         | 10000000 | 625000    | 156250   | 1       | 128   | 16   | io_uring | 12        | 16  | decrease  | desc        | asc        | 378036     | 13381.42 | 13355.75 | 6   | 11356,11481,11606,11357,11482,11607 | -25.67    | -0.19    |
| 6   | 60         | 10000000 | 625000    | 156250   | 1       | 128   | 16   | worker   | 12        | 16  | increase  | desc        | asc        | 503036     | 4037.38  | 4010.58  | 6   | 7616,7741,7866,7617,7742,7867       | -26.8     | -0.66    |
| 13  | 60         | 10000000 | 5000000   | 156250   | 4096    | 32    | 2    | io_uring | 12        | 16  | increase  | asc         | desc       | 8192       | 50.46    | 23.54    | 6   | 19326,19466,19606,19327,19467,19607 | -26.92    | -53.35   |
| 20  | 20         | 10000000 | 5000000   | 476191   | 1024    | 512   | 2    | io_uring | 12        | 16  | decrease  | desc        | asc        | 4096       | 60.41    | 32.63    | 6   | 30661,30801,30941,30662,30802,30942 | -27.78    | -45.99   |
| 5   | 60         | 10000000 | 625000    | 156250   | 1       | 128   | 16   | io_uring | 12        | 16  | increase  | asc         | desc       | 565536     | 19941.63 | 19913.77 | 6   | 7246,7371,7496,7247,7372,7497       | -27.86    | -0.14    |
| 15  | 60         | 10000000 | 5000000   | 156250   | 4096    | 32    | 2    | io_uring | 12        | 16  | decrease  | asc         | asc        | 16384      | 73.09    | 44.58    | 6   | 22271,22411,22551,22272,22412,22552 | -28.51    | -39.01   |
| 8   | 60         | 10000000 | 625000    | 156250   | 1       | 128   | 16   | io_uring | 12        | 16  | decrease  | desc        | asc        | 253036     | 8982.2   | 8952.95  | 6   | 11346,11471,11596,11347,11472,11597 | -29.25    | -0.33    |
| 1   | 40         | 10000000 | 625000    | 238096   | 1048576 | 32    | 16   | worker   | 12        | 16  | increase  | asc         | asc        | 128        | 39.38    | 9.82     | 6   | 36,161,286,37,162,287               | -29.56    | -75.06   |
| 3   | 40         | 10000000 | 625000    | 238096   | 1048576 | 32    | 16   | worker   | 12        | 16  | decrease  | asc         | asc        | 128        | 40.39    | 9.34     | 6   | 3036,3161,3286,3037,3162,3287       | -31.05    | -76.88   |
| 7   | 60         | 10000000 | 625000    | 156250   | 1       | 128   | 16   | worker   | 12        | 16  | decrease  | asc         | asc        | 253036     | 7685.67  | 7653.9   | 6   | 9096,9221,9346,9097,9222,9347       | -31.77    | -0.41    |
| 3   | 40         | 10000000 | 625000    | 238096   | 1048576 | 32    | 16   | io_uring | 12        | 16  | decrease  | asc         | asc        | 128        | 41.59    | 9.64     | 6   | 3786,3911,4036,3787,3912,4037       | -31.95    | -76.82   |
| 4   | 40         | 10000000 | 625000    | 238096   | 1048576 | 32    | 16   | io_uring | 12        | 16  | decrease  | desc        | desc       | 128        | 43.04    | 10.45    | 6   | 5661,5786,5911,5662,5787,5912       | -32.59    | -75.72   |
| 11  | 20         | 10000000 | 625000    | 476191   | 1       | 2     | 16   | worker   | 12        | 16  | decrease  | asc         | asc        | 512        | 48.24    | 15.57    | 6   | 15046,15171,15296,15047,15172,15297 | -32.67    | -67.72   |
| 11  | 20         | 10000000 | 625000    | 476191   | 1       | 2     | 16   | io_uring | 12        | 16  | decrease  | asc         | asc        | 512        | 48.62    | 15.87    | 6   | 15796,15921,16046,15797,15922,16047 | -32.75    | -67.36   |
| 2   | 40         | 10000000 | 625000    | 238096   | 1048576 | 32    | 16   | io_uring | 12        | 16  | increase  | desc        | desc       | 128        | 42.84    | 9.73     | 6   | 2661,2786,2911,2662,2787,2912       | -33.11    | -77.29   |
| 16  | 60         | 10000000 | 5000000   | 156250   | 4096    | 32    | 2    | worker   | 12        | 16  | decrease  | desc        | asc        | 16384      | 84.17    | 50.92    | 6   | 23111,23251,23391,23112,23252,23392 | -33.25    | -39.5    |
| 1   | 40         | 10000000 | 625000    | 238096   | 1048576 | 32    | 16   | io_uring | 12        | 16  | increase  | asc         | asc        | 128        | 41.71    | 8.31     | 6   | 786,911,1036,787,912,1037           | -33.4     | -80.08   |
| 4   | 40         | 10000000 | 625000    | 238096   | 1048576 | 32    | 16   | worker   | 12        | 16  | decrease  | desc        | desc       | 128        | 42.96    | 9.39     | 6   | 4911,5036,5161,4912,5037,5162       | -33.57    | -78.14   |
| 10  | 20         | 10000000 | 625000    | 476191   | 1       | 2     | 16   | worker   | 12        | 16  | increase  | desc        | desc       | 512        | 49.52    | 15.92    | 6   | 13921,14046,14171,13922,14047,14172 | -33.6     | -67.85   |
| 7   | 60         | 10000000 | 625000    | 156250   | 1       | 128   | 16   | io_uring | 12        | 16  | decrease  | asc         | asc        | 315536     | 9647.66  | 9613.73  | 6   | 9851,9976,10101,9852,9977,10102     | -33.93    | -0.35    |
| 10  | 20         | 10000000 | 625000    | 476191   | 1       | 2     | 16   | io_uring | 12        | 16  | increase  | desc        | desc       | 512        | 49.16    | 15.21    | 6   | 14671,14796,14921,14672,14797,14922 | -33.95    | -69.06   |
| 2   | 40         | 10000000 | 625000    | 238096   | 1048576 | 32    | 16   | worker   | 12        | 16  | increase  | desc        | desc       | 128        | 42.68    | 8.63     | 6   | 1911,2036,2161,1912,2037,2162       | -34.05    | -79.78   |
| 13  | 60         | 10000000 | 5000000   | 156250   | 4096    | 32    | 2    | worker   | 12        | 16  | increase  | asc         | desc       | 16384      | 85.96    | 50.53    | 6   | 18491,18631,18771,18492,18632,18772 | -35.43    | -41.22   |
| 9   | 20         | 10000000 | 625000    | 476191   | 1       | 2     | 16   | io_uring | 12        | 16  | increase  | asc         | asc        | 440536     | 1709.23  | 1672.97  | 6   | 12861,12986,13111,12862,12987,13112 | -36.26    | -2.12    |
| 19  | 20         | 10000000 | 5000000   | 476191   | 1024    | 512   | 2    | worker   | 12        | 16  | decrease  | asc         | asc        | 16384      | 179.88   | 141.55   | 6   | 28151,28291,28431,28152,28292,28432 | -38.33    | -21.31   |
| 9   | 20         | 10000000 | 625000    | 476191   | 1       | 2     | 16   | worker   | 12        | 16  | increase  | asc         | desc       | 512        | 49.89    | 11.47    | 6   | 12421,12546,12671,12422,12547,12672 | -38.42    | -77.01   |
| 9   | 20         | 10000000 | 625000    | 476191   | 1       | 2     | 16   | io_uring | 12        | 16  | increase  | asc         | desc       | 512        | 49.91    | 11.46    | 6   | 13171,13296,13421,13172,13297,13422 | -38.45    | -77.04   |
| 12  | 20         | 10000000 | 625000    | 476191   | 1       | 2     | 16   | worker   | 12        | 16  | decrease  | desc        | asc        | 512        | 49.6     | 11.15    | 6   | 16546,16671,16796,16547,16672,16797 | -38.45    | -77.52   |
| 12  | 20         | 10000000 | 625000    | 476191   | 1       | 2     | 16   | io_uring | 12        | 16  | decrease  | desc        | desc       | 565536     | 2193.86  | 2155.06  | 6   | 17746,17871,17996,17747,17872,17997 | -38.8     | -1.77    |
| 12  | 20         | 10000000 | 625000    | 476191   | 1       | 2     | 16   | io_uring | 12        | 16  | decrease  | desc        | asc        | 512        | 49.96    | 10.99    | 6   | 17296,17421,17546,17297,17422,17547 | -38.97    | -78.0    |
| 17  | 20         | 10000000 | 5000000   | 476191   | 1024    | 512   | 2    | io_uring | 12        | 16  | increase  | asc         | desc       | 1024288    | 11446.63 | 11406.19 | 6   | 26081,26221,26361,26082,26222,26362 | -40.44    | -0.35    |
| 14  | 60         | 10000000 | 5000000   | 156250   | 4096    | 32    | 2    | io_uring | 12        | 16  | increase  | desc        | desc       | 16384      | 73.42    | 32.22    | 6   | 21011,21151,21291,21012,21152,21292 | -41.2     | -56.12   |
| 12  | 20         | 10000000 | 625000    | 476191   | 1       | 2     | 16   | io_uring | 12        | 16  | decrease  | desc        | desc       | 503036     | 1966.13  | 1924.48  | 6   | 17741,17866,17991,17742,17867,17992 | -41.65    | -2.12    |
| 12  | 20         | 10000000 | 625000    | 476191   | 1       | 2     | 16   | worker   | 12        | 16  | decrease  | desc        | desc       | 565536     | 2214.11  | 2172.32  | 6   | 16996,17121,17246,16997,17122,17247 | -41.79    | -1.89    |
| 19  | 20         | 10000000 | 5000000   | 476191   | 1024    | 512   | 2    | io_uring | 12        | 16  | decrease  | asc         | asc        | 16384      | 181.72   | 138.98   | 6   | 28991,29131,29271,28992,29132,29272 | -42.74    | -23.52   |
| 19  | 20         | 10000000 | 5000000   | 476191   | 1024    | 512   | 2    | io_uring | 12        | 16  | decrease  | asc         | asc        | 8192       | 97.54    | 54.32    | 6   | 28986,29126,29266,28987,29127,29267 | -43.22    | -44.31   |
| 14  | 60         | 10000000 | 5000000   | 156250   | 4096    | 32    | 2    | worker   | 12        | 16  | increase  | desc        | desc       | 16384      | 71.62    | 27.5     | 6   | 20171,20311,20451,20172,20312,20452 | -44.12    | -61.6    |
| 17  | 20         | 10000000 | 5000000   | 476191   | 1024    | 512   | 2    | io_uring | 12        | 16  | increase  | asc         | desc       | 4024288    | 44119.98 | 44074.63 | 6   | 26111,26251,26391,26112,26252,26392 | -45.35    | -0.1     |
| 20  | 20         | 10000000 | 5000000   | 476191   | 1024    | 512   | 2    | io_uring | 12        | 16  | decrease  | desc        | asc        | 8192       | 102.99   | 56.73    | 6   | 30666,30806,30946,30667,30807,30947 | -46.26    | -44.92   |
| 3   | 40         | 10000000 | 625000    | 238096   | 1048576 | 32    | 16   | io_uring | 12        | 16  | decrease  | asc         | desc       | 256        | 60.38    | 14.01    | 6   | 4166,4291,4416,4167,4292,4417       | -46.37    | -76.8    |
| 17  | 20         | 10000000 | 5000000   | 476191   | 1024    | 512   | 2    | io_uring | 12        | 16  | increase  | asc         | desc       | 16384      | 197.04   | 150.61   | 6   | 26051,26191,26331,26052,26192,26332 | -46.43    | -23.56   |
| 2   | 40         | 10000000 | 625000    | 238096   | 1048576 | 32    | 16   | io_uring | 12        | 16  | increase  | desc        | asc        | 256        | 60.35    | 13.43    | 6   | 2291,2416,2541,2292,2417,2542       | -46.92    | -77.75   |
| 4   | 40         | 10000000 | 625000    | 238096   | 1048576 | 32    | 16   | worker   | 12        | 16  | decrease  | desc        | asc        | 256        | 58.7     | 11.17    | 6   | 4541,4666,4791,4542,4667,4792       | -47.53    | -80.97   |
| 3   | 40         | 10000000 | 625000    | 238096   | 1048576 | 32    | 16   | worker   | 12        | 16  | decrease  | asc         | desc       | 256        | 60.68    | 12.91    | 6   | 3416,3541,3666,3417,3542,3667       | -47.77    | -78.72   |
| 2   | 40         | 10000000 | 625000    | 238096   | 1048576 | 32    | 16   | worker   | 12        | 16  | increase  | desc        | asc        | 256        | 59.0     | 11.1     | 6   | 1541,1666,1791,1542,1667,1792       | -47.9     | -81.19   |
| 1   | 40         | 10000000 | 625000    | 238096   | 1048576 | 32    | 16   | worker   | 12        | 16  | increase  | asc         | desc       | 256        | 57.94    | 9.99     | 6   | 416,541,666,417,542,667             | -47.95    | -82.76   |
| 4   | 40         | 10000000 | 625000    | 238096   | 1048576 | 32    | 16   | io_uring | 12        | 16  | decrease  | desc        | asc        | 256        | 60.03    | 11.82    | 6   | 5291,5416,5541,5292,5417,5542       | -48.21    | -80.31   |
| 12  | 20         | 10000000 | 625000    | 476191   | 1       | 2     | 16   | io_uring | 12        | 16  | decrease  | desc        | desc       | 315536     | 1267.12  | 1218.52  | 6   | 17726,17851,17976,17727,17852,17977 | -48.6     | -3.84    |
| 1   | 40         | 10000000 | 625000    | 238096   | 1048576 | 32    | 16   | io_uring | 12        | 16  | increase  | asc         | desc       | 256        | 59.32    | 9.53     | 6   | 1166,1291,1416,1167,1292,1417       | -49.79    | -83.93   |
| 10  | 20         | 10000000 | 625000    | 476191   | 1       | 2     | 16   | worker   | 12        | 16  | increase  | desc        | asc        | 65536      | 781.83   | 731.83   | 6   | 13581,13706,13831,13582,13707,13832 | -50.0     | -6.4     |
| 9   | 20         | 10000000 | 625000    | 476191   | 1       | 2     | 16   | worker   | 12        | 16  | increase  | asc         | asc        | 565536     | 2239.78  | 2189.58  | 6   | 12121,12246,12371,12122,12247,12372 | -50.2     | -2.24    |
| 12  | 20         | 10000000 | 625000    | 476191   | 1       | 2     | 16   | worker   | 12        | 16  | decrease  | desc        | desc       | 378036     | 1530.85  | 1477.81  | 6   | 16981,17106,17231,16982,17107,17232 | -53.04    | -3.46    |
| 16  | 60         | 10000000 | 5000000   | 156250   | 4096    | 32    | 2    | io_uring | 12        | 16  | decrease  | desc        | asc        | 16384      | 86.97    | 33.53    | 6   | 23951,24091,24231,23952,24092,24232 | -53.44    | -61.45   |
| 14  | 60         | 10000000 | 5000000   | 156250   | 4096    | 32    | 2    | worker   | 12        | 16  | increase  | desc        | desc       | 65536      | 243.28   | 189.05   | 6   | 20181,20321,20461,20182,20322,20462 | -54.23    | -22.29   |
| 14  | 60         | 10000000 | 5000000   | 156250   | 4096    | 32    | 2    | worker   | 12        | 16  | increase  | desc        | desc       | 32768      | 130.15   | 75.69    | 6   | 20176,20316,20456,20177,20317,20457 | -54.46    | -41.84   |
| 15  | 60         | 10000000 | 5000000   | 156250   | 4096    | 32    | 2    | worker   | 12        | 16  | decrease  | asc         | asc        | 32768      | 131.21   | 73.4     | 6   | 21436,21576,21716,21437,21577,21717 | -57.81    | -44.06   |
| 15  | 60         | 10000000 | 5000000   | 156250   | 4096    | 32    | 2    | io_uring | 12        | 16  | decrease  | asc         | asc        | 32768      | 131.52   | 72.27    | 6   | 22276,22416,22556,22277,22417,22557 | -59.25    | -45.05   |
| 11  | 20         | 10000000 | 625000    | 476191   | 1       | 2     | 16   | worker   | 12        | 16  | decrease  | asc         | desc       | 65536      | 783.9    | 721.34   | 6   | 15456,15581,15706,15457,15582,15707 | -62.56    | -7.98    |
| 11  | 20         | 10000000 | 625000    | 476191   | 1       | 2     | 16   | worker   | 12        | 16  | decrease  | asc         | desc       | 128036     | 1489.57  | 1424.38  | 6   | 15461,15586,15711,15462,15587,15712 | -65.19    | -4.38    |
| 3   | 40         | 10000000 | 625000    | 238096   | 1048576 | 32    | 16   | worker   | 12        | 16  | decrease  | asc         | asc        | 256        | 78.52    | 13.18    | 6   | 3041,3166,3291,3042,3167,3292       | -65.34    | -83.21   |
| 16  | 60         | 10000000 | 5000000   | 156250   | 4096    | 32    | 2    | io_uring | 12        | 16  | decrease  | desc        | asc        | 32768      | 157.76   | 92.06    | 6   | 23956,24096,24236,23957,24097,24237 | -65.7     | -41.65   |
| 16  | 60         | 10000000 | 5000000   | 156250   | 4096    | 32    | 2    | worker   | 12        | 16  | decrease  | desc        | asc        | 32768      | 157.41   | 91.17    | 6   | 23116,23256,23396,23117,23257,23397 | -66.24    | -42.08   |
| 13  | 60         | 10000000 | 5000000   | 156250   | 4096    | 32    | 2    | io_uring | 12        | 16  | increase  | asc         | desc       | 32768      | 156.41   | 89.62    | 6   | 19336,19476,19616,19337,19477,19617 | -66.79    | -42.7    |
| 3   | 40         | 10000000 | 625000    | 238096   | 1048576 | 32    | 16   | io_uring | 12        | 16  | decrease  | asc         | asc        | 256        | 79.16    | 12.35    | 6   | 3791,3916,4041,3792,3917,4042       | -66.81    | -84.4    |
| 1   | 40         | 10000000 | 625000    | 238096   | 1048576 | 32    | 16   | worker   | 12        | 16  | increase  | asc         | asc        | 256        | 78.26    | 10.99    | 6   | 41,166,291,42,167,292               | -67.27    | -85.96   |
| 11  | 20         | 10000000 | 625000    | 476191   | 1       | 2     | 16   | worker   | 12        | 16  | decrease  | asc         | asc        | 1024       | 94.93    | 27.57    | 6   | 15051,15176,15301,15052,15177,15302 | -67.36    | -70.96   |
| 6   | 60         | 10000000 | 625000    | 156250   | 1       | 128   | 16   | worker   | 12        | 16  | increase  | desc        | desc       | 503036     | 15220.91 | 15153.46 | 6   | 7991,8116,8241,7992,8117,8242       | -67.45    | -0.44    |
| 10  | 20         | 10000000 | 625000    | 476191   | 1       | 2     | 16   | io_uring | 12        | 16  | increase  | desc        | desc       | 1024       | 94.79    | 26.39    | 6   | 14676,14801,14926,14677,14802,14927 | -68.4     | -72.16   |
| 12  | 20         | 10000000 | 625000    | 476191   | 1       | 2     | 16   | worker   | 12        | 16  | decrease  | desc        | desc       | 440536     | 1755.97  | 1687.39  | 6   | 16986,17111,17236,16987,17112,17237 | -68.58    | -3.91    |
| 11  | 20         | 10000000 | 625000    | 476191   | 1       | 2     | 16   | io_uring | 12        | 16  | decrease  | asc         | asc        | 1024       | 94.53    | 25.74    | 6   | 15801,15926,16051,15802,15927,16052 | -68.79    | -72.77   |
| 1   | 40         | 10000000 | 625000    | 238096   | 1048576 | 32    | 16   | io_uring | 12        | 16  | increase  | asc         | asc        | 256        | 79.66    | 10.3     | 6   | 791,916,1041,792,917,1042           | -69.36    | -87.07   |
| 4   | 40         | 10000000 | 625000    | 238096   | 1048576 | 32    | 16   | worker   | 12        | 16  | decrease  | desc        | desc       | 256        | 81.11    | 11.68    | 6   | 4916,5041,5166,4917,5042,5167       | -69.43    | -85.6    |
| 10  | 20         | 10000000 | 625000    | 476191   | 1       | 2     | 16   | worker   | 12        | 16  | increase  | desc        | desc       | 1024       | 96.3     | 26.59    | 6   | 13926,14051,14176,13927,14052,14177 | -69.71    | -72.39   |
| 2   | 40         | 10000000 | 625000    | 238096   | 1048576 | 32    | 16   | io_uring | 12        | 16  | increase  | desc        | desc       | 256        | 83.22    | 13.33    | 6   | 2666,2791,2916,2667,2792,2917       | -69.89    | -83.98   |
| 2   | 40         | 10000000 | 625000    | 238096   | 1048576 | 32    | 16   | worker   | 12        | 16  | increase  | desc        | desc       | 256        | 82.7     | 8.95     | 6   | 1916,2041,2166,1917,2042,2167       | -73.75    | -89.18   |
| 18  | 20         | 10000000 | 5000000   | 476191   | 1024    | 512   | 2    | worker   | 12        | 16  | increase  | desc        | desc       | 32768      | 344.52   | 270.38   | 6   | 26896,27036,27176,26897,27037,27177 | -74.14    | -21.52   |
| 4   | 40         | 10000000 | 625000    | 238096   | 1048576 | 32    | 16   | io_uring | 12        | 16  | decrease  | desc        | desc       | 256        | 88.61    | 11.35    | 6   | 5666,5791,5916,5667,5792,5917       | -77.26    | -87.19   |
| 9   | 20         | 10000000 | 625000    | 476191   | 1       | 2     | 16   | worker   | 12        | 16  | increase  | asc         | desc       | 1024       | 98.55    | 20.06    | 6   | 12426,12551,12676,12427,12552,12677 | -78.49    | -79.64   |
| 9   | 20         | 10000000 | 625000    | 476191   | 1       | 2     | 16   | io_uring | 12        | 16  | increase  | asc         | desc       | 1024       | 99.09    | 19.82    | 6   | 13176,13301,13426,13177,13302,13427 | -79.27    | -80.0    |
| 12  | 20         | 10000000 | 625000    | 476191   | 1       | 2     | 16   | worker   | 12        | 16  | decrease  | desc        | asc        | 1024       | 98.66    | 19.29    | 6   | 16551,16676,16801,16552,16677,16802 | -79.37    | -80.45   |
| 12  | 20         | 10000000 | 625000    | 476191   | 1       | 2     | 16   | io_uring | 12        | 16  | decrease  | desc        | asc        | 1024       | 100.58   | 20.75    | 6   | 17301,17426,17551,17302,17427,17552 | -79.83    | -79.37   |
| 18  | 20         | 10000000 | 5000000   | 476191   | 1024    | 512   | 2    | io_uring | 12        | 16  | increase  | desc        | desc       | 16384      | 175.79   | 95.91    | 6   | 27731,27871,28011,27732,27872,28012 | -79.88    | -45.44   |
| 18  | 20         | 10000000 | 5000000   | 476191   | 1024    | 512   | 2    | io_uring | 12        | 16  | increase  | desc        | desc       | 32768      | 345.38   | 263.2    | 6   | 27736,27876,28016,27737,27877,28017 | -82.18    | -23.79   |
| 19  | 20         | 10000000 | 5000000   | 476191   | 1024    | 512   | 2    | worker   | 12        | 16  | decrease  | asc         | asc        | 32768      | 345.79   | 263.39   | 6   | 28156,28296,28436,28157,28297,28437 | -82.4     | -23.83   |
| 14  | 60         | 10000000 | 5000000   | 156250   | 4096    | 32    | 2    | io_uring | 12        | 16  | increase  | desc        | desc       | 32768      | 133.9    | 50.12    | 6   | 21016,21156,21296,21017,21157,21297 | -83.78    | -62.57   |
| 20  | 20         | 10000000 | 5000000   | 476191   | 1024    | 512   | 2    | worker   | 12        | 16  | decrease  | desc        | asc        | 32768      | 368.5    | 283.03   | 6   | 29836,29976,30116,29837,29977,30117 | -85.47    | -23.19   |
| 20  | 20         | 10000000 | 5000000   | 476191   | 1024    | 512   | 2    | worker   | 12        | 16  | decrease  | desc        | asc        | 16384      | 191.43   | 105.92   | 6   | 29831,29971,30111,29832,29972,30112 | -85.51    | -44.67   |
| 20  | 20         | 10000000 | 5000000   | 476191   | 1024    | 512   | 2    | io_uring | 12        | 16  | decrease  | desc        | asc        | 16384      | 190.79   | 102.16   | 6   | 30671,30811,30951,30672,30812,30952 | -88.63    | -46.45   |
| 17  | 20         | 10000000 | 5000000   | 476191   | 1024    | 512   | 2    | worker   | 12        | 16  | increase  | asc         | desc       | 16384      | 195.19   | 106.17   | 6   | 25211,25351,25491,25212,25352,25492 | -89.02    | -45.61   |
| 20  | 20         | 10000000 | 5000000   | 476191   | 1024    | 512   | 2    | io_uring | 12        | 16  | decrease  | desc        | asc        | 32768      | 373.16   | 282.34   | 6   | 30676,30816,30956,30677,30817,30957 | -90.82    | -24.34   |
| 17  | 20         | 10000000 | 5000000   | 476191   | 1024    | 512   | 2    | io_uring | 12        | 16  | increase  | asc         | desc       | 32768      | 382.37   | 291.46   | 6   | 26056,26196,26336,26057,26197,26337 | -90.91    | -23.78   |
| 6   | 60         | 10000000 | 625000    | 156250   | 1       | 128   | 16   | worker   | 12        | 16  | increase  | desc        | desc       | 315536     | 9596.78  | 9504.84  | 6   | 7976,8101,8226,7977,8102,8227       | -91.94    | -0.96    |
| 4   | 40         | 10000000 | 625000    | 238096   | 1048576 | 32    | 16   | worker   | 12        | 16  | decrease  | desc        | asc        | 512        | 116.11   | 19.51    | 6   | 4546,4671,4796,4547,4672,4797       | -96.6     | -83.2    |
| 1   | 40         | 10000000 | 625000    | 238096   | 1048576 | 32    | 16   | io_uring | 12        | 16  | increase  | asc         | desc       | 512        | 115.79   | 18.89    | 6   | 1171,1296,1421,1172,1297,1422       | -96.9     | -83.69   |
| 2   | 40         | 10000000 | 625000    | 238096   | 1048576 | 32    | 16   | io_uring | 12        | 16  | increase  | desc        | asc        | 512        | 118.07   | 21.02    | 6   | 2296,2421,2546,2297,2422,2547       | -97.05    | -82.2    |
| 3   | 40         | 10000000 | 625000    | 238096   | 1048576 | 32    | 16   | worker   | 12        | 16  | decrease  | asc         | desc       | 512        | 115.82   | 18.64    | 6   | 3421,3546,3671,3422,3547,3672       | -97.18    | -83.91   |
| 2   | 40         | 10000000 | 625000    | 238096   | 1048576 | 32    | 16   | worker   | 12        | 16  | increase  | desc        | asc        | 512        | 115.97   | 18.36    | 6   | 1546,1671,1796,1547,1672,1797       | -97.61    | -84.17   |
| 1   | 40         | 10000000 | 625000    | 238096   | 1048576 | 32    | 16   | worker   | 12        | 16  | increase  | asc         | desc       | 512        | 116.08   | 18.18    | 6   | 421,546,671,422,547,672             | -97.9     | -84.34   |
| 10  | 20         | 10000000 | 625000    | 476191   | 1       | 2     | 16   | worker   | 12        | 16  | increase  | desc        | asc        | 128036     | 1487.97  | 1389.54  | 6   | 13586,13711,13836,13587,13712,13837 | -98.43    | -6.62    |
| 4   | 40         | 10000000 | 625000    | 238096   | 1048576 | 32    | 16   | io_uring | 12        | 16  | decrease  | desc        | asc        | 512        | 117.89   | 19.44    | 6   | 5296,5421,5546,5297,5422,5547       | -98.45    | -83.51   |
| 3   | 40         | 10000000 | 625000    | 238096   | 1048576 | 32    | 16   | io_uring | 12        | 16  | decrease  | asc         | desc       | 512        | 119.24   | 20.25    | 6   | 4171,4296,4421,4172,4297,4422       | -98.99    | -83.02   |
| 13  | 60         | 10000000 | 5000000   | 156250   | 4096    | 32    | 2    | worker   | 12        | 16  | increase  | asc         | desc       | 32768      | 153.73   | 54.06    | 6   | 18496,18636,18776,18497,18637,18777 | -99.67    | -64.83   |
| 6   | 60         | 10000000 | 625000    | 156250   | 1       | 128   | 16   | io_uring | 12        | 16  | increase  | desc        | desc       | 565536     | 17231.56 | 17130.75 | 6   | 8746,8871,8996,8747,8872,8997       | -100.81   | -0.59    |
| 15  | 60         | 10000000 | 5000000   | 156250   | 4096    | 32    | 2    | worker   | 12        | 16  | decrease  | asc         | asc        | 131072     | 471.69   | 370.51   | 6   | 21446,21586,21726,21447,21587,21727 | -101.18   | -21.45   |
| 14  | 60         | 10000000 | 5000000   | 156250   | 4096    | 32    | 2    | io_uring | 12        | 16  | increase  | desc        | desc       | 131072     | 481.27   | 377.12   | 6   | 21026,21166,21306,21027,21167,21307 | -104.15   | -21.64   |
| 15  | 60         | 10000000 | 5000000   | 156250   | 4096    | 32    | 2    | io_uring | 12        | 16  | decrease  | asc         | asc        | 65536      | 247.13   | 138.19   | 6   | 22281,22421,22561,22282,22422,22562 | -108.94   | -44.08   |
| 8   | 60         | 10000000 | 625000    | 156250   | 1       | 128   | 16   | io_uring | 12        | 16  | decrease  | desc        | asc        | 440536     | 15669.38 | 15557.35 | 6   | 11361,11486,11611,11362,11487,11612 | -112.03   | -0.71    |
| 14  | 60         | 10000000 | 5000000   | 156250   | 4096    | 32    | 2    | io_uring | 12        | 16  | increase  | desc        | desc       | 65536      | 249.72   | 136.43   | 6   | 21021,21161,21301,21022,21162,21302 | -113.29   | -45.37   |
| 13  | 60         | 10000000 | 5000000   | 156250   | 4096    | 32    | 2    | worker   | 12        | 16  | increase  | asc         | desc       | 131072     | 575.66   | 454.66   | 6   | 18506,18646,18786,18507,18647,18787 | -121.0    | -21.02   |
| 5   | 60         | 10000000 | 625000    | 156250   | 1       | 128   | 16   | io_uring | 12        | 16  | increase  | asc         | desc       | 378036     | 13515.38 | 13390.14 | 6   | 7231,7356,7481,7232,7357,7482       | -125.24   | -0.93    |
| 18  | 20         | 10000000 | 5000000   | 476191   | 1024    | 512   | 2    | worker   | 12        | 16  | increase  | desc        | desc       | 16384      | 183.03   | 54.76    | 6   | 26891,27031,27171,26892,27032,27172 | -128.27   | -70.08   |
| 10  | 20         | 10000000 | 625000    | 476191   | 1       | 2     | 16   | worker   | 12        | 16  | increase  | desc        | asc        | 190536     | 2195.65  | 2065.7   | 6   | 13591,13716,13841,13592,13717,13842 | -129.95   | -5.92    |
| 16  | 60         | 10000000 | 5000000   | 156250   | 4096    | 32    | 2    | io_uring | 12        | 16  | decrease  | desc        | asc        | 65536      | 301.44   | 170.92   | 6   | 23961,24101,24241,23962,24102,24242 | -130.52   | -43.3    |
| 13  | 60         | 10000000 | 5000000   | 156250   | 4096    | 32    | 2    | io_uring | 12        | 16  | increase  | asc         | desc       | 65536      | 295.97   | 164.62   | 6   | 19341,19481,19621,19342,19482,19622 | -131.35   | -44.38   |
| 16  | 60         | 10000000 | 5000000   | 156250   | 4096    | 32    | 2    | worker   | 12        | 16  | decrease  | desc        | asc        | 65536      | 302.45   | 168.35   | 6   | 23121,23261,23401,23122,23262,23402 | -134.1    | -44.34   |
| 4   | 40         | 10000000 | 625000    | 238096   | 1048576 | 32    | 16   | worker   | 12        | 16  | decrease  | desc        | desc       | 512        | 154.21   | 18.83    | 6   | 4921,5046,5171,4922,5047,5172       | -135.38   | -87.79   |
| 1   | 40         | 10000000 | 625000    | 238096   | 1048576 | 32    | 16   | worker   | 12        | 16  | increase  | asc         | asc        | 512        | 153.94   | 17.8     | 6   | 46,171,296,47,172,297               | -136.14   | -88.44   |
| 3   | 40         | 10000000 | 625000    | 238096   | 1048576 | 32    | 16   | worker   | 12        | 16  | decrease  | asc         | asc        | 512        | 154.96   | 18.26    | 6   | 3046,3171,3296,3047,3172,3297       | -136.7    | -88.22   |
| 11  | 20         | 10000000 | 625000    | 476191   | 1       | 2     | 16   | worker   | 12        | 16  | decrease  | asc         | desc       | 190536     | 2193.75  | 2056.4   | 6   | 15466,15591,15716,15467,15592,15717 | -137.35   | -6.26    |
| 11  | 20         | 10000000 | 625000    | 476191   | 1       | 2     | 16   | worker   | 12        | 16  | decrease  | asc         | asc        | 2048       | 188.58   | 50.8     | 6   | 15056,15181,15306,15057,15182,15307 | -137.78   | -73.06   |
| 2   | 40         | 10000000 | 625000    | 238096   | 1048576 | 32    | 16   | worker   | 12        | 16  | increase  | desc        | desc       | 512        | 156.59   | 18.3     | 6   | 1921,2046,2171,1922,2047,2172       | -138.29   | -88.31   |
| 11  | 20         | 10000000 | 625000    | 476191   | 1       | 2     | 16   | io_uring | 12        | 16  | decrease  | asc         | asc        | 2048       | 188.94   | 50.44    | 6   | 15806,15931,16056,15807,15932,16057 | -138.5    | -73.3    |
| 3   | 40         | 10000000 | 625000    | 238096   | 1048576 | 32    | 16   | io_uring | 12        | 16  | decrease  | asc         | asc        | 512        | 160.33   | 18.91    | 6   | 3796,3921,4046,3797,3922,4047       | -141.42   | -88.21   |
| 10  | 20         | 10000000 | 625000    | 476191   | 1       | 2     | 16   | worker   | 12        | 16  | increase  | desc        | desc       | 2048       | 192.6    | 50.66    | 6   | 13931,14056,14181,13932,14057,14182 | -141.94   | -73.7    |
| 10  | 20         | 10000000 | 625000    | 476191   | 1       | 2     | 16   | io_uring | 12        | 16  | increase  | desc        | desc       | 2048       | 191.24   | 48.85    | 6   | 14681,14806,14931,14682,14807,14932 | -142.39   | -74.46   |
| 2   | 40         | 10000000 | 625000    | 238096   | 1048576 | 32    | 16   | io_uring | 12        | 16  | increase  | desc        | desc       | 512        | 161.38   | 17.12    | 6   | 2671,2796,2921,2672,2797,2922       | -144.26   | -89.39   |
| 1   | 40         | 10000000 | 625000    | 238096   | 1048576 | 32    | 16   | io_uring | 12        | 16  | increase  | asc         | asc        | 512        | 160.25   | 15.97    | 6   | 796,921,1046,797,922,1047           | -144.28   | -90.03   |
| 4   | 40         | 10000000 | 625000    | 238096   | 1048576 | 32    | 16   | io_uring | 12        | 16  | decrease  | desc        | desc       | 512        | 162.42   | 17.33    | 6   | 5671,5796,5921,5672,5797,5922       | -145.09   | -89.33   |
| 20  | 20         | 10000000 | 5000000   | 476191   | 1024    | 512   | 2    | io_uring | 12        | 16  | decrease  | desc        | asc        | 2024288    | 22091.46 | 21943.75 | 6   | 30711,30851,30991,30712,30852,30992 | -147.71   | -0.67    |
| 8   | 60         | 10000000 | 625000    | 156250   | 1       | 128   | 16   | io_uring | 12        | 16  | decrease  | desc        | asc        | 315536     | 11289.04 | 11136.05 | 6   | 11351,11476,11601,11352,11477,11602 | -152.99   | -1.36    |
| 8   | 60         | 10000000 | 625000    | 156250   | 1       | 128   | 16   | worker   | 12        | 16  | decrease  | desc        | asc        | 315536     | 11216.79 | 11059.78 | 6   | 10601,10726,10851,10602,10727,10852 | -157.01   | -1.4     |
| 9   | 20         | 10000000 | 625000    | 476191   | 1       | 2     | 16   | worker   | 12        | 16  | increase  | asc         | desc       | 2048       | 195.35   | 38.22    | 6   | 12431,12556,12681,12432,12557,12682 | -157.13   | -80.44   |
| 12  | 20         | 10000000 | 625000    | 476191   | 1       | 2     | 16   | worker   | 12        | 16  | decrease  | desc        | asc        | 2048       | 194.03   | 36.84    | 6   | 16556,16681,16806,16557,16682,16807 | -157.19   | -81.01   |
| 12  | 20         | 10000000 | 625000    | 476191   | 1       | 2     | 16   | io_uring | 12        | 16  | decrease  | desc        | asc        | 2048       | 200.37   | 38.62    | 6   | 17306,17431,17556,17307,17432,17557 | -161.75   | -80.73   |
| 18  | 20         | 10000000 | 5000000   | 476191   | 1024    | 512   | 2    | worker   | 12        | 16  | increase  | desc        | desc       | 65536      | 682.41   | 519.04   | 6   | 26901,27041,27181,26902,27042,27182 | -163.37   | -23.94   |
| 11  | 20         | 10000000 | 625000    | 476191   | 1       | 2     | 16   | worker   | 12        | 16  | decrease  | asc         | desc       | 253036     | 2918.85  | 2754.55  | 6   | 15471,15596,15721,15472,15597,15722 | -164.3    | -5.63    |
| 9   | 20         | 10000000 | 625000    | 476191   | 1       | 2     | 16   | io_uring | 12        | 16  | increase  | asc         | desc       | 2048       | 202.22   | 37.56    | 6   | 13181,13306,13431,13182,13307,13432 | -164.66   | -81.43   |
| 10  | 20         | 10000000 | 625000    | 476191   | 1       | 2     | 16   | worker   | 12        | 16  | increase  | desc        | asc        | 253036     | 2898.69  | 2733.05  | 6   | 13596,13721,13846,13597,13722,13847 | -165.64   | -5.71    |
| 20  | 20         | 10000000 | 5000000   | 476191   | 1024    | 512   | 2    | io_uring | 12        | 16  | decrease  | desc        | asc        | 65536      | 729.23   | 561.61   | 6   | 30681,30821,30961,30682,30822,30962 | -167.62   | -22.99   |
| 17  | 20         | 10000000 | 5000000   | 476191   | 1024    | 512   | 2    | io_uring | 12        | 16  | increase  | asc         | desc       | 65536      | 743.74   | 562.81   | 6   | 26061,26201,26341,26062,26202,26342 | -180.93   | -24.33   |
| 17  | 20         | 10000000 | 5000000   | 476191   | 1024    | 512   | 2    | worker   | 12        | 16  | increase  | asc         | desc       | 32768      | 383.31   | 196.13   | 6   | 25216,25356,25496,25217,25357,25497 | -187.18   | -48.83   |
| 4   | 40         | 10000000 | 625000    | 238096   | 1048576 | 32    | 16   | worker   | 12        | 16  | decrease  | desc        | asc        | 1024       | 227.65   | 34.09    | 6   | 4551,4676,4801,4552,4677,4802       | -193.56   | -85.03   |
| 1   | 40         | 10000000 | 625000    | 238096   | 1048576 | 32    | 16   | worker   | 12        | 16  | increase  | asc         | desc       | 1024       | 227.48   | 32.47    | 6   | 426,551,676,427,552,677             | -195.01   | -85.73   |
| 2   | 40         | 10000000 | 625000    | 238096   | 1048576 | 32    | 16   | worker   | 12        | 16  | increase  | desc        | asc        | 1024       | 229.88   | 34.22    | 6   | 1551,1676,1801,1552,1677,1802       | -195.66   | -85.11   |
| 3   | 40         | 10000000 | 625000    | 238096   | 1048576 | 32    | 16   | worker   | 12        | 16  | decrease  | asc         | desc       | 1024       | 231.39   | 35.34    | 6   | 3426,3551,3676,3427,3552,3677       | -196.05   | -84.73   |
| 2   | 40         | 10000000 | 625000    | 238096   | 1048576 | 32    | 16   | io_uring | 12        | 16  | increase  | desc        | asc        | 1024       | 230.59   | 34.14    | 6   | 2301,2426,2551,2302,2427,2552       | -196.45   | -85.19   |
| 13  | 60         | 10000000 | 5000000   | 156250   | 4096    | 32    | 2    | worker   | 12        | 16  | increase  | asc         | desc       | 65536      | 295.42   | 98.49    | 6   | 18501,18641,18781,18502,18642,18782 | -196.93   | -66.66   |
| 1   | 40         | 10000000 | 625000    | 238096   | 1048576 | 32    | 16   | io_uring | 12        | 16  | increase  | asc         | desc       | 1024       | 230.52   | 32.43    | 6   | 1176,1301,1426,1177,1302,1427       | -198.09   | -85.93   |
| 3   | 40         | 10000000 | 625000    | 238096   | 1048576 | 32    | 16   | io_uring | 12        | 16  | decrease  | asc         | desc       | 1024       | 233.14   | 32.8     | 6   | 4176,4301,4426,4177,4302,4427       | -200.34   | -85.93   |
| 4   | 40         | 10000000 | 625000    | 238096   | 1048576 | 32    | 16   | io_uring | 12        | 16  | decrease  | desc        | asc        | 1024       | 235.47   | 34.35    | 6   | 5301,5426,5551,5302,5427,5552       | -201.12   | -85.41   |
| 18  | 20         | 10000000 | 5000000   | 476191   | 1024    | 512   | 2    | worker   | 12        | 16  | increase  | desc        | desc       | 3524288    | 35182.87 | 34978.44 | 6   | 26946,27086,27226,26947,27087,27227 | -204.43   | -0.58    |
| 11  | 20         | 10000000 | 625000    | 476191   | 1       | 2     | 16   | worker   | 12        | 16  | decrease  | asc         | desc       | 315536     | 3605.87  | 3393.92  | 6   | 15476,15601,15726,15477,15602,15727 | -211.95   | -5.88    |
| 7   | 60         | 10000000 | 625000    | 156250   | 1       | 128   | 16   | io_uring | 12        | 16  | decrease  | asc         | asc        | 503036     | 15523.97 | 15306.32 | 6   | 9866,9991,10116,9867,9992,10117     | -217.65   | -1.4     |
| 14  | 60         | 10000000 | 5000000   | 156250   | 4096    | 32    | 2    | io_uring | 12        | 16  | increase  | desc        | desc       | 262144     | 958.49   | 733.96   | 6   | 21031,21171,21311,21032,21172,21312 | -224.53   | -23.43   |
| 15  | 60         | 10000000 | 5000000   | 156250   | 4096    | 32    | 2    | io_uring | 12        | 16  | decrease  | asc         | asc        | 262144     | 945.93   | 719.02   | 6   | 22291,22431,22571,22292,22432,22572 | -226.91   | -23.99   |
| 10  | 20         | 10000000 | 625000    | 476191   | 1       | 2     | 16   | worker   | 12        | 16  | increase  | desc        | asc        | 315536     | 3611.39  | 3377.44  | 6   | 13601,13726,13851,13602,13727,13852 | -233.95   | -6.48    |
| 13  | 60         | 10000000 | 5000000   | 156250   | 4096    | 32    | 2    | io_uring | 12        | 16  | increase  | asc         | desc       | 262144     | 1136.52  | 876.14   | 6   | 19351,19491,19631,19352,19492,19632 | -260.38   | -22.91   |
| 13  | 60         | 10000000 | 5000000   | 156250   | 4096    | 32    | 2    | worker   | 12        | 16  | increase  | asc         | desc       | 262144     | 1139.2   | 871.76   | 6   | 18511,18651,18791,18512,18652,18792 | -267.44   | -23.48   |
| 1   | 40         | 10000000 | 625000    | 238096   | 1048576 | 32    | 16   | worker   | 12        | 16  | increase  | asc         | asc        | 1024       | 298.77   | 28.96    | 6   | 51,176,301,52,177,302               | -269.81   | -90.31   |
| 16  | 60         | 10000000 | 5000000   | 156250   | 4096    | 32    | 2    | io_uring | 12        | 16  | decrease  | desc        | asc        | 131072     | 591.73   | 321.33   | 6   | 23966,24106,24246,23967,24107,24247 | -270.4    | -45.7    |
| 11  | 20         | 10000000 | 625000    | 476191   | 1       | 2     | 16   | worker   | 12        | 16  | decrease  | asc         | desc       | 378036     | 4327.5   | 4051.69  | 6   | 15481,15606,15731,15482,15607,15732 | -275.81   | -6.37    |
| 3   | 40         | 10000000 | 625000    | 238096   | 1048576 | 32    | 16   | worker   | 12        | 16  | decrease  | asc         | asc        | 1024       | 303.24   | 26.97    | 6   | 3051,3176,3301,3052,3177,3302       | -276.27   | -91.11   |
| 4   | 40         | 10000000 | 625000    | 238096   | 1048576 | 32    | 16   | worker   | 12        | 16  | decrease  | desc        | desc       | 1024       | 307.89   | 29.42    | 6   | 4926,5051,5176,4927,5052,5177       | -278.47   | -90.44   |
| 10  | 20         | 10000000 | 625000    | 476191   | 1       | 2     | 16   | worker   | 12        | 16  | increase  | desc        | asc        | 378036     | 4298.53  | 4019.95  | 6   | 13606,13731,13856,13607,13732,13857 | -278.58   | -6.48    |
| 10  | 20         | 10000000 | 625000    | 476191   | 1       | 2     | 16   | io_uring | 12        | 16  | increase  | desc        | desc       | 4096       | 373.79   | 94.73    | 6   | 14686,14811,14936,14687,14812,14937 | -279.06   | -74.66   |
| 11  | 20         | 10000000 | 625000    | 476191   | 1       | 2     | 16   | worker   | 12        | 16  | decrease  | asc         | asc        | 4096       | 373.66   | 93.96    | 6   | 15061,15186,15311,15062,15187,15312 | -279.7    | -74.85   |
| 1   | 40         | 10000000 | 625000    | 238096   | 1048576 | 32    | 16   | io_uring | 12        | 16  | increase  | asc         | asc        | 1024       | 306.64   | 26.16    | 6   | 801,926,1051,802,927,1052           | -280.48   | -91.47   |
| 11  | 20         | 10000000 | 625000    | 476191   | 1       | 2     | 16   | io_uring | 12        | 16  | decrease  | asc         | asc        | 4096       | 373.69   | 92.53    | 6   | 15811,15936,16061,15812,15937,16062 | -281.16   | -75.24   |
| 3   | 40         | 10000000 | 625000    | 238096   | 1048576 | 32    | 16   | io_uring | 12        | 16  | decrease  | asc         | asc        | 1024       | 310.26   | 27.85    | 6   | 3801,3926,4051,3802,3927,4052       | -282.41   | -91.02   |
| 2   | 40         | 10000000 | 625000    | 238096   | 1048576 | 32    | 16   | worker   | 12        | 16  | increase  | desc        | desc       | 1024       | 308.41   | 26.0     | 6   | 1926,2051,2176,1927,2052,2177       | -282.41   | -91.57   |
| 10  | 20         | 10000000 | 625000    | 476191   | 1       | 2     | 16   | worker   | 12        | 16  | increase  | desc        | desc       | 4096       | 381.19   | 97.72    | 6   | 13936,14061,14186,13937,14062,14187 | -283.47   | -74.36   |
| 2   | 40         | 10000000 | 625000    | 238096   | 1048576 | 32    | 16   | io_uring | 12        | 16  | increase  | desc        | desc       | 1024       | 312.6    | 27.16    | 6   | 2676,2801,2926,2677,2802,2927       | -285.44   | -91.31   |
| 4   | 40         | 10000000 | 625000    | 238096   | 1048576 | 32    | 16   | io_uring | 12        | 16  | decrease  | desc        | desc       | 1024       | 317.39   | 29.69    | 6   | 5676,5801,5926,5677,5802,5927       | -287.7    | -90.65   |
| 11  | 20         | 10000000 | 625000    | 476191   | 1       | 2     | 16   | worker   | 12        | 16  | decrease  | asc         | desc       | 440536     | 5040.79  | 4736.02  | 6   | 15486,15611,15736,15487,15612,15737 | -304.77   | -6.05    |
| 14  | 60         | 10000000 | 5000000   | 156250   | 4096    | 32    | 2    | worker   | 12        | 16  | increase  | desc        | desc       | 131072     | 468.87   | 152.71   | 6   | 20186,20326,20466,20187,20327,20467 | -316.16   | -67.43   |
| 9   | 20         | 10000000 | 625000    | 476191   | 1       | 2     | 16   | worker   | 12        | 16  | increase  | asc         | desc       | 4096       | 389.24   | 73.08    | 6   | 12436,12561,12686,12437,12562,12687 | -316.16   | -81.22   |
| 18  | 20         | 10000000 | 5000000   | 476191   | 1024    | 512   | 2    | io_uring | 12        | 16  | increase  | desc        | desc       | 65536      | 664.89   | 347.63   | 6   | 27741,27881,28021,27742,27882,28022 | -317.26   | -47.72   |
| 12  | 20         | 10000000 | 625000    | 476191   | 1       | 2     | 16   | worker   | 12        | 16  | decrease  | desc        | asc        | 4096       | 391.54   | 72.5     | 6   | 16561,16686,16811,16562,16687,16812 | -319.04   | -81.48   |
| 12  | 20         | 10000000 | 625000    | 476191   | 1       | 2     | 16   | io_uring | 12        | 16  | decrease  | desc        | asc        | 4096       | 396.62   | 77.45    | 6   | 17311,17436,17561,17312,17437,17562 | -319.17   | -80.47   |
| 11  | 20         | 10000000 | 625000    | 476191   | 1       | 2     | 16   | worker   | 12        | 16  | decrease  | asc         | desc       | 503036     | 5751.72  | 5432.32  | 6   | 15491,15616,15741,15492,15617,15742 | -319.4    | -5.55    |
| 10  | 20         | 10000000 | 625000    | 476191   | 1       | 2     | 16   | worker   | 12        | 16  | increase  | desc        | asc        | 440536     | 5013.69  | 4686.65  | 6   | 13611,13736,13861,13612,13737,13862 | -327.04   | -6.52    |
| 9   | 20         | 10000000 | 625000    | 476191   | 1       | 2     | 16   | io_uring | 12        | 16  | increase  | asc         | desc       | 4096       | 404.23   | 77.08    | 6   | 13186,13311,13436,13187,13312,13437 | -327.15   | -80.93   |
| 19  | 20         | 10000000 | 5000000   | 476191   | 1024    | 512   | 2    | io_uring | 12        | 16  | decrease  | asc         | asc        | 131072     | 1336.65  | 1004.59  | 6   | 29006,29146,29286,29007,29147,29287 | -332.06   | -24.84   |
| 15  | 60         | 10000000 | 5000000   | 156250   | 4096    | 32    | 2    | io_uring | 12        | 16  | decrease  | asc         | asc        | 131072     | 484.13   | 148.07   | 6   | 22286,22426,22566,22287,22427,22567 | -336.06   | -69.42   |
| 20  | 20         | 10000000 | 5000000   | 476191   | 1024    | 512   | 2    | worker   | 12        | 16  | decrease  | desc        | asc        | 131072     | 1431.49  | 1079.73  | 6   | 29846,29986,30126,29847,29987,30127 | -351.76   | -24.57   |
| 17  | 20         | 10000000 | 5000000   | 476191   | 1024    | 512   | 2    | worker   | 12        | 16  | increase  | asc         | desc       | 65536      | 735.38   | 379.27   | 6   | 25221,25361,25501,25222,25362,25502 | -356.11   | -48.43   |
| 10  | 20         | 10000000 | 625000    | 476191   | 1       | 2     | 16   | worker   | 12        | 16  | increase  | desc        | asc        | 503036     | 5729.28  | 5351.56  | 6   | 13616,13741,13866,13617,13742,13867 | -377.72   | -6.59    |
| 13  | 60         | 10000000 | 5000000   | 156250   | 4096    | 32    | 2    | io_uring | 12        | 16  | increase  | asc         | desc       | 131072     | 571.85   | 188.57   | 6   | 19346,19486,19626,19347,19487,19627 | -383.28   | -67.02   |
| 16  | 60         | 10000000 | 5000000   | 156250   | 4096    | 32    | 2    | worker   | 12        | 16  | decrease  | desc        | asc        | 131072     | 574.39   | 185.69   | 6   | 23126,23266,23406,23127,23267,23407 | -388.7    | -67.67   |
| 4   | 40         | 10000000 | 625000    | 238096   | 1048576 | 32    | 16   | worker   | 12        | 16  | decrease  | desc        | asc        | 2048       | 452.34   | 63.63    | 6   | 4556,4681,4806,4557,4682,4807       | -388.71   | -85.93   |
| 2   | 40         | 10000000 | 625000    | 238096   | 1048576 | 32    | 16   | worker   | 12        | 16  | increase  | desc        | asc        | 2048       | 452.64   | 63.05    | 6   | 1556,1681,1806,1557,1682,1807       | -389.59   | -86.07   |
| 1   | 40         | 10000000 | 625000    | 238096   | 1048576 | 32    | 16   | worker   | 12        | 16  | increase  | asc         | desc       | 2048       | 453.29   | 62.59    | 6   | 431,556,681,432,557,682             | -390.7    | -86.19   |
| 3   | 40         | 10000000 | 625000    | 238096   | 1048576 | 32    | 16   | worker   | 12        | 16  | decrease  | asc         | desc       | 2048       | 455.77   | 63.74    | 6   | 3431,3556,3681,3432,3557,3682       | -392.03   | -86.01   |
| 2   | 40         | 10000000 | 625000    | 238096   | 1048576 | 32    | 16   | io_uring | 12        | 16  | increase  | desc        | asc        | 2048       | 458.72   | 63.71    | 6   | 2306,2431,2556,2307,2432,2557       | -395.01   | -86.11   |
| 1   | 40         | 10000000 | 625000    | 238096   | 1048576 | 32    | 16   | io_uring | 12        | 16  | increase  | asc         | desc       | 2048       | 457.31   | 61.72    | 6   | 1181,1306,1431,1182,1307,1432       | -395.59   | -86.5    |
| 4   | 40         | 10000000 | 625000    | 238096   | 1048576 | 32    | 16   | io_uring | 12        | 16  | decrease  | desc        | asc        | 2048       | 459.33   | 62.55    | 6   | 5306,5431,5556,5307,5432,5557       | -396.78   | -86.38   |
| 3   | 40         | 10000000 | 625000    | 238096   | 1048576 | 32    | 16   | io_uring | 12        | 16  | decrease  | asc         | desc       | 2048       | 465.78   | 64.98    | 6   | 4181,4306,4431,4182,4307,4432       | -400.8    | -86.05   |
| 19  | 20         | 10000000 | 5000000   | 476191   | 1024    | 512   | 2    | worker   | 12        | 16  | decrease  | asc         | asc        | 4524288    | 45102.19 | 44695.44 | 6   | 28216,28356,28496,28217,28357,28497 | -406.75   | -0.9     |
| 11  | 20         | 10000000 | 625000    | 476191   | 1       | 2     | 16   | worker   | 12        | 16  | decrease  | asc         | desc       | 565536     | 6478.24  | 6050.15  | 6   | 15496,15621,15746,15497,15622,15747 | -428.09   | -6.61    |
| 10  | 20         | 10000000 | 625000    | 476191   | 1       | 2     | 16   | worker   | 12        | 16  | increase  | desc        | asc        | 565536     | 6456.15  | 6015.19  | 6   | 13621,13746,13871,13622,13747,13872 | -440.96   | -6.83    |
| 19  | 20         | 10000000 | 5000000   | 476191   | 1024    | 512   | 2    | worker   | 12        | 16  | decrease  | asc         | asc        | 65536      | 681.76   | 179.61   | 6   | 28161,28301,28441,28162,28302,28442 | -502.15   | -73.65   |
| 16  | 60         | 10000000 | 5000000   | 156250   | 4096    | 32    | 2    | worker   | 12        | 16  | decrease  | desc        | asc        | 262144     | 1130.21  | 613.73   | 6   | 23131,23271,23411,23132,23272,23412 | -516.48   | -45.7    |
| 16  | 60         | 10000000 | 5000000   | 156250   | 4096    | 32    | 2    | io_uring | 12        | 16  | decrease  | desc        | asc        | 262144     | 1160.57  | 635.07   | 6   | 23971,24111,24251,23972,24112,24252 | -525.5    | -45.28   |
| 13  | 60         | 10000000 | 5000000   | 156250   | 4096    | 32    | 2    | io_uring | 12        | 16  | increase  | asc         | desc       | 524288     | 2256.94  | 1730.01  | 6   | 19356,19496,19636,19357,19497,19637 | -526.93   | -23.35   |
| 3   | 40         | 10000000 | 625000    | 238096   | 1048576 | 32    | 16   | worker   | 12        | 16  | decrease  | asc         | asc        | 2048       | 587.55   | 47.64    | 6   | 3056,3181,3306,3057,3182,3307       | -539.91   | -91.89   |
| 1   | 40         | 10000000 | 625000    | 238096   | 1048576 | 32    | 16   | worker   | 12        | 16  | increase  | asc         | asc        | 2048       | 592.05   | 47.66    | 6   | 56,181,306,57,182,307               | -544.39   | -91.95   |
| 4   | 40         | 10000000 | 625000    | 238096   | 1048576 | 32    | 16   | worker   | 12        | 16  | decrease  | desc        | desc       | 2048       | 595.47   | 49.12    | 6   | 4931,5056,5181,4932,5057,5182       | -546.35   | -91.75   |
| 2   | 40         | 10000000 | 625000    | 238096   | 1048576 | 32    | 16   | worker   | 12        | 16  | increase  | desc        | desc       | 2048       | 598.07   | 44.58    | 6   | 1931,2056,2181,1932,2057,2182       | -553.49   | -92.55   |
| 11  | 20         | 10000000 | 625000    | 476191   | 1       | 2     | 16   | worker   | 12        | 16  | decrease  | asc         | asc        | 8192       | 740.92   | 185.5    | 6   | 15066,15191,15316,15067,15192,15317 | -555.42   | -74.96   |
| 2   | 40         | 10000000 | 625000    | 238096   | 1048576 | 32    | 16   | io_uring | 12        | 16  | increase  | desc        | desc       | 2048       | 609.73   | 49.88    | 6   | 2681,2806,2931,2682,2807,2932       | -559.85   | -91.82   |
| 1   | 40         | 10000000 | 625000    | 238096   | 1048576 | 32    | 16   | io_uring | 12        | 16  | increase  | asc         | asc        | 2048       | 604.29   | 43.24    | 6   | 806,931,1056,807,932,1057           | -561.05   | -92.84   |
| 11  | 20         | 10000000 | 625000    | 476191   | 1       | 2     | 16   | io_uring | 12        | 16  | decrease  | asc         | asc        | 8192       | 744.63   | 181.94   | 6   | 15816,15941,16066,15817,15942,16067 | -562.69   | -75.57   |
| 3   | 40         | 10000000 | 625000    | 238096   | 1048576 | 32    | 16   | io_uring | 12        | 16  | decrease  | asc         | asc        | 2048       | 612.57   | 48.61    | 6   | 3806,3931,4056,3807,3932,4057       | -563.96   | -92.06   |
| 10  | 20         | 10000000 | 625000    | 476191   | 1       | 2     | 16   | worker   | 12        | 16  | increase  | desc        | desc       | 8192       | 757.24   | 189.76   | 6   | 13941,14066,14191,13942,14067,14192 | -567.48   | -74.94   |
| 10  | 20         | 10000000 | 625000    | 476191   | 1       | 2     | 16   | io_uring | 12        | 16  | increase  | desc        | desc       | 8192       | 750.2    | 182.58   | 6   | 14691,14816,14941,14692,14817,14942 | -567.62   | -75.66   |
| 4   | 40         | 10000000 | 625000    | 238096   | 1048576 | 32    | 16   | io_uring | 12        | 16  | decrease  | desc        | desc       | 2048       | 623.86   | 50.22    | 6   | 5681,5806,5931,5682,5807,5932       | -573.64   | -91.95   |
| 9   | 20         | 10000000 | 625000    | 476191   | 1       | 2     | 16   | worker   | 12        | 16  | increase  | asc         | desc       | 8192       | 777.14   | 146.06   | 6   | 12441,12566,12691,12442,12567,12692 | -631.08   | -81.21   |
| 12  | 20         | 10000000 | 625000    | 476191   | 1       | 2     | 16   | worker   | 12        | 16  | decrease  | desc        | asc        | 8192       | 783.03   | 144.69   | 6   | 16566,16691,16816,16567,16692,16817 | -638.34   | -81.52   |
| 14  | 60         | 10000000 | 5000000   | 156250   | 4096    | 32    | 2    | worker   | 12        | 16  | increase  | desc        | desc       | 262144     | 930.12   | 289.15   | 6   | 20191,20331,20471,20192,20332,20472 | -640.97   | -68.91   |
| 9   | 20         | 10000000 | 625000    | 476191   | 1       | 2     | 16   | io_uring | 12        | 16  | increase  | asc         | desc       | 8192       | 791.38   | 149.0    | 6   | 13191,13316,13441,13192,13317,13442 | -642.38   | -81.17   |
| 15  | 60         | 10000000 | 5000000   | 156250   | 4096    | 32    | 2    | worker   | 12        | 16  | decrease  | asc         | asc        | 262144     | 935.36   | 286.59   | 6   | 21451,21591,21731,21452,21592,21732 | -648.77   | -69.36   |
| 12  | 20         | 10000000 | 625000    | 476191   | 1       | 2     | 16   | io_uring | 12        | 16  | decrease  | desc        | asc        | 8192       | 803.44   | 150.07   | 6   | 17316,17441,17566,17317,17442,17567 | -653.37   | -81.32   |
| 18  | 20         | 10000000 | 5000000   | 476191   | 1024    | 512   | 2    | io_uring | 12        | 16  | increase  | desc        | desc       | 262144     | 2663.49  | 1993.83  | 6   | 27751,27891,28031,27752,27892,28032 | -669.66   | -25.14   |
| 17  | 20         | 10000000 | 5000000   | 476191   | 1024    | 512   | 2    | io_uring | 12        | 16  | increase  | asc         | desc       | 262144     | 2898.41  | 2196.01  | 6   | 26071,26211,26351,26072,26212,26352 | -702.4    | -24.23   |
| 20  | 20         | 10000000 | 5000000   | 476191   | 1024    | 512   | 2    | io_uring | 12        | 16  | decrease  | desc        | asc        | 131072     | 1450.02  | 740.97   | 6   | 30686,30826,30966,30687,30827,30967 | -709.05   | -48.9    |
| 17  | 20         | 10000000 | 5000000   | 476191   | 1024    | 512   | 2    | worker   | 12        | 16  | increase  | asc         | desc       | 131072     | 1467.73  | 749.37   | 6   | 25226,25366,25506,25227,25367,25507 | -718.36   | -48.94   |
| 4   | 40         | 10000000 | 625000    | 238096   | 1048576 | 32    | 16   | worker   | 12        | 16  | decrease  | desc        | asc        | 4096       | 880.14   | 120.4    | 6   | 4561,4686,4811,4562,4687,4812       | -759.74   | -86.32   |
| 15  | 60         | 10000000 | 5000000   | 156250   | 4096    | 32    | 2    | worker   | 12        | 16  | decrease  | asc         | asc        | 1024288    | 3544.13  | 2775.31  | 6   | 21461,21601,21741,21462,21602,21742 | -768.82   | -21.69   |
| 2   | 40         | 10000000 | 625000    | 238096   | 1048576 | 32    | 16   | io_uring | 12        | 16  | increase  | desc        | asc        | 4096       | 893.62   | 124.05   | 6   | 2311,2436,2561,2312,2437,2562       | -769.57   | -86.12   |
| 3   | 40         | 10000000 | 625000    | 238096   | 1048576 | 32    | 16   | worker   | 12        | 16  | decrease  | asc         | desc       | 4096       | 897.15   | 123.5    | 6   | 3436,3561,3686,3437,3562,3687       | -773.65   | -86.23   |
| 2   | 40         | 10000000 | 625000    | 238096   | 1048576 | 32    | 16   | worker   | 12        | 16  | increase  | desc        | asc        | 4096       | 895.23   | 120.74   | 6   | 1561,1686,1811,1562,1687,1812       | -774.49   | -86.51   |
| 1   | 40         | 10000000 | 625000    | 238096   | 1048576 | 32    | 16   | io_uring | 12        | 16  | increase  | asc         | desc       | 4096       | 903.22   | 121.04   | 6   | 1186,1311,1436,1187,1312,1437       | -782.18   | -86.6    |
| 1   | 40         | 10000000 | 625000    | 238096   | 1048576 | 32    | 16   | worker   | 12        | 16  | increase  | asc         | desc       | 4096       | 896.73   | 114.24   | 6   | 436,561,686,437,562,687             | -782.49   | -87.26   |
| 4   | 40         | 10000000 | 625000    | 238096   | 1048576 | 32    | 16   | io_uring | 12        | 16  | decrease  | desc        | asc        | 4096       | 907.27   | 122.74   | 6   | 5311,5436,5561,5312,5437,5562       | -784.53   | -86.47   |
| 3   | 40         | 10000000 | 625000    | 238096   | 1048576 | 32    | 16   | io_uring | 12        | 16  | decrease  | asc         | desc       | 4096       | 915.23   | 119.84   | 6   | 4186,4311,4436,4187,4312,4437       | -795.39   | -86.91   |
| 14  | 60         | 10000000 | 5000000   | 156250   | 4096    | 32    | 2    | worker   | 12        | 16  | increase  | desc        | desc       | 524288     | 1836.24  | 982.8    | 6   | 20196,20336,20476,20197,20337,20477 | -853.44   | -46.48   |
| 14  | 60         | 10000000 | 5000000   | 156250   | 4096    | 32    | 2    | io_uring | 12        | 16  | increase  | desc        | desc       | 524288     | 1879.77  | 1006.79  | 6   | 21036,21176,21316,21037,21177,21317 | -872.98   | -46.44   |
| 19  | 20         | 10000000 | 5000000   | 476191   | 1024    | 512   | 2    | worker   | 12        | 16  | decrease  | asc         | asc        | 131072     | 1323.59  | 343.98   | 6   | 28166,28306,28446,28167,28307,28447 | -979.61   | -74.01   |
| 13  | 60         | 10000000 | 5000000   | 156250   | 4096    | 32    | 2    | io_uring | 12        | 16  | increase  | asc         | desc       | 1024288    | 4368.65  | 3387.14  | 6   | 19361,19501,19641,19362,19502,19642 | -981.51   | -22.47   |
| 1   | 40         | 10000000 | 625000    | 238096   | 1048576 | 32    | 16   | worker   | 12        | 16  | increase  | asc         | asc        | 4096       | 1123.67  | 89.3     | 6   | 61,186,311,62,187,312               | -1034.37  | -92.05   |
| 4   | 40         | 10000000 | 625000    | 238096   | 1048576 | 32    | 16   | worker   | 12        | 16  | decrease  | desc        | desc       | 4096       | 1121.54  | 84.59    | 6   | 4936,5061,5186,4937,5062,5187       | -1036.95  | -92.46   |
| 3   | 40         | 10000000 | 625000    | 238096   | 1048576 | 32    | 16   | worker   | 12        | 16  | decrease  | asc         | asc        | 4096       | 1132.16  | 88.95    | 6   | 3061,3186,3311,3062,3187,3312       | -1043.21  | -92.14   |
| 2   | 40         | 10000000 | 625000    | 238096   | 1048576 | 32    | 16   | worker   | 12        | 16  | increase  | desc        | desc       | 4096       | 1133.87  | 89.83    | 6   | 1936,2061,2186,1937,2062,2187       | -1044.04  | -92.08   |
| 1   | 40         | 10000000 | 625000    | 238096   | 1048576 | 32    | 16   | io_uring | 12        | 16  | increase  | asc         | asc        | 4096       | 1156.04  | 86.38    | 6   | 811,936,1061,812,937,1062           | -1069.66  | -92.53   |
| 3   | 40         | 10000000 | 625000    | 238096   | 1048576 | 32    | 16   | io_uring | 12        | 16  | decrease  | asc         | asc        | 4096       | 1155.49  | 84.37    | 6   | 3811,3936,4061,3812,3937,4062       | -1071.12  | -92.7    |
| 2   | 40         | 10000000 | 625000    | 238096   | 1048576 | 32    | 16   | io_uring | 12        | 16  | increase  | desc        | desc       | 4096       | 1161.35  | 87.39    | 6   | 2686,2811,2936,2687,2812,2937       | -1073.96  | -92.48   |
| 4   | 40         | 10000000 | 625000    | 238096   | 1048576 | 32    | 16   | io_uring | 12        | 16  | decrease  | desc        | desc       | 4096       | 1186.07  | 86.28    | 6   | 5686,5811,5936,5687,5812,5937       | -1099.79  | -92.73   |
| 11  | 20         | 10000000 | 625000    | 476191   | 1       | 2     | 16   | io_uring | 12        | 16  | decrease  | asc         | asc        | 16384      | 1479.51  | 363.1    | 6   | 15821,15946,16071,15822,15947,16072 | -1116.41  | -75.46   |
| 11  | 20         | 10000000 | 625000    | 476191   | 1       | 2     | 16   | worker   | 12        | 16  | decrease  | asc         | asc        | 16384      | 1480.95  | 355.34   | 6   | 15071,15196,15321,15072,15197,15322 | -1125.61  | -76.01   |
| 10  | 20         | 10000000 | 625000    | 476191   | 1       | 2     | 16   | worker   | 12        | 16  | increase  | desc        | desc       | 16384      | 1510.85  | 371.95   | 6   | 13946,14071,14196,13947,14072,14197 | -1138.9   | -75.38   |
| 10  | 20         | 10000000 | 625000    | 476191   | 1       | 2     | 16   | io_uring | 12        | 16  | increase  | desc        | desc       | 16384      | 1504.92  | 361.42   | 6   | 14696,14821,14946,14697,14822,14947 | -1143.5   | -75.98   |
| 14  | 60         | 10000000 | 5000000   | 156250   | 4096    | 32    | 2    | io_uring | 12        | 16  | increase  | desc        | desc       | 1524288    | 5337.69  | 4085.7   | 6   | 21046,21186,21326,21047,21187,21327 | -1251.99  | -23.46   |
| 12  | 20         | 10000000 | 625000    | 476191   | 1       | 2     | 16   | worker   | 12        | 16  | decrease  | desc        | asc        | 16384      | 1541.77  | 285.92   | 6   | 16571,16696,16821,16572,16697,16822 | -1255.85  | -81.46   |
| 9   | 20         | 10000000 | 625000    | 476191   | 1       | 2     | 16   | worker   | 12        | 16  | increase  | asc         | desc       | 16384      | 1546.35  | 289.0    | 6   | 12446,12571,12696,12447,12572,12697 | -1257.35  | -81.31   |
| 15  | 60         | 10000000 | 5000000   | 156250   | 4096    | 32    | 2    | worker   | 12        | 16  | decrease  | asc         | asc        | 524288     | 1825.98  | 559.78   | 6   | 21456,21596,21736,21457,21597,21737 | -1266.2   | -69.34   |
| 19  | 20         | 10000000 | 5000000   | 476191   | 1024    | 512   | 2    | io_uring | 12        | 16  | decrease  | asc         | asc        | 524288     | 5248.97  | 3979.43  | 6   | 29016,29156,29296,29017,29157,29297 | -1269.54  | -24.19   |
| 19  | 20         | 10000000 | 5000000   | 476191   | 1024    | 512   | 2    | worker   | 12        | 16  | decrease  | asc         | asc        | 524288     | 5192.16  | 3914.81  | 6   | 28176,28316,28456,28177,28317,28457 | -1277.35  | -24.6    |
| 15  | 60         | 10000000 | 5000000   | 156250   | 4096    | 32    | 2    | io_uring | 12        | 16  | decrease  | asc         | asc        | 524288     | 1845.38  | 548.51   | 6   | 22296,22436,22576,22297,22437,22577 | -1296.87  | -70.28   |
| 12  | 20         | 10000000 | 625000    | 476191   | 1       | 2     | 16   | io_uring | 12        | 16  | decrease  | desc        | asc        | 16384      | 1594.47  | 297.17   | 6   | 17321,17446,17571,17322,17447,17572 | -1297.3   | -81.36   |
| 9   | 20         | 10000000 | 625000    | 476191   | 1       | 2     | 16   | io_uring | 12        | 16  | increase  | asc         | desc       | 16384      | 1604.84  | 301.85   | 6   | 13196,13321,13446,13197,13322,13447 | -1302.99  | -81.19   |
| 19  | 20         | 10000000 | 5000000   | 476191   | 1024    | 512   | 2    | worker   | 12        | 16  | decrease  | asc         | asc        | 262144     | 2629.22  | 1325.42  | 6   | 28171,28311,28451,28172,28312,28452 | -1303.8   | -49.59   |
| 19  | 20         | 10000000 | 5000000   | 476191   | 1024    | 512   | 2    | io_uring | 12        | 16  | decrease  | asc         | asc        | 262144     | 2642.56  | 1338.27  | 6   | 29011,29151,29291,29012,29152,29292 | -1304.29  | -49.36   |
| 18  | 20         | 10000000 | 5000000   | 476191   | 1024    | 512   | 2    | io_uring | 12        | 16  | increase  | desc        | desc       | 524288     | 5300.85  | 3995.73  | 6   | 27756,27896,28036,27757,27897,28037 | -1305.12  | -24.62   |
| 18  | 20         | 10000000 | 5000000   | 476191   | 1024    | 512   | 2    | worker   | 12        | 16  | increase  | desc        | desc       | 262144     | 2645.5   | 1339.82  | 6   | 26911,27051,27191,26912,27052,27192 | -1305.68  | -49.35   |
| 18  | 20         | 10000000 | 5000000   | 476191   | 1024    | 512   | 2    | worker   | 12        | 16  | increase  | desc        | desc       | 524288     | 5324.1   | 3969.63  | 6   | 26916,27056,27196,26917,27057,27197 | -1354.47  | -25.44   |
| 17  | 20         | 10000000 | 5000000   | 476191   | 1024    | 512   | 2    | io_uring | 12        | 16  | increase  | asc         | desc       | 524288     | 5780.33  | 4374.61  | 6   | 26076,26216,26356,26077,26217,26357 | -1405.72  | -24.32   |
| 20  | 20         | 10000000 | 5000000   | 476191   | 1024    | 512   | 2    | io_uring | 12        | 16  | decrease  | desc        | asc        | 262144     | 2873.48  | 1464.43  | 6   | 30691,30831,30971,30692,30832,30972 | -1409.05  | -49.04   |
| 17  | 20         | 10000000 | 5000000   | 476191   | 1024    | 512   | 2    | worker   | 12        | 16  | increase  | asc         | desc       | 262144     | 2947.94  | 1517.65  | 6   | 25231,25371,25511,25232,25372,25512 | -1430.29  | -48.52   |
| 3   | 40         | 10000000 | 625000    | 238096   | 1048576 | 32    | 16   | worker   | 12        | 16  | decrease  | asc         | desc       | 8192       | 1685.91  | 242.83   | 6   | 3441,3566,3691,3442,3567,3692       | -1443.08  | -85.6    |
| 1   | 40         | 10000000 | 625000    | 238096   | 1048576 | 32    | 16   | worker   | 12        | 16  | increase  | asc         | desc       | 8192       | 1691.94  | 234.83   | 6   | 441,566,691,442,567,692             | -1457.11  | -86.12   |
| 2   | 40         | 10000000 | 625000    | 238096   | 1048576 | 32    | 16   | worker   | 12        | 16  | increase  | desc        | asc        | 8192       | 1718.89  | 238.67   | 6   | 1566,1691,1816,1567,1692,1817       | -1480.22  | -86.11   |
| 2   | 40         | 10000000 | 625000    | 238096   | 1048576 | 32    | 16   | io_uring | 12        | 16  | increase  | desc        | asc        | 8192       | 1730.39  | 240.52   | 6   | 2316,2441,2566,2317,2442,2567       | -1489.87  | -86.1    |
| 1   | 40         | 10000000 | 625000    | 238096   | 1048576 | 32    | 16   | io_uring | 12        | 16  | increase  | asc         | desc       | 8192       | 1732.82  | 240.23   | 6   | 1191,1316,1441,1192,1317,1442       | -1492.59  | -86.14   |
| 4   | 40         | 10000000 | 625000    | 238096   | 1048576 | 32    | 16   | worker   | 12        | 16  | decrease  | desc        | asc        | 8192       | 1726.08  | 229.42   | 6   | 4566,4691,4816,4567,4692,4817       | -1496.66  | -86.71   |
| 3   | 40         | 10000000 | 625000    | 238096   | 1048576 | 32    | 16   | io_uring | 12        | 16  | decrease  | asc         | desc       | 8192       | 1752.76  | 246.66   | 6   | 4191,4316,4441,4192,4317,4442       | -1506.1   | -85.93   |
| 4   | 40         | 10000000 | 625000    | 238096   | 1048576 | 32    | 16   | io_uring | 12        | 16  | decrease  | desc        | asc        | 8192       | 1756.01  | 238.52   | 6   | 5316,5441,5566,5317,5442,5567       | -1517.49  | -86.42   |
| 16  | 60         | 10000000 | 5000000   | 156250   | 4096    | 32    | 2    | io_uring | 12        | 16  | decrease  | desc        | asc        | 524288     | 2257.59  | 719.29   | 6   | 23976,24116,24256,23977,24117,24257 | -1538.3   | -68.14   |
| 16  | 60         | 10000000 | 5000000   | 156250   | 4096    | 32    | 2    | worker   | 12        | 16  | decrease  | desc        | asc        | 524288     | 2263.97  | 699.54   | 6   | 23136,23276,23416,23137,23277,23417 | -1564.43  | -69.1    |
| 13  | 60         | 10000000 | 5000000   | 156250   | 4096    | 32    | 2    | worker   | 12        | 16  | increase  | asc         | desc       | 524288     | 2289.43  | 702.75   | 6   | 18516,18656,18796,18517,18657,18797 | -1586.68  | -69.3    |
| 15  | 60         | 10000000 | 5000000   | 156250   | 4096    | 32    | 2    | io_uring | 12        | 16  | decrease  | asc         | asc        | 2024288    | 7037.27  | 5391.27  | 6   | 22311,22451,22591,22312,22452,22592 | -1646.0   | -23.39   |
| 15  | 60         | 10000000 | 5000000   | 156250   | 4096    | 32    | 2    | worker   | 12        | 16  | decrease  | asc         | asc        | 2024288    | 7058.22  | 5405.14  | 6   | 21471,21611,21751,21472,21612,21752 | -1653.08  | -23.42   |
| 3   | 40         | 10000000 | 625000    | 238096   | 1048576 | 32    | 16   | worker   | 12        | 16  | decrease  | asc         | asc        | 8192       | 2039.44  | 170.37   | 6   | 3066,3191,3316,3067,3192,3317       | -1869.07  | -91.65   |
| 4   | 40         | 10000000 | 625000    | 238096   | 1048576 | 32    | 16   | worker   | 12        | 16  | decrease  | desc        | desc       | 8192       | 2042.24  | 167.72   | 6   | 4941,5066,5191,4942,5067,5192       | -1874.52  | -91.79   |
| 3   | 40         | 10000000 | 625000    | 238096   | 1048576 | 32    | 16   | io_uring | 12        | 16  | decrease  | asc         | asc        | 8192       | 2092.46  | 160.79   | 6   | 3816,3941,4066,3817,3942,4067       | -1931.67  | -92.32   |
| 1   | 40         | 10000000 | 625000    | 238096   | 1048576 | 32    | 16   | io_uring | 12        | 16  | increase  | asc         | asc        | 8192       | 2100.05  | 165.05   | 6   | 816,941,1066,817,942,1067           | -1935.0   | -92.14   |
| 1   | 40         | 10000000 | 625000    | 238096   | 1048576 | 32    | 16   | worker   | 12        | 16  | increase  | asc         | asc        | 8192       | 2108.22  | 172.45   | 6   | 66,191,316,67,192,317               | -1935.77  | -91.82   |
| 2   | 40         | 10000000 | 625000    | 238096   | 1048576 | 32    | 16   | worker   | 12        | 16  | increase  | desc        | desc       | 8192       | 2107.7   | 167.42   | 6   | 1941,2066,2191,1942,2067,2192       | -1940.28  | -92.06   |
| 2   | 40         | 10000000 | 625000    | 238096   | 1048576 | 32    | 16   | io_uring | 12        | 16  | increase  | desc        | desc       | 8192       | 2115.76  | 173.11   | 6   | 2691,2816,2941,2692,2817,2942       | -1942.65  | -91.82   |
| 4   | 40         | 10000000 | 625000    | 238096   | 1048576 | 32    | 16   | io_uring | 12        | 16  | decrease  | desc        | desc       | 8192       | 2132.5   | 164.04   | 6   | 5691,5816,5941,5692,5817,5942       | -1968.46  | -92.31   |
| 16  | 60         | 10000000 | 5000000   | 156250   | 4096    | 32    | 2    | io_uring | 12        | 16  | decrease  | desc        | asc        | 1024288    | 4367.11  | 2376.28  | 6   | 23981,24121,24261,23982,24122,24262 | -1990.83  | -45.59   |
| 13  | 60         | 10000000 | 5000000   | 156250   | 4096    | 32    | 2    | worker   | 12        | 16  | increase  | asc         | desc       | 1024288    | 4325.35  | 2326.24  | 6   | 18521,18661,18801,18522,18662,18802 | -1999.11  | -46.22   |
| 14  | 60         | 10000000 | 5000000   | 156250   | 4096    | 32    | 2    | io_uring | 12        | 16  | increase  | desc        | desc       | 2524288    | 8794.8   | 6745.92  | 6   | 21056,21196,21336,21057,21197,21337 | -2048.88  | -23.3    |
| 11  | 20         | 10000000 | 625000    | 476191   | 1       | 2     | 16   | worker   | 12        | 16  | decrease  | asc         | asc        | 32768      | 2936.71  | 718.64   | 6   | 15076,15201,15326,15077,15202,15327 | -2218.07  | -75.53   |
| 10  | 20         | 10000000 | 625000    | 476191   | 1       | 2     | 16   | io_uring | 12        | 16  | increase  | desc        | desc       | 32768      | 2987.02  | 719.92   | 6   | 14701,14826,14951,14702,14827,14952 | -2267.1   | -75.9    |
| 11  | 20         | 10000000 | 625000    | 476191   | 1       | 2     | 16   | io_uring | 12        | 16  | decrease  | asc         | asc        | 32768      | 2989.19  | 720.68   | 6   | 15826,15951,16076,15827,15952,16077 | -2268.51  | -75.89   |
| 16  | 60         | 10000000 | 5000000   | 156250   | 4096    | 32    | 2    | io_uring | 12        | 16  | decrease  | desc        | asc        | 2524288    | 10740.47 | 8468.71  | 6   | 23996,24136,24276,23997,24137,24277 | -2271.76  | -21.15   |
| 10  | 20         | 10000000 | 625000    | 476191   | 1       | 2     | 16   | worker   | 12        | 16  | increase  | desc        | desc       | 32768      | 3018.9   | 723.79   | 6   | 13951,14076,14201,13952,14077,14202 | -2295.11  | -76.02   |
| 14  | 60         | 10000000 | 5000000   | 156250   | 4096    | 32    | 2    | worker   | 12        | 16  | increase  | desc        | desc       | 1524288    | 5289.0   | 2842.0   | 6   | 20206,20346,20486,20207,20347,20487 | -2447.0   | -46.27   |
| 18  | 20         | 10000000 | 5000000   | 476191   | 1024    | 512   | 2    | worker   | 12        | 16  | increase  | desc        | desc       | 1024288    | 10312.74 | 7834.6   | 6   | 26921,27061,27201,26922,27062,27202 | -2478.14  | -24.03   |
| 14  | 60         | 10000000 | 5000000   | 156250   | 4096    | 32    | 2    | worker   | 12        | 16  | increase  | desc        | desc       | 1024288    | 3585.46  | 1074.73  | 6   | 20201,20341,20481,20202,20342,20482 | -2510.73  | -70.03   |
| 15  | 60         | 10000000 | 5000000   | 156250   | 4096    | 32    | 2    | io_uring | 12        | 16  | decrease  | asc         | asc        | 1024288    | 3578.55  | 1064.14  | 6   | 22301,22441,22581,22302,22442,22582 | -2514.41  | -70.26   |
| 14  | 60         | 10000000 | 5000000   | 156250   | 4096    | 32    | 2    | io_uring | 12        | 16  | increase  | desc        | desc       | 1024288    | 3634.58  | 1109.14  | 6   | 21041,21181,21321,21042,21182,21322 | -2525.44  | -69.48   |
| 15  | 60         | 10000000 | 5000000   | 156250   | 4096    | 32    | 2    | worker   | 12        | 16  | decrease  | asc         | asc        | 1524288    | 5334.5   | 2803.53  | 6   | 21466,21606,21746,21467,21607,21747 | -2530.97  | -47.45   |
| 20  | 20         | 10000000 | 5000000   | 476191   | 1024    | 512   | 2    | io_uring | 12        | 16  | decrease  | desc        | asc        | 1024288    | 11226.98 | 8695.58  | 6   | 30701,30841,30981,30702,30842,30982 | -2531.4   | -22.55   |
| 9   | 20         | 10000000 | 625000    | 476191   | 1       | 2     | 16   | worker   | 12        | 16  | increase  | asc         | desc       | 32768      | 3112.37  | 576.61   | 6   | 12451,12576,12701,12452,12577,12702 | -2535.76  | -81.47   |
| 12  | 20         | 10000000 | 625000    | 476191   | 1       | 2     | 16   | io_uring | 12        | 16  | decrease  | desc        | asc        | 32768      | 3121.22  | 582.75   | 6   | 17326,17451,17576,17327,17452,17577 | -2538.47  | -81.33   |
| 12  | 20         | 10000000 | 625000    | 476191   | 1       | 2     | 16   | worker   | 12        | 16  | decrease  | desc        | asc        | 32768      | 3155.12  | 586.93   | 6   | 16576,16701,16826,16577,16702,16827 | -2568.19  | -81.4    |
| 9   | 20         | 10000000 | 625000    | 476191   | 1       | 2     | 16   | io_uring | 12        | 16  | increase  | asc         | desc       | 32768      | 3160.24  | 583.0    | 6   | 13201,13326,13451,13202,13327,13452 | -2577.24  | -81.55   |
| 2   | 40         | 10000000 | 625000    | 238096   | 1048576 | 32    | 16   | worker   | 12        | 16  | increase  | desc        | asc        | 16384      | 3195.38  | 461.73   | 6   | 1571,1696,1821,1572,1697,1822       | -2733.65  | -85.55   |
| 14  | 60         | 10000000 | 5000000   | 156250   | 4096    | 32    | 2    | worker   | 12        | 16  | increase  | desc        | desc       | 3524288    | 12112.09 | 9329.79  | 6   | 20226,20366,20506,20227,20367,20507 | -2782.3   | -22.97   |
| 14  | 60         | 10000000 | 5000000   | 156250   | 4096    | 32    | 2    | io_uring | 12        | 16  | increase  | desc        | desc       | 3524288    | 12214.26 | 9413.71  | 6   | 21066,21206,21346,21067,21207,21347 | -2800.55  | -22.93   |
| 1   | 40         | 10000000 | 625000    | 238096   | 1048576 | 32    | 16   | worker   | 12        | 16  | increase  | asc         | desc       | 16384      | 3259.57  | 458.62   | 6   | 446,571,696,447,572,697             | -2800.95  | -85.93   |
| 1   | 40         | 10000000 | 625000    | 238096   | 1048576 | 32    | 16   | io_uring | 12        | 16  | increase  | asc         | desc       | 16384      | 3274.33  | 465.68   | 6   | 1196,1321,1446,1197,1322,1447       | -2808.65  | -85.78   |
| 4   | 40         | 10000000 | 625000    | 238096   | 1048576 | 32    | 16   | worker   | 12        | 16  | decrease  | desc        | asc        | 16384      | 3256.71  | 447.07   | 6   | 4571,4696,4821,4572,4697,4822       | -2809.64  | -86.27   |
| 2   | 40         | 10000000 | 625000    | 238096   | 1048576 | 32    | 16   | io_uring | 12        | 16  | increase  | desc        | asc        | 16384      | 3302.94  | 486.67   | 6   | 2321,2446,2571,2322,2447,2572       | -2816.27  | -85.27   |
| 3   | 40         | 10000000 | 625000    | 238096   | 1048576 | 32    | 16   | worker   | 12        | 16  | decrease  | asc         | desc       | 16384      | 3297.39  | 470.07   | 6   | 3446,3571,3696,3447,3572,3697       | -2827.32  | -85.74   |
| 4   | 40         | 10000000 | 625000    | 238096   | 1048576 | 32    | 16   | io_uring | 12        | 16  | decrease  | desc        | asc        | 16384      | 3298.28  | 470.59   | 6   | 5321,5446,5571,5322,5447,5572       | -2827.69  | -85.73   |
| 17  | 20         | 10000000 | 5000000   | 476191   | 1024    | 512   | 2    | worker   | 12        | 16  | increase  | asc         | desc       | 524288     | 5750.21  | 2911.21  | 6   | 25236,25376,25516,25237,25377,25517 | -2839.0   | -49.37   |
| 3   | 40         | 10000000 | 625000    | 238096   | 1048576 | 32    | 16   | io_uring | 12        | 16  | decrease  | asc         | desc       | 16384      | 3346.55  | 489.76   | 6   | 4196,4321,4446,4197,4322,4447       | -2856.79  | -85.37   |
| 16  | 60         | 10000000 | 5000000   | 156250   | 4096    | 32    | 2    | io_uring | 12        | 16  | decrease  | desc        | asc        | 3024288    | 12834.21 | 9906.56  | 6   | 24001,24141,24281,24002,24142,24282 | -2927.65  | -22.81   |
| 16  | 60         | 10000000 | 5000000   | 156250   | 4096    | 32    | 2    | worker   | 12        | 16  | decrease  | desc        | asc        | 1524288    | 6425.28  | 3439.27  | 6   | 23146,23286,23426,23147,23287,23427 | -2986.01  | -46.47   |
| 16  | 60         | 10000000 | 5000000   | 156250   | 4096    | 32    | 2    | worker   | 12        | 16  | decrease  | desc        | asc        | 1024288    | 4393.75  | 1311.49  | 6   | 23141,23281,23421,23142,23282,23422 | -3082.26  | -70.15   |
| 3   | 40         | 10000000 | 625000    | 238096   | 1048576 | 32    | 16   | worker   | 12        | 16  | decrease  | asc         | asc        | 16384      | 3528.52  | 320.99   | 6   | 3071,3196,3321,3072,3197,3322       | -3207.53  | -90.9    |
| 4   | 40         | 10000000 | 625000    | 238096   | 1048576 | 32    | 16   | worker   | 12        | 16  | decrease  | desc        | desc       | 16384      | 3533.56  | 310.63   | 6   | 4946,5071,5196,4947,5072,5197       | -3222.93  | -91.21   |
| 1   | 40         | 10000000 | 625000    | 238096   | 1048576 | 32    | 16   | io_uring | 12        | 16  | increase  | asc         | asc        | 16384      | 3583.51  | 313.01   | 6   | 821,946,1071,822,947,1072           | -3270.5   | -91.27   |
| 1   | 40         | 10000000 | 625000    | 238096   | 1048576 | 32    | 16   | worker   | 12        | 16  | increase  | asc         | asc        | 16384      | 3622.84  | 323.78   | 6   | 71,196,321,72,197,322               | -3299.06  | -91.06   |
| 3   | 40         | 10000000 | 625000    | 238096   | 1048576 | 32    | 16   | io_uring | 12        | 16  | decrease  | asc         | asc        | 16384      | 3634.73  | 330.65   | 6   | 3821,3946,4071,3822,3947,4072       | -3304.08  | -90.9    |
| 4   | 40         | 10000000 | 625000    | 238096   | 1048576 | 32    | 16   | io_uring | 12        | 16  | decrease  | desc        | desc       | 16384      | 3646.19  | 325.74   | 6   | 5696,5821,5946,5697,5822,5947       | -3320.45  | -91.07   |
| 2   | 40         | 10000000 | 625000    | 238096   | 1048576 | 32    | 16   | worker   | 12        | 16  | increase  | desc        | desc       | 16384      | 3656.73  | 328.21   | 6   | 1946,2071,2196,1947,2072,2197       | -3328.52  | -91.02   |
| 2   | 40         | 10000000 | 625000    | 238096   | 1048576 | 32    | 16   | io_uring | 12        | 16  | increase  | desc        | desc       | 16384      | 3679.91  | 325.66   | 6   | 2696,2821,2946,2697,2822,2947       | -3354.25  | -91.15   |
| 14  | 60         | 10000000 | 5000000   | 156250   | 4096    | 32    | 2    | io_uring | 12        | 16  | increase  | desc        | desc       | 2024288    | 7186.51  | 3794.97  | 6   | 21051,21191,21331,21052,21192,21332 | -3391.54  | -47.19   |
| 15  | 60         | 10000000 | 5000000   | 156250   | 4096    | 32    | 2    | io_uring | 12        | 16  | decrease  | asc         | asc        | 4024288    | 14360.67 | 10811.43 | 6   | 22331,22471,22611,22332,22472,22612 | -3549.24  | -24.72   |
| 15  | 60         | 10000000 | 5000000   | 156250   | 4096    | 32    | 2    | io_uring | 12        | 16  | decrease  | asc         | asc        | 1524288    | 5323.37  | 1578.62  | 6   | 22306,22446,22586,22307,22447,22587 | -3744.75  | -70.35   |
| 13  | 60         | 10000000 | 5000000   | 156250   | 4096    | 32    | 2    | worker   | 12        | 16  | increase  | asc         | desc       | 2024288    | 8524.01  | 4644.57  | 6   | 18531,18671,18811,18532,18672,18812 | -3879.44  | -45.51   |
| 16  | 60         | 10000000 | 5000000   | 156250   | 4096    | 32    | 2    | io_uring | 12        | 16  | decrease  | desc        | asc        | 2024288    | 8605.79  | 4683.57  | 6   | 23991,24131,24271,23992,24132,24272 | -3922.22  | -45.58   |
| 13  | 60         | 10000000 | 5000000   | 156250   | 4096    | 32    | 2    | io_uring | 12        | 16  | increase  | asc         | desc       | 2024288    | 8618.06  | 4674.81  | 6   | 19371,19511,19651,19372,19512,19652 | -3943.25  | -45.76   |
| 16  | 60         | 10000000 | 5000000   | 156250   | 4096    | 32    | 2    | worker   | 12        | 16  | decrease  | desc        | asc        | 2024288    | 8510.87  | 4564.88  | 6   | 23151,23291,23431,23152,23292,23432 | -3945.99  | -46.36   |
| 15  | 60         | 10000000 | 5000000   | 156250   | 4096    | 32    | 2    | io_uring | 12        | 16  | decrease  | asc         | asc        | 2524288    | 8770.41  | 4653.82  | 6   | 22316,22456,22596,22317,22457,22597 | -4116.59  | -46.94   |
| 17  | 20         | 10000000 | 5000000   | 476191   | 1024    | 512   | 2    | io_uring | 12        | 16  | increase  | asc         | desc       | 1524288    | 16914.7  | 12736.15 | 6   | 26086,26226,26366,26087,26227,26367 | -4178.55  | -24.7    |
| 13  | 60         | 10000000 | 5000000   | 156250   | 4096    | 32    | 2    | io_uring | 12        | 16  | increase  | asc         | desc       | 1524288    | 6474.07  | 2075.23  | 6   | 19366,19506,19646,19367,19507,19647 | -4398.84  | -67.95   |
| 16  | 60         | 10000000 | 5000000   | 156250   | 4096    | 32    | 2    | io_uring | 12        | 16  | decrease  | desc        | asc        | 1524288    | 6496.03  | 2073.31  | 6   | 23986,24126,24266,23987,24127,24267 | -4422.72  | -68.08   |
| 11  | 20         | 10000000 | 625000    | 476191   | 1       | 2     | 16   | worker   | 12        | 16  | decrease  | asc         | asc        | 65536      | 5871.08  | 1430.51  | 6   | 15081,15206,15331,15082,15207,15332 | -4440.57  | -75.63   |
| 13  | 60         | 10000000 | 5000000   | 156250   | 4096    | 32    | 2    | worker   | 12        | 16  | increase  | asc         | desc       | 1524288    | 6431.61  | 1962.07  | 6   | 18526,18666,18806,18527,18667,18807 | -4469.54  | -69.49   |
| 10  | 20         | 10000000 | 625000    | 476191   | 1       | 2     | 16   | worker   | 12        | 16  | increase  | desc        | desc       | 65536      | 5916.06  | 1434.33  | 6   | 13956,14081,14206,13957,14082,14207 | -4481.73  | -75.76   |
| 11  | 20         | 10000000 | 625000    | 476191   | 1       | 2     | 16   | io_uring | 12        | 16  | decrease  | asc         | asc        | 65536      | 5930.08  | 1427.05  | 6   | 15831,15956,16081,15832,15957,16082 | -4503.03  | -75.94   |
| 10  | 20         | 10000000 | 625000    | 476191   | 1       | 2     | 16   | io_uring | 12        | 16  | increase  | desc        | desc       | 65536      | 5953.97  | 1433.09  | 6   | 14706,14831,14956,14707,14832,14957 | -4520.88  | -75.93   |
| 1   | 40         | 10000000 | 625000    | 238096   | 1048576 | 32    | 16   | worker   | 12        | 16  | increase  | asc         | asc        | 32768      | 5357.34  | 633.35   | 6   | 76,201,326,77,202,327               | -4723.99  | -88.18   |
| 3   | 40         | 10000000 | 625000    | 238096   | 1048576 | 32    | 16   | worker   | 12        | 16  | decrease  | asc         | asc        | 32768      | 5356.5   | 611.98   | 6   | 3076,3201,3326,3077,3202,3327       | -4744.52  | -88.58   |
| 2   | 40         | 10000000 | 625000    | 238096   | 1048576 | 32    | 16   | worker   | 12        | 16  | increase  | desc        | asc        | 32768      | 5626.76  | 875.8    | 6   | 1576,1701,1826,1577,1702,1827       | -4750.96  | -84.44   |
| 2   | 40         | 10000000 | 625000    | 238096   | 1048576 | 32    | 16   | worker   | 12        | 16  | increase  | desc        | desc       | 32768      | 5415.25  | 622.31   | 6   | 1951,2076,2201,1952,2077,2202       | -4792.94  | -88.51   |
| 4   | 40         | 10000000 | 625000    | 238096   | 1048576 | 32    | 16   | worker   | 12        | 16  | decrease  | desc        | desc       | 32768      | 5448.47  | 651.6    | 6   | 4951,5076,5201,4952,5077,5202       | -4796.87  | -88.04   |
| 3   | 40         | 10000000 | 625000    | 238096   | 1048576 | 32    | 16   | worker   | 12        | 16  | decrease  | asc         | asc        | 65536      | 6024.6   | 1208.42  | 6   | 3081,3206,3331,3082,3207,3332       | -4816.18  | -79.94   |
| 3   | 40         | 10000000 | 625000    | 238096   | 1048576 | 32    | 16   | worker   | 12        | 16  | decrease  | asc         | desc       | 32768      | 5743.92  | 909.26   | 6   | 3451,3576,3701,3452,3577,3702       | -4834.66  | -84.17   |
| 1   | 40         | 10000000 | 625000    | 238096   | 1048576 | 32    | 16   | worker   | 12        | 16  | increase  | asc         | asc        | 128036     | 6795.09  | 1945.37  | 6   | 86,211,336,87,212,337               | -4849.72  | -71.37   |
| 3   | 40         | 10000000 | 625000    | 238096   | 1048576 | 32    | 16   | worker   | 12        | 16  | decrease  | asc         | asc        | 128036     | 6828.61  | 1978.27  | 6   | 3086,3211,3336,3087,3212,3337       | -4850.34  | -71.03   |
| 1   | 40         | 10000000 | 625000    | 238096   | 1048576 | 32    | 16   | worker   | 12        | 16  | increase  | asc         | asc        | 65536      | 6084.27  | 1217.63  | 6   | 81,206,331,82,207,332               | -4866.64  | -79.99   |
| 13  | 60         | 10000000 | 5000000   | 156250   | 4096    | 32    | 2    | io_uring | 12        | 16  | increase  | asc         | desc       | 2524288    | 10792.56 | 5910.68  | 6   | 19376,19516,19656,19377,19517,19657 | -4881.88  | -45.23   |
| 15  | 60         | 10000000 | 5000000   | 156250   | 4096    | 32    | 2    | worker   | 12        | 16  | decrease  | asc         | asc        | 3024288    | 10415.43 | 5530.37  | 6   | 21481,21621,21761,21482,21622,21762 | -4885.06  | -46.9    |
| 14  | 60         | 10000000 | 5000000   | 156250   | 4096    | 32    | 2    | worker   | 12        | 16  | increase  | desc        | desc       | 3024288    | 10437.2  | 5546.49  | 6   | 20221,20361,20501,20222,20362,20502 | -4890.71  | -46.86   |
| 3   | 40         | 10000000 | 625000    | 238096   | 1048576 | 32    | 16   | io_uring | 12        | 16  | decrease  | asc         | asc        | 32768      | 5505.44  | 613.45   | 6   | 3826,3951,4076,3827,3952,4077       | -4891.99  | -88.86   |
| 2   | 40         | 10000000 | 625000    | 238096   | 1048576 | 32    | 16   | worker   | 12        | 16  | increase  | desc        | desc       | 128036     | 6818.67  | 1919.23  | 6   | 1961,2086,2211,1962,2087,2212       | -4899.44  | -71.85   |
| 4   | 40         | 10000000 | 625000    | 238096   | 1048576 | 32    | 16   | worker   | 12        | 16  | decrease  | desc        | desc       | 128036     | 6811.48  | 1902.48  | 6   | 4961,5086,5211,4962,5087,5212       | -4909.0   | -72.07   |
| 19  | 20         | 10000000 | 5000000   | 476191   | 1024    | 512   | 2    | worker   | 12        | 16  | decrease  | asc         | asc        | 2024288    | 19965.75 | 15049.36 | 6   | 28191,28331,28471,28192,28332,28472 | -4916.39  | -24.62   |
| 1   | 40         | 10000000 | 625000    | 238096   | 1048576 | 32    | 16   | io_uring | 12        | 16  | increase  | asc         | asc        | 128036     | 6869.56  | 1947.13  | 6   | 836,961,1086,837,962,1087           | -4922.43  | -71.66   |
| 4   | 40         | 10000000 | 625000    | 238096   | 1048576 | 32    | 16   | worker   | 12        | 16  | decrease  | desc        | asc        | 32768      | 5831.01  | 907.29   | 6   | 4576,4701,4826,4577,4702,4827       | -4923.72  | -84.44   |
| 4   | 40         | 10000000 | 625000    | 238096   | 1048576 | 32    | 16   | io_uring | 12        | 16  | decrease  | desc        | asc        | 32768      | 5884.6   | 955.06   | 6   | 5326,5451,5576,5327,5452,5577       | -4929.54  | -83.77   |
| 14  | 60         | 10000000 | 5000000   | 156250   | 4096    | 32    | 2    | worker   | 12        | 16  | increase  | desc        | desc       | 2024288    | 7019.45  | 2088.08  | 6   | 20211,20351,20491,20212,20352,20492 | -4931.37  | -70.25   |
| 1   | 40         | 10000000 | 625000    | 238096   | 1048576 | 32    | 16   | io_uring | 12        | 16  | increase  | asc         | asc        | 32768      | 5566.42  | 625.39   | 6   | 826,951,1076,827,952,1077           | -4941.03  | -88.76   |
| 2   | 40         | 10000000 | 625000    | 238096   | 1048576 | 32    | 16   | worker   | 12        | 16  | increase  | desc        | desc       | 65536      | 6178.26  | 1230.9   | 6   | 1956,2081,2206,1957,2082,2207       | -4947.36  | -80.08   |
| 4   | 40         | 10000000 | 625000    | 238096   | 1048576 | 32    | 16   | io_uring | 12        | 16  | decrease  | desc        | desc       | 32768      | 5569.08  | 608.61   | 6   | 5701,5826,5951,5702,5827,5952       | -4960.47  | -89.07   |
| 1   | 40         | 10000000 | 625000    | 238096   | 1048576 | 32    | 16   | worker   | 12        | 16  | increase  | asc         | desc       | 32768      | 5854.16  | 891.56   | 6   | 451,576,701,452,577,702             | -4962.6   | -84.77   |
| 3   | 40         | 10000000 | 625000    | 238096   | 1048576 | 32    | 16   | io_uring | 12        | 16  | decrease  | asc         | desc       | 32768      | 5885.57  | 910.98   | 6   | 4201,4326,4451,4202,4327,4452       | -4974.59  | -84.52   |
| 4   | 40         | 10000000 | 625000    | 238096   | 1048576 | 32    | 16   | io_uring | 12        | 16  | decrease  | desc        | desc       | 128036     | 6911.97  | 1928.63  | 6   | 5711,5836,5961,5712,5837,5962       | -4983.34  | -72.1    |
| 19  | 20         | 10000000 | 5000000   | 476191   | 1024    | 512   | 2    | io_uring | 12        | 16  | decrease  | asc         | asc        | 2024288    | 20191.07 | 15203.56 | 6   | 29031,29171,29311,29032,29172,29312 | -4987.51  | -24.7    |
| 16  | 60         | 10000000 | 5000000   | 156250   | 4096    | 32    | 2    | worker   | 12        | 16  | decrease  | desc        | asc        | 2524288    | 10758.4  | 5768.22  | 6   | 23156,23296,23436,23157,23297,23437 | -4990.18  | -46.38   |
| 1   | 40         | 10000000 | 625000    | 238096   | 1048576 | 32    | 16   | io_uring | 12        | 16  | increase  | asc         | desc       | 32768      | 5899.88  | 902.25   | 6   | 1201,1326,1451,1202,1327,1452       | -4997.63  | -84.71   |
| 2   | 40         | 10000000 | 625000    | 238096   | 1048576 | 32    | 16   | io_uring | 12        | 16  | increase  | desc        | desc       | 32768      | 5637.88  | 628.76   | 6   | 2701,2826,2951,2702,2827,2952       | -5009.12  | -88.85   |
| 3   | 40         | 10000000 | 625000    | 238096   | 1048576 | 32    | 16   | io_uring | 12        | 16  | decrease  | asc         | asc        | 65536      | 6229.95  | 1220.39  | 6   | 3831,3956,4081,3832,3957,4082       | -5009.56  | -80.41   |
| 2   | 40         | 10000000 | 625000    | 238096   | 1048576 | 32    | 16   | io_uring | 12        | 16  | increase  | desc        | asc        | 32768      | 5903.83  | 884.76   | 6   | 2326,2451,2576,2327,2452,2577       | -5019.07  | -85.01   |
| 3   | 40         | 10000000 | 625000    | 238096   | 1048576 | 32    | 16   | io_uring | 12        | 16  | decrease  | asc         | asc        | 128036     | 6933.71  | 1914.44  | 6   | 3836,3961,4086,3837,3962,4087       | -5019.27  | -72.39   |
| 9   | 20         | 10000000 | 625000    | 476191   | 1       | 2     | 16   | worker   | 12        | 16  | increase  | asc         | desc       | 65536      | 6200.72  | 1147.51  | 6   | 12456,12581,12706,12457,12582,12707 | -5053.21  | -81.49   |
| 1   | 40         | 10000000 | 625000    | 238096   | 1048576 | 32    | 16   | io_uring | 12        | 16  | increase  | asc         | asc        | 65536      | 6286.96  | 1219.53  | 6   | 831,956,1081,832,957,1082           | -5067.43  | -80.6    |
| 4   | 40         | 10000000 | 625000    | 238096   | 1048576 | 32    | 16   | io_uring | 12        | 16  | decrease  | desc        | desc       | 190536     | 7394.29  | 2320.73  | 6   | 5716,5841,5966,5717,5842,5967       | -5073.56  | -68.61   |
| 19  | 20         | 10000000 | 5000000   | 476191   | 1024    | 512   | 2    | io_uring | 12        | 16  | decrease  | asc         | asc        | 1024288    | 10225.45 | 5148.84  | 6   | 29021,29161,29301,29022,29162,29302 | -5076.61  | -49.65   |
| 4   | 40         | 10000000 | 625000    | 238096   | 1048576 | 32    | 16   | worker   | 12        | 16  | decrease  | desc        | desc       | 190536     | 7278.24  | 2197.43  | 6   | 4966,5091,5216,4967,5092,5217       | -5080.81  | -69.81   |
| 2   | 40         | 10000000 | 625000    | 238096   | 1048576 | 32    | 16   | io_uring | 12        | 16  | increase  | desc        | desc       | 128036     | 7012.42  | 1930.39  | 6   | 2711,2836,2961,2712,2837,2962       | -5082.03  | -72.47   |
| 9   | 20         | 10000000 | 625000    | 476191   | 1       | 2     | 16   | io_uring | 12        | 16  | increase  | asc         | desc       | 65536      | 6321.01  | 1205.24  | 6   | 13206,13331,13456,13207,13332,13457 | -5115.77  | -80.93   |
| 12  | 20         | 10000000 | 625000    | 476191   | 1       | 2     | 16   | worker   | 12        | 16  | decrease  | desc        | asc        | 65536      | 6289.13  | 1163.31  | 6   | 16581,16706,16831,16582,16707,16832 | -5125.82  | -81.5    |
| 2   | 40         | 10000000 | 625000    | 238096   | 1048576 | 32    | 16   | io_uring | 12        | 16  | increase  | desc        | desc       | 65536      | 6368.44  | 1238.42  | 6   | 2706,2831,2956,2707,2832,2957       | -5130.02  | -80.55   |
| 3   | 40         | 10000000 | 625000    | 238096   | 1048576 | 32    | 16   | worker   | 12        | 16  | decrease  | asc         | asc        | 190536     | 7300.47  | 2168.77  | 6   | 3091,3216,3341,3092,3217,3342       | -5131.7   | -70.29   |
| 12  | 20         | 10000000 | 625000    | 476191   | 1       | 2     | 16   | io_uring | 12        | 16  | decrease  | desc        | asc        | 65536      | 6334.71  | 1201.21  | 6   | 17331,17456,17581,17332,17457,17582 | -5133.5   | -81.04   |
| 1   | 40         | 10000000 | 625000    | 238096   | 1048576 | 32    | 16   | io_uring | 12        | 16  | increase  | asc         | asc        | 190536     | 7402.37  | 2255.35  | 6   | 841,966,1091,842,967,1092           | -5147.02  | -69.53   |
| 4   | 40         | 10000000 | 625000    | 238096   | 1048576 | 32    | 16   | worker   | 12        | 16  | decrease  | desc        | desc       | 65536      | 6319.87  | 1168.93  | 6   | 4956,5081,5206,4957,5082,5207       | -5150.94  | -81.5    |
| 1   | 40         | 10000000 | 625000    | 238096   | 1048576 | 32    | 16   | worker   | 12        | 16  | increase  | asc         | asc        | 253036     | 7643.93  | 2472.67  | 6   | 96,221,346,97,222,347               | -5171.26  | -67.65   |
| 1   | 40         | 10000000 | 625000    | 238096   | 1048576 | 32    | 16   | worker   | 12        | 16  | increase  | asc         | asc        | 190536     | 7434.59  | 2239.28  | 6   | 91,216,341,92,217,342               | -5195.31  | -69.88   |
| 4   | 40         | 10000000 | 625000    | 238096   | 1048576 | 32    | 16   | worker   | 12        | 16  | decrease  | desc        | desc       | 253036     | 7652.9   | 2437.91  | 6   | 4971,5096,5221,4972,5097,5222       | -5214.99  | -68.14   |
| 4   | 40         | 10000000 | 625000    | 238096   | 1048576 | 32    | 16   | io_uring | 12        | 16  | decrease  | desc        | desc       | 65536      | 6399.98  | 1177.86  | 6   | 5706,5831,5956,5707,5832,5957       | -5222.12  | -81.6    |
| 18  | 20         | 10000000 | 5000000   | 476191   | 1024    | 512   | 2    | worker   | 12        | 16  | increase  | desc        | desc       | 2024288    | 20375.2  | 15145.65 | 6   | 26931,27071,27211,26932,27072,27212 | -5229.55  | -25.67   |
| 2   | 40         | 10000000 | 625000    | 238096   | 1048576 | 32    | 16   | worker   | 12        | 16  | increase  | desc        | desc       | 190536     | 7487.88  | 2237.84  | 6   | 1966,2091,2216,1967,2092,2217       | -5250.04  | -70.11   |
| 1   | 40         | 10000000 | 625000    | 238096   | 1048576 | 32    | 16   | worker   | 12        | 16  | increase  | asc         | asc        | 315536     | 7962.55  | 2670.72  | 6   | 101,226,351,102,227,352             | -5291.83  | -66.46   |
| 1   | 40         | 10000000 | 625000    | 238096   | 1048576 | 32    | 16   | io_uring | 12        | 16  | increase  | asc         | asc        | 253036     | 7843.99  | 2541.14  | 6   | 846,971,1096,847,972,1097           | -5302.85  | -67.6    |
| 4   | 40         | 10000000 | 625000    | 238096   | 1048576 | 32    | 16   | io_uring | 12        | 16  | decrease  | desc        | desc       | 253036     | 7822.12  | 2502.98  | 6   | 5721,5846,5971,5722,5847,5972       | -5319.14  | -68.0    |
| 1   | 40         | 10000000 | 625000    | 238096   | 1048576 | 32    | 16   | worker   | 12        | 16  | increase  | asc         | asc        | 378036     | 8204.0   | 2880.01  | 6   | 106,231,356,107,232,357             | -5323.99  | -64.9    |
| 3   | 40         | 10000000 | 625000    | 238096   | 1048576 | 32    | 16   | io_uring | 12        | 16  | decrease  | asc         | asc        | 190536     | 7548.69  | 2217.35  | 6   | 3841,3966,4091,3842,3967,4092       | -5331.34  | -70.63   |
| 4   | 40         | 10000000 | 625000    | 238096   | 1048576 | 32    | 16   | worker   | 12        | 16  | decrease  | desc        | desc       | 315536     | 8030.27  | 2689.62  | 6   | 4976,5101,5226,4977,5102,5227       | -5340.65  | -66.51   |
| 20  | 20         | 10000000 | 5000000   | 476191   | 1024    | 512   | 2    | worker   | 12        | 16  | decrease  | desc        | asc        | 2024288    | 21684.08 | 16330.47 | 6   | 29871,30011,30151,29872,30012,30152 | -5353.61  | -24.69   |
| 4   | 40         | 10000000 | 625000    | 238096   | 1048576 | 32    | 16   | worker   | 12        | 16  | decrease  | desc        | desc       | 378036     | 8464.59  | 3103.35  | 6   | 4981,5106,5231,4982,5107,5232       | -5361.24  | -63.34   |
| 2   | 40         | 10000000 | 625000    | 238096   | 1048576 | 32    | 16   | io_uring | 12        | 16  | increase  | desc        | desc       | 190536     | 7655.43  | 2284.13  | 6   | 2716,2841,2966,2717,2842,2967       | -5371.3   | -70.16   |
| 20  | 20         | 10000000 | 5000000   | 476191   | 1024    | 512   | 2    | worker   | 12        | 16  | decrease  | desc        | asc        | 1024288    | 10980.91 | 5584.35  | 6   | 29861,30001,30141,29862,30002,30142 | -5396.56  | -49.14   |
| 4   | 40         | 10000000 | 625000    | 238096   | 1048576 | 32    | 16   | worker   | 12        | 16  | decrease  | desc        | desc       | 503036     | 8729.77  | 3323.23  | 6   | 4991,5116,5241,4992,5117,5242       | -5406.54  | -61.93   |
| 1   | 40         | 10000000 | 625000    | 238096   | 1048576 | 32    | 16   | worker   | 12        | 16  | increase  | asc         | asc        | 440536     | 8449.92  | 3040.64  | 6   | 111,236,361,112,237,362             | -5409.28  | -64.02   |
| 1   | 40         | 10000000 | 625000    | 238096   | 1048576 | 32    | 16   | io_uring | 12        | 16  | increase  | asc         | asc        | 315536     | 8167.67  | 2741.59  | 6   | 851,976,1101,852,977,1102           | -5426.08  | -66.43   |
| 2   | 40         | 10000000 | 625000    | 238096   | 1048576 | 32    | 16   | io_uring | 12        | 16  | increase  | desc        | desc       | 253036     | 8061.47  | 2615.03  | 6   | 2721,2846,2971,2722,2847,2972       | -5446.44  | -67.56   |
| 1   | 40         | 10000000 | 625000    | 238096   | 1048576 | 32    | 16   | worker   | 12        | 16  | increase  | asc         | asc        | 565536     | 8804.89  | 3354.86  | 6   | 121,246,371,122,247,372             | -5450.03  | -61.9    |
| 1   | 40         | 10000000 | 625000    | 238096   | 1048576 | 32    | 16   | io_uring | 12        | 16  | increase  | asc         | asc        | 440536     | 8685.86  | 3229.1   | 6   | 861,986,1111,862,987,1112           | -5456.76  | -62.82   |
| 3   | 40         | 10000000 | 625000    | 238096   | 1048576 | 32    | 16   | io_uring | 12        | 16  | decrease  | asc         | asc        | 253036     | 7996.69  | 2524.22  | 6   | 3846,3971,4096,3847,3972,4097       | -5472.47  | -68.43   |
| 2   | 40         | 10000000 | 625000    | 238096   | 1048576 | 32    | 16   | worker   | 12        | 16  | increase  | desc        | desc       | 253036     | 7952.39  | 2479.66  | 6   | 1971,2096,2221,1972,2097,2222       | -5472.73  | -68.82   |
| 4   | 40         | 10000000 | 625000    | 238096   | 1048576 | 32    | 16   | worker   | 12        | 16  | decrease  | desc        | desc       | 440536     | 8523.18  | 3047.02  | 6   | 4986,5111,5236,4987,5112,5237       | -5476.16  | -64.25   |
| 1   | 40         | 10000000 | 625000    | 238096   | 1048576 | 32    | 16   | worker   | 12        | 16  | increase  | asc         | asc        | 503036     | 8691.04  | 3203.97  | 6   | 116,241,366,117,242,367             | -5487.07  | -63.13   |
| 4   | 40         | 10000000 | 625000    | 238096   | 1048576 | 32    | 16   | io_uring | 12        | 16  | decrease  | desc        | desc       | 565536     | 8993.3   | 3505.95  | 6   | 5746,5871,5996,5747,5872,5997       | -5487.35  | -61.02   |
| 4   | 40         | 10000000 | 625000    | 238096   | 1048576 | 32    | 16   | worker   | 12        | 16  | decrease  | desc        | desc       | 565536     | 8884.43  | 3394.92  | 6   | 4996,5121,5246,4997,5122,5247       | -5489.51  | -61.79   |
| 4   | 40         | 10000000 | 625000    | 238096   | 1048576 | 32    | 16   | io_uring | 12        | 16  | decrease  | desc        | desc       | 440536     | 8657.23  | 3164.99  | 6   | 5736,5861,5986,5737,5862,5987       | -5492.24  | -63.44   |
| 3   | 40         | 10000000 | 625000    | 238096   | 1048576 | 32    | 16   | worker   | 12        | 16  | decrease  | asc         | asc        | 253036     | 7926.04  | 2425.97  | 6   | 3096,3221,3346,3097,3222,3347       | -5500.07  | -69.39   |
| 4   | 40         | 10000000 | 625000    | 238096   | 1048576 | 32    | 16   | io_uring | 12        | 16  | decrease  | desc        | desc       | 503036     | 8845.69  | 3337.8   | 6   | 5741,5866,5991,5742,5867,5992       | -5507.89  | -62.27   |
| 4   | 40         | 10000000 | 625000    | 238096   | 1048576 | 32    | 16   | io_uring | 12        | 16  | decrease  | desc        | desc       | 315536     | 8235.73  | 2725.79  | 6   | 5726,5851,5976,5727,5852,5977       | -5509.94  | -66.9    |
| 1   | 40         | 10000000 | 625000    | 238096   | 1048576 | 32    | 16   | io_uring | 12        | 16  | increase  | asc         | asc        | 378036     | 8433.43  | 2888.33  | 6   | 856,981,1106,857,982,1107           | -5545.1   | -65.75   |
| 4   | 40         | 10000000 | 625000    | 238096   | 1048576 | 32    | 16   | io_uring | 12        | 16  | decrease  | desc        | desc       | 378036     | 8487.78  | 2936.92  | 6   | 5731,5856,5981,5732,5857,5982       | -5550.86  | -65.4    |
| 17  | 20         | 10000000 | 5000000   | 476191   | 1024    | 512   | 2    | worker   | 12        | 16  | increase  | asc         | desc       | 1024288    | 11215.97 | 5663.73  | 6   | 25241,25381,25521,25242,25382,25522 | -5552.24  | -49.5    |
| 1   | 40         | 10000000 | 625000    | 238096   | 1048576 | 32    | 16   | io_uring | 12        | 16  | increase  | asc         | asc        | 565536     | 9032.89  | 3478.55  | 6   | 871,996,1121,872,997,1122           | -5554.34  | -61.49   |
| 1   | 40         | 10000000 | 625000    | 238096   | 1048576 | 32    | 16   | io_uring | 12        | 16  | increase  | asc         | asc        | 503036     | 9007.03  | 3398.09  | 6   | 866,991,1116,867,992,1117           | -5608.94  | -62.27   |
| 3   | 40         | 10000000 | 625000    | 238096   | 1048576 | 32    | 16   | worker   | 12        | 16  | decrease  | asc         | asc        | 315536     | 8368.4   | 2738.39  | 6   | 3101,3226,3351,3102,3227,3352       | -5630.01  | -67.28   |
| 2   | 40         | 10000000 | 625000    | 238096   | 1048576 | 32    | 16   | worker   | 12        | 16  | increase  | desc        | desc       | 315536     | 8350.74  | 2710.96  | 6   | 1976,2101,2226,1977,2102,2227       | -5639.78  | -67.54   |
| 3   | 40         | 10000000 | 625000    | 238096   | 1048576 | 32    | 16   | worker   | 12        | 16  | decrease  | asc         | asc        | 378036     | 8607.28  | 2905.22  | 6   | 3106,3231,3356,3107,3232,3357       | -5702.06  | -66.25   |
| 15  | 60         | 10000000 | 5000000   | 156250   | 4096    | 32    | 2    | worker   | 12        | 16  | decrease  | asc         | asc        | 3524288    | 12117.27 | 6413.62  | 6   | 21486,21626,21766,21487,21627,21767 | -5703.65  | -47.07   |
| 15  | 60         | 10000000 | 5000000   | 156250   | 4096    | 32    | 2    | io_uring | 12        | 16  | decrease  | asc         | asc        | 3524288    | 12222.74 | 6512.9   | 6   | 22326,22466,22606,22327,22467,22607 | -5709.84  | -46.71   |
| 3   | 40         | 10000000 | 625000    | 238096   | 1048576 | 32    | 16   | io_uring | 12        | 16  | decrease  | asc         | asc        | 315536     | 8474.36  | 2757.14  | 6   | 3851,3976,4101,3852,3977,4102       | -5717.22  | -67.46   |
| 2   | 40         | 10000000 | 625000    | 238096   | 1048576 | 32    | 16   | worker   | 12        | 16  | increase  | desc        | desc       | 378036     | 8721.52  | 2934.85  | 6   | 1981,2106,2231,1982,2107,2232       | -5786.67  | -66.35   |
| 2   | 40         | 10000000 | 625000    | 238096   | 1048576 | 32    | 16   | io_uring | 12        | 16  | increase  | desc        | desc       | 315536     | 8596.27  | 2805.85  | 6   | 2726,2851,2976,2727,2852,2977       | -5790.42  | -67.36   |
| 3   | 40         | 10000000 | 625000    | 238096   | 1048576 | 32    | 16   | io_uring | 12        | 16  | decrease  | asc         | asc        | 378036     | 8853.9   | 2985.7   | 6   | 3856,3981,4106,3857,3982,4107       | -5868.2   | -66.28   |
| 3   | 40         | 10000000 | 625000    | 238096   | 1048576 | 32    | 16   | worker   | 12        | 16  | decrease  | asc         | asc        | 440536     | 8993.74  | 3114.28  | 6   | 3111,3236,3361,3112,3237,3362       | -5879.46  | -65.37   |
| 16  | 60         | 10000000 | 5000000   | 156250   | 4096    | 32    | 2    | worker   | 12        | 16  | decrease  | desc        | asc        | 3024288    | 12711.31 | 6822.79  | 6   | 23161,23301,23441,23162,23302,23442 | -5888.52  | -46.33   |
| 13  | 60         | 10000000 | 5000000   | 156250   | 4096    | 32    | 2    | worker   | 12        | 16  | increase  | asc         | desc       | 3024288    | 12730.31 | 6792.73  | 6   | 18541,18681,18821,18542,18682,18822 | -5937.58  | -46.64   |
| 2   | 40         | 10000000 | 625000    | 238096   | 1048576 | 32    | 16   | io_uring | 12        | 16  | increase  | desc        | desc       | 378036     | 8937.95  | 2984.13  | 6   | 2731,2856,2981,2732,2857,2982       | -5953.82  | -66.61   |
| 2   | 40         | 10000000 | 625000    | 238096   | 1048576 | 32    | 16   | worker   | 12        | 16  | increase  | desc        | desc       | 440536     | 9222.89  | 3203.13  | 6   | 1986,2111,2236,1987,2112,2237       | -6019.76  | -65.27   |
| 3   | 40         | 10000000 | 625000    | 238096   | 1048576 | 32    | 16   | io_uring | 12        | 16  | decrease  | asc         | asc        | 440536     | 9306.77  | 3268.6   | 6   | 3861,3986,4111,3862,3987,4112       | -6038.17  | -64.88   |
| 3   | 40         | 10000000 | 625000    | 238096   | 1048576 | 32    | 16   | worker   | 12        | 16  | decrease  | asc         | asc        | 565536     | 9476.71  | 3429.14  | 6   | 3121,3246,3371,3122,3247,3372       | -6047.57  | -63.82   |
| 3   | 40         | 10000000 | 625000    | 238096   | 1048576 | 32    | 16   | worker   | 12        | 16  | decrease  | asc         | asc        | 503036     | 9351.49  | 3298.57  | 6   | 3116,3241,3366,3117,3242,3367       | -6052.92  | -64.73   |
| 15  | 60         | 10000000 | 5000000   | 156250   | 4096    | 32    | 2    | worker   | 12        | 16  | decrease  | asc         | asc        | 2524288    | 8661.52  | 2596.81  | 6   | 21476,21616,21756,21477,21617,21757 | -6064.71  | -70.02   |
| 2   | 40         | 10000000 | 625000    | 238096   | 1048576 | 32    | 16   | io_uring | 12        | 16  | increase  | desc        | desc       | 440536     | 9334.09  | 3212.01  | 6   | 2736,2861,2986,2737,2862,2987       | -6122.08  | -65.59   |
| 2   | 40         | 10000000 | 625000    | 238096   | 1048576 | 32    | 16   | worker   | 12        | 16  | increase  | desc        | desc       | 503036     | 9469.97  | 3311.34  | 6   | 1991,2116,2241,1992,2117,2242       | -6158.63  | -65.03   |
| 2   | 40         | 10000000 | 625000    | 238096   | 1048576 | 32    | 16   | worker   | 12        | 16  | increase  | desc        | desc       | 565536     | 9718.11  | 3514.65  | 6   | 1996,2121,2246,1997,2122,2247       | -6203.46  | -63.83   |
| 3   | 40         | 10000000 | 625000    | 238096   | 1048576 | 32    | 16   | io_uring | 12        | 16  | decrease  | asc         | asc        | 565536     | 9735.45  | 3528.53  | 6   | 3871,3996,4121,3872,3997,4122       | -6206.92  | -63.76   |
| 2   | 40         | 10000000 | 625000    | 238096   | 1048576 | 32    | 16   | io_uring | 12        | 16  | increase  | desc        | desc       | 503036     | 9591.19  | 3365.84  | 6   | 2741,2866,2991,2742,2867,2992       | -6225.35  | -64.91   |
| 2   | 40         | 10000000 | 625000    | 238096   | 1048576 | 32    | 16   | io_uring | 12        | 16  | increase  | desc        | desc       | 565536     | 9876.43  | 3529.86  | 6   | 2746,2871,2996,2747,2872,2997       | -6346.57  | -64.26   |
| 3   | 40         | 10000000 | 625000    | 238096   | 1048576 | 32    | 16   | io_uring | 12        | 16  | decrease  | asc         | asc        | 503036     | 9748.09  | 3346.12  | 6   | 3866,3991,4116,3867,3992,4117       | -6401.97  | -65.67   |
| 14  | 60         | 10000000 | 5000000   | 156250   | 4096    | 32    | 2    | worker   | 12        | 16  | increase  | desc        | desc       | 2524288    | 9036.63  | 2621.06  | 6   | 20216,20356,20496,20217,20357,20497 | -6415.57  | -71.0    |
| 15  | 60         | 10000000 | 5000000   | 156250   | 4096    | 32    | 2    | worker   | 12        | 16  | decrease  | asc         | asc        | 4024288    | 13819.0  | 7353.22  | 6   | 21491,21631,21771,21492,21632,21772 | -6465.78  | -46.79   |
| 20  | 20         | 10000000 | 5000000   | 476191   | 1024    | 512   | 2    | worker   | 12        | 16  | decrease  | desc        | asc        | 2524288    | 27035.56 | 20399.69 | 6   | 29876,30016,30156,29877,30017,30157 | -6635.87  | -24.54   |
| 18  | 20         | 10000000 | 5000000   | 476191   | 1024    | 512   | 2    | io_uring | 12        | 16  | increase  | desc        | desc       | 2524288    | 25751.59 | 19005.78 | 6   | 27776,27916,28056,27777,27917,28057 | -6745.81  | -26.2    |
| 17  | 20         | 10000000 | 5000000   | 476191   | 1024    | 512   | 2    | worker   | 12        | 16  | increase  | asc         | desc       | 2524288    | 27507.74 | 20722.01 | 6   | 25256,25396,25536,25257,25397,25537 | -6785.73  | -24.67   |
| 13  | 60         | 10000000 | 5000000   | 156250   | 4096    | 32    | 2    | io_uring | 12        | 16  | increase  | asc         | desc       | 3524288    | 14946.53 | 8115.73  | 6   | 19386,19526,19666,19387,19527,19667 | -6830.8   | -45.7    |
| 13  | 60         | 10000000 | 5000000   | 156250   | 4096    | 32    | 2    | worker   | 12        | 16  | increase  | asc         | desc       | 3524288    | 14787.28 | 7937.81  | 6   | 18546,18686,18826,18547,18687,18827 | -6849.47  | -46.32   |
| 16  | 60         | 10000000 | 5000000   | 156250   | 4096    | 32    | 2    | worker   | 12        | 16  | decrease  | desc        | asc        | 3524288    | 14807.76 | 7953.3   | 6   | 23166,23306,23446,23167,23307,23447 | -6854.46  | -46.29   |
| 15  | 60         | 10000000 | 5000000   | 156250   | 4096    | 32    | 2    | io_uring | 12        | 16  | decrease  | asc         | asc        | 4524288    | 15674.72 | 8448.52  | 6   | 22336,22476,22616,22337,22477,22617 | -7226.2   | -46.1    |
| 14  | 60         | 10000000 | 5000000   | 156250   | 4096    | 32    | 2    | worker   | 12        | 16  | increase  | desc        | desc       | 4524288    | 15531.03 | 8246.41  | 6   | 20236,20376,20516,20237,20377,20517 | -7284.62  | -46.9    |
| 15  | 60         | 10000000 | 5000000   | 156250   | 4096    | 32    | 2    | worker   | 12        | 16  | decrease  | asc         | asc        | 4524288    | 15546.9  | 8245.71  | 6   | 21496,21636,21776,21497,21637,21777 | -7301.19  | -46.96   |
| 13  | 60         | 10000000 | 5000000   | 156250   | 4096    | 32    | 2    | worker   | 12        | 16  | increase  | asc         | desc       | 2524288    | 10614.57 | 3224.15  | 6   | 18536,18676,18816,18537,18677,18817 | -7390.42  | -69.63   |
| 15  | 60         | 10000000 | 5000000   | 156250   | 4096    | 32    | 2    | io_uring | 12        | 16  | decrease  | asc         | asc        | 3024288    | 10516.12 | 3122.78  | 6   | 22321,22461,22601,22322,22462,22602 | -7393.34  | -70.3    |
| 14  | 60         | 10000000 | 5000000   | 156250   | 4096    | 32    | 2    | io_uring | 12        | 16  | increase  | desc        | desc       | 3024288    | 10594.27 | 3134.27  | 6   | 21061,21201,21341,21062,21202,21342 | -7460.0   | -70.42   |
| 3   | 40         | 10000000 | 625000    | 238096   | 1048576 | 32    | 16   | worker   | 12        | 16  | decrease  | asc         | desc       | 65536      | 9152.38  | 1687.45  | 6   | 3456,3581,3706,3457,3582,3707       | -7464.93  | -81.56   |
| 19  | 20         | 10000000 | 5000000   | 476191   | 1024    | 512   | 2    | io_uring | 12        | 16  | decrease  | asc         | asc        | 3024288    | 30165.01 | 22688.04 | 6   | 29041,29181,29321,29042,29182,29322 | -7476.97  | -24.79   |
| 4   | 40         | 10000000 | 625000    | 238096   | 1048576 | 32    | 16   | worker   | 12        | 16  | decrease  | desc        | asc        | 65536      | 9158.99  | 1650.72  | 6   | 4581,4706,4831,4582,4707,4832       | -7508.27  | -81.98   |
| 18  | 20         | 10000000 | 5000000   | 476191   | 1024    | 512   | 2    | worker   | 12        | 16  | increase  | desc        | desc       | 1524288    | 15121.72 | 7610.11  | 6   | 26926,27066,27206,26927,27067,27207 | -7511.61  | -49.67   |
| 2   | 40         | 10000000 | 625000    | 238096   | 1048576 | 32    | 16   | worker   | 12        | 16  | increase  | desc        | asc        | 65536      | 9233.99  | 1664.53  | 6   | 1581,1706,1831,1582,1707,1832       | -7569.46  | -81.97   |
| 3   | 40         | 10000000 | 625000    | 238096   | 1048576 | 32    | 16   | io_uring | 12        | 16  | decrease  | asc         | desc       | 65536      | 9315.53  | 1731.11  | 6   | 4206,4331,4456,4207,4332,4457       | -7584.42  | -81.42   |
| 2   | 40         | 10000000 | 625000    | 238096   | 1048576 | 32    | 16   | io_uring | 12        | 16  | increase  | desc        | asc        | 65536      | 9345.02  | 1754.38  | 6   | 2331,2456,2581,2332,2457,2582       | -7590.64  | -81.23   |
| 4   | 40         | 10000000 | 625000    | 238096   | 1048576 | 32    | 16   | io_uring | 12        | 16  | decrease  | desc        | asc        | 65536      | 9349.22  | 1743.68  | 6   | 5331,5456,5581,5332,5457,5582       | -7605.54  | -81.35   |
| 1   | 40         | 10000000 | 625000    | 238096   | 1048576 | 32    | 16   | io_uring | 12        | 16  | increase  | asc         | desc       | 65536      | 9384.14  | 1718.39  | 6   | 1206,1331,1456,1207,1332,1457       | -7665.75  | -81.69   |
| 16  | 60         | 10000000 | 5000000   | 156250   | 4096    | 32    | 2    | io_uring | 12        | 16  | decrease  | desc        | asc        | 4024288    | 17037.59 | 9274.92  | 6   | 24011,24151,24291,24012,24152,24292 | -7762.67  | -45.56   |
| 13  | 60         | 10000000 | 5000000   | 156250   | 4096    | 32    | 2    | io_uring | 12        | 16  | increase  | asc         | desc       | 4024288    | 17016.76 | 9251.44  | 6   | 19391,19531,19671,19392,19532,19672 | -7765.32  | -45.63   |
| 13  | 60         | 10000000 | 5000000   | 156250   | 4096    | 32    | 2    | worker   | 12        | 16  | increase  | asc         | desc       | 4024288    | 16889.37 | 9049.59  | 6   | 18551,18691,18831,18552,18692,18832 | -7839.78  | -46.42   |
| 1   | 40         | 10000000 | 625000    | 238096   | 1048576 | 32    | 16   | worker   | 12        | 16  | increase  | asc         | desc       | 65536      | 9534.4   | 1693.5   | 6   | 456,581,706,457,582,707             | -7840.9   | -82.24   |
| 20  | 20         | 10000000 | 5000000   | 476191   | 1024    | 512   | 2    | io_uring | 12        | 16  | decrease  | desc        | asc        | 1524288    | 16712.17 | 8690.24  | 6   | 30706,30846,30986,30707,30847,30987 | -8021.93  | -48.0    |
| 20  | 20         | 10000000 | 5000000   | 476191   | 1024    | 512   | 2    | io_uring | 12        | 16  | decrease  | desc        | asc        | 3024288    | 32704.18 | 24665.38 | 6   | 30721,30861,31001,30722,30862,31002 | -8038.8   | -24.58   |
| 20  | 20         | 10000000 | 5000000   | 476191   | 1024    | 512   | 2    | worker   | 12        | 16  | decrease  | desc        | asc        | 1524288    | 16321.72 | 8274.8   | 6   | 29866,30006,30146,29867,30007,30147 | -8046.92  | -49.3    |
| 17  | 20         | 10000000 | 5000000   | 476191   | 1024    | 512   | 2    | worker   | 12        | 16  | increase  | asc         | desc       | 1524288    | 16659.44 | 8424.8   | 6   | 25246,25386,25526,25247,25387,25527 | -8234.64  | -49.43   |
| 17  | 20         | 10000000 | 5000000   | 476191   | 1024    | 512   | 2    | worker   | 12        | 16  | increase  | asc         | desc       | 3024288    | 33164.99 | 24819.5  | 6   | 25261,25401,25541,25262,25402,25542 | -8345.49  | -25.16   |
| 17  | 20         | 10000000 | 5000000   | 476191   | 1024    | 512   | 2    | io_uring | 12        | 16  | increase  | asc         | desc       | 3024288    | 33420.39 | 25012.77 | 6   | 26101,26241,26381,26102,26242,26382 | -8407.62  | -25.16   |
| 3   | 40         | 10000000 | 625000    | 238096   | 1048576 | 32    | 16   | io_uring | 12        | 16  | decrease  | asc         | desc       | 128036     | 11363.82 | 2708.09  | 6   | 4211,4336,4461,4212,4337,4462       | -8655.73  | -76.17   |
| 3   | 40         | 10000000 | 625000    | 238096   | 1048576 | 32    | 16   | worker   | 12        | 16  | decrease  | asc         | desc       | 128036     | 11391.62 | 2730.66  | 6   | 3461,3586,3711,3462,3587,3712       | -8660.96  | -76.03   |
| 19  | 20         | 10000000 | 5000000   | 476191   | 1024    | 512   | 2    | io_uring | 12        | 16  | decrease  | asc         | asc        | 3524288    | 35078.96 | 26415.31 | 6   | 29046,29186,29326,29047,29187,29327 | -8663.65  | -24.7    |
| 1   | 40         | 10000000 | 625000    | 238096   | 1048576 | 32    | 16   | io_uring | 12        | 16  | increase  | asc         | desc       | 128036     | 11455.0  | 2776.87  | 6   | 1211,1336,1461,1212,1337,1462       | -8678.13  | -75.76   |
| 2   | 40         | 10000000 | 625000    | 238096   | 1048576 | 32    | 16   | io_uring | 12        | 16  | increase  | desc        | asc        | 128036     | 11381.51 | 2689.95  | 6   | 2336,2461,2586,2337,2462,2587       | -8691.56  | -76.37   |
| 10  | 20         | 10000000 | 625000    | 476191   | 1       | 2     | 16   | worker   | 12        | 16  | increase  | desc        | desc       | 128036     | 11511.0  | 2809.8   | 6   | 13961,14086,14211,13962,14087,14212 | -8701.2   | -75.59   |
| 13  | 60         | 10000000 | 5000000   | 156250   | 4096    | 32    | 2    | io_uring | 12        | 16  | increase  | asc         | desc       | 4524288    | 19123.44 | 10400.48 | 6   | 19396,19536,19676,19397,19537,19677 | -8722.96  | -45.61   |
| 11  | 20         | 10000000 | 625000    | 476191   | 1       | 2     | 16   | worker   | 12        | 16  | decrease  | asc         | asc        | 128036     | 11486.64 | 2754.81  | 6   | 15086,15211,15336,15087,15212,15337 | -8731.83  | -76.02   |
| 13  | 60         | 10000000 | 5000000   | 156250   | 4096    | 32    | 2    | io_uring | 12        | 16  | increase  | asc         | desc       | 3024288    | 12807.4  | 4068.89  | 6   | 19381,19521,19661,19382,19522,19662 | -8738.51  | -68.23   |
| 11  | 20         | 10000000 | 625000    | 476191   | 1       | 2     | 16   | io_uring | 12        | 16  | decrease  | asc         | asc        | 128036     | 11552.13 | 2793.04  | 6   | 15836,15961,16086,15837,15962,16087 | -8759.09  | -75.82   |
| 1   | 40         | 10000000 | 625000    | 238096   | 1048576 | 32    | 16   | worker   | 12        | 16  | increase  | asc         | desc       | 128036     | 11389.42 | 2628.26  | 6   | 461,586,711,462,587,712             | -8761.16  | -76.92   |
| 10  | 20         | 10000000 | 625000    | 476191   | 1       | 2     | 16   | io_uring | 12        | 16  | increase  | desc        | desc       | 128036     | 11591.56 | 2826.36  | 6   | 14711,14836,14961,14712,14837,14962 | -8765.2   | -75.62   |
| 4   | 40         | 10000000 | 625000    | 238096   | 1048576 | 32    | 16   | io_uring | 12        | 16  | decrease  | desc        | asc        | 128036     | 11446.54 | 2649.97  | 6   | 5336,5461,5586,5337,5462,5587       | -8796.57  | -76.85   |
| 2   | 40         | 10000000 | 625000    | 238096   | 1048576 | 32    | 16   | worker   | 12        | 16  | increase  | desc        | asc        | 128036     | 11409.09 | 2611.02  | 6   | 1586,1711,1836,1587,1712,1837       | -8798.07  | -77.11   |
| 4   | 40         | 10000000 | 625000    | 238096   | 1048576 | 32    | 16   | worker   | 12        | 16  | decrease  | desc        | asc        | 128036     | 11410.52 | 2594.35  | 6   | 4586,4711,4836,4587,4712,4837       | -8816.17  | -77.26   |
| 3   | 40         | 10000000 | 625000    | 238096   | 1048576 | 32    | 16   | io_uring | 12        | 16  | decrease  | asc         | desc       | 190536     | 12531.15 | 3299.81  | 6   | 4216,4341,4466,4217,4342,4467       | -9231.34  | -73.67   |
| 4   | 40         | 10000000 | 625000    | 238096   | 1048576 | 32    | 16   | worker   | 12        | 16  | decrease  | desc        | asc        | 190536     | 12436.99 | 3197.56  | 6   | 4591,4716,4841,4592,4717,4842       | -9239.43  | -74.29   |
| 2   | 40         | 10000000 | 625000    | 238096   | 1048576 | 32    | 16   | worker   | 12        | 16  | increase  | desc        | asc        | 190536     | 12433.46 | 3187.95  | 6   | 1591,1716,1841,1592,1717,1842       | -9245.51  | -74.36   |
| 19  | 20         | 10000000 | 5000000   | 476191   | 1024    | 512   | 2    | io_uring | 12        | 16  | decrease  | asc         | asc        | 4024288    | 40054.04 | 30787.49 | 6   | 29051,29191,29331,29052,29192,29332 | -9266.55  | -23.14   |
| 3   | 40         | 10000000 | 625000    | 238096   | 1048576 | 32    | 16   | worker   | 12        | 16  | decrease  | asc         | desc       | 190536     | 12467.56 | 3181.37  | 6   | 3466,3591,3716,3467,3592,3717       | -9286.19  | -74.48   |
| 4   | 40         | 10000000 | 625000    | 238096   | 1048576 | 32    | 16   | io_uring | 12        | 16  | decrease  | desc        | asc        | 190536     | 12581.38 | 3276.16  | 6   | 5341,5466,5591,5342,5467,5592       | -9305.22  | -73.96   |
| 2   | 40         | 10000000 | 625000    | 238096   | 1048576 | 32    | 16   | io_uring | 12        | 16  | increase  | desc        | asc        | 190536     | 12586.36 | 3271.37  | 6   | 2341,2466,2591,2342,2467,2592       | -9314.99  | -74.01   |
| 1   | 40         | 10000000 | 625000    | 238096   | 1048576 | 32    | 16   | io_uring | 12        | 16  | increase  | asc         | desc       | 190536     | 12734.31 | 3303.68  | 6   | 1216,1341,1466,1217,1342,1467       | -9430.63  | -74.06   |
| 1   | 40         | 10000000 | 625000    | 238096   | 1048576 | 32    | 16   | worker   | 12        | 16  | increase  | asc         | desc       | 190536     | 12740.48 | 3265.9   | 6   | 466,591,716,467,592,717             | -9474.58  | -74.37   |
| 17  | 20         | 10000000 | 5000000   | 476191   | 1024    | 512   | 2    | io_uring | 12        | 16  | increase  | asc         | desc       | 3524288    | 38648.34 | 29088.97 | 6   | 26106,26246,26386,26107,26247,26387 | -9559.37  | -24.73   |
| 4   | 40         | 10000000 | 625000    | 238096   | 1048576 | 32    | 16   | io_uring | 12        | 16  | decrease  | desc        | asc        | 253036     | 13568.03 | 3991.43  | 6   | 5346,5471,5596,5347,5472,5597       | -9576.6   | -70.58   |
| 4   | 40         | 10000000 | 625000    | 238096   | 1048576 | 32    | 16   | worker   | 12        | 16  | decrease  | desc        | asc        | 253036     | 13372.61 | 3726.59  | 6   | 4596,4721,4846,4597,4722,4847       | -9646.02  | -72.13   |
| 1   | 40         | 10000000 | 625000    | 238096   | 1048576 | 32    | 16   | worker   | 12        | 16  | increase  | asc         | desc       | 253036     | 13459.98 | 3782.07  | 6   | 471,596,721,472,597,722             | -9677.91  | -71.9    |
| 3   | 40         | 10000000 | 625000    | 238096   | 1048576 | 32    | 16   | worker   | 12        | 16  | decrease  | asc         | desc       | 253036     | 13430.61 | 3739.58  | 6   | 3471,3596,3721,3472,3597,3722       | -9691.03  | -72.16   |
| 1   | 40         | 10000000 | 625000    | 238096   | 1048576 | 32    | 16   | io_uring | 12        | 16  | increase  | asc         | desc       | 253036     | 13620.84 | 3911.38  | 6   | 1221,1346,1471,1222,1347,1472       | -9709.46  | -71.28   |
| 3   | 40         | 10000000 | 625000    | 238096   | 1048576 | 32    | 16   | io_uring | 12        | 16  | decrease  | asc         | desc       | 253036     | 13619.41 | 3894.98  | 6   | 4221,4346,4471,4222,4347,4472       | -9724.43  | -71.4    |
| 14  | 60         | 10000000 | 5000000   | 156250   | 4096    | 32    | 2    | io_uring | 12        | 16  | increase  | desc        | desc       | 4024288    | 13945.87 | 4166.19  | 6   | 21071,21211,21351,21072,21212,21352 | -9779.68  | -70.13   |
| 14  | 60         | 10000000 | 5000000   | 156250   | 4096    | 32    | 2    | worker   | 12        | 16  | increase  | desc        | desc       | 4024288    | 13882.23 | 4092.32  | 6   | 20231,20371,20511,20232,20372,20512 | -9789.91  | -70.52   |
| 2   | 40         | 10000000 | 625000    | 238096   | 1048576 | 32    | 16   | io_uring | 12        | 16  | increase  | desc        | asc        | 253036     | 13651.11 | 3848.04  | 6   | 2346,2471,2596,2347,2472,2597       | -9803.07  | -71.81   |
| 9   | 20         | 10000000 | 625000    | 476191   | 1       | 2     | 16   | worker   | 12        | 16  | increase  | asc         | desc       | 128036     | 12150.66 | 2251.45  | 6   | 12461,12586,12711,12462,12587,12712 | -9899.21  | -81.47   |
| 2   | 40         | 10000000 | 625000    | 238096   | 1048576 | 32    | 16   | worker   | 12        | 16  | increase  | desc        | asc        | 253036     | 13635.02 | 3727.9   | 6   | 1596,1721,1846,1597,1722,1847       | -9907.12  | -72.66   |
| 2   | 40         | 10000000 | 625000    | 238096   | 1048576 | 32    | 16   | worker   | 12        | 16  | increase  | desc        | asc        | 315536     | 14266.84 | 4348.2   | 6   | 1601,1726,1851,1602,1727,1852       | -9918.64  | -69.52   |
| 3   | 40         | 10000000 | 625000    | 238096   | 1048576 | 32    | 16   | io_uring | 12        | 16  | decrease  | asc         | desc       | 315536     | 14463.64 | 4510.59  | 6   | 4226,4351,4476,4227,4352,4477       | -9953.05  | -68.81   |
| 12  | 20         | 10000000 | 625000    | 476191   | 1       | 2     | 16   | io_uring | 12        | 16  | decrease  | desc        | asc        | 128036     | 12238.59 | 2266.41  | 6   | 17336,17461,17586,17337,17462,17587 | -9972.18  | -81.48   |
| 12  | 20         | 10000000 | 625000    | 476191   | 1       | 2     | 16   | worker   | 12        | 16  | decrease  | desc        | asc        | 128036     | 12230.45 | 2227.25  | 6   | 16586,16711,16836,16587,16712,16837 | -10003.2  | -81.79   |
| 3   | 40         | 10000000 | 625000    | 238096   | 1048576 | 32    | 16   | worker   | 12        | 16  | decrease  | asc         | desc       | 315536     | 14250.23 | 4243.1   | 6   | 3476,3601,3726,3477,3602,3727       | -10007.13 | -70.22   |
| 18  | 20         | 10000000 | 5000000   | 476191   | 1024    | 512   | 2    | io_uring | 12        | 16  | increase  | desc        | desc       | 2024288    | 20291.84 | 10268.8  | 6   | 27771,27911,28051,27772,27912,28052 | -10023.04 | -49.39   |
| 1   | 40         | 10000000 | 625000    | 238096   | 1048576 | 32    | 16   | worker   | 12        | 16  | increase  | asc         | desc       | 315536     | 14371.87 | 4341.0   | 6   | 476,601,726,477,602,727             | -10030.87 | -69.8    |
| 1   | 40         | 10000000 | 625000    | 238096   | 1048576 | 32    | 16   | io_uring | 12        | 16  | increase  | asc         | desc       | 315536     | 14537.22 | 4494.73  | 6   | 1226,1351,1476,1227,1352,1477       | -10042.49 | -69.08   |
| 19  | 20         | 10000000 | 5000000   | 476191   | 1024    | 512   | 2    | worker   | 12        | 16  | decrease  | asc         | asc        | 4024288    | 40489.9  | 30443.92 | 6   | 28211,28351,28491,28212,28352,28492 | -10045.98 | -24.81   |
| 9   | 20         | 10000000 | 625000    | 476191   | 1       | 2     | 16   | io_uring | 12        | 16  | increase  | asc         | desc       | 128036     | 12329.58 | 2276.75  | 6   | 13211,13336,13461,13212,13337,13462 | -10052.83 | -81.53   |
| 2   | 40         | 10000000 | 625000    | 238096   | 1048576 | 32    | 16   | io_uring | 12        | 16  | increase  | desc        | asc        | 315536     | 14457.2  | 4404.2   | 6   | 2351,2476,2601,2352,2477,2602       | -10053.0  | -69.54   |
| 4   | 40         | 10000000 | 625000    | 238096   | 1048576 | 32    | 16   | io_uring | 12        | 16  | decrease  | desc        | asc        | 315536     | 14496.83 | 4429.95  | 6   | 5351,5476,5601,5352,5477,5602       | -10066.88 | -69.44   |
| 4   | 40         | 10000000 | 625000    | 238096   | 1048576 | 32    | 16   | worker   | 12        | 16  | decrease  | desc        | asc        | 315536     | 14474.54 | 4369.56  | 6   | 4601,4726,4851,4602,4727,4852       | -10104.98 | -69.81   |
| 18  | 20         | 10000000 | 5000000   | 476191   | 1024    | 512   | 2    | io_uring | 12        | 16  | increase  | desc        | desc       | 4024288    | 40385.41 | 30234.34 | 6   | 27791,27931,28071,27792,27932,28072 | -10151.07 | -25.14   |
| 3   | 40         | 10000000 | 625000    | 238096   | 1048576 | 32    | 16   | worker   | 12        | 16  | decrease  | asc         | desc       | 378036     | 14935.77 | 4773.75  | 6   | 3481,3606,3731,3482,3607,3732       | -10162.02 | -68.04   |
| 3   | 40         | 10000000 | 625000    | 238096   | 1048576 | 32    | 16   | io_uring | 12        | 16  | decrease  | asc         | desc       | 378036     | 15123.85 | 4917.41  | 6   | 4231,4356,4481,4232,4357,4482       | -10206.44 | -67.49   |
| 16  | 60         | 10000000 | 5000000   | 156250   | 4096    | 32    | 2    | io_uring | 12        | 16  | decrease  | desc        | asc        | 3524288    | 15042.59 | 4763.12  | 6   | 24006,24146,24286,24007,24147,24287 | -10279.47 | -68.34   |
| 3   | 40         | 10000000 | 625000    | 238096   | 1048576 | 32    | 16   | worker   | 12        | 16  | decrease  | asc         | desc       | 440536     | 15646.45 | 5271.45  | 6   | 3486,3611,3736,3487,3612,3737       | -10375.0  | -66.31   |
| 2   | 40         | 10000000 | 625000    | 238096   | 1048576 | 32    | 16   | io_uring | 12        | 16  | increase  | desc        | asc        | 378036     | 15311.32 | 4925.01  | 6   | 2356,2481,2606,2357,2482,2607       | -10386.31 | -67.83   |
| 2   | 40         | 10000000 | 625000    | 238096   | 1048576 | 32    | 16   | worker   | 12        | 16  | increase  | desc        | asc        | 378036     | 15095.71 | 4702.03  | 6   | 1606,1731,1856,1607,1732,1857       | -10393.68 | -68.85   |
| 2   | 40         | 10000000 | 625000    | 238096   | 1048576 | 32    | 16   | worker   | 12        | 16  | increase  | desc        | asc        | 565536     | 16824.62 | 6392.63  | 6   | 1621,1746,1871,1622,1747,1872       | -10431.99 | -62.0    |
| 2   | 40         | 10000000 | 625000    | 238096   | 1048576 | 32    | 16   | io_uring | 12        | 16  | increase  | desc        | asc        | 503036     | 16524.92 | 6077.48  | 6   | 2366,2491,2616,2367,2492,2617       | -10447.44 | -63.22   |
| 3   | 40         | 10000000 | 625000    | 238096   | 1048576 | 32    | 16   | io_uring | 12        | 16  | decrease  | asc         | desc       | 440536     | 15893.49 | 5441.65  | 6   | 4236,4361,4486,4237,4362,4487       | -10451.84 | -65.76   |
| 1   | 40         | 10000000 | 625000    | 238096   | 1048576 | 32    | 16   | io_uring | 12        | 16  | increase  | asc         | desc       | 378036     | 15438.47 | 4979.48  | 6   | 1231,1356,1481,1232,1357,1482       | -10458.99 | -67.75   |
| 3   | 40         | 10000000 | 625000    | 238096   | 1048576 | 32    | 16   | io_uring | 12        | 16  | decrease  | asc         | desc       | 565536     | 16949.83 | 6466.91  | 6   | 4246,4371,4496,4247,4372,4497       | -10482.92 | -61.85   |
| 2   | 40         | 10000000 | 625000    | 238096   | 1048576 | 32    | 16   | worker   | 12        | 16  | increase  | desc        | asc        | 440536     | 15756.65 | 5263.27  | 6   | 1611,1736,1861,1612,1737,1862       | -10493.38 | -66.6    |
| 2   | 40         | 10000000 | 625000    | 238096   | 1048576 | 32    | 16   | io_uring | 12        | 16  | increase  | desc        | asc        | 440536     | 16067.46 | 5573.39  | 6   | 2361,2486,2611,2362,2487,2612       | -10494.07 | -65.31   |
| 3   | 40         | 10000000 | 625000    | 238096   | 1048576 | 32    | 16   | io_uring | 12        | 16  | decrease  | asc         | desc       | 503036     | 16470.45 | 5975.39  | 6   | 4241,4366,4491,4242,4367,4492       | -10495.06 | -63.72   |
| 3   | 40         | 10000000 | 625000    | 238096   | 1048576 | 32    | 16   | worker   | 12        | 16  | decrease  | asc         | desc       | 503036     | 16264.3  | 5760.48  | 6   | 3491,3616,3741,3492,3617,3742       | -10503.82 | -64.58   |
| 3   | 40         | 10000000 | 625000    | 238096   | 1048576 | 32    | 16   | worker   | 12        | 16  | decrease  | asc         | desc       | 565536     | 16788.25 | 6275.32  | 6   | 3496,3621,3746,3497,3622,3747       | -10512.93 | -62.62   |
| 2   | 40         | 10000000 | 625000    | 238096   | 1048576 | 32    | 16   | worker   | 12        | 16  | increase  | desc        | asc        | 503036     | 16285.33 | 5769.81  | 6   | 1616,1741,1866,1617,1742,1867       | -10515.52 | -64.57   |
| 1   | 40         | 10000000 | 625000    | 238096   | 1048576 | 32    | 16   | worker   | 12        | 16  | increase  | asc         | desc       | 378036     | 15361.68 | 4841.14  | 6   | 481,606,731,482,607,732             | -10520.54 | -68.49   |
| 2   | 40         | 10000000 | 625000    | 238096   | 1048576 | 32    | 16   | io_uring | 12        | 16  | increase  | desc        | asc        | 565536     | 16987.01 | 6463.88  | 6   | 2371,2496,2621,2372,2497,2622       | -10523.13 | -61.95   |
| 4   | 40         | 10000000 | 625000    | 238096   | 1048576 | 32    | 16   | io_uring | 12        | 16  | decrease  | desc        | asc        | 378036     | 15551.85 | 4971.54  | 6   | 5356,5481,5606,5357,5482,5607       | -10580.31 | -68.03   |
| 4   | 40         | 10000000 | 625000    | 238096   | 1048576 | 32    | 16   | worker   | 12        | 16  | decrease  | desc        | asc        | 378036     | 15502.03 | 4818.05  | 6   | 4606,4731,4856,4607,4732,4857       | -10683.98 | -68.92   |
| 17  | 20         | 10000000 | 5000000   | 476191   | 1024    | 512   | 2    | io_uring | 12        | 16  | increase  | asc         | desc       | 2024288    | 22219.45 | 11524.52 | 6   | 26091,26231,26371,26092,26232,26372 | -10694.93 | -48.13   |
| 20  | 20         | 10000000 | 5000000   | 476191   | 1024    | 512   | 2    | io_uring | 12        | 16  | decrease  | desc        | asc        | 4024288    | 43472.28 | 32775.59 | 6   | 30731,30871,31011,30732,30872,31012 | -10696.69 | -24.61   |
| 4   | 40         | 10000000 | 625000    | 238096   | 1048576 | 32    | 16   | worker   | 12        | 16  | decrease  | desc        | asc        | 440536     | 16077.54 | 5321.03  | 6   | 4611,4736,4861,4612,4737,4862       | -10756.51 | -66.9    |
| 4   | 40         | 10000000 | 625000    | 238096   | 1048576 | 32    | 16   | io_uring | 12        | 16  | decrease  | desc        | asc        | 440536     | 16315.28 | 5492.65  | 6   | 5361,5486,5611,5362,5487,5612       | -10822.63 | -66.33   |
| 4   | 40         | 10000000 | 625000    | 238096   | 1048576 | 32    | 16   | io_uring | 12        | 16  | decrease  | desc        | asc        | 503036     | 16895.63 | 6025.2   | 6   | 5366,5491,5616,5367,5492,5617       | -10870.43 | -64.34   |
| 14  | 60         | 10000000 | 5000000   | 156250   | 4096    | 32    | 2    | io_uring | 12        | 16  | increase  | desc        | desc       | 4524288    | 15613.62 | 4673.83  | 6   | 21076,21216,21356,21077,21217,21357 | -10939.79 | -70.07   |
| 1   | 40         | 10000000 | 625000    | 238096   | 1048576 | 32    | 16   | io_uring | 12        | 16  | increase  | asc         | desc       | 440536     | 16487.97 | 5540.99  | 6   | 1236,1361,1486,1237,1362,1487       | -10946.98 | -66.39   |
| 17  | 20         | 10000000 | 5000000   | 476191   | 1024    | 512   | 2    | worker   | 12        | 16  | increase  | asc         | desc       | 2024288    | 22102.81 | 11155.34 | 6   | 25251,25391,25531,25252,25392,25532 | -10947.47 | -49.53   |
| 1   | 40         | 10000000 | 625000    | 238096   | 1048576 | 32    | 16   | worker   | 12        | 16  | increase  | asc         | desc       | 440536     | 16311.93 | 5364.43  | 6   | 486,611,736,487,612,737             | -10947.5  | -67.11   |
| 1   | 40         | 10000000 | 625000    | 238096   | 1048576 | 32    | 16   | worker   | 12        | 16  | increase  | asc         | desc       | 503036     | 17000.52 | 6025.22  | 6   | 491,616,741,492,617,742             | -10975.3  | -64.56   |
| 4   | 40         | 10000000 | 625000    | 238096   | 1048576 | 32    | 16   | io_uring | 12        | 16  | decrease  | desc        | asc        | 565536     | 17511.5  | 6518.22  | 6   | 5371,5496,5621,5372,5497,5622       | -10993.28 | -62.78   |
| 1   | 40         | 10000000 | 625000    | 238096   | 1048576 | 32    | 16   | io_uring | 12        | 16  | increase  | asc         | desc       | 503036     | 17086.22 | 6087.78  | 6   | 1241,1366,1491,1242,1367,1492       | -10998.44 | -64.37   |
| 4   | 40         | 10000000 | 625000    | 238096   | 1048576 | 32    | 16   | worker   | 12        | 16  | decrease  | desc        | asc        | 503036     | 16832.99 | 5804.47  | 6   | 4616,4741,4866,4617,4742,4867       | -11028.52 | -65.52   |
| 18  | 20         | 10000000 | 5000000   | 476191   | 1024    | 512   | 2    | worker   | 12        | 16  | increase  | desc        | desc       | 4524288    | 44838.89 | 33721.9  | 6   | 26956,27096,27236,26957,27097,27237 | -11116.99 | -24.79   |
| 1   | 40         | 10000000 | 625000    | 238096   | 1048576 | 32    | 16   | io_uring | 12        | 16  | increase  | asc         | desc       | 565536     | 17685.5  | 6556.27  | 6   | 1246,1371,1496,1247,1372,1497       | -11129.23 | -62.93   |
| 18  | 20         | 10000000 | 5000000   | 476191   | 1024    | 512   | 2    | io_uring | 12        | 16  | increase  | desc        | desc       | 4524288    | 45076.33 | 33927.63 | 6   | 27796,27936,28076,27797,27937,28077 | -11148.7  | -24.73   |
| 4   | 40         | 10000000 | 625000    | 238096   | 1048576 | 32    | 16   | worker   | 12        | 16  | decrease  | desc        | asc        | 565536     | 17462.54 | 6263.66  | 6   | 4621,4746,4871,4622,4747,4872       | -11198.88 | -64.13   |
| 19  | 20         | 10000000 | 5000000   | 476191   | 1024    | 512   | 2    | worker   | 12        | 16  | decrease  | asc         | asc        | 1524288    | 15043.13 | 3826.94  | 6   | 28186,28326,28466,28187,28327,28467 | -11216.19 | -74.56   |
| 1   | 40         | 10000000 | 625000    | 238096   | 1048576 | 32    | 16   | worker   | 12        | 16  | increase  | asc         | desc       | 565536     | 17582.03 | 6291.24  | 6   | 496,621,746,497,622,747             | -11290.79 | -64.22   |
| 16  | 60         | 10000000 | 5000000   | 156250   | 4096    | 32    | 2    | worker   | 12        | 16  | decrease  | desc        | asc        | 4024288    | 16900.84 | 5157.27  | 6   | 23171,23311,23451,23172,23312,23452 | -11743.57 | -69.49   |
| 20  | 20         | 10000000 | 5000000   | 476191   | 1024    | 512   | 2    | io_uring | 12        | 16  | decrease  | desc        | asc        | 4524288    | 48789.24 | 36885.09 | 6   | 30736,30876,31016,30737,30877,31017 | -11904.15 | -24.4    |
| 19  | 20         | 10000000 | 5000000   | 476191   | 1024    | 512   | 2    | worker   | 12        | 16  | decrease  | asc         | asc        | 2524288    | 24899.78 | 12510.01 | 6   | 28196,28336,28476,28197,28337,28477 | -12389.77 | -49.76   |
| 18  | 20         | 10000000 | 5000000   | 476191   | 1024    | 512   | 2    | worker   | 12        | 16  | increase  | desc        | desc       | 2524288    | 25046.35 | 12622.49 | 6   | 26936,27076,27216,26937,27077,27217 | -12423.86 | -49.6    |
| 19  | 20         | 10000000 | 5000000   | 476191   | 1024    | 512   | 2    | io_uring | 12        | 16  | decrease  | asc         | asc        | 2524288    | 25156.97 | 12715.93 | 6   | 29036,29176,29316,29037,29177,29317 | -12441.04 | -49.45   |
| 11  | 20         | 10000000 | 625000    | 476191   | 1       | 2     | 16   | worker   | 12        | 16  | decrease  | asc         | asc        | 190536     | 17049.8  | 4074.2   | 6   | 15091,15216,15341,15092,15217,15342 | -12975.6  | -76.1    |
| 10  | 20         | 10000000 | 625000    | 476191   | 1       | 2     | 16   | worker   | 12        | 16  | increase  | desc        | desc       | 190536     | 17186.45 | 4194.69  | 6   | 13966,14091,14216,13967,14092,14217 | -12991.76 | -75.59   |
| 11  | 20         | 10000000 | 625000    | 476191   | 1       | 2     | 16   | io_uring | 12        | 16  | decrease  | asc         | asc        | 190536     | 17209.25 | 4176.54  | 6   | 15841,15966,16091,15842,15967,16092 | -13032.71 | -75.73   |
| 20  | 20         | 10000000 | 5000000   | 476191   | 1024    | 512   | 2    | io_uring | 12        | 16  | decrease  | desc        | asc        | 2524288    | 27446.76 | 14246.81 | 6   | 30716,30856,30996,30717,30857,30997 | -13199.95 | -48.09   |
| 16  | 60         | 10000000 | 5000000   | 156250   | 4096    | 32    | 2    | io_uring | 12        | 16  | decrease  | desc        | asc        | 4524288    | 19328.43 | 6083.95  | 6   | 24016,24156,24296,24017,24157,24297 | -13244.48 | -68.52   |
| 16  | 60         | 10000000 | 5000000   | 156250   | 4096    | 32    | 2    | worker   | 12        | 16  | decrease  | desc        | asc        | 4524288    | 19053.64 | 5803.17  | 6   | 23176,23316,23456,23177,23317,23457 | -13250.47 | -69.54   |
| 13  | 60         | 10000000 | 5000000   | 156250   | 4096    | 32    | 2    | worker   | 12        | 16  | increase  | asc         | desc       | 4524288    | 19205.4  | 5877.67  | 6   | 18556,18696,18836,18557,18697,18837 | -13327.73 | -69.4    |
| 10  | 20         | 10000000 | 625000    | 476191   | 1       | 2     | 16   | io_uring | 12        | 16  | increase  | desc        | desc       | 190536     | 17614.53 | 4260.59  | 6   | 14716,14841,14966,14717,14842,14967 | -13353.94 | -75.81   |
| 12  | 20         | 10000000 | 625000    | 476191   | 1       | 2     | 16   | worker   | 12        | 16  | decrease  | desc        | asc        | 190536     | 17925.03 | 3323.55  | 6   | 16591,16716,16841,16592,16717,16842 | -14601.48 | -81.46   |
| 12  | 20         | 10000000 | 625000    | 476191   | 1       | 2     | 16   | io_uring | 12        | 16  | decrease  | desc        | asc        | 190536     | 18068.15 | 3365.87  | 6   | 17341,17466,17591,17342,17467,17592 | -14702.28 | -81.37   |
| 19  | 20         | 10000000 | 5000000   | 476191   | 1024    | 512   | 2    | worker   | 12        | 16  | decrease  | asc         | asc        | 3024288    | 29841.63 | 15111.31 | 6   | 28201,28341,28481,28202,28342,28482 | -14730.32 | -49.36   |
| 9   | 20         | 10000000 | 625000    | 476191   | 1       | 2     | 16   | io_uring | 12        | 16  | increase  | asc         | desc       | 190536     | 18140.68 | 3392.42  | 6   | 13216,13341,13466,13217,13342,13467 | -14748.26 | -81.3    |
| 18  | 20         | 10000000 | 5000000   | 476191   | 1024    | 512   | 2    | worker   | 12        | 16  | increase  | desc        | desc       | 3024288    | 30051.1  | 15245.61 | 6   | 26941,27081,27221,26942,27082,27222 | -14805.49 | -49.27   |
| 9   | 20         | 10000000 | 625000    | 476191   | 1       | 2     | 16   | worker   | 12        | 16  | increase  | asc         | desc       | 190536     | 18166.74 | 3324.45  | 6   | 12466,12591,12716,12467,12592,12717 | -14842.29 | -81.7    |
| 18  | 20         | 10000000 | 5000000   | 476191   | 1024    | 512   | 2    | io_uring | 12        | 16  | increase  | desc        | desc       | 3024288    | 30715.35 | 15267.48 | 6   | 27781,27921,28061,27782,27922,28062 | -15447.87 | -50.29   |
| 20  | 20         | 10000000 | 5000000   | 476191   | 1024    | 512   | 2    | worker   | 12        | 16  | decrease  | desc        | asc        | 3024288    | 32422.42 | 16429.82 | 6   | 29881,30021,30161,29882,30022,30162 | -15992.6  | -49.33   |
| 10  | 20         | 10000000 | 625000    | 476191   | 1       | 2     | 16   | worker   | 12        | 16  | increase  | desc        | desc       | 253036     | 22755.79 | 5604.83  | 6   | 13971,14096,14221,13972,14097,14222 | -17150.96 | -75.37   |
| 11  | 20         | 10000000 | 625000    | 476191   | 1       | 2     | 16   | worker   | 12        | 16  | decrease  | asc         | asc        | 253036     | 22606.31 | 5433.57  | 6   | 15096,15221,15346,15097,15222,15347 | -17172.74 | -75.96   |
| 18  | 20         | 10000000 | 5000000   | 476191   | 1024    | 512   | 2    | io_uring | 12        | 16  | increase  | desc        | desc       | 3524288    | 35207.83 | 17954.91 | 6   | 27786,27926,28066,27787,27927,28067 | -17252.92 | -49.0    |
| 10  | 20         | 10000000 | 625000    | 476191   | 1       | 2     | 16   | io_uring | 12        | 16  | increase  | desc        | desc       | 253036     | 22984.56 | 5563.77  | 6   | 14721,14846,14971,14722,14847,14972 | -17420.79 | -75.79   |
| 11  | 20         | 10000000 | 625000    | 476191   | 1       | 2     | 16   | io_uring | 12        | 16  | decrease  | asc         | asc        | 253036     | 23024.62 | 5583.78  | 6   | 15846,15971,16096,15847,15972,16097 | -17440.84 | -75.75   |
| 19  | 20         | 10000000 | 5000000   | 476191   | 1024    | 512   | 2    | worker   | 12        | 16  | decrease  | asc         | asc        | 3524288    | 35131.96 | 17509.31 | 6   | 28206,28346,28486,28207,28347,28487 | -17622.65 | -50.16   |
| 20  | 20         | 10000000 | 5000000   | 476191   | 1024    | 512   | 2    | io_uring | 12        | 16  | decrease  | desc        | asc        | 3524288    | 38047.25 | 19413.14 | 6   | 30726,30866,31006,30727,30867,31007 | -18634.11 | -48.98   |
| 20  | 20         | 10000000 | 5000000   | 476191   | 1024    | 512   | 2    | worker   | 12        | 16  | decrease  | desc        | asc        | 3524288    | 37804.85 | 19058.74 | 6   | 29886,30026,30166,29887,30027,30167 | -18746.11 | -49.59   |
| 17  | 20         | 10000000 | 5000000   | 476191   | 1024    | 512   | 2    | worker   | 12        | 16  | increase  | asc         | desc       | 3524288    | 38709.94 | 19905.79 | 6   | 25266,25406,25546,25267,25407,25547 | -18804.15 | -48.58   |
| 9   | 20         | 10000000 | 625000    | 476191   | 1       | 2     | 16   | worker   | 12        | 16  | increase  | asc         | desc       | 253036     | 23906.95 | 4529.01  | 6   | 12471,12596,12721,12472,12597,12722 | -19377.94 | -81.06   |
| 12  | 20         | 10000000 | 625000    | 476191   | 1       | 2     | 16   | worker   | 12        | 16  | decrease  | desc        | asc        | 253036     | 23810.95 | 4395.34  | 6   | 16596,16721,16846,16597,16722,16847 | -19415.61 | -81.54   |
| 12  | 20         | 10000000 | 625000    | 476191   | 1       | 2     | 16   | io_uring | 12        | 16  | decrease  | desc        | asc        | 253036     | 24062.88 | 4493.46  | 6   | 17346,17471,17596,17347,17472,17597 | -19569.42 | -81.33   |
| 9   | 20         | 10000000 | 625000    | 476191   | 1       | 2     | 16   | io_uring | 12        | 16  | increase  | asc         | desc       | 253036     | 24269.05 | 4525.69  | 6   | 13221,13346,13471,13222,13347,13472 | -19743.36 | -81.35   |
| 18  | 20         | 10000000 | 5000000   | 476191   | 1024    | 512   | 2    | worker   | 12        | 16  | increase  | desc        | desc       | 4024288    | 39879.98 | 20100.35 | 6   | 26951,27091,27231,26952,27092,27232 | -19779.63 | -49.6    |
| 20  | 20         | 10000000 | 5000000   | 476191   | 1024    | 512   | 2    | worker   | 12        | 16  | decrease  | desc        | asc        | 4024288    | 43426.04 | 22028.24 | 6   | 29891,30031,30171,29892,30032,30172 | -21397.8  | -49.27   |
| 10  | 20         | 10000000 | 625000    | 476191   | 1       | 2     | 16   | worker   | 12        | 16  | increase  | desc        | desc       | 315536     | 28308.04 | 6870.57  | 6   | 13976,14101,14226,13977,14102,14227 | -21437.47 | -75.73   |
| 10  | 20         | 10000000 | 625000    | 476191   | 1       | 2     | 16   | io_uring | 12        | 16  | increase  | desc        | desc       | 315536     | 28518.94 | 7035.19  | 6   | 14726,14851,14976,14727,14852,14977 | -21483.75 | -75.33   |
| 11  | 20         | 10000000 | 625000    | 476191   | 1       | 2     | 16   | io_uring | 12        | 16  | decrease  | asc         | asc        | 315536     | 28496.97 | 6888.63  | 6   | 15851,15976,16101,15852,15977,16102 | -21608.34 | -75.83   |
| 11  | 20         | 10000000 | 625000    | 476191   | 1       | 2     | 16   | worker   | 12        | 16  | decrease  | asc         | asc        | 315536     | 28652.44 | 6765.57  | 6   | 15101,15226,15351,15102,15227,15352 | -21886.87 | -76.39   |
| 19  | 20         | 10000000 | 5000000   | 476191   | 1024    | 512   | 2    | io_uring | 12        | 16  | decrease  | asc         | asc        | 4524288    | 45994.3  | 23007.88 | 6   | 29056,29196,29336,29057,29197,29337 | -22986.42 | -49.98   |
| 12  | 20         | 10000000 | 625000    | 476191   | 1       | 2     | 16   | worker   | 12        | 16  | decrease  | desc        | asc        | 315536     | 29632.68 | 5513.42  | 6   | 16601,16726,16851,16602,16727,16852 | -24119.26 | -81.39   |
| 12  | 20         | 10000000 | 625000    | 476191   | 1       | 2     | 16   | io_uring | 12        | 16  | decrease  | desc        | asc        | 315536     | 30021.82 | 5758.34  | 6   | 17351,17476,17601,17352,17477,17602 | -24263.48 | -80.82   |
| 9   | 20         | 10000000 | 625000    | 476191   | 1       | 2     | 16   | io_uring | 12        | 16  | increase  | asc         | desc       | 315536     | 30028.17 | 5624.69  | 6   | 13226,13351,13476,13227,13352,13477 | -24403.48 | -81.27   |
| 9   | 20         | 10000000 | 625000    | 476191   | 1       | 2     | 16   | worker   | 12        | 16  | increase  | asc         | desc       | 315536     | 30024.58 | 5541.6   | 6   | 12476,12601,12726,12477,12602,12727 | -24482.98 | -81.54   |
| 11  | 20         | 10000000 | 625000    | 476191   | 1       | 2     | 16   | worker   | 12        | 16  | decrease  | asc         | asc        | 378036     | 33730.22 | 8079.79  | 6   | 15106,15231,15356,15107,15232,15357 | -25650.43 | -76.05   |
| 10  | 20         | 10000000 | 625000    | 476191   | 1       | 2     | 16   | worker   | 12        | 16  | increase  | desc        | desc       | 378036     | 33967.38 | 8219.97  | 6   | 13981,14106,14231,13982,14107,14232 | -25747.41 | -75.8    |
| 11  | 20         | 10000000 | 625000    | 476191   | 1       | 2     | 16   | io_uring | 12        | 16  | decrease  | asc         | asc        | 378036     | 34028.1  | 8238.52  | 6   | 15856,15981,16106,15857,15982,16107 | -25789.58 | -75.79   |
| 10  | 20         | 10000000 | 625000    | 476191   | 1       | 2     | 16   | io_uring | 12        | 16  | increase  | desc        | desc       | 378036     | 34220.29 | 8283.34  | 6   | 14731,14856,14981,14732,14857,14982 | -25936.95 | -75.79   |
| 9   | 20         | 10000000 | 625000    | 476191   | 1       | 2     | 16   | worker   | 12        | 16  | increase  | asc         | desc       | 378036     | 35546.81 | 6605.41  | 6   | 12481,12606,12731,12482,12607,12732 | -28941.4  | -81.42   |
| 12  | 20         | 10000000 | 625000    | 476191   | 1       | 2     | 16   | io_uring | 12        | 16  | decrease  | desc        | asc        | 378036     | 35828.46 | 6764.72  | 6   | 17356,17481,17606,17357,17482,17607 | -29063.74 | -81.12   |
| 9   | 20         | 10000000 | 625000    | 476191   | 1       | 2     | 16   | io_uring | 12        | 16  | increase  | asc         | desc       | 378036     | 35848.05 | 6752.39  | 6   | 13231,13356,13481,13232,13357,13482 | -29095.66 | -81.16   |
| 12  | 20         | 10000000 | 625000    | 476191   | 1       | 2     | 16   | worker   | 12        | 16  | decrease  | desc        | asc        | 378036     | 35873.25 | 6730.78  | 6   | 16606,16731,16856,16607,16732,16857 | -29142.47 | -81.24   |
| 10  | 20         | 10000000 | 625000    | 476191   | 1       | 2     | 16   | worker   | 12        | 16  | increase  | desc        | desc       | 440536     | 39541.62 | 9554.59  | 6   | 13986,14111,14236,13987,14112,14237 | -29987.03 | -75.84   |
| 10  | 20         | 10000000 | 625000    | 476191   | 1       | 2     | 16   | io_uring | 12        | 16  | increase  | desc        | desc       | 440536     | 39887.24 | 9796.37  | 6   | 14736,14861,14986,14737,14862,14987 | -30090.87 | -75.44   |
| 11  | 20         | 10000000 | 625000    | 476191   | 1       | 2     | 16   | worker   | 12        | 16  | decrease  | asc         | asc        | 440536     | 39549.3  | 9426.2   | 6   | 15111,15236,15361,15112,15237,15362 | -30123.1  | -76.17   |
| 11  | 20         | 10000000 | 625000    | 476191   | 1       | 2     | 16   | io_uring | 12        | 16  | decrease  | asc         | asc        | 440536     | 39889.86 | 9573.49  | 6   | 15861,15986,16111,15862,15987,16112 | -30316.37 | -76.0    |
| 17  | 20         | 10000000 | 5000000   | 476191   | 1024    | 512   | 2    | worker   | 12        | 16  | increase  | asc         | desc       | 4024288    | 43826.92 | 11262.64 | 6   | 25271,25411,25551,25272,25412,25552 | -32564.28 | -74.3    |
| 12  | 20         | 10000000 | 625000    | 476191   | 1       | 2     | 16   | worker   | 12        | 16  | decrease  | desc        | asc        | 440536     | 41395.49 | 7632.85  | 6   | 16611,16736,16861,16612,16737,16862 | -33762.64 | -81.56   |
| 12  | 20         | 10000000 | 625000    | 476191   | 1       | 2     | 16   | io_uring | 12        | 16  | decrease  | desc        | asc        | 440536     | 41709.55 | 7826.9   | 6   | 17361,17486,17611,17362,17487,17612 | -33882.65 | -81.23   |
| 9   | 20         | 10000000 | 625000    | 476191   | 1       | 2     | 16   | worker   | 12        | 16  | increase  | asc         | desc       | 440536     | 41729.37 | 7733.19  | 6   | 12486,12611,12736,12487,12612,12737 | -33996.18 | -81.47   |
| 9   | 20         | 10000000 | 625000    | 476191   | 1       | 2     | 16   | io_uring | 12        | 16  | increase  | asc         | desc       | 440536     | 42025.14 | 7936.69  | 6   | 13236,13361,13486,13237,13362,13487 | -34088.45 | -81.11   |
| 10  | 20         | 10000000 | 625000    | 476191   | 1       | 2     | 16   | io_uring | 12        | 16  | increase  | desc        | desc       | 503036     | 45317.42 | 11093.23 | 6   | 14741,14866,14991,14742,14867,14992 | -34224.19 | -75.52   |
| 11  | 20         | 10000000 | 625000    | 476191   | 1       | 2     | 16   | worker   | 12        | 16  | decrease  | asc         | asc        | 503036     | 45103.53 | 10788.82 | 6   | 15116,15241,15366,15117,15242,15367 | -34314.71 | -76.08   |
| 10  | 20         | 10000000 | 625000    | 476191   | 1       | 2     | 16   | worker   | 12        | 16  | increase  | desc        | desc       | 503036     | 45209.9  | 10892.65 | 6   | 13991,14116,14241,13992,14117,14242 | -34317.25 | -75.91   |
| 11  | 20         | 10000000 | 625000    | 476191   | 1       | 2     | 16   | io_uring | 12        | 16  | decrease  | asc         | asc        | 503036     | 45213.51 | 10892.05 | 6   | 15866,15991,16116,15867,15992,16117 | -34321.46 | -75.91   |
| 17  | 20         | 10000000 | 5000000   | 476191   | 1024    | 512   | 2    | io_uring | 12        | 16  | increase  | asc         | desc       | 4524288    | 49571.38 | 12967.91 | 6   | 26116,26256,26396,26117,26257,26397 | -36603.47 | -73.84   |
| 17  | 20         | 10000000 | 5000000   | 476191   | 1024    | 512   | 2    | worker   | 12        | 16  | increase  | asc         | desc       | 4524288    | 49293.13 | 12653.93 | 6   | 25276,25416,25556,25277,25417,25557 | -36639.2  | -74.33   |
| 11  | 20         | 10000000 | 625000    | 476191   | 1       | 2     | 16   | worker   | 12        | 16  | decrease  | asc         | asc        | 565536     | 50740.07 | 12630.82 | 6   | 15121,15246,15371,15122,15247,15372 | -38109.25 | -75.11   |
| 12  | 20         | 10000000 | 625000    | 476191   | 1       | 2     | 16   | worker   | 12        | 16  | decrease  | desc        | asc        | 503036     | 47273.14 | 8882.87  | 6   | 16616,16741,16866,16617,16742,16867 | -38390.27 | -81.21   |
| 11  | 20         | 10000000 | 625000    | 476191   | 1       | 2     | 16   | io_uring | 12        | 16  | decrease  | asc         | asc        | 565536     | 50926.45 | 12473.85 | 6   | 15871,15996,16121,15872,15997,16122 | -38452.6  | -75.51   |
| 9   | 20         | 10000000 | 625000    | 476191   | 1       | 2     | 16   | worker   | 12        | 16  | increase  | asc         | desc       | 503036     | 47350.52 | 8892.19  | 6   | 12491,12616,12741,12492,12617,12742 | -38458.33 | -81.22   |
| 10  | 20         | 10000000 | 625000    | 476191   | 1       | 2     | 16   | io_uring | 12        | 16  | increase  | desc        | desc       | 565536     | 50947.9  | 12317.73 | 6   | 14746,14871,14996,14747,14872,14997 | -38630.17 | -75.82   |
| 10  | 20         | 10000000 | 625000    | 476191   | 1       | 2     | 16   | worker   | 12        | 16  | increase  | desc        | desc       | 565536     | 50923.25 | 12242.27 | 6   | 13996,14121,14246,13997,14122,14247 | -38680.98 | -75.96   |
| 9   | 20         | 10000000 | 625000    | 476191   | 1       | 2     | 16   | io_uring | 12        | 16  | increase  | asc         | desc       | 503036     | 47742.12 | 8980.37  | 6   | 13241,13366,13491,13242,13367,13492 | -38761.75 | -81.19   |
| 12  | 20         | 10000000 | 625000    | 476191   | 1       | 2     | 16   | io_uring | 12        | 16  | decrease  | desc        | asc        | 503036     | 48282.46 | 8961.15  | 6   | 17366,17491,17616,17367,17492,17617 | -39321.31 | -81.44   |
| 12  | 20         | 10000000 | 625000    | 476191   | 1       | 2     | 16   | worker   | 12        | 16  | decrease  | desc        | asc        | 565536     | 53242.85 | 10008.13 | 6   | 16621,16746,16871,16622,16747,16872 | -43234.72 | -81.2    |
| 9   | 20         | 10000000 | 625000    | 476191   | 1       | 2     | 16   | io_uring | 12        | 16  | increase  | asc         | desc       | 565536     | 53683.28 | 10171.16 | 6   | 13246,13371,13496,13247,13372,13497 | -43512.12 | -81.05   |
| 9   | 20         | 10000000 | 625000    | 476191   | 1       | 2     | 16   | worker   | 12        | 16  | increase  | asc         | desc       | 565536     | 53471.26 | 9882.53  | 6   | 12496,12621,12746,12497,12622,12747 | -43588.73 | -81.52   |
| 12  | 20         | 10000000 | 625000    | 476191   | 1       | 2     | 16   | io_uring | 12        | 16  | decrease  | desc        | asc        | 565536     | 53721.71 | 10040.59 | 6   | 17371,17496,17621,17372,17497,17622 | -43681.12 | -81.31   |
+-----+------------+----------+-----------+----------+---------+-------+------+----------+-----------+-----+-----------+-------------+------------+------------+----------+----------+-----+-------------------------------------+-----------+----------+
