+-----+------------+----------+-----------+----------+---------+-------+------+----------+-----------+-----+-----------+-------------+------------+------------+----------+----------+-----+-------------------------------------+----------+----------+
| did | fillfactor |   rows   | ndistinct | relpages |  fuzz   | fuzz2 | step | iomethod | ioworkers | eic | direction | index_order | scan_order | num_values | patched  |  master  | cnt |                 qid                 |   diff   | pct_diff |
+-----+------------+----------+-----------+----------+---------+-------+------+----------+-----------+-----+-----------+-------------+------------+------------+----------+----------+-----+-------------------------------------+----------+----------+
| 12  | 20         | 10000000 | 625000    | 476191   | 1       | 2     | 16   | io_uring | 12        | 16  | decrease  | desc        | asc        | 565536     | 10040.59 | 53721.71 | 6   | 17372,17497,17622,17371,17496,17621 | 43681.12 | 435.05   |
| 9   | 20         | 10000000 | 625000    | 476191   | 1       | 2     | 16   | worker   | 12        | 16  | increase  | asc         | desc       | 565536     | 9882.53  | 53471.26 | 6   | 12497,12622,12747,12496,12621,12746 | 43588.73 | 441.07   |
| 9   | 20         | 10000000 | 625000    | 476191   | 1       | 2     | 16   | io_uring | 12        | 16  | increase  | asc         | desc       | 565536     | 10171.16 | 53683.28 | 6   | 13247,13372,13497,13246,13371,13496 | 43512.12 | 427.8    |
| 12  | 20         | 10000000 | 625000    | 476191   | 1       | 2     | 16   | worker   | 12        | 16  | decrease  | desc        | asc        | 565536     | 10008.13 | 53242.85 | 6   | 16622,16747,16872,16621,16746,16871 | 43234.72 | 432.0    |
| 12  | 20         | 10000000 | 625000    | 476191   | 1       | 2     | 16   | io_uring | 12        | 16  | decrease  | desc        | asc        | 503036     | 8961.15  | 48282.46 | 6   | 17367,17492,17617,17366,17491,17616 | 39321.31 | 438.8    |
| 9   | 20         | 10000000 | 625000    | 476191   | 1       | 2     | 16   | io_uring | 12        | 16  | increase  | asc         | desc       | 503036     | 8980.37  | 47742.12 | 6   | 13242,13367,13492,13241,13366,13491 | 38761.75 | 431.63   |
| 10  | 20         | 10000000 | 625000    | 476191   | 1       | 2     | 16   | worker   | 12        | 16  | increase  | desc        | desc       | 565536     | 12242.27 | 50923.25 | 6   | 13997,14122,14247,13996,14121,14246 | 38680.98 | 315.96   |
| 10  | 20         | 10000000 | 625000    | 476191   | 1       | 2     | 16   | io_uring | 12        | 16  | increase  | desc        | desc       | 565536     | 12317.73 | 50947.9  | 6   | 14747,14872,14997,14746,14871,14996 | 38630.17 | 313.61   |
| 9   | 20         | 10000000 | 625000    | 476191   | 1       | 2     | 16   | worker   | 12        | 16  | increase  | asc         | desc       | 503036     | 8892.19  | 47350.52 | 6   | 12492,12617,12742,12491,12616,12741 | 38458.33 | 432.5    |
| 11  | 20         | 10000000 | 625000    | 476191   | 1       | 2     | 16   | io_uring | 12        | 16  | decrease  | asc         | asc        | 565536     | 12473.85 | 50926.45 | 6   | 15872,15997,16122,15871,15996,16121 | 38452.6  | 308.27   |
| 12  | 20         | 10000000 | 625000    | 476191   | 1       | 2     | 16   | worker   | 12        | 16  | decrease  | desc        | asc        | 503036     | 8882.87  | 47273.14 | 6   | 16617,16742,16867,16616,16741,16866 | 38390.27 | 432.18   |
| 11  | 20         | 10000000 | 625000    | 476191   | 1       | 2     | 16   | worker   | 12        | 16  | decrease  | asc         | asc        | 565536     | 12630.82 | 50740.07 | 6   | 15122,15247,15372,15121,15246,15371 | 38109.25 | 301.72   |
| 17  | 20         | 10000000 | 5000000   | 476191   | 1024    | 512   | 2    | worker   | 12        | 16  | increase  | asc         | desc       | 4524288    | 12653.93 | 49293.13 | 6   | 25277,25417,25557,25276,25416,25556 | 36639.2  | 289.55   |
| 17  | 20         | 10000000 | 5000000   | 476191   | 1024    | 512   | 2    | io_uring | 12        | 16  | increase  | asc         | desc       | 4524288    | 12967.91 | 49571.38 | 6   | 26117,26257,26397,26116,26256,26396 | 36603.47 | 282.26   |
| 11  | 20         | 10000000 | 625000    | 476191   | 1       | 2     | 16   | io_uring | 12        | 16  | decrease  | asc         | asc        | 503036     | 10892.05 | 45213.51 | 6   | 15867,15992,16117,15866,15991,16116 | 34321.46 | 315.11   |
| 10  | 20         | 10000000 | 625000    | 476191   | 1       | 2     | 16   | worker   | 12        | 16  | increase  | desc        | desc       | 503036     | 10892.65 | 45209.9  | 6   | 13992,14117,14242,13991,14116,14241 | 34317.25 | 315.05   |
| 11  | 20         | 10000000 | 625000    | 476191   | 1       | 2     | 16   | worker   | 12        | 16  | decrease  | asc         | asc        | 503036     | 10788.82 | 45103.53 | 6   | 15117,15242,15367,15116,15241,15366 | 34314.71 | 318.06   |
| 10  | 20         | 10000000 | 625000    | 476191   | 1       | 2     | 16   | io_uring | 12        | 16  | increase  | desc        | desc       | 503036     | 11093.23 | 45317.42 | 6   | 14742,14867,14992,14741,14866,14991 | 34224.19 | 308.51   |
| 9   | 20         | 10000000 | 625000    | 476191   | 1       | 2     | 16   | io_uring | 12        | 16  | increase  | asc         | desc       | 440536     | 7936.69  | 42025.14 | 6   | 13237,13362,13487,13236,13361,13486 | 34088.45 | 429.5    |
| 9   | 20         | 10000000 | 625000    | 476191   | 1       | 2     | 16   | worker   | 12        | 16  | increase  | asc         | desc       | 440536     | 7733.19  | 41729.37 | 6   | 12487,12612,12737,12486,12611,12736 | 33996.18 | 439.61   |
| 12  | 20         | 10000000 | 625000    | 476191   | 1       | 2     | 16   | io_uring | 12        | 16  | decrease  | desc        | asc        | 440536     | 7826.9   | 41709.55 | 6   | 17362,17487,17612,17361,17486,17611 | 33882.65 | 432.9    |
| 12  | 20         | 10000000 | 625000    | 476191   | 1       | 2     | 16   | worker   | 12        | 16  | decrease  | desc        | asc        | 440536     | 7632.85  | 41395.49 | 6   | 16612,16737,16862,16611,16736,16861 | 33762.64 | 442.33   |
| 17  | 20         | 10000000 | 5000000   | 476191   | 1024    | 512   | 2    | worker   | 12        | 16  | increase  | asc         | desc       | 4024288    | 11262.64 | 43826.92 | 6   | 25272,25412,25552,25271,25411,25551 | 32564.28 | 289.14   |
| 11  | 20         | 10000000 | 625000    | 476191   | 1       | 2     | 16   | io_uring | 12        | 16  | decrease  | asc         | asc        | 440536     | 9573.49  | 39889.86 | 6   | 15862,15987,16112,15861,15986,16111 | 30316.37 | 316.67   |
| 11  | 20         | 10000000 | 625000    | 476191   | 1       | 2     | 16   | worker   | 12        | 16  | decrease  | asc         | asc        | 440536     | 9426.2   | 39549.3  | 6   | 15112,15237,15362,15111,15236,15361 | 30123.1  | 319.57   |
| 10  | 20         | 10000000 | 625000    | 476191   | 1       | 2     | 16   | io_uring | 12        | 16  | increase  | desc        | desc       | 440536     | 9796.37  | 39887.24 | 6   | 14737,14862,14987,14736,14861,14986 | 30090.87 | 307.16   |
| 10  | 20         | 10000000 | 625000    | 476191   | 1       | 2     | 16   | worker   | 12        | 16  | increase  | desc        | desc       | 440536     | 9554.59  | 39541.62 | 6   | 13987,14112,14237,13986,14111,14236 | 29987.03 | 313.85   |
| 12  | 20         | 10000000 | 625000    | 476191   | 1       | 2     | 16   | worker   | 12        | 16  | decrease  | desc        | asc        | 378036     | 6730.78  | 35873.25 | 6   | 16607,16732,16857,16606,16731,16856 | 29142.47 | 432.97   |
| 9   | 20         | 10000000 | 625000    | 476191   | 1       | 2     | 16   | io_uring | 12        | 16  | increase  | asc         | desc       | 378036     | 6752.39  | 35848.05 | 6   | 13232,13357,13482,13231,13356,13481 | 29095.66 | 430.89   |
| 12  | 20         | 10000000 | 625000    | 476191   | 1       | 2     | 16   | io_uring | 12        | 16  | decrease  | desc        | asc        | 378036     | 6764.72  | 35828.46 | 6   | 17357,17482,17607,17356,17481,17606 | 29063.74 | 429.64   |
| 9   | 20         | 10000000 | 625000    | 476191   | 1       | 2     | 16   | worker   | 12        | 16  | increase  | asc         | desc       | 378036     | 6605.41  | 35546.81 | 6   | 12482,12607,12732,12481,12606,12731 | 28941.4  | 438.15   |
| 10  | 20         | 10000000 | 625000    | 476191   | 1       | 2     | 16   | io_uring | 12        | 16  | increase  | desc        | desc       | 378036     | 8283.34  | 34220.29 | 6   | 14732,14857,14982,14731,14856,14981 | 25936.95 | 313.12   |
| 11  | 20         | 10000000 | 625000    | 476191   | 1       | 2     | 16   | io_uring | 12        | 16  | decrease  | asc         | asc        | 378036     | 8238.52  | 34028.1  | 6   | 15857,15982,16107,15856,15981,16106 | 25789.58 | 313.04   |
| 10  | 20         | 10000000 | 625000    | 476191   | 1       | 2     | 16   | worker   | 12        | 16  | increase  | desc        | desc       | 378036     | 8219.97  | 33967.38 | 6   | 13982,14107,14232,13981,14106,14231 | 25747.41 | 313.23   |
| 11  | 20         | 10000000 | 625000    | 476191   | 1       | 2     | 16   | worker   | 12        | 16  | decrease  | asc         | asc        | 378036     | 8079.79  | 33730.22 | 6   | 15107,15232,15357,15106,15231,15356 | 25650.43 | 317.46   |
| 9   | 20         | 10000000 | 625000    | 476191   | 1       | 2     | 16   | worker   | 12        | 16  | increase  | asc         | desc       | 315536     | 5541.6   | 30024.58 | 6   | 12477,12602,12727,12476,12601,12726 | 24482.98 | 441.8    |
| 9   | 20         | 10000000 | 625000    | 476191   | 1       | 2     | 16   | io_uring | 12        | 16  | increase  | asc         | desc       | 315536     | 5624.69  | 30028.17 | 6   | 13227,13352,13477,13226,13351,13476 | 24403.48 | 433.86   |
| 12  | 20         | 10000000 | 625000    | 476191   | 1       | 2     | 16   | io_uring | 12        | 16  | decrease  | desc        | asc        | 315536     | 5758.34  | 30021.82 | 6   | 17352,17477,17602,17351,17476,17601 | 24263.48 | 421.36   |
| 12  | 20         | 10000000 | 625000    | 476191   | 1       | 2     | 16   | worker   | 12        | 16  | decrease  | desc        | asc        | 315536     | 5513.42  | 29632.68 | 6   | 16602,16727,16852,16601,16726,16851 | 24119.26 | 437.46   |
| 19  | 20         | 10000000 | 5000000   | 476191   | 1024    | 512   | 2    | io_uring | 12        | 16  | decrease  | asc         | asc        | 4524288    | 23007.88 | 45994.3  | 6   | 29057,29197,29337,29056,29196,29336 | 22986.42 | 99.91    |
| 11  | 20         | 10000000 | 625000    | 476191   | 1       | 2     | 16   | worker   | 12        | 16  | decrease  | asc         | asc        | 315536     | 6765.57  | 28652.44 | 6   | 15102,15227,15352,15101,15226,15351 | 21886.87 | 323.5    |
| 11  | 20         | 10000000 | 625000    | 476191   | 1       | 2     | 16   | io_uring | 12        | 16  | decrease  | asc         | asc        | 315536     | 6888.63  | 28496.97 | 6   | 15852,15977,16102,15851,15976,16101 | 21608.34 | 313.68   |
| 10  | 20         | 10000000 | 625000    | 476191   | 1       | 2     | 16   | io_uring | 12        | 16  | increase  | desc        | desc       | 315536     | 7035.19  | 28518.94 | 6   | 14727,14852,14977,14726,14851,14976 | 21483.75 | 305.38   |
| 10  | 20         | 10000000 | 625000    | 476191   | 1       | 2     | 16   | worker   | 12        | 16  | increase  | desc        | desc       | 315536     | 6870.57  | 28308.04 | 6   | 13977,14102,14227,13976,14101,14226 | 21437.47 | 312.02   |
| 20  | 20         | 10000000 | 5000000   | 476191   | 1024    | 512   | 2    | worker   | 12        | 16  | decrease  | desc        | asc        | 4024288    | 22028.24 | 43426.04 | 6   | 29892,30032,30172,29891,30031,30171 | 21397.8  | 97.14    |
| 18  | 20         | 10000000 | 5000000   | 476191   | 1024    | 512   | 2    | worker   | 12        | 16  | increase  | desc        | desc       | 4024288    | 20100.35 | 39879.98 | 6   | 26952,27092,27232,26951,27091,27231 | 19779.63 | 98.4     |
| 9   | 20         | 10000000 | 625000    | 476191   | 1       | 2     | 16   | io_uring | 12        | 16  | increase  | asc         | desc       | 253036     | 4525.69  | 24269.05 | 6   | 13222,13347,13472,13221,13346,13471 | 19743.36 | 436.25   |
| 12  | 20         | 10000000 | 625000    | 476191   | 1       | 2     | 16   | io_uring | 12        | 16  | decrease  | desc        | asc        | 253036     | 4493.46  | 24062.88 | 6   | 17347,17472,17597,17346,17471,17596 | 19569.42 | 435.51   |
| 12  | 20         | 10000000 | 625000    | 476191   | 1       | 2     | 16   | worker   | 12        | 16  | decrease  | desc        | asc        | 253036     | 4395.34  | 23810.95 | 6   | 16597,16722,16847,16596,16721,16846 | 19415.61 | 441.73   |
| 9   | 20         | 10000000 | 625000    | 476191   | 1       | 2     | 16   | worker   | 12        | 16  | increase  | asc         | desc       | 253036     | 4529.01  | 23906.95 | 6   | 12472,12597,12722,12471,12596,12721 | 19377.94 | 427.86   |
| 17  | 20         | 10000000 | 5000000   | 476191   | 1024    | 512   | 2    | worker   | 12        | 16  | increase  | asc         | desc       | 3524288    | 19905.79 | 38709.94 | 6   | 25267,25407,25547,25266,25406,25546 | 18804.15 | 94.47    |
| 20  | 20         | 10000000 | 5000000   | 476191   | 1024    | 512   | 2    | worker   | 12        | 16  | decrease  | desc        | asc        | 3524288    | 19058.74 | 37804.85 | 6   | 29887,30027,30167,29886,30026,30166 | 18746.11 | 98.36    |
| 20  | 20         | 10000000 | 5000000   | 476191   | 1024    | 512   | 2    | io_uring | 12        | 16  | decrease  | desc        | asc        | 3524288    | 19413.14 | 38047.25 | 6   | 30727,30867,31007,30726,30866,31006 | 18634.11 | 95.99    |
| 19  | 20         | 10000000 | 5000000   | 476191   | 1024    | 512   | 2    | worker   | 12        | 16  | decrease  | asc         | asc        | 3524288    | 17509.31 | 35131.96 | 6   | 28207,28347,28487,28206,28346,28486 | 17622.65 | 100.65   |
| 11  | 20         | 10000000 | 625000    | 476191   | 1       | 2     | 16   | io_uring | 12        | 16  | decrease  | asc         | asc        | 253036     | 5583.78  | 23024.62 | 6   | 15847,15972,16097,15846,15971,16096 | 17440.84 | 312.35   |
| 10  | 20         | 10000000 | 625000    | 476191   | 1       | 2     | 16   | io_uring | 12        | 16  | increase  | desc        | desc       | 253036     | 5563.77  | 22984.56 | 6   | 14722,14847,14972,14721,14846,14971 | 17420.79 | 313.11   |
| 18  | 20         | 10000000 | 5000000   | 476191   | 1024    | 512   | 2    | io_uring | 12        | 16  | increase  | desc        | desc       | 3524288    | 17954.91 | 35207.83 | 6   | 27787,27927,28067,27786,27926,28066 | 17252.92 | 96.09    |
| 11  | 20         | 10000000 | 625000    | 476191   | 1       | 2     | 16   | worker   | 12        | 16  | decrease  | asc         | asc        | 253036     | 5433.57  | 22606.31 | 6   | 15097,15222,15347,15096,15221,15346 | 17172.74 | 316.05   |
| 10  | 20         | 10000000 | 625000    | 476191   | 1       | 2     | 16   | worker   | 12        | 16  | increase  | desc        | desc       | 253036     | 5604.83  | 22755.79 | 6   | 13972,14097,14222,13971,14096,14221 | 17150.96 | 306.0    |
| 20  | 20         | 10000000 | 5000000   | 476191   | 1024    | 512   | 2    | worker   | 12        | 16  | decrease  | desc        | asc        | 3024288    | 16429.82 | 32422.42 | 6   | 29882,30022,30162,29881,30021,30161 | 15992.6  | 97.34    |
| 18  | 20         | 10000000 | 5000000   | 476191   | 1024    | 512   | 2    | io_uring | 12        | 16  | increase  | desc        | desc       | 3024288    | 15267.48 | 30715.35 | 6   | 27782,27922,28062,27781,27921,28061 | 15447.87 | 101.18   |
| 9   | 20         | 10000000 | 625000    | 476191   | 1       | 2     | 16   | worker   | 12        | 16  | increase  | asc         | desc       | 190536     | 3324.45  | 18166.74 | 6   | 12467,12592,12717,12466,12591,12716 | 14842.29 | 446.46   |
| 18  | 20         | 10000000 | 5000000   | 476191   | 1024    | 512   | 2    | worker   | 12        | 16  | increase  | desc        | desc       | 3024288    | 15245.61 | 30051.1  | 6   | 26942,27082,27222,26941,27081,27221 | 14805.49 | 97.11    |
| 9   | 20         | 10000000 | 625000    | 476191   | 1       | 2     | 16   | io_uring | 12        | 16  | increase  | asc         | desc       | 190536     | 3392.42  | 18140.68 | 6   | 13217,13342,13467,13216,13341,13466 | 14748.26 | 434.74   |
| 19  | 20         | 10000000 | 5000000   | 476191   | 1024    | 512   | 2    | worker   | 12        | 16  | decrease  | asc         | asc        | 3024288    | 15111.31 | 29841.63 | 6   | 28202,28342,28482,28201,28341,28481 | 14730.32 | 97.48    |
| 12  | 20         | 10000000 | 625000    | 476191   | 1       | 2     | 16   | io_uring | 12        | 16  | decrease  | desc        | asc        | 190536     | 3365.87  | 18068.15 | 6   | 17342,17467,17592,17341,17466,17591 | 14702.28 | 436.8    |
| 12  | 20         | 10000000 | 625000    | 476191   | 1       | 2     | 16   | worker   | 12        | 16  | decrease  | desc        | asc        | 190536     | 3323.55  | 17925.03 | 6   | 16592,16717,16842,16591,16716,16841 | 14601.48 | 439.33   |
| 10  | 20         | 10000000 | 625000    | 476191   | 1       | 2     | 16   | io_uring | 12        | 16  | increase  | desc        | desc       | 190536     | 4260.59  | 17614.53 | 6   | 14717,14842,14967,14716,14841,14966 | 13353.94 | 313.43   |
| 13  | 60         | 10000000 | 5000000   | 156250   | 4096    | 32    | 2    | worker   | 12        | 16  | increase  | asc         | desc       | 4524288    | 5877.67  | 19205.4  | 6   | 18557,18697,18837,18556,18696,18836 | 13327.73 | 226.75   |
| 16  | 60         | 10000000 | 5000000   | 156250   | 4096    | 32    | 2    | worker   | 12        | 16  | decrease  | desc        | asc        | 4524288    | 5803.17  | 19053.64 | 6   | 23177,23317,23457,23176,23316,23456 | 13250.47 | 228.33   |
| 16  | 60         | 10000000 | 5000000   | 156250   | 4096    | 32    | 2    | io_uring | 12        | 16  | decrease  | desc        | asc        | 4524288    | 6083.95  | 19328.43 | 6   | 24017,24157,24297,24016,24156,24296 | 13244.48 | 217.7    |
| 20  | 20         | 10000000 | 5000000   | 476191   | 1024    | 512   | 2    | io_uring | 12        | 16  | decrease  | desc        | asc        | 2524288    | 14246.81 | 27446.76 | 6   | 30717,30857,30997,30716,30856,30996 | 13199.95 | 92.65    |
| 11  | 20         | 10000000 | 625000    | 476191   | 1       | 2     | 16   | io_uring | 12        | 16  | decrease  | asc         | asc        | 190536     | 4176.54  | 17209.25 | 6   | 15842,15967,16092,15841,15966,16091 | 13032.71 | 312.05   |
| 10  | 20         | 10000000 | 625000    | 476191   | 1       | 2     | 16   | worker   | 12        | 16  | increase  | desc        | desc       | 190536     | 4194.69  | 17186.45 | 6   | 13967,14092,14217,13966,14091,14216 | 12991.76 | 309.72   |
| 11  | 20         | 10000000 | 625000    | 476191   | 1       | 2     | 16   | worker   | 12        | 16  | decrease  | asc         | asc        | 190536     | 4074.2   | 17049.8  | 6   | 15092,15217,15342,15091,15216,15341 | 12975.6  | 318.48   |
| 19  | 20         | 10000000 | 5000000   | 476191   | 1024    | 512   | 2    | io_uring | 12        | 16  | decrease  | asc         | asc        | 2524288    | 12715.93 | 25156.97 | 6   | 29037,29177,29317,29036,29176,29316 | 12441.04 | 97.84    |
| 18  | 20         | 10000000 | 5000000   | 476191   | 1024    | 512   | 2    | worker   | 12        | 16  | increase  | desc        | desc       | 2524288    | 12622.49 | 25046.35 | 6   | 26937,27077,27217,26936,27076,27216 | 12423.86 | 98.43    |
| 19  | 20         | 10000000 | 5000000   | 476191   | 1024    | 512   | 2    | worker   | 12        | 16  | decrease  | asc         | asc        | 2524288    | 12510.01 | 24899.78 | 6   | 28197,28337,28477,28196,28336,28476 | 12389.77 | 99.04    |
| 20  | 20         | 10000000 | 5000000   | 476191   | 1024    | 512   | 2    | io_uring | 12        | 16  | decrease  | desc        | asc        | 4524288    | 36885.09 | 48789.24 | 6   | 30737,30877,31017,30736,30876,31016 | 11904.15 | 32.27    |
| 16  | 60         | 10000000 | 5000000   | 156250   | 4096    | 32    | 2    | worker   | 12        | 16  | decrease  | desc        | asc        | 4024288    | 5157.27  | 16900.84 | 6   | 23172,23312,23452,23171,23311,23451 | 11743.57 | 227.71   |
| 1   | 40         | 10000000 | 625000    | 238096   | 1048576 | 32    | 16   | worker   | 12        | 16  | increase  | asc         | desc       | 565536     | 6291.24  | 17582.03 | 6   | 497,622,747,496,621,746             | 11290.79 | 179.47   |
| 19  | 20         | 10000000 | 5000000   | 476191   | 1024    | 512   | 2    | worker   | 12        | 16  | decrease  | asc         | asc        | 1524288    | 3826.94  | 15043.13 | 6   | 28187,28327,28467,28186,28326,28466 | 11216.19 | 293.09   |
| 4   | 40         | 10000000 | 625000    | 238096   | 1048576 | 32    | 16   | worker   | 12        | 16  | decrease  | desc        | asc        | 565536     | 6263.66  | 17462.54 | 6   | 4622,4747,4872,4621,4746,4871       | 11198.88 | 178.79   |
| 18  | 20         | 10000000 | 5000000   | 476191   | 1024    | 512   | 2    | io_uring | 12        | 16  | increase  | desc        | desc       | 4524288    | 33927.63 | 45076.33 | 6   | 27797,27937,28077,27796,27936,28076 | 11148.7  | 32.86    |
| 1   | 40         | 10000000 | 625000    | 238096   | 1048576 | 32    | 16   | io_uring | 12        | 16  | increase  | asc         | desc       | 565536     | 6556.27  | 17685.5  | 6   | 1247,1372,1497,1246,1371,1496       | 11129.23 | 169.75   |
| 18  | 20         | 10000000 | 5000000   | 476191   | 1024    | 512   | 2    | worker   | 12        | 16  | increase  | desc        | desc       | 4524288    | 33721.9  | 44838.89 | 6   | 26957,27097,27237,26956,27096,27236 | 11116.99 | 32.97    |
| 4   | 40         | 10000000 | 625000    | 238096   | 1048576 | 32    | 16   | worker   | 12        | 16  | decrease  | desc        | asc        | 503036     | 5804.47  | 16832.99 | 6   | 4617,4742,4867,4616,4741,4866       | 11028.52 | 190.0    |
| 1   | 40         | 10000000 | 625000    | 238096   | 1048576 | 32    | 16   | io_uring | 12        | 16  | increase  | asc         | desc       | 503036     | 6087.78  | 17086.22 | 6   | 1242,1367,1492,1241,1366,1491       | 10998.44 | 180.66   |
| 4   | 40         | 10000000 | 625000    | 238096   | 1048576 | 32    | 16   | io_uring | 12        | 16  | decrease  | desc        | asc        | 565536     | 6518.22  | 17511.5  | 6   | 5372,5497,5622,5371,5496,5621       | 10993.28 | 168.65   |
| 1   | 40         | 10000000 | 625000    | 238096   | 1048576 | 32    | 16   | worker   | 12        | 16  | increase  | asc         | desc       | 503036     | 6025.22  | 17000.52 | 6   | 492,617,742,491,616,741             | 10975.3  | 182.16   |
| 1   | 40         | 10000000 | 625000    | 238096   | 1048576 | 32    | 16   | worker   | 12        | 16  | increase  | asc         | desc       | 440536     | 5364.43  | 16311.93 | 6   | 487,612,737,486,611,736             | 10947.5  | 204.08   |
| 17  | 20         | 10000000 | 5000000   | 476191   | 1024    | 512   | 2    | worker   | 12        | 16  | increase  | asc         | desc       | 2024288    | 11155.34 | 22102.81 | 6   | 25252,25392,25532,25251,25391,25531 | 10947.47 | 98.14    |
| 1   | 40         | 10000000 | 625000    | 238096   | 1048576 | 32    | 16   | io_uring | 12        | 16  | increase  | asc         | desc       | 440536     | 5540.99  | 16487.97 | 6   | 1237,1362,1487,1236,1361,1486       | 10946.98 | 197.56   |
| 14  | 60         | 10000000 | 5000000   | 156250   | 4096    | 32    | 2    | io_uring | 12        | 16  | increase  | desc        | desc       | 4524288    | 4673.83  | 15613.62 | 6   | 21077,21217,21357,21076,21216,21356 | 10939.79 | 234.06   |
| 4   | 40         | 10000000 | 625000    | 238096   | 1048576 | 32    | 16   | io_uring | 12        | 16  | decrease  | desc        | asc        | 503036     | 6025.2   | 16895.63 | 6   | 5367,5492,5617,5366,5491,5616       | 10870.43 | 180.42   |
| 4   | 40         | 10000000 | 625000    | 238096   | 1048576 | 32    | 16   | io_uring | 12        | 16  | decrease  | desc        | asc        | 440536     | 5492.65  | 16315.28 | 6   | 5362,5487,5612,5361,5486,5611       | 10822.63 | 197.04   |
| 4   | 40         | 10000000 | 625000    | 238096   | 1048576 | 32    | 16   | worker   | 12        | 16  | decrease  | desc        | asc        | 440536     | 5321.03  | 16077.54 | 6   | 4612,4737,4862,4611,4736,4861       | 10756.51 | 202.15   |
| 20  | 20         | 10000000 | 5000000   | 476191   | 1024    | 512   | 2    | io_uring | 12        | 16  | decrease  | desc        | asc        | 4024288    | 32775.59 | 43472.28 | 6   | 30732,30872,31012,30731,30871,31011 | 10696.69 | 32.64    |
| 17  | 20         | 10000000 | 5000000   | 476191   | 1024    | 512   | 2    | io_uring | 12        | 16  | increase  | asc         | desc       | 2024288    | 11524.52 | 22219.45 | 6   | 26092,26232,26372,26091,26231,26371 | 10694.93 | 92.8     |
| 4   | 40         | 10000000 | 625000    | 238096   | 1048576 | 32    | 16   | worker   | 12        | 16  | decrease  | desc        | asc        | 378036     | 4818.05  | 15502.03 | 6   | 4607,4732,4857,4606,4731,4856       | 10683.98 | 221.75   |
| 4   | 40         | 10000000 | 625000    | 238096   | 1048576 | 32    | 16   | io_uring | 12        | 16  | decrease  | desc        | asc        | 378036     | 4971.54  | 15551.85 | 6   | 5357,5482,5607,5356,5481,5606       | 10580.31 | 212.82   |
| 2   | 40         | 10000000 | 625000    | 238096   | 1048576 | 32    | 16   | io_uring | 12        | 16  | increase  | desc        | asc        | 565536     | 6463.88  | 16987.01 | 6   | 2372,2497,2622,2371,2496,2621       | 10523.13 | 162.8    |
| 1   | 40         | 10000000 | 625000    | 238096   | 1048576 | 32    | 16   | worker   | 12        | 16  | increase  | asc         | desc       | 378036     | 4841.14  | 15361.68 | 6   | 482,607,732,481,606,731             | 10520.54 | 217.32   |
| 2   | 40         | 10000000 | 625000    | 238096   | 1048576 | 32    | 16   | worker   | 12        | 16  | increase  | desc        | asc        | 503036     | 5769.81  | 16285.33 | 6   | 1617,1742,1867,1616,1741,1866       | 10515.52 | 182.25   |
| 3   | 40         | 10000000 | 625000    | 238096   | 1048576 | 32    | 16   | worker   | 12        | 16  | decrease  | asc         | desc       | 565536     | 6275.32  | 16788.25 | 6   | 3497,3622,3747,3496,3621,3746       | 10512.93 | 167.53   |
| 3   | 40         | 10000000 | 625000    | 238096   | 1048576 | 32    | 16   | worker   | 12        | 16  | decrease  | asc         | desc       | 503036     | 5760.48  | 16264.3  | 6   | 3492,3617,3742,3491,3616,3741       | 10503.82 | 182.34   |
| 3   | 40         | 10000000 | 625000    | 238096   | 1048576 | 32    | 16   | io_uring | 12        | 16  | decrease  | asc         | desc       | 503036     | 5975.39  | 16470.45 | 6   | 4242,4367,4492,4241,4366,4491       | 10495.06 | 175.64   |
| 2   | 40         | 10000000 | 625000    | 238096   | 1048576 | 32    | 16   | io_uring | 12        | 16  | increase  | desc        | asc        | 440536     | 5573.39  | 16067.46 | 6   | 2362,2487,2612,2361,2486,2611       | 10494.07 | 188.29   |
| 2   | 40         | 10000000 | 625000    | 238096   | 1048576 | 32    | 16   | worker   | 12        | 16  | increase  | desc        | asc        | 440536     | 5263.27  | 15756.65 | 6   | 1612,1737,1862,1611,1736,1861       | 10493.38 | 199.37   |
| 3   | 40         | 10000000 | 625000    | 238096   | 1048576 | 32    | 16   | io_uring | 12        | 16  | decrease  | asc         | desc       | 565536     | 6466.91  | 16949.83 | 6   | 4247,4372,4497,4246,4371,4496       | 10482.92 | 162.1    |
| 1   | 40         | 10000000 | 625000    | 238096   | 1048576 | 32    | 16   | io_uring | 12        | 16  | increase  | asc         | desc       | 378036     | 4979.48  | 15438.47 | 6   | 1232,1357,1482,1231,1356,1481       | 10458.99 | 210.04   |
| 3   | 40         | 10000000 | 625000    | 238096   | 1048576 | 32    | 16   | io_uring | 12        | 16  | decrease  | asc         | desc       | 440536     | 5441.65  | 15893.49 | 6   | 4237,4362,4487,4236,4361,4486       | 10451.84 | 192.07   |
| 2   | 40         | 10000000 | 625000    | 238096   | 1048576 | 32    | 16   | io_uring | 12        | 16  | increase  | desc        | asc        | 503036     | 6077.48  | 16524.92 | 6   | 2367,2492,2617,2366,2491,2616       | 10447.44 | 171.9    |
| 2   | 40         | 10000000 | 625000    | 238096   | 1048576 | 32    | 16   | worker   | 12        | 16  | increase  | desc        | asc        | 565536     | 6392.63  | 16824.62 | 6   | 1622,1747,1872,1621,1746,1871       | 10431.99 | 163.19   |
| 2   | 40         | 10000000 | 625000    | 238096   | 1048576 | 32    | 16   | worker   | 12        | 16  | increase  | desc        | asc        | 378036     | 4702.03  | 15095.71 | 6   | 1607,1732,1857,1606,1731,1856       | 10393.68 | 221.05   |
| 2   | 40         | 10000000 | 625000    | 238096   | 1048576 | 32    | 16   | io_uring | 12        | 16  | increase  | desc        | asc        | 378036     | 4925.01  | 15311.32 | 6   | 2357,2482,2607,2356,2481,2606       | 10386.31 | 210.89   |
| 3   | 40         | 10000000 | 625000    | 238096   | 1048576 | 32    | 16   | worker   | 12        | 16  | decrease  | asc         | desc       | 440536     | 5271.45  | 15646.45 | 6   | 3487,3612,3737,3486,3611,3736       | 10375.0  | 196.81   |
| 16  | 60         | 10000000 | 5000000   | 156250   | 4096    | 32    | 2    | io_uring | 12        | 16  | decrease  | desc        | asc        | 3524288    | 4763.12  | 15042.59 | 6   | 24007,24147,24287,24006,24146,24286 | 10279.47 | 215.81   |
| 3   | 40         | 10000000 | 625000    | 238096   | 1048576 | 32    | 16   | io_uring | 12        | 16  | decrease  | asc         | desc       | 378036     | 4917.41  | 15123.85 | 6   | 4232,4357,4482,4231,4356,4481       | 10206.44 | 207.56   |
| 3   | 40         | 10000000 | 625000    | 238096   | 1048576 | 32    | 16   | worker   | 12        | 16  | decrease  | asc         | desc       | 378036     | 4773.75  | 14935.77 | 6   | 3482,3607,3732,3481,3606,3731       | 10162.02 | 212.87   |
| 18  | 20         | 10000000 | 5000000   | 476191   | 1024    | 512   | 2    | io_uring | 12        | 16  | increase  | desc        | desc       | 4024288    | 30234.34 | 40385.41 | 6   | 27792,27932,28072,27791,27931,28071 | 10151.07 | 33.57    |
| 4   | 40         | 10000000 | 625000    | 238096   | 1048576 | 32    | 16   | worker   | 12        | 16  | decrease  | desc        | asc        | 315536     | 4369.56  | 14474.54 | 6   | 4602,4727,4852,4601,4726,4851       | 10104.98 | 231.26   |
| 4   | 40         | 10000000 | 625000    | 238096   | 1048576 | 32    | 16   | io_uring | 12        | 16  | decrease  | desc        | asc        | 315536     | 4429.95  | 14496.83 | 6   | 5352,5477,5602,5351,5476,5601       | 10066.88 | 227.25   |
| 2   | 40         | 10000000 | 625000    | 238096   | 1048576 | 32    | 16   | io_uring | 12        | 16  | increase  | desc        | asc        | 315536     | 4404.2   | 14457.2  | 6   | 2352,2477,2602,2351,2476,2601       | 10053.0  | 228.26   |
| 9   | 20         | 10000000 | 625000    | 476191   | 1       | 2     | 16   | io_uring | 12        | 16  | increase  | asc         | desc       | 128036     | 2276.75  | 12329.58 | 6   | 13212,13337,13462,13211,13336,13461 | 10052.83 | 441.54   |
| 19  | 20         | 10000000 | 5000000   | 476191   | 1024    | 512   | 2    | worker   | 12        | 16  | decrease  | asc         | asc        | 4024288    | 30443.92 | 40489.9  | 6   | 28212,28352,28492,28211,28351,28491 | 10045.98 | 33.0     |
| 1   | 40         | 10000000 | 625000    | 238096   | 1048576 | 32    | 16   | io_uring | 12        | 16  | increase  | asc         | desc       | 315536     | 4494.73  | 14537.22 | 6   | 1227,1352,1477,1226,1351,1476       | 10042.49 | 223.43   |
| 1   | 40         | 10000000 | 625000    | 238096   | 1048576 | 32    | 16   | worker   | 12        | 16  | increase  | asc         | desc       | 315536     | 4341.0   | 14371.87 | 6   | 477,602,727,476,601,726             | 10030.87 | 231.07   |
| 18  | 20         | 10000000 | 5000000   | 476191   | 1024    | 512   | 2    | io_uring | 12        | 16  | increase  | desc        | desc       | 2024288    | 10268.8  | 20291.84 | 6   | 27772,27912,28052,27771,27911,28051 | 10023.04 | 97.61    |
| 3   | 40         | 10000000 | 625000    | 238096   | 1048576 | 32    | 16   | worker   | 12        | 16  | decrease  | asc         | desc       | 315536     | 4243.1   | 14250.23 | 6   | 3477,3602,3727,3476,3601,3726       | 10007.13 | 235.84   |
| 12  | 20         | 10000000 | 625000    | 476191   | 1       | 2     | 16   | worker   | 12        | 16  | decrease  | desc        | asc        | 128036     | 2227.25  | 12230.45 | 6   | 16587,16712,16837,16586,16711,16836 | 10003.2  | 449.13   |
| 12  | 20         | 10000000 | 625000    | 476191   | 1       | 2     | 16   | io_uring | 12        | 16  | decrease  | desc        | asc        | 128036     | 2266.41  | 12238.59 | 6   | 17337,17462,17587,17336,17461,17586 | 9972.18  | 440.0    |
| 3   | 40         | 10000000 | 625000    | 238096   | 1048576 | 32    | 16   | io_uring | 12        | 16  | decrease  | asc         | desc       | 315536     | 4510.59  | 14463.64 | 6   | 4227,4352,4477,4226,4351,4476       | 9953.05  | 220.66   |
| 2   | 40         | 10000000 | 625000    | 238096   | 1048576 | 32    | 16   | worker   | 12        | 16  | increase  | desc        | asc        | 315536     | 4348.2   | 14266.84 | 6   | 1602,1727,1852,1601,1726,1851       | 9918.64  | 228.11   |
| 2   | 40         | 10000000 | 625000    | 238096   | 1048576 | 32    | 16   | worker   | 12        | 16  | increase  | desc        | asc        | 253036     | 3727.9   | 13635.02 | 6   | 1597,1722,1847,1596,1721,1846       | 9907.12  | 265.76   |
| 9   | 20         | 10000000 | 625000    | 476191   | 1       | 2     | 16   | worker   | 12        | 16  | increase  | asc         | desc       | 128036     | 2251.45  | 12150.66 | 6   | 12462,12587,12712,12461,12586,12711 | 9899.21  | 439.68   |
| 2   | 40         | 10000000 | 625000    | 238096   | 1048576 | 32    | 16   | io_uring | 12        | 16  | increase  | desc        | asc        | 253036     | 3848.04  | 13651.11 | 6   | 2347,2472,2597,2346,2471,2596       | 9803.07  | 254.75   |
| 14  | 60         | 10000000 | 5000000   | 156250   | 4096    | 32    | 2    | worker   | 12        | 16  | increase  | desc        | desc       | 4024288    | 4092.32  | 13882.23 | 6   | 20232,20372,20512,20231,20371,20511 | 9789.91  | 239.23   |
| 14  | 60         | 10000000 | 5000000   | 156250   | 4096    | 32    | 2    | io_uring | 12        | 16  | increase  | desc        | desc       | 4024288    | 4166.19  | 13945.87 | 6   | 21072,21212,21352,21071,21211,21351 | 9779.68  | 234.74   |
| 3   | 40         | 10000000 | 625000    | 238096   | 1048576 | 32    | 16   | io_uring | 12        | 16  | decrease  | asc         | desc       | 253036     | 3894.98  | 13619.41 | 6   | 4222,4347,4472,4221,4346,4471       | 9724.43  | 249.67   |
| 1   | 40         | 10000000 | 625000    | 238096   | 1048576 | 32    | 16   | io_uring | 12        | 16  | increase  | asc         | desc       | 253036     | 3911.38  | 13620.84 | 6   | 1222,1347,1472,1221,1346,1471       | 9709.46  | 248.24   |
| 3   | 40         | 10000000 | 625000    | 238096   | 1048576 | 32    | 16   | worker   | 12        | 16  | decrease  | asc         | desc       | 253036     | 3739.58  | 13430.61 | 6   | 3472,3597,3722,3471,3596,3721       | 9691.03  | 259.15   |
| 1   | 40         | 10000000 | 625000    | 238096   | 1048576 | 32    | 16   | worker   | 12        | 16  | increase  | asc         | desc       | 253036     | 3782.07  | 13459.98 | 6   | 472,597,722,471,596,721             | 9677.91  | 255.89   |
| 4   | 40         | 10000000 | 625000    | 238096   | 1048576 | 32    | 16   | worker   | 12        | 16  | decrease  | desc        | asc        | 253036     | 3726.59  | 13372.61 | 6   | 4597,4722,4847,4596,4721,4846       | 9646.02  | 258.84   |
| 4   | 40         | 10000000 | 625000    | 238096   | 1048576 | 32    | 16   | io_uring | 12        | 16  | decrease  | desc        | asc        | 253036     | 3991.43  | 13568.03 | 6   | 5347,5472,5597,5346,5471,5596       | 9576.6   | 239.93   |
| 17  | 20         | 10000000 | 5000000   | 476191   | 1024    | 512   | 2    | io_uring | 12        | 16  | increase  | asc         | desc       | 3524288    | 29088.97 | 38648.34 | 6   | 26107,26247,26387,26106,26246,26386 | 9559.37  | 32.86    |
| 1   | 40         | 10000000 | 625000    | 238096   | 1048576 | 32    | 16   | worker   | 12        | 16  | increase  | asc         | desc       | 190536     | 3265.9   | 12740.48 | 6   | 467,592,717,466,591,716             | 9474.58  | 290.11   |
| 1   | 40         | 10000000 | 625000    | 238096   | 1048576 | 32    | 16   | io_uring | 12        | 16  | increase  | asc         | desc       | 190536     | 3303.68  | 12734.31 | 6   | 1217,1342,1467,1216,1341,1466       | 9430.63  | 285.46   |
| 2   | 40         | 10000000 | 625000    | 238096   | 1048576 | 32    | 16   | io_uring | 12        | 16  | increase  | desc        | asc        | 190536     | 3271.37  | 12586.36 | 6   | 2342,2467,2592,2341,2466,2591       | 9314.99  | 284.74   |
| 4   | 40         | 10000000 | 625000    | 238096   | 1048576 | 32    | 16   | io_uring | 12        | 16  | decrease  | desc        | asc        | 190536     | 3276.16  | 12581.38 | 6   | 5342,5467,5592,5341,5466,5591       | 9305.22  | 284.03   |
| 3   | 40         | 10000000 | 625000    | 238096   | 1048576 | 32    | 16   | worker   | 12        | 16  | decrease  | asc         | desc       | 190536     | 3181.37  | 12467.56 | 6   | 3467,3592,3717,3466,3591,3716       | 9286.19  | 291.89   |
| 19  | 20         | 10000000 | 5000000   | 476191   | 1024    | 512   | 2    | io_uring | 12        | 16  | decrease  | asc         | asc        | 4024288    | 30787.49 | 40054.04 | 6   | 29052,29192,29332,29051,29191,29331 | 9266.55  | 30.1     |
| 2   | 40         | 10000000 | 625000    | 238096   | 1048576 | 32    | 16   | worker   | 12        | 16  | increase  | desc        | asc        | 190536     | 3187.95  | 12433.46 | 6   | 1592,1717,1842,1591,1716,1841       | 9245.51  | 290.01   |
| 4   | 40         | 10000000 | 625000    | 238096   | 1048576 | 32    | 16   | worker   | 12        | 16  | decrease  | desc        | asc        | 190536     | 3197.56  | 12436.99 | 6   | 4592,4717,4842,4591,4716,4841       | 9239.43  | 288.95   |
| 3   | 40         | 10000000 | 625000    | 238096   | 1048576 | 32    | 16   | io_uring | 12        | 16  | decrease  | asc         | desc       | 190536     | 3299.81  | 12531.15 | 6   | 4217,4342,4467,4216,4341,4466       | 9231.34  | 279.75   |
| 4   | 40         | 10000000 | 625000    | 238096   | 1048576 | 32    | 16   | worker   | 12        | 16  | decrease  | desc        | asc        | 128036     | 2594.35  | 11410.52 | 6   | 4587,4712,4837,4586,4711,4836       | 8816.17  | 339.82   |
| 2   | 40         | 10000000 | 625000    | 238096   | 1048576 | 32    | 16   | worker   | 12        | 16  | increase  | desc        | asc        | 128036     | 2611.02  | 11409.09 | 6   | 1587,1712,1837,1586,1711,1836       | 8798.07  | 336.96   |
| 4   | 40         | 10000000 | 625000    | 238096   | 1048576 | 32    | 16   | io_uring | 12        | 16  | decrease  | desc        | asc        | 128036     | 2649.97  | 11446.54 | 6   | 5337,5462,5587,5336,5461,5586       | 8796.57  | 331.95   |
| 10  | 20         | 10000000 | 625000    | 476191   | 1       | 2     | 16   | io_uring | 12        | 16  | increase  | desc        | desc       | 128036     | 2826.36  | 11591.56 | 6   | 14712,14837,14962,14711,14836,14961 | 8765.2   | 310.12   |
| 1   | 40         | 10000000 | 625000    | 238096   | 1048576 | 32    | 16   | worker   | 12        | 16  | increase  | asc         | desc       | 128036     | 2628.26  | 11389.42 | 6   | 462,587,712,461,586,711             | 8761.16  | 333.34   |
| 11  | 20         | 10000000 | 625000    | 476191   | 1       | 2     | 16   | io_uring | 12        | 16  | decrease  | asc         | asc        | 128036     | 2793.04  | 11552.13 | 6   | 15837,15962,16087,15836,15961,16086 | 8759.09  | 313.6    |
| 13  | 60         | 10000000 | 5000000   | 156250   | 4096    | 32    | 2    | io_uring | 12        | 16  | increase  | asc         | desc       | 3024288    | 4068.89  | 12807.4  | 6   | 19382,19522,19662,19381,19521,19661 | 8738.51  | 214.76   |
| 11  | 20         | 10000000 | 625000    | 476191   | 1       | 2     | 16   | worker   | 12        | 16  | decrease  | asc         | asc        | 128036     | 2754.81  | 11486.64 | 6   | 15087,15212,15337,15086,15211,15336 | 8731.83  | 316.97   |
| 13  | 60         | 10000000 | 5000000   | 156250   | 4096    | 32    | 2    | io_uring | 12        | 16  | increase  | asc         | desc       | 4524288    | 10400.48 | 19123.44 | 6   | 19397,19537,19677,19396,19536,19676 | 8722.96  | 83.87    |
| 10  | 20         | 10000000 | 625000    | 476191   | 1       | 2     | 16   | worker   | 12        | 16  | increase  | desc        | desc       | 128036     | 2809.8   | 11511.0  | 6   | 13962,14087,14212,13961,14086,14211 | 8701.2   | 309.67   |
| 2   | 40         | 10000000 | 625000    | 238096   | 1048576 | 32    | 16   | io_uring | 12        | 16  | increase  | desc        | asc        | 128036     | 2689.95  | 11381.51 | 6   | 2337,2462,2587,2336,2461,2586       | 8691.56  | 323.11   |
| 1   | 40         | 10000000 | 625000    | 238096   | 1048576 | 32    | 16   | io_uring | 12        | 16  | increase  | asc         | desc       | 128036     | 2776.87  | 11455.0  | 6   | 1212,1337,1462,1211,1336,1461       | 8678.13  | 312.51   |
| 19  | 20         | 10000000 | 5000000   | 476191   | 1024    | 512   | 2    | io_uring | 12        | 16  | decrease  | asc         | asc        | 3524288    | 26415.31 | 35078.96 | 6   | 29047,29187,29327,29046,29186,29326 | 8663.65  | 32.8     |
| 3   | 40         | 10000000 | 625000    | 238096   | 1048576 | 32    | 16   | worker   | 12        | 16  | decrease  | asc         | desc       | 128036     | 2730.66  | 11391.62 | 6   | 3462,3587,3712,3461,3586,3711       | 8660.96  | 317.17   |
| 3   | 40         | 10000000 | 625000    | 238096   | 1048576 | 32    | 16   | io_uring | 12        | 16  | decrease  | asc         | desc       | 128036     | 2708.09  | 11363.82 | 6   | 4212,4337,4462,4211,4336,4461       | 8655.73  | 319.62   |
| 17  | 20         | 10000000 | 5000000   | 476191   | 1024    | 512   | 2    | io_uring | 12        | 16  | increase  | asc         | desc       | 3024288    | 25012.77 | 33420.39 | 6   | 26102,26242,26382,26101,26241,26381 | 8407.62  | 33.61    |
| 17  | 20         | 10000000 | 5000000   | 476191   | 1024    | 512   | 2    | worker   | 12        | 16  | increase  | asc         | desc       | 3024288    | 24819.5  | 33164.99 | 6   | 25262,25402,25542,25261,25401,25541 | 8345.49  | 33.62    |
| 17  | 20         | 10000000 | 5000000   | 476191   | 1024    | 512   | 2    | worker   | 12        | 16  | increase  | asc         | desc       | 1524288    | 8424.8   | 16659.44 | 6   | 25247,25387,25527,25246,25386,25526 | 8234.64  | 97.74    |
| 20  | 20         | 10000000 | 5000000   | 476191   | 1024    | 512   | 2    | worker   | 12        | 16  | decrease  | desc        | asc        | 1524288    | 8274.8   | 16321.72 | 6   | 29867,30007,30147,29866,30006,30146 | 8046.92  | 97.25    |
| 20  | 20         | 10000000 | 5000000   | 476191   | 1024    | 512   | 2    | io_uring | 12        | 16  | decrease  | desc        | asc        | 3024288    | 24665.38 | 32704.18 | 6   | 30722,30862,31002,30721,30861,31001 | 8038.8   | 32.59    |
| 20  | 20         | 10000000 | 5000000   | 476191   | 1024    | 512   | 2    | io_uring | 12        | 16  | decrease  | desc        | asc        | 1524288    | 8690.24  | 16712.17 | 6   | 30707,30847,30987,30706,30846,30986 | 8021.93  | 92.31    |
| 1   | 40         | 10000000 | 625000    | 238096   | 1048576 | 32    | 16   | worker   | 12        | 16  | increase  | asc         | desc       | 65536      | 1693.5   | 9534.4   | 6   | 457,582,707,456,581,706             | 7840.9   | 463.0    |
| 13  | 60         | 10000000 | 5000000   | 156250   | 4096    | 32    | 2    | worker   | 12        | 16  | increase  | asc         | desc       | 4024288    | 9049.59  | 16889.37 | 6   | 18552,18692,18832,18551,18691,18831 | 7839.78  | 86.63    |
| 13  | 60         | 10000000 | 5000000   | 156250   | 4096    | 32    | 2    | io_uring | 12        | 16  | increase  | asc         | desc       | 4024288    | 9251.44  | 17016.76 | 6   | 19392,19532,19672,19391,19531,19671 | 7765.32  | 83.94    |
| 16  | 60         | 10000000 | 5000000   | 156250   | 4096    | 32    | 2    | io_uring | 12        | 16  | decrease  | desc        | asc        | 4024288    | 9274.92  | 17037.59 | 6   | 24012,24152,24292,24011,24151,24291 | 7762.67  | 83.7     |
| 1   | 40         | 10000000 | 625000    | 238096   | 1048576 | 32    | 16   | io_uring | 12        | 16  | increase  | asc         | desc       | 65536      | 1718.39  | 9384.14  | 6   | 1207,1332,1457,1206,1331,1456       | 7665.75  | 446.1    |
| 4   | 40         | 10000000 | 625000    | 238096   | 1048576 | 32    | 16   | io_uring | 12        | 16  | decrease  | desc        | asc        | 65536      | 1743.68  | 9349.22  | 6   | 5332,5457,5582,5331,5456,5581       | 7605.54  | 436.18   |
| 2   | 40         | 10000000 | 625000    | 238096   | 1048576 | 32    | 16   | io_uring | 12        | 16  | increase  | desc        | asc        | 65536      | 1754.38  | 9345.02  | 6   | 2332,2457,2582,2331,2456,2581       | 7590.64  | 432.67   |
| 3   | 40         | 10000000 | 625000    | 238096   | 1048576 | 32    | 16   | io_uring | 12        | 16  | decrease  | asc         | desc       | 65536      | 1731.11  | 9315.53  | 6   | 4207,4332,4457,4206,4331,4456       | 7584.42  | 438.12   |
| 2   | 40         | 10000000 | 625000    | 238096   | 1048576 | 32    | 16   | worker   | 12        | 16  | increase  | desc        | asc        | 65536      | 1664.53  | 9233.99  | 6   | 1582,1707,1832,1581,1706,1831       | 7569.46  | 454.75   |
| 18  | 20         | 10000000 | 5000000   | 476191   | 1024    | 512   | 2    | worker   | 12        | 16  | increase  | desc        | desc       | 1524288    | 7610.11  | 15121.72 | 6   | 26927,27067,27207,26926,27066,27206 | 7511.61  | 98.71    |
| 4   | 40         | 10000000 | 625000    | 238096   | 1048576 | 32    | 16   | worker   | 12        | 16  | decrease  | desc        | asc        | 65536      | 1650.72  | 9158.99  | 6   | 4582,4707,4832,4581,4706,4831       | 7508.27  | 454.85   |
| 19  | 20         | 10000000 | 5000000   | 476191   | 1024    | 512   | 2    | io_uring | 12        | 16  | decrease  | asc         | asc        | 3024288    | 22688.04 | 30165.01 | 6   | 29042,29182,29322,29041,29181,29321 | 7476.97  | 32.96    |
| 3   | 40         | 10000000 | 625000    | 238096   | 1048576 | 32    | 16   | worker   | 12        | 16  | decrease  | asc         | desc       | 65536      | 1687.45  | 9152.38  | 6   | 3457,3582,3707,3456,3581,3706       | 7464.93  | 442.38   |
| 14  | 60         | 10000000 | 5000000   | 156250   | 4096    | 32    | 2    | io_uring | 12        | 16  | increase  | desc        | desc       | 3024288    | 3134.27  | 10594.27 | 6   | 21062,21202,21342,21061,21201,21341 | 7460.0   | 238.01   |
| 15  | 60         | 10000000 | 5000000   | 156250   | 4096    | 32    | 2    | io_uring | 12        | 16  | decrease  | asc         | asc        | 3024288    | 3122.78  | 10516.12 | 6   | 22322,22462,22602,22321,22461,22601 | 7393.34  | 236.76   |
| 13  | 60         | 10000000 | 5000000   | 156250   | 4096    | 32    | 2    | worker   | 12        | 16  | increase  | asc         | desc       | 2524288    | 3224.15  | 10614.57 | 6   | 18537,18677,18817,18536,18676,18816 | 7390.42  | 229.22   |
| 15  | 60         | 10000000 | 5000000   | 156250   | 4096    | 32    | 2    | worker   | 12        | 16  | decrease  | asc         | asc        | 4524288    | 8245.71  | 15546.9  | 6   | 21497,21637,21777,21496,21636,21776 | 7301.19  | 88.55    |
| 14  | 60         | 10000000 | 5000000   | 156250   | 4096    | 32    | 2    | worker   | 12        | 16  | increase  | desc        | desc       | 4524288    | 8246.41  | 15531.03 | 6   | 20237,20377,20517,20236,20376,20516 | 7284.62  | 88.34    |
| 15  | 60         | 10000000 | 5000000   | 156250   | 4096    | 32    | 2    | io_uring | 12        | 16  | decrease  | asc         | asc        | 4524288    | 8448.52  | 15674.72 | 6   | 22337,22477,22617,22336,22476,22616 | 7226.2   | 85.53    |
| 16  | 60         | 10000000 | 5000000   | 156250   | 4096    | 32    | 2    | worker   | 12        | 16  | decrease  | desc        | asc        | 3524288    | 7953.3   | 14807.76 | 6   | 23167,23307,23447,23166,23306,23446 | 6854.46  | 86.18    |
| 13  | 60         | 10000000 | 5000000   | 156250   | 4096    | 32    | 2    | worker   | 12        | 16  | increase  | asc         | desc       | 3524288    | 7937.81  | 14787.28 | 6   | 18547,18687,18827,18546,18686,18826 | 6849.47  | 86.29    |
| 13  | 60         | 10000000 | 5000000   | 156250   | 4096    | 32    | 2    | io_uring | 12        | 16  | increase  | asc         | desc       | 3524288    | 8115.73  | 14946.53 | 6   | 19387,19527,19667,19386,19526,19666 | 6830.8   | 84.17    |
| 17  | 20         | 10000000 | 5000000   | 476191   | 1024    | 512   | 2    | worker   | 12        | 16  | increase  | asc         | desc       | 2524288    | 20722.01 | 27507.74 | 6   | 25257,25397,25537,25256,25396,25536 | 6785.73  | 32.75    |
| 18  | 20         | 10000000 | 5000000   | 476191   | 1024    | 512   | 2    | io_uring | 12        | 16  | increase  | desc        | desc       | 2524288    | 19005.78 | 25751.59 | 6   | 27777,27917,28057,27776,27916,28056 | 6745.81  | 35.49    |
| 20  | 20         | 10000000 | 5000000   | 476191   | 1024    | 512   | 2    | worker   | 12        | 16  | decrease  | desc        | asc        | 2524288    | 20399.69 | 27035.56 | 6   | 29877,30017,30157,29876,30016,30156 | 6635.87  | 32.53    |
| 15  | 60         | 10000000 | 5000000   | 156250   | 4096    | 32    | 2    | worker   | 12        | 16  | decrease  | asc         | asc        | 4024288    | 7353.22  | 13819.0  | 6   | 21492,21632,21772,21491,21631,21771 | 6465.78  | 87.93    |
| 14  | 60         | 10000000 | 5000000   | 156250   | 4096    | 32    | 2    | worker   | 12        | 16  | increase  | desc        | desc       | 2524288    | 2621.06  | 9036.63  | 6   | 20217,20357,20497,20216,20356,20496 | 6415.57  | 244.77   |
| 3   | 40         | 10000000 | 625000    | 238096   | 1048576 | 32    | 16   | io_uring | 12        | 16  | decrease  | asc         | asc        | 503036     | 3346.12  | 9748.09  | 6   | 3867,3992,4117,3866,3991,4116       | 6401.97  | 191.33   |
| 2   | 40         | 10000000 | 625000    | 238096   | 1048576 | 32    | 16   | io_uring | 12        | 16  | increase  | desc        | desc       | 565536     | 3529.86  | 9876.43  | 6   | 2747,2872,2997,2746,2871,2996       | 6346.57  | 179.8    |
| 2   | 40         | 10000000 | 625000    | 238096   | 1048576 | 32    | 16   | io_uring | 12        | 16  | increase  | desc        | desc       | 503036     | 3365.84  | 9591.19  | 6   | 2742,2867,2992,2741,2866,2991       | 6225.35  | 184.96   |
| 3   | 40         | 10000000 | 625000    | 238096   | 1048576 | 32    | 16   | io_uring | 12        | 16  | decrease  | asc         | asc        | 565536     | 3528.53  | 9735.45  | 6   | 3872,3997,4122,3871,3996,4121       | 6206.92  | 175.91   |
| 2   | 40         | 10000000 | 625000    | 238096   | 1048576 | 32    | 16   | worker   | 12        | 16  | increase  | desc        | desc       | 565536     | 3514.65  | 9718.11  | 6   | 1997,2122,2247,1996,2121,2246       | 6203.46  | 176.5    |
| 2   | 40         | 10000000 | 625000    | 238096   | 1048576 | 32    | 16   | worker   | 12        | 16  | increase  | desc        | desc       | 503036     | 3311.34  | 9469.97  | 6   | 1992,2117,2242,1991,2116,2241       | 6158.63  | 185.99   |
| 2   | 40         | 10000000 | 625000    | 238096   | 1048576 | 32    | 16   | io_uring | 12        | 16  | increase  | desc        | desc       | 440536     | 3212.01  | 9334.09  | 6   | 2737,2862,2987,2736,2861,2986       | 6122.08  | 190.6    |
| 15  | 60         | 10000000 | 5000000   | 156250   | 4096    | 32    | 2    | worker   | 12        | 16  | decrease  | asc         | asc        | 2524288    | 2596.81  | 8661.52  | 6   | 21477,21617,21757,21476,21616,21756 | 6064.71  | 233.54   |
| 3   | 40         | 10000000 | 625000    | 238096   | 1048576 | 32    | 16   | worker   | 12        | 16  | decrease  | asc         | asc        | 503036     | 3298.57  | 9351.49  | 6   | 3117,3242,3367,3116,3241,3366       | 6052.92  | 183.5    |
| 3   | 40         | 10000000 | 625000    | 238096   | 1048576 | 32    | 16   | worker   | 12        | 16  | decrease  | asc         | asc        | 565536     | 3429.14  | 9476.71  | 6   | 3122,3247,3372,3121,3246,3371       | 6047.57  | 176.36   |
| 3   | 40         | 10000000 | 625000    | 238096   | 1048576 | 32    | 16   | io_uring | 12        | 16  | decrease  | asc         | asc        | 440536     | 3268.6   | 9306.77  | 6   | 3862,3987,4112,3861,3986,4111       | 6038.17  | 184.73   |
| 2   | 40         | 10000000 | 625000    | 238096   | 1048576 | 32    | 16   | worker   | 12        | 16  | increase  | desc        | desc       | 440536     | 3203.13  | 9222.89  | 6   | 1987,2112,2237,1986,2111,2236       | 6019.76  | 187.93   |
| 2   | 40         | 10000000 | 625000    | 238096   | 1048576 | 32    | 16   | io_uring | 12        | 16  | increase  | desc        | desc       | 378036     | 2984.13  | 8937.95  | 6   | 2732,2857,2982,2731,2856,2981       | 5953.82  | 199.52   |
| 13  | 60         | 10000000 | 5000000   | 156250   | 4096    | 32    | 2    | worker   | 12        | 16  | increase  | asc         | desc       | 3024288    | 6792.73  | 12730.31 | 6   | 18542,18682,18822,18541,18681,18821 | 5937.58  | 87.41    |
| 16  | 60         | 10000000 | 5000000   | 156250   | 4096    | 32    | 2    | worker   | 12        | 16  | decrease  | desc        | asc        | 3024288    | 6822.79  | 12711.31 | 6   | 23162,23302,23442,23161,23301,23441 | 5888.52  | 86.31    |
| 3   | 40         | 10000000 | 625000    | 238096   | 1048576 | 32    | 16   | worker   | 12        | 16  | decrease  | asc         | asc        | 440536     | 3114.28  | 8993.74  | 6   | 3112,3237,3362,3111,3236,3361       | 5879.46  | 188.79   |
| 3   | 40         | 10000000 | 625000    | 238096   | 1048576 | 32    | 16   | io_uring | 12        | 16  | decrease  | asc         | asc        | 378036     | 2985.7   | 8853.9   | 6   | 3857,3982,4107,3856,3981,4106       | 5868.2   | 196.54   |
| 2   | 40         | 10000000 | 625000    | 238096   | 1048576 | 32    | 16   | io_uring | 12        | 16  | increase  | desc        | desc       | 315536     | 2805.85  | 8596.27  | 6   | 2727,2852,2977,2726,2851,2976       | 5790.42  | 206.37   |
| 2   | 40         | 10000000 | 625000    | 238096   | 1048576 | 32    | 16   | worker   | 12        | 16  | increase  | desc        | desc       | 378036     | 2934.85  | 8721.52  | 6   | 1982,2107,2232,1981,2106,2231       | 5786.67  | 197.17   |
| 3   | 40         | 10000000 | 625000    | 238096   | 1048576 | 32    | 16   | io_uring | 12        | 16  | decrease  | asc         | asc        | 315536     | 2757.14  | 8474.36  | 6   | 3852,3977,4102,3851,3976,4101       | 5717.22  | 207.36   |
| 15  | 60         | 10000000 | 5000000   | 156250   | 4096    | 32    | 2    | io_uring | 12        | 16  | decrease  | asc         | asc        | 3524288    | 6512.9   | 12222.74 | 6   | 22327,22467,22607,22326,22466,22606 | 5709.84  | 87.67    |
| 15  | 60         | 10000000 | 5000000   | 156250   | 4096    | 32    | 2    | worker   | 12        | 16  | decrease  | asc         | asc        | 3524288    | 6413.62  | 12117.27 | 6   | 21487,21627,21767,21486,21626,21766 | 5703.65  | 88.93    |
| 3   | 40         | 10000000 | 625000    | 238096   | 1048576 | 32    | 16   | worker   | 12        | 16  | decrease  | asc         | asc        | 378036     | 2905.22  | 8607.28  | 6   | 3107,3232,3357,3106,3231,3356       | 5702.06  | 196.27   |
| 2   | 40         | 10000000 | 625000    | 238096   | 1048576 | 32    | 16   | worker   | 12        | 16  | increase  | desc        | desc       | 315536     | 2710.96  | 8350.74  | 6   | 1977,2102,2227,1976,2101,2226       | 5639.78  | 208.04   |
| 3   | 40         | 10000000 | 625000    | 238096   | 1048576 | 32    | 16   | worker   | 12        | 16  | decrease  | asc         | asc        | 315536     | 2738.39  | 8368.4   | 6   | 3102,3227,3352,3101,3226,3351       | 5630.01  | 205.6    |
| 1   | 40         | 10000000 | 625000    | 238096   | 1048576 | 32    | 16   | io_uring | 12        | 16  | increase  | asc         | asc        | 503036     | 3398.09  | 9007.03  | 6   | 867,992,1117,866,991,1116           | 5608.94  | 165.06   |
| 1   | 40         | 10000000 | 625000    | 238096   | 1048576 | 32    | 16   | io_uring | 12        | 16  | increase  | asc         | asc        | 565536     | 3478.55  | 9032.89  | 6   | 872,997,1122,871,996,1121           | 5554.34  | 159.67   |
| 17  | 20         | 10000000 | 5000000   | 476191   | 1024    | 512   | 2    | worker   | 12        | 16  | increase  | asc         | desc       | 1024288    | 5663.73  | 11215.97 | 6   | 25242,25382,25522,25241,25381,25521 | 5552.24  | 98.03    |
| 4   | 40         | 10000000 | 625000    | 238096   | 1048576 | 32    | 16   | io_uring | 12        | 16  | decrease  | desc        | desc       | 378036     | 2936.92  | 8487.78  | 6   | 5732,5857,5982,5731,5856,5981       | 5550.86  | 189.0    |
| 1   | 40         | 10000000 | 625000    | 238096   | 1048576 | 32    | 16   | io_uring | 12        | 16  | increase  | asc         | asc        | 378036     | 2888.33  | 8433.43  | 6   | 857,982,1107,856,981,1106           | 5545.1   | 191.98   |
| 4   | 40         | 10000000 | 625000    | 238096   | 1048576 | 32    | 16   | io_uring | 12        | 16  | decrease  | desc        | desc       | 315536     | 2725.79  | 8235.73  | 6   | 5727,5852,5977,5726,5851,5976       | 5509.94  | 202.14   |
| 4   | 40         | 10000000 | 625000    | 238096   | 1048576 | 32    | 16   | io_uring | 12        | 16  | decrease  | desc        | desc       | 503036     | 3337.8   | 8845.69  | 6   | 5742,5867,5992,5741,5866,5991       | 5507.89  | 165.02   |
| 3   | 40         | 10000000 | 625000    | 238096   | 1048576 | 32    | 16   | worker   | 12        | 16  | decrease  | asc         | asc        | 253036     | 2425.97  | 7926.04  | 6   | 3097,3222,3347,3096,3221,3346       | 5500.07  | 226.72   |
| 4   | 40         | 10000000 | 625000    | 238096   | 1048576 | 32    | 16   | io_uring | 12        | 16  | decrease  | desc        | desc       | 440536     | 3164.99  | 8657.23  | 6   | 5737,5862,5987,5736,5861,5986       | 5492.24  | 173.53   |
| 4   | 40         | 10000000 | 625000    | 238096   | 1048576 | 32    | 16   | worker   | 12        | 16  | decrease  | desc        | desc       | 565536     | 3394.92  | 8884.43  | 6   | 4997,5122,5247,4996,5121,5246       | 5489.51  | 161.7    |
| 4   | 40         | 10000000 | 625000    | 238096   | 1048576 | 32    | 16   | io_uring | 12        | 16  | decrease  | desc        | desc       | 565536     | 3505.95  | 8993.3   | 6   | 5747,5872,5997,5746,5871,5996       | 5487.35  | 156.52   |
| 1   | 40         | 10000000 | 625000    | 238096   | 1048576 | 32    | 16   | worker   | 12        | 16  | increase  | asc         | asc        | 503036     | 3203.97  | 8691.04  | 6   | 117,242,367,116,241,366             | 5487.07  | 171.26   |
| 4   | 40         | 10000000 | 625000    | 238096   | 1048576 | 32    | 16   | worker   | 12        | 16  | decrease  | desc        | desc       | 440536     | 3047.02  | 8523.18  | 6   | 4987,5112,5237,4986,5111,5236       | 5476.16  | 179.72   |
| 2   | 40         | 10000000 | 625000    | 238096   | 1048576 | 32    | 16   | worker   | 12        | 16  | increase  | desc        | desc       | 253036     | 2479.66  | 7952.39  | 6   | 1972,2097,2222,1971,2096,2221       | 5472.73  | 220.7    |
| 3   | 40         | 10000000 | 625000    | 238096   | 1048576 | 32    | 16   | io_uring | 12        | 16  | decrease  | asc         | asc        | 253036     | 2524.22  | 7996.69  | 6   | 3847,3972,4097,3846,3971,4096       | 5472.47  | 216.8    |
| 1   | 40         | 10000000 | 625000    | 238096   | 1048576 | 32    | 16   | io_uring | 12        | 16  | increase  | asc         | asc        | 440536     | 3229.1   | 8685.86  | 6   | 862,987,1112,861,986,1111           | 5456.76  | 168.99   |
| 1   | 40         | 10000000 | 625000    | 238096   | 1048576 | 32    | 16   | worker   | 12        | 16  | increase  | asc         | asc        | 565536     | 3354.86  | 8804.89  | 6   | 122,247,372,121,246,371             | 5450.03  | 162.45   |
| 2   | 40         | 10000000 | 625000    | 238096   | 1048576 | 32    | 16   | io_uring | 12        | 16  | increase  | desc        | desc       | 253036     | 2615.03  | 8061.47  | 6   | 2722,2847,2972,2721,2846,2971       | 5446.44  | 208.27   |
| 1   | 40         | 10000000 | 625000    | 238096   | 1048576 | 32    | 16   | io_uring | 12        | 16  | increase  | asc         | asc        | 315536     | 2741.59  | 8167.67  | 6   | 852,977,1102,851,976,1101           | 5426.08  | 197.92   |
| 1   | 40         | 10000000 | 625000    | 238096   | 1048576 | 32    | 16   | worker   | 12        | 16  | increase  | asc         | asc        | 440536     | 3040.64  | 8449.92  | 6   | 112,237,362,111,236,361             | 5409.28  | 177.9    |
| 4   | 40         | 10000000 | 625000    | 238096   | 1048576 | 32    | 16   | worker   | 12        | 16  | decrease  | desc        | desc       | 503036     | 3323.23  | 8729.77  | 6   | 4992,5117,5242,4991,5116,5241       | 5406.54  | 162.69   |
| 20  | 20         | 10000000 | 5000000   | 476191   | 1024    | 512   | 2    | worker   | 12        | 16  | decrease  | desc        | asc        | 1024288    | 5584.35  | 10980.91 | 6   | 29862,30002,30142,29861,30001,30141 | 5396.56  | 96.64    |
| 2   | 40         | 10000000 | 625000    | 238096   | 1048576 | 32    | 16   | io_uring | 12        | 16  | increase  | desc        | desc       | 190536     | 2284.13  | 7655.43  | 6   | 2717,2842,2967,2716,2841,2966       | 5371.3   | 235.16   |
| 4   | 40         | 10000000 | 625000    | 238096   | 1048576 | 32    | 16   | worker   | 12        | 16  | decrease  | desc        | desc       | 378036     | 3103.35  | 8464.59  | 6   | 4982,5107,5232,4981,5106,5231       | 5361.24  | 172.76   |
| 20  | 20         | 10000000 | 5000000   | 476191   | 1024    | 512   | 2    | worker   | 12        | 16  | decrease  | desc        | asc        | 2024288    | 16330.47 | 21684.08 | 6   | 29872,30012,30152,29871,30011,30151 | 5353.61  | 32.78    |
| 4   | 40         | 10000000 | 625000    | 238096   | 1048576 | 32    | 16   | worker   | 12        | 16  | decrease  | desc        | desc       | 315536     | 2689.62  | 8030.27  | 6   | 4977,5102,5227,4976,5101,5226       | 5340.65  | 198.57   |
| 3   | 40         | 10000000 | 625000    | 238096   | 1048576 | 32    | 16   | io_uring | 12        | 16  | decrease  | asc         | asc        | 190536     | 2217.35  | 7548.69  | 6   | 3842,3967,4092,3841,3966,4091       | 5331.34  | 240.44   |
| 1   | 40         | 10000000 | 625000    | 238096   | 1048576 | 32    | 16   | worker   | 12        | 16  | increase  | asc         | asc        | 378036     | 2880.01  | 8204.0   | 6   | 107,232,357,106,231,356             | 5323.99  | 184.86   |
| 4   | 40         | 10000000 | 625000    | 238096   | 1048576 | 32    | 16   | io_uring | 12        | 16  | decrease  | desc        | desc       | 253036     | 2502.98  | 7822.12  | 6   | 5722,5847,5972,5721,5846,5971       | 5319.14  | 212.51   |
| 1   | 40         | 10000000 | 625000    | 238096   | 1048576 | 32    | 16   | io_uring | 12        | 16  | increase  | asc         | asc        | 253036     | 2541.14  | 7843.99  | 6   | 847,972,1097,846,971,1096           | 5302.85  | 208.68   |
| 1   | 40         | 10000000 | 625000    | 238096   | 1048576 | 32    | 16   | worker   | 12        | 16  | increase  | asc         | asc        | 315536     | 2670.72  | 7962.55  | 6   | 102,227,352,101,226,351             | 5291.83  | 198.14   |
| 2   | 40         | 10000000 | 625000    | 238096   | 1048576 | 32    | 16   | worker   | 12        | 16  | increase  | desc        | desc       | 190536     | 2237.84  | 7487.88  | 6   | 1967,2092,2217,1966,2091,2216       | 5250.04  | 234.6    |
| 18  | 20         | 10000000 | 5000000   | 476191   | 1024    | 512   | 2    | worker   | 12        | 16  | increase  | desc        | desc       | 2024288    | 15145.65 | 20375.2  | 6   | 26932,27072,27212,26931,27071,27211 | 5229.55  | 34.53    |
| 4   | 40         | 10000000 | 625000    | 238096   | 1048576 | 32    | 16   | io_uring | 12        | 16  | decrease  | desc        | desc       | 65536      | 1177.86  | 6399.98  | 6   | 5707,5832,5957,5706,5831,5956       | 5222.12  | 443.36   |
| 4   | 40         | 10000000 | 625000    | 238096   | 1048576 | 32    | 16   | worker   | 12        | 16  | decrease  | desc        | desc       | 253036     | 2437.91  | 7652.9   | 6   | 4972,5097,5222,4971,5096,5221       | 5214.99  | 213.91   |
| 1   | 40         | 10000000 | 625000    | 238096   | 1048576 | 32    | 16   | worker   | 12        | 16  | increase  | asc         | asc        | 190536     | 2239.28  | 7434.59  | 6   | 92,217,342,91,216,341               | 5195.31  | 232.01   |
| 1   | 40         | 10000000 | 625000    | 238096   | 1048576 | 32    | 16   | worker   | 12        | 16  | increase  | asc         | asc        | 253036     | 2472.67  | 7643.93  | 6   | 97,222,347,96,221,346               | 5171.26  | 209.14   |
| 4   | 40         | 10000000 | 625000    | 238096   | 1048576 | 32    | 16   | worker   | 12        | 16  | decrease  | desc        | desc       | 65536      | 1168.93  | 6319.87  | 6   | 4957,5082,5207,4956,5081,5206       | 5150.94  | 440.65   |
| 1   | 40         | 10000000 | 625000    | 238096   | 1048576 | 32    | 16   | io_uring | 12        | 16  | increase  | asc         | asc        | 190536     | 2255.35  | 7402.37  | 6   | 842,967,1092,841,966,1091           | 5147.02  | 228.21   |
| 12  | 20         | 10000000 | 625000    | 476191   | 1       | 2     | 16   | io_uring | 12        | 16  | decrease  | desc        | asc        | 65536      | 1201.21  | 6334.71  | 6   | 17332,17457,17582,17331,17456,17581 | 5133.5   | 427.36   |
| 3   | 40         | 10000000 | 625000    | 238096   | 1048576 | 32    | 16   | worker   | 12        | 16  | decrease  | asc         | asc        | 190536     | 2168.77  | 7300.47  | 6   | 3092,3217,3342,3091,3216,3341       | 5131.7   | 236.62   |
| 2   | 40         | 10000000 | 625000    | 238096   | 1048576 | 32    | 16   | io_uring | 12        | 16  | increase  | desc        | desc       | 65536      | 1238.42  | 6368.44  | 6   | 2707,2832,2957,2706,2831,2956       | 5130.02  | 414.24   |
| 12  | 20         | 10000000 | 625000    | 476191   | 1       | 2     | 16   | worker   | 12        | 16  | decrease  | desc        | asc        | 65536      | 1163.31  | 6289.13  | 6   | 16582,16707,16832,16581,16706,16831 | 5125.82  | 440.62   |
| 9   | 20         | 10000000 | 625000    | 476191   | 1       | 2     | 16   | io_uring | 12        | 16  | increase  | asc         | desc       | 65536      | 1205.24  | 6321.01  | 6   | 13207,13332,13457,13206,13331,13456 | 5115.77  | 424.46   |
| 2   | 40         | 10000000 | 625000    | 238096   | 1048576 | 32    | 16   | io_uring | 12        | 16  | increase  | desc        | desc       | 128036     | 1930.39  | 7012.42  | 6   | 2712,2837,2962,2711,2836,2961       | 5082.03  | 263.26   |
| 4   | 40         | 10000000 | 625000    | 238096   | 1048576 | 32    | 16   | worker   | 12        | 16  | decrease  | desc        | desc       | 190536     | 2197.43  | 7278.24  | 6   | 4967,5092,5217,4966,5091,5216       | 5080.81  | 231.22   |
| 19  | 20         | 10000000 | 5000000   | 476191   | 1024    | 512   | 2    | io_uring | 12        | 16  | decrease  | asc         | asc        | 1024288    | 5148.84  | 10225.45 | 6   | 29022,29162,29302,29021,29161,29301 | 5076.61  | 98.6     |
| 4   | 40         | 10000000 | 625000    | 238096   | 1048576 | 32    | 16   | io_uring | 12        | 16  | decrease  | desc        | desc       | 190536     | 2320.73  | 7394.29  | 6   | 5717,5842,5967,5716,5841,5966       | 5073.56  | 218.62   |
| 1   | 40         | 10000000 | 625000    | 238096   | 1048576 | 32    | 16   | io_uring | 12        | 16  | increase  | asc         | asc        | 65536      | 1219.53  | 6286.96  | 6   | 832,957,1082,831,956,1081           | 5067.43  | 415.52   |
| 9   | 20         | 10000000 | 625000    | 476191   | 1       | 2     | 16   | worker   | 12        | 16  | increase  | asc         | desc       | 65536      | 1147.51  | 6200.72  | 6   | 12457,12582,12707,12456,12581,12706 | 5053.21  | 440.36   |
| 3   | 40         | 10000000 | 625000    | 238096   | 1048576 | 32    | 16   | io_uring | 12        | 16  | decrease  | asc         | asc        | 128036     | 1914.44  | 6933.71  | 6   | 3837,3962,4087,3836,3961,4086       | 5019.27  | 262.18   |
| 2   | 40         | 10000000 | 625000    | 238096   | 1048576 | 32    | 16   | io_uring | 12        | 16  | increase  | desc        | asc        | 32768      | 884.76   | 5903.83  | 6   | 2327,2452,2577,2326,2451,2576       | 5019.07  | 567.28   |
| 3   | 40         | 10000000 | 625000    | 238096   | 1048576 | 32    | 16   | io_uring | 12        | 16  | decrease  | asc         | asc        | 65536      | 1220.39  | 6229.95  | 6   | 3832,3957,4082,3831,3956,4081       | 5009.56  | 410.49   |
| 2   | 40         | 10000000 | 625000    | 238096   | 1048576 | 32    | 16   | io_uring | 12        | 16  | increase  | desc        | desc       | 32768      | 628.76   | 5637.88  | 6   | 2702,2827,2952,2701,2826,2951       | 5009.12  | 796.67   |
| 1   | 40         | 10000000 | 625000    | 238096   | 1048576 | 32    | 16   | io_uring | 12        | 16  | increase  | asc         | desc       | 32768      | 902.25   | 5899.88  | 6   | 1202,1327,1452,1201,1326,1451       | 4997.63  | 553.91   |
| 16  | 60         | 10000000 | 5000000   | 156250   | 4096    | 32    | 2    | worker   | 12        | 16  | decrease  | desc        | asc        | 2524288    | 5768.22  | 10758.4  | 6   | 23157,23297,23437,23156,23296,23436 | 4990.18  | 86.51    |
| 19  | 20         | 10000000 | 5000000   | 476191   | 1024    | 512   | 2    | io_uring | 12        | 16  | decrease  | asc         | asc        | 2024288    | 15203.56 | 20191.07 | 6   | 29032,29172,29312,29031,29171,29311 | 4987.51  | 32.8     |
| 4   | 40         | 10000000 | 625000    | 238096   | 1048576 | 32    | 16   | io_uring | 12        | 16  | decrease  | desc        | desc       | 128036     | 1928.63  | 6911.97  | 6   | 5712,5837,5962,5711,5836,5961       | 4983.34  | 258.39   |
| 3   | 40         | 10000000 | 625000    | 238096   | 1048576 | 32    | 16   | io_uring | 12        | 16  | decrease  | asc         | desc       | 32768      | 910.98   | 5885.57  | 6   | 4202,4327,4452,4201,4326,4451       | 4974.59  | 546.07   |
| 1   | 40         | 10000000 | 625000    | 238096   | 1048576 | 32    | 16   | worker   | 12        | 16  | increase  | asc         | desc       | 32768      | 891.56   | 5854.16  | 6   | 452,577,702,451,576,701             | 4962.6   | 556.62   |
| 4   | 40         | 10000000 | 625000    | 238096   | 1048576 | 32    | 16   | io_uring | 12        | 16  | decrease  | desc        | desc       | 32768      | 608.61   | 5569.08  | 6   | 5702,5827,5952,5701,5826,5951       | 4960.47  | 815.05   |
| 2   | 40         | 10000000 | 625000    | 238096   | 1048576 | 32    | 16   | worker   | 12        | 16  | increase  | desc        | desc       | 65536      | 1230.9   | 6178.26  | 6   | 1957,2082,2207,1956,2081,2206       | 4947.36  | 401.93   |
| 1   | 40         | 10000000 | 625000    | 238096   | 1048576 | 32    | 16   | io_uring | 12        | 16  | increase  | asc         | asc        | 32768      | 625.39   | 5566.42  | 6   | 827,952,1077,826,951,1076           | 4941.03  | 790.07   |
| 14  | 60         | 10000000 | 5000000   | 156250   | 4096    | 32    | 2    | worker   | 12        | 16  | increase  | desc        | desc       | 2024288    | 2088.08  | 7019.45  | 6   | 20212,20352,20492,20211,20351,20491 | 4931.37  | 236.17   |
| 4   | 40         | 10000000 | 625000    | 238096   | 1048576 | 32    | 16   | io_uring | 12        | 16  | decrease  | desc        | asc        | 32768      | 955.06   | 5884.6   | 6   | 5327,5452,5577,5326,5451,5576       | 4929.54  | 516.15   |
| 4   | 40         | 10000000 | 625000    | 238096   | 1048576 | 32    | 16   | worker   | 12        | 16  | decrease  | desc        | asc        | 32768      | 907.29   | 5831.01  | 6   | 4577,4702,4827,4576,4701,4826       | 4923.72  | 542.68   |
| 1   | 40         | 10000000 | 625000    | 238096   | 1048576 | 32    | 16   | io_uring | 12        | 16  | increase  | asc         | asc        | 128036     | 1947.13  | 6869.56  | 6   | 837,962,1087,836,961,1086           | 4922.43  | 252.8    |
| 19  | 20         | 10000000 | 5000000   | 476191   | 1024    | 512   | 2    | worker   | 12        | 16  | decrease  | asc         | asc        | 2024288    | 15049.36 | 19965.75 | 6   | 28192,28332,28472,28191,28331,28471 | 4916.39  | 32.67    |
| 4   | 40         | 10000000 | 625000    | 238096   | 1048576 | 32    | 16   | worker   | 12        | 16  | decrease  | desc        | desc       | 128036     | 1902.48  | 6811.48  | 6   | 4962,5087,5212,4961,5086,5211       | 4909.0   | 258.03   |
| 2   | 40         | 10000000 | 625000    | 238096   | 1048576 | 32    | 16   | worker   | 12        | 16  | increase  | desc        | desc       | 128036     | 1919.23  | 6818.67  | 6   | 1962,2087,2212,1961,2086,2211       | 4899.44  | 255.28   |
| 3   | 40         | 10000000 | 625000    | 238096   | 1048576 | 32    | 16   | io_uring | 12        | 16  | decrease  | asc         | asc        | 32768      | 613.45   | 5505.44  | 6   | 3827,3952,4077,3826,3951,4076       | 4891.99  | 797.46   |
| 14  | 60         | 10000000 | 5000000   | 156250   | 4096    | 32    | 2    | worker   | 12        | 16  | increase  | desc        | desc       | 3024288    | 5546.49  | 10437.2  | 6   | 20222,20362,20502,20221,20361,20501 | 4890.71  | 88.18    |
| 15  | 60         | 10000000 | 5000000   | 156250   | 4096    | 32    | 2    | worker   | 12        | 16  | decrease  | asc         | asc        | 3024288    | 5530.37  | 10415.43 | 6   | 21482,21622,21762,21481,21621,21761 | 4885.06  | 88.33    |
| 13  | 60         | 10000000 | 5000000   | 156250   | 4096    | 32    | 2    | io_uring | 12        | 16  | increase  | asc         | desc       | 2524288    | 5910.68  | 10792.56 | 6   | 19377,19517,19657,19376,19516,19656 | 4881.88  | 82.59    |
| 1   | 40         | 10000000 | 625000    | 238096   | 1048576 | 32    | 16   | worker   | 12        | 16  | increase  | asc         | asc        | 65536      | 1217.63  | 6084.27  | 6   | 82,207,332,81,206,331               | 4866.64  | 399.68   |
| 3   | 40         | 10000000 | 625000    | 238096   | 1048576 | 32    | 16   | worker   | 12        | 16  | decrease  | asc         | asc        | 128036     | 1978.27  | 6828.61  | 6   | 3087,3212,3337,3086,3211,3336       | 4850.34  | 245.18   |
| 1   | 40         | 10000000 | 625000    | 238096   | 1048576 | 32    | 16   | worker   | 12        | 16  | increase  | asc         | asc        | 128036     | 1945.37  | 6795.09  | 6   | 87,212,337,86,211,336               | 4849.72  | 249.3    |
| 3   | 40         | 10000000 | 625000    | 238096   | 1048576 | 32    | 16   | worker   | 12        | 16  | decrease  | asc         | desc       | 32768      | 909.26   | 5743.92  | 6   | 3452,3577,3702,3451,3576,3701       | 4834.66  | 531.71   |
| 3   | 40         | 10000000 | 625000    | 238096   | 1048576 | 32    | 16   | worker   | 12        | 16  | decrease  | asc         | asc        | 65536      | 1208.42  | 6024.6   | 6   | 3082,3207,3332,3081,3206,3331       | 4816.18  | 398.55   |
| 4   | 40         | 10000000 | 625000    | 238096   | 1048576 | 32    | 16   | worker   | 12        | 16  | decrease  | desc        | desc       | 32768      | 651.6    | 5448.47  | 6   | 4952,5077,5202,4951,5076,5201       | 4796.87  | 736.17   |
| 2   | 40         | 10000000 | 625000    | 238096   | 1048576 | 32    | 16   | worker   | 12        | 16  | increase  | desc        | desc       | 32768      | 622.31   | 5415.25  | 6   | 1952,2077,2202,1951,2076,2201       | 4792.94  | 770.19   |
| 2   | 40         | 10000000 | 625000    | 238096   | 1048576 | 32    | 16   | worker   | 12        | 16  | increase  | desc        | asc        | 32768      | 875.8    | 5626.76  | 6   | 1577,1702,1827,1576,1701,1826       | 4750.96  | 542.47   |
| 3   | 40         | 10000000 | 625000    | 238096   | 1048576 | 32    | 16   | worker   | 12        | 16  | decrease  | asc         | asc        | 32768      | 611.98   | 5356.5   | 6   | 3077,3202,3327,3076,3201,3326       | 4744.52  | 775.27   |
| 1   | 40         | 10000000 | 625000    | 238096   | 1048576 | 32    | 16   | worker   | 12        | 16  | increase  | asc         | asc        | 32768      | 633.35   | 5357.34  | 6   | 77,202,327,76,201,326               | 4723.99  | 745.87   |
| 10  | 20         | 10000000 | 625000    | 476191   | 1       | 2     | 16   | io_uring | 12        | 16  | increase  | desc        | desc       | 65536      | 1433.09  | 5953.97  | 6   | 14707,14832,14957,14706,14831,14956 | 4520.88  | 315.46   |
| 11  | 20         | 10000000 | 625000    | 476191   | 1       | 2     | 16   | io_uring | 12        | 16  | decrease  | asc         | asc        | 65536      | 1427.05  | 5930.08  | 6   | 15832,15957,16082,15831,15956,16081 | 4503.03  | 315.55   |
| 10  | 20         | 10000000 | 625000    | 476191   | 1       | 2     | 16   | worker   | 12        | 16  | increase  | desc        | desc       | 65536      | 1434.33  | 5916.06  | 6   | 13957,14082,14207,13956,14081,14206 | 4481.73  | 312.46   |
| 13  | 60         | 10000000 | 5000000   | 156250   | 4096    | 32    | 2    | worker   | 12        | 16  | increase  | asc         | desc       | 1524288    | 1962.07  | 6431.61  | 6   | 18527,18667,18807,18526,18666,18806 | 4469.54  | 227.8    |
| 11  | 20         | 10000000 | 625000    | 476191   | 1       | 2     | 16   | worker   | 12        | 16  | decrease  | asc         | asc        | 65536      | 1430.51  | 5871.08  | 6   | 15082,15207,15332,15081,15206,15331 | 4440.57  | 310.42   |
| 16  | 60         | 10000000 | 5000000   | 156250   | 4096    | 32    | 2    | io_uring | 12        | 16  | decrease  | desc        | asc        | 1524288    | 2073.31  | 6496.03  | 6   | 23987,24127,24267,23986,24126,24266 | 4422.72  | 213.32   |
| 13  | 60         | 10000000 | 5000000   | 156250   | 4096    | 32    | 2    | io_uring | 12        | 16  | increase  | asc         | desc       | 1524288    | 2075.23  | 6474.07  | 6   | 19367,19507,19647,19366,19506,19646 | 4398.84  | 211.97   |
| 17  | 20         | 10000000 | 5000000   | 476191   | 1024    | 512   | 2    | io_uring | 12        | 16  | increase  | asc         | desc       | 1524288    | 12736.15 | 16914.7  | 6   | 26087,26227,26367,26086,26226,26366 | 4178.55  | 32.81    |
| 15  | 60         | 10000000 | 5000000   | 156250   | 4096    | 32    | 2    | io_uring | 12        | 16  | decrease  | asc         | asc        | 2524288    | 4653.82  | 8770.41  | 6   | 22317,22457,22597,22316,22456,22596 | 4116.59  | 88.46    |
| 16  | 60         | 10000000 | 5000000   | 156250   | 4096    | 32    | 2    | worker   | 12        | 16  | decrease  | desc        | asc        | 2024288    | 4564.88  | 8510.87  | 6   | 23152,23292,23432,23151,23291,23431 | 3945.99  | 86.44    |
| 13  | 60         | 10000000 | 5000000   | 156250   | 4096    | 32    | 2    | io_uring | 12        | 16  | increase  | asc         | desc       | 2024288    | 4674.81  | 8618.06  | 6   | 19372,19512,19652,19371,19511,19651 | 3943.25  | 84.35    |
| 16  | 60         | 10000000 | 5000000   | 156250   | 4096    | 32    | 2    | io_uring | 12        | 16  | decrease  | desc        | asc        | 2024288    | 4683.57  | 8605.79  | 6   | 23992,24132,24272,23991,24131,24271 | 3922.22  | 83.74    |
| 13  | 60         | 10000000 | 5000000   | 156250   | 4096    | 32    | 2    | worker   | 12        | 16  | increase  | asc         | desc       | 2024288    | 4644.57  | 8524.01  | 6   | 18532,18672,18812,18531,18671,18811 | 3879.44  | 83.53    |
| 15  | 60         | 10000000 | 5000000   | 156250   | 4096    | 32    | 2    | io_uring | 12        | 16  | decrease  | asc         | asc        | 1524288    | 1578.62  | 5323.37  | 6   | 22307,22447,22587,22306,22446,22586 | 3744.75  | 237.22   |
| 15  | 60         | 10000000 | 5000000   | 156250   | 4096    | 32    | 2    | io_uring | 12        | 16  | decrease  | asc         | asc        | 4024288    | 10811.43 | 14360.67 | 6   | 22332,22472,22612,22331,22471,22611 | 3549.24  | 32.83    |
| 14  | 60         | 10000000 | 5000000   | 156250   | 4096    | 32    | 2    | io_uring | 12        | 16  | increase  | desc        | desc       | 2024288    | 3794.97  | 7186.51  | 6   | 21052,21192,21332,21051,21191,21331 | 3391.54  | 89.37    |
| 2   | 40         | 10000000 | 625000    | 238096   | 1048576 | 32    | 16   | io_uring | 12        | 16  | increase  | desc        | desc       | 16384      | 325.66   | 3679.91  | 6   | 2697,2822,2947,2696,2821,2946       | 3354.25  | 1029.99  |
| 2   | 40         | 10000000 | 625000    | 238096   | 1048576 | 32    | 16   | worker   | 12        | 16  | increase  | desc        | desc       | 16384      | 328.21   | 3656.73  | 6   | 1947,2072,2197,1946,2071,2196       | 3328.52  | 1014.14  |
| 4   | 40         | 10000000 | 625000    | 238096   | 1048576 | 32    | 16   | io_uring | 12        | 16  | decrease  | desc        | desc       | 16384      | 325.74   | 3646.19  | 6   | 5697,5822,5947,5696,5821,5946       | 3320.45  | 1019.36  |
| 3   | 40         | 10000000 | 625000    | 238096   | 1048576 | 32    | 16   | io_uring | 12        | 16  | decrease  | asc         | asc        | 16384      | 330.65   | 3634.73  | 6   | 3822,3947,4072,3821,3946,4071       | 3304.08  | 999.27   |
| 1   | 40         | 10000000 | 625000    | 238096   | 1048576 | 32    | 16   | worker   | 12        | 16  | increase  | asc         | asc        | 16384      | 323.78   | 3622.84  | 6   | 72,197,322,71,196,321               | 3299.06  | 1018.92  |
| 1   | 40         | 10000000 | 625000    | 238096   | 1048576 | 32    | 16   | io_uring | 12        | 16  | increase  | asc         | asc        | 16384      | 313.01   | 3583.51  | 6   | 822,947,1072,821,946,1071           | 3270.5   | 1044.85  |
| 4   | 40         | 10000000 | 625000    | 238096   | 1048576 | 32    | 16   | worker   | 12        | 16  | decrease  | desc        | desc       | 16384      | 310.63   | 3533.56  | 6   | 4947,5072,5197,4946,5071,5196       | 3222.93  | 1037.55  |
| 3   | 40         | 10000000 | 625000    | 238096   | 1048576 | 32    | 16   | worker   | 12        | 16  | decrease  | asc         | asc        | 16384      | 320.99   | 3528.52  | 6   | 3072,3197,3322,3071,3196,3321       | 3207.53  | 999.26   |
| 16  | 60         | 10000000 | 5000000   | 156250   | 4096    | 32    | 2    | worker   | 12        | 16  | decrease  | desc        | asc        | 1024288    | 1311.49  | 4393.75  | 6   | 23142,23282,23422,23141,23281,23421 | 3082.26  | 235.02   |
| 16  | 60         | 10000000 | 5000000   | 156250   | 4096    | 32    | 2    | worker   | 12        | 16  | decrease  | desc        | asc        | 1524288    | 3439.27  | 6425.28  | 6   | 23147,23287,23427,23146,23286,23426 | 2986.01  | 86.82    |
| 16  | 60         | 10000000 | 5000000   | 156250   | 4096    | 32    | 2    | io_uring | 12        | 16  | decrease  | desc        | asc        | 3024288    | 9906.56  | 12834.21 | 6   | 24002,24142,24282,24001,24141,24281 | 2927.65  | 29.55    |
| 3   | 40         | 10000000 | 625000    | 238096   | 1048576 | 32    | 16   | io_uring | 12        | 16  | decrease  | asc         | desc       | 16384      | 489.76   | 3346.55  | 6   | 4197,4322,4447,4196,4321,4446       | 2856.79  | 583.3    |
| 17  | 20         | 10000000 | 5000000   | 476191   | 1024    | 512   | 2    | worker   | 12        | 16  | increase  | asc         | desc       | 524288     | 2911.21  | 5750.21  | 6   | 25237,25377,25517,25236,25376,25516 | 2839.0   | 97.52    |
| 4   | 40         | 10000000 | 625000    | 238096   | 1048576 | 32    | 16   | io_uring | 12        | 16  | decrease  | desc        | asc        | 16384      | 470.59   | 3298.28  | 6   | 5322,5447,5572,5321,5446,5571       | 2827.69  | 600.88   |
| 3   | 40         | 10000000 | 625000    | 238096   | 1048576 | 32    | 16   | worker   | 12        | 16  | decrease  | asc         | desc       | 16384      | 470.07   | 3297.39  | 6   | 3447,3572,3697,3446,3571,3696       | 2827.32  | 601.47   |
| 2   | 40         | 10000000 | 625000    | 238096   | 1048576 | 32    | 16   | io_uring | 12        | 16  | increase  | desc        | asc        | 16384      | 486.67   | 3302.94  | 6   | 2322,2447,2572,2321,2446,2571       | 2816.27  | 578.68   |
| 4   | 40         | 10000000 | 625000    | 238096   | 1048576 | 32    | 16   | worker   | 12        | 16  | decrease  | desc        | asc        | 16384      | 447.07   | 3256.71  | 6   | 4572,4697,4822,4571,4696,4821       | 2809.64  | 628.46   |
| 1   | 40         | 10000000 | 625000    | 238096   | 1048576 | 32    | 16   | io_uring | 12        | 16  | increase  | asc         | desc       | 16384      | 465.68   | 3274.33  | 6   | 1197,1322,1447,1196,1321,1446       | 2808.65  | 603.13   |
| 1   | 40         | 10000000 | 625000    | 238096   | 1048576 | 32    | 16   | worker   | 12        | 16  | increase  | asc         | desc       | 16384      | 458.62   | 3259.57  | 6   | 447,572,697,446,571,696             | 2800.95  | 610.73   |
| 14  | 60         | 10000000 | 5000000   | 156250   | 4096    | 32    | 2    | io_uring | 12        | 16  | increase  | desc        | desc       | 3524288    | 9413.71  | 12214.26 | 6   | 21067,21207,21347,21066,21206,21346 | 2800.55  | 29.75    |
| 14  | 60         | 10000000 | 5000000   | 156250   | 4096    | 32    | 2    | worker   | 12        | 16  | increase  | desc        | desc       | 3524288    | 9329.79  | 12112.09 | 6   | 20227,20367,20507,20226,20366,20506 | 2782.3   | 29.82    |
| 2   | 40         | 10000000 | 625000    | 238096   | 1048576 | 32    | 16   | worker   | 12        | 16  | increase  | desc        | asc        | 16384      | 461.73   | 3195.38  | 6   | 1572,1697,1822,1571,1696,1821       | 2733.65  | 592.05   |
| 9   | 20         | 10000000 | 625000    | 476191   | 1       | 2     | 16   | io_uring | 12        | 16  | increase  | asc         | desc       | 32768      | 583.0    | 3160.24  | 6   | 13202,13327,13452,13201,13326,13451 | 2577.24  | 442.07   |
| 12  | 20         | 10000000 | 625000    | 476191   | 1       | 2     | 16   | worker   | 12        | 16  | decrease  | desc        | asc        | 32768      | 586.93   | 3155.12  | 6   | 16577,16702,16827,16576,16701,16826 | 2568.19  | 437.56   |
| 12  | 20         | 10000000 | 625000    | 476191   | 1       | 2     | 16   | io_uring | 12        | 16  | decrease  | desc        | asc        | 32768      | 582.75   | 3121.22  | 6   | 17327,17452,17577,17326,17451,17576 | 2538.47  | 435.6    |
| 9   | 20         | 10000000 | 625000    | 476191   | 1       | 2     | 16   | worker   | 12        | 16  | increase  | asc         | desc       | 32768      | 576.61   | 3112.37  | 6   | 12452,12577,12702,12451,12576,12701 | 2535.76  | 439.77   |
| 20  | 20         | 10000000 | 5000000   | 476191   | 1024    | 512   | 2    | io_uring | 12        | 16  | decrease  | desc        | asc        | 1024288    | 8695.58  | 11226.98 | 6   | 30702,30842,30982,30701,30841,30981 | 2531.4   | 29.11    |
| 15  | 60         | 10000000 | 5000000   | 156250   | 4096    | 32    | 2    | worker   | 12        | 16  | decrease  | asc         | asc        | 1524288    | 2803.53  | 5334.5   | 6   | 21467,21607,21747,21466,21606,21746 | 2530.97  | 90.28    |
| 14  | 60         | 10000000 | 5000000   | 156250   | 4096    | 32    | 2    | io_uring | 12        | 16  | increase  | desc        | desc       | 1024288    | 1109.14  | 3634.58  | 6   | 21042,21182,21322,21041,21181,21321 | 2525.44  | 227.69   |
| 15  | 60         | 10000000 | 5000000   | 156250   | 4096    | 32    | 2    | io_uring | 12        | 16  | decrease  | asc         | asc        | 1024288    | 1064.14  | 3578.55  | 6   | 22302,22442,22582,22301,22441,22581 | 2514.41  | 236.29   |
| 14  | 60         | 10000000 | 5000000   | 156250   | 4096    | 32    | 2    | worker   | 12        | 16  | increase  | desc        | desc       | 1024288    | 1074.73  | 3585.46  | 6   | 20202,20342,20482,20201,20341,20481 | 2510.73  | 233.61   |
| 18  | 20         | 10000000 | 5000000   | 476191   | 1024    | 512   | 2    | worker   | 12        | 16  | increase  | desc        | desc       | 1024288    | 7834.6   | 10312.74 | 6   | 26922,27062,27202,26921,27061,27201 | 2478.14  | 31.63    |
| 14  | 60         | 10000000 | 5000000   | 156250   | 4096    | 32    | 2    | worker   | 12        | 16  | increase  | desc        | desc       | 1524288    | 2842.0   | 5289.0   | 6   | 20207,20347,20487,20206,20346,20486 | 2447.0   | 86.1     |
| 10  | 20         | 10000000 | 625000    | 476191   | 1       | 2     | 16   | worker   | 12        | 16  | increase  | desc        | desc       | 32768      | 723.79   | 3018.9   | 6   | 13952,14077,14202,13951,14076,14201 | 2295.11  | 317.1    |
| 16  | 60         | 10000000 | 5000000   | 156250   | 4096    | 32    | 2    | io_uring | 12        | 16  | decrease  | desc        | asc        | 2524288    | 8468.71  | 10740.47 | 6   | 23997,24137,24277,23996,24136,24276 | 2271.76  | 26.83    |
| 11  | 20         | 10000000 | 625000    | 476191   | 1       | 2     | 16   | io_uring | 12        | 16  | decrease  | asc         | asc        | 32768      | 720.68   | 2989.19  | 6   | 15827,15952,16077,15826,15951,16076 | 2268.51  | 314.77   |
| 10  | 20         | 10000000 | 625000    | 476191   | 1       | 2     | 16   | io_uring | 12        | 16  | increase  | desc        | desc       | 32768      | 719.92   | 2987.02  | 6   | 14702,14827,14952,14701,14826,14951 | 2267.1   | 314.91   |
| 11  | 20         | 10000000 | 625000    | 476191   | 1       | 2     | 16   | worker   | 12        | 16  | decrease  | asc         | asc        | 32768      | 718.64   | 2936.71  | 6   | 15077,15202,15327,15076,15201,15326 | 2218.07  | 308.65   |
| 14  | 60         | 10000000 | 5000000   | 156250   | 4096    | 32    | 2    | io_uring | 12        | 16  | increase  | desc        | desc       | 2524288    | 6745.92  | 8794.8   | 6   | 21057,21197,21337,21056,21196,21336 | 2048.88  | 30.37    |
| 13  | 60         | 10000000 | 5000000   | 156250   | 4096    | 32    | 2    | worker   | 12        | 16  | increase  | asc         | desc       | 1024288    | 2326.24  | 4325.35  | 6   | 18522,18662,18802,18521,18661,18801 | 1999.11  | 85.94    |
| 16  | 60         | 10000000 | 5000000   | 156250   | 4096    | 32    | 2    | io_uring | 12        | 16  | decrease  | desc        | asc        | 1024288    | 2376.28  | 4367.11  | 6   | 23982,24122,24262,23981,24121,24261 | 1990.83  | 83.78    |
| 4   | 40         | 10000000 | 625000    | 238096   | 1048576 | 32    | 16   | io_uring | 12        | 16  | decrease  | desc        | desc       | 8192       | 164.04   | 2132.5   | 6   | 5692,5817,5942,5691,5816,5941       | 1968.46  | 1199.99  |
| 2   | 40         | 10000000 | 625000    | 238096   | 1048576 | 32    | 16   | io_uring | 12        | 16  | increase  | desc        | desc       | 8192       | 173.11   | 2115.76  | 6   | 2692,2817,2942,2691,2816,2941       | 1942.65  | 1122.21  |
| 2   | 40         | 10000000 | 625000    | 238096   | 1048576 | 32    | 16   | worker   | 12        | 16  | increase  | desc        | desc       | 8192       | 167.42   | 2107.7   | 6   | 1942,2067,2192,1941,2066,2191       | 1940.28  | 1158.93  |
| 1   | 40         | 10000000 | 625000    | 238096   | 1048576 | 32    | 16   | worker   | 12        | 16  | increase  | asc         | asc        | 8192       | 172.45   | 2108.22  | 6   | 67,192,317,66,191,316               | 1935.77  | 1122.51  |
| 1   | 40         | 10000000 | 625000    | 238096   | 1048576 | 32    | 16   | io_uring | 12        | 16  | increase  | asc         | asc        | 8192       | 165.05   | 2100.05  | 6   | 817,942,1067,816,941,1066           | 1935.0   | 1172.37  |
| 3   | 40         | 10000000 | 625000    | 238096   | 1048576 | 32    | 16   | io_uring | 12        | 16  | decrease  | asc         | asc        | 8192       | 160.79   | 2092.46  | 6   | 3817,3942,4067,3816,3941,4066       | 1931.67  | 1201.36  |
| 4   | 40         | 10000000 | 625000    | 238096   | 1048576 | 32    | 16   | worker   | 12        | 16  | decrease  | desc        | desc       | 8192       | 167.72   | 2042.24  | 6   | 4942,5067,5192,4941,5066,5191       | 1874.52  | 1117.65  |
| 3   | 40         | 10000000 | 625000    | 238096   | 1048576 | 32    | 16   | worker   | 12        | 16  | decrease  | asc         | asc        | 8192       | 170.37   | 2039.44  | 6   | 3067,3192,3317,3066,3191,3316       | 1869.07  | 1097.07  |
| 15  | 60         | 10000000 | 5000000   | 156250   | 4096    | 32    | 2    | worker   | 12        | 16  | decrease  | asc         | asc        | 2024288    | 5405.14  | 7058.22  | 6   | 21472,21612,21752,21471,21611,21751 | 1653.08  | 30.58    |
| 15  | 60         | 10000000 | 5000000   | 156250   | 4096    | 32    | 2    | io_uring | 12        | 16  | decrease  | asc         | asc        | 2024288    | 5391.27  | 7037.27  | 6   | 22312,22452,22592,22311,22451,22591 | 1646.0   | 30.53    |
| 13  | 60         | 10000000 | 5000000   | 156250   | 4096    | 32    | 2    | worker   | 12        | 16  | increase  | asc         | desc       | 524288     | 702.75   | 2289.43  | 6   | 18517,18657,18797,18516,18656,18796 | 1586.68  | 225.78   |
| 16  | 60         | 10000000 | 5000000   | 156250   | 4096    | 32    | 2    | worker   | 12        | 16  | decrease  | desc        | asc        | 524288     | 699.54   | 2263.97  | 6   | 23137,23277,23417,23136,23276,23416 | 1564.43  | 223.64   |
| 16  | 60         | 10000000 | 5000000   | 156250   | 4096    | 32    | 2    | io_uring | 12        | 16  | decrease  | desc        | asc        | 524288     | 719.29   | 2257.59  | 6   | 23977,24117,24257,23976,24116,24256 | 1538.3   | 213.86   |
| 4   | 40         | 10000000 | 625000    | 238096   | 1048576 | 32    | 16   | io_uring | 12        | 16  | decrease  | desc        | asc        | 8192       | 238.52   | 1756.01  | 6   | 5317,5442,5567,5316,5441,5566       | 1517.49  | 636.21   |
| 3   | 40         | 10000000 | 625000    | 238096   | 1048576 | 32    | 16   | io_uring | 12        | 16  | decrease  | asc         | desc       | 8192       | 246.66   | 1752.76  | 6   | 4192,4317,4442,4191,4316,4441       | 1506.1   | 610.6    |
| 4   | 40         | 10000000 | 625000    | 238096   | 1048576 | 32    | 16   | worker   | 12        | 16  | decrease  | desc        | asc        | 8192       | 229.42   | 1726.08  | 6   | 4567,4692,4817,4566,4691,4816       | 1496.66  | 652.37   |
| 1   | 40         | 10000000 | 625000    | 238096   | 1048576 | 32    | 16   | io_uring | 12        | 16  | increase  | asc         | desc       | 8192       | 240.23   | 1732.82  | 6   | 1192,1317,1442,1191,1316,1441       | 1492.59  | 621.32   |
| 2   | 40         | 10000000 | 625000    | 238096   | 1048576 | 32    | 16   | io_uring | 12        | 16  | increase  | desc        | asc        | 8192       | 240.52   | 1730.39  | 6   | 2317,2442,2567,2316,2441,2566       | 1489.87  | 619.44   |
| 2   | 40         | 10000000 | 625000    | 238096   | 1048576 | 32    | 16   | worker   | 12        | 16  | increase  | desc        | asc        | 8192       | 238.67   | 1718.89  | 6   | 1567,1692,1817,1566,1691,1816       | 1480.22  | 620.2    |
| 1   | 40         | 10000000 | 625000    | 238096   | 1048576 | 32    | 16   | worker   | 12        | 16  | increase  | asc         | desc       | 8192       | 234.83   | 1691.94  | 6   | 442,567,692,441,566,691             | 1457.11  | 620.5    |
| 3   | 40         | 10000000 | 625000    | 238096   | 1048576 | 32    | 16   | worker   | 12        | 16  | decrease  | asc         | desc       | 8192       | 242.83   | 1685.91  | 6   | 3442,3567,3692,3441,3566,3691       | 1443.08  | 594.28   |
| 17  | 20         | 10000000 | 5000000   | 476191   | 1024    | 512   | 2    | worker   | 12        | 16  | increase  | asc         | desc       | 262144     | 1517.65  | 2947.94  | 6   | 25232,25372,25512,25231,25371,25511 | 1430.29  | 94.24    |
| 20  | 20         | 10000000 | 5000000   | 476191   | 1024    | 512   | 2    | io_uring | 12        | 16  | decrease  | desc        | asc        | 262144     | 1464.43  | 2873.48  | 6   | 30692,30832,30972,30691,30831,30971 | 1409.05  | 96.22    |
| 17  | 20         | 10000000 | 5000000   | 476191   | 1024    | 512   | 2    | io_uring | 12        | 16  | increase  | asc         | desc       | 524288     | 4374.61  | 5780.33  | 6   | 26077,26217,26357,26076,26216,26356 | 1405.72  | 32.13    |
| 18  | 20         | 10000000 | 5000000   | 476191   | 1024    | 512   | 2    | worker   | 12        | 16  | increase  | desc        | desc       | 524288     | 3969.63  | 5324.1   | 6   | 26917,27057,27197,26916,27056,27196 | 1354.47  | 34.12    |
| 18  | 20         | 10000000 | 5000000   | 476191   | 1024    | 512   | 2    | worker   | 12        | 16  | increase  | desc        | desc       | 262144     | 1339.82  | 2645.5   | 6   | 26912,27052,27192,26911,27051,27191 | 1305.68  | 97.45    |
| 18  | 20         | 10000000 | 5000000   | 476191   | 1024    | 512   | 2    | io_uring | 12        | 16  | increase  | desc        | desc       | 524288     | 3995.73  | 5300.85  | 6   | 27757,27897,28037,27756,27896,28036 | 1305.12  | 32.66    |
| 19  | 20         | 10000000 | 5000000   | 476191   | 1024    | 512   | 2    | io_uring | 12        | 16  | decrease  | asc         | asc        | 262144     | 1338.27  | 2642.56  | 6   | 29012,29152,29292,29011,29151,29291 | 1304.29  | 97.46    |
| 19  | 20         | 10000000 | 5000000   | 476191   | 1024    | 512   | 2    | worker   | 12        | 16  | decrease  | asc         | asc        | 262144     | 1325.42  | 2629.22  | 6   | 28172,28312,28452,28171,28311,28451 | 1303.8   | 98.37    |
| 9   | 20         | 10000000 | 625000    | 476191   | 1       | 2     | 16   | io_uring | 12        | 16  | increase  | asc         | desc       | 16384      | 301.85   | 1604.84  | 6   | 13197,13322,13447,13196,13321,13446 | 1302.99  | 431.67   |
| 12  | 20         | 10000000 | 625000    | 476191   | 1       | 2     | 16   | io_uring | 12        | 16  | decrease  | desc        | asc        | 16384      | 297.17   | 1594.47  | 6   | 17322,17447,17572,17321,17446,17571 | 1297.3   | 436.55   |
| 15  | 60         | 10000000 | 5000000   | 156250   | 4096    | 32    | 2    | io_uring | 12        | 16  | decrease  | asc         | asc        | 524288     | 548.51   | 1845.38  | 6   | 22297,22437,22577,22296,22436,22576 | 1296.87  | 236.44   |
| 19  | 20         | 10000000 | 5000000   | 476191   | 1024    | 512   | 2    | worker   | 12        | 16  | decrease  | asc         | asc        | 524288     | 3914.81  | 5192.16  | 6   | 28177,28317,28457,28176,28316,28456 | 1277.35  | 32.63    |
| 19  | 20         | 10000000 | 5000000   | 476191   | 1024    | 512   | 2    | io_uring | 12        | 16  | decrease  | asc         | asc        | 524288     | 3979.43  | 5248.97  | 6   | 29017,29157,29297,29016,29156,29296 | 1269.54  | 31.9     |
| 15  | 60         | 10000000 | 5000000   | 156250   | 4096    | 32    | 2    | worker   | 12        | 16  | decrease  | asc         | asc        | 524288     | 559.78   | 1825.98  | 6   | 21457,21597,21737,21456,21596,21736 | 1266.2   | 226.2    |
| 9   | 20         | 10000000 | 625000    | 476191   | 1       | 2     | 16   | worker   | 12        | 16  | increase  | asc         | desc       | 16384      | 289.0    | 1546.35  | 6   | 12447,12572,12697,12446,12571,12696 | 1257.35  | 435.07   |
| 12  | 20         | 10000000 | 625000    | 476191   | 1       | 2     | 16   | worker   | 12        | 16  | decrease  | desc        | asc        | 16384      | 285.92   | 1541.77  | 6   | 16572,16697,16822,16571,16696,16821 | 1255.85  | 439.23   |
| 14  | 60         | 10000000 | 5000000   | 156250   | 4096    | 32    | 2    | io_uring | 12        | 16  | increase  | desc        | desc       | 1524288    | 4085.7   | 5337.69  | 6   | 21047,21187,21327,21046,21186,21326 | 1251.99  | 30.64    |
| 10  | 20         | 10000000 | 625000    | 476191   | 1       | 2     | 16   | io_uring | 12        | 16  | increase  | desc        | desc       | 16384      | 361.42   | 1504.92  | 6   | 14697,14822,14947,14696,14821,14946 | 1143.5   | 316.39   |
| 10  | 20         | 10000000 | 625000    | 476191   | 1       | 2     | 16   | worker   | 12        | 16  | increase  | desc        | desc       | 16384      | 371.95   | 1510.85  | 6   | 13947,14072,14197,13946,14071,14196 | 1138.9   | 306.2    |
| 11  | 20         | 10000000 | 625000    | 476191   | 1       | 2     | 16   | worker   | 12        | 16  | decrease  | asc         | asc        | 16384      | 355.34   | 1480.95  | 6   | 15072,15197,15322,15071,15196,15321 | 1125.61  | 316.77   |
| 11  | 20         | 10000000 | 625000    | 476191   | 1       | 2     | 16   | io_uring | 12        | 16  | decrease  | asc         | asc        | 16384      | 363.1    | 1479.51  | 6   | 15822,15947,16072,15821,15946,16071 | 1116.41  | 307.47   |
| 4   | 40         | 10000000 | 625000    | 238096   | 1048576 | 32    | 16   | io_uring | 12        | 16  | decrease  | desc        | desc       | 4096       | 86.28    | 1186.07  | 6   | 5687,5812,5937,5686,5811,5936       | 1099.79  | 1274.68  |
| 2   | 40         | 10000000 | 625000    | 238096   | 1048576 | 32    | 16   | io_uring | 12        | 16  | increase  | desc        | desc       | 4096       | 87.39    | 1161.35  | 6   | 2687,2812,2937,2686,2811,2936       | 1073.96  | 1228.93  |
| 3   | 40         | 10000000 | 625000    | 238096   | 1048576 | 32    | 16   | io_uring | 12        | 16  | decrease  | asc         | asc        | 4096       | 84.37    | 1155.49  | 6   | 3812,3937,4062,3811,3936,4061       | 1071.12  | 1269.55  |
| 1   | 40         | 10000000 | 625000    | 238096   | 1048576 | 32    | 16   | io_uring | 12        | 16  | increase  | asc         | asc        | 4096       | 86.38    | 1156.04  | 6   | 812,937,1062,811,936,1061           | 1069.66  | 1238.32  |
| 2   | 40         | 10000000 | 625000    | 238096   | 1048576 | 32    | 16   | worker   | 12        | 16  | increase  | desc        | desc       | 4096       | 89.83    | 1133.87  | 6   | 1937,2062,2187,1936,2061,2186       | 1044.04  | 1162.24  |
| 3   | 40         | 10000000 | 625000    | 238096   | 1048576 | 32    | 16   | worker   | 12        | 16  | decrease  | asc         | asc        | 4096       | 88.95    | 1132.16  | 6   | 3062,3187,3312,3061,3186,3311       | 1043.21  | 1172.8   |
| 4   | 40         | 10000000 | 625000    | 238096   | 1048576 | 32    | 16   | worker   | 12        | 16  | decrease  | desc        | desc       | 4096       | 84.59    | 1121.54  | 6   | 4937,5062,5187,4936,5061,5186       | 1036.95  | 1225.85  |
| 1   | 40         | 10000000 | 625000    | 238096   | 1048576 | 32    | 16   | worker   | 12        | 16  | increase  | asc         | asc        | 4096       | 89.3     | 1123.67  | 6   | 62,187,312,61,186,311               | 1034.37  | 1158.31  |
| 13  | 60         | 10000000 | 5000000   | 156250   | 4096    | 32    | 2    | io_uring | 12        | 16  | increase  | asc         | desc       | 1024288    | 3387.14  | 4368.65  | 6   | 19362,19502,19642,19361,19501,19641 | 981.51   | 28.98    |
| 19  | 20         | 10000000 | 5000000   | 476191   | 1024    | 512   | 2    | worker   | 12        | 16  | decrease  | asc         | asc        | 131072     | 343.98   | 1323.59  | 6   | 28167,28307,28447,28166,28306,28446 | 979.61   | 284.79   |
| 14  | 60         | 10000000 | 5000000   | 156250   | 4096    | 32    | 2    | io_uring | 12        | 16  | increase  | desc        | desc       | 524288     | 1006.79  | 1879.77  | 6   | 21037,21177,21317,21036,21176,21316 | 872.98   | 86.71    |
| 14  | 60         | 10000000 | 5000000   | 156250   | 4096    | 32    | 2    | worker   | 12        | 16  | increase  | desc        | desc       | 524288     | 982.8    | 1836.24  | 6   | 20197,20337,20477,20196,20336,20476 | 853.44   | 86.84    |
| 3   | 40         | 10000000 | 625000    | 238096   | 1048576 | 32    | 16   | io_uring | 12        | 16  | decrease  | asc         | desc       | 4096       | 119.84   | 915.23   | 6   | 4187,4312,4437,4186,4311,4436       | 795.39   | 663.71   |
| 4   | 40         | 10000000 | 625000    | 238096   | 1048576 | 32    | 16   | io_uring | 12        | 16  | decrease  | desc        | asc        | 4096       | 122.74   | 907.27   | 6   | 5312,5437,5562,5311,5436,5561       | 784.53   | 639.18   |
| 1   | 40         | 10000000 | 625000    | 238096   | 1048576 | 32    | 16   | worker   | 12        | 16  | increase  | asc         | desc       | 4096       | 114.24   | 896.73   | 6   | 437,562,687,436,561,686             | 782.49   | 684.95   |
| 1   | 40         | 10000000 | 625000    | 238096   | 1048576 | 32    | 16   | io_uring | 12        | 16  | increase  | asc         | desc       | 4096       | 121.04   | 903.22   | 6   | 1187,1312,1437,1186,1311,1436       | 782.18   | 646.22   |
| 2   | 40         | 10000000 | 625000    | 238096   | 1048576 | 32    | 16   | worker   | 12        | 16  | increase  | desc        | asc        | 4096       | 120.74   | 895.23   | 6   | 1562,1687,1812,1561,1686,1811       | 774.49   | 641.45   |
| 3   | 40         | 10000000 | 625000    | 238096   | 1048576 | 32    | 16   | worker   | 12        | 16  | decrease  | asc         | desc       | 4096       | 123.5    | 897.15   | 6   | 3437,3562,3687,3436,3561,3686       | 773.65   | 626.44   |
| 2   | 40         | 10000000 | 625000    | 238096   | 1048576 | 32    | 16   | io_uring | 12        | 16  | increase  | desc        | asc        | 4096       | 124.05   | 893.62   | 6   | 2312,2437,2562,2311,2436,2561       | 769.57   | 620.37   |
| 15  | 60         | 10000000 | 5000000   | 156250   | 4096    | 32    | 2    | worker   | 12        | 16  | decrease  | asc         | asc        | 1024288    | 2775.31  | 3544.13  | 6   | 21462,21602,21742,21461,21601,21741 | 768.82   | 27.7     |
| 4   | 40         | 10000000 | 625000    | 238096   | 1048576 | 32    | 16   | worker   | 12        | 16  | decrease  | desc        | asc        | 4096       | 120.4    | 880.14   | 6   | 4562,4687,4812,4561,4686,4811       | 759.74   | 631.01   |
| 17  | 20         | 10000000 | 5000000   | 476191   | 1024    | 512   | 2    | worker   | 12        | 16  | increase  | asc         | desc       | 131072     | 749.37   | 1467.73  | 6   | 25227,25367,25507,25226,25366,25506 | 718.36   | 95.86    |
| 20  | 20         | 10000000 | 5000000   | 476191   | 1024    | 512   | 2    | io_uring | 12        | 16  | decrease  | desc        | asc        | 131072     | 740.97   | 1450.02  | 6   | 30687,30827,30967,30686,30826,30966 | 709.05   | 95.69    |
| 17  | 20         | 10000000 | 5000000   | 476191   | 1024    | 512   | 2    | io_uring | 12        | 16  | increase  | asc         | desc       | 262144     | 2196.01  | 2898.41  | 6   | 26072,26212,26352,26071,26211,26351 | 702.4    | 31.99    |
| 18  | 20         | 10000000 | 5000000   | 476191   | 1024    | 512   | 2    | io_uring | 12        | 16  | increase  | desc        | desc       | 262144     | 1993.83  | 2663.49  | 6   | 27752,27892,28032,27751,27891,28031 | 669.66   | 33.59    |
| 12  | 20         | 10000000 | 625000    | 476191   | 1       | 2     | 16   | io_uring | 12        | 16  | decrease  | desc        | asc        | 8192       | 150.07   | 803.44   | 6   | 17317,17442,17567,17316,17441,17566 | 653.37   | 435.38   |
| 15  | 60         | 10000000 | 5000000   | 156250   | 4096    | 32    | 2    | worker   | 12        | 16  | decrease  | asc         | asc        | 262144     | 286.59   | 935.36   | 6   | 21452,21592,21732,21451,21591,21731 | 648.77   | 226.38   |
| 9   | 20         | 10000000 | 625000    | 476191   | 1       | 2     | 16   | io_uring | 12        | 16  | increase  | asc         | desc       | 8192       | 149.0    | 791.38   | 6   | 13192,13317,13442,13191,13316,13441 | 642.38   | 431.13   |
| 14  | 60         | 10000000 | 5000000   | 156250   | 4096    | 32    | 2    | worker   | 12        | 16  | increase  | desc        | desc       | 262144     | 289.15   | 930.12   | 6   | 20192,20332,20472,20191,20331,20471 | 640.97   | 221.67   |
| 12  | 20         | 10000000 | 625000    | 476191   | 1       | 2     | 16   | worker   | 12        | 16  | decrease  | desc        | asc        | 8192       | 144.69   | 783.03   | 6   | 16567,16692,16817,16566,16691,16816 | 638.34   | 441.18   |
| 9   | 20         | 10000000 | 625000    | 476191   | 1       | 2     | 16   | worker   | 12        | 16  | increase  | asc         | desc       | 8192       | 146.06   | 777.14   | 6   | 12442,12567,12692,12441,12566,12691 | 631.08   | 432.07   |
| 4   | 40         | 10000000 | 625000    | 238096   | 1048576 | 32    | 16   | io_uring | 12        | 16  | decrease  | desc        | desc       | 2048       | 50.22    | 623.86   | 6   | 5682,5807,5932,5681,5806,5931       | 573.64   | 1142.25  |
| 10  | 20         | 10000000 | 625000    | 476191   | 1       | 2     | 16   | io_uring | 12        | 16  | increase  | desc        | desc       | 8192       | 182.58   | 750.2    | 6   | 14692,14817,14942,14691,14816,14941 | 567.62   | 310.89   |
| 10  | 20         | 10000000 | 625000    | 476191   | 1       | 2     | 16   | worker   | 12        | 16  | increase  | desc        | desc       | 8192       | 189.76   | 757.24   | 6   | 13942,14067,14192,13941,14066,14191 | 567.48   | 299.05   |
| 3   | 40         | 10000000 | 625000    | 238096   | 1048576 | 32    | 16   | io_uring | 12        | 16  | decrease  | asc         | asc        | 2048       | 48.61    | 612.57   | 6   | 3807,3932,4057,3806,3931,4056       | 563.96   | 1160.17  |
| 11  | 20         | 10000000 | 625000    | 476191   | 1       | 2     | 16   | io_uring | 12        | 16  | decrease  | asc         | asc        | 8192       | 181.94   | 744.63   | 6   | 15817,15942,16067,15816,15941,16066 | 562.69   | 309.27   |
| 1   | 40         | 10000000 | 625000    | 238096   | 1048576 | 32    | 16   | io_uring | 12        | 16  | increase  | asc         | asc        | 2048       | 43.24    | 604.29   | 6   | 807,932,1057,806,931,1056           | 561.05   | 1297.53  |
| 2   | 40         | 10000000 | 625000    | 238096   | 1048576 | 32    | 16   | io_uring | 12        | 16  | increase  | desc        | desc       | 2048       | 49.88    | 609.73   | 6   | 2682,2807,2932,2681,2806,2931       | 559.85   | 1122.39  |
| 11  | 20         | 10000000 | 625000    | 476191   | 1       | 2     | 16   | worker   | 12        | 16  | decrease  | asc         | asc        | 8192       | 185.5    | 740.92   | 6   | 15067,15192,15317,15066,15191,15316 | 555.42   | 299.42   |
| 2   | 40         | 10000000 | 625000    | 238096   | 1048576 | 32    | 16   | worker   | 12        | 16  | increase  | desc        | desc       | 2048       | 44.58    | 598.07   | 6   | 1932,2057,2182,1931,2056,2181       | 553.49   | 1241.57  |
| 4   | 40         | 10000000 | 625000    | 238096   | 1048576 | 32    | 16   | worker   | 12        | 16  | decrease  | desc        | desc       | 2048       | 49.12    | 595.47   | 6   | 4932,5057,5182,4931,5056,5181       | 546.35   | 1112.28  |
| 1   | 40         | 10000000 | 625000    | 238096   | 1048576 | 32    | 16   | worker   | 12        | 16  | increase  | asc         | asc        | 2048       | 47.66    | 592.05   | 6   | 57,182,307,56,181,306               | 544.39   | 1142.24  |
| 3   | 40         | 10000000 | 625000    | 238096   | 1048576 | 32    | 16   | worker   | 12        | 16  | decrease  | asc         | asc        | 2048       | 47.64    | 587.55   | 6   | 3057,3182,3307,3056,3181,3306       | 539.91   | 1133.31  |
| 13  | 60         | 10000000 | 5000000   | 156250   | 4096    | 32    | 2    | io_uring | 12        | 16  | increase  | asc         | desc       | 524288     | 1730.01  | 2256.94  | 6   | 19357,19497,19637,19356,19496,19636 | 526.93   | 30.46    |
| 16  | 60         | 10000000 | 5000000   | 156250   | 4096    | 32    | 2    | io_uring | 12        | 16  | decrease  | desc        | asc        | 262144     | 635.07   | 1160.57  | 6   | 23972,24112,24252,23971,24111,24251 | 525.5    | 82.75    |
| 16  | 60         | 10000000 | 5000000   | 156250   | 4096    | 32    | 2    | worker   | 12        | 16  | decrease  | desc        | asc        | 262144     | 613.73   | 1130.21  | 6   | 23132,23272,23412,23131,23271,23411 | 516.48   | 84.15    |
| 19  | 20         | 10000000 | 5000000   | 476191   | 1024    | 512   | 2    | worker   | 12        | 16  | decrease  | asc         | asc        | 65536      | 179.61   | 681.76   | 6   | 28162,28302,28442,28161,28301,28441 | 502.15   | 279.58   |
| 10  | 20         | 10000000 | 625000    | 476191   | 1       | 2     | 16   | worker   | 12        | 16  | increase  | desc        | asc        | 565536     | 6015.19  | 6456.15  | 6   | 13622,13747,13872,13621,13746,13871 | 440.96   | 7.33     |
| 11  | 20         | 10000000 | 625000    | 476191   | 1       | 2     | 16   | worker   | 12        | 16  | decrease  | asc         | desc       | 565536     | 6050.15  | 6478.24  | 6   | 15497,15622,15747,15496,15621,15746 | 428.09   | 7.08     |
| 19  | 20         | 10000000 | 5000000   | 476191   | 1024    | 512   | 2    | worker   | 12        | 16  | decrease  | asc         | asc        | 4524288    | 44695.44 | 45102.19 | 6   | 28217,28357,28497,28216,28356,28496 | 406.75   | 0.91     |
| 3   | 40         | 10000000 | 625000    | 238096   | 1048576 | 32    | 16   | io_uring | 12        | 16  | decrease  | asc         | desc       | 2048       | 64.98    | 465.78   | 6   | 4182,4307,4432,4181,4306,4431       | 400.8    | 616.81   |
| 4   | 40         | 10000000 | 625000    | 238096   | 1048576 | 32    | 16   | io_uring | 12        | 16  | decrease  | desc        | asc        | 2048       | 62.55    | 459.33   | 6   | 5307,5432,5557,5306,5431,5556       | 396.78   | 634.34   |
| 1   | 40         | 10000000 | 625000    | 238096   | 1048576 | 32    | 16   | io_uring | 12        | 16  | increase  | asc         | desc       | 2048       | 61.72    | 457.31   | 6   | 1182,1307,1432,1181,1306,1431       | 395.59   | 640.94   |
| 2   | 40         | 10000000 | 625000    | 238096   | 1048576 | 32    | 16   | io_uring | 12        | 16  | increase  | desc        | asc        | 2048       | 63.71    | 458.72   | 6   | 2307,2432,2557,2306,2431,2556       | 395.01   | 620.01   |
| 3   | 40         | 10000000 | 625000    | 238096   | 1048576 | 32    | 16   | worker   | 12        | 16  | decrease  | asc         | desc       | 2048       | 63.74    | 455.77   | 6   | 3432,3557,3682,3431,3556,3681       | 392.03   | 615.05   |
| 1   | 40         | 10000000 | 625000    | 238096   | 1048576 | 32    | 16   | worker   | 12        | 16  | increase  | asc         | desc       | 2048       | 62.59    | 453.29   | 6   | 432,557,682,431,556,681             | 390.7    | 624.22   |
| 2   | 40         | 10000000 | 625000    | 238096   | 1048576 | 32    | 16   | worker   | 12        | 16  | increase  | desc        | asc        | 2048       | 63.05    | 452.64   | 6   | 1557,1682,1807,1556,1681,1806       | 389.59   | 617.91   |
| 4   | 40         | 10000000 | 625000    | 238096   | 1048576 | 32    | 16   | worker   | 12        | 16  | decrease  | desc        | asc        | 2048       | 63.63    | 452.34   | 6   | 4557,4682,4807,4556,4681,4806       | 388.71   | 610.89   |
| 16  | 60         | 10000000 | 5000000   | 156250   | 4096    | 32    | 2    | worker   | 12        | 16  | decrease  | desc        | asc        | 131072     | 185.69   | 574.39   | 6   | 23127,23267,23407,23126,23266,23406 | 388.7    | 209.33   |
| 13  | 60         | 10000000 | 5000000   | 156250   | 4096    | 32    | 2    | io_uring | 12        | 16  | increase  | asc         | desc       | 131072     | 188.57   | 571.85   | 6   | 19347,19487,19627,19346,19486,19626 | 383.28   | 203.26   |
| 10  | 20         | 10000000 | 625000    | 476191   | 1       | 2     | 16   | worker   | 12        | 16  | increase  | desc        | asc        | 503036     | 5351.56  | 5729.28  | 6   | 13617,13742,13867,13616,13741,13866 | 377.72   | 7.06     |
| 17  | 20         | 10000000 | 5000000   | 476191   | 1024    | 512   | 2    | worker   | 12        | 16  | increase  | asc         | desc       | 65536      | 379.27   | 735.38   | 6   | 25222,25362,25502,25221,25361,25501 | 356.11   | 93.89    |
| 20  | 20         | 10000000 | 5000000   | 476191   | 1024    | 512   | 2    | worker   | 12        | 16  | decrease  | desc        | asc        | 131072     | 1079.73  | 1431.49  | 6   | 29847,29987,30127,29846,29986,30126 | 351.76   | 32.58    |
| 15  | 60         | 10000000 | 5000000   | 156250   | 4096    | 32    | 2    | io_uring | 12        | 16  | decrease  | asc         | asc        | 131072     | 148.07   | 484.13   | 6   | 22287,22427,22567,22286,22426,22566 | 336.06   | 226.96   |
| 19  | 20         | 10000000 | 5000000   | 476191   | 1024    | 512   | 2    | io_uring | 12        | 16  | decrease  | asc         | asc        | 131072     | 1004.59  | 1336.65  | 6   | 29007,29147,29287,29006,29146,29286 | 332.06   | 33.05    |
| 9   | 20         | 10000000 | 625000    | 476191   | 1       | 2     | 16   | io_uring | 12        | 16  | increase  | asc         | desc       | 4096       | 77.08    | 404.23   | 6   | 13187,13312,13437,13186,13311,13436 | 327.15   | 424.43   |
| 10  | 20         | 10000000 | 625000    | 476191   | 1       | 2     | 16   | worker   | 12        | 16  | increase  | desc        | asc        | 440536     | 4686.65  | 5013.69  | 6   | 13612,13737,13862,13611,13736,13861 | 327.04   | 6.98     |
| 11  | 20         | 10000000 | 625000    | 476191   | 1       | 2     | 16   | worker   | 12        | 16  | decrease  | asc         | desc       | 503036     | 5432.32  | 5751.72  | 6   | 15492,15617,15742,15491,15616,15741 | 319.4    | 5.88     |
| 12  | 20         | 10000000 | 625000    | 476191   | 1       | 2     | 16   | io_uring | 12        | 16  | decrease  | desc        | asc        | 4096       | 77.45    | 396.62   | 6   | 17312,17437,17562,17311,17436,17561 | 319.17   | 412.1    |
| 12  | 20         | 10000000 | 625000    | 476191   | 1       | 2     | 16   | worker   | 12        | 16  | decrease  | desc        | asc        | 4096       | 72.5     | 391.54   | 6   | 16562,16687,16812,16561,16686,16811 | 319.04   | 440.06   |
| 18  | 20         | 10000000 | 5000000   | 476191   | 1024    | 512   | 2    | io_uring | 12        | 16  | increase  | desc        | desc       | 65536      | 347.63   | 664.89   | 6   | 27742,27882,28022,27741,27881,28021 | 317.26   | 91.26    |
| 9   | 20         | 10000000 | 625000    | 476191   | 1       | 2     | 16   | worker   | 12        | 16  | increase  | asc         | desc       | 4096       | 73.08    | 389.24   | 6   | 12437,12562,12687,12436,12561,12686 | 316.16   | 432.62   |
| 14  | 60         | 10000000 | 5000000   | 156250   | 4096    | 32    | 2    | worker   | 12        | 16  | increase  | desc        | desc       | 131072     | 152.71   | 468.87   | 6   | 20187,20327,20467,20186,20326,20466 | 316.16   | 207.03   |
| 11  | 20         | 10000000 | 625000    | 476191   | 1       | 2     | 16   | worker   | 12        | 16  | decrease  | asc         | desc       | 440536     | 4736.02  | 5040.79  | 6   | 15487,15612,15737,15486,15611,15736 | 304.77   | 6.44     |
| 4   | 40         | 10000000 | 625000    | 238096   | 1048576 | 32    | 16   | io_uring | 12        | 16  | decrease  | desc        | desc       | 1024       | 29.69    | 317.39   | 6   | 5677,5802,5927,5676,5801,5926       | 287.7    | 969.01   |
| 2   | 40         | 10000000 | 625000    | 238096   | 1048576 | 32    | 16   | io_uring | 12        | 16  | increase  | desc        | desc       | 1024       | 27.16    | 312.6    | 6   | 2677,2802,2927,2676,2801,2926       | 285.44   | 1050.96  |
| 10  | 20         | 10000000 | 625000    | 476191   | 1       | 2     | 16   | worker   | 12        | 16  | increase  | desc        | desc       | 4096       | 97.72    | 381.19   | 6   | 13937,14062,14187,13936,14061,14186 | 283.47   | 290.08   |
| 2   | 40         | 10000000 | 625000    | 238096   | 1048576 | 32    | 16   | worker   | 12        | 16  | increase  | desc        | desc       | 1024       | 26.0     | 308.41   | 6   | 1927,2052,2177,1926,2051,2176       | 282.41   | 1086.19  |
| 3   | 40         | 10000000 | 625000    | 238096   | 1048576 | 32    | 16   | io_uring | 12        | 16  | decrease  | asc         | asc        | 1024       | 27.85    | 310.26   | 6   | 3802,3927,4052,3801,3926,4051       | 282.41   | 1014.04  |
| 11  | 20         | 10000000 | 625000    | 476191   | 1       | 2     | 16   | io_uring | 12        | 16  | decrease  | asc         | asc        | 4096       | 92.53    | 373.69   | 6   | 15812,15937,16062,15811,15936,16061 | 281.16   | 303.86   |
| 1   | 40         | 10000000 | 625000    | 238096   | 1048576 | 32    | 16   | io_uring | 12        | 16  | increase  | asc         | asc        | 1024       | 26.16    | 306.64   | 6   | 802,927,1052,801,926,1051           | 280.48   | 1072.17  |
| 11  | 20         | 10000000 | 625000    | 476191   | 1       | 2     | 16   | worker   | 12        | 16  | decrease  | asc         | asc        | 4096       | 93.96    | 373.66   | 6   | 15062,15187,15312,15061,15186,15311 | 279.7    | 297.68   |
| 10  | 20         | 10000000 | 625000    | 476191   | 1       | 2     | 16   | io_uring | 12        | 16  | increase  | desc        | desc       | 4096       | 94.73    | 373.79   | 6   | 14687,14812,14937,14686,14811,14936 | 279.06   | 294.58   |
| 10  | 20         | 10000000 | 625000    | 476191   | 1       | 2     | 16   | worker   | 12        | 16  | increase  | desc        | asc        | 378036     | 4019.95  | 4298.53  | 6   | 13607,13732,13857,13606,13731,13856 | 278.58   | 6.93     |
| 4   | 40         | 10000000 | 625000    | 238096   | 1048576 | 32    | 16   | worker   | 12        | 16  | decrease  | desc        | desc       | 1024       | 29.42    | 307.89   | 6   | 4927,5052,5177,4926,5051,5176       | 278.47   | 946.53   |
| 3   | 40         | 10000000 | 625000    | 238096   | 1048576 | 32    | 16   | worker   | 12        | 16  | decrease  | asc         | asc        | 1024       | 26.97    | 303.24   | 6   | 3052,3177,3302,3051,3176,3301       | 276.27   | 1024.36  |
| 11  | 20         | 10000000 | 625000    | 476191   | 1       | 2     | 16   | worker   | 12        | 16  | decrease  | asc         | desc       | 378036     | 4051.69  | 4327.5   | 6   | 15482,15607,15732,15481,15606,15731 | 275.81   | 6.81     |
| 16  | 60         | 10000000 | 5000000   | 156250   | 4096    | 32    | 2    | io_uring | 12        | 16  | decrease  | desc        | asc        | 131072     | 321.33   | 591.73   | 6   | 23967,24107,24247,23966,24106,24246 | 270.4    | 84.15    |
| 1   | 40         | 10000000 | 625000    | 238096   | 1048576 | 32    | 16   | worker   | 12        | 16  | increase  | asc         | asc        | 1024       | 28.96    | 298.77   | 6   | 52,177,302,51,176,301               | 269.81   | 931.66   |
| 13  | 60         | 10000000 | 5000000   | 156250   | 4096    | 32    | 2    | worker   | 12        | 16  | increase  | asc         | desc       | 262144     | 871.76   | 1139.2   | 6   | 18512,18652,18792,18511,18651,18791 | 267.44   | 30.68    |
| 13  | 60         | 10000000 | 5000000   | 156250   | 4096    | 32    | 2    | io_uring | 12        | 16  | increase  | asc         | desc       | 262144     | 876.14   | 1136.52  | 6   | 19352,19492,19632,19351,19491,19631 | 260.38   | 29.72    |
| 10  | 20         | 10000000 | 625000    | 476191   | 1       | 2     | 16   | worker   | 12        | 16  | increase  | desc        | asc        | 315536     | 3377.44  | 3611.39  | 6   | 13602,13727,13852,13601,13726,13851 | 233.95   | 6.93     |
| 15  | 60         | 10000000 | 5000000   | 156250   | 4096    | 32    | 2    | io_uring | 12        | 16  | decrease  | asc         | asc        | 262144     | 719.02   | 945.93   | 6   | 22292,22432,22572,22291,22431,22571 | 226.91   | 31.56    |
| 14  | 60         | 10000000 | 5000000   | 156250   | 4096    | 32    | 2    | io_uring | 12        | 16  | increase  | desc        | desc       | 262144     | 733.96   | 958.49   | 6   | 21032,21172,21312,21031,21171,21311 | 224.53   | 30.59    |
| 7   | 60         | 10000000 | 625000    | 156250   | 1       | 128   | 16   | io_uring | 12        | 16  | decrease  | asc         | asc        | 503036     | 15306.32 | 15523.97 | 6   | 9867,9992,10117,9866,9991,10116     | 217.65   | 1.42     |
| 11  | 20         | 10000000 | 625000    | 476191   | 1       | 2     | 16   | worker   | 12        | 16  | decrease  | asc         | desc       | 315536     | 3393.92  | 3605.87  | 6   | 15477,15602,15727,15476,15601,15726 | 211.95   | 6.24     |
| 18  | 20         | 10000000 | 5000000   | 476191   | 1024    | 512   | 2    | worker   | 12        | 16  | increase  | desc        | desc       | 3524288    | 34978.44 | 35182.87 | 6   | 26947,27087,27227,26946,27086,27226 | 204.43   | 0.58     |
| 4   | 40         | 10000000 | 625000    | 238096   | 1048576 | 32    | 16   | io_uring | 12        | 16  | decrease  | desc        | asc        | 1024       | 34.35    | 235.47   | 6   | 5302,5427,5552,5301,5426,5551       | 201.12   | 585.5    |
| 3   | 40         | 10000000 | 625000    | 238096   | 1048576 | 32    | 16   | io_uring | 12        | 16  | decrease  | asc         | desc       | 1024       | 32.8     | 233.14   | 6   | 4177,4302,4427,4176,4301,4426       | 200.34   | 610.79   |
| 1   | 40         | 10000000 | 625000    | 238096   | 1048576 | 32    | 16   | io_uring | 12        | 16  | increase  | asc         | desc       | 1024       | 32.43    | 230.52   | 6   | 1177,1302,1427,1176,1301,1426       | 198.09   | 610.82   |
| 13  | 60         | 10000000 | 5000000   | 156250   | 4096    | 32    | 2    | worker   | 12        | 16  | increase  | asc         | desc       | 65536      | 98.49    | 295.42   | 6   | 18502,18642,18782,18501,18641,18781 | 196.93   | 199.95   |
| 2   | 40         | 10000000 | 625000    | 238096   | 1048576 | 32    | 16   | io_uring | 12        | 16  | increase  | desc        | asc        | 1024       | 34.14    | 230.59   | 6   | 2302,2427,2552,2301,2426,2551       | 196.45   | 575.42   |
| 3   | 40         | 10000000 | 625000    | 238096   | 1048576 | 32    | 16   | worker   | 12        | 16  | decrease  | asc         | desc       | 1024       | 35.34    | 231.39   | 6   | 3427,3552,3677,3426,3551,3676       | 196.05   | 554.75   |
| 2   | 40         | 10000000 | 625000    | 238096   | 1048576 | 32    | 16   | worker   | 12        | 16  | increase  | desc        | asc        | 1024       | 34.22    | 229.88   | 6   | 1552,1677,1802,1551,1676,1801       | 195.66   | 571.77   |
| 1   | 40         | 10000000 | 625000    | 238096   | 1048576 | 32    | 16   | worker   | 12        | 16  | increase  | asc         | desc       | 1024       | 32.47    | 227.48   | 6   | 427,552,677,426,551,676             | 195.01   | 600.59   |
| 4   | 40         | 10000000 | 625000    | 238096   | 1048576 | 32    | 16   | worker   | 12        | 16  | decrease  | desc        | asc        | 1024       | 34.09    | 227.65   | 6   | 4552,4677,4802,4551,4676,4801       | 193.56   | 567.79   |
| 17  | 20         | 10000000 | 5000000   | 476191   | 1024    | 512   | 2    | worker   | 12        | 16  | increase  | asc         | desc       | 32768      | 196.13   | 383.31   | 6   | 25217,25357,25497,25216,25356,25496 | 187.18   | 95.44    |
| 17  | 20         | 10000000 | 5000000   | 476191   | 1024    | 512   | 2    | io_uring | 12        | 16  | increase  | asc         | desc       | 65536      | 562.81   | 743.74   | 6   | 26062,26202,26342,26061,26201,26341 | 180.93   | 32.15    |
| 20  | 20         | 10000000 | 5000000   | 476191   | 1024    | 512   | 2    | io_uring | 12        | 16  | decrease  | desc        | asc        | 65536      | 561.61   | 729.23   | 6   | 30682,30822,30962,30681,30821,30961 | 167.62   | 29.85    |
| 10  | 20         | 10000000 | 625000    | 476191   | 1       | 2     | 16   | worker   | 12        | 16  | increase  | desc        | asc        | 253036     | 2733.05  | 2898.69  | 6   | 13597,13722,13847,13596,13721,13846 | 165.64   | 6.06     |
| 9   | 20         | 10000000 | 625000    | 476191   | 1       | 2     | 16   | io_uring | 12        | 16  | increase  | asc         | desc       | 2048       | 37.56    | 202.22   | 6   | 13182,13307,13432,13181,13306,13431 | 164.66   | 438.39   |
| 11  | 20         | 10000000 | 625000    | 476191   | 1       | 2     | 16   | worker   | 12        | 16  | decrease  | asc         | desc       | 253036     | 2754.55  | 2918.85  | 6   | 15472,15597,15722,15471,15596,15721 | 164.3    | 5.96     |
| 18  | 20         | 10000000 | 5000000   | 476191   | 1024    | 512   | 2    | worker   | 12        | 16  | increase  | desc        | desc       | 65536      | 519.04   | 682.41   | 6   | 26902,27042,27182,26901,27041,27181 | 163.37   | 31.48    |
| 12  | 20         | 10000000 | 625000    | 476191   | 1       | 2     | 16   | io_uring | 12        | 16  | decrease  | desc        | asc        | 2048       | 38.62    | 200.37   | 6   | 17307,17432,17557,17306,17431,17556 | 161.75   | 418.82   |
| 12  | 20         | 10000000 | 625000    | 476191   | 1       | 2     | 16   | worker   | 12        | 16  | decrease  | desc        | asc        | 2048       | 36.84    | 194.03   | 6   | 16557,16682,16807,16556,16681,16806 | 157.19   | 426.68   |
| 9   | 20         | 10000000 | 625000    | 476191   | 1       | 2     | 16   | worker   | 12        | 16  | increase  | asc         | desc       | 2048       | 38.22    | 195.35   | 6   | 12432,12557,12682,12431,12556,12681 | 157.13   | 411.12   |
| 8   | 60         | 10000000 | 625000    | 156250   | 1       | 128   | 16   | worker   | 12        | 16  | decrease  | desc        | asc        | 315536     | 11059.78 | 11216.79 | 6   | 10602,10727,10852,10601,10726,10851 | 157.01   | 1.42     |
| 8   | 60         | 10000000 | 625000    | 156250   | 1       | 128   | 16   | io_uring | 12        | 16  | decrease  | desc        | asc        | 315536     | 11136.05 | 11289.04 | 6   | 11352,11477,11602,11351,11476,11601 | 152.99   | 1.37     |
| 20  | 20         | 10000000 | 5000000   | 476191   | 1024    | 512   | 2    | io_uring | 12        | 16  | decrease  | desc        | asc        | 2024288    | 21943.75 | 22091.46 | 6   | 30712,30852,30992,30711,30851,30991 | 147.71   | 0.67     |
| 4   | 40         | 10000000 | 625000    | 238096   | 1048576 | 32    | 16   | io_uring | 12        | 16  | decrease  | desc        | desc       | 512        | 17.33    | 162.42   | 6   | 5672,5797,5922,5671,5796,5921       | 145.09   | 837.22   |
| 1   | 40         | 10000000 | 625000    | 238096   | 1048576 | 32    | 16   | io_uring | 12        | 16  | increase  | asc         | asc        | 512        | 15.97    | 160.25   | 6   | 797,922,1047,796,921,1046           | 144.28   | 903.44   |
| 2   | 40         | 10000000 | 625000    | 238096   | 1048576 | 32    | 16   | io_uring | 12        | 16  | increase  | desc        | desc       | 512        | 17.12    | 161.38   | 6   | 2672,2797,2922,2671,2796,2921       | 144.26   | 842.64   |
| 10  | 20         | 10000000 | 625000    | 476191   | 1       | 2     | 16   | io_uring | 12        | 16  | increase  | desc        | desc       | 2048       | 48.85    | 191.24   | 6   | 14682,14807,14932,14681,14806,14931 | 142.39   | 291.48   |
| 10  | 20         | 10000000 | 625000    | 476191   | 1       | 2     | 16   | worker   | 12        | 16  | increase  | desc        | desc       | 2048       | 50.66    | 192.6    | 6   | 13932,14057,14182,13931,14056,14181 | 141.94   | 280.18   |
| 3   | 40         | 10000000 | 625000    | 238096   | 1048576 | 32    | 16   | io_uring | 12        | 16  | decrease  | asc         | asc        | 512        | 18.91    | 160.33   | 6   | 3797,3922,4047,3796,3921,4046       | 141.42   | 747.86   |
| 11  | 20         | 10000000 | 625000    | 476191   | 1       | 2     | 16   | io_uring | 12        | 16  | decrease  | asc         | asc        | 2048       | 50.44    | 188.94   | 6   | 15807,15932,16057,15806,15931,16056 | 138.5    | 274.58   |
| 2   | 40         | 10000000 | 625000    | 238096   | 1048576 | 32    | 16   | worker   | 12        | 16  | increase  | desc        | desc       | 512        | 18.3     | 156.59   | 6   | 1922,2047,2172,1921,2046,2171       | 138.29   | 755.68   |
| 11  | 20         | 10000000 | 625000    | 476191   | 1       | 2     | 16   | worker   | 12        | 16  | decrease  | asc         | asc        | 2048       | 50.8     | 188.58   | 6   | 15057,15182,15307,15056,15181,15306 | 137.78   | 271.22   |
| 11  | 20         | 10000000 | 625000    | 476191   | 1       | 2     | 16   | worker   | 12        | 16  | decrease  | asc         | desc       | 190536     | 2056.4   | 2193.75  | 6   | 15467,15592,15717,15466,15591,15716 | 137.35   | 6.68     |
| 3   | 40         | 10000000 | 625000    | 238096   | 1048576 | 32    | 16   | worker   | 12        | 16  | decrease  | asc         | asc        | 512        | 18.26    | 154.96   | 6   | 3047,3172,3297,3046,3171,3296       | 136.7    | 748.63   |
| 1   | 40         | 10000000 | 625000    | 238096   | 1048576 | 32    | 16   | worker   | 12        | 16  | increase  | asc         | asc        | 512        | 17.8     | 153.94   | 6   | 47,172,297,46,171,296               | 136.14   | 764.83   |
| 4   | 40         | 10000000 | 625000    | 238096   | 1048576 | 32    | 16   | worker   | 12        | 16  | decrease  | desc        | desc       | 512        | 18.83    | 154.21   | 6   | 4922,5047,5172,4921,5046,5171       | 135.38   | 718.96   |
| 16  | 60         | 10000000 | 5000000   | 156250   | 4096    | 32    | 2    | worker   | 12        | 16  | decrease  | desc        | asc        | 65536      | 168.35   | 302.45   | 6   | 23122,23262,23402,23121,23261,23401 | 134.1    | 79.66    |
| 13  | 60         | 10000000 | 5000000   | 156250   | 4096    | 32    | 2    | io_uring | 12        | 16  | increase  | asc         | desc       | 65536      | 164.62   | 295.97   | 6   | 19342,19482,19622,19341,19481,19621 | 131.35   | 79.79    |
| 16  | 60         | 10000000 | 5000000   | 156250   | 4096    | 32    | 2    | io_uring | 12        | 16  | decrease  | desc        | asc        | 65536      | 170.92   | 301.44   | 6   | 23962,24102,24242,23961,24101,24241 | 130.52   | 76.36    |
| 10  | 20         | 10000000 | 625000    | 476191   | 1       | 2     | 16   | worker   | 12        | 16  | increase  | desc        | asc        | 190536     | 2065.7   | 2195.65  | 6   | 13592,13717,13842,13591,13716,13841 | 129.95   | 6.29     |
| 18  | 20         | 10000000 | 5000000   | 476191   | 1024    | 512   | 2    | worker   | 12        | 16  | increase  | desc        | desc       | 16384      | 54.76    | 183.03   | 6   | 26892,27032,27172,26891,27031,27171 | 128.27   | 234.24   |
| 5   | 60         | 10000000 | 625000    | 156250   | 1       | 128   | 16   | io_uring | 12        | 16  | increase  | asc         | desc       | 378036     | 13390.14 | 13515.38 | 6   | 7232,7357,7482,7231,7356,7481       | 125.24   | 0.94     |
| 13  | 60         | 10000000 | 5000000   | 156250   | 4096    | 32    | 2    | worker   | 12        | 16  | increase  | asc         | desc       | 131072     | 454.66   | 575.66   | 6   | 18507,18647,18787,18506,18646,18786 | 121.0    | 26.61    |
| 14  | 60         | 10000000 | 5000000   | 156250   | 4096    | 32    | 2    | io_uring | 12        | 16  | increase  | desc        | desc       | 65536      | 136.43   | 249.72   | 6   | 21022,21162,21302,21021,21161,21301 | 113.29   | 83.04    |
| 8   | 60         | 10000000 | 625000    | 156250   | 1       | 128   | 16   | io_uring | 12        | 16  | decrease  | desc        | asc        | 440536     | 15557.35 | 15669.38 | 6   | 11362,11487,11612,11361,11486,11611 | 112.03   | 0.72     |
| 15  | 60         | 10000000 | 5000000   | 156250   | 4096    | 32    | 2    | io_uring | 12        | 16  | decrease  | asc         | asc        | 65536      | 138.19   | 247.13   | 6   | 22282,22422,22562,22281,22421,22561 | 108.94   | 78.83    |
| 14  | 60         | 10000000 | 5000000   | 156250   | 4096    | 32    | 2    | io_uring | 12        | 16  | increase  | desc        | desc       | 131072     | 377.12   | 481.27   | 6   | 21027,21167,21307,21026,21166,21306 | 104.15   | 27.62    |
| 15  | 60         | 10000000 | 5000000   | 156250   | 4096    | 32    | 2    | worker   | 12        | 16  | decrease  | asc         | asc        | 131072     | 370.51   | 471.69   | 6   | 21447,21587,21727,21446,21586,21726 | 101.18   | 27.31    |
| 6   | 60         | 10000000 | 625000    | 156250   | 1       | 128   | 16   | io_uring | 12        | 16  | increase  | desc        | desc       | 565536     | 17130.75 | 17231.56 | 6   | 8747,8872,8997,8746,8871,8996       | 100.81   | 0.59     |
| 13  | 60         | 10000000 | 5000000   | 156250   | 4096    | 32    | 2    | worker   | 12        | 16  | increase  | asc         | desc       | 32768      | 54.06    | 153.73   | 6   | 18497,18637,18777,18496,18636,18776 | 99.67    | 184.37   |
| 3   | 40         | 10000000 | 625000    | 238096   | 1048576 | 32    | 16   | io_uring | 12        | 16  | decrease  | asc         | desc       | 512        | 20.25    | 119.24   | 6   | 4172,4297,4422,4171,4296,4421       | 98.99    | 488.84   |
| 4   | 40         | 10000000 | 625000    | 238096   | 1048576 | 32    | 16   | io_uring | 12        | 16  | decrease  | desc        | asc        | 512        | 19.44    | 117.89   | 6   | 5297,5422,5547,5296,5421,5546       | 98.45    | 506.43   |
| 10  | 20         | 10000000 | 625000    | 476191   | 1       | 2     | 16   | worker   | 12        | 16  | increase  | desc        | asc        | 128036     | 1389.54  | 1487.97  | 6   | 13587,13712,13837,13586,13711,13836 | 98.43    | 7.08     |
| 1   | 40         | 10000000 | 625000    | 238096   | 1048576 | 32    | 16   | worker   | 12        | 16  | increase  | asc         | desc       | 512        | 18.18    | 116.08   | 6   | 422,547,672,421,546,671             | 97.9     | 538.5    |
| 2   | 40         | 10000000 | 625000    | 238096   | 1048576 | 32    | 16   | worker   | 12        | 16  | increase  | desc        | asc        | 512        | 18.36    | 115.97   | 6   | 1547,1672,1797,1546,1671,1796       | 97.61    | 531.64   |
| 3   | 40         | 10000000 | 625000    | 238096   | 1048576 | 32    | 16   | worker   | 12        | 16  | decrease  | asc         | desc       | 512        | 18.64    | 115.82   | 6   | 3422,3547,3672,3421,3546,3671       | 97.18    | 521.35   |
| 2   | 40         | 10000000 | 625000    | 238096   | 1048576 | 32    | 16   | io_uring | 12        | 16  | increase  | desc        | asc        | 512        | 21.02    | 118.07   | 6   | 2297,2422,2547,2296,2421,2546       | 97.05    | 461.7    |
| 1   | 40         | 10000000 | 625000    | 238096   | 1048576 | 32    | 16   | io_uring | 12        | 16  | increase  | asc         | desc       | 512        | 18.89    | 115.79   | 6   | 1172,1297,1422,1171,1296,1421       | 96.9     | 512.97   |
| 4   | 40         | 10000000 | 625000    | 238096   | 1048576 | 32    | 16   | worker   | 12        | 16  | decrease  | desc        | asc        | 512        | 19.51    | 116.11   | 6   | 4547,4672,4797,4546,4671,4796       | 96.6     | 495.13   |
| 6   | 60         | 10000000 | 625000    | 156250   | 1       | 128   | 16   | worker   | 12        | 16  | increase  | desc        | desc       | 315536     | 9504.84  | 9596.78  | 6   | 7977,8102,8227,7976,8101,8226       | 91.94    | 0.97     |
| 17  | 20         | 10000000 | 5000000   | 476191   | 1024    | 512   | 2    | io_uring | 12        | 16  | increase  | asc         | desc       | 32768      | 291.46   | 382.37   | 6   | 26057,26197,26337,26056,26196,26336 | 90.91    | 31.19    |
| 20  | 20         | 10000000 | 5000000   | 476191   | 1024    | 512   | 2    | io_uring | 12        | 16  | decrease  | desc        | asc        | 32768      | 282.34   | 373.16   | 6   | 30677,30817,30957,30676,30816,30956 | 90.82    | 32.17    |
| 17  | 20         | 10000000 | 5000000   | 476191   | 1024    | 512   | 2    | worker   | 12        | 16  | increase  | asc         | desc       | 16384      | 106.17   | 195.19   | 6   | 25212,25352,25492,25211,25351,25491 | 89.02    | 83.85    |
| 20  | 20         | 10000000 | 5000000   | 476191   | 1024    | 512   | 2    | io_uring | 12        | 16  | decrease  | desc        | asc        | 16384      | 102.16   | 190.79   | 6   | 30672,30812,30952,30671,30811,30951 | 88.63    | 86.76    |
| 20  | 20         | 10000000 | 5000000   | 476191   | 1024    | 512   | 2    | worker   | 12        | 16  | decrease  | desc        | asc        | 16384      | 105.92   | 191.43   | 6   | 29832,29972,30112,29831,29971,30111 | 85.51    | 80.73    |
| 20  | 20         | 10000000 | 5000000   | 476191   | 1024    | 512   | 2    | worker   | 12        | 16  | decrease  | desc        | asc        | 32768      | 283.03   | 368.5    | 6   | 29837,29977,30117,29836,29976,30116 | 85.47    | 30.2     |
| 14  | 60         | 10000000 | 5000000   | 156250   | 4096    | 32    | 2    | io_uring | 12        | 16  | increase  | desc        | desc       | 32768      | 50.12    | 133.9    | 6   | 21017,21157,21297,21016,21156,21296 | 83.78    | 167.16   |
| 19  | 20         | 10000000 | 5000000   | 476191   | 1024    | 512   | 2    | worker   | 12        | 16  | decrease  | asc         | asc        | 32768      | 263.39   | 345.79   | 6   | 28157,28297,28437,28156,28296,28436 | 82.4     | 31.28    |
| 18  | 20         | 10000000 | 5000000   | 476191   | 1024    | 512   | 2    | io_uring | 12        | 16  | increase  | desc        | desc       | 32768      | 263.2    | 345.38   | 6   | 27737,27877,28017,27736,27876,28016 | 82.18    | 31.22    |
| 18  | 20         | 10000000 | 5000000   | 476191   | 1024    | 512   | 2    | io_uring | 12        | 16  | increase  | desc        | desc       | 16384      | 95.91    | 175.79   | 6   | 27732,27872,28012,27731,27871,28011 | 79.88    | 83.29    |
| 12  | 20         | 10000000 | 625000    | 476191   | 1       | 2     | 16   | io_uring | 12        | 16  | decrease  | desc        | asc        | 1024       | 20.75    | 100.58   | 6   | 17302,17427,17552,17301,17426,17551 | 79.83    | 384.72   |
| 12  | 20         | 10000000 | 625000    | 476191   | 1       | 2     | 16   | worker   | 12        | 16  | decrease  | desc        | asc        | 1024       | 19.29    | 98.66    | 6   | 16552,16677,16802,16551,16676,16801 | 79.37    | 411.46   |
| 9   | 20         | 10000000 | 625000    | 476191   | 1       | 2     | 16   | io_uring | 12        | 16  | increase  | asc         | desc       | 1024       | 19.82    | 99.09    | 6   | 13177,13302,13427,13176,13301,13426 | 79.27    | 399.95   |
| 9   | 20         | 10000000 | 625000    | 476191   | 1       | 2     | 16   | worker   | 12        | 16  | increase  | asc         | desc       | 1024       | 20.06    | 98.55    | 6   | 12427,12552,12677,12426,12551,12676 | 78.49    | 391.28   |
| 4   | 40         | 10000000 | 625000    | 238096   | 1048576 | 32    | 16   | io_uring | 12        | 16  | decrease  | desc        | desc       | 256        | 11.35    | 88.61    | 6   | 5667,5792,5917,5666,5791,5916       | 77.26    | 680.7    |
| 18  | 20         | 10000000 | 5000000   | 476191   | 1024    | 512   | 2    | worker   | 12        | 16  | increase  | desc        | desc       | 32768      | 270.38   | 344.52   | 6   | 26897,27037,27177,26896,27036,27176 | 74.14    | 27.42    |
| 2   | 40         | 10000000 | 625000    | 238096   | 1048576 | 32    | 16   | worker   | 12        | 16  | increase  | desc        | desc       | 256        | 8.95     | 82.7     | 6   | 1917,2042,2167,1916,2041,2166       | 73.75    | 824.02   |
| 2   | 40         | 10000000 | 625000    | 238096   | 1048576 | 32    | 16   | io_uring | 12        | 16  | increase  | desc        | desc       | 256        | 13.33    | 83.22    | 6   | 2667,2792,2917,2666,2791,2916       | 69.89    | 524.31   |
| 10  | 20         | 10000000 | 625000    | 476191   | 1       | 2     | 16   | worker   | 12        | 16  | increase  | desc        | desc       | 1024       | 26.59    | 96.3     | 6   | 13927,14052,14177,13926,14051,14176 | 69.71    | 262.17   |
| 4   | 40         | 10000000 | 625000    | 238096   | 1048576 | 32    | 16   | worker   | 12        | 16  | decrease  | desc        | desc       | 256        | 11.68    | 81.11    | 6   | 4917,5042,5167,4916,5041,5166       | 69.43    | 594.43   |
| 1   | 40         | 10000000 | 625000    | 238096   | 1048576 | 32    | 16   | io_uring | 12        | 16  | increase  | asc         | asc        | 256        | 10.3     | 79.66    | 6   | 792,917,1042,791,916,1041           | 69.36    | 673.4    |
| 11  | 20         | 10000000 | 625000    | 476191   | 1       | 2     | 16   | io_uring | 12        | 16  | decrease  | asc         | asc        | 1024       | 25.74    | 94.53    | 6   | 15802,15927,16052,15801,15926,16051 | 68.79    | 267.25   |
| 12  | 20         | 10000000 | 625000    | 476191   | 1       | 2     | 16   | worker   | 12        | 16  | decrease  | desc        | desc       | 440536     | 1687.39  | 1755.97  | 6   | 16987,17112,17237,16986,17111,17236 | 68.58    | 4.06     |
| 10  | 20         | 10000000 | 625000    | 476191   | 1       | 2     | 16   | io_uring | 12        | 16  | increase  | desc        | desc       | 1024       | 26.39    | 94.79    | 6   | 14677,14802,14927,14676,14801,14926 | 68.4     | 259.19   |
| 6   | 60         | 10000000 | 625000    | 156250   | 1       | 128   | 16   | worker   | 12        | 16  | increase  | desc        | desc       | 503036     | 15153.46 | 15220.91 | 6   | 7992,8117,8242,7991,8116,8241       | 67.45    | 0.45     |
| 11  | 20         | 10000000 | 625000    | 476191   | 1       | 2     | 16   | worker   | 12        | 16  | decrease  | asc         | asc        | 1024       | 27.57    | 94.93    | 6   | 15052,15177,15302,15051,15176,15301 | 67.36    | 244.32   |
| 1   | 40         | 10000000 | 625000    | 238096   | 1048576 | 32    | 16   | worker   | 12        | 16  | increase  | asc         | asc        | 256        | 10.99    | 78.26    | 6   | 42,167,292,41,166,291               | 67.27    | 612.1    |
| 3   | 40         | 10000000 | 625000    | 238096   | 1048576 | 32    | 16   | io_uring | 12        | 16  | decrease  | asc         | asc        | 256        | 12.35    | 79.16    | 6   | 3792,3917,4042,3791,3916,4041       | 66.81    | 540.97   |
| 13  | 60         | 10000000 | 5000000   | 156250   | 4096    | 32    | 2    | io_uring | 12        | 16  | increase  | asc         | desc       | 32768      | 89.62    | 156.41   | 6   | 19337,19477,19617,19336,19476,19616 | 66.79    | 74.53    |
| 16  | 60         | 10000000 | 5000000   | 156250   | 4096    | 32    | 2    | worker   | 12        | 16  | decrease  | desc        | asc        | 32768      | 91.17    | 157.41   | 6   | 23117,23257,23397,23116,23256,23396 | 66.24    | 72.66    |
| 16  | 60         | 10000000 | 5000000   | 156250   | 4096    | 32    | 2    | io_uring | 12        | 16  | decrease  | desc        | asc        | 32768      | 92.06    | 157.76   | 6   | 23957,24097,24237,23956,24096,24236 | 65.7     | 71.37    |
| 3   | 40         | 10000000 | 625000    | 238096   | 1048576 | 32    | 16   | worker   | 12        | 16  | decrease  | asc         | asc        | 256        | 13.18    | 78.52    | 6   | 3042,3167,3292,3041,3166,3291       | 65.34    | 495.75   |
| 11  | 20         | 10000000 | 625000    | 476191   | 1       | 2     | 16   | worker   | 12        | 16  | decrease  | asc         | desc       | 128036     | 1424.38  | 1489.57  | 6   | 15462,15587,15712,15461,15586,15711 | 65.19    | 4.58     |
| 11  | 20         | 10000000 | 625000    | 476191   | 1       | 2     | 16   | worker   | 12        | 16  | decrease  | asc         | desc       | 65536      | 721.34   | 783.9    | 6   | 15457,15582,15707,15456,15581,15706 | 62.56    | 8.67     |
| 15  | 60         | 10000000 | 5000000   | 156250   | 4096    | 32    | 2    | io_uring | 12        | 16  | decrease  | asc         | asc        | 32768      | 72.27    | 131.52   | 6   | 22277,22417,22557,22276,22416,22556 | 59.25    | 81.98    |
| 15  | 60         | 10000000 | 5000000   | 156250   | 4096    | 32    | 2    | worker   | 12        | 16  | decrease  | asc         | asc        | 32768      | 73.4     | 131.21   | 6   | 21437,21577,21717,21436,21576,21716 | 57.81    | 78.76    |
| 14  | 60         | 10000000 | 5000000   | 156250   | 4096    | 32    | 2    | worker   | 12        | 16  | increase  | desc        | desc       | 32768      | 75.69    | 130.15   | 6   | 20177,20317,20457,20176,20316,20456 | 54.46    | 71.95    |
| 14  | 60         | 10000000 | 5000000   | 156250   | 4096    | 32    | 2    | worker   | 12        | 16  | increase  | desc        | desc       | 65536      | 189.05   | 243.28   | 6   | 20182,20322,20462,20181,20321,20461 | 54.23    | 28.69    |
| 16  | 60         | 10000000 | 5000000   | 156250   | 4096    | 32    | 2    | io_uring | 12        | 16  | decrease  | desc        | asc        | 16384      | 33.53    | 86.97    | 6   | 23952,24092,24232,23951,24091,24231 | 53.44    | 159.38   |
| 12  | 20         | 10000000 | 625000    | 476191   | 1       | 2     | 16   | worker   | 12        | 16  | decrease  | desc        | desc       | 378036     | 1477.81  | 1530.85  | 6   | 16982,17107,17232,16981,17106,17231 | 53.04    | 3.59     |
| 9   | 20         | 10000000 | 625000    | 476191   | 1       | 2     | 16   | worker   | 12        | 16  | increase  | asc         | asc        | 565536     | 2189.58  | 2239.78  | 6   | 12122,12247,12372,12121,12246,12371 | 50.2     | 2.29     |
| 10  | 20         | 10000000 | 625000    | 476191   | 1       | 2     | 16   | worker   | 12        | 16  | increase  | desc        | asc        | 65536      | 731.83   | 781.83   | 6   | 13582,13707,13832,13581,13706,13831 | 50.0     | 6.83     |
| 1   | 40         | 10000000 | 625000    | 238096   | 1048576 | 32    | 16   | io_uring | 12        | 16  | increase  | asc         | desc       | 256        | 9.53     | 59.32    | 6   | 1167,1292,1417,1166,1291,1416       | 49.79    | 522.46   |
| 12  | 20         | 10000000 | 625000    | 476191   | 1       | 2     | 16   | io_uring | 12        | 16  | decrease  | desc        | desc       | 315536     | 1218.52  | 1267.12  | 6   | 17727,17852,17977,17726,17851,17976 | 48.6     | 3.99     |
| 4   | 40         | 10000000 | 625000    | 238096   | 1048576 | 32    | 16   | io_uring | 12        | 16  | decrease  | desc        | asc        | 256        | 11.82    | 60.03    | 6   | 5292,5417,5542,5291,5416,5541       | 48.21    | 407.87   |
| 1   | 40         | 10000000 | 625000    | 238096   | 1048576 | 32    | 16   | worker   | 12        | 16  | increase  | asc         | desc       | 256        | 9.99     | 57.94    | 6   | 417,542,667,416,541,666             | 47.95    | 479.98   |
| 2   | 40         | 10000000 | 625000    | 238096   | 1048576 | 32    | 16   | worker   | 12        | 16  | increase  | desc        | asc        | 256        | 11.1     | 59.0     | 6   | 1542,1667,1792,1541,1666,1791       | 47.9     | 431.53   |
| 3   | 40         | 10000000 | 625000    | 238096   | 1048576 | 32    | 16   | worker   | 12        | 16  | decrease  | asc         | desc       | 256        | 12.91    | 60.68    | 6   | 3417,3542,3667,3416,3541,3666       | 47.77    | 370.02   |
| 4   | 40         | 10000000 | 625000    | 238096   | 1048576 | 32    | 16   | worker   | 12        | 16  | decrease  | desc        | asc        | 256        | 11.17    | 58.7     | 6   | 4542,4667,4792,4541,4666,4791       | 47.53    | 425.51   |
| 2   | 40         | 10000000 | 625000    | 238096   | 1048576 | 32    | 16   | io_uring | 12        | 16  | increase  | desc        | asc        | 256        | 13.43    | 60.35    | 6   | 2292,2417,2542,2291,2416,2541       | 46.92    | 349.37   |
| 17  | 20         | 10000000 | 5000000   | 476191   | 1024    | 512   | 2    | io_uring | 12        | 16  | increase  | asc         | desc       | 16384      | 150.61   | 197.04   | 6   | 26052,26192,26332,26051,26191,26331 | 46.43    | 30.83    |
| 3   | 40         | 10000000 | 625000    | 238096   | 1048576 | 32    | 16   | io_uring | 12        | 16  | decrease  | asc         | desc       | 256        | 14.01    | 60.38    | 6   | 4167,4292,4417,4166,4291,4416       | 46.37    | 330.98   |
| 20  | 20         | 10000000 | 5000000   | 476191   | 1024    | 512   | 2    | io_uring | 12        | 16  | decrease  | desc        | asc        | 8192       | 56.73    | 102.99   | 6   | 30667,30807,30947,30666,30806,30946 | 46.26    | 81.54    |
| 17  | 20         | 10000000 | 5000000   | 476191   | 1024    | 512   | 2    | io_uring | 12        | 16  | increase  | asc         | desc       | 4024288    | 44074.63 | 44119.98 | 6   | 26112,26252,26392,26111,26251,26391 | 45.35    | 0.1      |
| 14  | 60         | 10000000 | 5000000   | 156250   | 4096    | 32    | 2    | worker   | 12        | 16  | increase  | desc        | desc       | 16384      | 27.5     | 71.62    | 6   | 20172,20312,20452,20171,20311,20451 | 44.12    | 160.44   |
| 19  | 20         | 10000000 | 5000000   | 476191   | 1024    | 512   | 2    | io_uring | 12        | 16  | decrease  | asc         | asc        | 8192       | 54.32    | 97.54    | 6   | 28987,29127,29267,28986,29126,29266 | 43.22    | 79.57    |
| 19  | 20         | 10000000 | 5000000   | 476191   | 1024    | 512   | 2    | io_uring | 12        | 16  | decrease  | asc         | asc        | 16384      | 138.98   | 181.72   | 6   | 28992,29132,29272,28991,29131,29271 | 42.74    | 30.75    |
| 12  | 20         | 10000000 | 625000    | 476191   | 1       | 2     | 16   | worker   | 12        | 16  | decrease  | desc        | desc       | 565536     | 2172.32  | 2214.11  | 6   | 16997,17122,17247,16996,17121,17246 | 41.79    | 1.92     |
| 12  | 20         | 10000000 | 625000    | 476191   | 1       | 2     | 16   | io_uring | 12        | 16  | decrease  | desc        | desc       | 503036     | 1924.48  | 1966.13  | 6   | 17742,17867,17992,17741,17866,17991 | 41.65    | 2.16     |
| 14  | 60         | 10000000 | 5000000   | 156250   | 4096    | 32    | 2    | io_uring | 12        | 16  | increase  | desc        | desc       | 16384      | 32.22    | 73.42    | 6   | 21012,21152,21292,21011,21151,21291 | 41.2     | 127.87   |
| 17  | 20         | 10000000 | 5000000   | 476191   | 1024    | 512   | 2    | io_uring | 12        | 16  | increase  | asc         | desc       | 1024288    | 11406.19 | 11446.63 | 6   | 26082,26222,26362,26081,26221,26361 | 40.44    | 0.35     |
| 12  | 20         | 10000000 | 625000    | 476191   | 1       | 2     | 16   | io_uring | 12        | 16  | decrease  | desc        | asc        | 512        | 10.99    | 49.96    | 6   | 17297,17422,17547,17296,17421,17546 | 38.97    | 354.6    |
| 12  | 20         | 10000000 | 625000    | 476191   | 1       | 2     | 16   | io_uring | 12        | 16  | decrease  | desc        | desc       | 565536     | 2155.06  | 2193.86  | 6   | 17747,17872,17997,17746,17871,17996 | 38.8     | 1.8      |
| 12  | 20         | 10000000 | 625000    | 476191   | 1       | 2     | 16   | worker   | 12        | 16  | decrease  | desc        | asc        | 512        | 11.15    | 49.6     | 6   | 16547,16672,16797,16546,16671,16796 | 38.45    | 344.84   |
| 9   | 20         | 10000000 | 625000    | 476191   | 1       | 2     | 16   | io_uring | 12        | 16  | increase  | asc         | desc       | 512        | 11.46    | 49.91    | 6   | 13172,13297,13422,13171,13296,13421 | 38.45    | 335.51   |
| 9   | 20         | 10000000 | 625000    | 476191   | 1       | 2     | 16   | worker   | 12        | 16  | increase  | asc         | desc       | 512        | 11.47    | 49.89    | 6   | 12422,12547,12672,12421,12546,12671 | 38.42    | 334.96   |
| 19  | 20         | 10000000 | 5000000   | 476191   | 1024    | 512   | 2    | worker   | 12        | 16  | decrease  | asc         | asc        | 16384      | 141.55   | 179.88   | 6   | 28152,28292,28432,28151,28291,28431 | 38.33    | 27.08    |
| 9   | 20         | 10000000 | 625000    | 476191   | 1       | 2     | 16   | io_uring | 12        | 16  | increase  | asc         | asc        | 440536     | 1672.97  | 1709.23  | 6   | 12862,12987,13112,12861,12986,13111 | 36.26    | 2.17     |
| 13  | 60         | 10000000 | 5000000   | 156250   | 4096    | 32    | 2    | worker   | 12        | 16  | increase  | asc         | desc       | 16384      | 50.53    | 85.96    | 6   | 18492,18632,18772,18491,18631,18771 | 35.43    | 70.12    |
| 2   | 40         | 10000000 | 625000    | 238096   | 1048576 | 32    | 16   | worker   | 12        | 16  | increase  | desc        | desc       | 128        | 8.63     | 42.68    | 6   | 1912,2037,2162,1911,2036,2161       | 34.05    | 394.55   |
| 10  | 20         | 10000000 | 625000    | 476191   | 1       | 2     | 16   | io_uring | 12        | 16  | increase  | desc        | desc       | 512        | 15.21    | 49.16    | 6   | 14672,14797,14922,14671,14796,14921 | 33.95    | 223.21   |
| 7   | 60         | 10000000 | 625000    | 156250   | 1       | 128   | 16   | io_uring | 12        | 16  | decrease  | asc         | asc        | 315536     | 9613.73  | 9647.66  | 6   | 9852,9977,10102,9851,9976,10101     | 33.93    | 0.35     |
| 10  | 20         | 10000000 | 625000    | 476191   | 1       | 2     | 16   | worker   | 12        | 16  | increase  | desc        | desc       | 512        | 15.92    | 49.52    | 6   | 13922,14047,14172,13921,14046,14171 | 33.6     | 211.06   |
| 4   | 40         | 10000000 | 625000    | 238096   | 1048576 | 32    | 16   | worker   | 12        | 16  | decrease  | desc        | desc       | 128        | 9.39     | 42.96    | 6   | 4912,5037,5162,4911,5036,5161       | 33.57    | 357.51   |
| 1   | 40         | 10000000 | 625000    | 238096   | 1048576 | 32    | 16   | io_uring | 12        | 16  | increase  | asc         | asc        | 128        | 8.31     | 41.71    | 6   | 787,912,1037,786,911,1036           | 33.4     | 401.93   |
| 16  | 60         | 10000000 | 5000000   | 156250   | 4096    | 32    | 2    | worker   | 12        | 16  | decrease  | desc        | asc        | 16384      | 50.92    | 84.17    | 6   | 23112,23252,23392,23111,23251,23391 | 33.25    | 65.3     |
| 2   | 40         | 10000000 | 625000    | 238096   | 1048576 | 32    | 16   | io_uring | 12        | 16  | increase  | desc        | desc       | 128        | 9.73     | 42.84    | 6   | 2662,2787,2912,2661,2786,2911       | 33.11    | 340.29   |
| 11  | 20         | 10000000 | 625000    | 476191   | 1       | 2     | 16   | io_uring | 12        | 16  | decrease  | asc         | asc        | 512        | 15.87    | 48.62    | 6   | 15797,15922,16047,15796,15921,16046 | 32.75    | 206.36   |
| 11  | 20         | 10000000 | 625000    | 476191   | 1       | 2     | 16   | worker   | 12        | 16  | decrease  | asc         | asc        | 512        | 15.57    | 48.24    | 6   | 15047,15172,15297,15046,15171,15296 | 32.67    | 209.83   |
| 4   | 40         | 10000000 | 625000    | 238096   | 1048576 | 32    | 16   | io_uring | 12        | 16  | decrease  | desc        | desc       | 128        | 10.45    | 43.04    | 6   | 5662,5787,5912,5661,5786,5911       | 32.59    | 311.87   |
| 3   | 40         | 10000000 | 625000    | 238096   | 1048576 | 32    | 16   | io_uring | 12        | 16  | decrease  | asc         | asc        | 128        | 9.64     | 41.59    | 6   | 3787,3912,4037,3786,3911,4036       | 31.95    | 331.43   |
| 7   | 60         | 10000000 | 625000    | 156250   | 1       | 128   | 16   | worker   | 12        | 16  | decrease  | asc         | asc        | 253036     | 7653.9   | 7685.67  | 6   | 9097,9222,9347,9096,9221,9346       | 31.77    | 0.42     |
| 3   | 40         | 10000000 | 625000    | 238096   | 1048576 | 32    | 16   | worker   | 12        | 16  | decrease  | asc         | asc        | 128        | 9.34     | 40.39    | 6   | 3037,3162,3287,3036,3161,3286       | 31.05    | 332.44   |
| 1   | 40         | 10000000 | 625000    | 238096   | 1048576 | 32    | 16   | worker   | 12        | 16  | increase  | asc         | asc        | 128        | 9.82     | 39.38    | 6   | 37,162,287,36,161,286               | 29.56    | 301.02   |
| 8   | 60         | 10000000 | 625000    | 156250   | 1       | 128   | 16   | io_uring | 12        | 16  | decrease  | desc        | asc        | 253036     | 8952.95  | 8982.2   | 6   | 11347,11472,11597,11346,11471,11596 | 29.25    | 0.33     |
| 15  | 60         | 10000000 | 5000000   | 156250   | 4096    | 32    | 2    | io_uring | 12        | 16  | decrease  | asc         | asc        | 16384      | 44.58    | 73.09    | 6   | 22272,22412,22552,22271,22411,22551 | 28.51    | 63.95    |
| 5   | 60         | 10000000 | 625000    | 156250   | 1       | 128   | 16   | io_uring | 12        | 16  | increase  | asc         | desc       | 565536     | 19913.77 | 19941.63 | 6   | 7247,7372,7497,7246,7371,7496       | 27.86    | 0.14     |
| 20  | 20         | 10000000 | 5000000   | 476191   | 1024    | 512   | 2    | io_uring | 12        | 16  | decrease  | desc        | asc        | 4096       | 32.63    | 60.41    | 6   | 30662,30802,30942,30661,30801,30941 | 27.78    | 85.14    |
| 13  | 60         | 10000000 | 5000000   | 156250   | 4096    | 32    | 2    | io_uring | 12        | 16  | increase  | asc         | desc       | 8192       | 23.54    | 50.46    | 6   | 19327,19467,19607,19326,19466,19606 | 26.92    | 114.36   |
| 6   | 60         | 10000000 | 625000    | 156250   | 1       | 128   | 16   | worker   | 12        | 16  | increase  | desc        | asc        | 503036     | 4010.58  | 4037.38  | 6   | 7617,7742,7867,7616,7741,7866       | 26.8     | 0.67     |
| 8   | 60         | 10000000 | 625000    | 156250   | 1       | 128   | 16   | io_uring | 12        | 16  | decrease  | desc        | asc        | 378036     | 13355.75 | 13381.42 | 6   | 11357,11482,11607,11356,11481,11606 | 25.67    | 0.19     |
| 4   | 40         | 10000000 | 625000    | 238096   | 1048576 | 32    | 16   | worker   | 12        | 16  | decrease  | desc        | asc        | 128        | 7.52     | 30.86    | 6   | 4537,4662,4787,4536,4661,4786       | 23.34    | 310.37   |
| 9   | 20         | 10000000 | 625000    | 476191   | 1       | 2     | 16   | io_uring | 12        | 16  | increase  | asc         | asc        | 503036     | 1916.44  | 1939.77  | 6   | 12867,12992,13117,12866,12991,13116 | 23.33    | 1.22     |
| 4   | 40         | 10000000 | 625000    | 238096   | 1048576 | 32    | 16   | io_uring | 12        | 16  | decrease  | desc        | asc        | 128        | 9.09     | 32.01    | 6   | 5287,5412,5537,5286,5411,5536       | 22.92    | 252.15   |
| 1   | 40         | 10000000 | 625000    | 238096   | 1048576 | 32    | 16   | worker   | 12        | 16  | increase  | asc         | desc       | 128        | 6.98     | 29.46    | 6   | 412,537,662,411,536,661             | 22.48    | 322.06   |
| 2   | 40         | 10000000 | 625000    | 238096   | 1048576 | 32    | 16   | worker   | 12        | 16  | increase  | desc        | asc        | 128        | 8.13     | 30.49    | 6   | 1537,1662,1787,1536,1661,1786       | 22.36    | 275.03   |
| 3   | 40         | 10000000 | 625000    | 238096   | 1048576 | 32    | 16   | worker   | 12        | 16  | decrease  | asc         | desc       | 128        | 8.92     | 31.23    | 6   | 3412,3537,3662,3411,3536,3661       | 22.31    | 250.11   |
| 14  | 60         | 10000000 | 5000000   | 156250   | 4096    | 32    | 2    | io_uring | 12        | 16  | increase  | desc        | desc       | 8192       | 20.23    | 42.41    | 6   | 21007,21147,21287,21006,21146,21286 | 22.18    | 109.64   |
| 2   | 40         | 10000000 | 625000    | 238096   | 1048576 | 32    | 16   | io_uring | 12        | 16  | increase  | desc        | asc        | 128        | 8.68     | 30.78    | 6   | 2287,2412,2537,2286,2411,2536       | 22.1     | 254.61   |
| 3   | 40         | 10000000 | 625000    | 238096   | 1048576 | 32    | 16   | io_uring | 12        | 16  | decrease  | asc         | desc       | 128        | 9.54     | 31.37    | 6   | 4162,4287,4412,4161,4286,4411       | 21.83    | 228.83   |
| 15  | 60         | 10000000 | 5000000   | 156250   | 4096    | 32    | 2    | worker   | 12        | 16  | decrease  | asc         | asc        | 8192       | 20.4     | 42.21    | 6   | 21427,21567,21707,21426,21566,21706 | 21.81    | 106.91   |
| 18  | 20         | 10000000 | 5000000   | 476191   | 1024    | 512   | 2    | io_uring | 12        | 16  | increase  | desc        | desc       | 4096       | 32.9     | 54.69    | 6   | 27722,27862,28002,27721,27861,28001 | 21.79    | 66.23    |
| 1   | 40         | 10000000 | 625000    | 238096   | 1048576 | 32    | 16   | io_uring | 12        | 16  | increase  | asc         | desc       | 128        | 8.87     | 30.49    | 6   | 1162,1287,1412,1161,1286,1411       | 21.62    | 243.74   |
| 7   | 60         | 10000000 | 625000    | 156250   | 1       | 128   | 16   | io_uring | 12        | 16  | decrease  | asc         | desc       | 440536     | 3546.35  | 3567.57  | 6   | 10237,10362,10487,10236,10361,10486 | 21.22    | 0.6      |
| 16  | 60         | 10000000 | 5000000   | 156250   | 4096    | 32    | 2    | worker   | 12        | 16  | decrease  | desc        | asc        | 8192       | 30.68    | 51.81    | 6   | 23107,23247,23387,23106,23246,23386 | 21.13    | 68.87    |
| 12  | 20         | 10000000 | 625000    | 476191   | 1       | 2     | 16   | worker   | 12        | 16  | decrease  | desc        | desc       | 190536     | 720.17   | 741.24   | 6   | 16967,17092,17217,16966,17091,17216 | 21.07    | 2.93     |
| 18  | 20         | 10000000 | 5000000   | 476191   | 1024    | 512   | 2    | io_uring | 12        | 16  | increase  | desc        | desc       | 8192       | 74.56    | 95.62    | 6   | 27727,27867,28007,27726,27866,28006 | 21.06    | 28.25    |
| 9   | 20         | 10000000 | 625000    | 476191   | 1       | 2     | 16   | io_uring | 12        | 16  | increase  | asc         | asc        | 253036     | 985.71   | 1005.8   | 6   | 12847,12972,13097,12846,12971,13096 | 20.09    | 2.04     |
| 9   | 20         | 10000000 | 625000    | 476191   | 1       | 2     | 16   | worker   | 12        | 16  | increase  | asc         | asc        | 378036     | 1455.03  | 1475.08  | 6   | 12107,12232,12357,12106,12231,12356 | 20.05    | 1.38     |
| 9   | 20         | 10000000 | 625000    | 476191   | 1       | 2     | 16   | io_uring | 12        | 16  | increase  | asc         | asc        | 565536     | 2162.59  | 2182.23  | 6   | 12872,12997,13122,12871,12996,13121 | 19.64    | 0.91     |
| 9   | 20         | 10000000 | 625000    | 476191   | 1       | 2     | 16   | worker   | 12        | 16  | increase  | asc         | desc       | 256        | 6.11     | 25.65    | 6   | 12417,12542,12667,12416,12541,12666 | 19.54    | 319.8    |
| 12  | 20         | 10000000 | 625000    | 476191   | 1       | 2     | 16   | worker   | 12        | 16  | decrease  | desc        | asc        | 256        | 6.34     | 25.6     | 6   | 16542,16667,16792,16541,16666,16791 | 19.26    | 303.79   |
| 6   | 60         | 10000000 | 625000    | 156250   | 1       | 128   | 16   | io_uring | 12        | 16  | increase  | desc        | desc       | 440536     | 13362.52 | 13381.43 | 6   | 8737,8862,8987,8736,8861,8986       | 18.91    | 0.14     |
| 16  | 60         | 10000000 | 5000000   | 156250   | 4096    | 32    | 2    | io_uring | 12        | 16  | decrease  | desc        | asc        | 8192       | 32.65    | 51.49    | 6   | 23947,24087,24227,23946,24086,24226 | 18.84    | 57.7     |
| 12  | 20         | 10000000 | 625000    | 476191   | 1       | 2     | 16   | io_uring | 12        | 16  | decrease  | desc        | asc        | 256        | 6.64     | 25.32    | 6   | 17292,17417,17542,17291,17416,17541 | 18.68    | 281.33   |
| 9   | 20         | 10000000 | 625000    | 476191   | 1       | 2     | 16   | io_uring | 12        | 16  | increase  | asc         | desc       | 256        | 6.73     | 25.3     | 6   | 13167,13292,13417,13166,13291,13416 | 18.57    | 275.93   |
| 13  | 60         | 10000000 | 5000000   | 156250   | 4096    | 32    | 2    | io_uring | 12        | 16  | increase  | asc         | desc       | 4096       | 15.81    | 34.31    | 6   | 19322,19462,19602,19321,19461,19601 | 18.5     | 117.01   |
| 20  | 20         | 10000000 | 5000000   | 476191   | 1024    | 512   | 2    | worker   | 12        | 16  | decrease  | desc        | asc        | 8192       | 82.45    | 100.47   | 6   | 29827,29967,30107,29826,29966,30106 | 18.02    | 21.86    |
| 7   | 60         | 10000000 | 625000    | 156250   | 1       | 128   | 16   | io_uring | 12        | 16  | decrease  | asc         | asc        | 190536     | 5826.27  | 5843.97  | 6   | 9842,9967,10092,9841,9966,10091     | 17.7     | 0.3      |
| 12  | 20         | 10000000 | 625000    | 476191   | 1       | 2     | 16   | worker   | 12        | 16  | decrease  | desc        | desc       | 315536     | 1216.32  | 1233.94  | 6   | 16977,17102,17227,16976,17101,17226 | 17.62    | 1.45     |
| 12  | 20         | 10000000 | 625000    | 476191   | 1       | 2     | 16   | io_uring | 12        | 16  | decrease  | desc        | desc       | 253036     | 996.89   | 1013.93  | 6   | 17722,17847,17972,17721,17846,17971 | 17.04    | 1.71     |
| 16  | 60         | 10000000 | 5000000   | 156250   | 4096    | 32    | 2    | worker   | 12        | 16  | decrease  | desc        | asc        | 4096       | 15.23    | 32.19    | 6   | 23102,23242,23382,23101,23241,23381 | 16.96    | 111.36   |
| 7   | 60         | 10000000 | 625000    | 156250   | 1       | 128   | 16   | io_uring | 12        | 16  | decrease  | asc         | asc        | 128036     | 3920.58  | 3937.23  | 6   | 9837,9962,10087,9836,9961,10086     | 16.65    | 0.42     |
| 9   | 20         | 10000000 | 625000    | 476191   | 1       | 2     | 16   | io_uring | 12        | 16  | increase  | asc         | asc        | 190536     | 728.33   | 744.66   | 6   | 12842,12967,13092,12841,12966,13091 | 16.33    | 2.24     |
| 6   | 60         | 10000000 | 625000    | 156250   | 1       | 128   | 16   | worker   | 12        | 16  | increase  | desc        | desc       | 253036     | 7661.92  | 7678.15  | 6   | 7972,8097,8222,7971,8096,8221       | 16.23    | 0.21     |
| 10  | 20         | 10000000 | 625000    | 476191   | 1       | 2     | 16   | worker   | 12        | 16  | increase  | desc        | asc        | 32768      | 371.34   | 387.47   | 6   | 13577,13702,13827,13576,13701,13826 | 16.13    | 4.34     |
| 10  | 20         | 10000000 | 625000    | 476191   | 1       | 2     | 16   | worker   | 12        | 16  | increase  | desc        | desc       | 256        | 8.96     | 24.81    | 6   | 13917,14042,14167,13916,14041,14166 | 15.85    | 176.9    |
| 10  | 20         | 10000000 | 625000    | 476191   | 1       | 2     | 16   | io_uring | 12        | 16  | increase  | desc        | desc       | 256        | 9.6      | 25.22    | 6   | 14667,14792,14917,14666,14791,14916 | 15.62    | 162.71   |
| 11  | 20         | 10000000 | 625000    | 476191   | 1       | 2     | 16   | worker   | 12        | 16  | decrease  | asc         | asc        | 256        | 9.31     | 24.92    | 6   | 15042,15167,15292,15041,15166,15291 | 15.61    | 167.67   |
| 11  | 20         | 10000000 | 625000    | 476191   | 1       | 2     | 16   | io_uring | 12        | 16  | decrease  | asc         | asc        | 256        | 9.52     | 25.08    | 6   | 15792,15917,16042,15791,15916,16041 | 15.56    | 163.45   |
| 12  | 20         | 10000000 | 625000    | 476191   | 1       | 2     | 16   | io_uring | 12        | 16  | decrease  | desc        | desc       | 440536     | 1697.62  | 1713.13  | 6   | 17737,17862,17987,17736,17861,17986 | 15.51    | 0.91     |
| 19  | 20         | 10000000 | 5000000   | 476191   | 1024    | 512   | 2    | io_uring | 12        | 16  | decrease  | asc         | desc       | 2024288    | 3147.14  | 3162.65  | 6   | 29452,29592,29732,29451,29591,29731 | 15.51    | 0.49     |
| 2   | 40         | 10000000 | 625000    | 238096   | 1048576 | 32    | 16   | worker   | 12        | 16  | increase  | desc        | desc       | 64         | 7.74     | 22.92    | 6   | 1907,2032,2157,1906,2031,2156       | 15.18    | 196.12   |
| 1   | 40         | 10000000 | 625000    | 238096   | 1048576 | 32    | 16   | io_uring | 12        | 16  | increase  | asc         | asc        | 64         | 6.38     | 21.54    | 6   | 782,907,1032,781,906,1031           | 15.16    | 237.62   |
| 15  | 60         | 10000000 | 5000000   | 156250   | 4096    | 32    | 2    | io_uring | 12        | 16  | decrease  | asc         | asc        | 8192       | 27.48    | 42.54    | 6   | 22267,22407,22547,22266,22406,22546 | 15.06    | 54.8     |
| 17  | 20         | 10000000 | 5000000   | 476191   | 1024    | 512   | 2    | io_uring | 12        | 16  | increase  | asc         | asc        | 4524288    | 2442.1   | 2457.05  | 6   | 25697,25837,25977,25696,25836,25976 | 14.95    | 0.61     |
| 6   | 60         | 10000000 | 625000    | 156250   | 1       | 128   | 16   | io_uring | 12        | 16  | increase  | desc        | desc       | 190536     | 5808.89  | 5823.01  | 6   | 8717,8842,8967,8716,8841,8966       | 14.12    | 0.24     |
| 2   | 40         | 10000000 | 625000    | 238096   | 1048576 | 32    | 16   | io_uring | 12        | 16  | increase  | desc        | desc       | 64         | 8.23     | 22.2     | 6   | 2657,2782,2907,2656,2781,2906       | 13.97    | 169.74   |
| 1   | 40         | 10000000 | 625000    | 238096   | 1048576 | 32    | 16   | worker   | 12        | 16  | increase  | asc         | asc        | 64         | 6.08     | 19.53    | 6   | 32,157,282,31,156,281               | 13.45    | 221.22   |
| 15  | 60         | 10000000 | 5000000   | 156250   | 4096    | 32    | 2    | worker   | 12        | 16  | decrease  | asc         | asc        | 16384      | 57.74    | 70.96    | 6   | 21432,21572,21712,21431,21571,21711 | 13.22    | 22.9     |
| 11  | 20         | 10000000 | 625000    | 476191   | 1       | 2     | 16   | worker   | 12        | 16  | decrease  | asc         | desc       | 32768      | 371.09   | 384.04   | 6   | 15452,15577,15702,15451,15576,15701 | 12.95    | 3.49     |
| 8   | 60         | 10000000 | 625000    | 156250   | 1       | 128   | 16   | io_uring | 12        | 16  | decrease  | desc        | desc       | 378036     | 615.25   | 628.14   | 6   | 11732,11857,11982,11731,11856,11981 | 12.89    | 2.1      |
| 3   | 40         | 10000000 | 625000    | 238096   | 1048576 | 32    | 16   | worker   | 12        | 16  | decrease  | asc         | asc        | 64         | 8.19     | 20.87    | 6   | 3032,3157,3282,3031,3156,3281       | 12.68    | 154.82   |
| 4   | 40         | 10000000 | 625000    | 238096   | 1048576 | 32    | 16   | worker   | 12        | 16  | decrease  | desc        | desc       | 64         | 8.57     | 21.07    | 6   | 4907,5032,5157,4906,5031,5156       | 12.5     | 145.86   |
| 9   | 20         | 10000000 | 625000    | 476191   | 1       | 2     | 16   | worker   | 12        | 16  | increase  | asc         | asc        | 128036     | 492.38   | 504.83   | 6   | 12087,12212,12337,12086,12211,12336 | 12.45    | 2.53     |
| 14  | 60         | 10000000 | 5000000   | 156250   | 4096    | 32    | 2    | worker   | 12        | 16  | increase  | desc        | desc       | 8192       | 29.3     | 41.72    | 6   | 20167,20307,20447,20166,20306,20446 | 12.42    | 42.39    |
| 9   | 20         | 10000000 | 625000    | 476191   | 1       | 2     | 16   | worker   | 12        | 16  | increase  | asc         | asc        | 315536     | 1232.56  | 1244.78  | 6   | 12102,12227,12352,12101,12226,12351 | 12.22    | 0.99     |
| 20  | 20         | 10000000 | 5000000   | 476191   | 1024    | 512   | 2    | worker   | 12        | 16  | decrease  | desc        | asc        | 2048       | 24.82    | 36.91    | 6   | 29817,29957,30097,29816,29956,30096 | 12.09    | 48.71    |
| 4   | 40         | 10000000 | 625000    | 238096   | 1048576 | 32    | 16   | io_uring | 12        | 16  | decrease  | desc        | desc       | 64         | 10.29    | 22.16    | 6   | 5657,5782,5907,5656,5781,5906       | 11.87    | 115.35   |
| 9   | 20         | 10000000 | 625000    | 476191   | 1       | 2     | 16   | worker   | 12        | 16  | increase  | asc         | asc        | 190536     | 732.96   | 744.78   | 6   | 12092,12217,12342,12091,12216,12341 | 11.82    | 1.61     |
| 12  | 20         | 10000000 | 625000    | 476191   | 1       | 2     | 16   | worker   | 12        | 16  | decrease  | desc        | desc       | 503036     | 1996.31  | 2008.12  | 6   | 16992,17117,17242,16991,17116,17241 | 11.81    | 0.59     |
| 4   | 40         | 10000000 | 625000    | 238096   | 1048576 | 32    | 16   | io_uring | 12        | 16  | decrease  | desc        | asc        | 64         | 5.41     | 17.19    | 6   | 5282,5407,5532,5281,5406,5531       | 11.78    | 217.74   |
| 3   | 40         | 10000000 | 625000    | 238096   | 1048576 | 32    | 16   | io_uring | 12        | 16  | decrease  | asc         | asc        | 64         | 9.67     | 21.43    | 6   | 3782,3907,4032,3781,3906,4031       | 11.76    | 121.61   |
| 5   | 60         | 10000000 | 625000    | 156250   | 1       | 128   | 16   | worker   | 12        | 16  | increase  | asc         | asc        | 253036     | 417.67   | 429.3    | 6   | 6097,6222,6347,6096,6221,6346       | 11.63    | 2.78     |
| 3   | 40         | 10000000 | 625000    | 238096   | 1048576 | 32    | 16   | worker   | 12        | 16  | decrease  | asc         | desc       | 64         | 5.62     | 16.92    | 6   | 3407,3532,3657,3406,3531,3656       | 11.3     | 201.07   |
| 13  | 60         | 10000000 | 5000000   | 156250   | 4096    | 32    | 2    | io_uring | 12        | 16  | increase  | asc         | desc       | 16384      | 70.87    | 82.17    | 6   | 19332,19472,19612,19331,19471,19611 | 11.3     | 15.94    |
| 5   | 60         | 10000000 | 625000    | 156250   | 1       | 128   | 16   | io_uring | 12        | 16  | increase  | asc         | desc       | 190536     | 6743.41  | 6754.43  | 6   | 7217,7342,7467,7216,7341,7466       | 11.02    | 0.16     |
| 2   | 40         | 10000000 | 625000    | 238096   | 1048576 | 32    | 16   | io_uring | 12        | 16  | increase  | desc        | asc        | 64         | 7.0      | 17.52    | 6   | 2282,2407,2532,2281,2406,2531       | 10.52    | 150.29   |
| 2   | 40         | 10000000 | 625000    | 238096   | 1048576 | 32    | 16   | worker   | 12        | 16  | increase  | desc        | asc        | 64         | 5.91     | 16.09    | 6   | 1532,1657,1782,1531,1656,1781       | 10.18    | 172.25   |
| 15  | 60         | 10000000 | 5000000   | 156250   | 4096    | 32    | 2    | io_uring | 12        | 16  | decrease  | asc         | asc        | 4096       | 16.75    | 26.85    | 6   | 22262,22402,22542,22261,22401,22541 | 10.1     | 60.3     |
| 1   | 40         | 10000000 | 625000    | 238096   | 1048576 | 32    | 16   | io_uring | 12        | 16  | increase  | asc         | desc       | 64         | 5.35     | 15.33    | 6   | 1157,1282,1407,1156,1281,1406       | 9.98     | 186.54   |
| 1   | 40         | 10000000 | 625000    | 238096   | 1048576 | 32    | 16   | worker   | 12        | 16  | increase  | asc         | desc       | 64         | 5.34     | 15.21    | 6   | 407,532,657,406,531,656             | 9.87     | 184.83   |
| 8   | 60         | 10000000 | 625000    | 156250   | 1       | 128   | 16   | io_uring | 12        | 16  | decrease  | desc        | asc        | 190536     | 6736.2   | 6745.99  | 6   | 11342,11467,11592,11341,11466,11591 | 9.79     | 0.15     |
| 17  | 20         | 10000000 | 5000000   | 476191   | 1024    | 512   | 2    | io_uring | 12        | 16  | increase  | asc         | desc       | 4096       | 47.77    | 57.51    | 6   | 26042,26182,26322,26041,26181,26321 | 9.74     | 20.39    |
| 9   | 20         | 10000000 | 625000    | 476191   | 1       | 2     | 16   | worker   | 12        | 16  | increase  | asc         | asc        | 440536     | 1680.49  | 1690.02  | 6   | 12112,12237,12362,12111,12236,12361 | 9.53     | 0.57     |
| 3   | 40         | 10000000 | 625000    | 238096   | 1048576 | 32    | 16   | io_uring | 12        | 16  | decrease  | asc         | desc       | 64         | 7.58     | 16.98    | 6   | 4157,4282,4407,4156,4281,4406       | 9.4      | 124.01   |
| 14  | 60         | 10000000 | 5000000   | 156250   | 4096    | 32    | 2    | io_uring | 12        | 16  | increase  | desc        | desc       | 4096       | 17.18    | 26.57    | 6   | 21002,21142,21282,21001,21141,21281 | 9.39     | 54.66    |
| 4   | 40         | 10000000 | 625000    | 238096   | 1048576 | 32    | 16   | worker   | 12        | 16  | decrease  | desc        | asc        | 64         | 6.56     | 15.8     | 6   | 4532,4657,4782,4531,4656,4781       | 9.24     | 140.85   |
| 16  | 60         | 10000000 | 5000000   | 156250   | 4096    | 32    | 2    | io_uring | 12        | 16  | decrease  | desc        | asc        | 2048       | 14.04    | 23.1     | 6   | 23937,24077,24217,23936,24076,24216 | 9.06     | 64.53    |
| 9   | 20         | 10000000 | 625000    | 476191   | 1       | 2     | 16   | io_uring | 12        | 16  | increase  | asc         | desc       | 128        | 4.05     | 13.05    | 6   | 13162,13287,13412,13161,13286,13411 | 9.0      | 222.22   |
| 5   | 60         | 10000000 | 625000    | 156250   | 1       | 128   | 16   | io_uring | 12        | 16  | increase  | asc         | asc        | 315536     | 515.96   | 524.81   | 6   | 6852,6977,7102,6851,6976,7101       | 8.85     | 1.72     |
| 12  | 20         | 10000000 | 625000    | 476191   | 1       | 2     | 16   | io_uring | 12        | 16  | decrease  | desc        | asc        | 128        | 4.37     | 13.17    | 6   | 17287,17412,17537,17286,17411,17536 | 8.8      | 201.37   |
| 9   | 20         | 10000000 | 625000    | 476191   | 1       | 2     | 16   | io_uring | 12        | 16  | increase  | asc         | asc        | 378036     | 1452.1   | 1460.83  | 6   | 12857,12982,13107,12856,12981,13106 | 8.73     | 0.6      |
| 20  | 20         | 10000000 | 5000000   | 476191   | 1024    | 512   | 2    | worker   | 12        | 16  | decrease  | desc        | asc        | 4096       | 49.36    | 58.04    | 6   | 29822,29962,30102,29821,29961,30101 | 8.68     | 17.59    |
| 15  | 60         | 10000000 | 5000000   | 156250   | 4096    | 32    | 2    | worker   | 12        | 16  | decrease  | asc         | asc        | 4096       | 20.57    | 29.21    | 6   | 21422,21562,21702,21421,21561,21701 | 8.64     | 42.0     |
| 6   | 60         | 10000000 | 625000    | 156250   | 1       | 128   | 16   | io_uring | 12        | 16  | increase  | desc        | asc        | 32768      | 272.54   | 281.05   | 6   | 8327,8452,8577,8326,8451,8576       | 8.51     | 3.12     |
| 18  | 20         | 10000000 | 5000000   | 476191   | 1024    | 512   | 2    | worker   | 12        | 16  | increase  | desc        | desc       | 4096       | 45.52    | 53.9     | 6   | 26882,27022,27162,26881,27021,27161 | 8.38     | 18.41    |
| 9   | 20         | 10000000 | 625000    | 476191   | 1       | 2     | 16   | worker   | 12        | 16  | increase  | asc         | desc       | 128        | 4.68     | 13.03    | 6   | 12412,12537,12662,12411,12536,12661 | 8.35     | 178.42   |
| 12  | 20         | 10000000 | 625000    | 476191   | 1       | 2     | 16   | worker   | 12        | 16  | decrease  | desc        | asc        | 128        | 4.44     | 12.69    | 6   | 16537,16662,16787,16536,16661,16786 | 8.25     | 185.81   |
| 17  | 20         | 10000000 | 5000000   | 476191   | 1024    | 512   | 2    | worker   | 12        | 16  | increase  | asc         | desc       | 4096       | 49.48    | 57.7     | 6   | 25202,25342,25482,25201,25341,25481 | 8.22     | 16.61    |
| 7   | 60         | 10000000 | 625000    | 156250   | 1       | 128   | 16   | io_uring | 12        | 16  | decrease  | asc         | asc        | 32768      | 1011.13  | 1018.95  | 6   | 9827,9952,10077,9826,9951,10076     | 7.82     | 0.77     |
| 17  | 20         | 10000000 | 5000000   | 476191   | 1024    | 512   | 2    | worker   | 12        | 16  | increase  | asc         | desc       | 2048       | 29.07    | 36.88    | 6   | 25197,25337,25477,25196,25336,25476 | 7.81     | 26.87    |
| 20  | 20         | 10000000 | 5000000   | 476191   | 1024    | 512   | 2    | worker   | 12        | 16  | decrease  | desc        | asc        | 262144     | 2833.36  | 2841.02  | 6   | 29852,29992,30132,29851,29991,30131 | 7.66     | 0.27     |
| 6   | 60         | 10000000 | 625000    | 156250   | 1       | 128   | 16   | worker   | 12        | 16  | increase  | desc        | desc       | 190536     | 5770.68  | 5778.24  | 6   | 7967,8092,8217,7966,8091,8216       | 7.56     | 0.13     |
| 17  | 20         | 10000000 | 5000000   | 476191   | 1024    | 512   | 2    | io_uring | 12        | 16  | increase  | asc         | desc       | 1024       | 18.15    | 25.51    | 6   | 26032,26172,26312,26031,26171,26311 | 7.36     | 40.55    |
| 12  | 20         | 10000000 | 625000    | 476191   | 1       | 2     | 16   | io_uring | 12        | 16  | decrease  | desc        | desc       | 65536      | 253.78   | 261.1    | 6   | 17707,17832,17957,17706,17831,17956 | 7.32     | 2.88     |
| 5   | 60         | 10000000 | 625000    | 156250   | 1       | 128   | 16   | worker   | 12        | 16  | increase  | asc         | desc       | 32768      | 1160.18  | 1167.4   | 6   | 6452,6577,6702,6451,6576,6701       | 7.22     | 0.62     |
| 11  | 20         | 10000000 | 625000    | 476191   | 1       | 2     | 16   | worker   | 12        | 16  | decrease  | asc         | asc        | 128        | 6.35     | 13.48    | 6   | 15037,15162,15287,15036,15161,15286 | 7.13     | 112.28   |
| 13  | 60         | 10000000 | 5000000   | 156250   | 4096    | 32    | 2    | io_uring | 12        | 16  | increase  | asc         | desc       | 1024       | 13.07    | 20.07    | 6   | 19312,19452,19592,19311,19451,19591 | 7.0      | 53.56    |
| 10  | 20         | 10000000 | 625000    | 476191   | 1       | 2     | 16   | io_uring | 12        | 16  | increase  | desc        | desc       | 128        | 6.68     | 13.53    | 6   | 14662,14787,14912,14661,14786,14911 | 6.85     | 102.54   |
| 10  | 20         | 10000000 | 625000    | 476191   | 1       | 2     | 16   | worker   | 12        | 16  | increase  | desc        | desc       | 128        | 6.4      | 13.24    | 6   | 13912,14037,14162,13911,14036,14161 | 6.84     | 106.87   |
| 4   | 40         | 10000000 | 625000    | 238096   | 1048576 | 32    | 16   | worker   | 12        | 16  | decrease  | desc        | desc       | 32         | 5.63     | 12.06    | 6   | 4902,5027,5152,4901,5026,5151       | 6.43     | 114.21   |
| 4   | 40         | 10000000 | 625000    | 238096   | 1048576 | 32    | 16   | io_uring | 12        | 16  | decrease  | desc        | desc       | 32         | 5.94     | 12.29    | 6   | 5652,5777,5902,5651,5776,5901       | 6.35     | 106.9    |
| 16  | 60         | 10000000 | 5000000   | 156250   | 4096    | 32    | 2    | worker   | 12        | 16  | decrease  | desc        | asc        | 256        | 8.37     | 14.62    | 6   | 23082,23222,23362,23081,23221,23361 | 6.25     | 74.67    |
| 16  | 60         | 10000000 | 5000000   | 156250   | 4096    | 32    | 2    | io_uring | 12        | 16  | decrease  | desc        | asc        | 128        | 4.88     | 11.09    | 6   | 23917,24057,24197,23916,24056,24196 | 6.21     | 127.25   |
| 18  | 20         | 10000000 | 5000000   | 476191   | 1024    | 512   | 2    | worker   | 12        | 16  | increase  | desc        | desc       | 512        | 12.43    | 18.49    | 6   | 26867,27007,27147,26866,27006,27146 | 6.06     | 48.75    |
| 11  | 20         | 10000000 | 625000    | 476191   | 1       | 2     | 16   | io_uring | 12        | 16  | decrease  | asc         | asc        | 128        | 7.39     | 13.43    | 6   | 15787,15912,16037,15786,15911,16036 | 6.04     | 81.73    |
| 13  | 60         | 10000000 | 5000000   | 156250   | 4096    | 32    | 2    | worker   | 12        | 16  | increase  | asc         | desc       | 2048       | 17.32    | 23.36    | 6   | 18477,18617,18757,18476,18616,18756 | 6.04     | 34.87    |
| 17  | 20         | 10000000 | 5000000   | 476191   | 1024    | 512   | 2    | io_uring | 12        | 16  | increase  | asc         | desc       | 2048       | 31.05    | 37.01    | 6   | 26037,26177,26317,26036,26176,26316 | 5.96     | 19.19    |
| 14  | 60         | 10000000 | 5000000   | 156250   | 4096    | 32    | 2    | worker   | 12        | 16  | increase  | desc        | desc       | 4096       | 19.68    | 25.55    | 6   | 20162,20302,20442,20161,20301,20441 | 5.87     | 29.83    |
| 20  | 20         | 10000000 | 5000000   | 476191   | 1024    | 512   | 2    | io_uring | 12        | 16  | decrease  | desc        | desc       | 256        | 10.2     | 16.04    | 6   | 31062,31202,31342,31061,31201,31341 | 5.84     | 57.25    |
| 6   | 60         | 10000000 | 625000    | 156250   | 1       | 128   | 16   | io_uring | 12        | 16  | increase  | desc        | desc       | 16384      | 506.16   | 511.92   | 6   | 8697,8822,8947,8696,8821,8946       | 5.76     | 1.14     |
| 18  | 20         | 10000000 | 5000000   | 476191   | 1024    | 512   | 2    | io_uring | 12        | 16  | increase  | desc        | desc       | 2048       | 26.9     | 32.47    | 6   | 27717,27857,27997,27716,27856,27996 | 5.57     | 20.71    |
| 3   | 40         | 10000000 | 625000    | 238096   | 1048576 | 32    | 16   | io_uring | 12        | 16  | decrease  | asc         | asc        | 32         | 6.42     | 11.98    | 6   | 3777,3902,4027,3776,3901,4026       | 5.56     | 86.6     |
| 19  | 20         | 10000000 | 5000000   | 476191   | 1024    | 512   | 2    | worker   | 12        | 16  | decrease  | asc         | asc        | 512        | 11.42    | 16.93    | 6   | 28127,28267,28407,28126,28266,28406 | 5.51     | 48.25    |
| 15  | 60         | 10000000 | 5000000   | 156250   | 4096    | 32    | 2    | io_uring | 12        | 16  | decrease  | asc         | desc       | 2048       | 13.46    | 18.91    | 6   | 22677,22817,22957,22676,22816,22956 | 5.45     | 40.49    |
| 13  | 60         | 10000000 | 5000000   | 156250   | 4096    | 32    | 2    | worker   | 12        | 16  | increase  | asc         | desc       | 8192       | 43.01    | 48.38    | 6   | 18487,18627,18767,18486,18626,18766 | 5.37     | 12.49    |
| 16  | 60         | 10000000 | 5000000   | 156250   | 4096    | 32    | 2    | io_uring | 12        | 16  | decrease  | desc        | asc        | 4096       | 27.15    | 32.51    | 6   | 23942,24082,24222,23941,24081,24221 | 5.36     | 19.74    |
| 3   | 40         | 10000000 | 625000    | 238096   | 1048576 | 32    | 16   | worker   | 12        | 16  | decrease  | asc         | asc        | 32         | 5.61     | 10.83    | 6   | 3027,3152,3277,3026,3151,3276       | 5.22     | 93.05    |
| 2   | 40         | 10000000 | 625000    | 238096   | 1048576 | 32    | 16   | worker   | 12        | 16  | increase  | desc        | asc        | 32         | 3.52     | 8.69     | 6   | 1527,1652,1777,1526,1651,1776       | 5.17     | 146.88   |
| 19  | 20         | 10000000 | 5000000   | 476191   | 1024    | 512   | 2    | worker   | 12        | 16  | decrease  | asc         | asc        | 1024       | 19.12    | 24.2     | 6   | 28132,28272,28412,28131,28271,28411 | 5.08     | 26.57    |
| 19  | 20         | 10000000 | 5000000   | 476191   | 1024    | 512   | 2    | worker   | 12        | 16  | decrease  | asc         | asc        | 4096       | 47.89    | 52.96    | 6   | 28142,28282,28422,28141,28281,28421 | 5.07     | 10.59    |
| 2   | 40         | 10000000 | 625000    | 238096   | 1048576 | 32    | 16   | io_uring | 12        | 16  | increase  | desc        | desc       | 32         | 7.17     | 12.21    | 6   | 2652,2777,2902,2651,2776,2901       | 5.04     | 70.29    |
| 11  | 20         | 10000000 | 625000    | 476191   | 1       | 2     | 16   | worker   | 12        | 16  | decrease  | asc         | desc       | 8192       | 100.76   | 105.72   | 6   | 15442,15567,15692,15441,15566,15691 | 4.96     | 4.92     |
| 19  | 20         | 10000000 | 5000000   | 476191   | 1024    | 512   | 2    | io_uring | 12        | 16  | decrease  | asc         | asc        | 1024       | 19.07    | 23.98    | 6   | 28972,29112,29252,28971,29111,29251 | 4.91     | 25.75    |
| 13  | 60         | 10000000 | 5000000   | 156250   | 4096    | 32    | 2    | worker   | 12        | 16  | increase  | asc         | desc       | 128        | 6.15     | 10.98    | 6   | 18457,18597,18737,18456,18596,18736 | 4.83     | 78.54    |
| 4   | 40         | 10000000 | 625000    | 238096   | 1048576 | 32    | 16   | worker   | 12        | 16  | decrease  | desc        | asc        | 32         | 3.95     | 8.75     | 6   | 4527,4652,4777,4526,4651,4776       | 4.8      | 121.52   |
| 5   | 60         | 10000000 | 625000    | 156250   | 1       | 128   | 16   | io_uring | 12        | 16  | increase  | asc         | desc       | 16384      | 583.48   | 588.28   | 6   | 7197,7322,7447,7196,7321,7446       | 4.8      | 0.82     |
| 14  | 60         | 10000000 | 5000000   | 156250   | 4096    | 32    | 2    | worker   | 12        | 16  | increase  | desc        | desc       | 2048       | 16.29    | 21.06    | 6   | 20157,20297,20437,20156,20296,20436 | 4.77     | 29.28    |
| 9   | 20         | 10000000 | 625000    | 476191   | 1       | 2     | 16   | worker   | 12        | 16  | increase  | asc         | asc        | 503036     | 1934.22  | 1938.89  | 6   | 12117,12242,12367,12116,12241,12366 | 4.67     | 0.24     |
| 15  | 60         | 10000000 | 5000000   | 156250   | 4096    | 32    | 2    | worker   | 12        | 16  | decrease  | asc         | desc       | 256        | 9.67     | 14.26    | 6   | 21822,21962,22102,21821,21961,22101 | 4.59     | 47.47    |
| 2   | 40         | 10000000 | 625000    | 238096   | 1048576 | 32    | 16   | worker   | 12        | 16  | increase  | desc        | desc       | 32         | 7.38     | 11.96    | 6   | 1902,2027,2152,1901,2026,2151       | 4.58     | 62.06    |
| 3   | 40         | 10000000 | 625000    | 238096   | 1048576 | 32    | 16   | io_uring | 12        | 16  | decrease  | asc         | desc       | 32         | 4.96     | 9.53     | 6   | 4152,4277,4402,4151,4276,4401       | 4.57     | 92.14    |
| 7   | 60         | 10000000 | 625000    | 156250   | 1       | 128   | 16   | worker   | 12        | 16  | decrease  | asc         | desc       | 378036     | 3019.85  | 3024.32  | 6   | 9482,9607,9732,9481,9606,9731       | 4.47     | 0.15     |
| 5   | 60         | 10000000 | 625000    | 156250   | 1       | 128   | 16   | worker   | 12        | 16  | increase  | asc         | desc       | 1024       | 38.45    | 42.81    | 6   | 6427,6552,6677,6426,6551,6676       | 4.36     | 11.34    |
| 16  | 60         | 10000000 | 5000000   | 156250   | 4096    | 32    | 2    | worker   | 12        | 16  | decrease  | desc        | desc       | 256        | 7.78     | 12.02    | 6   | 23502,23642,23782,23501,23641,23781 | 4.24     | 54.5     |
| 12  | 20         | 10000000 | 625000    | 476191   | 1       | 2     | 16   | io_uring | 12        | 16  | decrease  | desc        | desc       | 128036     | 501.88   | 506.1    | 6   | 17712,17837,17962,17711,17836,17961 | 4.22     | 0.84     |
| 18  | 20         | 10000000 | 5000000   | 476191   | 1024    | 512   | 2    | io_uring | 12        | 16  | increase  | desc        | desc       | 512        | 13.65    | 17.85    | 6   | 27707,27847,27987,27706,27846,27986 | 4.2      | 30.77    |
| 12  | 20         | 10000000 | 625000    | 476191   | 1       | 2     | 16   | worker   | 12        | 16  | decrease  | desc        | asc        | 64         | 2.76     | 6.83     | 6   | 16532,16657,16782,16531,16656,16781 | 4.07     | 147.46   |
| 17  | 20         | 10000000 | 5000000   | 476191   | 1024    | 512   | 2    | worker   | 12        | 16  | increase  | asc         | asc        | 128        | 9.11     | 13.16    | 6   | 24757,24897,25037,24756,24896,25036 | 4.05     | 44.46    |
| 1   | 40         | 10000000 | 625000    | 238096   | 1048576 | 32    | 16   | io_uring | 12        | 16  | increase  | asc         | asc        | 32         | 7.15     | 11.2     | 6   | 777,902,1027,776,901,1026           | 4.05     | 56.64    |
| 20  | 20         | 10000000 | 5000000   | 476191   | 1024    | 512   | 2    | worker   | 12        | 16  | decrease  | desc        | asc        | 128        | 8.65     | 12.67    | 6   | 29797,29937,30077,29796,29936,30076 | 4.02     | 46.47    |
| 16  | 60         | 10000000 | 5000000   | 156250   | 4096    | 32    | 2    | worker   | 12        | 16  | decrease  | desc        | asc        | 512        | 13.04    | 17.03    | 6   | 23087,23227,23367,23086,23226,23366 | 3.99     | 30.6     |
| 13  | 60         | 10000000 | 5000000   | 156250   | 4096    | 32    | 2    | worker   | 12        | 16  | increase  | asc         | asc        | 512        | 9.26     | 13.21    | 6   | 18047,18187,18327,18046,18186,18326 | 3.95     | 42.66    |
| 13  | 60         | 10000000 | 5000000   | 156250   | 4096    | 32    | 2    | io_uring | 12        | 16  | increase  | asc         | desc       | 512        | 12.46    | 16.41    | 6   | 19307,19447,19587,19306,19446,19586 | 3.95     | 31.7     |
| 17  | 20         | 10000000 | 5000000   | 476191   | 1024    | 512   | 2    | worker   | 12        | 16  | increase  | asc         | desc       | 256        | 14.59    | 18.43    | 6   | 25182,25322,25462,25181,25321,25461 | 3.84     | 26.32    |
| 1   | 40         | 10000000 | 625000    | 238096   | 1048576 | 32    | 16   | worker   | 12        | 16  | increase  | asc         | asc        | 32         | 6.5      | 10.3     | 6   | 27,152,277,26,151,276               | 3.8      | 58.46    |
| 19  | 20         | 10000000 | 5000000   | 476191   | 1024    | 512   | 2    | worker   | 12        | 16  | decrease  | asc         | desc       | 512        | 15.82    | 19.51    | 6   | 28547,28687,28827,28546,28686,28826 | 3.69     | 23.32    |
| 6   | 60         | 10000000 | 625000    | 156250   | 1       | 128   | 16   | worker   | 12        | 16  | increase  | desc        | asc        | 253036     | 2037.61  | 2041.28  | 6   | 7597,7722,7847,7596,7721,7846       | 3.67     | 0.18     |
| 9   | 20         | 10000000 | 625000    | 476191   | 1       | 2     | 16   | worker   | 12        | 16  | increase  | asc         | desc       | 64         | 3.08     | 6.71     | 6   | 12407,12532,12657,12406,12531,12656 | 3.63     | 117.86   |
| 17  | 20         | 10000000 | 5000000   | 476191   | 1024    | 512   | 2    | worker   | 12        | 16  | increase  | asc         | desc       | 1024       | 22.36    | 25.94    | 6   | 25192,25332,25472,25191,25331,25471 | 3.58     | 16.01    |
| 20  | 20         | 10000000 | 5000000   | 476191   | 1024    | 512   | 2    | io_uring | 12        | 16  | decrease  | desc        | asc        | 1024       | 20.57    | 24.13    | 6   | 30652,30792,30932,30651,30791,30931 | 3.56     | 17.31    |
| 13  | 60         | 10000000 | 5000000   | 156250   | 4096    | 32    | 2    | worker   | 12        | 16  | increase  | asc         | desc       | 512        | 13.33    | 16.88    | 6   | 18467,18607,18747,18466,18606,18746 | 3.55     | 26.63    |
| 12  | 20         | 10000000 | 625000    | 476191   | 1       | 2     | 16   | worker   | 12        | 16  | decrease  | desc        | desc       | 65536      | 255.75   | 259.28   | 6   | 16957,17082,17207,16956,17081,17206 | 3.53     | 1.38     |
| 12  | 20         | 10000000 | 625000    | 476191   | 1       | 2     | 16   | worker   | 12        | 16  | decrease  | desc        | desc       | 128036     | 500.55   | 504.07   | 6   | 16962,17087,17212,16961,17086,17211 | 3.52     | 0.7      |
| 12  | 20         | 10000000 | 625000    | 476191   | 1       | 2     | 16   | io_uring | 12        | 16  | decrease  | desc        | asc        | 64         | 3.17     | 6.65     | 6   | 17282,17407,17532,17281,17406,17531 | 3.48     | 109.78   |
| 13  | 60         | 10000000 | 5000000   | 156250   | 4096    | 32    | 2    | worker   | 12        | 16  | increase  | asc         | asc        | 256        | 10.38    | 13.85    | 6   | 18042,18182,18322,18041,18181,18321 | 3.47     | 33.43    |
| 9   | 20         | 10000000 | 625000    | 476191   | 1       | 2     | 16   | io_uring | 12        | 16  | increase  | asc         | desc       | 64         | 3.55     | 7.01     | 6   | 13157,13282,13407,13156,13281,13406 | 3.46     | 97.46    |
| 18  | 20         | 10000000 | 5000000   | 476191   | 1024    | 512   | 2    | io_uring | 12        | 16  | increase  | desc        | asc        | 128        | 10.22    | 13.61    | 6   | 27277,27417,27557,27276,27416,27556 | 3.39     | 33.17    |
| 17  | 20         | 10000000 | 5000000   | 476191   | 1024    | 512   | 2    | worker   | 12        | 16  | increase  | asc         | asc        | 256        | 9.06     | 12.44    | 6   | 24762,24902,25042,24761,24901,25041 | 3.38     | 37.31    |
| 12  | 20         | 10000000 | 625000    | 476191   | 1       | 2     | 16   | io_uring | 12        | 16  | decrease  | desc        | desc       | 16384      | 68.21    | 71.58    | 6   | 17697,17822,17947,17696,17821,17946 | 3.37     | 4.94     |
| 13  | 60         | 10000000 | 5000000   | 156250   | 4096    | 32    | 2    | worker   | 12        | 16  | increase  | asc         | desc       | 1024       | 16.13    | 19.5     | 6   | 18472,18612,18752,18471,18611,18751 | 3.37     | 20.89    |
| 7   | 60         | 10000000 | 625000    | 156250   | 1       | 128   | 16   | worker   | 12        | 16  | decrease  | asc         | desc       | 315536     | 2522.52  | 2525.84  | 6   | 9477,9602,9727,9476,9601,9726       | 3.32     | 0.13     |
| 7   | 60         | 10000000 | 625000    | 156250   | 1       | 128   | 16   | io_uring | 12        | 16  | decrease  | asc         | asc        | 16384      | 507.72   | 511.03   | 6   | 9822,9947,10072,9821,9946,10071     | 3.31     | 0.65     |
| 13  | 60         | 10000000 | 5000000   | 156250   | 4096    | 32    | 2    | worker   | 12        | 16  | increase  | asc         | asc        | 8192       | 13.74    | 17.02    | 6   | 18067,18207,18347,18066,18206,18346 | 3.28     | 23.87    |
| 5   | 60         | 10000000 | 625000    | 156250   | 1       | 128   | 16   | io_uring | 12        | 16  | increase  | asc         | asc        | 65536      | 112.27   | 115.51   | 6   | 6832,6957,7082,6831,6956,7081       | 3.24     | 2.89     |
| 16  | 60         | 10000000 | 5000000   | 156250   | 4096    | 32    | 2    | io_uring | 12        | 16  | decrease  | desc        | asc        | 256        | 11.64    | 14.83    | 6   | 23922,24062,24202,23921,24061,24201 | 3.19     | 27.41    |
| 1   | 40         | 10000000 | 625000    | 238096   | 1048576 | 32    | 16   | worker   | 12        | 16  | increase  | asc         | desc       | 32         | 5.07     | 8.21     | 6   | 402,527,652,401,526,651             | 3.14     | 61.93    |
| 15  | 60         | 10000000 | 5000000   | 156250   | 4096    | 32    | 2    | worker   | 12        | 16  | decrease  | asc         | asc        | 512        | 13.31    | 16.45    | 6   | 21407,21547,21687,21406,21546,21686 | 3.14     | 23.59    |
| 14  | 60         | 10000000 | 5000000   | 156250   | 4096    | 32    | 2    | worker   | 12        | 16  | increase  | desc        | asc        | 512        | 11.44    | 14.55    | 6   | 19727,19867,20007,19726,19866,20006 | 3.11     | 27.19    |
| 14  | 60         | 10000000 | 5000000   | 156250   | 4096    | 32    | 2    | io_uring | 12        | 16  | increase  | desc        | asc        | 128        | 9.78     | 12.85    | 6   | 20557,20697,20837,20556,20696,20836 | 3.07     | 31.39    |
| 4   | 40         | 10000000 | 625000    | 238096   | 1048576 | 32    | 16   | io_uring | 12        | 16  | decrease  | desc        | asc        | 32         | 6.49     | 9.5      | 6   | 5277,5402,5527,5276,5401,5526       | 3.01     | 46.38    |
| 13  | 60         | 10000000 | 5000000   | 156250   | 4096    | 32    | 2    | io_uring | 12        | 16  | increase  | asc         | desc       | 128        | 6.61     | 9.62     | 6   | 19297,19437,19577,19296,19436,19576 | 3.01     | 45.54    |
| 14  | 60         | 10000000 | 5000000   | 156250   | 4096    | 32    | 2    | io_uring | 12        | 16  | increase  | desc        | asc        | 1024       | 11.9     | 14.84    | 6   | 20572,20712,20852,20571,20711,20851 | 2.94     | 24.71    |
| 6   | 60         | 10000000 | 625000    | 156250   | 1       | 128   | 16   | io_uring | 12        | 16  | increase  | desc        | desc       | 8192       | 255.18   | 258.12   | 6   | 8692,8817,8942,8691,8816,8941       | 2.94     | 1.15     |
| 15  | 60         | 10000000 | 5000000   | 156250   | 4096    | 32    | 2    | io_uring | 12        | 16  | decrease  | asc         | desc       | 256        | 11.64    | 14.57    | 6   | 22662,22802,22942,22661,22801,22941 | 2.93     | 25.17    |
| 16  | 60         | 10000000 | 5000000   | 156250   | 4096    | 32    | 2    | io_uring | 12        | 16  | decrease  | desc        | desc       | 8192       | 15.82    | 18.74    | 6   | 24367,24507,24647,24366,24506,24646 | 2.92     | 18.46    |
| 14  | 60         | 10000000 | 5000000   | 156250   | 4096    | 32    | 2    | worker   | 12        | 16  | increase  | desc        | asc        | 256        | 12.09    | 15.0     | 6   | 19722,19862,20002,19721,19861,20001 | 2.91     | 24.07    |
| 9   | 20         | 10000000 | 625000    | 476191   | 1       | 2     | 16   | worker   | 12        | 16  | increase  | asc         | asc        | 65536      | 251.44   | 254.29   | 6   | 12082,12207,12332,12081,12206,12331 | 2.85     | 1.13     |
| 3   | 40         | 10000000 | 625000    | 238096   | 1048576 | 32    | 16   | worker   | 12        | 16  | decrease  | asc         | desc       | 32         | 6.85     | 9.69     | 6   | 3402,3527,3652,3401,3526,3651       | 2.84     | 41.46    |
| 1   | 40         | 10000000 | 625000    | 238096   | 1048576 | 32    | 16   | io_uring | 12        | 16  | increase  | asc         | desc       | 32         | 5.28     | 8.1      | 6   | 1152,1277,1402,1151,1276,1401       | 2.82     | 53.41    |
| 11  | 20         | 10000000 | 625000    | 476191   | 1       | 2     | 16   | worker   | 12        | 16  | decrease  | asc         | desc       | 16384      | 191.33   | 194.13   | 6   | 15447,15572,15697,15446,15571,15696 | 2.8      | 1.46     |
| 15  | 60         | 10000000 | 5000000   | 156250   | 4096    | 32    | 2    | io_uring | 12        | 16  | decrease  | asc         | desc       | 1024       | 12.16    | 14.89    | 6   | 22672,22812,22952,22671,22811,22951 | 2.73     | 22.45    |
| 20  | 20         | 10000000 | 5000000   | 476191   | 1024    | 512   | 2    | worker   | 12        | 16  | decrease  | desc        | asc        | 512        | 15.69    | 18.41    | 6   | 29807,29947,30087,29806,29946,30086 | 2.72     | 17.34    |
| 2   | 40         | 10000000 | 625000    | 238096   | 1048576 | 32    | 16   | io_uring | 12        | 16  | increase  | desc        | asc        | 32         | 6.75     | 9.44     | 6   | 2277,2402,2527,2276,2401,2526       | 2.69     | 39.85    |
| 13  | 60         | 10000000 | 5000000   | 156250   | 4096    | 32    | 2    | worker   | 12        | 16  | increase  | asc         | desc       | 4096       | 28.92    | 31.58    | 6   | 18482,18622,18762,18481,18621,18761 | 2.66     | 9.2      |
| 15  | 60         | 10000000 | 5000000   | 156250   | 4096    | 32    | 2    | io_uring | 12        | 16  | decrease  | asc         | desc       | 128        | 8.91     | 11.55    | 6   | 22657,22797,22937,22656,22796,22936 | 2.64     | 29.63    |
| 13  | 60         | 10000000 | 5000000   | 156250   | 4096    | 32    | 2    | worker   | 12        | 16  | increase  | asc         | asc        | 128        | 7.76     | 10.37    | 6   | 18037,18177,18317,18036,18176,18316 | 2.61     | 33.63    |
| 18  | 20         | 10000000 | 5000000   | 476191   | 1024    | 512   | 2    | io_uring | 12        | 16  | increase  | desc        | asc        | 256        | 10.57    | 13.17    | 6   | 27282,27422,27562,27281,27421,27561 | 2.6      | 24.6     |
| 6   | 60         | 10000000 | 625000    | 156250   | 1       | 128   | 16   | io_uring | 12        | 16  | increase  | desc        | desc       | 378036     | 11491.57 | 11494.16 | 6   | 8732,8857,8982,8731,8856,8981       | 2.59     | 0.02     |
| 14  | 60         | 10000000 | 5000000   | 156250   | 4096    | 32    | 2    | worker   | 12        | 16  | increase  | desc        | asc        | 2048       | 12.78    | 15.34    | 6   | 19737,19877,20017,19736,19876,20016 | 2.56     | 20.03    |
| 16  | 60         | 10000000 | 5000000   | 156250   | 4096    | 32    | 2    | io_uring | 12        | 16  | decrease  | desc        | asc        | 512        | 12.32    | 14.87    | 6   | 23927,24067,24207,23926,24066,24206 | 2.55     | 20.7     |
| 15  | 60         | 10000000 | 5000000   | 156250   | 4096    | 32    | 2    | worker   | 12        | 16  | decrease  | asc         | desc       | 128        | 9.12     | 11.64    | 6   | 21817,21957,22097,21816,21956,22096 | 2.52     | 27.63    |
| 12  | 20         | 10000000 | 625000    | 476191   | 1       | 2     | 16   | worker   | 12        | 16  | decrease  | desc        | desc       | 8192       | 36.88    | 39.39    | 6   | 16942,17067,17192,16941,17066,17191 | 2.51     | 6.81     |
| 14  | 60         | 10000000 | 5000000   | 156250   | 4096    | 32    | 2    | worker   | 12        | 16  | increase  | desc        | desc       | 256        | 12.1     | 14.6     | 6   | 20142,20282,20422,20141,20281,20421 | 2.5      | 20.66    |
| 15  | 60         | 10000000 | 5000000   | 156250   | 4096    | 32    | 2    | worker   | 12        | 16  | decrease  | asc         | asc        | 256        | 10.27    | 12.74    | 6   | 21402,21542,21682,21401,21541,21681 | 2.47     | 24.05    |
| 14  | 60         | 10000000 | 5000000   | 156250   | 4096    | 32    | 2    | worker   | 12        | 16  | increase  | desc        | asc        | 64         | 5.0      | 7.47     | 6   | 19712,19852,19992,19711,19851,19991 | 2.47     | 49.4     |
| 16  | 60         | 10000000 | 5000000   | 156250   | 4096    | 32    | 2    | worker   | 12        | 16  | decrease  | desc        | asc        | 1024       | 16.22    | 18.62    | 6   | 23092,23232,23372,23091,23231,23371 | 2.4      | 14.8     |
| 19  | 20         | 10000000 | 5000000   | 476191   | 1024    | 512   | 2    | io_uring | 12        | 16  | decrease  | asc         | asc        | 128        | 10.85    | 13.2     | 6   | 28957,29097,29237,28956,29096,29236 | 2.35     | 21.66    |
| 14  | 60         | 10000000 | 5000000   | 156250   | 4096    | 32    | 2    | io_uring | 12        | 16  | increase  | desc        | asc        | 4096       | 16.48    | 18.82    | 6   | 20582,20722,20862,20581,20721,20861 | 2.34     | 14.2     |
| 15  | 60         | 10000000 | 5000000   | 156250   | 4096    | 32    | 2    | worker   | 12        | 16  | decrease  | asc         | asc        | 1024       | 14.12    | 16.45    | 6   | 21412,21552,21692,21411,21551,21691 | 2.33     | 16.5     |
| 17  | 20         | 10000000 | 5000000   | 476191   | 1024    | 512   | 2    | io_uring | 12        | 16  | increase  | asc         | desc       | 128        | 12.68    | 14.96    | 6   | 26017,26157,26297,26016,26156,26296 | 2.28     | 17.98    |
| 20  | 20         | 10000000 | 5000000   | 476191   | 1024    | 512   | 2    | worker   | 12        | 16  | decrease  | desc        | desc       | 512        | 11.18    | 13.45    | 6   | 30227,30367,30507,30226,30366,30506 | 2.27     | 20.3     |
| 13  | 60         | 10000000 | 5000000   | 156250   | 4096    | 32    | 2    | io_uring | 12        | 16  | increase  | asc         | desc       | 2048       | 21.19    | 23.45    | 6   | 19317,19457,19597,19316,19456,19596 | 2.26     | 10.67    |
| 10  | 20         | 10000000 | 625000    | 476191   | 1       | 2     | 16   | io_uring | 12        | 16  | increase  | desc        | desc       | 64         | 4.81     | 7.06     | 6   | 14657,14782,14907,14656,14781,14906 | 2.25     | 46.78    |
| 16  | 60         | 10000000 | 5000000   | 156250   | 4096    | 32    | 2    | worker   | 12        | 16  | decrease  | desc        | asc        | 64         | 4.43     | 6.66     | 6   | 23072,23212,23352,23071,23211,23351 | 2.23     | 50.34    |
| 13  | 60         | 10000000 | 5000000   | 156250   | 4096    | 32    | 2    | worker   | 12        | 16  | increase  | asc         | asc        | 1024       | 10.33    | 12.52    | 6   | 18052,18192,18332,18051,18191,18331 | 2.19     | 21.2     |
| 18  | 20         | 10000000 | 5000000   | 476191   | 1024    | 512   | 2    | worker   | 12        | 16  | increase  | desc        | asc        | 1024       | 13.88    | 16.04    | 6   | 26452,26592,26732,26451,26591,26731 | 2.16     | 15.56    |
| 10  | 20         | 10000000 | 625000    | 476191   | 1       | 2     | 16   | worker   | 12        | 16  | increase  | desc        | asc        | 16384      | 194.09   | 196.24   | 6   | 13572,13697,13822,13571,13696,13821 | 2.15     | 1.11     |
| 13  | 60         | 10000000 | 5000000   | 156250   | 4096    | 32    | 2    | worker   | 12        | 16  | increase  | asc         | asc        | 64         | 6.38     | 8.48     | 6   | 18032,18172,18312,18031,18171,18311 | 2.1      | 32.92    |
| 6   | 60         | 10000000 | 625000    | 156250   | 1       | 128   | 16   | io_uring | 12        | 16  | increase  | desc        | asc        | 8192       | 74.26    | 76.36    | 6   | 8317,8442,8567,8316,8441,8566       | 2.1      | 2.83     |
| 8   | 60         | 10000000 | 625000    | 156250   | 1       | 128   | 16   | io_uring | 12        | 16  | decrease  | desc        | asc        | 32768      | 1161.65  | 1163.75  | 6   | 11327,11452,11577,11326,11451,11576 | 2.1      | 0.18     |
| 14  | 60         | 10000000 | 5000000   | 156250   | 4096    | 32    | 2    | io_uring | 12        | 16  | increase  | desc        | desc       | 2048       | 16.37    | 18.46    | 6   | 20997,21137,21277,20996,21136,21276 | 2.09     | 12.77    |
| 14  | 60         | 10000000 | 5000000   | 156250   | 4096    | 32    | 2    | io_uring | 12        | 16  | increase  | desc        | desc       | 1024       | 13.3     | 15.38    | 6   | 20992,21132,21272,20991,21131,21271 | 2.08     | 15.64    |
| 19  | 20         | 10000000 | 5000000   | 476191   | 1024    | 512   | 2    | worker   | 12        | 16  | decrease  | asc         | desc       | 64         | 7.66     | 9.74     | 6   | 28532,28672,28812,28531,28671,28811 | 2.08     | 27.15    |
| 19  | 20         | 10000000 | 5000000   | 476191   | 1024    | 512   | 2    | worker   | 12        | 16  | decrease  | asc         | desc       | 128        | 11.57    | 13.64    | 6   | 28537,28677,28817,28536,28676,28816 | 2.07     | 17.89    |
| 15  | 60         | 10000000 | 5000000   | 156250   | 4096    | 32    | 2    | worker   | 12        | 16  | decrease  | asc         | desc       | 4096       | 16.13    | 18.18    | 6   | 21842,21982,22122,21841,21981,22121 | 2.05     | 12.71    |
| 13  | 60         | 10000000 | 5000000   | 156250   | 4096    | 32    | 2    | worker   | 12        | 16  | increase  | asc         | desc       | 64         | 5.69     | 7.74     | 6   | 18452,18592,18732,18451,18591,18731 | 2.05     | 36.03    |
| 5   | 60         | 10000000 | 625000    | 156250   | 1       | 128   | 16   | io_uring | 12        | 16  | increase  | asc         | asc        | 128036     | 216.57   | 218.6    | 6   | 6837,6962,7087,6836,6961,7086       | 2.03     | 0.94     |
| 5   | 60         | 10000000 | 625000    | 156250   | 1       | 128   | 16   | io_uring | 12        | 16  | increase  | asc         | asc        | 253036     | 411.14   | 413.16   | 6   | 6847,6972,7097,6846,6971,7096       | 2.02     | 0.49     |
| 16  | 60         | 10000000 | 5000000   | 156250   | 4096    | 32    | 2    | worker   | 12        | 16  | decrease  | desc        | desc       | 1024       | 10.84    | 12.86    | 6   | 23512,23652,23792,23511,23651,23791 | 2.02     | 18.63    |
| 20  | 20         | 10000000 | 5000000   | 476191   | 1024    | 512   | 2    | io_uring | 12        | 16  | decrease  | desc        | asc        | 512        | 16.29    | 18.29    | 6   | 30647,30787,30927,30646,30786,30926 | 2.0      | 12.28    |
| 11  | 20         | 10000000 | 625000    | 476191   | 1       | 2     | 16   | io_uring | 12        | 16  | decrease  | asc         | asc        | 64         | 5.05     | 7.02     | 6   | 15782,15907,16032,15781,15906,16031 | 1.97     | 39.01    |
| 11  | 20         | 10000000 | 625000    | 476191   | 1       | 2     | 16   | worker   | 12        | 16  | decrease  | asc         | asc        | 64         | 5.11     | 7.06     | 6   | 15032,15157,15282,15031,15156,15281 | 1.95     | 38.16    |
| 6   | 60         | 10000000 | 625000    | 156250   | 1       | 128   | 16   | io_uring | 12        | 16  | increase  | desc        | asc        | 16384      | 142.51   | 144.4    | 6   | 8322,8447,8572,8321,8446,8571       | 1.89     | 1.33     |
| 17  | 20         | 10000000 | 5000000   | 476191   | 1024    | 512   | 2    | io_uring | 12        | 16  | increase  | asc         | desc       | 32         | 5.16     | 6.99     | 6   | 26007,26147,26287,26006,26146,26286 | 1.83     | 35.47    |
| 15  | 60         | 10000000 | 5000000   | 156250   | 4096    | 32    | 2    | worker   | 12        | 16  | decrease  | asc         | desc       | 8192       | 22.15    | 23.97    | 6   | 21847,21987,22127,21846,21986,22126 | 1.82     | 8.22     |
| 14  | 60         | 10000000 | 5000000   | 156250   | 4096    | 32    | 2    | worker   | 12        | 16  | increase  | desc        | desc       | 64         | 5.81     | 7.62     | 6   | 20132,20272,20412,20131,20271,20411 | 1.81     | 31.15    |
| 19  | 20         | 10000000 | 5000000   | 476191   | 1024    | 512   | 2    | io_uring | 12        | 16  | decrease  | asc         | desc       | 64         | 7.43     | 9.24     | 6   | 29372,29512,29652,29371,29511,29651 | 1.81     | 24.36    |
| 16  | 60         | 10000000 | 5000000   | 156250   | 4096    | 32    | 2    | io_uring | 12        | 16  | decrease  | desc        | desc       | 2048       | 11.88    | 13.69    | 6   | 24357,24497,24637,24356,24496,24636 | 1.81     | 15.24    |
| 1   | 40         | 10000000 | 625000    | 238096   | 1048576 | 32    | 16   | worker   | 12        | 16  | increase  | asc         | asc        | 16         | 3.63     | 5.43     | 6   | 22,147,272,21,146,271               | 1.8      | 49.59    |
| 19  | 20         | 10000000 | 5000000   | 476191   | 1024    | 512   | 2    | worker   | 12        | 16  | decrease  | asc         | asc        | 128        | 11.67    | 13.45    | 6   | 28117,28257,28397,28116,28256,28396 | 1.78     | 15.25    |
| 20  | 20         | 10000000 | 5000000   | 476191   | 1024    | 512   | 2    | io_uring | 12        | 16  | decrease  | desc        | desc       | 16384      | 22.42    | 24.18    | 6   | 31092,31232,31372,31091,31231,31371 | 1.76     | 7.85     |
| 14  | 60         | 10000000 | 5000000   | 156250   | 4096    | 32    | 2    | io_uring | 12        | 16  | increase  | desc        | desc       | 64         | 7.58     | 9.32     | 6   | 20972,21112,21252,20971,21111,21251 | 1.74     | 22.96    |
| 16  | 60         | 10000000 | 5000000   | 156250   | 4096    | 32    | 2    | io_uring | 12        | 16  | decrease  | desc        | desc       | 128        | 8.41     | 10.14    | 6   | 24337,24477,24617,24336,24476,24616 | 1.73     | 20.57    |
| 14  | 60         | 10000000 | 5000000   | 156250   | 4096    | 32    | 2    | worker   | 12        | 16  | increase  | desc        | asc        | 8192       | 22.04    | 23.76    | 6   | 19747,19887,20027,19746,19886,20026 | 1.72     | 7.8      |
| 19  | 20         | 10000000 | 5000000   | 476191   | 1024    | 512   | 2    | worker   | 12        | 16  | decrease  | asc         | desc       | 1024       | 12.52    | 14.21    | 6   | 28552,28692,28832,28551,28691,28831 | 1.69     | 13.5     |
| 14  | 60         | 10000000 | 5000000   | 156250   | 4096    | 32    | 2    | io_uring | 12        | 16  | increase  | desc        | asc        | 2048       | 15.71    | 17.39    | 6   | 20577,20717,20857,20576,20716,20856 | 1.68     | 10.69    |
| 18  | 20         | 10000000 | 5000000   | 476191   | 1024    | 512   | 2    | worker   | 12        | 16  | increase  | desc        | asc        | 64         | 8.56     | 10.21    | 6   | 26432,26572,26712,26431,26571,26711 | 1.65     | 19.28    |
| 12  | 20         | 10000000 | 625000    | 476191   | 1       | 2     | 16   | worker   | 12        | 16  | decrease  | desc        | asc        | 32         | 2.28     | 3.92     | 6   | 16527,16652,16777,16526,16651,16776 | 1.64     | 71.93    |
| 17  | 20         | 10000000 | 5000000   | 476191   | 1024    | 512   | 2    | io_uring | 12        | 16  | increase  | asc         | asc        | 16384      | 20.88    | 22.5     | 6   | 25632,25772,25912,25631,25771,25911 | 1.62     | 7.76     |
| 11  | 20         | 10000000 | 625000    | 476191   | 1       | 2     | 16   | worker   | 12        | 16  | decrease  | asc         | desc       | 4096       | 52.42    | 54.03    | 6   | 15437,15562,15687,15436,15561,15686 | 1.61     | 3.07     |
| 15  | 60         | 10000000 | 5000000   | 156250   | 4096    | 32    | 2    | io_uring | 12        | 16  | decrease  | asc         | desc       | 512        | 14.79    | 16.39    | 6   | 22667,22807,22947,22666,22806,22946 | 1.6      | 10.82    |
| 5   | 60         | 10000000 | 625000    | 156250   | 1       | 128   | 16   | worker   | 12        | 16  | increase  | asc         | desc       | 440536     | 15432.2  | 15433.79 | 6   | 6487,6612,6737,6486,6611,6736       | 1.59     | 0.01     |
| 1   | 40         | 10000000 | 625000    | 238096   | 1048576 | 32    | 16   | io_uring | 12        | 16  | increase  | asc         | desc       | 16         | 2.73     | 4.32     | 6   | 1147,1272,1397,1146,1271,1396       | 1.59     | 58.24    |
| 19  | 20         | 10000000 | 5000000   | 476191   | 1024    | 512   | 2    | io_uring | 12        | 16  | decrease  | asc         | desc       | 16384      | 39.08    | 40.66    | 6   | 29412,29552,29692,29411,29551,29691 | 1.58     | 4.04     |
| 10  | 20         | 10000000 | 625000    | 476191   | 1       | 2     | 16   | worker   | 12        | 16  | increase  | desc        | asc        | 1024       | 17.98    | 19.52    | 6   | 13552,13677,13802,13551,13676,13801 | 1.54     | 8.57     |
| 7   | 60         | 10000000 | 625000    | 156250   | 1       | 128   | 16   | io_uring | 12        | 16  | decrease  | asc         | desc       | 190536     | 1537.84  | 1539.37  | 6   | 10217,10342,10467,10216,10341,10466 | 1.53     | 0.1      |
| 18  | 20         | 10000000 | 5000000   | 476191   | 1024    | 512   | 2    | worker   | 12        | 16  | increase  | desc        | asc        | 512        | 12.24    | 13.76    | 6   | 26447,26587,26727,26446,26586,26726 | 1.52     | 12.42    |
| 12  | 20         | 10000000 | 625000    | 476191   | 1       | 2     | 16   | io_uring | 12        | 16  | decrease  | desc        | asc        | 32         | 2.62     | 4.13     | 6   | 17277,17402,17527,17276,17401,17526 | 1.51     | 57.63    |
| 9   | 20         | 10000000 | 625000    | 476191   | 1       | 2     | 16   | io_uring | 12        | 16  | increase  | asc         | asc        | 8192       | 38.07    | 39.56    | 6   | 12817,12942,13067,12816,12941,13066 | 1.49     | 3.91     |
| 6   | 60         | 10000000 | 625000    | 156250   | 1       | 128   | 16   | io_uring | 12        | 16  | increase  | desc        | asc        | 1024       | 12.69    | 14.18    | 6   | 8302,8427,8552,8301,8426,8551       | 1.49     | 11.74    |
| 20  | 20         | 10000000 | 5000000   | 476191   | 1024    | 512   | 2    | io_uring | 12        | 16  | decrease  | desc        | asc        | 64         | 7.79     | 9.27     | 6   | 30632,30772,30912,30631,30771,30911 | 1.48     | 19.0     |
| 16  | 60         | 10000000 | 5000000   | 156250   | 4096    | 32    | 2    | worker   | 12        | 16  | decrease  | desc        | desc       | 2048       | 12.29    | 13.76    | 6   | 23517,23657,23797,23516,23656,23796 | 1.47     | 11.96    |
| 19  | 20         | 10000000 | 5000000   | 476191   | 1024    | 512   | 2    | worker   | 12        | 16  | decrease  | asc         | desc       | 256        | 11.1     | 12.57    | 6   | 28542,28682,28822,28541,28681,28821 | 1.47     | 13.24    |
| 9   | 20         | 10000000 | 625000    | 476191   | 1       | 2     | 16   | worker   | 12        | 16  | increase  | asc         | asc        | 16384      | 68.56    | 70.03    | 6   | 12072,12197,12322,12071,12196,12321 | 1.47     | 2.14     |
| 6   | 60         | 10000000 | 625000    | 156250   | 1       | 128   | 16   | io_uring | 12        | 16  | increase  | desc        | asc        | 4096       | 38.94    | 40.37    | 6   | 8312,8437,8562,8311,8436,8561       | 1.43     | 3.67     |
| 8   | 60         | 10000000 | 625000    | 156250   | 1       | 128   | 16   | worker   | 12        | 16  | decrease  | desc        | desc       | 190536     | 317.56   | 318.98   | 6   | 10967,11092,11217,10966,11091,11216 | 1.42     | 0.45     |
| 17  | 20         | 10000000 | 5000000   | 476191   | 1024    | 512   | 2    | worker   | 12        | 16  | increase  | asc         | desc       | 64         | 7.55     | 8.97     | 6   | 25172,25312,25452,25171,25311,25451 | 1.42     | 18.81    |
| 13  | 60         | 10000000 | 5000000   | 156250   | 4096    | 32    | 2    | io_uring | 12        | 16  | increase  | asc         | asc        | 8192       | 13.38    | 14.8     | 6   | 18907,19047,19187,18906,19046,19186 | 1.42     | 10.61    |
| 17  | 20         | 10000000 | 5000000   | 476191   | 1024    | 512   | 2    | worker   | 12        | 16  | increase  | asc         | asc        | 512        | 12.11    | 13.5     | 6   | 24767,24907,25047,24766,24906,25046 | 1.39     | 11.48    |
| 4   | 40         | 10000000 | 625000    | 238096   | 1048576 | 32    | 16   | io_uring | 12        | 16  | decrease  | desc        | desc       | 16         | 5.75     | 7.14     | 6   | 5647,5772,5897,5646,5771,5896       | 1.39     | 24.17    |
| 14  | 60         | 10000000 | 5000000   | 156250   | 4096    | 32    | 2    | worker   | 12        | 16  | increase  | desc        | desc       | 1024       | 15.33    | 16.72    | 6   | 20152,20292,20432,20151,20291,20431 | 1.39     | 9.07     |
| 19  | 20         | 10000000 | 5000000   | 476191   | 1024    | 512   | 2    | io_uring | 12        | 16  | decrease  | asc         | asc        | 64         | 7.46     | 8.84     | 6   | 28952,29092,29232,28951,29091,29231 | 1.38     | 18.5     |
| 14  | 60         | 10000000 | 5000000   | 156250   | 4096    | 32    | 2    | worker   | 12        | 16  | increase  | desc        | asc        | 16384      | 29.41    | 30.79    | 6   | 19752,19892,20032,19751,19891,20031 | 1.38     | 4.69     |
| 20  | 20         | 10000000 | 5000000   | 476191   | 1024    | 512   | 2    | worker   | 12        | 16  | decrease  | desc        | desc       | 1024       | 11.87    | 13.24    | 6   | 30232,30372,30512,30231,30371,30511 | 1.37     | 11.54    |
| 2   | 40         | 10000000 | 625000    | 238096   | 1048576 | 32    | 16   | io_uring | 12        | 16  | increase  | desc        | asc        | 16         | 3.9      | 5.26     | 6   | 2272,2397,2522,2271,2396,2521       | 1.36     | 34.87    |
| 16  | 60         | 10000000 | 5000000   | 156250   | 4096    | 32    | 2    | io_uring | 12        | 16  | decrease  | desc        | desc       | 256        | 9.29     | 10.64    | 6   | 24342,24482,24622,24341,24481,24621 | 1.35     | 14.53    |
| 16  | 60         | 10000000 | 5000000   | 156250   | 4096    | 32    | 2    | worker   | 12        | 16  | decrease  | desc        | asc        | 2048       | 22.29    | 23.64    | 6   | 23097,23237,23377,23096,23236,23376 | 1.35     | 6.06     |
| 20  | 20         | 10000000 | 5000000   | 476191   | 1024    | 512   | 2    | io_uring | 12        | 16  | decrease  | desc        | desc       | 8192       | 17.42    | 18.73    | 6   | 31087,31227,31367,31086,31226,31366 | 1.31     | 7.52     |
| 12  | 20         | 10000000 | 625000    | 476191   | 1       | 2     | 16   | io_uring | 12        | 16  | decrease  | desc        | desc       | 1024       | 8.35     | 9.65     | 6   | 17677,17802,17927,17676,17801,17926 | 1.3      | 15.57    |
| 20  | 20         | 10000000 | 5000000   | 476191   | 1024    | 512   | 2    | io_uring | 12        | 16  | decrease  | desc        | desc       | 128        | 10.05    | 11.35    | 6   | 31057,31197,31337,31056,31196,31336 | 1.3      | 12.94    |
| 14  | 60         | 10000000 | 5000000   | 156250   | 4096    | 32    | 2    | io_uring | 12        | 16  | increase  | desc        | asc        | 16384      | 31.79    | 33.08    | 6   | 20592,20732,20872,20591,20731,20871 | 1.29     | 4.06     |
| 2   | 40         | 10000000 | 625000    | 238096   | 1048576 | 32    | 16   | worker   | 12        | 16  | increase  | desc        | desc       | 16         | 6.08     | 7.34     | 6   | 1897,2022,2147,1896,2021,2146       | 1.26     | 20.72    |
| 9   | 20         | 10000000 | 625000    | 476191   | 1       | 2     | 16   | worker   | 12        | 16  | increase  | asc         | desc       | 32         | 2.6      | 3.86     | 6   | 12402,12527,12652,12401,12526,12651 | 1.26     | 48.46    |
| 20  | 20         | 10000000 | 5000000   | 476191   | 1024    | 512   | 2    | io_uring | 12        | 16  | decrease  | desc        | asc        | 2048       | 34.36    | 35.62    | 6   | 30657,30797,30937,30656,30796,30936 | 1.26     | 3.67     |
| 13  | 60         | 10000000 | 5000000   | 156250   | 4096    | 32    | 2    | io_uring | 12        | 16  | increase  | asc         | asc        | 512        | 10.58    | 11.83    | 6   | 18887,19027,19167,18886,19026,19166 | 1.25     | 11.81    |
| 15  | 60         | 10000000 | 5000000   | 156250   | 4096    | 32    | 2    | worker   | 12        | 16  | decrease  | asc         | desc       | 512        | 14.68    | 15.93    | 6   | 21827,21967,22107,21826,21966,22106 | 1.25     | 8.51     |
| 1   | 40         | 10000000 | 625000    | 238096   | 1048576 | 32    | 16   | io_uring | 12        | 16  | increase  | asc         | asc        | 16         | 4.19     | 5.43     | 6   | 772,897,1022,771,896,1021           | 1.24     | 29.59    |
| 15  | 60         | 10000000 | 5000000   | 156250   | 4096    | 32    | 2    | io_uring | 12        | 16  | decrease  | asc         | asc        | 2048       | 16.52    | 17.75    | 6   | 22257,22397,22537,22256,22396,22536 | 1.23     | 7.45     |
| 14  | 60         | 10000000 | 5000000   | 156250   | 4096    | 32    | 2    | worker   | 12        | 16  | increase  | desc        | desc       | 128        | 8.05     | 9.27     | 6   | 20137,20277,20417,20136,20276,20416 | 1.22     | 15.16    |
| 9   | 20         | 10000000 | 625000    | 476191   | 1       | 2     | 16   | io_uring | 12        | 16  | increase  | asc         | desc       | 32         | 2.74     | 3.95     | 6   | 13152,13277,13402,13151,13276,13401 | 1.21     | 44.16    |
| 10  | 20         | 10000000 | 625000    | 476191   | 1       | 2     | 16   | worker   | 12        | 16  | increase  | desc        | desc       | 64         | 5.69     | 6.9      | 6   | 13907,14032,14157,13906,14031,14156 | 1.21     | 21.27    |
| 17  | 20         | 10000000 | 5000000   | 476191   | 1024    | 512   | 2    | io_uring | 12        | 16  | increase  | asc         | asc        | 16         | 2.77     | 3.97     | 6   | 25582,25722,25862,25581,25721,25861 | 1.2      | 43.32    |
| 20  | 20         | 10000000 | 5000000   | 476191   | 1024    | 512   | 2    | worker   | 12        | 16  | decrease  | desc        | desc       | 256        | 9.98     | 11.18    | 6   | 30222,30362,30502,30221,30361,30501 | 1.2      | 12.02    |
| 15  | 60         | 10000000 | 5000000   | 156250   | 4096    | 32    | 2    | io_uring | 12        | 16  | decrease  | asc         | asc        | 1024       | 15.26    | 16.45    | 6   | 22252,22392,22532,22251,22391,22531 | 1.19     | 7.8      |
| 20  | 20         | 10000000 | 5000000   | 476191   | 1024    | 512   | 2    | io_uring | 12        | 16  | decrease  | desc        | asc        | 128        | 10.58    | 11.77    | 6   | 30637,30777,30917,30636,30776,30916 | 1.19     | 11.25    |
| 13  | 60         | 10000000 | 5000000   | 156250   | 4096    | 32    | 2    | io_uring | 12        | 16  | increase  | asc         | desc       | 64         | 6.49     | 7.59     | 6   | 19292,19432,19572,19291,19431,19571 | 1.1      | 16.95    |
| 19  | 20         | 10000000 | 5000000   | 476191   | 1024    | 512   | 2    | io_uring | 12        | 16  | decrease  | asc         | desc       | 512        | 13.43    | 14.53    | 6   | 29387,29527,29667,29386,29526,29666 | 1.1      | 8.19     |
| 12  | 20         | 10000000 | 625000    | 476191   | 1       | 2     | 16   | io_uring | 12        | 16  | decrease  | desc        | desc       | 8192       | 37.71    | 38.8     | 6   | 17692,17817,17942,17691,17816,17941 | 1.09     | 2.89     |
| 8   | 60         | 10000000 | 625000    | 156250   | 1       | 128   | 16   | io_uring | 12        | 16  | decrease  | desc        | desc       | 4096       | 11.46    | 12.54    | 6   | 11687,11812,11937,11686,11811,11936 | 1.08     | 9.42     |
| 2   | 40         | 10000000 | 625000    | 238096   | 1048576 | 32    | 16   | io_uring | 12        | 16  | increase  | desc        | desc       | 16         | 5.52     | 6.59     | 6   | 2647,2772,2897,2646,2771,2896       | 1.07     | 19.38    |
| 20  | 20         | 10000000 | 5000000   | 476191   | 1024    | 512   | 2    | worker   | 12        | 16  | decrease  | desc        | asc        | 524288     | 5662.79  | 5663.86  | 6   | 29857,29997,30137,29856,29996,30136 | 1.07     | 0.02     |
| 18  | 20         | 10000000 | 5000000   | 476191   | 1024    | 512   | 2    | io_uring | 12        | 16  | increase  | desc        | asc        | 32768      | 66.55    | 67.61    | 6   | 27317,27457,27597,27316,27456,27596 | 1.06     | 1.59     |
| 5   | 60         | 10000000 | 625000    | 156250   | 1       | 128   | 16   | worker   | 12        | 16  | increase  | asc         | asc        | 8192       | 19.25    | 20.31    | 6   | 6067,6192,6317,6066,6191,6316       | 1.06     | 5.51     |
| 10  | 20         | 10000000 | 625000    | 476191   | 1       | 2     | 16   | worker   | 12        | 16  | increase  | desc        | asc        | 8192       | 100.26   | 101.31   | 6   | 13567,13692,13817,13566,13691,13816 | 1.05     | 1.05     |
| 18  | 20         | 10000000 | 5000000   | 476191   | 1024    | 512   | 2    | worker   | 12        | 16  | increase  | desc        | desc       | 1024       | 20.93    | 21.96    | 6   | 26872,27012,27152,26871,27011,27151 | 1.03     | 4.92     |
| 18  | 20         | 10000000 | 5000000   | 476191   | 1024    | 512   | 2    | io_uring | 12        | 16  | increase  | desc        | desc       | 1024       | 22.45    | 23.47    | 6   | 27712,27852,27992,27711,27851,27991 | 1.02     | 4.54     |
| 3   | 40         | 10000000 | 625000    | 238096   | 1048576 | 32    | 16   | io_uring | 12        | 16  | decrease  | asc         | desc       | 16         | 4.12     | 5.13     | 6   | 4147,4272,4397,4146,4271,4396       | 1.01     | 24.51    |
| 9   | 20         | 10000000 | 625000    | 476191   | 1       | 2     | 16   | io_uring | 12        | 16  | increase  | asc         | asc        | 1024       | 7.66     | 8.67     | 6   | 12802,12927,13052,12801,12926,13051 | 1.01     | 13.19    |
| 6   | 60         | 10000000 | 625000    | 156250   | 1       | 128   | 16   | io_uring | 12        | 16  | increase  | desc        | asc        | 128036     | 1042.74  | 1043.75  | 6   | 8337,8462,8587,8336,8461,8586       | 1.01     | 0.1      |
| 3   | 40         | 10000000 | 625000    | 238096   | 1048576 | 32    | 16   | worker   | 12        | 16  | decrease  | asc         | asc        | 16         | 5.1      | 6.1      | 6   | 3022,3147,3272,3021,3146,3271       | 1.0      | 19.61    |
| 11  | 20         | 10000000 | 625000    | 476191   | 1       | 2     | 16   | worker   | 12        | 16  | decrease  | asc         | desc       | 2048       | 29.9     | 30.9     | 6   | 15432,15557,15682,15431,15556,15681 | 1.0      | 3.34     |
| 18  | 20         | 10000000 | 5000000   | 476191   | 1024    | 512   | 2    | io_uring | 12        | 16  | increase  | desc        | asc        | 65536      | 118.63   | 119.62   | 6   | 27322,27462,27602,27321,27461,27601 | 0.99     | 0.83     |
| 19  | 20         | 10000000 | 5000000   | 476191   | 1024    | 512   | 2    | io_uring | 12        | 16  | decrease  | asc         | desc       | 256        | 11.99    | 12.98    | 6   | 29382,29522,29662,29381,29521,29661 | 0.99     | 8.26     |
| 18  | 20         | 10000000 | 5000000   | 476191   | 1024    | 512   | 2    | worker   | 12        | 16  | increase  | desc        | asc        | 128        | 11.33    | 12.31    | 6   | 26437,26577,26717,26436,26576,26716 | 0.98     | 8.65     |
| 4   | 40         | 10000000 | 625000    | 238096   | 1048576 | 32    | 16   | worker   | 12        | 16  | decrease  | desc        | desc       | 16         | 5.23     | 6.18     | 6   | 4897,5022,5147,4896,5021,5146       | 0.95     | 18.16    |
| 11  | 20         | 10000000 | 625000    | 476191   | 1       | 2     | 16   | worker   | 12        | 16  | decrease  | asc         | desc       | 1024       | 18.09    | 19.04    | 6   | 15427,15552,15677,15426,15551,15676 | 0.95     | 5.25     |
| 13  | 60         | 10000000 | 5000000   | 156250   | 4096    | 32    | 2    | io_uring | 12        | 16  | increase  | asc         | asc        | 1024       | 10.22    | 11.17    | 6   | 18892,19032,19172,18891,19031,19171 | 0.95     | 9.3      |
| 16  | 60         | 10000000 | 5000000   | 156250   | 4096    | 32    | 2    | worker   | 12        | 16  | decrease  | desc        | asc        | 128        | 9.75     | 10.7     | 6   | 23077,23217,23357,23076,23216,23356 | 0.95     | 9.74     |
| 3   | 40         | 10000000 | 625000    | 238096   | 1048576 | 32    | 16   | io_uring | 12        | 16  | decrease  | asc         | asc        | 16         | 5.59     | 6.53     | 6   | 3772,3897,4022,3771,3896,4021       | 0.94     | 16.82    |
| 14  | 60         | 10000000 | 5000000   | 156250   | 4096    | 32    | 2    | io_uring | 12        | 16  | increase  | desc        | desc       | 128        | 10.52    | 11.45    | 6   | 20977,21117,21257,20976,21116,21256 | 0.93     | 8.84     |
| 19  | 20         | 10000000 | 5000000   | 476191   | 1024    | 512   | 2    | io_uring | 12        | 16  | decrease  | asc         | asc        | 512        | 17.15    | 18.07    | 6   | 28967,29107,29247,28966,29106,29246 | 0.92     | 5.36     |
| 18  | 20         | 10000000 | 5000000   | 476191   | 1024    | 512   | 2    | worker   | 12        | 16  | increase  | desc        | asc        | 32         | 5.53     | 6.45     | 6   | 26427,26567,26707,26426,26566,26706 | 0.92     | 16.64    |
| 19  | 20         | 10000000 | 5000000   | 476191   | 1024    | 512   | 2    | io_uring | 12        | 16  | decrease  | asc         | asc        | 256        | 14.35    | 15.27    | 6   | 28962,29102,29242,28961,29101,29241 | 0.92     | 6.41     |
| 20  | 20         | 10000000 | 5000000   | 476191   | 1024    | 512   | 2    | io_uring | 12        | 16  | decrease  | desc        | asc        | 256        | 14.38    | 15.28    | 6   | 30642,30782,30922,30641,30781,30921 | 0.9      | 6.26     |
| 15  | 60         | 10000000 | 5000000   | 156250   | 4096    | 32    | 2    | io_uring | 12        | 16  | decrease  | asc         | desc       | 64         | 7.47     | 8.36     | 6   | 22652,22792,22932,22651,22791,22931 | 0.89     | 11.91    |
| 9   | 20         | 10000000 | 625000    | 476191   | 1       | 2     | 16   | io_uring | 12        | 16  | increase  | asc         | asc        | 65536      | 262.8    | 263.66   | 6   | 12832,12957,13082,12831,12956,13081 | 0.86     | 0.33     |
| 17  | 20         | 10000000 | 5000000   | 476191   | 1024    | 512   | 2    | worker   | 12        | 16  | increase  | asc         | asc        | 4096       | 14.51    | 15.31    | 6   | 24782,24922,25062,24781,24921,25061 | 0.8      | 5.51     |
| 12  | 20         | 10000000 | 625000    | 476191   | 1       | 2     | 16   | io_uring | 12        | 16  | decrease  | desc        | desc       | 4096       | 20.78    | 21.57    | 6   | 17687,17812,17937,17686,17811,17936 | 0.79     | 3.8      |
| 19  | 20         | 10000000 | 5000000   | 476191   | 1024    | 512   | 2    | worker   | 12        | 16  | decrease  | asc         | asc        | 64         | 9.16     | 9.95     | 6   | 28112,28252,28392,28111,28251,28391 | 0.79     | 8.62     |
| 15  | 60         | 10000000 | 5000000   | 156250   | 4096    | 32    | 2    | worker   | 12        | 16  | decrease  | asc         | asc        | 65536      | 244.87   | 245.66   | 6   | 21442,21582,21722,21441,21581,21721 | 0.79     | 0.32     |
| 9   | 20         | 10000000 | 625000    | 476191   | 1       | 2     | 16   | worker   | 12        | 16  | increase  | asc         | asc        | 8192       | 38.11    | 38.89    | 6   | 12067,12192,12317,12066,12191,12316 | 0.78     | 2.05     |
| 14  | 60         | 10000000 | 5000000   | 156250   | 4096    | 32    | 2    | io_uring | 12        | 16  | increase  | desc        | desc       | 512        | 14.71    | 15.49    | 6   | 20987,21127,21267,20986,21126,21266 | 0.78     | 5.3      |
| 15  | 60         | 10000000 | 5000000   | 156250   | 4096    | 32    | 2    | worker   | 12        | 16  | decrease  | asc         | asc        | 2048       | 19.95    | 20.71    | 6   | 21417,21557,21697,21416,21556,21696 | 0.76     | 3.81     |
| 9   | 20         | 10000000 | 625000    | 476191   | 1       | 2     | 16   | io_uring | 12        | 16  | increase  | asc         | asc        | 512        | 5.73     | 6.49     | 6   | 12797,12922,13047,12796,12921,13046 | 0.76     | 13.26    |
| 19  | 20         | 10000000 | 5000000   | 476191   | 1024    | 512   | 2    | worker   | 12        | 16  | decrease  | asc         | asc        | 256        | 14.11    | 14.86    | 6   | 28122,28262,28402,28121,28261,28401 | 0.75     | 5.32     |
| 12  | 20         | 10000000 | 625000    | 476191   | 1       | 2     | 16   | io_uring | 12        | 16  | decrease  | desc        | desc       | 2048       | 13.01    | 13.75    | 6   | 17682,17807,17932,17681,17806,17931 | 0.74     | 5.69     |
| 14  | 60         | 10000000 | 5000000   | 156250   | 4096    | 32    | 2    | io_uring | 12        | 16  | increase  | desc        | desc       | 32         | 4.54     | 5.28     | 6   | 20967,21107,21247,20966,21106,21246 | 0.74     | 16.3     |
| 17  | 20         | 10000000 | 5000000   | 476191   | 1024    | 512   | 2    | worker   | 12        | 16  | increase  | asc         | asc        | 64         | 8.34     | 9.07     | 6   | 24752,24892,25032,24751,24891,25031 | 0.73     | 8.75     |
| 3   | 40         | 10000000 | 625000    | 238096   | 1048576 | 32    | 16   | worker   | 12        | 16  | decrease  | asc         | desc       | 16         | 4.61     | 5.34     | 6   | 3397,3522,3647,3396,3521,3646       | 0.73     | 15.84    |
| 4   | 40         | 10000000 | 625000    | 238096   | 1048576 | 32    | 16   | worker   | 12        | 16  | decrease  | desc        | asc        | 16         | 4.23     | 4.96     | 6   | 4522,4647,4772,4521,4646,4771       | 0.73     | 17.26    |
| 9   | 20         | 10000000 | 625000    | 476191   | 1       | 2     | 16   | io_uring | 12        | 16  | increase  | asc         | asc        | 2048       | 12.79    | 13.5     | 6   | 12807,12932,13057,12806,12931,13056 | 0.71     | 5.55     |
| 7   | 60         | 10000000 | 625000    | 156250   | 1       | 128   | 16   | io_uring | 12        | 16  | decrease  | asc         | desc       | 8192       | 73.46    | 74.16    | 6   | 10192,10317,10442,10191,10316,10441 | 0.7      | 0.95     |
| 17  | 20         | 10000000 | 5000000   | 476191   | 1024    | 512   | 2    | io_uring | 12        | 16  | increase  | asc         | desc       | 16         | 3.39     | 4.08     | 6   | 26002,26142,26282,26001,26141,26281 | 0.69     | 20.35    |
| 13  | 60         | 10000000 | 5000000   | 156250   | 4096    | 32    | 2    | worker   | 12        | 16  | increase  | asc         | asc        | 2048       | 12.43    | 13.12    | 6   | 18057,18197,18337,18056,18196,18336 | 0.69     | 5.55     |
| 7   | 60         | 10000000 | 625000    | 156250   | 1       | 128   | 16   | io_uring | 12        | 16  | decrease  | asc         | asc        | 512        | 18.1     | 18.79    | 6   | 9797,9922,10047,9796,9921,10046     | 0.69     | 3.81     |
| 8   | 60         | 10000000 | 625000    | 156250   | 1       | 128   | 16   | io_uring | 12        | 16  | decrease  | desc        | desc       | 16384      | 32.57    | 33.25    | 6   | 11697,11822,11947,11696,11821,11946 | 0.68     | 2.09     |
| 10  | 20         | 10000000 | 625000    | 476191   | 1       | 2     | 16   | worker   | 12        | 16  | increase  | desc        | asc        | 4096       | 52.84    | 53.52    | 6   | 13562,13687,13812,13561,13686,13811 | 0.68     | 1.29     |
| 13  | 60         | 10000000 | 5000000   | 156250   | 4096    | 32    | 2    | io_uring | 12        | 16  | increase  | asc         | asc        | 64         | 6.13     | 6.79     | 6   | 18872,19012,19152,18871,19011,19151 | 0.66     | 10.77    |
| 12  | 20         | 10000000 | 625000    | 476191   | 1       | 2     | 16   | io_uring | 12        | 16  | decrease  | desc        | desc       | 32768      | 130.55   | 131.21   | 6   | 17702,17827,17952,17701,17826,17951 | 0.66     | 0.51     |
| 7   | 60         | 10000000 | 625000    | 156250   | 1       | 128   | 16   | io_uring | 12        | 16  | decrease  | asc         | asc        | 65536      | 2010.64  | 2011.29  | 6   | 9832,9957,10082,9831,9956,10081     | 0.65     | 0.03     |
| 19  | 20         | 10000000 | 5000000   | 476191   | 1024    | 512   | 2    | io_uring | 12        | 16  | decrease  | asc         | asc        | 16         | 3.45     | 4.09     | 6   | 28942,29082,29222,28941,29081,29221 | 0.64     | 18.55    |
| 15  | 60         | 10000000 | 5000000   | 156250   | 4096    | 32    | 2    | io_uring | 12        | 16  | decrease  | asc         | asc        | 128        | 10.98    | 11.62    | 6   | 22237,22377,22517,22236,22376,22516 | 0.64     | 5.83     |
| 17  | 20         | 10000000 | 5000000   | 476191   | 1024    | 512   | 2    | io_uring | 12        | 16  | increase  | asc         | asc        | 256        | 12.27    | 12.9     | 6   | 25602,25742,25882,25601,25741,25881 | 0.63     | 5.13     |
| 16  | 60         | 10000000 | 5000000   | 156250   | 4096    | 32    | 2    | io_uring | 12        | 16  | decrease  | desc        | asc        | 64         | 7.11     | 7.74     | 6   | 23912,24052,24192,23911,24051,24191 | 0.63     | 8.86     |
| 16  | 60         | 10000000 | 5000000   | 156250   | 4096    | 32    | 2    | io_uring | 12        | 16  | decrease  | desc        | desc       | 64         | 6.66     | 7.28     | 6   | 24332,24472,24612,24331,24471,24611 | 0.62     | 9.31     |
| 8   | 60         | 10000000 | 625000    | 156250   | 1       | 128   | 16   | io_uring | 12        | 16  | decrease  | desc        | asc        | 8192       | 293.11   | 293.7    | 6   | 11317,11442,11567,11316,11441,11566 | 0.59     | 0.2      |
| 6   | 60         | 10000000 | 625000    | 156250   | 1       | 128   | 16   | io_uring | 12        | 16  | increase  | desc        | desc       | 2048       | 65.81    | 66.37    | 6   | 8682,8807,8932,8681,8806,8931       | 0.56     | 0.85     |
| 4   | 40         | 10000000 | 625000    | 238096   | 1048576 | 32    | 16   | io_uring | 12        | 16  | decrease  | desc        | asc        | 16         | 4.76     | 5.32     | 6   | 5272,5397,5522,5271,5396,5521       | 0.56     | 11.76    |
| 13  | 60         | 10000000 | 5000000   | 156250   | 4096    | 32    | 2    | worker   | 12        | 16  | increase  | asc         | asc        | 4096       | 13.36    | 13.92    | 6   | 18062,18202,18342,18061,18201,18341 | 0.56     | 4.19     |
| 6   | 60         | 10000000 | 625000    | 156250   | 1       | 128   | 16   | io_uring | 12        | 16  | increase  | desc        | desc       | 128        | 5.77     | 6.32     | 6   | 8662,8787,8912,8661,8786,8911       | 0.55     | 9.53     |
| 9   | 20         | 10000000 | 625000    | 476191   | 1       | 2     | 16   | io_uring | 12        | 16  | increase  | asc         | asc        | 128        | 3.36     | 3.91     | 6   | 12787,12912,13037,12786,12911,13036 | 0.55     | 16.37    |
| 12  | 20         | 10000000 | 625000    | 476191   | 1       | 2     | 16   | worker   | 12        | 16  | decrease  | desc        | desc       | 253036     | 980.1    | 980.64   | 6   | 16972,17097,17222,16971,17096,17221 | 0.54     | 0.06     |
| 18  | 20         | 10000000 | 5000000   | 476191   | 1024    | 512   | 2    | io_uring | 12        | 16  | increase  | desc        | asc        | 2048       | 17.29    | 17.82    | 6   | 27297,27437,27577,27296,27436,27576 | 0.53     | 3.07     |
| 20  | 20         | 10000000 | 5000000   | 476191   | 1024    | 512   | 2    | io_uring | 12        | 16  | decrease  | desc        | asc        | 32         | 6.08     | 6.61     | 6   | 30627,30767,30907,30626,30766,30906 | 0.53     | 8.72     |
| 5   | 60         | 10000000 | 625000    | 156250   | 1       | 128   | 16   | io_uring | 12        | 16  | increase  | asc         | asc        | 64         | 1.92     | 2.44     | 6   | 6782,6907,7032,6781,6906,7031       | 0.52     | 27.08    |
| 15  | 60         | 10000000 | 5000000   | 156250   | 4096    | 32    | 2    | io_uring | 12        | 16  | decrease  | asc         | asc        | 64         | 6.68     | 7.19     | 6   | 22232,22372,22512,22231,22371,22511 | 0.51     | 7.63     |
| 11  | 20         | 10000000 | 625000    | 476191   | 1       | 2     | 16   | worker   | 12        | 16  | decrease  | asc         | desc       | 128        | 4.3      | 4.8      | 6   | 15412,15537,15662,15411,15536,15661 | 0.5      | 11.63    |
| 18  | 20         | 10000000 | 5000000   | 476191   | 1024    | 512   | 2    | io_uring | 12        | 16  | increase  | desc        | asc        | 32         | 6.17     | 6.67     | 6   | 27267,27407,27547,27266,27406,27546 | 0.5      | 8.1      |
| 9   | 20         | 10000000 | 625000    | 476191   | 1       | 2     | 16   | worker   | 12        | 16  | increase  | asc         | asc        | 512        | 5.43     | 5.92     | 6   | 12047,12172,12297,12046,12171,12296 | 0.49     | 9.02     |
| 20  | 20         | 10000000 | 5000000   | 476191   | 1024    | 512   | 2    | io_uring | 12        | 16  | decrease  | desc        | desc       | 512        | 12.18    | 12.67    | 6   | 31067,31207,31347,31066,31206,31346 | 0.49     | 4.02     |
| 5   | 60         | 10000000 | 625000    | 156250   | 1       | 128   | 16   | worker   | 12        | 16  | increase  | asc         | asc        | 64         | 1.7      | 2.19     | 6   | 6032,6157,6282,6031,6156,6281       | 0.49     | 28.82    |
| 18  | 20         | 10000000 | 5000000   | 476191   | 1024    | 512   | 2    | io_uring | 12        | 16  | increase  | desc        | asc        | 8          | 1.99     | 2.48     | 6   | 27257,27397,27537,27256,27396,27536 | 0.49     | 24.62    |
| 2   | 40         | 10000000 | 625000    | 238096   | 1048576 | 32    | 16   | io_uring | 12        | 16  | increase  | desc        | asc        | 8          | 2.71     | 3.19     | 6   | 2267,2392,2517,2266,2391,2516       | 0.48     | 17.71    |
| 14  | 60         | 10000000 | 5000000   | 156250   | 4096    | 32    | 2    | io_uring | 12        | 16  | increase  | desc        | asc        | 16         | 2.44     | 2.91     | 6   | 20542,20682,20822,20541,20681,20821 | 0.47     | 19.26    |
| 17  | 20         | 10000000 | 5000000   | 476191   | 1024    | 512   | 2    | io_uring | 12        | 16  | increase  | asc         | desc       | 8192       | 104.29   | 104.76   | 6   | 26047,26187,26327,26046,26186,26326 | 0.47     | 0.45     |
| 20  | 20         | 10000000 | 5000000   | 476191   | 1024    | 512   | 2    | worker   | 12        | 16  | decrease  | desc        | desc       | 128        | 9.68     | 10.13    | 6   | 30217,30357,30497,30216,30356,30496 | 0.45     | 4.65     |
| 12  | 20         | 10000000 | 625000    | 476191   | 1       | 2     | 16   | io_uring | 12        | 16  | decrease  | desc        | desc       | 512        | 5.53     | 5.98     | 6   | 17672,17797,17922,17671,17796,17921 | 0.45     | 8.14     |
| 15  | 60         | 10000000 | 5000000   | 156250   | 4096    | 32    | 2    | worker   | 12        | 16  | decrease  | asc         | desc       | 32         | 4.23     | 4.67     | 6   | 21807,21947,22087,21806,21946,22086 | 0.44     | 10.4     |
| 8   | 60         | 10000000 | 625000    | 156250   | 1       | 128   | 16   | worker   | 12        | 16  | decrease  | desc        | desc       | 4096       | 11.55    | 11.98    | 6   | 10937,11062,11187,10936,11061,11186 | 0.43     | 3.72     |
| 13  | 60         | 10000000 | 5000000   | 156250   | 4096    | 32    | 2    | io_uring | 12        | 16  | increase  | asc         | asc        | 32         | 4.59     | 5.02     | 6   | 18867,19007,19147,18866,19006,19146 | 0.43     | 9.37     |
| 17  | 20         | 10000000 | 5000000   | 476191   | 1024    | 512   | 2    | worker   | 12        | 16  | increase  | asc         | asc        | 32         | 5.91     | 6.34     | 6   | 24747,24887,25027,24746,24886,25026 | 0.43     | 7.28     |
| 10  | 20         | 10000000 | 625000    | 476191   | 1       | 2     | 16   | worker   | 12        | 16  | increase  | desc        | asc        | 512        | 11.43    | 11.85    | 6   | 13547,13672,13797,13546,13671,13796 | 0.42     | 3.67     |
| 5   | 60         | 10000000 | 625000    | 156250   | 1       | 128   | 16   | worker   | 12        | 16  | increase  | asc         | desc       | 512        | 21.26    | 21.67    | 6   | 6422,6547,6672,6421,6546,6671       | 0.41     | 1.93     |
| 7   | 60         | 10000000 | 625000    | 156250   | 1       | 128   | 16   | io_uring | 12        | 16  | decrease  | asc         | asc        | 16         | 1.73     | 2.14     | 6   | 9772,9897,10022,9771,9896,10021     | 0.41     | 23.7     |
| 10  | 20         | 10000000 | 625000    | 476191   | 1       | 2     | 16   | worker   | 12        | 16  | increase  | desc        | asc        | 128        | 4.68     | 5.09     | 6   | 13537,13662,13787,13536,13661,13786 | 0.41     | 8.76     |
| 14  | 60         | 10000000 | 5000000   | 156250   | 4096    | 32    | 2    | worker   | 12        | 16  | increase  | desc        | desc       | 512        | 14.42    | 14.83    | 6   | 20147,20287,20427,20146,20286,20426 | 0.41     | 2.84     |
| 10  | 20         | 10000000 | 625000    | 476191   | 1       | 2     | 16   | worker   | 12        | 16  | increase  | desc        | desc       | 32         | 3.86     | 4.25     | 6   | 13902,14027,14152,13901,14026,14151 | 0.39     | 10.1     |
| 17  | 20         | 10000000 | 5000000   | 476191   | 1024    | 512   | 2    | io_uring | 12        | 16  | increase  | asc         | asc        | 128        | 12.25    | 12.63    | 6   | 25597,25737,25877,25596,25736,25876 | 0.38     | 3.1      |
| 5   | 60         | 10000000 | 625000    | 156250   | 1       | 128   | 16   | io_uring | 12        | 16  | increase  | asc         | asc        | 32         | 1.81     | 2.19     | 6   | 6777,6902,7027,6776,6901,7026       | 0.38     | 20.99    |
| 5   | 60         | 10000000 | 625000    | 156250   | 1       | 128   | 16   | io_uring | 12        | 16  | increase  | asc         | asc        | 378036     | 620.63   | 621.01   | 6   | 6857,6982,7107,6856,6981,7106       | 0.38     | 0.06     |
| 5   | 60         | 10000000 | 625000    | 156250   | 1       | 128   | 16   | io_uring | 12        | 16  | increase  | asc         | asc        | 8192       | 19.04    | 19.41    | 6   | 6817,6942,7067,6816,6941,7066       | 0.37     | 1.94     |
| 18  | 20         | 10000000 | 5000000   | 476191   | 1024    | 512   | 2    | io_uring | 12        | 16  | increase  | desc        | asc        | 16         | 3.55     | 3.91     | 6   | 27262,27402,27542,27261,27401,27541 | 0.36     | 10.14    |
| 1   | 40         | 10000000 | 625000    | 238096   | 1048576 | 32    | 16   | io_uring | 12        | 16  | increase  | asc         | asc        | 8          | 3.02     | 3.38     | 6   | 767,892,1017,766,891,1016           | 0.36     | 11.92    |
| 2   | 40         | 10000000 | 625000    | 238096   | 1048576 | 32    | 16   | worker   | 12        | 16  | increase  | desc        | asc        | 8          | 2.69     | 3.05     | 6   | 1517,1642,1767,1516,1641,1766       | 0.36     | 13.38    |
| 10  | 20         | 10000000 | 625000    | 476191   | 1       | 2     | 16   | io_uring | 12        | 16  | increase  | desc        | asc        | 64         | 2.52     | 2.88     | 6   | 14282,14407,14532,14281,14406,14531 | 0.36     | 14.29    |
| 7   | 60         | 10000000 | 625000    | 156250   | 1       | 128   | 16   | io_uring | 12        | 16  | decrease  | asc         | desc       | 4096       | 40.2     | 40.56    | 6   | 10187,10312,10437,10186,10311,10436 | 0.36     | 0.9      |
| 17  | 20         | 10000000 | 5000000   | 476191   | 1024    | 512   | 2    | worker   | 12        | 16  | increase  | asc         | desc       | 128        | 11.74    | 12.1     | 6   | 25177,25317,25457,25176,25316,25456 | 0.36     | 3.07     |
| 20  | 20         | 10000000 | 5000000   | 476191   | 1024    | 512   | 2    | worker   | 12        | 16  | decrease  | desc        | asc        | 256        | 14.99    | 15.35    | 6   | 29802,29942,30082,29801,29941,30081 | 0.36     | 2.4      |
| 17  | 20         | 10000000 | 5000000   | 476191   | 1024    | 512   | 2    | io_uring | 12        | 16  | increase  | asc         | asc        | 4096       | 15.12    | 15.47    | 6   | 25622,25762,25902,25621,25761,25901 | 0.35     | 2.31     |
| 20  | 20         | 10000000 | 5000000   | 476191   | 1024    | 512   | 2    | worker   | 12        | 16  | decrease  | desc        | desc       | 16         | 3.66     | 4.01     | 6   | 30202,30342,30482,30201,30341,30481 | 0.35     | 9.56     |
| 6   | 60         | 10000000 | 625000    | 156250   | 1       | 128   | 16   | io_uring | 12        | 16  | increase  | desc        | desc       | 64         | 3.38     | 3.72     | 6   | 8657,8782,8907,8656,8781,8906       | 0.34     | 10.06    |
| 9   | 20         | 10000000 | 625000    | 476191   | 1       | 2     | 16   | worker   | 12        | 16  | increase  | asc         | asc        | 256        | 3.92     | 4.26     | 6   | 12042,12167,12292,12041,12166,12291 | 0.34     | 8.67     |
| 19  | 20         | 10000000 | 5000000   | 476191   | 1024    | 512   | 2    | worker   | 12        | 16  | decrease  | asc         | desc       | 2048       | 16.73    | 17.07    | 6   | 28557,28697,28837,28556,28696,28836 | 0.34     | 2.03     |
| 7   | 60         | 10000000 | 625000    | 156250   | 1       | 128   | 16   | worker   | 12        | 16  | decrease  | asc         | desc       | 4          | 1.21     | 1.54     | 6   | 9387,9512,9637,9386,9511,9636       | 0.33     | 27.27    |
| 7   | 60         | 10000000 | 625000    | 156250   | 1       | 128   | 16   | io_uring | 12        | 16  | decrease  | asc         | desc       | 1024       | 13.81    | 14.13    | 6   | 10177,10302,10427,10176,10301,10426 | 0.32     | 2.32     |
| 9   | 20         | 10000000 | 625000    | 476191   | 1       | 2     | 16   | io_uring | 12        | 16  | increase  | asc         | desc       | 16         | 2.09     | 2.41     | 6   | 13147,13272,13397,13146,13271,13396 | 0.32     | 15.31    |
| 11  | 20         | 10000000 | 625000    | 476191   | 1       | 2     | 16   | io_uring | 12        | 16  | decrease  | asc         | desc       | 512        | 11.62    | 11.94    | 6   | 16172,16297,16422,16171,16296,16421 | 0.32     | 2.75     |
| 15  | 60         | 10000000 | 5000000   | 156250   | 4096    | 32    | 2    | io_uring | 12        | 16  | decrease  | asc         | asc        | 4          | 1.04     | 1.36     | 6   | 22212,22352,22492,22211,22351,22491 | 0.32     | 30.77    |
| 16  | 60         | 10000000 | 5000000   | 156250   | 4096    | 32    | 2    | worker   | 12        | 16  | decrease  | desc        | asc        | 8          | 1.62     | 1.93     | 6   | 23057,23197,23337,23056,23196,23336 | 0.31     | 19.14    |
| 8   | 60         | 10000000 | 625000    | 156250   | 1       | 128   | 16   | io_uring | 12        | 16  | decrease  | desc        | desc       | 1024       | 5.58     | 5.88     | 6   | 11677,11802,11927,11676,11801,11926 | 0.3      | 5.38     |
| 20  | 20         | 10000000 | 5000000   | 476191   | 1024    | 512   | 2    | worker   | 12        | 16  | decrease  | desc        | desc       | 32         | 5.88     | 6.18     | 6   | 30207,30347,30487,30206,30346,30486 | 0.3      | 5.1      |
| 17  | 20         | 10000000 | 5000000   | 476191   | 1024    | 512   | 2    | io_uring | 12        | 16  | increase  | asc         | desc       | 256        | 15.97    | 16.27    | 6   | 26022,26162,26302,26021,26161,26301 | 0.3      | 1.88     |
| 1   | 40         | 10000000 | 625000    | 238096   | 1048576 | 32    | 16   | worker   | 12        | 16  | increase  | asc         | desc       | 16         | 4.17     | 4.46     | 6   | 397,522,647,396,521,646             | 0.29     | 6.95     |
| 3   | 40         | 10000000 | 625000    | 238096   | 1048576 | 32    | 16   | io_uring | 12        | 16  | decrease  | asc         | desc       | 8          | 2.94     | 3.23     | 6   | 4142,4267,4392,4141,4266,4391       | 0.29     | 9.86     |
| 14  | 60         | 10000000 | 5000000   | 156250   | 4096    | 32    | 2    | io_uring | 12        | 16  | increase  | desc        | asc        | 64         | 6.87     | 7.16     | 6   | 20552,20692,20832,20551,20691,20831 | 0.29     | 4.22     |
| 17  | 20         | 10000000 | 5000000   | 476191   | 1024    | 512   | 2    | worker   | 12        | 16  | increase  | asc         | desc       | 16         | 3.57     | 3.86     | 6   | 25162,25302,25442,25161,25301,25441 | 0.29     | 8.12     |
| 7   | 60         | 10000000 | 625000    | 156250   | 1       | 128   | 16   | io_uring | 12        | 16  | decrease  | asc         | asc        | 2048       | 67.34    | 67.63    | 6   | 9807,9932,10057,9806,9931,10056     | 0.29     | 0.43     |
| 8   | 60         | 10000000 | 625000    | 156250   | 1       | 128   | 16   | io_uring | 12        | 16  | decrease  | desc        | asc        | 1024       | 37.8     | 38.08    | 6   | 11302,11427,11552,11301,11426,11551 | 0.28     | 0.74     |
| 15  | 60         | 10000000 | 5000000   | 156250   | 4096    | 32    | 2    | io_uring | 12        | 16  | decrease  | asc         | desc       | 8          | 1.56     | 1.84     | 6   | 22637,22777,22917,22636,22776,22916 | 0.28     | 17.95    |
| 17  | 20         | 10000000 | 5000000   | 476191   | 1024    | 512   | 2    | io_uring | 12        | 16  | increase  | asc         | asc        | 4          | 1.46     | 1.74     | 6   | 25572,25712,25852,25571,25711,25851 | 0.28     | 19.18    |
| 20  | 20         | 10000000 | 5000000   | 476191   | 1024    | 512   | 2    | io_uring | 12        | 16  | decrease  | desc        | desc       | 16         | 3.43     | 3.71     | 6   | 31042,31182,31322,31041,31181,31321 | 0.28     | 8.16     |
| 14  | 60         | 10000000 | 5000000   | 156250   | 4096    | 32    | 2    | worker   | 12        | 16  | increase  | desc        | asc        | 1024       | 15.72    | 16.0     | 6   | 19732,19872,20012,19731,19871,20011 | 0.28     | 1.78     |
| 5   | 60         | 10000000 | 625000    | 156250   | 1       | 128   | 16   | io_uring | 12        | 16  | increase  | asc         | asc        | 512        | 4.34     | 4.61     | 6   | 6797,6922,7047,6796,6921,7046       | 0.27     | 6.22     |
| 8   | 60         | 10000000 | 625000    | 156250   | 1       | 128   | 16   | io_uring | 12        | 16  | decrease  | desc        | asc        | 2          | 1.04     | 1.31     | 6   | 11257,11382,11507,11256,11381,11506 | 0.27     | 25.96    |
| 10  | 20         | 10000000 | 625000    | 476191   | 1       | 2     | 16   | worker   | 12        | 16  | increase  | desc        | asc        | 16         | 1.6      | 1.87     | 6   | 13522,13647,13772,13521,13646,13771 | 0.27     | 16.88    |
| 11  | 20         | 10000000 | 625000    | 476191   | 1       | 2     | 16   | worker   | 12        | 16  | decrease  | asc         | asc        | 16         | 2.14     | 2.41     | 6   | 15022,15147,15272,15021,15146,15271 | 0.27     | 12.62    |
| 14  | 60         | 10000000 | 5000000   | 156250   | 4096    | 32    | 2    | worker   | 12        | 16  | increase  | desc        | asc        | 32         | 4.16     | 4.43     | 6   | 19707,19847,19987,19706,19846,19986 | 0.27     | 6.49     |
| 16  | 60         | 10000000 | 5000000   | 156250   | 4096    | 32    | 2    | worker   | 12        | 16  | decrease  | desc        | desc       | 512        | 11.77    | 12.04    | 6   | 23507,23647,23787,23506,23646,23786 | 0.27     | 2.29     |
| 6   | 60         | 10000000 | 625000    | 156250   | 1       | 128   | 16   | io_uring | 12        | 16  | increase  | desc        | asc        | 4          | 1.09     | 1.34     | 6   | 8262,8387,8512,8261,8386,8511       | 0.25     | 22.94    |
| 8   | 60         | 10000000 | 625000    | 156250   | 1       | 128   | 16   | worker   | 12        | 16  | decrease  | desc        | desc       | 4          | 1.1      | 1.34     | 6   | 10887,11012,11137,10886,11011,11136 | 0.24     | 21.82    |
| 9   | 20         | 10000000 | 625000    | 476191   | 1       | 2     | 16   | worker   | 12        | 16  | increase  | asc         | desc       | 4          | 0.99     | 1.23     | 6   | 12387,12512,12637,12386,12511,12636 | 0.24     | 24.24    |
| 11  | 20         | 10000000 | 625000    | 476191   | 1       | 2     | 16   | io_uring | 12        | 16  | decrease  | asc         | desc       | 16         | 1.6      | 1.84     | 6   | 16147,16272,16397,16146,16271,16396 | 0.24     | 15.0     |
| 14  | 60         | 10000000 | 5000000   | 156250   | 4096    | 32    | 2    | io_uring | 12        | 16  | increase  | desc        | desc       | 2          | 0.77     | 1.01     | 6   | 20947,21087,21227,20946,21086,21226 | 0.24     | 31.17    |
| 2   | 40         | 10000000 | 625000    | 238096   | 1048576 | 32    | 16   | io_uring | 12        | 16  | increase  | desc        | desc       | 4          | 2.12     | 2.36     | 6   | 2637,2762,2887,2636,2761,2886       | 0.24     | 11.32    |
| 13  | 60         | 10000000 | 5000000   | 156250   | 4096    | 32    | 2    | worker   | 12        | 16  | increase  | asc         | desc       | 32         | 4.25     | 4.48     | 6   | 18447,18587,18727,18446,18586,18726 | 0.23     | 5.41     |
| 16  | 60         | 10000000 | 5000000   | 156250   | 4096    | 32    | 2    | worker   | 12        | 16  | decrease  | desc        | desc       | 32         | 4.88     | 5.11     | 6   | 23487,23627,23767,23486,23626,23766 | 0.23     | 4.71     |
| 9   | 20         | 10000000 | 625000    | 476191   | 1       | 2     | 16   | worker   | 12        | 16  | increase  | asc         | desc       | 16         | 2.14     | 2.37     | 6   | 12397,12522,12647,12396,12521,12646 | 0.23     | 10.75    |
| 11  | 20         | 10000000 | 625000    | 476191   | 1       | 2     | 16   | io_uring | 12        | 16  | decrease  | asc         | desc       | 64         | 2.69     | 2.92     | 6   | 16157,16282,16407,16156,16281,16406 | 0.23     | 8.55     |
| 13  | 60         | 10000000 | 5000000   | 156250   | 4096    | 32    | 2    | worker   | 12        | 16  | increase  | asc         | desc       | 8          | 1.43     | 1.66     | 6   | 18437,18577,18717,18436,18576,18716 | 0.23     | 16.08    |
| 16  | 60         | 10000000 | 5000000   | 156250   | 4096    | 32    | 2    | io_uring | 12        | 16  | decrease  | desc        | desc       | 16         | 2.77     | 3.0      | 6   | 24322,24462,24602,24321,24461,24601 | 0.23     | 8.3      |
| 16  | 60         | 10000000 | 5000000   | 156250   | 4096    | 32    | 2    | io_uring | 12        | 16  | decrease  | desc        | desc       | 32         | 4.73     | 4.96     | 6   | 24327,24467,24607,24326,24466,24606 | 0.23     | 4.86     |
| 17  | 20         | 10000000 | 5000000   | 476191   | 1024    | 512   | 2    | io_uring | 12        | 16  | increase  | asc         | asc        | 8          | 2.17     | 2.39     | 6   | 25577,25717,25857,25576,25716,25856 | 0.22     | 10.14    |
| 7   | 60         | 10000000 | 625000    | 156250   | 1       | 128   | 16   | worker   | 12        | 16  | decrease  | asc         | asc        | 16         | 1.78     | 2.0      | 6   | 9022,9147,9272,9021,9146,9271       | 0.22     | 12.36    |
| 5   | 60         | 10000000 | 625000    | 156250   | 1       | 128   | 16   | io_uring | 12        | 16  | increase  | asc         | desc       | 2048       | 73.99    | 74.21    | 6   | 7182,7307,7432,7181,7306,7431       | 0.22     | 0.3      |
| 12  | 20         | 10000000 | 625000    | 476191   | 1       | 2     | 16   | worker   | 12        | 16  | decrease  | desc        | desc       | 2048       | 13.2     | 13.41    | 6   | 16932,17057,17182,16931,17056,17181 | 0.21     | 1.59     |
| 16  | 60         | 10000000 | 5000000   | 156250   | 4096    | 32    | 2    | io_uring | 12        | 16  | decrease  | desc        | desc       | 1024       | 10.84    | 11.05    | 6   | 24352,24492,24632,24351,24491,24631 | 0.21     | 1.94     |
| 18  | 20         | 10000000 | 5000000   | 476191   | 1024    | 512   | 2    | worker   | 12        | 16  | increase  | desc        | asc        | 256        | 13.09    | 13.3     | 6   | 26442,26582,26722,26441,26581,26721 | 0.21     | 1.6      |
| 6   | 60         | 10000000 | 625000    | 156250   | 1       | 128   | 16   | worker   | 12        | 16  | increase  | desc        | asc        | 32         | 1.81     | 2.02     | 6   | 7527,7652,7777,7526,7651,7776       | 0.21     | 11.6     |
| 15  | 60         | 10000000 | 5000000   | 156250   | 4096    | 32    | 2    | worker   | 12        | 16  | decrease  | asc         | desc       | 64         | 7.39     | 7.6      | 6   | 21812,21952,22092,21811,21951,22091 | 0.21     | 2.84     |
| 5   | 60         | 10000000 | 625000    | 156250   | 1       | 128   | 16   | io_uring | 12        | 16  | increase  | asc         | asc        | 256        | 2.76     | 2.96     | 6   | 6792,6917,7042,6791,6916,7041       | 0.2      | 7.25     |
| 16  | 60         | 10000000 | 5000000   | 156250   | 4096    | 32    | 2    | worker   | 12        | 16  | decrease  | desc        | desc       | 8          | 1.54     | 1.74     | 6   | 23477,23617,23757,23476,23616,23756 | 0.2      | 12.99    |
| 3   | 40         | 10000000 | 625000    | 238096   | 1048576 | 32    | 16   | worker   | 12        | 16  | decrease  | asc         | desc       | 8          | 2.95     | 3.15     | 6   | 3392,3517,3642,3391,3516,3641       | 0.2      | 6.78     |
| 11  | 20         | 10000000 | 625000    | 476191   | 1       | 2     | 16   | io_uring | 12        | 16  | decrease  | asc         | desc       | 128        | 4.67     | 4.86     | 6   | 16162,16287,16412,16161,16286,16411 | 0.19     | 4.07     |
| 19  | 20         | 10000000 | 5000000   | 476191   | 1024    | 512   | 2    | io_uring | 12        | 16  | decrease  | asc         | asc        | 4          | 1.41     | 1.6      | 6   | 28932,29072,29212,28931,29071,29211 | 0.19     | 13.48    |
| 13  | 60         | 10000000 | 5000000   | 156250   | 4096    | 32    | 2    | worker   | 12        | 16  | increase  | asc         | asc        | 1          | 0.48     | 0.67     | 6   | 18002,18142,18282,18001,18141,18281 | 0.19     | 39.58    |
| 6   | 60         | 10000000 | 625000    | 156250   | 1       | 128   | 16   | io_uring | 12        | 16  | increase  | desc        | desc       | 32         | 2.4      | 2.59     | 6   | 8652,8777,8902,8651,8776,8901       | 0.19     | 7.92     |
| 10  | 20         | 10000000 | 625000    | 476191   | 1       | 2     | 16   | io_uring | 12        | 16  | increase  | desc        | desc       | 32         | 3.95     | 4.14     | 6   | 14652,14777,14902,14651,14776,14901 | 0.19     | 4.81     |
| 13  | 60         | 10000000 | 5000000   | 156250   | 4096    | 32    | 2    | worker   | 12        | 16  | increase  | asc         | desc       | 256        | 13.15    | 13.34    | 6   | 18462,18602,18742,18461,18601,18741 | 0.19     | 1.44     |
| 10  | 20         | 10000000 | 625000    | 476191   | 1       | 2     | 16   | io_uring | 12        | 16  | increase  | desc        | asc        | 1          | 0.83     | 1.01     | 6   | 14252,14377,14502,14251,14376,14501 | 0.18     | 21.69    |
| 14  | 60         | 10000000 | 5000000   | 156250   | 4096    | 32    | 2    | io_uring | 12        | 16  | increase  | desc        | asc        | 4          | 1.07     | 1.25     | 6   | 20532,20672,20812,20531,20671,20811 | 0.18     | 16.82    |
| 20  | 20         | 10000000 | 5000000   | 476191   | 1024    | 512   | 2    | io_uring | 12        | 16  | decrease  | desc        | desc       | 1024       | 11.92    | 12.1     | 6   | 31072,31212,31352,31071,31211,31351 | 0.18     | 1.51     |
| 13  | 60         | 10000000 | 5000000   | 156250   | 4096    | 32    | 2    | io_uring | 12        | 16  | increase  | asc         | desc       | 256        | 16.06    | 16.23    | 6   | 19302,19442,19582,19301,19441,19581 | 0.17     | 1.06     |
| 18  | 20         | 10000000 | 5000000   | 476191   | 1024    | 512   | 2    | io_uring | 12        | 16  | increase  | desc        | asc        | 4096       | 19.68    | 19.85    | 6   | 27302,27442,27582,27301,27441,27581 | 0.17     | 0.86     |
| 4   | 40         | 10000000 | 625000    | 238096   | 1048576 | 32    | 16   | io_uring | 12        | 16  | decrease  | desc        | desc       | 1          | 0.91     | 1.08     | 6   | 5627,5752,5877,5626,5751,5876       | 0.17     | 18.68    |
| 15  | 60         | 10000000 | 5000000   | 156250   | 4096    | 32    | 2    | io_uring | 12        | 16  | decrease  | asc         | asc        | 16         | 2.81     | 2.98     | 6   | 22222,22362,22502,22221,22361,22501 | 0.17     | 6.05     |
| 1   | 40         | 10000000 | 625000    | 238096   | 1048576 | 32    | 16   | worker   | 12        | 16  | increase  | asc         | asc        | 8          | 2.82     | 2.98     | 6   | 17,142,267,16,141,266               | 0.16     | 5.67     |
| 5   | 60         | 10000000 | 625000    | 156250   | 1       | 128   | 16   | io_uring | 12        | 16  | increase  | asc         | desc       | 512        | 19.18    | 19.34    | 6   | 7172,7297,7422,7171,7296,7421       | 0.16     | 0.83     |
| 7   | 60         | 10000000 | 625000    | 156250   | 1       | 128   | 16   | worker   | 12        | 16  | decrease  | asc         | desc       | 32         | 1.69     | 1.85     | 6   | 9402,9527,9652,9401,9526,9651       | 0.16     | 9.47     |
| 16  | 60         | 10000000 | 5000000   | 156250   | 4096    | 32    | 2    | io_uring | 12        | 16  | decrease  | desc        | asc        | 16         | 2.57     | 2.73     | 6   | 23902,24042,24182,23901,24041,24181 | 0.16     | 6.23     |
| 18  | 20         | 10000000 | 5000000   | 476191   | 1024    | 512   | 2    | worker   | 12        | 16  | increase  | desc        | desc       | 16         | 3.83     | 3.99     | 6   | 26842,26982,27122,26841,26981,27121 | 0.16     | 4.18     |
| 19  | 20         | 10000000 | 5000000   | 476191   | 1024    | 512   | 2    | worker   | 12        | 16  | decrease  | asc         | asc        | 16         | 4.06     | 4.22     | 6   | 28102,28242,28382,28101,28241,28381 | 0.16     | 3.94     |
| 9   | 20         | 10000000 | 625000    | 476191   | 1       | 2     | 16   | worker   | 12        | 16  | increase  | asc         | desc       | 2          | 0.91     | 1.07     | 6   | 12382,12507,12632,12381,12506,12631 | 0.16     | 17.58    |
| 13  | 60         | 10000000 | 5000000   | 156250   | 4096    | 32    | 2    | worker   | 12        | 16  | increase  | asc         | asc        | 4          | 0.85     | 1.01     | 6   | 18012,18152,18292,18011,18151,18291 | 0.16     | 18.82    |
| 7   | 60         | 10000000 | 625000    | 156250   | 1       | 128   | 16   | worker   | 12        | 16  | decrease  | asc         | asc        | 4          | 1.3      | 1.46     | 6   | 9012,9137,9262,9011,9136,9261       | 0.16     | 12.31    |
| 7   | 60         | 10000000 | 625000    | 156250   | 1       | 128   | 16   | io_uring | 12        | 16  | decrease  | asc         | desc       | 256        | 4.08     | 4.23     | 6   | 10167,10292,10417,10166,10291,10416 | 0.15     | 3.68     |
| 8   | 60         | 10000000 | 625000    | 156250   | 1       | 128   | 16   | io_uring | 12        | 16  | decrease  | desc        | asc        | 128        | 5.5      | 5.65     | 6   | 11287,11412,11537,11286,11411,11536 | 0.15     | 2.73     |
| 17  | 20         | 10000000 | 5000000   | 476191   | 1024    | 512   | 2    | worker   | 12        | 16  | increase  | asc         | desc       | 32         | 6.04     | 6.19     | 6   | 25167,25307,25447,25166,25306,25446 | 0.15     | 2.48     |
| 2   | 40         | 10000000 | 625000    | 238096   | 1048576 | 32    | 16   | io_uring | 12        | 16  | increase  | desc        | asc        | 2          | 1.22     | 1.37     | 6   | 2257,2382,2507,2256,2381,2506       | 0.15     | 12.3     |
| 2   | 40         | 10000000 | 625000    | 238096   | 1048576 | 32    | 16   | worker   | 12        | 16  | increase  | desc        | asc        | 4          | 1.67     | 1.82     | 6   | 1512,1637,1762,1511,1636,1761       | 0.15     | 8.98     |
| 6   | 60         | 10000000 | 625000    | 156250   | 1       | 128   | 16   | io_uring | 12        | 16  | increase  | desc        | desc       | 8          | 1.53     | 1.68     | 6   | 8642,8767,8892,8641,8766,8891       | 0.15     | 9.8      |
| 6   | 60         | 10000000 | 625000    | 156250   | 1       | 128   | 16   | worker   | 12        | 16  | increase  | desc        | desc       | 16         | 1.81     | 1.96     | 6   | 7897,8022,8147,7896,8021,8146       | 0.15     | 8.29     |
| 8   | 60         | 10000000 | 625000    | 156250   | 1       | 128   | 16   | io_uring | 12        | 16  | decrease  | desc        | desc       | 32         | 1.61     | 1.76     | 6   | 11652,11777,11902,11651,11776,11901 | 0.15     | 9.32     |
| 13  | 60         | 10000000 | 5000000   | 156250   | 4096    | 32    | 2    | io_uring | 12        | 16  | increase  | asc         | desc       | 4          | 0.98     | 1.13     | 6   | 19272,19412,19552,19271,19411,19551 | 0.15     | 15.31    |
| 8   | 60         | 10000000 | 625000    | 156250   | 1       | 128   | 16   | io_uring | 12        | 16  | decrease  | desc        | desc       | 32768      | 58.76    | 58.91    | 6   | 11702,11827,11952,11701,11826,11951 | 0.15     | 0.26     |
| 3   | 40         | 10000000 | 625000    | 238096   | 1048576 | 32    | 16   | io_uring | 12        | 16  | decrease  | asc         | asc        | 2          | 1.45     | 1.59     | 6   | 3757,3882,4007,3756,3881,4006       | 0.14     | 9.66     |
| 5   | 60         | 10000000 | 625000    | 156250   | 1       | 128   | 16   | worker   | 12        | 16  | increase  | asc         | asc        | 128        | 2.48     | 2.62     | 6   | 6037,6162,6287,6036,6161,6286       | 0.14     | 5.65     |
| 5   | 60         | 10000000 | 625000    | 156250   | 1       | 128   | 16   | worker   | 12        | 16  | increase  | asc         | desc       | 32         | 2.19     | 2.33     | 6   | 6402,6527,6652,6401,6526,6651       | 0.14     | 6.39     |
| 9   | 20         | 10000000 | 625000    | 476191   | 1       | 2     | 16   | io_uring | 12        | 16  | increase  | asc         | asc        | 256        | 3.82     | 3.96     | 6   | 12792,12917,13042,12791,12916,13041 | 0.14     | 3.66     |
| 18  | 20         | 10000000 | 5000000   | 476191   | 1024    | 512   | 2    | io_uring | 12        | 16  | increase  | desc        | desc       | 256        | 15.05    | 15.19    | 6   | 27702,27842,27982,27701,27841,27981 | 0.14     | 0.93     |
| 17  | 20         | 10000000 | 5000000   | 476191   | 1024    | 512   | 2    | io_uring | 12        | 16  | increase  | asc         | asc        | 64         | 8.43     | 8.56     | 6   | 25592,25732,25872,25591,25731,25871 | 0.13     | 1.54     |
| 8   | 60         | 10000000 | 625000    | 156250   | 1       | 128   | 16   | io_uring | 12        | 16  | decrease  | desc        | asc        | 32         | 2.05     | 2.18     | 6   | 11277,11402,11527,11276,11401,11526 | 0.13     | 6.34     |
| 5   | 60         | 10000000 | 625000    | 156250   | 1       | 128   | 16   | io_uring | 12        | 16  | increase  | asc         | desc       | 8          | 1.2      | 1.33     | 6   | 7142,7267,7392,7141,7266,7391       | 0.13     | 10.83    |
| 11  | 20         | 10000000 | 625000    | 476191   | 1       | 2     | 16   | io_uring | 12        | 16  | decrease  | asc         | asc        | 4          | 1.15     | 1.28     | 6   | 15762,15887,16012,15761,15886,16011 | 0.13     | 11.3     |
| 16  | 60         | 10000000 | 5000000   | 156250   | 4096    | 32    | 2    | io_uring | 12        | 16  | decrease  | desc        | asc        | 4          | 0.94     | 1.07     | 6   | 23892,24032,24172,23891,24031,24171 | 0.13     | 13.83    |
| 18  | 20         | 10000000 | 5000000   | 476191   | 1024    | 512   | 2    | worker   | 12        | 16  | increase  | desc        | desc       | 2          | 0.94     | 1.07     | 6   | 26827,26967,27107,26826,26966,27106 | 0.13     | 13.83    |
| 2   | 40         | 10000000 | 625000    | 238096   | 1048576 | 32    | 16   | io_uring | 12        | 16  | increase  | desc        | asc        | 1          | 0.88     | 1.01     | 6   | 2252,2377,2502,2251,2376,2501       | 0.13     | 14.77    |
| 12  | 20         | 10000000 | 625000    | 476191   | 1       | 2     | 16   | io_uring | 12        | 16  | decrease  | desc        | asc        | 1          | 0.73     | 0.86     | 6   | 17252,17377,17502,17251,17376,17501 | 0.13     | 17.81    |
| 4   | 40         | 10000000 | 625000    | 238096   | 1048576 | 32    | 16   | io_uring | 12        | 16  | decrease  | desc        | asc        | 4          | 1.83     | 1.96     | 6   | 5262,5387,5512,5261,5386,5511       | 0.13     | 7.1      |
| 7   | 60         | 10000000 | 625000    | 156250   | 1       | 128   | 16   | worker   | 12        | 16  | decrease  | asc         | desc       | 16         | 1.26     | 1.39     | 6   | 9397,9522,9647,9396,9521,9646       | 0.13     | 10.32    |
| 10  | 20         | 10000000 | 625000    | 476191   | 1       | 2     | 16   | worker   | 12        | 16  | increase  | desc        | desc       | 2          | 1.02     | 1.15     | 6   | 13882,14007,14132,13881,14006,14131 | 0.13     | 12.75    |
| 8   | 60         | 10000000 | 625000    | 156250   | 1       | 128   | 16   | worker   | 12        | 16  | decrease  | desc        | asc        | 32         | 1.94     | 2.06     | 6   | 10527,10652,10777,10526,10651,10776 | 0.12     | 6.19     |
| 19  | 20         | 10000000 | 5000000   | 476191   | 1024    | 512   | 2    | worker   | 12        | 16  | decrease  | asc         | asc        | 32         | 6.3      | 6.42     | 6   | 28107,28247,28387,28106,28246,28386 | 0.12     | 1.9      |
| 20  | 20         | 10000000 | 5000000   | 476191   | 1024    | 512   | 2    | worker   | 12        | 16  | decrease  | desc        | asc        | 16         | 3.6      | 3.72     | 6   | 29782,29922,30062,29781,29921,30061 | 0.12     | 3.33     |
| 3   | 40         | 10000000 | 625000    | 238096   | 1048576 | 32    | 16   | io_uring | 12        | 16  | decrease  | asc         | desc       | 1          | 0.89     | 1.01     | 6   | 4127,4252,4377,4126,4251,4376       | 0.12     | 13.48    |
| 4   | 40         | 10000000 | 625000    | 238096   | 1048576 | 32    | 16   | io_uring | 12        | 16  | decrease  | desc        | desc       | 2          | 1.33     | 1.45     | 6   | 5632,5757,5882,5631,5756,5881       | 0.12     | 9.02     |
| 4   | 40         | 10000000 | 625000    | 238096   | 1048576 | 32    | 16   | worker   | 12        | 16  | decrease  | desc        | desc       | 2          | 1.37     | 1.49     | 6   | 4882,5007,5132,4881,5006,5131       | 0.12     | 8.76     |
| 8   | 60         | 10000000 | 625000    | 156250   | 1       | 128   | 16   | worker   | 12        | 16  | decrease  | desc        | asc        | 8          | 1.26     | 1.38     | 6   | 10517,10642,10767,10516,10641,10766 | 0.12     | 9.52     |
| 12  | 20         | 10000000 | 625000    | 476191   | 1       | 2     | 16   | worker   | 12        | 16  | decrease  | desc        | asc        | 4          | 1.07     | 1.19     | 6   | 16512,16637,16762,16511,16636,16761 | 0.12     | 11.21    |
| 7   | 60         | 10000000 | 625000    | 156250   | 1       | 128   | 16   | io_uring | 12        | 16  | decrease  | asc         | asc        | 253036     | 7743.88  | 7744.0   | 6   | 9847,9972,10097,9846,9971,10096     | 0.12     | 0.0      |
| 7   | 60         | 10000000 | 625000    | 156250   | 1       | 128   | 16   | io_uring | 12        | 16  | decrease  | asc         | desc       | 16         | 1.51     | 1.62     | 6   | 10147,10272,10397,10146,10271,10396 | 0.11     | 7.28     |
| 10  | 20         | 10000000 | 625000    | 476191   | 1       | 2     | 16   | io_uring | 12        | 16  | increase  | desc        | asc        | 2          | 0.98     | 1.09     | 6   | 14257,14382,14507,14256,14381,14506 | 0.11     | 11.22    |
| 13  | 60         | 10000000 | 5000000   | 156250   | 4096    | 32    | 2    | io_uring | 12        | 16  | increase  | asc         | asc        | 4          | 0.91     | 1.02     | 6   | 18852,18992,19132,18851,18991,19131 | 0.11     | 12.09    |
| 8   | 60         | 10000000 | 625000    | 156250   | 1       | 128   | 16   | io_uring | 12        | 16  | decrease  | desc        | asc        | 64         | 3.2      | 3.31     | 6   | 11282,11407,11532,11281,11406,11531 | 0.11     | 3.44     |
| 8   | 60         | 10000000 | 625000    | 156250   | 1       | 128   | 16   | io_uring | 12        | 16  | decrease  | desc        | desc       | 128        | 2.49     | 2.6      | 6   | 11662,11787,11912,11661,11786,11911 | 0.11     | 4.42     |
| 10  | 20         | 10000000 | 625000    | 476191   | 1       | 2     | 16   | io_uring | 12        | 16  | increase  | desc        | desc       | 16         | 2.43     | 2.54     | 6   | 14647,14772,14897,14646,14771,14896 | 0.11     | 4.53     |
| 13  | 60         | 10000000 | 5000000   | 156250   | 4096    | 32    | 2    | worker   | 12        | 16  | increase  | asc         | desc       | 16         | 2.56     | 2.67     | 6   | 18442,18582,18722,18441,18581,18721 | 0.11     | 4.3      |
| 19  | 20         | 10000000 | 5000000   | 476191   | 1024    | 512   | 2    | io_uring | 12        | 16  | decrease  | asc         | desc       | 2048       | 16.84    | 16.95    | 6   | 29397,29537,29677,29396,29536,29676 | 0.11     | 0.65     |
| 3   | 40         | 10000000 | 625000    | 238096   | 1048576 | 32    | 16   | worker   | 12        | 16  | decrease  | asc         | asc        | 2          | 1.17     | 1.27     | 6   | 3007,3132,3257,3006,3131,3256       | 0.1      | 8.55     |
| 7   | 60         | 10000000 | 625000    | 156250   | 1       | 128   | 16   | worker   | 12        | 16  | decrease  | asc         | asc        | 8          | 1.16     | 1.26     | 6   | 9017,9142,9267,9016,9141,9266       | 0.1      | 8.62     |
| 9   | 20         | 10000000 | 625000    | 476191   | 1       | 2     | 16   | io_uring | 12        | 16  | increase  | asc         | asc        | 32         | 2.21     | 2.31     | 6   | 12777,12902,13027,12776,12901,13026 | 0.1      | 4.52     |
| 10  | 20         | 10000000 | 625000    | 476191   | 1       | 2     | 16   | worker   | 12        | 16  | increase  | desc        | desc       | 1          | 0.95     | 1.05     | 6   | 13877,14002,14127,13876,14001,14126 | 0.1      | 10.53    |
| 11  | 20         | 10000000 | 625000    | 476191   | 1       | 2     | 16   | io_uring | 12        | 16  | decrease  | asc         | desc       | 8          | 1.43     | 1.53     | 6   | 16142,16267,16392,16141,16266,16391 | 0.1      | 6.99     |
| 12  | 20         | 10000000 | 625000    | 476191   | 1       | 2     | 16   | worker   | 12        | 16  | decrease  | desc        | desc       | 2          | 0.98     | 1.08     | 6   | 16882,17007,17132,16881,17006,17131 | 0.1      | 10.2     |
| 4   | 40         | 10000000 | 625000    | 238096   | 1048576 | 32    | 16   | worker   | 12        | 16  | decrease  | desc        | desc       | 1          | 0.86     | 0.96     | 6   | 4877,5002,5127,4876,5001,5126       | 0.1      | 11.63    |
| 8   | 60         | 10000000 | 625000    | 156250   | 1       | 128   | 16   | worker   | 12        | 16  | decrease  | desc        | asc        | 4          | 0.89     | 0.99     | 6   | 10512,10637,10762,10511,10636,10761 | 0.1      | 11.24    |
| 20  | 20         | 10000000 | 5000000   | 476191   | 1024    | 512   | 2    | worker   | 12        | 16  | decrease  | desc        | desc       | 1          | 0.66     | 0.76     | 6   | 30182,30322,30462,30181,30321,30461 | 0.1      | 15.15    |
| 10  | 20         | 10000000 | 625000    | 476191   | 1       | 2     | 16   | io_uring | 12        | 16  | increase  | desc        | asc        | 4          | 1.04     | 1.14     | 6   | 14262,14387,14512,14261,14386,14511 | 0.1      | 9.62     |
| 10  | 20         | 10000000 | 625000    | 476191   | 1       | 2     | 16   | io_uring | 12        | 16  | increase  | desc        | asc        | 8          | 1.57     | 1.67     | 6   | 14267,14392,14517,14266,14391,14516 | 0.1      | 6.37     |
| 10  | 20         | 10000000 | 625000    | 476191   | 1       | 2     | 16   | io_uring | 12        | 16  | increase  | desc        | asc        | 512        | 12.14    | 12.24    | 6   | 14297,14422,14547,14296,14421,14546 | 0.1      | 0.82     |
| 12  | 20         | 10000000 | 625000    | 476191   | 1       | 2     | 16   | worker   | 12        | 16  | decrease  | desc        | desc       | 512        | 5.83     | 5.93     | 6   | 16922,17047,17172,16921,17046,17171 | 0.1      | 1.72     |
| 15  | 60         | 10000000 | 5000000   | 156250   | 4096    | 32    | 2    | io_uring | 12        | 16  | decrease  | asc         | desc       | 32         | 4.56     | 4.65     | 6   | 22647,22787,22927,22646,22786,22926 | 0.09     | 1.97     |
| 5   | 60         | 10000000 | 625000    | 156250   | 1       | 128   | 16   | io_uring | 12        | 16  | increase  | asc         | asc        | 16         | 1.41     | 1.5      | 6   | 6772,6897,7022,6771,6896,7021       | 0.09     | 6.38     |
| 6   | 60         | 10000000 | 625000    | 156250   | 1       | 128   | 16   | worker   | 12        | 16  | increase  | desc        | desc       | 2          | 1.15     | 1.24     | 6   | 7882,8007,8132,7881,8006,8131       | 0.09     | 7.83     |
| 7   | 60         | 10000000 | 625000    | 156250   | 1       | 128   | 16   | io_uring | 12        | 16  | decrease  | asc         | desc       | 4          | 1.02     | 1.11     | 6   | 10137,10262,10387,10136,10261,10386 | 0.09     | 8.82     |
| 13  | 60         | 10000000 | 5000000   | 156250   | 4096    | 32    | 2    | worker   | 12        | 16  | increase  | asc         | desc       | 1          | 0.57     | 0.66     | 6   | 18422,18562,18702,18421,18561,18701 | 0.09     | 15.79    |
| 16  | 60         | 10000000 | 5000000   | 156250   | 4096    | 32    | 2    | io_uring | 12        | 16  | decrease  | desc        | asc        | 8          | 1.53     | 1.62     | 6   | 23897,24037,24177,23896,24036,24176 | 0.09     | 5.88     |
| 19  | 20         | 10000000 | 5000000   | 476191   | 1024    | 512   | 2    | io_uring | 12        | 16  | decrease  | asc         | desc       | 4          | 1.53     | 1.62     | 6   | 29352,29492,29632,29351,29491,29631 | 0.09     | 5.88     |
| 2   | 40         | 10000000 | 625000    | 238096   | 1048576 | 32    | 16   | io_uring | 12        | 16  | increase  | desc        | desc       | 1          | 0.89     | 0.98     | 6   | 2627,2752,2877,2626,2751,2876       | 0.09     | 10.11    |
| 11  | 20         | 10000000 | 625000    | 476191   | 1       | 2     | 16   | worker   | 12        | 16  | decrease  | asc         | asc        | 2          | 0.88     | 0.97     | 6   | 15007,15132,15257,15006,15131,15256 | 0.09     | 10.23    |
| 3   | 40         | 10000000 | 625000    | 238096   | 1048576 | 32    | 16   | worker   | 12        | 16  | decrease  | asc         | desc       | 4          | 1.83     | 1.92     | 6   | 3387,3512,3637,3386,3511,3636       | 0.09     | 4.92     |
| 7   | 60         | 10000000 | 625000    | 156250   | 1       | 128   | 16   | io_uring | 12        | 16  | decrease  | asc         | asc        | 4          | 1.31     | 1.4      | 6   | 9762,9887,10012,9761,9886,10011     | 0.09     | 6.87     |
| 8   | 60         | 10000000 | 625000    | 156250   | 1       | 128   | 16   | io_uring | 12        | 16  | decrease  | desc        | desc       | 256        | 2.96     | 3.05     | 6   | 11667,11792,11917,11666,11791,11916 | 0.09     | 3.04     |
| 14  | 60         | 10000000 | 5000000   | 156250   | 4096    | 32    | 2    | io_uring | 12        | 16  | increase  | desc        | asc        | 512        | 13.7     | 13.79    | 6   | 20567,20707,20847,20566,20706,20846 | 0.09     | 0.66     |
| 1   | 40         | 10000000 | 625000    | 238096   | 1048576 | 32    | 16   | worker   | 12        | 16  | increase  | asc         | asc        | 1          | 0.84     | 0.92     | 6   | 2,127,252,1,126,251                 | 0.08     | 9.52     |
| 1   | 40         | 10000000 | 625000    | 238096   | 1048576 | 32    | 16   | worker   | 12        | 16  | increase  | asc         | desc       | 8          | 2.48     | 2.56     | 6   | 392,517,642,391,516,641             | 0.08     | 3.23     |
| 2   | 40         | 10000000 | 625000    | 238096   | 1048576 | 32    | 16   | worker   | 12        | 16  | increase  | desc        | asc        | 2          | 1.14     | 1.22     | 6   | 1507,1632,1757,1506,1631,1756       | 0.08     | 7.02     |
| 8   | 60         | 10000000 | 625000    | 156250   | 1       | 128   | 16   | worker   | 12        | 16  | decrease  | desc        | desc       | 2          | 0.98     | 1.06     | 6   | 10882,11007,11132,10881,11006,11131 | 0.08     | 8.16     |
| 9   | 20         | 10000000 | 625000    | 476191   | 1       | 2     | 16   | io_uring | 12        | 16  | increase  | asc         | asc        | 2          | 1.01     | 1.09     | 6   | 12757,12882,13007,12756,12881,13006 | 0.08     | 7.92     |
| 11  | 20         | 10000000 | 625000    | 476191   | 1       | 2     | 16   | io_uring | 12        | 16  | decrease  | asc         | desc       | 32         | 2.46     | 2.54     | 6   | 16152,16277,16402,16151,16276,16401 | 0.08     | 3.25     |
| 15  | 60         | 10000000 | 5000000   | 156250   | 4096    | 32    | 2    | worker   | 12        | 16  | decrease  | asc         | desc       | 8          | 1.67     | 1.75     | 6   | 21797,21937,22077,21796,21936,22076 | 0.08     | 4.79     |
| 18  | 20         | 10000000 | 5000000   | 476191   | 1024    | 512   | 2    | io_uring | 12        | 16  | increase  | desc        | desc       | 8          | 2.28     | 2.36     | 6   | 27677,27817,27957,27676,27816,27956 | 0.08     | 3.51     |
| 20  | 20         | 10000000 | 5000000   | 476191   | 1024    | 512   | 2    | worker   | 12        | 16  | decrease  | desc        | asc        | 32         | 5.84     | 5.92     | 6   | 29787,29927,30067,29786,29926,30066 | 0.08     | 1.37     |
| 9   | 20         | 10000000 | 625000    | 476191   | 1       | 2     | 16   | worker   | 12        | 16  | increase  | asc         | desc       | 1          | 0.81     | 0.89     | 6   | 12377,12502,12627,12376,12501,12626 | 0.08     | 9.88     |
| 17  | 20         | 10000000 | 5000000   | 476191   | 1024    | 512   | 2    | io_uring | 12        | 16  | increase  | asc         | asc        | 1          | 0.65     | 0.73     | 6   | 25562,25702,25842,25561,25701,25841 | 0.08     | 12.31    |
| 6   | 60         | 10000000 | 625000    | 156250   | 1       | 128   | 16   | worker   | 12        | 16  | increase  | desc        | asc        | 4          | 1.11     | 1.19     | 6   | 7512,7637,7762,7511,7636,7761       | 0.08     | 7.21     |
| 8   | 60         | 10000000 | 625000    | 156250   | 1       | 128   | 16   | worker   | 12        | 16  | decrease  | desc        | desc       | 1          | 1.05     | 1.13     | 6   | 10877,11002,11127,10876,11001,11126 | 0.08     | 7.62     |
| 5   | 60         | 10000000 | 625000    | 156250   | 1       | 128   | 16   | io_uring | 12        | 16  | increase  | asc         | desc       | 1024       | 37.79    | 37.86    | 6   | 7177,7302,7427,7176,7301,7426       | 0.07     | 0.19     |
| 12  | 20         | 10000000 | 625000    | 476191   | 1       | 2     | 16   | worker   | 12        | 16  | decrease  | desc        | desc       | 4096       | 21.33    | 21.4     | 6   | 16937,17062,17187,16936,17061,17186 | 0.07     | 0.33     |
| 3   | 40         | 10000000 | 625000    | 238096   | 1048576 | 32    | 16   | worker   | 12        | 16  | decrease  | asc         | desc       | 1          | 0.82     | 0.89     | 6   | 3377,3502,3627,3376,3501,3626       | 0.07     | 8.54     |
| 7   | 60         | 10000000 | 625000    | 156250   | 1       | 128   | 16   | io_uring | 12        | 16  | decrease  | asc         | desc       | 8          | 1.15     | 1.22     | 6   | 10142,10267,10392,10141,10266,10391 | 0.07     | 6.09     |
| 8   | 60         | 10000000 | 625000    | 156250   | 1       | 128   | 16   | worker   | 12        | 16  | decrease  | desc        | asc        | 2          | 1.05     | 1.12     | 6   | 10507,10632,10757,10506,10631,10756 | 0.07     | 6.67     |
| 9   | 20         | 10000000 | 625000    | 476191   | 1       | 2     | 16   | worker   | 12        | 16  | increase  | asc         | asc        | 2          | 1.0      | 1.07     | 6   | 12007,12132,12257,12006,12131,12256 | 0.07     | 7.0      |
| 12  | 20         | 10000000 | 625000    | 476191   | 1       | 2     | 16   | io_uring | 12        | 16  | decrease  | desc        | desc       | 1          | 0.98     | 1.05     | 6   | 17627,17752,17877,17626,17751,17876 | 0.07     | 7.14     |
| 14  | 60         | 10000000 | 5000000   | 156250   | 4096    | 32    | 2    | worker   | 12        | 16  | increase  | desc        | asc        | 8          | 1.69     | 1.76     | 6   | 19697,19837,19977,19696,19836,19976 | 0.07     | 4.14     |
| 15  | 60         | 10000000 | 5000000   | 156250   | 4096    | 32    | 2    | worker   | 12        | 16  | decrease  | asc         | desc       | 4          | 1.22     | 1.29     | 6   | 21792,21932,22072,21791,21931,22071 | 0.07     | 5.74     |
| 17  | 20         | 10000000 | 5000000   | 476191   | 1024    | 512   | 2    | io_uring | 12        | 16  | increase  | asc         | desc       | 2          | 0.86     | 0.93     | 6   | 25987,26127,26267,25986,26126,26266 | 0.07     | 8.14     |
| 2   | 40         | 10000000 | 625000    | 238096   | 1048576 | 32    | 16   | worker   | 12        | 16  | increase  | desc        | desc       | 2          | 1.37     | 1.44     | 6   | 1882,2007,2132,1881,2006,2131       | 0.07     | 5.11     |
| 3   | 40         | 10000000 | 625000    | 238096   | 1048576 | 32    | 16   | io_uring | 12        | 16  | decrease  | asc         | desc       | 4          | 1.81     | 1.88     | 6   | 4137,4262,4387,4136,4261,4386       | 0.07     | 3.87     |
| 11  | 20         | 10000000 | 625000    | 476191   | 1       | 2     | 16   | io_uring | 12        | 16  | decrease  | asc         | asc        | 16         | 2.49     | 2.56     | 6   | 15772,15897,16022,15771,15896,16021 | 0.07     | 2.81     |
| 11  | 20         | 10000000 | 625000    | 476191   | 1       | 2     | 16   | io_uring | 12        | 16  | decrease  | asc         | desc       | 4          | 1.07     | 1.14     | 6   | 16137,16262,16387,16136,16261,16386 | 0.07     | 6.54     |
| 19  | 20         | 10000000 | 5000000   | 476191   | 1024    | 512   | 2    | worker   | 12        | 16  | decrease  | asc         | asc        | 8          | 2.27     | 2.34     | 6   | 28097,28237,28377,28096,28236,28376 | 0.07     | 3.08     |
| 18  | 20         | 10000000 | 5000000   | 476191   | 1024    | 512   | 2    | io_uring | 12        | 16  | increase  | desc        | desc       | 32         | 6.24     | 6.31     | 6   | 27687,27827,27967,27686,27826,27966 | 0.07     | 1.12     |
| 5   | 60         | 10000000 | 625000    | 156250   | 1       | 128   | 16   | io_uring | 12        | 16  | increase  | asc         | desc       | 32         | 2.15     | 2.21     | 6   | 7152,7277,7402,7151,7276,7401       | 0.06     | 2.79     |
| 6   | 60         | 10000000 | 625000    | 156250   | 1       | 128   | 16   | worker   | 12        | 16  | increase  | desc        | asc        | 8          | 1.22     | 1.28     | 6   | 7517,7642,7767,7516,7641,7766       | 0.06     | 4.92     |
| 7   | 60         | 10000000 | 625000    | 156250   | 1       | 128   | 16   | worker   | 12        | 16  | decrease  | asc         | desc       | 1          | 0.97     | 1.03     | 6   | 9377,9502,9627,9376,9501,9626       | 0.06     | 6.19     |
| 9   | 20         | 10000000 | 625000    | 476191   | 1       | 2     | 16   | worker   | 12        | 16  | increase  | asc         | asc        | 128        | 3.43     | 3.49     | 6   | 12037,12162,12287,12036,12161,12286 | 0.06     | 1.75     |
| 12  | 20         | 10000000 | 625000    | 476191   | 1       | 2     | 16   | worker   | 12        | 16  | decrease  | desc        | desc       | 32         | 2.54     | 2.6      | 6   | 16902,17027,17152,16901,17026,17151 | 0.06     | 2.36     |
| 16  | 60         | 10000000 | 5000000   | 156250   | 4096    | 32    | 2    | io_uring | 12        | 16  | decrease  | desc        | desc       | 8          | 1.77     | 1.83     | 6   | 24317,24457,24597,24316,24456,24596 | 0.06     | 3.39     |
| 19  | 20         | 10000000 | 5000000   | 476191   | 1024    | 512   | 2    | io_uring | 12        | 16  | decrease  | asc         | desc       | 2          | 1.01     | 1.07     | 6   | 29347,29487,29627,29346,29486,29626 | 0.06     | 5.94     |
| 19  | 20         | 10000000 | 5000000   | 476191   | 1024    | 512   | 2    | worker   | 12        | 16  | decrease  | asc         | asc        | 1          | 0.7      | 0.76     | 6   | 28082,28222,28362,28081,28221,28361 | 0.06     | 8.57     |
| 3   | 40         | 10000000 | 625000    | 238096   | 1048576 | 32    | 16   | io_uring | 12        | 16  | decrease  | asc         | asc        | 8          | 3.74     | 3.8      | 6   | 3767,3892,4017,3766,3891,4016       | 0.06     | 1.6      |
| 1   | 40         | 10000000 | 625000    | 238096   | 1048576 | 32    | 16   | io_uring | 12        | 16  | increase  | asc         | asc        | 1          | 0.85     | 0.9      | 6   | 752,877,1002,751,876,1001           | 0.05     | 5.88     |
| 9   | 20         | 10000000 | 625000    | 476191   | 1       | 2     | 16   | worker   | 12        | 16  | increase  | asc         | asc        | 8          | 1.49     | 1.54     | 6   | 12017,12142,12267,12016,12141,12266 | 0.05     | 3.36     |
| 12  | 20         | 10000000 | 625000    | 476191   | 1       | 2     | 16   | io_uring | 12        | 16  | decrease  | desc        | desc       | 16         | 1.7      | 1.75     | 6   | 17647,17772,17897,17646,17771,17896 | 0.05     | 2.94     |
| 13  | 60         | 10000000 | 5000000   | 156250   | 4096    | 32    | 2    | io_uring | 12        | 16  | increase  | asc         | desc       | 2          | 0.75     | 0.8      | 6   | 19267,19407,19547,19266,19406,19546 | 0.05     | 6.67     |
| 13  | 60         | 10000000 | 5000000   | 156250   | 4096    | 32    | 2    | worker   | 12        | 16  | increase  | asc         | asc        | 2          | 0.73     | 0.78     | 6   | 18007,18147,18287,18006,18146,18286 | 0.05     | 6.85     |
| 13  | 60         | 10000000 | 5000000   | 156250   | 4096    | 32    | 2    | worker   | 12        | 16  | increase  | asc         | desc       | 2          | 0.71     | 0.76     | 6   | 18427,18567,18707,18426,18566,18706 | 0.05     | 7.04     |
| 17  | 20         | 10000000 | 5000000   | 476191   | 1024    | 512   | 2    | io_uring | 12        | 16  | increase  | asc         | asc        | 2          | 0.97     | 1.02     | 6   | 25567,25707,25847,25566,25706,25846 | 0.05     | 5.15     |
| 19  | 20         | 10000000 | 5000000   | 476191   | 1024    | 512   | 2    | io_uring | 12        | 16  | decrease  | asc         | desc       | 1          | 0.76     | 0.81     | 6   | 29342,29482,29622,29341,29481,29621 | 0.05     | 6.58     |
| 20  | 20         | 10000000 | 5000000   | 476191   | 1024    | 512   | 2    | io_uring | 12        | 16  | decrease  | desc        | asc        | 4          | 1.28     | 1.33     | 6   | 30612,30752,30892,30611,30751,30891 | 0.05     | 3.91     |
| 16  | 60         | 10000000 | 5000000   | 156250   | 4096    | 32    | 2    | worker   | 12        | 16  | decrease  | desc        | desc       | 4          | 0.92     | 0.97     | 6   | 23472,23612,23752,23471,23611,23751 | 0.05     | 5.43     |
| 2   | 40         | 10000000 | 625000    | 238096   | 1048576 | 32    | 16   | worker   | 12        | 16  | increase  | desc        | desc       | 4          | 2.16     | 2.21     | 6   | 1887,2012,2137,1886,2011,2136       | 0.05     | 2.31     |
| 6   | 60         | 10000000 | 625000    | 156250   | 1       | 128   | 16   | io_uring | 12        | 16  | increase  | desc        | asc        | 1          | 1.09     | 1.14     | 6   | 8252,8377,8502,8251,8376,8501       | 0.05     | 4.59     |
| 9   | 20         | 10000000 | 625000    | 476191   | 1       | 2     | 16   | io_uring | 12        | 16  | increase  | asc         | desc       | 8          | 1.6      | 1.65     | 6   | 13142,13267,13392,13141,13266,13391 | 0.05     | 3.12     |
| 13  | 60         | 10000000 | 5000000   | 156250   | 4096    | 32    | 2    | worker   | 12        | 16  | increase  | asc         | asc        | 32         | 4.57     | 4.62     | 6   | 18027,18167,18307,18026,18166,18306 | 0.05     | 1.09     |
| 4   | 40         | 10000000 | 625000    | 238096   | 1048576 | 32    | 16   | io_uring | 12        | 16  | decrease  | desc        | asc        | 8          | 3.14     | 3.18     | 6   | 5267,5392,5517,5266,5391,5516       | 0.04     | 1.27     |
| 5   | 60         | 10000000 | 625000    | 156250   | 1       | 128   | 16   | worker   | 12        | 16  | increase  | asc         | desc       | 2          | 1.17     | 1.21     | 6   | 6382,6507,6632,6381,6506,6631       | 0.04     | 3.42     |
| 6   | 60         | 10000000 | 625000    | 156250   | 1       | 128   | 16   | worker   | 12        | 16  | increase  | desc        | asc        | 2          | 1.04     | 1.08     | 6   | 7507,7632,7757,7506,7631,7756       | 0.04     | 3.85     |
| 7   | 60         | 10000000 | 625000    | 156250   | 1       | 128   | 16   | worker   | 12        | 16  | decrease  | asc         | desc       | 2          | 1.05     | 1.09     | 6   | 9382,9507,9632,9381,9506,9631       | 0.04     | 3.81     |
| 10  | 20         | 10000000 | 625000    | 476191   | 1       | 2     | 16   | worker   | 12        | 16  | increase  | desc        | asc        | 2          | 0.98     | 1.02     | 6   | 13507,13632,13757,13506,13631,13756 | 0.04     | 4.08     |
| 10  | 20         | 10000000 | 625000    | 476191   | 1       | 2     | 16   | worker   | 12        | 16  | increase  | desc        | desc       | 4          | 1.29     | 1.33     | 6   | 13887,14012,14137,13886,14011,14136 | 0.04     | 3.1      |
| 11  | 20         | 10000000 | 625000    | 476191   | 1       | 2     | 16   | worker   | 12        | 16  | decrease  | asc         | desc       | 1          | 0.85     | 0.89     | 6   | 15377,15502,15627,15376,15501,15626 | 0.04     | 4.71     |
| 17  | 20         | 10000000 | 5000000   | 476191   | 1024    | 512   | 2    | io_uring | 12        | 16  | increase  | asc         | desc       | 8          | 2.37     | 2.41     | 6   | 25997,26137,26277,25996,26136,26276 | 0.04     | 1.69     |
| 17  | 20         | 10000000 | 5000000   | 476191   | 1024    | 512   | 2    | worker   | 12        | 16  | increase  | asc         | desc       | 2          | 0.88     | 0.92     | 6   | 25147,25287,25427,25146,25286,25426 | 0.04     | 4.55     |
| 19  | 20         | 10000000 | 5000000   | 476191   | 1024    | 512   | 2    | worker   | 12        | 16  | decrease  | asc         | desc       | 16         | 3.94     | 3.97     | 6   | 28522,28662,28802,28521,28661,28801 | 0.03     | 0.76     |
| 4   | 40         | 10000000 | 625000    | 238096   | 1048576 | 32    | 16   | worker   | 12        | 16  | decrease  | desc        | asc        | 1          | 0.82     | 0.85     | 6   | 4502,4627,4752,4501,4626,4751       | 0.03     | 3.66     |
| 5   | 60         | 10000000 | 625000    | 156250   | 1       | 128   | 16   | io_uring | 12        | 16  | increase  | asc         | desc       | 1          | 1.08     | 1.11     | 6   | 7127,7252,7377,7126,7251,7376       | 0.03     | 2.78     |
| 5   | 60         | 10000000 | 625000    | 156250   | 1       | 128   | 16   | worker   | 12        | 16  | increase  | asc         | desc       | 16         | 1.66     | 1.69     | 6   | 6397,6522,6647,6396,6521,6646       | 0.03     | 1.81     |
| 8   | 60         | 10000000 | 625000    | 156250   | 1       | 128   | 16   | io_uring | 12        | 16  | decrease  | desc        | asc        | 1          | 1.01     | 1.04     | 6   | 11252,11377,11502,11251,11376,11501 | 0.03     | 2.97     |
| 8   | 60         | 10000000 | 625000    | 156250   | 1       | 128   | 16   | io_uring | 12        | 16  | decrease  | desc        | desc       | 2          | 1.0      | 1.03     | 6   | 11632,11757,11882,11631,11756,11881 | 0.03     | 3.0      |
| 8   | 60         | 10000000 | 625000    | 156250   | 1       | 128   | 16   | worker   | 12        | 16  | decrease  | desc        | asc        | 16         | 1.47     | 1.5      | 6   | 10522,10647,10772,10521,10646,10771 | 0.03     | 2.04     |
| 11  | 20         | 10000000 | 625000    | 476191   | 1       | 2     | 16   | io_uring | 12        | 16  | decrease  | asc         | asc        | 2          | 1.02     | 1.05     | 6   | 15757,15882,16007,15756,15881,16006 | 0.03     | 2.94     |
| 13  | 60         | 10000000 | 5000000   | 156250   | 4096    | 32    | 2    | io_uring | 12        | 16  | increase  | asc         | desc       | 1          | 0.62     | 0.65     | 6   | 19262,19402,19542,19261,19401,19541 | 0.03     | 4.84     |
| 19  | 20         | 10000000 | 5000000   | 476191   | 1024    | 512   | 2    | worker   | 12        | 16  | decrease  | asc         | desc       | 1          | 0.76     | 0.79     | 6   | 28502,28642,28782,28501,28641,28781 | 0.03     | 3.95     |
| 14  | 60         | 10000000 | 5000000   | 156250   | 4096    | 32    | 2    | worker   | 12        | 16  | increase  | desc        | asc        | 16         | 2.58     | 2.61     | 6   | 19702,19842,19982,19701,19841,19981 | 0.03     | 1.16     |
| 20  | 20         | 10000000 | 5000000   | 476191   | 1024    | 512   | 2    | io_uring | 12        | 16  | decrease  | desc        | desc       | 8          | 2.29     | 2.32     | 6   | 31037,31177,31317,31036,31176,31316 | 0.03     | 1.31     |
| 17  | 20         | 10000000 | 5000000   | 476191   | 1024    | 512   | 2    | worker   | 12        | 16  | increase  | asc         | asc        | 16         | 4.02     | 4.04     | 6   | 24742,24882,25022,24741,24881,25021 | 0.02     | 0.5      |
| 2   | 40         | 10000000 | 625000    | 238096   | 1048576 | 32    | 16   | io_uring | 12        | 16  | increase  | desc        | desc       | 2          | 1.43     | 1.45     | 6   | 2632,2757,2882,2631,2756,2881       | 0.02     | 1.4      |
| 5   | 60         | 10000000 | 625000    | 156250   | 1       | 128   | 16   | io_uring | 12        | 16  | increase  | asc         | asc        | 8          | 1.26     | 1.28     | 6   | 6767,6892,7017,6766,6891,7016       | 0.02     | 1.59     |
| 5   | 60         | 10000000 | 625000    | 156250   | 1       | 128   | 16   | worker   | 12        | 16  | increase  | asc         | desc       | 4          | 1.14     | 1.16     | 6   | 6387,6512,6637,6386,6511,6636       | 0.02     | 1.75     |
| 8   | 60         | 10000000 | 625000    | 156250   | 1       | 128   | 16   | worker   | 12        | 16  | decrease  | desc        | asc        | 64         | 3.26     | 3.28     | 6   | 10532,10657,10782,10531,10656,10781 | 0.02     | 0.61     |
| 9   | 20         | 10000000 | 625000    | 476191   | 1       | 2     | 16   | io_uring | 12        | 16  | increase  | asc         | asc        | 64         | 2.39     | 2.41     | 6   | 12782,12907,13032,12781,12906,13031 | 0.02     | 0.84     |
| 10  | 20         | 10000000 | 625000    | 476191   | 1       | 2     | 16   | worker   | 12        | 16  | increase  | desc        | desc       | 16         | 2.6      | 2.62     | 6   | 13897,14022,14147,13896,14021,14146 | 0.02     | 0.77     |
| 11  | 20         | 10000000 | 625000    | 476191   | 1       | 2     | 16   | worker   | 12        | 16  | decrease  | asc         | desc       | 32         | 2.32     | 2.34     | 6   | 15402,15527,15652,15401,15526,15651 | 0.02     | 0.86     |
| 12  | 20         | 10000000 | 625000    | 476191   | 1       | 2     | 16   | io_uring | 12        | 16  | decrease  | desc        | asc        | 16         | 2.32     | 2.34     | 6   | 17272,17397,17522,17271,17396,17521 | 0.02     | 0.86     |
| 15  | 60         | 10000000 | 5000000   | 156250   | 4096    | 32    | 2    | io_uring | 12        | 16  | decrease  | asc         | desc       | 4          | 1.03     | 1.05     | 6   | 22632,22772,22912,22631,22771,22911 | 0.02     | 1.94     |
| 17  | 20         | 10000000 | 5000000   | 476191   | 1024    | 512   | 2    | worker   | 12        | 16  | increase  | asc         | asc        | 1          | 0.63     | 0.65     | 6   | 24722,24862,25002,24721,24861,25001 | 0.02     | 3.17     |
| 18  | 20         | 10000000 | 5000000   | 476191   | 1024    | 512   | 2    | io_uring | 12        | 16  | increase  | desc        | desc       | 2          | 1.02     | 1.04     | 6   | 27667,27807,27947,27666,27806,27946 | 0.02     | 1.96     |
| 19  | 20         | 10000000 | 5000000   | 476191   | 1024    | 512   | 2    | io_uring | 12        | 16  | decrease  | asc         | desc       | 8          | 2.27     | 2.29     | 6   | 29357,29497,29637,29356,29496,29636 | 0.02     | 0.88     |
| 20  | 20         | 10000000 | 5000000   | 476191   | 1024    | 512   | 2    | io_uring | 12        | 16  | decrease  | desc        | asc        | 2          | 0.84     | 0.86     | 6   | 30607,30747,30887,30606,30746,30886 | 0.02     | 2.38     |
| 20  | 20         | 10000000 | 5000000   | 476191   | 1024    | 512   | 2    | worker   | 12        | 16  | decrease  | desc        | desc       | 2          | 0.97     | 0.99     | 6   | 30187,30327,30467,30186,30326,30466 | 0.02     | 2.06     |
| 20  | 20         | 10000000 | 5000000   | 476191   | 1024    | 512   | 2    | io_uring | 12        | 16  | decrease  | desc        | asc        | 1          | 0.67     | 0.69     | 6   | 30602,30742,30882,30601,30741,30881 | 0.02     | 2.99     |
| 5   | 60         | 10000000 | 625000    | 156250   | 1       | 128   | 16   | io_uring | 12        | 16  | increase  | asc         | asc        | 2048       | 8.65     | 8.67     | 6   | 6807,6932,7057,6806,6931,7056       | 0.02     | 0.23     |
| 6   | 60         | 10000000 | 625000    | 156250   | 1       | 128   | 16   | worker   | 12        | 16  | increase  | desc        | asc        | 256        | 4.66     | 4.68     | 6   | 7542,7667,7792,7541,7666,7791       | 0.02     | 0.43     |
| 10  | 20         | 10000000 | 625000    | 476191   | 1       | 2     | 16   | worker   | 12        | 16  | increase  | desc        | asc        | 2048       | 30.25    | 30.26    | 6   | 13557,13682,13807,13556,13681,13806 | 0.01     | 0.03     |
| 4   | 40         | 10000000 | 625000    | 238096   | 1048576 | 32    | 16   | io_uring | 12        | 16  | decrease  | desc        | desc       | 8          | 3.8      | 3.81     | 6   | 5642,5767,5892,5641,5766,5891       | 0.01     | 0.26     |
| 4   | 40         | 10000000 | 625000    | 238096   | 1048576 | 32    | 16   | io_uring | 12        | 16  | decrease  | desc        | asc        | 1          | 0.92     | 0.93     | 6   | 5252,5377,5502,5251,5376,5501       | 0.01     | 1.09     |
| 5   | 60         | 10000000 | 625000    | 156250   | 1       | 128   | 16   | io_uring | 12        | 16  | increase  | asc         | asc        | 2          | 1.15     | 1.16     | 6   | 6757,6882,7007,6756,6881,7006       | 0.01     | 0.87     |
| 5   | 60         | 10000000 | 625000    | 156250   | 1       | 128   | 16   | worker   | 12        | 16  | increase  | asc         | asc        | 2          | 0.97     | 0.98     | 6   | 6007,6132,6257,6006,6131,6256       | 0.01     | 1.03     |
| 5   | 60         | 10000000 | 625000    | 156250   | 1       | 128   | 16   | worker   | 12        | 16  | increase  | asc         | asc        | 4          | 1.0      | 1.01     | 6   | 6012,6137,6262,6011,6136,6261       | 0.01     | 1.0      |
| 7   | 60         | 10000000 | 625000    | 156250   | 1       | 128   | 16   | io_uring | 12        | 16  | decrease  | asc         | desc       | 2          | 1.04     | 1.05     | 6   | 10132,10257,10382,10131,10256,10381 | 0.01     | 0.96     |
| 8   | 60         | 10000000 | 625000    | 156250   | 1       | 128   | 16   | io_uring | 12        | 16  | decrease  | desc        | asc        | 16         | 1.58     | 1.59     | 6   | 11272,11397,11522,11271,11396,11521 | 0.01     | 0.63     |
| 11  | 20         | 10000000 | 625000    | 476191   | 1       | 2     | 16   | worker   | 12        | 16  | decrease  | asc         | desc       | 4          | 1.09     | 1.1      | 6   | 15387,15512,15637,15386,15511,15636 | 0.01     | 0.92     |
| 12  | 20         | 10000000 | 625000    | 476191   | 1       | 2     | 16   | io_uring | 12        | 16  | decrease  | desc        | desc       | 2          | 0.95     | 0.96     | 6   | 17632,17757,17882,17631,17756,17881 | 0.01     | 1.05     |
| 14  | 60         | 10000000 | 5000000   | 156250   | 4096    | 32    | 2    | io_uring | 12        | 16  | increase  | desc        | asc        | 8          | 1.66     | 1.67     | 6   | 20537,20677,20817,20536,20676,20816 | 0.01     | 0.6      |
| 14  | 60         | 10000000 | 5000000   | 156250   | 4096    | 32    | 2    | worker   | 12        | 16  | increase  | desc        | asc        | 4          | 1.1      | 1.11     | 6   | 19692,19832,19972,19691,19831,19971 | 0.01     | 0.91     |
| 15  | 60         | 10000000 | 5000000   | 156250   | 4096    | 32    | 2    | worker   | 12        | 16  | decrease  | asc         | asc        | 2          | 0.88     | 0.89     | 6   | 21367,21507,21647,21366,21506,21646 | 0.01     | 1.14     |
| 18  | 20         | 10000000 | 5000000   | 476191   | 1024    | 512   | 2    | worker   | 12        | 16  | increase  | desc        | asc        | 2          | 1.0      | 1.01     | 6   | 26407,26547,26687,26406,26546,26686 | 0.01     | 1.0      |
| 20  | 20         | 10000000 | 5000000   | 476191   | 1024    | 512   | 2    | io_uring | 12        | 16  | decrease  | desc        | desc       | 1          | 0.65     | 0.66     | 6   | 31022,31162,31302,31021,31161,31301 | 0.01     | 1.54     |
| 20  | 20         | 10000000 | 5000000   | 476191   | 1024    | 512   | 2    | worker   | 12        | 16  | decrease  | desc        | asc        | 2          | 0.82     | 0.83     | 6   | 29767,29907,30047,29766,29906,30046 | 0.01     | 1.22     |
| 16  | 60         | 10000000 | 5000000   | 156250   | 4096    | 32    | 2    | worker   | 12        | 16  | decrease  | desc        | asc        | 1          | 0.56     | 0.57     | 6   | 23042,23182,23322,23041,23181,23321 | 0.01     | 1.79     |
| 6   | 60         | 10000000 | 625000    | 156250   | 1       | 128   | 16   | io_uring | 12        | 16  | increase  | desc        | asc        | 256        | 4.62     | 4.63     | 6   | 8292,8417,8542,8291,8416,8541       | 0.01     | 0.22     |
| 9   | 20         | 10000000 | 625000    | 476191   | 1       | 2     | 16   | worker   | 12        | 16  | increase  | asc         | asc        | 64         | 2.41     | 2.42     | 6   | 12032,12157,12282,12031,12156,12281 | 0.01     | 0.41     |
| 11  | 20         | 10000000 | 625000    | 476191   | 1       | 2     | 16   | io_uring | 12        | 16  | decrease  | asc         | asc        | 32         | 4.07     | 4.08     | 6   | 15777,15902,16027,15776,15901,16026 | 0.01     | 0.25     |
| 15  | 60         | 10000000 | 5000000   | 156250   | 4096    | 32    | 2    | worker   | 12        | 16  | decrease  | asc         | asc        | 32         | 4.73     | 4.74     | 6   | 21387,21527,21667,21386,21526,21666 | 0.01     | 0.21     |
| 1   | 40         | 10000000 | 625000    | 238096   | 1048576 | 32    | 16   | io_uring | 12        | 16  | increase  | asc         | desc       | 1          | 0.89     | 0.89     | 6   | 1127,1252,1377,1126,1251,1376       | 0.0      | 0.0      |
| 1   | 40         | 10000000 | 625000    | 238096   | 1048576 | 32    | 16   | worker   | 12        | 16  | increase  | asc         | desc       | 4          | 1.6      | 1.6      | 6   | 387,512,637,386,511,636             | 0.0      | 0.0      |
| 5   | 60         | 10000000 | 625000    | 156250   | 1       | 128   | 16   | worker   | 12        | 16  | increase  | asc         | asc        | 32         | 1.84     | 1.84     | 6   | 6027,6152,6277,6026,6151,6276       | 0.0      | 0.0      |
| 6   | 60         | 10000000 | 625000    | 156250   | 1       | 128   | 16   | io_uring | 12        | 16  | increase  | desc        | desc       | 16         | 1.72     | 1.72     | 6   | 8647,8772,8897,8646,8771,8896       | 0.0      | 0.0      |
| 7   | 60         | 10000000 | 625000    | 156250   | 1       | 128   | 16   | worker   | 12        | 16  | decrease  | asc         | desc       | 16384      | 141.97   | 141.97   | 6   | 9447,9572,9697,9446,9571,9696       | 0.0      | 0.0      |
| 8   | 60         | 10000000 | 625000    | 156250   | 1       | 128   | 16   | io_uring | 12        | 16  | decrease  | desc        | desc       | 16         | 1.56     | 1.56     | 6   | 11647,11772,11897,11646,11771,11896 | 0.0      | 0.0      |
| 9   | 20         | 10000000 | 625000    | 476191   | 1       | 2     | 16   | io_uring | 12        | 16  | increase  | asc         | desc       | 1          | 0.97     | 0.97     | 6   | 13127,13252,13377,13126,13251,13376 | 0.0      | 0.0      |
| 11  | 20         | 10000000 | 625000    | 476191   | 1       | 2     | 16   | io_uring | 12        | 16  | decrease  | asc         | asc        | 1          | 0.92     | 0.92     | 6   | 15752,15877,16002,15751,15876,16001 | 0.0      | 0.0      |
| 11  | 20         | 10000000 | 625000    | 476191   | 1       | 2     | 16   | worker   | 12        | 16  | decrease  | asc         | asc        | 4          | 1.06     | 1.06     | 6   | 15012,15137,15262,15011,15136,15261 | 0.0      | 0.0      |
| 12  | 20         | 10000000 | 625000    | 476191   | 1       | 2     | 16   | worker   | 12        | 16  | decrease  | desc        | desc       | 256        | 3.77     | 3.77     | 6   | 16917,17042,17167,16916,17041,17166 | 0.0      | 0.0      |
| 13  | 60         | 10000000 | 5000000   | 156250   | 4096    | 32    | 2    | worker   | 12        | 16  | increase  | asc         | asc        | 8          | 1.48     | 1.48     | 6   | 18017,18157,18297,18016,18156,18296 | 0.0      | 0.0      |
| 15  | 60         | 10000000 | 5000000   | 156250   | 4096    | 32    | 2    | worker   | 12        | 16  | decrease  | asc         | desc       | 2          | 0.8      | 0.8      | 6   | 21787,21927,22067,21786,21926,22066 | 0.0      | 0.0      |
| 16  | 60         | 10000000 | 5000000   | 156250   | 4096    | 32    | 2    | io_uring | 12        | 16  | decrease  | desc        | desc       | 1          | 0.58     | 0.58     | 6   | 24302,24442,24582,24301,24441,24581 | 0.0      | 0.0      |
| 16  | 60         | 10000000 | 5000000   | 156250   | 4096    | 32    | 2    | worker   | 12        | 16  | decrease  | desc        | desc       | 1          | 0.58     | 0.58     | 6   | 23462,23602,23742,23461,23601,23741 | 0.0      | 0.0      |
| 17  | 20         | 10000000 | 5000000   | 476191   | 1024    | 512   | 2    | io_uring | 12        | 16  | increase  | asc         | desc       | 1          | 0.71     | 0.71     | 6   | 25982,26122,26262,25981,26121,26261 | 0.0      | 0.0      |
| 17  | 20         | 10000000 | 5000000   | 476191   | 1024    | 512   | 2    | worker   | 12        | 16  | increase  | asc         | desc       | 1          | 0.69     | 0.69     | 6   | 25142,25282,25422,25141,25281,25421 | 0.0      | 0.0      |
| 20  | 20         | 10000000 | 5000000   | 476191   | 1024    | 512   | 2    | worker   | 12        | 16  | decrease  | desc        | asc        | 4          | 1.36     | 1.36     | 6   | 29772,29912,30052,29771,29911,30051 | 0.0      | 0.0      |
| 20  | 20         | 10000000 | 5000000   | 476191   | 1024    | 512   | 2    | worker   | 12        | 16  | decrease  | desc        | asc        | 64         | 8.87     | 8.87     | 6   | 29792,29932,30072,29791,29931,30071 | 0.0      | 0.0      |
| 1   | 40         | 10000000 | 625000    | 238096   | 1048576 | 32    | 16   | io_uring | 12        | 16  | increase  | asc         | asc        | 2          | 1.27     | 1.26     | 6   | 757,882,1007,756,881,1006           | -0.01    | -0.79    |
| 6   | 60         | 10000000 | 625000    | 156250   | 1       | 128   | 16   | io_uring | 12        | 16  | increase  | desc        | desc       | 4          | 1.3      | 1.29     | 6   | 8637,8762,8887,8636,8761,8886       | -0.01    | -0.77    |
| 7   | 60         | 10000000 | 625000    | 156250   | 1       | 128   | 16   | worker   | 12        | 16  | decrease  | asc         | asc        | 2          | 1.01     | 1.0      | 6   | 9007,9132,9257,9006,9131,9256       | -0.01    | -0.99    |
| 8   | 60         | 10000000 | 625000    | 156250   | 1       | 128   | 16   | worker   | 12        | 16  | decrease  | desc        | asc        | 1          | 0.99     | 0.98     | 6   | 10502,10627,10752,10501,10626,10751 | -0.01    | -1.01    |
| 10  | 20         | 10000000 | 625000    | 476191   | 1       | 2     | 16   | worker   | 12        | 16  | increase  | desc        | asc        | 8          | 1.5      | 1.49     | 6   | 13517,13642,13767,13516,13641,13766 | -0.01    | -0.67    |
| 11  | 20         | 10000000 | 625000    | 476191   | 1       | 2     | 16   | worker   | 12        | 16  | decrease  | asc         | desc       | 2          | 1.08     | 1.07     | 6   | 15382,15507,15632,15381,15506,15631 | -0.01    | -0.93    |
| 14  | 60         | 10000000 | 5000000   | 156250   | 4096    | 32    | 2    | io_uring | 12        | 16  | increase  | desc        | asc        | 2          | 0.8      | 0.79     | 6   | 20527,20667,20807,20526,20666,20806 | -0.01    | -1.25    |
| 15  | 60         | 10000000 | 5000000   | 156250   | 4096    | 32    | 2    | worker   | 12        | 16  | decrease  | asc         | asc        | 1          | 0.63     | 0.62     | 6   | 21362,21502,21642,21361,21501,21641 | -0.01    | -1.59    |
| 17  | 20         | 10000000 | 5000000   | 476191   | 1024    | 512   | 2    | worker   | 12        | 16  | increase  | asc         | desc       | 4          | 1.43     | 1.42     | 6   | 25152,25292,25432,25151,25291,25431 | -0.01    | -0.7     |
| 18  | 20         | 10000000 | 5000000   | 476191   | 1024    | 512   | 2    | io_uring | 12        | 16  | increase  | desc        | asc        | 1          | 0.79     | 0.78     | 6   | 27242,27382,27522,27241,27381,27521 | -0.01    | -1.27    |
| 18  | 20         | 10000000 | 5000000   | 476191   | 1024    | 512   | 2    | worker   | 12        | 16  | increase  | desc        | asc        | 4          | 1.43     | 1.42     | 6   | 26412,26552,26692,26411,26551,26691 | -0.01    | -0.7     |
| 18  | 20         | 10000000 | 5000000   | 476191   | 1024    | 512   | 2    | worker   | 12        | 16  | increase  | desc        | asc        | 8          | 2.27     | 2.26     | 6   | 26417,26557,26697,26416,26556,26696 | -0.01    | -0.44    |
| 11  | 20         | 10000000 | 625000    | 476191   | 1       | 2     | 16   | io_uring | 12        | 16  | decrease  | asc         | desc       | 1024       | 19.37    | 19.36    | 6   | 16177,16302,16427,16176,16301,16426 | -0.01    | -0.05    |
| 17  | 20         | 10000000 | 5000000   | 476191   | 1024    | 512   | 2    | io_uring | 12        | 16  | increase  | asc         | desc       | 4          | 1.38     | 1.36     | 6   | 25992,26132,26272,25991,26131,26271 | -0.02    | -1.45    |
| 3   | 40         | 10000000 | 625000    | 238096   | 1048576 | 32    | 16   | worker   | 12        | 16  | decrease  | asc         | desc       | 2          | 1.23     | 1.21     | 6   | 3382,3507,3632,3381,3506,3631       | -0.02    | -1.63    |
| 5   | 60         | 10000000 | 625000    | 156250   | 1       | 128   | 16   | io_uring | 12        | 16  | increase  | asc         | desc       | 16         | 1.69     | 1.67     | 6   | 7147,7272,7397,7146,7271,7396       | -0.02    | -1.18    |
| 6   | 60         | 10000000 | 625000    | 156250   | 1       | 128   | 16   | io_uring | 12        | 16  | increase  | desc        | asc        | 2          | 1.09     | 1.07     | 6   | 8257,8382,8507,8256,8381,8506       | -0.02    | -1.83    |
| 8   | 60         | 10000000 | 625000    | 156250   | 1       | 128   | 16   | worker   | 12        | 16  | decrease  | desc        | desc       | 128        | 2.7      | 2.68     | 6   | 10912,11037,11162,10911,11036,11161 | -0.02    | -0.74    |
| 10  | 20         | 10000000 | 625000    | 476191   | 1       | 2     | 16   | worker   | 12        | 16  | increase  | desc        | asc        | 32         | 2.37     | 2.35     | 6   | 13527,13652,13777,13526,13651,13776 | -0.02    | -0.84    |
| 12  | 20         | 10000000 | 625000    | 476191   | 1       | 2     | 16   | worker   | 12        | 16  | decrease  | desc        | asc        | 8          | 1.46     | 1.44     | 6   | 16517,16642,16767,16516,16641,16766 | -0.02    | -1.37    |
| 13  | 60         | 10000000 | 5000000   | 156250   | 4096    | 32    | 2    | worker   | 12        | 16  | increase  | asc         | desc       | 4          | 1.02     | 1.0      | 6   | 18432,18572,18712,18431,18571,18711 | -0.02    | -1.96    |
| 15  | 60         | 10000000 | 5000000   | 156250   | 4096    | 32    | 2    | worker   | 12        | 16  | decrease  | asc         | asc        | 16         | 2.84     | 2.82     | 6   | 21382,21522,21662,21381,21521,21661 | -0.02    | -0.7     |
| 16  | 60         | 10000000 | 5000000   | 156250   | 4096    | 32    | 2    | worker   | 12        | 16  | decrease  | desc        | desc       | 2          | 0.75     | 0.73     | 6   | 23467,23607,23747,23466,23606,23746 | -0.02    | -2.67    |
| 17  | 20         | 10000000 | 5000000   | 476191   | 1024    | 512   | 2    | worker   | 12        | 16  | increase  | asc         | asc        | 2          | 0.92     | 0.9      | 6   | 24727,24867,25007,24726,24866,25006 | -0.02    | -2.17    |
| 17  | 20         | 10000000 | 5000000   | 476191   | 1024    | 512   | 2    | worker   | 12        | 16  | increase  | asc         | asc        | 4          | 1.29     | 1.27     | 6   | 24732,24872,25012,24731,24871,25011 | -0.02    | -1.55    |
| 20  | 20         | 10000000 | 5000000   | 476191   | 1024    | 512   | 2    | worker   | 12        | 16  | decrease  | desc        | asc        | 1          | 0.64     | 0.62     | 6   | 29762,29902,30042,29761,29901,30041 | -0.02    | -3.13    |
| 8   | 60         | 10000000 | 625000    | 156250   | 1       | 128   | 16   | worker   | 12        | 16  | decrease  | desc        | asc        | 512        | 20.17    | 20.15    | 6   | 10547,10672,10797,10546,10671,10796 | -0.02    | -0.1     |
| 6   | 60         | 10000000 | 625000    | 156250   | 1       | 128   | 16   | io_uring | 12        | 16  | increase  | desc        | desc       | 512        | 17.54    | 17.51    | 6   | 8672,8797,8922,8671,8796,8921       | -0.03    | -0.17    |
| 8   | 60         | 10000000 | 625000    | 156250   | 1       | 128   | 16   | io_uring | 12        | 16  | decrease  | desc        | asc        | 256        | 10.26    | 10.23    | 6   | 11292,11417,11542,11291,11416,11541 | -0.03    | -0.29    |
| 4   | 40         | 10000000 | 625000    | 238096   | 1048576 | 32    | 16   | worker   | 12        | 16  | decrease  | desc        | desc       | 4          | 2.23     | 2.2      | 6   | 4887,5012,5137,4886,5011,5136       | -0.03    | -1.35    |
| 6   | 60         | 10000000 | 625000    | 156250   | 1       | 128   | 16   | worker   | 12        | 16  | increase  | desc        | desc       | 1          | 1.13     | 1.1      | 6   | 7877,8002,8127,7876,8001,8126       | -0.03    | -2.65    |
| 16  | 60         | 10000000 | 5000000   | 156250   | 4096    | 32    | 2    | io_uring | 12        | 16  | decrease  | desc        | asc        | 2          | 0.71     | 0.68     | 6   | 23887,24027,24167,23886,24026,24166 | -0.03    | -4.23    |
| 9   | 20         | 10000000 | 625000    | 476191   | 1       | 2     | 16   | io_uring | 12        | 16  | increase  | asc         | desc       | 4          | 1.32     | 1.29     | 6   | 13137,13262,13387,13136,13261,13386 | -0.03    | -2.27    |
| 10  | 20         | 10000000 | 625000    | 476191   | 1       | 2     | 16   | io_uring | 12        | 16  | increase  | desc        | desc       | 1          | 1.08     | 1.05     | 6   | 14627,14752,14877,14626,14751,14876 | -0.03    | -2.78    |
| 11  | 20         | 10000000 | 625000    | 476191   | 1       | 2     | 16   | worker   | 12        | 16  | decrease  | asc         | asc        | 1          | 0.92     | 0.89     | 6   | 15002,15127,15252,15001,15126,15251 | -0.03    | -3.26    |
| 13  | 60         | 10000000 | 5000000   | 156250   | 4096    | 32    | 2    | io_uring | 12        | 16  | increase  | asc         | asc        | 2          | 0.72     | 0.69     | 6   | 18847,18987,19127,18846,18986,19126 | -0.03    | -4.17    |
| 15  | 60         | 10000000 | 5000000   | 156250   | 4096    | 32    | 2    | io_uring | 12        | 16  | decrease  | asc         | desc       | 1          | 0.73     | 0.7      | 6   | 22622,22762,22902,22621,22761,22901 | -0.03    | -4.11    |
| 19  | 20         | 10000000 | 5000000   | 476191   | 1024    | 512   | 2    | worker   | 12        | 16  | decrease  | asc         | asc        | 4          | 1.48     | 1.45     | 6   | 28092,28232,28372,28091,28231,28371 | -0.03    | -2.03    |
| 20  | 20         | 10000000 | 5000000   | 476191   | 1024    | 512   | 2    | worker   | 12        | 16  | decrease  | desc        | desc       | 8          | 2.35     | 2.32     | 6   | 30197,30337,30477,30196,30336,30476 | -0.03    | -1.28    |
| 5   | 60         | 10000000 | 625000    | 156250   | 1       | 128   | 16   | io_uring | 12        | 16  | increase  | asc         | desc       | 2          | 1.15     | 1.11     | 6   | 7132,7257,7382,7131,7256,7381       | -0.04    | -3.48    |
| 6   | 60         | 10000000 | 625000    | 156250   | 1       | 128   | 16   | worker   | 12        | 16  | increase  | desc        | asc        | 1          | 0.94     | 0.9      | 6   | 7502,7627,7752,7501,7626,7751       | -0.04    | -4.26    |
| 16  | 60         | 10000000 | 5000000   | 156250   | 4096    | 32    | 2    | worker   | 12        | 16  | decrease  | desc        | asc        | 2          | 0.69     | 0.65     | 6   | 23047,23187,23327,23046,23186,23326 | -0.04    | -5.8     |
| 16  | 60         | 10000000 | 5000000   | 156250   | 4096    | 32    | 2    | worker   | 12        | 16  | decrease  | desc        | asc        | 4          | 0.95     | 0.91     | 6   | 23052,23192,23332,23051,23191,23331 | -0.04    | -4.21    |
| 1   | 40         | 10000000 | 625000    | 238096   | 1048576 | 32    | 16   | io_uring | 12        | 16  | increase  | asc         | desc       | 2          | 1.08     | 1.04     | 6   | 1132,1257,1382,1131,1256,1381       | -0.04    | -3.7     |
| 2   | 40         | 10000000 | 625000    | 238096   | 1048576 | 32    | 16   | io_uring | 12        | 16  | increase  | desc        | asc        | 4          | 1.87     | 1.83     | 6   | 2262,2387,2512,2261,2386,2511       | -0.04    | -2.14    |
| 5   | 60         | 10000000 | 625000    | 156250   | 1       | 128   | 16   | io_uring | 12        | 16  | increase  | asc         | desc       | 4          | 1.25     | 1.21     | 6   | 7137,7262,7387,7136,7261,7386       | -0.04    | -3.2     |
| 5   | 60         | 10000000 | 625000    | 156250   | 1       | 128   | 16   | worker   | 12        | 16  | increase  | asc         | asc        | 1          | 1.03     | 0.99     | 6   | 6002,6127,6252,6001,6126,6251       | -0.04    | -3.88    |
| 8   | 60         | 10000000 | 625000    | 156250   | 1       | 128   | 16   | worker   | 12        | 16  | decrease  | desc        | desc       | 8          | 1.1      | 1.06     | 6   | 10892,11017,11142,10891,11016,11141 | -0.04    | -3.64    |
| 12  | 20         | 10000000 | 625000    | 476191   | 1       | 2     | 16   | io_uring | 12        | 16  | decrease  | desc        | desc       | 256        | 4.07     | 4.03     | 6   | 17667,17792,17917,17666,17791,17916 | -0.04    | -0.98    |
| 12  | 20         | 10000000 | 625000    | 476191   | 1       | 2     | 16   | worker   | 12        | 16  | decrease  | desc        | desc       | 16         | 1.94     | 1.9      | 6   | 16897,17022,17147,16896,17021,17146 | -0.04    | -2.06    |
| 13  | 60         | 10000000 | 5000000   | 156250   | 4096    | 32    | 2    | io_uring | 12        | 16  | increase  | asc         | desc       | 16         | 2.47     | 2.43     | 6   | 19282,19422,19562,19281,19421,19561 | -0.04    | -1.62    |
| 14  | 60         | 10000000 | 5000000   | 156250   | 4096    | 32    | 2    | worker   | 12        | 16  | increase  | desc        | asc        | 2          | 0.74     | 0.7      | 6   | 19687,19827,19967,19686,19826,19966 | -0.04    | -5.41    |
| 16  | 60         | 10000000 | 5000000   | 156250   | 4096    | 32    | 2    | io_uring | 12        | 16  | decrease  | desc        | asc        | 1          | 0.63     | 0.59     | 6   | 23882,24022,24162,23881,24021,24161 | -0.04    | -6.35    |
| 16  | 60         | 10000000 | 5000000   | 156250   | 4096    | 32    | 2    | io_uring | 12        | 16  | decrease  | desc        | desc       | 2          | 0.81     | 0.77     | 6   | 24307,24447,24587,24306,24446,24586 | -0.04    | -4.94    |
| 20  | 20         | 10000000 | 5000000   | 476191   | 1024    | 512   | 2    | worker   | 12        | 16  | decrease  | desc        | asc        | 8          | 2.16     | 2.12     | 6   | 29777,29917,30057,29776,29916,30056 | -0.04    | -1.85    |
| 15  | 60         | 10000000 | 5000000   | 156250   | 4096    | 32    | 2    | io_uring | 12        | 16  | decrease  | asc         | asc        | 1          | 0.72     | 0.67     | 6   | 22202,22342,22482,22201,22341,22481 | -0.05    | -6.94    |
| 5   | 60         | 10000000 | 625000    | 156250   | 1       | 128   | 16   | io_uring | 12        | 16  | increase  | asc         | asc        | 4          | 1.18     | 1.13     | 6   | 6762,6887,7012,6761,6886,7011       | -0.05    | -4.24    |
| 5   | 60         | 10000000 | 625000    | 156250   | 1       | 128   | 16   | worker   | 12        | 16  | increase  | asc         | asc        | 16         | 1.62     | 1.57     | 6   | 6022,6147,6272,6021,6146,6271       | -0.05    | -3.09    |
| 12  | 20         | 10000000 | 625000    | 476191   | 1       | 2     | 16   | io_uring | 12        | 16  | decrease  | desc        | desc       | 8          | 1.51     | 1.46     | 6   | 17642,17767,17892,17641,17766,17891 | -0.05    | -3.31    |
| 12  | 20         | 10000000 | 625000    | 476191   | 1       | 2     | 16   | worker   | 12        | 16  | decrease  | desc        | desc       | 1          | 1.05     | 1.0      | 6   | 16877,17002,17127,16876,17001,17126 | -0.05    | -4.76    |
| 19  | 20         | 10000000 | 5000000   | 476191   | 1024    | 512   | 2    | worker   | 12        | 16  | decrease  | asc         | asc        | 2          | 1.06     | 1.01     | 6   | 28087,28227,28367,28086,28226,28366 | -0.05    | -4.72    |
| 20  | 20         | 10000000 | 5000000   | 476191   | 1024    | 512   | 2    | io_uring | 12        | 16  | decrease  | desc        | asc        | 8          | 2.22     | 2.17     | 6   | 30617,30757,30897,30616,30756,30896 | -0.05    | -2.25    |
| 16  | 60         | 10000000 | 5000000   | 156250   | 4096    | 32    | 2    | io_uring | 12        | 16  | decrease  | desc        | asc        | 32         | 4.67     | 4.61     | 6   | 23907,24047,24187,23906,24046,24186 | -0.06    | -1.28    |
| 3   | 40         | 10000000 | 625000    | 238096   | 1048576 | 32    | 16   | io_uring | 12        | 16  | decrease  | asc         | desc       | 2          | 1.18     | 1.12     | 6   | 4132,4257,4382,4131,4256,4381       | -0.06    | -5.08    |
| 14  | 60         | 10000000 | 5000000   | 156250   | 4096    | 32    | 2    | io_uring | 12        | 16  | increase  | desc        | asc        | 1          | 0.73     | 0.67     | 6   | 20522,20662,20802,20521,20661,20801 | -0.06    | -8.22    |
| 14  | 60         | 10000000 | 5000000   | 156250   | 4096    | 32    | 2    | worker   | 12        | 16  | increase  | desc        | asc        | 1          | 0.7      | 0.64     | 6   | 19682,19822,19962,19681,19821,19961 | -0.06    | -8.57    |
| 18  | 20         | 10000000 | 5000000   | 476191   | 1024    | 512   | 2    | worker   | 12        | 16  | increase  | desc        | desc       | 1          | 0.83     | 0.77     | 6   | 26822,26962,27102,26821,26961,27101 | -0.06    | -7.23    |
| 8   | 60         | 10000000 | 625000    | 156250   | 1       | 128   | 16   | worker   | 12        | 16  | decrease  | desc        | desc       | 16         | 1.54     | 1.48     | 6   | 10897,11022,11147,10896,11021,11146 | -0.06    | -3.9     |
| 11  | 20         | 10000000 | 625000    | 476191   | 1       | 2     | 16   | io_uring | 12        | 16  | decrease  | asc         | desc       | 2          | 1.1      | 1.04     | 6   | 16132,16257,16382,16131,16256,16381 | -0.06    | -5.45    |
| 11  | 20         | 10000000 | 625000    | 476191   | 1       | 2     | 16   | worker   | 12        | 16  | decrease  | asc         | desc       | 64         | 3.22     | 3.16     | 6   | 15407,15532,15657,15406,15531,15656 | -0.06    | -1.86    |
| 12  | 20         | 10000000 | 625000    | 476191   | 1       | 2     | 16   | io_uring | 12        | 16  | decrease  | desc        | asc        | 8          | 1.56     | 1.5      | 6   | 17267,17392,17517,17266,17391,17516 | -0.06    | -3.85    |
| 12  | 20         | 10000000 | 625000    | 476191   | 1       | 2     | 16   | io_uring | 12        | 16  | decrease  | desc        | desc       | 128        | 3.77     | 3.71     | 6   | 17662,17787,17912,17661,17786,17911 | -0.06    | -1.59    |
| 14  | 60         | 10000000 | 5000000   | 156250   | 4096    | 32    | 2    | io_uring | 12        | 16  | increase  | desc        | desc       | 4          | 1.27     | 1.21     | 6   | 20952,21092,21232,20951,21091,21231 | -0.06    | -4.72    |
| 17  | 20         | 10000000 | 5000000   | 476191   | 1024    | 512   | 2    | worker   | 12        | 16  | increase  | asc         | asc        | 8          | 2.22     | 2.16     | 6   | 24737,24877,25017,24736,24876,25016 | -0.06    | -2.7     |
| 19  | 20         | 10000000 | 5000000   | 476191   | 1024    | 512   | 2    | io_uring | 12        | 16  | decrease  | asc         | asc        | 2          | 1.05     | 0.99     | 6   | 28927,29067,29207,28926,29066,29206 | -0.06    | -5.71    |
| 19  | 20         | 10000000 | 5000000   | 476191   | 1024    | 512   | 2    | worker   | 12        | 16  | decrease  | asc         | desc       | 2          | 1.05     | 0.99     | 6   | 28507,28647,28787,28506,28646,28786 | -0.06    | -5.71    |
| 19  | 20         | 10000000 | 5000000   | 476191   | 1024    | 512   | 2    | worker   | 12        | 16  | decrease  | asc         | desc       | 4          | 1.52     | 1.46     | 6   | 28512,28652,28792,28511,28651,28791 | -0.06    | -3.95    |
| 8   | 60         | 10000000 | 625000    | 156250   | 1       | 128   | 16   | io_uring | 12        | 16  | decrease  | desc        | desc       | 2048       | 8.66     | 8.6      | 6   | 11682,11807,11932,11681,11806,11931 | -0.06    | -0.69    |
| 16  | 60         | 10000000 | 5000000   | 156250   | 4096    | 32    | 2    | worker   | 12        | 16  | decrease  | desc        | desc       | 4096       | 14.89    | 14.83    | 6   | 23522,23662,23802,23521,23661,23801 | -0.06    | -0.4     |
| 7   | 60         | 10000000 | 625000    | 156250   | 1       | 128   | 16   | io_uring | 12        | 16  | decrease  | asc         | asc        | 1024       | 34.52    | 34.46    | 6   | 9802,9927,10052,9801,9926,10051     | -0.06    | -0.17    |
| 15  | 60         | 10000000 | 5000000   | 156250   | 4096    | 32    | 2    | io_uring | 12        | 16  | decrease  | asc         | asc        | 32         | 4.64     | 4.57     | 6   | 22227,22367,22507,22226,22366,22506 | -0.07    | -1.51    |
| 8   | 60         | 10000000 | 625000    | 156250   | 1       | 128   | 16   | worker   | 12        | 16  | decrease  | desc        | desc       | 32         | 1.64     | 1.57     | 6   | 10902,11027,11152,10901,11026,11151 | -0.07    | -4.27    |
| 12  | 20         | 10000000 | 625000    | 476191   | 1       | 2     | 16   | worker   | 12        | 16  | decrease  | desc        | desc       | 64         | 2.42     | 2.35     | 6   | 16907,17032,17157,16906,17031,17156 | -0.07    | -2.89    |
| 11  | 20         | 10000000 | 625000    | 476191   | 1       | 2     | 16   | io_uring | 12        | 16  | decrease  | asc         | desc       | 1          | 0.99     | 0.92     | 6   | 16127,16252,16377,16126,16251,16376 | -0.07    | -7.07    |
| 9   | 20         | 10000000 | 625000    | 476191   | 1       | 2     | 16   | io_uring | 12        | 16  | increase  | asc         | asc        | 8          | 1.5      | 1.43     | 6   | 12767,12892,13017,12766,12891,13016 | -0.07    | -4.67    |
| 9   | 20         | 10000000 | 625000    | 476191   | 1       | 2     | 16   | io_uring | 12        | 16  | increase  | asc         | asc        | 16         | 1.7      | 1.63     | 6   | 12772,12897,13022,12771,12896,13021 | -0.07    | -4.12    |
| 10  | 20         | 10000000 | 625000    | 476191   | 1       | 2     | 16   | io_uring | 12        | 16  | increase  | desc        | desc       | 2          | 1.22     | 1.15     | 6   | 14632,14757,14882,14631,14756,14881 | -0.07    | -5.74    |
| 11  | 20         | 10000000 | 625000    | 476191   | 1       | 2     | 16   | worker   | 12        | 16  | decrease  | asc         | desc       | 8          | 1.53     | 1.46     | 6   | 15392,15517,15642,15391,15516,15641 | -0.07    | -4.58    |
| 18  | 20         | 10000000 | 5000000   | 476191   | 1024    | 512   | 2    | io_uring | 12        | 16  | increase  | desc        | desc       | 1          | 0.91     | 0.84     | 6   | 27662,27802,27942,27661,27801,27941 | -0.07    | -7.69    |
| 18  | 20         | 10000000 | 5000000   | 476191   | 1024    | 512   | 2    | worker   | 12        | 16  | increase  | desc        | desc       | 4          | 1.46     | 1.39     | 6   | 26832,26972,27112,26831,26971,27111 | -0.07    | -4.79    |
| 2   | 40         | 10000000 | 625000    | 238096   | 1048576 | 32    | 16   | worker   | 12        | 16  | increase  | desc        | desc       | 8          | 3.91     | 3.84     | 6   | 1892,2017,2142,1891,2016,2141       | -0.07    | -1.79    |
| 7   | 60         | 10000000 | 625000    | 156250   | 1       | 128   | 16   | io_uring | 12        | 16  | decrease  | asc         | desc       | 64         | 2.35     | 2.28     | 6   | 10157,10282,10407,10156,10281,10406 | -0.07    | -2.98    |
| 15  | 60         | 10000000 | 5000000   | 156250   | 4096    | 32    | 2    | io_uring | 12        | 16  | decrease  | asc         | desc       | 65536      | 87.15    | 87.08    | 6   | 22702,22842,22982,22701,22841,22981 | -0.07    | -0.08    |
| 5   | 60         | 10000000 | 625000    | 156250   | 1       | 128   | 16   | worker   | 12        | 16  | increase  | asc         | asc        | 65536      | 111.56   | 111.48   | 6   | 6082,6207,6332,6081,6206,6331       | -0.08    | -0.07    |
| 1   | 40         | 10000000 | 625000    | 238096   | 1048576 | 32    | 16   | io_uring | 12        | 16  | increase  | asc         | desc       | 4          | 1.66     | 1.58     | 6   | 1137,1262,1387,1136,1261,1386       | -0.08    | -4.82    |
| 12  | 20         | 10000000 | 625000    | 476191   | 1       | 2     | 16   | worker   | 12        | 16  | decrease  | desc        | desc       | 4          | 1.14     | 1.06     | 6   | 16887,17012,17137,16886,17011,17136 | -0.08    | -7.02    |
| 20  | 20         | 10000000 | 5000000   | 476191   | 1024    | 512   | 2    | worker   | 12        | 16  | decrease  | desc        | desc       | 4          | 1.42     | 1.34     | 6   | 30192,30332,30472,30191,30331,30471 | -0.08    | -5.63    |
| 18  | 20         | 10000000 | 5000000   | 476191   | 1024    | 512   | 2    | worker   | 12        | 16  | increase  | desc        | asc        | 1          | 0.82     | 0.74     | 6   | 26402,26542,26682,26401,26541,26681 | -0.08    | -9.76    |
| 19  | 20         | 10000000 | 5000000   | 476191   | 1024    | 512   | 2    | io_uring | 12        | 16  | decrease  | asc         | asc        | 1          | 0.88     | 0.8      | 6   | 28922,29062,29202,28921,29061,29201 | -0.08    | -9.09    |
| 4   | 40         | 10000000 | 625000    | 238096   | 1048576 | 32    | 16   | worker   | 12        | 16  | decrease  | desc        | asc        | 2          | 1.24     | 1.16     | 6   | 4507,4632,4757,4506,4631,4756       | -0.08    | -6.45    |
| 9   | 20         | 10000000 | 625000    | 476191   | 1       | 2     | 16   | worker   | 12        | 16  | increase  | asc         | asc        | 4          | 1.06     | 0.98     | 6   | 12012,12137,12262,12011,12136,12261 | -0.08    | -7.55    |
| 10  | 20         | 10000000 | 625000    | 476191   | 1       | 2     | 16   | io_uring | 12        | 16  | increase  | desc        | asc        | 16         | 1.62     | 1.54     | 6   | 14272,14397,14522,14271,14396,14521 | -0.08    | -4.94    |
| 15  | 60         | 10000000 | 5000000   | 156250   | 4096    | 32    | 2    | worker   | 12        | 16  | decrease  | asc         | desc       | 1          | 0.81     | 0.73     | 6   | 21782,21922,22062,21781,21921,22061 | -0.08    | -9.88    |
| 6   | 60         | 10000000 | 625000    | 156250   | 1       | 128   | 16   | worker   | 12        | 16  | increase  | desc        | desc       | 128        | 6.2      | 6.11     | 6   | 7912,8037,8162,7911,8036,8161       | -0.09    | -1.45    |
| 9   | 20         | 10000000 | 625000    | 476191   | 1       | 2     | 16   | io_uring | 12        | 16  | increase  | asc         | desc       | 2          | 1.17     | 1.08     | 6   | 13132,13257,13382,13131,13256,13381 | -0.09    | -7.69    |
| 19  | 20         | 10000000 | 5000000   | 476191   | 1024    | 512   | 2    | io_uring | 12        | 16  | decrease  | asc         | asc        | 8          | 2.61     | 2.52     | 6   | 28937,29077,29217,28936,29076,29216 | -0.09    | -3.45    |
| 8   | 60         | 10000000 | 625000    | 156250   | 1       | 128   | 16   | io_uring | 12        | 16  | decrease  | desc        | desc       | 8          | 1.0      | 0.91     | 6   | 11642,11767,11892,11641,11766,11891 | -0.09    | -9.0     |
| 9   | 20         | 10000000 | 625000    | 476191   | 1       | 2     | 16   | worker   | 12        | 16  | increase  | asc         | asc        | 1          | 0.83     | 0.74     | 6   | 12002,12127,12252,12001,12126,12251 | -0.09    | -10.84   |
| 14  | 60         | 10000000 | 5000000   | 156250   | 4096    | 32    | 2    | worker   | 12        | 16  | increase  | desc        | desc       | 2          | 0.9      | 0.81     | 6   | 20107,20247,20387,20106,20246,20386 | -0.09    | -10.0    |
| 20  | 20         | 10000000 | 5000000   | 476191   | 1024    | 512   | 2    | io_uring | 12        | 16  | decrease  | desc        | desc       | 2          | 0.98     | 0.89     | 6   | 31027,31167,31307,31026,31166,31306 | -0.09    | -9.18    |
| 21  | 60         | 10000000 | 2500000   | 156250   | 64      | 2048  | 4    | worker   | 12        | 16  | increase  | asc         | asc        | 1          | 0.77     | 0.68     | 2   | 31442,31441                         | -0.09    | -11.69   |
| 18  | 20         | 10000000 | 5000000   | 476191   | 1024    | 512   | 2    | io_uring | 12        | 16  | increase  | desc        | desc       | 4          | 1.51     | 1.42     | 6   | 27672,27812,27952,27671,27811,27951 | -0.09    | -5.96    |
| 12  | 20         | 10000000 | 625000    | 476191   | 1       | 2     | 16   | worker   | 12        | 16  | decrease  | desc        | asc        | 16         | 2.22     | 2.13     | 6   | 16522,16647,16772,16521,16646,16771 | -0.09    | -4.05    |
| 18  | 20         | 10000000 | 5000000   | 476191   | 1024    | 512   | 2    | worker   | 12        | 16  | increase  | desc        | desc       | 32         | 6.36     | 6.27     | 6   | 26847,26987,27127,26846,26986,27126 | -0.09    | -1.42    |
| 15  | 60         | 10000000 | 5000000   | 156250   | 4096    | 32    | 2    | worker   | 12        | 16  | decrease  | asc         | desc       | 16384      | 33.2     | 33.11    | 6   | 21852,21992,22132,21851,21991,22131 | -0.09    | -0.27    |
| 9   | 20         | 10000000 | 625000    | 476191   | 1       | 2     | 16   | worker   | 12        | 16  | increase  | asc         | asc        | 32768      | 129.34   | 129.24   | 6   | 12077,12202,12327,12076,12201,12326 | -0.1     | -0.08    |
| 5   | 60         | 10000000 | 625000    | 156250   | 1       | 128   | 16   | worker   | 12        | 16  | increase  | asc         | desc       | 1          | 1.15     | 1.05     | 6   | 6377,6502,6627,6376,6501,6626       | -0.1     | -8.7     |
| 6   | 60         | 10000000 | 625000    | 156250   | 1       | 128   | 16   | worker   | 12        | 16  | increase  | desc        | asc        | 16         | 1.39     | 1.29     | 6   | 7522,7647,7772,7521,7646,7771       | -0.1     | -7.19    |
| 9   | 20         | 10000000 | 625000    | 476191   | 1       | 2     | 16   | worker   | 12        | 16  | increase  | asc         | desc       | 8          | 1.64     | 1.54     | 6   | 12392,12517,12642,12391,12516,12641 | -0.1     | -6.1     |
| 1   | 40         | 10000000 | 625000    | 238096   | 1048576 | 32    | 16   | worker   | 12        | 16  | increase  | asc         | desc       | 1          | 0.93     | 0.83     | 6   | 377,502,627,376,501,626             | -0.1     | -10.75   |
| 5   | 60         | 10000000 | 625000    | 156250   | 1       | 128   | 16   | worker   | 12        | 16  | increase  | asc         | desc       | 8          | 1.37     | 1.27     | 6   | 6392,6517,6642,6391,6516,6641       | -0.1     | -7.3     |
| 12  | 20         | 10000000 | 625000    | 476191   | 1       | 2     | 16   | io_uring | 12        | 16  | decrease  | desc        | asc        | 2          | 1.09     | 0.99     | 6   | 17257,17382,17507,17256,17381,17506 | -0.1     | -9.17    |
| 19  | 20         | 10000000 | 5000000   | 476191   | 1024    | 512   | 2    | worker   | 12        | 16  | decrease  | asc         | desc       | 8          | 2.25     | 2.15     | 6   | 28517,28657,28797,28516,28656,28796 | -0.1     | -4.44    |
| 7   | 60         | 10000000 | 625000    | 156250   | 1       | 128   | 16   | io_uring | 12        | 16  | decrease  | asc         | desc       | 512        | 7.62     | 7.52     | 6   | 10172,10297,10422,10171,10296,10421 | -0.1     | -1.31    |
| 8   | 60         | 10000000 | 625000    | 156250   | 1       | 128   | 16   | io_uring | 12        | 16  | decrease  | desc        | asc        | 2048       | 74.15    | 74.05    | 6   | 11307,11432,11557,11306,11431,11556 | -0.1     | -0.13    |
| 1   | 40         | 10000000 | 625000    | 238096   | 1048576 | 32    | 16   | worker   | 12        | 16  | increase  | asc         | asc        | 2          | 1.22     | 1.11     | 6   | 7,132,257,6,131,256                 | -0.11    | -9.02    |
| 3   | 40         | 10000000 | 625000    | 238096   | 1048576 | 32    | 16   | io_uring | 12        | 16  | decrease  | asc         | asc        | 1          | 1.04     | 0.93     | 6   | 3752,3877,4002,3751,3876,4001       | -0.11    | -10.58   |
| 10  | 20         | 10000000 | 625000    | 476191   | 1       | 2     | 16   | worker   | 12        | 16  | increase  | desc        | asc        | 1          | 0.92     | 0.81     | 6   | 13502,13627,13752,13501,13626,13751 | -0.11    | -11.96   |
| 6   | 60         | 10000000 | 625000    | 156250   | 1       | 128   | 16   | worker   | 12        | 16  | increase  | desc        | desc       | 8          | 1.54     | 1.43     | 6   | 7892,8017,8142,7891,8016,8141       | -0.11    | -7.14    |
| 11  | 20         | 10000000 | 625000    | 476191   | 1       | 2     | 16   | worker   | 12        | 16  | decrease  | asc         | desc       | 16         | 1.79     | 1.68     | 6   | 15397,15522,15647,15396,15521,15646 | -0.11    | -6.15    |
| 14  | 60         | 10000000 | 5000000   | 156250   | 4096    | 32    | 2    | worker   | 12        | 16  | increase  | desc        | desc       | 1          | 0.8      | 0.69     | 6   | 20102,20242,20382,20101,20241,20381 | -0.11    | -13.75   |
| 11  | 20         | 10000000 | 625000    | 476191   | 1       | 2     | 16   | io_uring | 12        | 16  | decrease  | asc         | desc       | 256        | 6.65     | 6.54     | 6   | 16167,16292,16417,16166,16291,16416 | -0.11    | -1.65    |
| 18  | 20         | 10000000 | 5000000   | 476191   | 1024    | 512   | 2    | io_uring | 12        | 16  | increase  | desc        | desc       | 16         | 3.95     | 3.84     | 6   | 27682,27822,27962,27681,27821,27961 | -0.11    | -2.78    |
| 5   | 60         | 10000000 | 625000    | 156250   | 1       | 128   | 16   | io_uring | 12        | 16  | increase  | asc         | asc        | 16384      | 32.72    | 32.6     | 6   | 6822,6947,7072,6821,6946,7071       | -0.12    | -0.37    |
| 5   | 60         | 10000000 | 625000    | 156250   | 1       | 128   | 16   | io_uring | 12        | 16  | increase  | asc         | desc       | 128        | 5.77     | 5.65     | 6   | 7162,7287,7412,7161,7286,7411       | -0.12    | -2.08    |
| 11  | 20         | 10000000 | 625000    | 476191   | 1       | 2     | 16   | worker   | 12        | 16  | decrease  | asc         | asc        | 8          | 1.68     | 1.56     | 6   | 15017,15142,15267,15016,15141,15266 | -0.12    | -7.14    |
| 3   | 40         | 10000000 | 625000    | 238096   | 1048576 | 32    | 16   | io_uring | 12        | 16  | decrease  | asc         | asc        | 4          | 2.19     | 2.07     | 6   | 3762,3887,4012,3761,3886,4011       | -0.12    | -5.48    |
| 6   | 60         | 10000000 | 625000    | 156250   | 1       | 128   | 16   | io_uring | 12        | 16  | increase  | desc        | asc        | 16         | 1.52     | 1.4      | 6   | 8272,8397,8522,8271,8396,8521       | -0.12    | -7.89    |
| 6   | 60         | 10000000 | 625000    | 156250   | 1       | 128   | 16   | worker   | 12        | 16  | increase  | desc        | desc       | 64         | 3.52     | 3.4      | 6   | 7907,8032,8157,7906,8031,8156       | -0.12    | -3.41    |
| 7   | 60         | 10000000 | 625000    | 156250   | 1       | 128   | 16   | io_uring | 12        | 16  | decrease  | asc         | desc       | 1          | 1.11     | 0.99     | 6   | 10127,10252,10377,10126,10251,10376 | -0.12    | -10.81   |
| 17  | 20         | 10000000 | 5000000   | 476191   | 1024    | 512   | 2    | worker   | 12        | 16  | increase  | asc         | desc       | 8          | 2.35     | 2.23     | 6   | 25157,25297,25437,25156,25296,25436 | -0.12    | -5.11    |
| 8   | 60         | 10000000 | 625000    | 156250   | 1       | 128   | 16   | worker   | 12        | 16  | decrease  | desc        | asc        | 32768      | 1164.62  | 1164.49  | 6   | 10577,10702,10827,10576,10701,10826 | -0.13    | -0.01    |
| 15  | 60         | 10000000 | 5000000   | 156250   | 4096    | 32    | 2    | io_uring | 12        | 16  | decrease  | asc         | asc        | 256        | 12.51    | 12.38    | 6   | 22242,22382,22522,22241,22381,22521 | -0.13    | -1.04    |
| 1   | 40         | 10000000 | 625000    | 238096   | 1048576 | 32    | 16   | worker   | 12        | 16  | increase  | asc         | asc        | 4          | 1.74     | 1.61     | 6   | 12,137,262,11,136,261               | -0.13    | -7.47    |
| 19  | 20         | 10000000 | 5000000   | 476191   | 1024    | 512   | 2    | io_uring | 12        | 16  | decrease  | asc         | desc       | 16         | 3.79     | 3.66     | 6   | 29362,29502,29642,29361,29501,29641 | -0.13    | -3.43    |
| 12  | 20         | 10000000 | 625000    | 476191   | 1       | 2     | 16   | worker   | 12        | 16  | decrease  | desc        | asc        | 1          | 0.91     | 0.78     | 6   | 16502,16627,16752,16501,16626,16751 | -0.13    | -14.29   |
| 13  | 60         | 10000000 | 5000000   | 156250   | 4096    | 32    | 2    | io_uring | 12        | 16  | increase  | asc         | asc        | 1          | 0.7      | 0.57     | 6   | 18842,18982,19122,18841,18981,19121 | -0.13    | -18.57   |
| 18  | 20         | 10000000 | 5000000   | 476191   | 1024    | 512   | 2    | io_uring | 12        | 16  | increase  | desc        | asc        | 2          | 1.06     | 0.93     | 6   | 27247,27387,27527,27246,27386,27526 | -0.13    | -12.26   |
| 8   | 60         | 10000000 | 625000    | 156250   | 1       | 128   | 16   | io_uring | 12        | 16  | decrease  | desc        | desc       | 1          | 1.1      | 0.97     | 6   | 11627,11752,11877,11626,11751,11876 | -0.13    | -11.82   |
| 9   | 20         | 10000000 | 625000    | 476191   | 1       | 2     | 16   | io_uring | 12        | 16  | increase  | asc         | asc        | 1          | 1.11     | 0.98     | 6   | 12752,12877,13002,12751,12876,13001 | -0.13    | -11.71   |
| 10  | 20         | 10000000 | 625000    | 476191   | 1       | 2     | 16   | worker   | 12        | 16  | increase  | desc        | asc        | 4          | 1.08     | 0.95     | 6   | 13512,13637,13762,13511,13636,13761 | -0.13    | -12.04   |
| 6   | 60         | 10000000 | 625000    | 156250   | 1       | 128   | 16   | worker   | 12        | 16  | increase  | desc        | desc       | 32         | 2.7      | 2.57     | 6   | 7902,8027,8152,7901,8026,8151       | -0.13    | -4.81    |
| 4   | 40         | 10000000 | 625000    | 238096   | 1048576 | 32    | 16   | worker   | 12        | 16  | decrease  | desc        | asc        | 4          | 1.7      | 1.56     | 6   | 4512,4637,4762,4511,4636,4761       | -0.14    | -8.24    |
| 12  | 20         | 10000000 | 625000    | 476191   | 1       | 2     | 16   | io_uring | 12        | 16  | decrease  | desc        | asc        | 4          | 1.24     | 1.1      | 6   | 17262,17387,17512,17261,17386,17511 | -0.14    | -11.29   |
| 14  | 60         | 10000000 | 5000000   | 156250   | 4096    | 32    | 2    | io_uring | 12        | 16  | increase  | desc        | desc       | 1          | 0.75     | 0.61     | 6   | 20942,21082,21222,20941,21081,21221 | -0.14    | -18.67   |
| 1   | 40         | 10000000 | 625000    | 238096   | 1048576 | 32    | 16   | io_uring | 12        | 16  | increase  | asc         | desc       | 8          | 2.56     | 2.42     | 6   | 1142,1267,1392,1141,1266,1391       | -0.14    | -5.47    |
| 11  | 20         | 10000000 | 625000    | 476191   | 1       | 2     | 16   | io_uring | 12        | 16  | decrease  | asc         | desc       | 2048       | 30.27    | 30.13    | 6   | 16182,16307,16432,16181,16306,16431 | -0.14    | -0.46    |
| 19  | 20         | 10000000 | 5000000   | 476191   | 1024    | 512   | 2    | io_uring | 12        | 16  | decrease  | asc         | desc       | 32         | 6.32     | 6.18     | 6   | 29367,29507,29647,29366,29506,29646 | -0.14    | -2.22    |
| 19  | 20         | 10000000 | 5000000   | 476191   | 1024    | 512   | 2    | io_uring | 12        | 16  | decrease  | asc         | desc       | 4096       | 21.1     | 20.96    | 6   | 29402,29542,29682,29401,29541,29681 | -0.14    | -0.66    |
| 10  | 20         | 10000000 | 625000    | 476191   | 1       | 2     | 16   | io_uring | 12        | 16  | increase  | desc        | asc        | 128        | 4.51     | 4.36     | 6   | 14287,14412,14537,14286,14411,14536 | -0.15    | -3.33    |
| 2   | 40         | 10000000 | 625000    | 238096   | 1048576 | 32    | 16   | io_uring | 12        | 16  | increase  | desc        | desc       | 8          | 4.04     | 3.89     | 6   | 2642,2767,2892,2641,2766,2891       | -0.15    | -3.71    |
| 2   | 40         | 10000000 | 625000    | 238096   | 1048576 | 32    | 16   | worker   | 12        | 16  | increase  | desc        | desc       | 1          | 1.13     | 0.98     | 6   | 1877,2002,2127,1876,2001,2126       | -0.15    | -13.27   |
| 7   | 60         | 10000000 | 625000    | 156250   | 1       | 128   | 16   | worker   | 12        | 16  | decrease  | asc         | asc        | 32         | 2.61     | 2.46     | 6   | 9027,9152,9277,9026,9151,9276       | -0.15    | -5.75    |
| 13  | 60         | 10000000 | 5000000   | 156250   | 4096    | 32    | 2    | io_uring | 12        | 16  | increase  | asc         | desc       | 8          | 1.65     | 1.5      | 6   | 19277,19417,19557,19276,19416,19556 | -0.15    | -9.09    |
| 14  | 60         | 10000000 | 5000000   | 156250   | 4096    | 32    | 2    | worker   | 12        | 16  | increase  | desc        | desc       | 8          | 1.88     | 1.73     | 6   | 20117,20257,20397,20116,20256,20396 | -0.15    | -7.98    |
| 15  | 60         | 10000000 | 5000000   | 156250   | 4096    | 32    | 2    | worker   | 12        | 16  | decrease  | asc         | asc        | 8          | 1.65     | 1.5      | 6   | 21377,21517,21657,21376,21516,21656 | -0.15    | -9.09    |
| 15  | 60         | 10000000 | 5000000   | 156250   | 4096    | 32    | 2    | io_uring | 12        | 16  | decrease  | asc         | desc       | 2          | 0.91     | 0.76     | 6   | 22627,22767,22907,22626,22766,22906 | -0.15    | -16.48   |
| 15  | 60         | 10000000 | 5000000   | 156250   | 4096    | 32    | 2    | io_uring | 12        | 16  | decrease  | asc         | asc        | 8          | 1.84     | 1.69     | 6   | 22217,22357,22497,22216,22356,22496 | -0.15    | -8.15    |
| 5   | 60         | 10000000 | 625000    | 156250   | 1       | 128   | 16   | io_uring | 12        | 16  | increase  | asc         | desc       | 64         | 3.43     | 3.28     | 6   | 7157,7282,7407,7156,7281,7406       | -0.15    | -4.37    |
| 8   | 60         | 10000000 | 625000    | 156250   | 1       | 128   | 16   | worker   | 12        | 16  | decrease  | desc        | desc       | 2048       | 8.66     | 8.51     | 6   | 10932,11057,11182,10931,11056,11181 | -0.15    | -1.73    |
| 7   | 60         | 10000000 | 625000    | 156250   | 1       | 128   | 16   | io_uring | 12        | 16  | decrease  | asc         | desc       | 128        | 3.59     | 3.43     | 6   | 10162,10287,10412,10161,10286,10411 | -0.16    | -4.46    |
| 5   | 60         | 10000000 | 625000    | 156250   | 1       | 128   | 16   | worker   | 12        | 16  | increase  | asc         | asc        | 8          | 1.23     | 1.07     | 6   | 6017,6142,6267,6016,6141,6266       | -0.16    | -13.01   |
| 8   | 60         | 10000000 | 625000    | 156250   | 1       | 128   | 16   | io_uring | 12        | 16  | decrease  | desc        | asc        | 8          | 1.32     | 1.16     | 6   | 11267,11392,11517,11266,11391,11516 | -0.16    | -12.12   |
| 10  | 20         | 10000000 | 625000    | 476191   | 1       | 2     | 16   | io_uring | 12        | 16  | increase  | desc        | desc       | 4          | 1.37     | 1.21     | 6   | 14637,14762,14887,14636,14761,14886 | -0.16    | -11.68   |
| 10  | 20         | 10000000 | 625000    | 476191   | 1       | 2     | 16   | io_uring | 12        | 16  | increase  | desc        | desc       | 8          | 1.82     | 1.66     | 6   | 14642,14767,14892,14641,14766,14891 | -0.16    | -8.79    |
| 11  | 20         | 10000000 | 625000    | 476191   | 1       | 2     | 16   | worker   | 12        | 16  | decrease  | asc         | desc       | 512        | 12.08    | 11.92    | 6   | 15422,15547,15672,15421,15546,15671 | -0.16    | -1.32    |
| 13  | 60         | 10000000 | 5000000   | 156250   | 4096    | 32    | 2    | worker   | 12        | 16  | increase  | asc         | asc        | 16         | 2.87     | 2.71     | 6   | 18022,18162,18302,18021,18161,18301 | -0.16    | -5.57    |
| 15  | 60         | 10000000 | 5000000   | 156250   | 4096    | 32    | 2    | io_uring | 12        | 16  | decrease  | asc         | desc       | 4096       | 19.47    | 19.3     | 6   | 22682,22822,22962,22681,22821,22961 | -0.17    | -0.87    |
| 11  | 20         | 10000000 | 625000    | 476191   | 1       | 2     | 16   | worker   | 12        | 16  | decrease  | asc         | asc        | 32         | 4.06     | 3.89     | 6   | 15027,15152,15277,15026,15151,15276 | -0.17    | -4.19    |
| 3   | 40         | 10000000 | 625000    | 238096   | 1048576 | 32    | 16   | worker   | 12        | 16  | decrease  | asc         | asc        | 8          | 3.46     | 3.29     | 6   | 3017,3142,3267,3016,3141,3266       | -0.17    | -4.91    |
| 4   | 40         | 10000000 | 625000    | 238096   | 1048576 | 32    | 16   | worker   | 12        | 16  | decrease  | desc        | asc        | 8          | 3.09     | 2.92     | 6   | 4517,4642,4767,4516,4641,4766       | -0.17    | -5.5     |
| 19  | 20         | 10000000 | 5000000   | 476191   | 1024    | 512   | 2    | io_uring | 12        | 16  | decrease  | asc         | asc        | 32         | 6.83     | 6.66     | 6   | 28947,29087,29227,28946,29086,29226 | -0.17    | -2.49    |
| 6   | 60         | 10000000 | 625000    | 156250   | 1       | 128   | 16   | worker   | 12        | 16  | increase  | desc        | desc       | 4          | 1.34     | 1.17     | 6   | 7887,8012,8137,7886,8011,8136       | -0.17    | -12.69   |
| 7   | 60         | 10000000 | 625000    | 156250   | 1       | 128   | 16   | worker   | 12        | 16  | decrease  | asc         | asc        | 1          | 1.11     | 0.94     | 6   | 9002,9127,9252,9001,9126,9251       | -0.17    | -15.32   |
| 5   | 60         | 10000000 | 625000    | 156250   | 1       | 128   | 16   | io_uring | 12        | 16  | increase  | asc         | asc        | 4096       | 12.19    | 12.01    | 6   | 6812,6937,7062,6811,6936,7061       | -0.18    | -1.48    |
| 15  | 60         | 10000000 | 5000000   | 156250   | 4096    | 32    | 2    | io_uring | 12        | 16  | decrease  | asc         | asc        | 512        | 13.86    | 13.68    | 6   | 22247,22387,22527,22246,22386,22526 | -0.18    | -1.3     |
| 16  | 60         | 10000000 | 5000000   | 156250   | 4096    | 32    | 2    | io_uring | 12        | 16  | decrease  | desc        | asc        | 1024       | 18.23    | 18.05    | 6   | 23932,24072,24212,23931,24071,24211 | -0.18    | -0.99    |
| 18  | 20         | 10000000 | 5000000   | 476191   | 1024    | 512   | 2    | worker   | 12        | 16  | increase  | desc        | desc       | 8          | 2.57     | 2.39     | 6   | 26837,26977,27117,26836,26976,27116 | -0.18    | -7.0     |
| 7   | 60         | 10000000 | 625000    | 156250   | 1       | 128   | 16   | io_uring | 12        | 16  | decrease  | asc         | asc        | 1          | 1.21     | 1.03     | 6   | 9752,9877,10002,9751,9876,10001     | -0.18    | -14.88   |
| 7   | 60         | 10000000 | 625000    | 156250   | 1       | 128   | 16   | io_uring | 12        | 16  | decrease  | asc         | asc        | 8          | 1.55     | 1.37     | 6   | 9767,9892,10017,9766,9891,10016     | -0.18    | -11.61   |
| 5   | 60         | 10000000 | 625000    | 156250   | 1       | 128   | 16   | worker   | 12        | 16  | increase  | asc         | desc       | 64         | 3.66     | 3.48     | 6   | 6407,6532,6657,6406,6531,6656       | -0.18    | -4.92    |
| 12  | 20         | 10000000 | 625000    | 476191   | 1       | 2     | 16   | worker   | 12        | 16  | decrease  | desc        | desc       | 128        | 3.62     | 3.44     | 6   | 16912,17037,17162,16911,17036,17161 | -0.18    | -4.97    |
| 18  | 20         | 10000000 | 5000000   | 476191   | 1024    | 512   | 2    | io_uring | 12        | 16  | increase  | desc        | asc        | 4          | 1.57     | 1.39     | 6   | 27252,27392,27532,27251,27391,27531 | -0.18    | -11.46   |
| 19  | 20         | 10000000 | 5000000   | 476191   | 1024    | 512   | 2    | io_uring | 12        | 16  | decrease  | asc         | asc        | 32768      | 350.62   | 350.43   | 6   | 28997,29137,29277,28996,29136,29276 | -0.19    | -0.05    |
| 5   | 60         | 10000000 | 625000    | 156250   | 1       | 128   | 16   | io_uring | 12        | 16  | increase  | asc         | asc        | 1          | 1.18     | 0.99     | 6   | 6752,6877,7002,6751,6876,7001       | -0.19    | -16.1    |
| 7   | 60         | 10000000 | 625000    | 156250   | 1       | 128   | 16   | io_uring | 12        | 16  | decrease  | asc         | asc        | 2          | 1.28     | 1.09     | 6   | 9757,9882,10007,9756,9881,10006     | -0.19    | -14.84   |
| 8   | 60         | 10000000 | 625000    | 156250   | 1       | 128   | 16   | io_uring | 12        | 16  | decrease  | desc        | asc        | 4          | 1.26     | 1.07     | 6   | 11262,11387,11512,11261,11386,11511 | -0.19    | -15.08   |
| 12  | 20         | 10000000 | 625000    | 476191   | 1       | 2     | 16   | io_uring | 12        | 16  | decrease  | desc        | desc       | 4          | 1.13     | 0.94     | 6   | 17637,17762,17887,17636,17761,17886 | -0.19    | -16.81   |
| 16  | 60         | 10000000 | 5000000   | 156250   | 4096    | 32    | 2    | worker   | 12        | 16  | decrease  | desc        | desc       | 64         | 6.96     | 6.77     | 6   | 23492,23632,23772,23491,23631,23771 | -0.19    | -2.73    |
| 8   | 60         | 10000000 | 625000    | 156250   | 1       | 128   | 16   | io_uring | 12        | 16  | decrease  | desc        | asc        | 4096       | 146.03   | 145.83   | 6   | 11312,11437,11562,11311,11436,11561 | -0.2     | -0.14    |
| 5   | 60         | 10000000 | 625000    | 156250   | 1       | 128   | 16   | io_uring | 12        | 16  | increase  | asc         | desc       | 256        | 10.37    | 10.17    | 6   | 7167,7292,7417,7166,7291,7416       | -0.2     | -1.93    |
| 14  | 60         | 10000000 | 5000000   | 156250   | 4096    | 32    | 2    | worker   | 12        | 16  | increase  | desc        | desc       | 32         | 4.85     | 4.65     | 6   | 20127,20267,20407,20126,20266,20406 | -0.2     | -4.12    |
| 8   | 60         | 10000000 | 625000    | 156250   | 1       | 128   | 16   | io_uring | 12        | 16  | decrease  | desc        | desc       | 4          | 1.24     | 1.04     | 6   | 11637,11762,11887,11636,11761,11886 | -0.2     | -16.13   |
| 9   | 20         | 10000000 | 625000    | 476191   | 1       | 2     | 16   | io_uring | 12        | 16  | increase  | asc         | asc        | 4          | 1.16     | 0.96     | 6   | 12762,12887,13012,12761,12886,13011 | -0.2     | -17.24   |
| 12  | 20         | 10000000 | 625000    | 476191   | 1       | 2     | 16   | worker   | 12        | 16  | decrease  | desc        | asc        | 2          | 1.0      | 0.8      | 6   | 16507,16632,16757,16506,16631,16756 | -0.2     | -20.0    |
| 2   | 40         | 10000000 | 625000    | 238096   | 1048576 | 32    | 16   | worker   | 12        | 16  | increase  | desc        | asc        | 16         | 5.11     | 4.91     | 6   | 1522,1647,1772,1521,1646,1771       | -0.2     | -3.91    |
| 4   | 40         | 10000000 | 625000    | 238096   | 1048576 | 32    | 16   | worker   | 12        | 16  | decrease  | desc        | desc       | 8          | 3.99     | 3.79     | 6   | 4892,5017,5142,4891,5016,5141       | -0.2     | -5.01    |
| 7   | 60         | 10000000 | 625000    | 156250   | 1       | 128   | 16   | io_uring | 12        | 16  | decrease  | asc         | asc        | 64         | 3.48     | 3.28     | 6   | 9782,9907,10032,9781,9906,10031     | -0.2     | -5.75    |
| 12  | 20         | 10000000 | 625000    | 476191   | 1       | 2     | 16   | worker   | 12        | 16  | decrease  | desc        | desc       | 16384      | 70.34    | 70.14    | 6   | 16947,17072,17197,16946,17071,17196 | -0.2     | -0.28    |
| 6   | 60         | 10000000 | 625000    | 156250   | 1       | 128   | 16   | io_uring | 12        | 16  | increase  | desc        | asc        | 8          | 1.44     | 1.23     | 6   | 8267,8392,8517,8266,8391,8516       | -0.21    | -14.58   |
| 6   | 60         | 10000000 | 625000    | 156250   | 1       | 128   | 16   | io_uring | 12        | 16  | increase  | desc        | asc        | 32         | 2.3      | 2.09     | 6   | 8277,8402,8527,8276,8401,8526       | -0.21    | -9.13    |
| 16  | 60         | 10000000 | 5000000   | 156250   | 4096    | 32    | 2    | worker   | 12        | 16  | decrease  | desc        | desc       | 16384      | 18.18    | 17.97    | 6   | 23532,23672,23812,23531,23671,23811 | -0.21    | -1.16    |
| 20  | 20         | 10000000 | 5000000   | 476191   | 1024    | 512   | 2    | io_uring | 12        | 16  | decrease  | desc        | desc       | 4          | 1.64     | 1.42     | 6   | 31032,31172,31312,31031,31171,31311 | -0.22    | -13.41   |
| 13  | 60         | 10000000 | 5000000   | 156250   | 4096    | 32    | 2    | io_uring | 12        | 16  | increase  | asc         | asc        | 16         | 2.93     | 2.71     | 6   | 18862,19002,19142,18861,19001,19141 | -0.22    | -7.51    |
| 14  | 60         | 10000000 | 5000000   | 156250   | 4096    | 32    | 2    | io_uring | 12        | 16  | increase  | desc        | desc       | 8          | 1.86     | 1.64     | 6   | 20957,21097,21237,20956,21096,21236 | -0.22    | -11.83   |
| 6   | 60         | 10000000 | 625000    | 156250   | 1       | 128   | 16   | io_uring | 12        | 16  | increase  | desc        | asc        | 64         | 2.55     | 2.32     | 6   | 8282,8407,8532,8281,8406,8531       | -0.23    | -9.02    |
| 15  | 60         | 10000000 | 5000000   | 156250   | 4096    | 32    | 2    | worker   | 12        | 16  | decrease  | asc         | asc        | 4          | 1.28     | 1.05     | 6   | 21372,21512,21652,21371,21511,21651 | -0.23    | -17.97   |
| 9   | 20         | 10000000 | 625000    | 476191   | 1       | 2     | 16   | io_uring | 12        | 16  | increase  | asc         | asc        | 4096       | 22.02    | 21.78    | 6   | 12812,12937,13062,12811,12936,13061 | -0.24    | -1.09    |
| 9   | 20         | 10000000 | 625000    | 476191   | 1       | 2     | 16   | worker   | 12        | 16  | increase  | asc         | asc        | 4096       | 21.13    | 20.89    | 6   | 12062,12187,12312,12061,12186,12311 | -0.24    | -1.14    |
| 12  | 20         | 10000000 | 625000    | 476191   | 1       | 2     | 16   | io_uring | 12        | 16  | decrease  | desc        | desc       | 32         | 2.44     | 2.2      | 6   | 17652,17777,17902,17651,17776,17901 | -0.24    | -9.84    |
| 6   | 60         | 10000000 | 625000    | 156250   | 1       | 128   | 16   | io_uring | 12        | 16  | increase  | desc        | asc        | 128        | 3.44     | 3.18     | 6   | 8287,8412,8537,8286,8411,8536       | -0.26    | -7.56    |
| 9   | 20         | 10000000 | 625000    | 476191   | 1       | 2     | 16   | worker   | 12        | 16  | increase  | asc         | asc        | 1024       | 8.53     | 8.27     | 6   | 12052,12177,12302,12051,12176,12301 | -0.26    | -3.05    |
| 16  | 60         | 10000000 | 5000000   | 156250   | 4096    | 32    | 2    | io_uring | 12        | 16  | decrease  | desc        | desc       | 512        | 12.35    | 12.09    | 6   | 24347,24487,24627,24346,24486,24626 | -0.26    | -2.11    |
| 16  | 60         | 10000000 | 5000000   | 156250   | 4096    | 32    | 2    | worker   | 12        | 16  | decrease  | desc        | asc        | 16         | 2.8      | 2.54     | 6   | 23062,23202,23342,23061,23201,23341 | -0.26    | -9.29    |
| 19  | 20         | 10000000 | 5000000   | 476191   | 1024    | 512   | 2    | io_uring | 12        | 16  | decrease  | asc         | desc       | 128        | 12.95    | 12.69    | 6   | 29377,29517,29657,29376,29516,29656 | -0.26    | -2.01    |
| 5   | 60         | 10000000 | 625000    | 156250   | 1       | 128   | 16   | io_uring | 12        | 16  | increase  | asc         | asc        | 128        | 2.99     | 2.73     | 6   | 6787,6912,7037,6786,6911,7036       | -0.26    | -8.7     |
| 10  | 20         | 10000000 | 625000    | 476191   | 1       | 2     | 16   | io_uring | 12        | 16  | increase  | desc        | asc        | 32         | 2.5      | 2.23     | 6   | 14277,14402,14527,14276,14401,14526 | -0.27    | -10.8    |
| 11  | 20         | 10000000 | 625000    | 476191   | 1       | 2     | 16   | io_uring | 12        | 16  | decrease  | asc         | asc        | 8          | 1.73     | 1.46     | 6   | 15767,15892,16017,15766,15891,16016 | -0.27    | -15.61   |
| 8   | 60         | 10000000 | 625000    | 156250   | 1       | 128   | 16   | worker   | 12        | 16  | decrease  | desc        | desc       | 16384      | 32.91    | 32.63    | 6   | 10947,11072,11197,10946,11071,11196 | -0.28    | -0.85    |
| 7   | 60         | 10000000 | 625000    | 156250   | 1       | 128   | 16   | io_uring | 12        | 16  | decrease  | asc         | asc        | 256        | 10.24    | 9.96     | 6   | 9792,9917,10042,9791,9916,10041     | -0.28    | -2.73    |
| 14  | 60         | 10000000 | 5000000   | 156250   | 4096    | 32    | 2    | io_uring | 12        | 16  | increase  | desc        | asc        | 32         | 4.6      | 4.32     | 6   | 20547,20687,20827,20546,20686,20826 | -0.28    | -6.09    |
| 12  | 20         | 10000000 | 625000    | 476191   | 1       | 2     | 16   | io_uring | 12        | 16  | decrease  | desc        | desc       | 64         | 2.57     | 2.29     | 6   | 17657,17782,17907,17656,17781,17906 | -0.28    | -10.89   |
| 7   | 60         | 10000000 | 625000    | 156250   | 1       | 128   | 16   | io_uring | 12        | 16  | decrease  | asc         | desc       | 32         | 2.04     | 1.76     | 6   | 10152,10277,10402,10151,10276,10401 | -0.28    | -13.73   |
| 15  | 60         | 10000000 | 5000000   | 156250   | 4096    | 32    | 2    | io_uring | 12        | 16  | decrease  | asc         | desc       | 16         | 2.95     | 2.67     | 6   | 22642,22782,22922,22641,22781,22921 | -0.28    | -9.49    |
| 19  | 20         | 10000000 | 5000000   | 476191   | 1024    | 512   | 2    | io_uring | 12        | 16  | decrease  | asc         | asc        | 2048       | 33.93    | 33.65    | 6   | 28977,29117,29257,28976,29116,29256 | -0.28    | -0.83    |
| 16  | 60         | 10000000 | 5000000   | 156250   | 4096    | 32    | 2    | io_uring | 12        | 16  | decrease  | desc        | desc       | 4          | 1.22     | 0.93     | 6   | 24312,24452,24592,24311,24451,24591 | -0.29    | -23.77   |
| 6   | 60         | 10000000 | 625000    | 156250   | 1       | 128   | 16   | io_uring | 12        | 16  | increase  | desc        | desc       | 1          | 1.3      | 1.01     | 6   | 8627,8752,8877,8626,8751,8876       | -0.29    | -22.31   |
| 1   | 40         | 10000000 | 625000    | 238096   | 1048576 | 32    | 16   | worker   | 12        | 16  | increase  | asc         | desc       | 2          | 1.27     | 0.97     | 6   | 382,507,632,381,506,631             | -0.3     | -23.62   |
| 3   | 40         | 10000000 | 625000    | 238096   | 1048576 | 32    | 16   | worker   | 12        | 16  | decrease  | asc         | asc        | 4          | 2.29     | 1.99     | 6   | 3012,3137,3262,3011,3136,3261       | -0.3     | -13.1    |
| 18  | 20         | 10000000 | 5000000   | 476191   | 1024    | 512   | 2    | worker   | 12        | 16  | increase  | desc        | desc       | 256        | 15.79    | 15.48    | 6   | 26862,27002,27142,26861,27001,27141 | -0.31    | -1.96    |
| 12  | 20         | 10000000 | 625000    | 476191   | 1       | 2     | 16   | worker   | 12        | 16  | decrease  | desc        | desc       | 8          | 1.64     | 1.33     | 6   | 16892,17017,17142,16891,17016,17141 | -0.31    | -18.9    |
| 1   | 40         | 10000000 | 625000    | 238096   | 1048576 | 32    | 16   | io_uring | 12        | 16  | increase  | asc         | asc        | 4          | 2.04     | 1.73     | 6   | 762,887,1012,761,886,1011           | -0.31    | -15.2    |
| 8   | 60         | 10000000 | 625000    | 156250   | 1       | 128   | 16   | io_uring | 12        | 16  | decrease  | desc        | desc       | 64         | 1.78     | 1.47     | 6   | 11657,11782,11907,11656,11781,11906 | -0.31    | -17.42   |
| 20  | 20         | 10000000 | 5000000   | 476191   | 1024    | 512   | 2    | io_uring | 12        | 16  | decrease  | desc        | desc       | 32         | 6.53     | 6.22     | 6   | 31047,31187,31327,31046,31186,31326 | -0.31    | -4.75    |
| 19  | 20         | 10000000 | 5000000   | 476191   | 1024    | 512   | 2    | worker   | 12        | 16  | decrease  | asc         | desc       | 32         | 6.52     | 6.2      | 6   | 28527,28667,28807,28526,28666,28806 | -0.32    | -4.91    |
| 8   | 60         | 10000000 | 625000    | 156250   | 1       | 128   | 16   | io_uring | 12        | 16  | decrease  | desc        | asc        | 512        | 19.63    | 19.31    | 6   | 11297,11422,11547,11296,11421,11546 | -0.32    | -1.63    |
| 15  | 60         | 10000000 | 5000000   | 156250   | 4096    | 32    | 2    | io_uring | 12        | 16  | decrease  | asc         | asc        | 2          | 1.19     | 0.86     | 6   | 22207,22347,22487,22206,22346,22486 | -0.33    | -27.73   |
| 17  | 20         | 10000000 | 5000000   | 476191   | 1024    | 512   | 2    | io_uring | 12        | 16  | increase  | asc         | asc        | 1024       | 13.74    | 13.41    | 6   | 25612,25752,25892,25611,25751,25891 | -0.33    | -2.4     |
| 15  | 60         | 10000000 | 5000000   | 156250   | 4096    | 32    | 2    | worker   | 12        | 16  | decrease  | asc         | desc       | 2048       | 17.96    | 17.63    | 6   | 21837,21977,22117,21836,21976,22116 | -0.33    | -1.84    |
| 5   | 60         | 10000000 | 625000    | 156250   | 1       | 128   | 16   | io_uring | 12        | 16  | increase  | asc         | asc        | 1024       | 5.75     | 5.41     | 6   | 6802,6927,7052,6801,6926,7051       | -0.34    | -5.91    |
| 7   | 60         | 10000000 | 625000    | 156250   | 1       | 128   | 16   | io_uring | 12        | 16  | decrease  | asc         | desc       | 2048       | 24.12    | 23.78    | 6   | 10182,10307,10432,10181,10306,10431 | -0.34    | -1.41    |
| 20  | 20         | 10000000 | 5000000   | 476191   | 1024    | 512   | 2    | io_uring | 12        | 16  | decrease  | desc        | asc        | 16         | 3.98     | 3.64     | 6   | 30622,30762,30902,30621,30761,30901 | -0.34    | -8.54    |
| 6   | 60         | 10000000 | 625000    | 156250   | 1       | 128   | 16   | io_uring | 12        | 16  | increase  | desc        | asc        | 512        | 7.67     | 7.32     | 6   | 8297,8422,8547,8296,8421,8546       | -0.35    | -4.56    |
| 7   | 60         | 10000000 | 625000    | 156250   | 1       | 128   | 16   | worker   | 12        | 16  | decrease  | asc         | desc       | 8          | 1.43     | 1.08     | 6   | 9392,9517,9642,9391,9516,9641       | -0.35    | -24.48   |
| 9   | 20         | 10000000 | 625000    | 476191   | 1       | 2     | 16   | worker   | 12        | 16  | increase  | asc         | asc        | 16         | 1.96     | 1.61     | 6   | 12022,12147,12272,12021,12146,12271 | -0.35    | -17.86   |
| 10  | 20         | 10000000 | 625000    | 476191   | 1       | 2     | 16   | io_uring | 12        | 16  | increase  | desc        | asc        | 1024       | 19.51    | 19.16    | 6   | 14302,14427,14552,14301,14426,14551 | -0.35    | -1.79    |
| 18  | 20         | 10000000 | 5000000   | 476191   | 1024    | 512   | 2    | worker   | 12        | 16  | increase  | desc        | asc        | 2048       | 17.25    | 16.9     | 6   | 26457,26597,26737,26456,26596,26736 | -0.35    | -2.03    |
| 18  | 20         | 10000000 | 5000000   | 476191   | 1024    | 512   | 2    | worker   | 12        | 16  | increase  | desc        | asc        | 16         | 4.09     | 3.73     | 6   | 26422,26562,26702,26421,26561,26701 | -0.36    | -8.8     |
| 15  | 60         | 10000000 | 5000000   | 156250   | 4096    | 32    | 2    | worker   | 12        | 16  | decrease  | asc         | asc        | 64         | 7.77     | 7.4      | 6   | 21392,21532,21672,21391,21531,21671 | -0.37    | -4.76    |
| 15  | 60         | 10000000 | 5000000   | 156250   | 4096    | 32    | 2    | worker   | 12        | 16  | decrease  | asc         | desc       | 16         | 3.07     | 2.7      | 6   | 21802,21942,22082,21801,21941,22081 | -0.37    | -12.05   |
| 13  | 60         | 10000000 | 5000000   | 156250   | 4096    | 32    | 2    | io_uring | 12        | 16  | increase  | asc         | asc        | 8          | 1.72     | 1.35     | 6   | 18857,18997,19137,18856,18996,19136 | -0.37    | -21.51   |
| 7   | 60         | 10000000 | 625000    | 156250   | 1       | 128   | 16   | io_uring | 12        | 16  | decrease  | asc         | asc        | 32         | 2.73     | 2.36     | 6   | 9777,9902,10027,9776,9901,10026     | -0.37    | -13.55   |
| 10  | 20         | 10000000 | 625000    | 476191   | 1       | 2     | 16   | io_uring | 12        | 16  | increase  | desc        | asc        | 256        | 6.72     | 6.35     | 6   | 14292,14417,14542,14291,14416,14541 | -0.37    | -5.51    |
| 7   | 60         | 10000000 | 625000    | 156250   | 1       | 128   | 16   | io_uring | 12        | 16  | decrease  | asc         | desc       | 16384      | 142.01   | 141.63   | 6   | 10197,10322,10447,10196,10321,10446 | -0.38    | -0.27    |
| 10  | 20         | 10000000 | 625000    | 476191   | 1       | 2     | 16   | worker   | 12        | 16  | increase  | desc        | asc        | 256        | 6.8      | 6.42     | 6   | 13542,13667,13792,13541,13666,13791 | -0.38    | -5.59    |
| 14  | 60         | 10000000 | 5000000   | 156250   | 4096    | 32    | 2    | worker   | 12        | 16  | increase  | desc        | desc       | 4          | 1.58     | 1.2      | 6   | 20112,20252,20392,20111,20251,20391 | -0.38    | -24.05   |
| 12  | 20         | 10000000 | 625000    | 476191   | 1       | 2     | 16   | worker   | 12        | 16  | decrease  | desc        | desc       | 1024       | 8.7      | 8.31     | 6   | 16927,17052,17177,16926,17051,17176 | -0.39    | -4.48    |
| 6   | 60         | 10000000 | 625000    | 156250   | 1       | 128   | 16   | io_uring | 12        | 16  | increase  | desc        | desc       | 2          | 1.35     | 0.96     | 6   | 8632,8757,8882,8631,8756,8881       | -0.39    | -28.89   |
| 8   | 60         | 10000000 | 625000    | 156250   | 1       | 128   | 16   | io_uring | 12        | 16  | decrease  | desc        | desc       | 8192       | 19.59    | 19.19    | 6   | 11692,11817,11942,11691,11816,11941 | -0.4     | -2.04    |
| 9   | 20         | 10000000 | 625000    | 476191   | 1       | 2     | 16   | worker   | 12        | 16  | increase  | asc         | asc        | 2048       | 12.14    | 11.74    | 6   | 12057,12182,12307,12056,12181,12306 | -0.4     | -3.29    |
| 4   | 40         | 10000000 | 625000    | 238096   | 1048576 | 32    | 16   | io_uring | 12        | 16  | decrease  | desc        | desc       | 4          | 2.47     | 2.06     | 6   | 5637,5762,5887,5636,5761,5886       | -0.41    | -16.6    |
| 15  | 60         | 10000000 | 5000000   | 156250   | 4096    | 32    | 2    | io_uring | 12        | 16  | decrease  | asc         | desc       | 32768      | 52.27    | 51.86    | 6   | 22697,22837,22977,22696,22836,22976 | -0.41    | -0.78    |
| 10  | 20         | 10000000 | 625000    | 476191   | 1       | 2     | 16   | worker   | 12        | 16  | increase  | desc        | desc       | 8          | 1.99     | 1.57     | 6   | 13892,14017,14142,13891,14016,14141 | -0.42    | -21.11   |
| 13  | 60         | 10000000 | 5000000   | 156250   | 4096    | 32    | 2    | io_uring | 12        | 16  | increase  | asc         | desc       | 32         | 4.65     | 4.23     | 6   | 19287,19427,19567,19286,19426,19566 | -0.42    | -9.03    |
| 14  | 60         | 10000000 | 5000000   | 156250   | 4096    | 32    | 2    | io_uring | 12        | 16  | increase  | desc        | asc        | 8192       | 24.1     | 23.67    | 6   | 20587,20727,20867,20586,20726,20866 | -0.43    | -1.78    |
| 7   | 60         | 10000000 | 625000    | 156250   | 1       | 128   | 16   | worker   | 12        | 16  | decrease  | asc         | desc       | 64         | 2.71     | 2.28     | 6   | 9407,9532,9657,9406,9531,9656       | -0.43    | -15.87   |
| 2   | 40         | 10000000 | 625000    | 238096   | 1048576 | 32    | 16   | worker   | 12        | 16  | increase  | desc        | asc        | 1          | 1.31     | 0.87     | 6   | 1502,1627,1752,1501,1626,1751       | -0.44    | -33.59   |
| 6   | 60         | 10000000 | 625000    | 156250   | 1       | 128   | 16   | worker   | 12        | 16  | increase  | desc        | asc        | 4096       | 41.05    | 40.6     | 6   | 7562,7687,7812,7561,7686,7811       | -0.45    | -1.1     |
| 5   | 60         | 10000000 | 625000    | 156250   | 1       | 128   | 16   | worker   | 12        | 16  | increase  | asc         | asc        | 1024       | 6.14     | 5.69     | 6   | 6052,6177,6302,6051,6176,6301       | -0.45    | -7.33    |
| 6   | 60         | 10000000 | 625000    | 156250   | 1       | 128   | 16   | io_uring | 12        | 16  | increase  | desc        | desc       | 256        | 10.16    | 9.71     | 6   | 8667,8792,8917,8666,8791,8916       | -0.45    | -4.43    |
| 17  | 20         | 10000000 | 5000000   | 476191   | 1024    | 512   | 2    | io_uring | 12        | 16  | increase  | asc         | desc       | 512        | 18.64    | 18.18    | 6   | 26027,26167,26307,26026,26166,26306 | -0.46    | -2.47    |
| 9   | 20         | 10000000 | 625000    | 476191   | 1       | 2     | 16   | worker   | 12        | 16  | increase  | asc         | asc        | 32         | 2.62     | 2.15     | 6   | 12027,12152,12277,12026,12151,12276 | -0.47    | -17.94   |
| 14  | 60         | 10000000 | 5000000   | 156250   | 4096    | 32    | 2    | worker   | 12        | 16  | increase  | desc        | asc        | 128        | 11.32    | 10.85    | 6   | 19717,19857,19997,19716,19856,19996 | -0.47    | -4.15    |
| 18  | 20         | 10000000 | 5000000   | 476191   | 1024    | 512   | 2    | io_uring | 12        | 16  | increase  | desc        | desc       | 128        | 12.38    | 11.91    | 6   | 27697,27837,27977,27696,27836,27976 | -0.47    | -3.8     |
| 6   | 60         | 10000000 | 625000    | 156250   | 1       | 128   | 16   | worker   | 12        | 16  | increase  | desc        | asc        | 128        | 4.01     | 3.53     | 6   | 7537,7662,7787,7536,7661,7786       | -0.48    | -11.97   |
| 8   | 60         | 10000000 | 625000    | 156250   | 1       | 128   | 16   | io_uring | 12        | 16  | decrease  | desc        | desc       | 512        | 4.33     | 3.85     | 6   | 11672,11797,11922,11671,11796,11921 | -0.48    | -11.09   |
| 5   | 60         | 10000000 | 625000    | 156250   | 1       | 128   | 16   | worker   | 12        | 16  | increase  | asc         | desc       | 128        | 6.21     | 5.72     | 6   | 6412,6537,6662,6411,6536,6661       | -0.49    | -7.89    |
| 7   | 60         | 10000000 | 625000    | 156250   | 1       | 128   | 16   | worker   | 12        | 16  | decrease  | asc         | asc        | 64         | 3.99     | 3.5      | 6   | 9032,9157,9282,9031,9156,9281       | -0.49    | -12.28   |
| 16  | 60         | 10000000 | 5000000   | 156250   | 4096    | 32    | 2    | worker   | 12        | 16  | decrease  | desc        | desc       | 16         | 3.0      | 2.51     | 6   | 23482,23622,23762,23481,23621,23761 | -0.49    | -16.33   |
| 6   | 60         | 10000000 | 625000    | 156250   | 1       | 128   | 16   | worker   | 12        | 16  | increase  | desc        | asc        | 512        | 8.29     | 7.79     | 6   | 7547,7672,7797,7546,7671,7796       | -0.5     | -6.03    |
| 6   | 60         | 10000000 | 625000    | 156250   | 1       | 128   | 16   | io_uring | 12        | 16  | increase  | desc        | asc        | 2048       | 23.83    | 23.33    | 6   | 8307,8432,8557,8306,8431,8556       | -0.5     | -2.1     |
| 20  | 20         | 10000000 | 5000000   | 476191   | 1024    | 512   | 2    | worker   | 12        | 16  | decrease  | desc        | desc       | 64         | 8.79     | 8.29     | 6   | 30212,30352,30492,30211,30351,30491 | -0.5     | -5.69    |
| 5   | 60         | 10000000 | 625000    | 156250   | 1       | 128   | 16   | worker   | 12        | 16  | increase  | asc         | asc        | 512        | 4.35     | 3.84     | 6   | 6047,6172,6297,6046,6171,6296       | -0.51    | -11.72   |
| 8   | 60         | 10000000 | 625000    | 156250   | 1       | 128   | 16   | worker   | 12        | 16  | decrease  | desc        | asc        | 128        | 6.06     | 5.55     | 6   | 10537,10662,10787,10536,10661,10786 | -0.51    | -8.42    |
| 18  | 20         | 10000000 | 5000000   | 476191   | 1024    | 512   | 2    | io_uring | 12        | 16  | increase  | desc        | asc        | 16384      | 41.1     | 40.58    | 6   | 27312,27452,27592,27311,27451,27591 | -0.52    | -1.27    |
| 13  | 60         | 10000000 | 5000000   | 156250   | 4096    | 32    | 2    | io_uring | 12        | 16  | increase  | asc         | asc        | 256        | 11.83    | 11.3     | 6   | 18882,19022,19162,18881,19021,19161 | -0.53    | -4.48    |
| 4   | 40         | 10000000 | 625000    | 238096   | 1048576 | 32    | 16   | io_uring | 12        | 16  | decrease  | desc        | asc        | 2          | 1.81     | 1.28     | 6   | 5257,5382,5507,5256,5381,5506       | -0.53    | -29.28   |
| 8   | 60         | 10000000 | 625000    | 156250   | 1       | 128   | 16   | worker   | 12        | 16  | decrease  | desc        | desc       | 64         | 2.15     | 1.61     | 6   | 10907,11032,11157,10906,11031,11156 | -0.54    | -25.12   |
| 11  | 20         | 10000000 | 625000    | 476191   | 1       | 2     | 16   | worker   | 12        | 16  | decrease  | asc         | desc       | 256        | 7.54     | 6.99     | 6   | 15417,15542,15667,15416,15541,15666 | -0.55    | -7.29    |
| 10  | 20         | 10000000 | 625000    | 476191   | 1       | 2     | 16   | worker   | 12        | 16  | increase  | desc        | asc        | 64         | 3.33     | 2.78     | 6   | 13532,13657,13782,13531,13656,13781 | -0.55    | -16.52   |
| 13  | 60         | 10000000 | 5000000   | 156250   | 4096    | 32    | 2    | io_uring | 12        | 16  | increase  | asc         | asc        | 128        | 10.99    | 10.43    | 6   | 18877,19017,19157,18876,19016,19156 | -0.56    | -5.1     |
| 6   | 60         | 10000000 | 625000    | 156250   | 1       | 128   | 16   | worker   | 12        | 16  | increase  | desc        | asc        | 64         | 2.88     | 2.31     | 6   | 7532,7657,7782,7531,7656,7781       | -0.57    | -19.79   |
| 14  | 60         | 10000000 | 5000000   | 156250   | 4096    | 32    | 2    | io_uring | 12        | 16  | increase  | desc        | desc       | 16         | 3.41     | 2.84     | 6   | 20962,21102,21242,20961,21101,21241 | -0.57    | -16.72   |
| 20  | 20         | 10000000 | 5000000   | 476191   | 1024    | 512   | 2    | io_uring | 12        | 16  | decrease  | desc        | desc       | 4096       | 15.83    | 15.26    | 6   | 31082,31222,31362,31081,31221,31361 | -0.57    | -3.6     |
| 20  | 20         | 10000000 | 5000000   | 476191   | 1024    | 512   | 2    | worker   | 12        | 16  | decrease  | desc        | desc       | 16384      | 24.84    | 24.27    | 6   | 30252,30392,30532,30251,30391,30531 | -0.57    | -2.29    |
| 16  | 60         | 10000000 | 5000000   | 156250   | 4096    | 32    | 2    | worker   | 12        | 16  | decrease  | desc        | desc       | 128        | 9.9      | 9.32     | 6   | 23497,23637,23777,23496,23636,23776 | -0.58    | -5.86    |
| 6   | 60         | 10000000 | 625000    | 156250   | 1       | 128   | 16   | io_uring | 12        | 16  | increase  | desc        | desc       | 1024       | 34.45    | 33.86    | 6   | 8677,8802,8927,8676,8801,8926       | -0.59    | -1.71    |
| 8   | 60         | 10000000 | 625000    | 156250   | 1       | 128   | 16   | worker   | 12        | 16  | decrease  | desc        | desc       | 8192       | 19.45    | 18.85    | 6   | 10942,11067,11192,10941,11066,11191 | -0.6     | -3.08    |
| 17  | 20         | 10000000 | 5000000   | 476191   | 1024    | 512   | 2    | io_uring | 12        | 16  | increase  | asc         | asc        | 32         | 6.61     | 6.01     | 6   | 25587,25727,25867,25586,25726,25866 | -0.6     | -9.08    |
| 16  | 60         | 10000000 | 5000000   | 156250   | 4096    | 32    | 2    | worker   | 12        | 16  | decrease  | desc        | asc        | 32         | 4.37     | 3.76     | 6   | 23067,23207,23347,23066,23206,23346 | -0.61    | -13.96   |
| 8   | 60         | 10000000 | 625000    | 156250   | 1       | 128   | 16   | worker   | 12        | 16  | decrease  | desc        | desc       | 315536     | 526.33   | 525.72   | 6   | 10977,11102,11227,10976,11101,11226 | -0.61    | -0.12    |
| 16  | 60         | 10000000 | 5000000   | 156250   | 4096    | 32    | 2    | io_uring | 12        | 16  | decrease  | desc        | desc       | 4096       | 14.99    | 14.36    | 6   | 24362,24502,24642,24361,24501,24641 | -0.63    | -4.2     |
| 6   | 60         | 10000000 | 625000    | 156250   | 1       | 128   | 16   | worker   | 12        | 16  | increase  | desc        | desc       | 512        | 19.72    | 19.08    | 6   | 7922,8047,8172,7921,8046,8171       | -0.64    | -3.25    |
| 14  | 60         | 10000000 | 5000000   | 156250   | 4096    | 32    | 2    | worker   | 12        | 16  | increase  | desc        | desc       | 16         | 3.37     | 2.72     | 6   | 20122,20262,20402,20121,20261,20401 | -0.65    | -19.29   |
| 19  | 20         | 10000000 | 5000000   | 476191   | 1024    | 512   | 2    | io_uring | 12        | 16  | decrease  | asc         | desc       | 1024       | 15.71    | 15.03    | 6   | 29392,29532,29672,29391,29531,29671 | -0.68    | -4.33    |
| 8   | 60         | 10000000 | 625000    | 156250   | 1       | 128   | 16   | worker   | 12        | 16  | decrease  | desc        | desc       | 32768      | 60.67    | 59.95    | 6   | 10952,11077,11202,10951,11076,11201 | -0.72    | -1.19    |
| 7   | 60         | 10000000 | 625000    | 156250   | 1       | 128   | 16   | worker   | 12        | 16  | decrease  | asc         | desc       | 256        | 5.24     | 4.52     | 6   | 9417,9542,9667,9416,9541,9666       | -0.72    | -13.74   |
| 7   | 60         | 10000000 | 625000    | 156250   | 1       | 128   | 16   | io_uring | 12        | 16  | decrease  | asc         | asc        | 4096       | 131.23   | 130.5    | 6   | 9812,9937,10062,9811,9936,10061     | -0.73    | -0.56    |
| 8   | 60         | 10000000 | 625000    | 156250   | 1       | 128   | 16   | worker   | 12        | 16  | decrease  | desc        | desc       | 512        | 4.72     | 3.99     | 6   | 10922,11047,11172,10921,11046,11171 | -0.73    | -15.47   |
| 7   | 60         | 10000000 | 625000    | 156250   | 1       | 128   | 16   | io_uring | 12        | 16  | decrease  | asc         | asc        | 128        | 6.2      | 5.47     | 6   | 9787,9912,10037,9786,9911,10036     | -0.73    | -11.77   |
| 13  | 60         | 10000000 | 5000000   | 156250   | 4096    | 32    | 2    | worker   | 12        | 16  | increase  | asc         | asc        | 16384      | 19.05    | 18.28    | 6   | 18072,18212,18352,18071,18211,18351 | -0.77    | -4.04    |
| 3   | 40         | 10000000 | 625000    | 238096   | 1048576 | 32    | 16   | worker   | 12        | 16  | decrease  | asc         | asc        | 1          | 1.68     | 0.91     | 6   | 3002,3127,3252,3001,3126,3251       | -0.77    | -45.83   |
| 5   | 60         | 10000000 | 625000    | 156250   | 1       | 128   | 16   | worker   | 12        | 16  | increase  | asc         | asc        | 256        | 3.44     | 2.67     | 6   | 6042,6167,6292,6041,6166,6291       | -0.77    | -22.38   |
| 18  | 20         | 10000000 | 5000000   | 476191   | 1024    | 512   | 2    | io_uring | 12        | 16  | increase  | desc        | asc        | 64         | 10.08    | 9.3      | 6   | 27272,27412,27552,27271,27411,27551 | -0.78    | -7.74    |
| 19  | 20         | 10000000 | 5000000   | 476191   | 1024    | 512   | 2    | io_uring | 12        | 16  | decrease  | asc         | asc        | 4096       | 54.86    | 54.07    | 6   | 28982,29122,29262,28981,29121,29261 | -0.79    | -1.44    |
| 10  | 20         | 10000000 | 625000    | 476191   | 1       | 2     | 16   | io_uring | 12        | 16  | increase  | desc        | asc        | 4096       | 55.71    | 54.9     | 6   | 14312,14437,14562,14311,14436,14561 | -0.81    | -1.45    |
| 7   | 60         | 10000000 | 625000    | 156250   | 1       | 128   | 16   | io_uring | 12        | 16  | decrease  | asc         | asc        | 8192       | 258.99   | 258.17   | 6   | 9817,9942,10067,9816,9941,10066     | -0.82    | -0.32    |
| 8   | 60         | 10000000 | 625000    | 156250   | 1       | 128   | 16   | worker   | 12        | 16  | decrease  | desc        | desc       | 1024       | 6.15     | 5.33     | 6   | 10927,11052,11177,10926,11051,11176 | -0.82    | -13.33   |
| 7   | 60         | 10000000 | 625000    | 156250   | 1       | 128   | 16   | worker   | 12        | 16  | decrease  | asc         | desc       | 128        | 4.04     | 3.21     | 6   | 9412,9537,9662,9411,9536,9661       | -0.83    | -20.54   |
| 20  | 20         | 10000000 | 5000000   | 476191   | 1024    | 512   | 2    | worker   | 12        | 16  | decrease  | desc        | desc       | 4096       | 17.52    | 16.68    | 6   | 30242,30382,30522,30241,30381,30521 | -0.84    | -4.79    |
| 17  | 20         | 10000000 | 5000000   | 476191   | 1024    | 512   | 2    | io_uring | 12        | 16  | increase  | asc         | asc        | 65536      | 49.94    | 49.09    | 6   | 25642,25782,25922,25641,25781,25921 | -0.85    | -1.7     |
| 20  | 20         | 10000000 | 5000000   | 476191   | 1024    | 512   | 2    | io_uring | 12        | 16  | decrease  | desc        | desc       | 64         | 10.31    | 9.46     | 6   | 31052,31192,31332,31051,31191,31331 | -0.85    | -8.24    |
| 5   | 60         | 10000000 | 625000    | 156250   | 1       | 128   | 16   | io_uring | 12        | 16  | increase  | asc         | desc       | 8192       | 294.89   | 294.03   | 6   | 7192,7317,7442,7191,7316,7441       | -0.86    | -0.29    |
| 15  | 60         | 10000000 | 5000000   | 156250   | 4096    | 32    | 2    | worker   | 12        | 16  | decrease  | asc         | asc        | 128        | 10.28    | 9.41     | 6   | 21397,21537,21677,21396,21536,21676 | -0.87    | -8.46    |
| 18  | 20         | 10000000 | 5000000   | 476191   | 1024    | 512   | 2    | worker   | 12        | 16  | increase  | desc        | desc       | 128        | 12.29    | 11.42    | 6   | 26857,26997,27137,26856,26996,27136 | -0.87    | -7.08    |
| 8   | 60         | 10000000 | 625000    | 156250   | 1       | 128   | 16   | worker   | 12        | 16  | decrease  | desc        | desc       | 256        | 3.45     | 2.57     | 6   | 10917,11042,11167,10916,11041,11166 | -0.88    | -25.51   |
| 6   | 60         | 10000000 | 625000    | 156250   | 1       | 128   | 16   | io_uring | 12        | 16  | increase  | desc        | desc       | 65536      | 2002.93  | 2002.01  | 6   | 8707,8832,8957,8706,8831,8956       | -0.92    | -0.05    |
| 9   | 20         | 10000000 | 625000    | 476191   | 1       | 2     | 16   | io_uring | 12        | 16  | increase  | asc         | asc        | 315536     | 1225.33  | 1224.39  | 6   | 12852,12977,13102,12851,12976,13101 | -0.94    | -0.08    |
| 11  | 20         | 10000000 | 625000    | 476191   | 1       | 2     | 16   | io_uring | 12        | 16  | decrease  | asc         | desc       | 4096       | 54.8     | 53.85    | 6   | 16187,16312,16437,16186,16311,16436 | -0.95    | -1.73    |
| 15  | 60         | 10000000 | 5000000   | 156250   | 4096    | 32    | 2    | io_uring | 12        | 16  | decrease  | asc         | desc       | 8192       | 24.06    | 23.11    | 6   | 22687,22827,22967,22686,22826,22966 | -0.95    | -3.95    |
| 17  | 20         | 10000000 | 5000000   | 476191   | 1024    | 512   | 2    | io_uring | 12        | 16  | increase  | asc         | asc        | 2048       | 14.1     | 13.15    | 6   | 25617,25757,25897,25616,25756,25896 | -0.95    | -6.74    |
| 8   | 60         | 10000000 | 625000    | 156250   | 1       | 128   | 16   | worker   | 12        | 16  | decrease  | desc        | asc        | 256        | 11.06    | 10.11    | 6   | 10542,10667,10792,10541,10666,10791 | -0.95    | -8.59    |
| 17  | 20         | 10000000 | 5000000   | 476191   | 1024    | 512   | 2    | worker   | 12        | 16  | increase  | asc         | asc        | 1024       | 13.69    | 12.66    | 6   | 24772,24912,25052,24771,24911,25051 | -1.03    | -7.52    |
| 8   | 60         | 10000000 | 625000    | 156250   | 1       | 128   | 16   | io_uring | 12        | 16  | decrease  | desc        | asc        | 16384      | 585.66   | 584.62   | 6   | 11322,11447,11572,11321,11446,11571 | -1.04    | -0.18    |
| 6   | 60         | 10000000 | 625000    | 156250   | 1       | 128   | 16   | worker   | 12        | 16  | increase  | desc        | desc       | 256        | 11.25    | 10.21    | 6   | 7917,8042,8167,7916,8041,8166       | -1.04    | -9.24    |
| 13  | 60         | 10000000 | 5000000   | 156250   | 4096    | 32    | 2    | io_uring | 12        | 16  | increase  | asc         | asc        | 4096       | 16.01    | 14.97    | 6   | 18902,19042,19182,18901,19041,19181 | -1.04    | -6.5     |
| 18  | 20         | 10000000 | 5000000   | 476191   | 1024    | 512   | 2    | io_uring | 12        | 16  | increase  | desc        | asc        | 8192       | 27.97    | 26.91    | 6   | 27307,27447,27587,27306,27446,27586 | -1.06    | -3.79    |
| 20  | 20         | 10000000 | 5000000   | 476191   | 1024    | 512   | 2    | io_uring | 12        | 16  | decrease  | desc        | desc       | 2048       | 15.65    | 14.59    | 6   | 31077,31217,31357,31076,31216,31356 | -1.06    | -6.77    |
| 6   | 60         | 10000000 | 625000    | 156250   | 1       | 128   | 16   | io_uring | 12        | 16  | increase  | desc        | asc        | 65536      | 549.28   | 548.17   | 6   | 8332,8457,8582,8331,8456,8581       | -1.11    | -0.2     |
| 7   | 60         | 10000000 | 625000    | 156250   | 1       | 128   | 16   | worker   | 12        | 16  | decrease  | asc         | desc       | 2048       | 24.78    | 23.65    | 6   | 9432,9557,9682,9431,9556,9681       | -1.13    | -4.56    |
| 20  | 20         | 10000000 | 5000000   | 476191   | 1024    | 512   | 2    | worker   | 12        | 16  | decrease  | desc        | desc       | 2048       | 15.57    | 14.42    | 6   | 30237,30377,30517,30236,30376,30516 | -1.15    | -7.39    |
| 6   | 60         | 10000000 | 625000    | 156250   | 1       | 128   | 16   | io_uring | 12        | 16  | increase  | desc        | desc       | 4096       | 130.17   | 129.01   | 6   | 8687,8812,8937,8686,8811,8936       | -1.16    | -0.89    |
| 5   | 60         | 10000000 | 625000    | 156250   | 1       | 128   | 16   | worker   | 12        | 16  | increase  | asc         | asc        | 2048       | 9.29     | 8.12     | 6   | 6057,6182,6307,6056,6181,6306       | -1.17    | -12.59   |
| 7   | 60         | 10000000 | 625000    | 156250   | 1       | 128   | 16   | io_uring | 12        | 16  | decrease  | asc         | desc       | 128036     | 1040.97  | 1039.78  | 6   | 10212,10337,10462,10211,10336,10461 | -1.19    | -0.11    |
| 9   | 20         | 10000000 | 625000    | 476191   | 1       | 2     | 16   | io_uring | 12        | 16  | increase  | asc         | asc        | 16384      | 70.95    | 69.74    | 6   | 12822,12947,13072,12821,12946,13071 | -1.21    | -1.71    |
| 5   | 60         | 10000000 | 625000    | 156250   | 1       | 128   | 16   | worker   | 12        | 16  | increase  | asc         | desc       | 256        | 11.42    | 10.19    | 6   | 6417,6542,6667,6416,6541,6666       | -1.23    | -10.77   |
| 19  | 20         | 10000000 | 5000000   | 476191   | 1024    | 512   | 2    | worker   | 12        | 16  | decrease  | asc         | desc       | 16384      | 42.34    | 41.1     | 6   | 28572,28712,28852,28571,28711,28851 | -1.24    | -2.93    |
| 7   | 60         | 10000000 | 625000    | 156250   | 1       | 128   | 16   | worker   | 12        | 16  | decrease  | asc         | asc        | 128        | 6.66     | 5.41     | 6   | 9037,9162,9287,9036,9161,9286       | -1.25    | -18.77   |
| 18  | 20         | 10000000 | 5000000   | 476191   | 1024    | 512   | 2    | io_uring | 12        | 16  | increase  | desc        | asc        | 512        | 15.47    | 14.21    | 6   | 27287,27427,27567,27286,27426,27566 | -1.26    | -8.14    |
| 12  | 20         | 10000000 | 625000    | 476191   | 1       | 2     | 16   | worker   | 12        | 16  | decrease  | desc        | desc       | 32768      | 135.89   | 134.62   | 6   | 16952,17077,17202,16951,17076,17201 | -1.27    | -0.93    |
| 18  | 20         | 10000000 | 5000000   | 476191   | 1024    | 512   | 2    | worker   | 12        | 16  | increase  | desc        | asc        | 4096       | 22.55    | 21.28    | 6   | 26462,26602,26742,26461,26601,26741 | -1.27    | -5.63    |
| 7   | 60         | 10000000 | 625000    | 156250   | 1       | 128   | 16   | worker   | 12        | 16  | decrease  | asc         | desc       | 4096       | 41.52    | 40.25    | 6   | 9437,9562,9687,9436,9561,9686       | -1.27    | -3.06    |
| 14  | 60         | 10000000 | 5000000   | 156250   | 4096    | 32    | 2    | io_uring | 12        | 16  | increase  | desc        | asc        | 256        | 12.81    | 11.53    | 6   | 20562,20702,20842,20561,20701,20841 | -1.28    | -9.99    |
| 5   | 60         | 10000000 | 625000    | 156250   | 1       | 128   | 16   | io_uring | 12        | 16  | increase  | asc         | desc       | 4096       | 148.07   | 146.77   | 6   | 7187,7312,7437,7186,7311,7436       | -1.3     | -0.88    |
| 17  | 20         | 10000000 | 5000000   | 476191   | 1024    | 512   | 2    | io_uring | 12        | 16  | increase  | asc         | desc       | 64         | 10.03    | 8.71     | 6   | 26012,26152,26292,26011,26151,26291 | -1.32    | -13.16   |
| 7   | 60         | 10000000 | 625000    | 156250   | 1       | 128   | 16   | worker   | 12        | 16  | decrease  | asc         | asc        | 512        | 20.31    | 18.98    | 6   | 9047,9172,9297,9046,9171,9296       | -1.33    | -6.55    |
| 19  | 20         | 10000000 | 5000000   | 476191   | 1024    | 512   | 2    | io_uring | 12        | 16  | decrease  | asc         | desc       | 8192       | 25.82    | 24.48    | 6   | 29407,29547,29687,29406,29546,29686 | -1.34    | -5.19    |
| 12  | 20         | 10000000 | 625000    | 476191   | 1       | 2     | 16   | io_uring | 12        | 16  | decrease  | desc        | desc       | 190536     | 738.1    | 736.71   | 6   | 17717,17842,17967,17716,17841,17966 | -1.39    | -0.19    |
| 8   | 60         | 10000000 | 625000    | 156250   | 1       | 128   | 16   | worker   | 12        | 16  | decrease  | desc        | asc        | 128036     | 4492.5   | 4491.11  | 6   | 10587,10712,10837,10586,10711,10836 | -1.39    | -0.03    |
| 19  | 20         | 10000000 | 5000000   | 476191   | 1024    | 512   | 2    | io_uring | 12        | 16  | decrease  | asc         | asc        | 65536      | 681.98   | 680.57   | 6   | 29002,29142,29282,29001,29141,29281 | -1.41    | -0.21    |
| 7   | 60         | 10000000 | 625000    | 156250   | 1       | 128   | 16   | io_uring | 12        | 16  | decrease  | asc         | asc        | 440536     | 13377.14 | 13375.72 | 6   | 9862,9987,10112,9861,9986,10111     | -1.42    | -0.01    |
| 16  | 60         | 10000000 | 5000000   | 156250   | 4096    | 32    | 2    | worker   | 12        | 16  | decrease  | desc        | desc       | 8192       | 16.52    | 15.07    | 6   | 23527,23667,23807,23526,23666,23806 | -1.45    | -8.78    |
| 18  | 20         | 10000000 | 5000000   | 476191   | 1024    | 512   | 2    | worker   | 12        | 16  | increase  | desc        | desc       | 2048       | 36.28    | 34.83    | 6   | 26877,27017,27157,26876,27016,27156 | -1.45    | -4.0     |
| 17  | 20         | 10000000 | 5000000   | 476191   | 1024    | 512   | 2    | worker   | 12        | 16  | increase  | asc         | desc       | 512        | 20.85    | 19.38    | 6   | 25187,25327,25467,25186,25326,25466 | -1.47    | -7.05    |
| 20  | 20         | 10000000 | 5000000   | 476191   | 1024    | 512   | 2    | io_uring | 12        | 16  | decrease  | desc        | desc       | 32768      | 32.96    | 31.48    | 6   | 31097,31237,31377,31096,31236,31376 | -1.48    | -4.49    |
| 20  | 20         | 10000000 | 5000000   | 476191   | 1024    | 512   | 2    | worker   | 12        | 16  | decrease  | desc        | desc       | 32768      | 33.22    | 31.74    | 6   | 30257,30397,30537,30256,30396,30536 | -1.48    | -4.46    |
| 16  | 60         | 10000000 | 5000000   | 156250   | 4096    | 32    | 2    | io_uring | 12        | 16  | decrease  | desc        | desc       | 16384      | 20.89    | 19.39    | 6   | 24372,24512,24652,24371,24511,24651 | -1.5     | -7.18    |
| 15  | 60         | 10000000 | 5000000   | 156250   | 4096    | 32    | 2    | worker   | 12        | 16  | decrease  | asc         | desc       | 1024       | 17.94    | 16.43    | 6   | 21832,21972,22112,21831,21971,22111 | -1.51    | -8.42    |
| 14  | 60         | 10000000 | 5000000   | 156250   | 4096    | 32    | 2    | io_uring | 12        | 16  | increase  | desc        | desc       | 256        | 14.03    | 12.49    | 6   | 20982,21122,21262,20981,21121,21261 | -1.54    | -10.98   |
| 7   | 60         | 10000000 | 625000    | 156250   | 1       | 128   | 16   | worker   | 12        | 16  | decrease  | asc         | desc       | 32768      | 274.62   | 273.07   | 6   | 9452,9577,9702,9451,9576,9701       | -1.55    | -0.56    |
| 18  | 20         | 10000000 | 5000000   | 476191   | 1024    | 512   | 2    | worker   | 12        | 16  | increase  | desc        | desc       | 64         | 10.36    | 8.8      | 6   | 26852,26992,27132,26851,26991,27131 | -1.56    | -15.06   |
| 10  | 20         | 10000000 | 625000    | 476191   | 1       | 2     | 16   | io_uring | 12        | 16  | increase  | desc        | asc        | 2048       | 31.23    | 29.66    | 6   | 14307,14432,14557,14306,14431,14556 | -1.57    | -5.03    |
| 14  | 60         | 10000000 | 5000000   | 156250   | 4096    | 32    | 2    | io_uring | 12        | 16  | increase  | desc        | asc        | 32768      | 51.44    | 49.87    | 6   | 20597,20737,20877,20596,20736,20876 | -1.57    | -3.05    |
| 5   | 60         | 10000000 | 625000    | 156250   | 1       | 128   | 16   | worker   | 12        | 16  | increase  | asc         | desc       | 65536      | 2317.77  | 2316.2   | 6   | 6457,6582,6707,6456,6581,6706       | -1.57    | -0.07    |
| 7   | 60         | 10000000 | 625000    | 156250   | 1       | 128   | 16   | worker   | 12        | 16  | decrease  | asc         | desc       | 512        | 9.08     | 7.49     | 6   | 9422,9547,9672,9421,9546,9671       | -1.59    | -17.51   |
| 8   | 60         | 10000000 | 625000    | 156250   | 1       | 128   | 16   | worker   | 12        | 16  | decrease  | desc        | asc        | 2048       | 75.55    | 73.91    | 6   | 10557,10682,10807,10556,10681,10806 | -1.64    | -2.17    |
| 5   | 60         | 10000000 | 625000    | 156250   | 1       | 128   | 16   | io_uring | 12        | 16  | increase  | asc         | asc        | 32768      | 61.63    | 59.95    | 6   | 6827,6952,7077,6826,6951,7076       | -1.68    | -2.73    |
| 20  | 20         | 10000000 | 5000000   | 476191   | 1024    | 512   | 2    | io_uring | 12        | 16  | decrease  | desc        | desc       | 524288     | 300.52   | 298.83   | 6   | 31117,31257,31397,31116,31256,31396 | -1.69    | -0.56    |
| 18  | 20         | 10000000 | 5000000   | 476191   | 1024    | 512   | 2    | io_uring | 12        | 16  | increase  | desc        | desc       | 64         | 9.84     | 8.15     | 6   | 27692,27832,27972,27691,27831,27971 | -1.69    | -17.17   |
| 14  | 60         | 10000000 | 5000000   | 156250   | 4096    | 32    | 2    | worker   | 12        | 16  | increase  | desc        | asc        | 32768      | 50.96    | 49.26    | 6   | 19757,19897,20037,19756,19896,20036 | -1.7     | -3.34    |
| 6   | 60         | 10000000 | 625000    | 156250   | 1       | 128   | 16   | worker   | 12        | 16  | increase  | desc        | desc       | 1024       | 35.84    | 34.13    | 6   | 7927,8052,8177,7926,8051,8176       | -1.71    | -4.77    |
| 7   | 60         | 10000000 | 625000    | 156250   | 1       | 128   | 16   | worker   | 12        | 16  | decrease  | asc         | desc       | 8192       | 75.53    | 73.79    | 6   | 9442,9567,9692,9441,9566,9691       | -1.74    | -2.3     |
| 6   | 60         | 10000000 | 625000    | 156250   | 1       | 128   | 16   | worker   | 12        | 16  | increase  | desc        | asc        | 1024       | 15.46    | 13.66    | 6   | 7552,7677,7802,7551,7676,7801       | -1.8     | -11.64   |
| 17  | 20         | 10000000 | 5000000   | 476191   | 1024    | 512   | 2    | worker   | 12        | 16  | increase  | asc         | asc        | 8192       | 19.88    | 18.08    | 6   | 24787,24927,25067,24786,24926,25066 | -1.8     | -9.05    |
| 18  | 20         | 10000000 | 5000000   | 476191   | 1024    | 512   | 2    | worker   | 12        | 16  | increase  | desc        | asc        | 16384      | 41.6     | 39.8     | 6   | 26472,26612,26752,26471,26611,26751 | -1.8     | -4.33    |
| 19  | 20         | 10000000 | 5000000   | 476191   | 1024    | 512   | 2    | io_uring | 12        | 16  | decrease  | asc         | desc       | 3024288    | 4677.03  | 4675.21  | 6   | 29462,29602,29742,29461,29601,29741 | -1.82    | -0.04    |
| 10  | 20         | 10000000 | 625000    | 476191   | 1       | 2     | 16   | io_uring | 12        | 16  | increase  | desc        | asc        | 16384      | 198.83   | 197.01   | 6   | 14322,14447,14572,14321,14446,14571 | -1.82    | -0.92    |
| 15  | 60         | 10000000 | 5000000   | 156250   | 4096    | 32    | 2    | io_uring | 12        | 16  | decrease  | asc         | desc       | 16384      | 33.78    | 31.94    | 6   | 22692,22832,22972,22691,22831,22971 | -1.84    | -5.45    |
| 8   | 60         | 10000000 | 625000    | 156250   | 1       | 128   | 16   | worker   | 12        | 16  | decrease  | desc        | asc        | 1024       | 39.01    | 37.16    | 6   | 10552,10677,10802,10551,10676,10801 | -1.85    | -4.74    |
| 14  | 60         | 10000000 | 5000000   | 156250   | 4096    | 32    | 2    | io_uring | 12        | 16  | increase  | desc        | asc        | 65536      | 87.23    | 85.38    | 6   | 20602,20742,20882,20601,20741,20881 | -1.85    | -2.12    |
| 7   | 60         | 10000000 | 625000    | 156250   | 1       | 128   | 16   | worker   | 12        | 16  | decrease  | asc         | desc       | 1024       | 15.4     | 13.54    | 6   | 9427,9552,9677,9426,9551,9676       | -1.86    | -12.08   |
| 18  | 20         | 10000000 | 5000000   | 476191   | 1024    | 512   | 2    | io_uring | 12        | 16  | increase  | desc        | asc        | 1024       | 15.63    | 13.73    | 6   | 27292,27432,27572,27291,27431,27571 | -1.9     | -12.16   |
| 7   | 60         | 10000000 | 625000    | 156250   | 1       | 128   | 16   | worker   | 12        | 16  | decrease  | asc         | asc        | 256        | 11.71    | 9.75     | 6   | 9042,9167,9292,9041,9166,9291       | -1.96    | -16.74   |
| 18  | 20         | 10000000 | 5000000   | 476191   | 1024    | 512   | 2    | worker   | 12        | 16  | increase  | desc        | asc        | 32768      | 68.28    | 66.23    | 6   | 26477,26617,26757,26476,26616,26756 | -2.05    | -3.0     |
| 19  | 20         | 10000000 | 5000000   | 476191   | 1024    | 512   | 2    | worker   | 12        | 16  | decrease  | asc         | desc       | 4096       | 21.39    | 19.25    | 6   | 28562,28702,28842,28561,28701,28841 | -2.14    | -10.0    |
| 17  | 20         | 10000000 | 5000000   | 476191   | 1024    | 512   | 2    | io_uring | 12        | 16  | increase  | asc         | asc        | 32768      | 33.32    | 31.16    | 6   | 25637,25777,25917,25636,25776,25916 | -2.16    | -6.48    |
| 5   | 60         | 10000000 | 625000    | 156250   | 1       | 128   | 16   | io_uring | 12        | 16  | increase  | asc         | asc        | 565536     | 932.3    | 930.12   | 6   | 6872,6997,7122,6871,6996,7121       | -2.18    | -0.23    |
| 17  | 20         | 10000000 | 5000000   | 476191   | 1024    | 512   | 2    | worker   | 12        | 16  | increase  | asc         | asc        | 2048       | 15.82    | 13.63    | 6   | 24777,24917,25057,24776,24916,25056 | -2.19    | -13.84   |
| 12  | 20         | 10000000 | 625000    | 476191   | 1       | 2     | 16   | io_uring | 12        | 16  | decrease  | desc        | desc       | 378036     | 1464.3   | 1462.11  | 6   | 17732,17857,17982,17731,17856,17981 | -2.19    | -0.15    |
| 19  | 20         | 10000000 | 5000000   | 476191   | 1024    | 512   | 2    | worker   | 12        | 16  | decrease  | asc         | desc       | 8192       | 28.45    | 26.24    | 6   | 28567,28707,28847,28566,28706,28846 | -2.21    | -7.77    |
| 15  | 60         | 10000000 | 5000000   | 156250   | 4096    | 32    | 2    | worker   | 12        | 16  | decrease  | asc         | desc       | 32768      | 53.91    | 51.66    | 6   | 21857,21997,22137,21856,21996,22136 | -2.25    | -4.17    |
| 19  | 20         | 10000000 | 5000000   | 476191   | 1024    | 512   | 2    | io_uring | 12        | 16  | decrease  | asc         | desc       | 65536      | 121.14   | 118.89   | 6   | 29422,29562,29702,29421,29561,29701 | -2.25    | -1.86    |
| 14  | 60         | 10000000 | 5000000   | 156250   | 4096    | 32    | 2    | worker   | 12        | 16  | increase  | desc        | asc        | 4096       | 19.44    | 17.15    | 6   | 19742,19882,20022,19741,19881,20021 | -2.29    | -11.78   |
| 17  | 20         | 10000000 | 5000000   | 476191   | 1024    | 512   | 2    | io_uring | 12        | 16  | increase  | asc         | asc        | 8192       | 19.68    | 17.37    | 6   | 25627,25767,25907,25626,25766,25906 | -2.31    | -11.74   |
| 20  | 20         | 10000000 | 5000000   | 476191   | 1024    | 512   | 2    | worker   | 12        | 16  | decrease  | desc        | desc       | 65536      | 53.3     | 50.88    | 6   | 30262,30402,30542,30261,30401,30541 | -2.42    | -4.54    |
| 17  | 20         | 10000000 | 5000000   | 476191   | 1024    | 512   | 2    | io_uring | 12        | 16  | increase  | asc         | asc        | 512        | 14.04    | 11.62    | 6   | 25607,25747,25887,25606,25746,25886 | -2.42    | -17.24   |
| 20  | 20         | 10000000 | 5000000   | 476191   | 1024    | 512   | 2    | io_uring | 12        | 16  | decrease  | desc        | desc       | 131072     | 93.29    | 90.87    | 6   | 31107,31247,31387,31106,31246,31386 | -2.42    | -2.59    |
| 5   | 60         | 10000000 | 625000    | 156250   | 1       | 128   | 16   | worker   | 12        | 16  | increase  | asc         | desc       | 4096       | 149.37   | 146.82   | 6   | 6437,6562,6687,6436,6561,6686       | -2.55    | -1.71    |
| 13  | 60         | 10000000 | 5000000   | 156250   | 4096    | 32    | 2    | io_uring | 12        | 16  | increase  | asc         | asc        | 2048       | 13.85    | 11.25    | 6   | 18897,19037,19177,18896,19036,19176 | -2.6     | -18.77   |
| 7   | 60         | 10000000 | 625000    | 156250   | 1       | 128   | 16   | worker   | 12        | 16  | decrease  | asc         | asc        | 1024       | 37.68    | 35.0     | 6   | 9052,9177,9302,9051,9176,9301       | -2.68    | -7.11    |
| 5   | 60         | 10000000 | 625000    | 156250   | 1       | 128   | 16   | worker   | 12        | 16  | increase  | asc         | desc       | 2048       | 76.94    | 74.22    | 6   | 6432,6557,6682,6431,6556,6681       | -2.72    | -3.54    |
| 6   | 60         | 10000000 | 625000    | 156250   | 1       | 128   | 16   | worker   | 12        | 16  | increase  | desc        | asc        | 16384      | 142.35   | 139.6    | 6   | 7572,7697,7822,7571,7696,7821       | -2.75    | -1.93    |
| 7   | 60         | 10000000 | 625000    | 156250   | 1       | 128   | 16   | worker   | 12        | 16  | decrease  | asc         | asc        | 4096       | 132.55   | 129.68   | 6   | 9062,9187,9312,9061,9186,9311       | -2.87    | -2.17    |
| 5   | 60         | 10000000 | 625000    | 156250   | 1       | 128   | 16   | worker   | 12        | 16  | increase  | asc         | asc        | 4096       | 14.87    | 11.96    | 6   | 6062,6187,6312,6061,6186,6311       | -2.91    | -19.57   |
| 17  | 20         | 10000000 | 5000000   | 476191   | 1024    | 512   | 2    | worker   | 12        | 16  | increase  | asc         | asc        | 4024288    | 2223.1   | 2220.11  | 6   | 24852,24992,25132,24851,24991,25131 | -2.99    | -0.13    |
| 17  | 20         | 10000000 | 5000000   | 476191   | 1024    | 512   | 2    | worker   | 12        | 16  | increase  | asc         | asc        | 65536      | 53.49    | 50.46    | 6   | 24802,24942,25082,24801,24941,25081 | -3.03    | -5.66    |
| 20  | 20         | 10000000 | 5000000   | 476191   | 1024    | 512   | 2    | worker   | 12        | 16  | decrease  | desc        | desc       | 8192       | 21.15    | 18.08    | 6   | 30247,30387,30527,30246,30386,30526 | -3.07    | -14.52   |
| 5   | 60         | 10000000 | 625000    | 156250   | 1       | 128   | 16   | worker   | 12        | 16  | increase  | asc         | asc        | 503036     | 824.63   | 821.55   | 6   | 6117,6242,6367,6116,6241,6366       | -3.08    | -0.37    |
| 5   | 60         | 10000000 | 625000    | 156250   | 1       | 128   | 16   | worker   | 12        | 16  | increase  | asc         | asc        | 565536     | 919.28   | 916.19   | 6   | 6122,6247,6372,6121,6246,6371       | -3.09    | -0.34    |
| 11  | 20         | 10000000 | 625000    | 476191   | 1       | 2     | 16   | io_uring | 12        | 16  | decrease  | asc         | desc       | 8192       | 105.78   | 102.67   | 6   | 16192,16317,16442,16191,16316,16441 | -3.11    | -2.94    |
| 7   | 60         | 10000000 | 625000    | 156250   | 1       | 128   | 16   | worker   | 12        | 16  | decrease  | asc         | asc        | 2048       | 69.31    | 66.12    | 6   | 9057,9182,9307,9056,9181,9306       | -3.19    | -4.6     |
| 18  | 20         | 10000000 | 5000000   | 476191   | 1024    | 512   | 2    | io_uring | 12        | 16  | increase  | desc        | asc        | 262144     | 424.39   | 421.19   | 6   | 27332,27472,27612,27331,27471,27611 | -3.2     | -0.75    |
| 13  | 60         | 10000000 | 5000000   | 156250   | 4096    | 32    | 2    | io_uring | 12        | 16  | increase  | asc         | asc        | 32768      | 25.57    | 22.32    | 6   | 18917,19057,19197,18916,19056,19196 | -3.25    | -12.71   |
| 19  | 20         | 10000000 | 5000000   | 476191   | 1024    | 512   | 2    | worker   | 12        | 16  | decrease  | asc         | asc        | 8192       | 98.79    | 95.52    | 6   | 28147,28287,28427,28146,28286,28426 | -3.27    | -3.31    |
| 9   | 20         | 10000000 | 625000    | 476191   | 1       | 2     | 16   | io_uring | 12        | 16  | increase  | asc         | asc        | 128036     | 503.41   | 500.1    | 6   | 12837,12962,13087,12836,12961,13086 | -3.31    | -0.66    |
| 16  | 60         | 10000000 | 5000000   | 156250   | 4096    | 32    | 2    | worker   | 12        | 16  | decrease  | desc        | desc       | 32768      | 26.89    | 23.55    | 6   | 23537,23677,23817,23536,23676,23816 | -3.34    | -12.42   |
| 9   | 20         | 10000000 | 625000    | 476191   | 1       | 2     | 16   | io_uring | 12        | 16  | increase  | asc         | asc        | 32768      | 133.34   | 130.0    | 6   | 12827,12952,13077,12826,12951,13076 | -3.34    | -2.5     |
| 20  | 20         | 10000000 | 5000000   | 476191   | 1024    | 512   | 2    | worker   | 12        | 16  | decrease  | desc        | asc        | 1024       | 25.1     | 21.75    | 6   | 29812,29952,30092,29811,29951,30091 | -3.35    | -13.35   |
| 6   | 60         | 10000000 | 625000    | 156250   | 1       | 128   | 16   | worker   | 12        | 16  | increase  | desc        | asc        | 2048       | 26.44    | 23.08    | 6   | 7557,7682,7807,7556,7681,7806       | -3.36    | -12.71   |
| 8   | 60         | 10000000 | 625000    | 156250   | 1       | 128   | 16   | worker   | 12        | 16  | decrease  | desc        | asc        | 8192       | 295.33   | 291.95   | 6   | 10567,10692,10817,10566,10691,10816 | -3.38    | -1.14    |
| 16  | 60         | 10000000 | 5000000   | 156250   | 4096    | 32    | 2    | io_uring | 12        | 16  | decrease  | desc        | desc       | 32768      | 24.96    | 21.57    | 6   | 24377,24517,24657,24376,24516,24656 | -3.39    | -13.58   |
| 18  | 20         | 10000000 | 5000000   | 476191   | 1024    | 512   | 2    | worker   | 12        | 16  | increase  | desc        | asc        | 8192       | 29.35    | 25.96    | 6   | 26467,26607,26747,26466,26606,26746 | -3.39    | -11.55   |
| 19  | 20         | 10000000 | 5000000   | 476191   | 1024    | 512   | 2    | io_uring | 12        | 16  | decrease  | asc         | desc       | 32768      | 71.2     | 67.65    | 6   | 29417,29557,29697,29416,29556,29696 | -3.55    | -4.99    |
| 7   | 60         | 10000000 | 625000    | 156250   | 1       | 128   | 16   | io_uring | 12        | 16  | decrease  | asc         | asc        | 378036     | 11504.59 | 11501.03 | 6   | 9857,9982,10107,9856,9981,10106     | -3.56    | -0.03    |
| 17  | 20         | 10000000 | 5000000   | 476191   | 1024    | 512   | 2    | worker   | 12        | 16  | increase  | asc         | asc        | 1524288    | 838.25   | 834.61   | 6   | 24827,24967,25107,24826,24966,25106 | -3.64    | -0.43    |
| 18  | 20         | 10000000 | 5000000   | 476191   | 1024    | 512   | 2    | worker   | 12        | 16  | increase  | desc        | desc       | 8192       | 99.05    | 95.37    | 6   | 26887,27027,27167,26886,27026,27166 | -3.68    | -3.72    |
| 5   | 60         | 10000000 | 625000    | 156250   | 1       | 128   | 16   | io_uring | 12        | 16  | increase  | asc         | desc       | 128036     | 4620.52  | 4616.81  | 6   | 7212,7337,7462,7211,7336,7461       | -3.71    | -0.08    |
| 17  | 20         | 10000000 | 5000000   | 476191   | 1024    | 512   | 2    | io_uring | 12        | 16  | increase  | asc         | asc        | 262144     | 157.78   | 154.03   | 6   | 25652,25792,25932,25651,25791,25931 | -3.75    | -2.38    |
| 17  | 20         | 10000000 | 5000000   | 476191   | 1024    | 512   | 2    | worker   | 12        | 16  | increase  | asc         | asc        | 32768      | 33.78    | 29.96    | 6   | 24797,24937,25077,24796,24936,25076 | -3.82    | -11.31   |
| 6   | 60         | 10000000 | 625000    | 156250   | 1       | 128   | 16   | worker   | 12        | 16  | increase  | desc        | asc        | 8192       | 77.57    | 73.72    | 6   | 7567,7692,7817,7566,7691,7816       | -3.85    | -4.96    |
| 19  | 20         | 10000000 | 5000000   | 476191   | 1024    | 512   | 2    | worker   | 12        | 16  | decrease  | asc         | asc        | 2048       | 36.88    | 32.85    | 6   | 28137,28277,28417,28136,28276,28416 | -4.03    | -10.93   |
| 17  | 20         | 10000000 | 5000000   | 476191   | 1024    | 512   | 2    | worker   | 12        | 16  | increase  | asc         | desc       | 8192       | 107.83   | 103.78   | 6   | 25207,25347,25487,25206,25346,25486 | -4.05    | -3.76    |
| 17  | 20         | 10000000 | 5000000   | 476191   | 1024    | 512   | 2    | worker   | 12        | 16  | increase  | asc         | asc        | 16384      | 26.08    | 21.94    | 6   | 24792,24932,25072,24791,24931,25071 | -4.14    | -15.87   |
| 6   | 60         | 10000000 | 625000    | 156250   | 1       | 128   | 16   | worker   | 12        | 16  | increase  | desc        | desc       | 2048       | 71.63    | 67.47    | 6   | 7932,8057,8182,7931,8056,8181       | -4.16    | -5.81    |
| 17  | 20         | 10000000 | 5000000   | 476191   | 1024    | 512   | 2    | io_uring | 12        | 16  | increase  | asc         | desc       | 131072     | 1471.91  | 1467.7   | 6   | 26067,26207,26347,26066,26206,26346 | -4.21    | -0.29    |
| 18  | 20         | 10000000 | 5000000   | 476191   | 1024    | 512   | 2    | worker   | 12        | 16  | increase  | desc        | asc        | 524288     | 834.42   | 830.17   | 6   | 26497,26637,26777,26496,26636,26776 | -4.25    | -0.51    |
| 6   | 60         | 10000000 | 625000    | 156250   | 1       | 128   | 16   | worker   | 12        | 16  | increase  | desc        | asc        | 32768      | 279.89   | 275.57   | 6   | 7577,7702,7827,7576,7701,7826       | -4.32    | -1.54    |
| 13  | 60         | 10000000 | 5000000   | 156250   | 4096    | 32    | 2    | worker   | 12        | 16  | increase  | asc         | asc        | 32768      | 25.6     | 21.26    | 6   | 18077,18217,18357,18076,18216,18356 | -4.34    | -16.95   |
| 6   | 60         | 10000000 | 625000    | 156250   | 1       | 128   | 16   | io_uring | 12        | 16  | increase  | desc        | asc        | 253036     | 2025.14  | 2020.76  | 6   | 8347,8472,8597,8346,8471,8596       | -4.38    | -0.22    |
| 6   | 60         | 10000000 | 625000    | 156250   | 1       | 128   | 16   | worker   | 12        | 16  | increase  | desc        | asc        | 440536     | 3505.98  | 3501.46  | 6   | 7612,7737,7862,7611,7736,7861       | -4.52    | -0.13    |
| 7   | 60         | 10000000 | 625000    | 156250   | 1       | 128   | 16   | io_uring | 12        | 16  | decrease  | asc         | desc       | 32768      | 278.12   | 273.43   | 6   | 10202,10327,10452,10201,10326,10451 | -4.69    | -1.69    |
| 13  | 60         | 10000000 | 5000000   | 156250   | 4096    | 32    | 2    | io_uring | 12        | 16  | increase  | asc         | asc        | 16384      | 20.38    | 15.66    | 6   | 18912,19052,19192,18911,19051,19191 | -4.72    | -23.16   |
| 6   | 60         | 10000000 | 625000    | 156250   | 1       | 128   | 16   | worker   | 12        | 16  | increase  | desc        | desc       | 65536      | 1993.8   | 1989.08  | 6   | 7957,8082,8207,7956,8081,8206       | -4.72    | -0.24    |
| 7   | 60         | 10000000 | 625000    | 156250   | 1       | 128   | 16   | io_uring | 12        | 16  | decrease  | asc         | desc       | 565536     | 4521.58  | 4516.71  | 6   | 10247,10372,10497,10246,10371,10496 | -4.87    | -0.11    |
| 7   | 60         | 10000000 | 625000    | 156250   | 1       | 128   | 16   | worker   | 12        | 16  | decrease  | asc         | desc       | 65536      | 538.98   | 533.97   | 6   | 9457,9582,9707,9456,9581,9706       | -5.01    | -0.93    |
| 5   | 60         | 10000000 | 625000    | 156250   | 1       | 128   | 16   | io_uring | 12        | 16  | increase  | asc         | asc        | 190536     | 320.29   | 315.28   | 6   | 6842,6967,7092,6841,6966,7091       | -5.01    | -1.56    |
| 7   | 60         | 10000000 | 625000    | 156250   | 1       | 128   | 16   | io_uring | 12        | 16  | decrease  | asc         | desc       | 65536      | 542.06   | 536.95   | 6   | 10207,10332,10457,10206,10331,10456 | -5.11    | -0.94    |
| 8   | 60         | 10000000 | 625000    | 156250   | 1       | 128   | 16   | io_uring | 12        | 16  | decrease  | desc        | desc       | 253036     | 436.56   | 431.29   | 6   | 11722,11847,11972,11721,11846,11971 | -5.27    | -1.21    |
| 8   | 60         | 10000000 | 625000    | 156250   | 1       | 128   | 16   | worker   | 12        | 16  | decrease  | desc        | asc        | 503036     | 17587.97 | 17582.54 | 6   | 10617,10742,10867,10616,10741,10866 | -5.43    | -0.03    |
| 6   | 60         | 10000000 | 625000    | 156250   | 1       | 128   | 16   | worker   | 12        | 16  | increase  | desc        | desc       | 4096       | 133.57   | 127.98   | 6   | 7937,8062,8187,7936,8061,8186       | -5.59    | -4.19    |
| 19  | 20         | 10000000 | 5000000   | 476191   | 1024    | 512   | 2    | worker   | 12        | 16  | decrease  | asc         | desc       | 65536      | 120.75   | 115.08   | 6   | 28582,28722,28862,28581,28721,28861 | -5.67    | -4.7     |
| 19  | 20         | 10000000 | 5000000   | 476191   | 1024    | 512   | 2    | worker   | 12        | 16  | decrease  | asc         | desc       | 32768      | 71.5     | 65.69    | 6   | 28577,28717,28857,28576,28716,28856 | -5.81    | -8.13    |
| 7   | 60         | 10000000 | 625000    | 156250   | 1       | 128   | 16   | io_uring | 12        | 16  | decrease  | asc         | desc       | 503036     | 4065.66  | 4059.67  | 6   | 10242,10367,10492,10241,10366,10491 | -5.99    | -0.15    |
| 10  | 20         | 10000000 | 625000    | 476191   | 1       | 2     | 16   | io_uring | 12        | 16  | increase  | desc        | asc        | 8192       | 107.2    | 101.18   | 6   | 14317,14442,14567,14316,14441,14566 | -6.02    | -5.62    |
| 20  | 20         | 10000000 | 5000000   | 476191   | 1024    | 512   | 2    | io_uring | 12        | 16  | decrease  | desc        | desc       | 65536      | 55.04    | 48.67    | 6   | 31102,31242,31382,31101,31241,31381 | -6.37    | -11.57   |
| 5   | 60         | 10000000 | 625000    | 156250   | 1       | 128   | 16   | io_uring | 12        | 16  | increase  | asc         | desc       | 32768      | 1168.06  | 1161.55  | 6   | 7202,7327,7452,7201,7326,7451       | -6.51    | -0.56    |
| 6   | 60         | 10000000 | 625000    | 156250   | 1       | 128   | 16   | io_uring | 12        | 16  | increase  | desc        | desc       | 32768      | 1005.2   | 998.37   | 6   | 8702,8827,8952,8701,8826,8951       | -6.83    | -0.68    |
| 16  | 60         | 10000000 | 5000000   | 156250   | 4096    | 32    | 2    | io_uring | 12        | 16  | decrease  | desc        | desc       | 3524288    | 901.99   | 895.06   | 6   | 24427,24567,24707,24426,24566,24706 | -6.93    | -0.77    |
| 8   | 60         | 10000000 | 625000    | 156250   | 1       | 128   | 16   | io_uring | 12        | 16  | decrease  | desc        | desc       | 65536      | 118.3    | 111.32   | 6   | 11707,11832,11957,11706,11831,11956 | -6.98    | -5.9     |
| 18  | 20         | 10000000 | 5000000   | 476191   | 1024    | 512   | 2    | io_uring | 12        | 16  | increase  | desc        | desc       | 131072     | 1336.02  | 1328.93  | 6   | 27747,27887,28027,27746,27886,28026 | -7.09    | -0.53    |
| 15  | 60         | 10000000 | 5000000   | 156250   | 4096    | 32    | 2    | worker   | 12        | 16  | decrease  | asc         | desc       | 131072     | 164.48   | 156.98   | 6   | 21867,22007,22147,21866,22006,22146 | -7.5     | -4.56    |
| 11  | 20         | 10000000 | 625000    | 476191   | 1       | 2     | 16   | io_uring | 12        | 16  | decrease  | asc         | desc       | 16384      | 202.25   | 194.73   | 6   | 16197,16322,16447,16196,16321,16446 | -7.52    | -3.72    |
| 20  | 20         | 10000000 | 5000000   | 476191   | 1024    | 512   | 2    | worker   | 12        | 16  | decrease  | desc        | asc        | 65536      | 727.51   | 719.92   | 6   | 29842,29982,30122,29841,29981,30121 | -7.59    | -1.04    |
| 19  | 20         | 10000000 | 5000000   | 476191   | 1024    | 512   | 2    | io_uring | 12        | 16  | decrease  | asc         | desc       | 2524288    | 3921.31  | 3913.68  | 6   | 29457,29597,29737,29456,29596,29736 | -7.63    | -0.19    |
| 5   | 60         | 10000000 | 625000    | 156250   | 1       | 128   | 16   | io_uring | 12        | 16  | increase  | asc         | asc        | 440536     | 723.46   | 715.64   | 6   | 6862,6987,7112,6861,6986,7111       | -7.82    | -1.08    |
| 6   | 60         | 10000000 | 625000    | 156250   | 1       | 128   | 16   | io_uring | 12        | 16  | increase  | desc        | desc       | 315536     | 9623.02  | 9614.93  | 6   | 8727,8852,8977,8726,8851,8976       | -8.09    | -0.08    |
| 17  | 20         | 10000000 | 5000000   | 476191   | 1024    | 512   | 2    | worker   | 12        | 16  | increase  | asc         | asc        | 262144     | 163.6    | 155.47   | 6   | 24812,24952,25092,24811,24951,25091 | -8.13    | -4.97    |
| 7   | 60         | 10000000 | 625000    | 156250   | 1       | 128   | 16   | worker   | 12        | 16  | decrease  | asc         | asc        | 8192       | 262.66   | 254.51   | 6   | 9067,9192,9317,9066,9191,9316       | -8.15    | -3.1     |
| 14  | 60         | 10000000 | 5000000   | 156250   | 4096    | 32    | 2    | io_uring | 12        | 16  | increase  | desc        | asc        | 131072     | 161.24   | 152.97   | 6   | 20607,20747,20887,20606,20746,20886 | -8.27    | -5.13    |
| 16  | 60         | 10000000 | 5000000   | 156250   | 4096    | 32    | 2    | worker   | 12        | 16  | decrease  | desc        | desc       | 65536      | 39.18    | 30.82    | 6   | 23542,23682,23822,23541,23681,23821 | -8.36    | -21.34   |
| 8   | 60         | 10000000 | 625000    | 156250   | 1       | 128   | 16   | worker   | 12        | 16  | decrease  | desc        | asc        | 4096       | 153.86   | 145.11   | 6   | 10562,10687,10812,10561,10686,10811 | -8.75    | -5.69    |
| 6   | 60         | 10000000 | 625000    | 156250   | 1       | 128   | 16   | io_uring | 12        | 16  | increase  | desc        | asc        | 503036     | 4030.09  | 4021.12  | 6   | 8367,8492,8617,8366,8491,8616       | -8.97    | -0.22    |
| 6   | 60         | 10000000 | 625000    | 156250   | 1       | 128   | 16   | worker   | 12        | 16  | increase  | desc        | desc       | 32768      | 1004.76  | 995.66   | 6   | 7952,8077,8202,7951,8076,8201       | -9.1     | -0.91    |
| 6   | 60         | 10000000 | 625000    | 156250   | 1       | 128   | 16   | io_uring | 12        | 16  | increase  | desc        | asc        | 190536     | 1537.5   | 1528.25  | 6   | 8342,8467,8592,8341,8466,8591       | -9.25    | -0.6     |
| 13  | 60         | 10000000 | 5000000   | 156250   | 4096    | 32    | 2    | worker   | 12        | 16  | increase  | asc         | asc        | 65536      | 40.21    | 30.67    | 6   | 18082,18222,18362,18081,18221,18361 | -9.54    | -23.73   |
| 6   | 60         | 10000000 | 625000    | 156250   | 1       | 128   | 16   | worker   | 12        | 16  | increase  | desc        | asc        | 565536     | 4484.86  | 4475.11  | 6   | 7622,7747,7872,7621,7746,7871       | -9.75    | -0.22    |
| 17  | 20         | 10000000 | 5000000   | 476191   | 1024    | 512   | 2    | worker   | 12        | 16  | increase  | asc         | asc        | 2524288    | 1396.75  | 1386.97  | 6   | 24837,24977,25117,24836,24976,25116 | -9.78    | -0.7     |
| 7   | 60         | 10000000 | 625000    | 156250   | 1       | 128   | 16   | io_uring | 12        | 16  | decrease  | asc         | asc        | 565536     | 17188.48 | 17178.61 | 6   | 9872,9997,10122,9871,9996,10121     | -9.87    | -0.06    |
| 13  | 60         | 10000000 | 5000000   | 156250   | 4096    | 32    | 2    | io_uring | 12        | 16  | increase  | asc         | asc        | 65536      | 42.57    | 32.65    | 6   | 18922,19062,19202,18921,19061,19201 | -9.92    | -23.3    |
| 14  | 60         | 10000000 | 5000000   | 156250   | 4096    | 32    | 2    | worker   | 12        | 16  | increase  | desc        | asc        | 65536      | 93.83    | 83.68    | 6   | 19762,19902,20042,19761,19901,20041 | -10.15   | -10.82   |
| 5   | 60         | 10000000 | 625000    | 156250   | 1       | 128   | 16   | io_uring | 12        | 16  | increase  | asc         | desc       | 65536      | 2337.3   | 2327.06  | 6   | 7207,7332,7457,7206,7331,7456       | -10.24   | -0.44    |
| 7   | 60         | 10000000 | 625000    | 156250   | 1       | 128   | 16   | io_uring | 12        | 16  | decrease  | asc         | desc       | 253036     | 2044.76  | 2034.43  | 6   | 10222,10347,10472,10221,10346,10471 | -10.33   | -0.51    |
| 11  | 20         | 10000000 | 625000    | 476191   | 1       | 2     | 16   | io_uring | 12        | 16  | decrease  | asc         | desc       | 65536      | 778.15   | 767.8    | 6   | 16207,16332,16457,16206,16331,16456 | -10.35   | -1.33    |
| 10  | 20         | 10000000 | 625000    | 476191   | 1       | 2     | 16   | io_uring | 12        | 16  | increase  | desc        | asc        | 32768      | 396.13   | 385.48   | 6   | 14327,14452,14577,14326,14451,14576 | -10.65   | -2.69    |
| 19  | 20         | 10000000 | 5000000   | 476191   | 1024    | 512   | 2    | io_uring | 12        | 16  | decrease  | asc         | desc       | 1024288    | 1603.94  | 1593.25  | 6   | 29442,29582,29722,29441,29581,29721 | -10.69   | -0.67    |
| 8   | 60         | 10000000 | 625000    | 156250   | 1       | 128   | 16   | io_uring | 12        | 16  | decrease  | desc        | desc       | 128036     | 220.74   | 210.0    | 6   | 11712,11837,11962,11711,11836,11961 | -10.74   | -4.87    |
| 8   | 60         | 10000000 | 625000    | 156250   | 1       | 128   | 16   | io_uring | 12        | 16  | decrease  | desc        | asc        | 565536     | 19930.47 | 19919.72 | 6   | 11372,11497,11622,11371,11496,11621 | -10.75   | -0.05    |
| 5   | 60         | 10000000 | 625000    | 156250   | 1       | 128   | 16   | io_uring | 12        | 16  | increase  | asc         | desc       | 503036     | 17735.8  | 17724.8  | 6   | 7242,7367,7492,7241,7366,7491       | -11.0    | -0.06    |
| 20  | 20         | 10000000 | 5000000   | 476191   | 1024    | 512   | 2    | io_uring | 12        | 16  | decrease  | desc        | desc       | 4024288    | 2183.63  | 2172.59  | 6   | 31152,31292,31432,31151,31291,31431 | -11.04   | -0.51    |
| 8   | 60         | 10000000 | 625000    | 156250   | 1       | 128   | 16   | io_uring | 12        | 16  | decrease  | desc        | desc       | 190536     | 332.32   | 321.22   | 6   | 11717,11842,11967,11716,11841,11966 | -11.1    | -3.34    |
| 16  | 60         | 10000000 | 5000000   | 156250   | 4096    | 32    | 2    | io_uring | 12        | 16  | decrease  | desc        | desc       | 131072     | 61.95    | 50.68    | 6   | 24387,24527,24667,24386,24526,24666 | -11.27   | -18.19   |
| 15  | 60         | 10000000 | 5000000   | 156250   | 4096    | 32    | 2    | worker   | 12        | 16  | decrease  | asc         | desc       | 65536      | 98.24    | 86.76    | 6   | 21862,22002,22142,21861,22001,22141 | -11.48   | -11.69   |
| 6   | 60         | 10000000 | 625000    | 156250   | 1       | 128   | 16   | worker   | 12        | 16  | increase  | desc        | desc       | 8192       | 270.09   | 257.84   | 6   | 7942,8067,8192,7941,8066,8191       | -12.25   | -4.54    |
| 20  | 20         | 10000000 | 5000000   | 476191   | 1024    | 512   | 2    | worker   | 12        | 16  | decrease  | desc        | desc       | 131072     | 102.15   | 89.79    | 6   | 30267,30407,30547,30266,30406,30546 | -12.36   | -12.1    |
| 16  | 60         | 10000000 | 5000000   | 156250   | 4096    | 32    | 2    | io_uring | 12        | 16  | decrease  | desc        | desc       | 65536      | 43.03    | 30.55    | 6   | 24382,24522,24662,24381,24521,24661 | -12.48   | -29.0    |
| 20  | 20         | 10000000 | 5000000   | 476191   | 1024    | 512   | 2    | io_uring | 12        | 16  | decrease  | desc        | desc       | 262144     | 172.05   | 159.48   | 6   | 31112,31252,31392,31111,31251,31391 | -12.57   | -7.31    |
| 11  | 20         | 10000000 | 625000    | 476191   | 1       | 2     | 16   | io_uring | 12        | 16  | decrease  | asc         | desc       | 32768      | 396.26   | 383.65   | 6   | 16202,16327,16452,16201,16326,16451 | -12.61   | -3.18    |
| 10  | 20         | 10000000 | 625000    | 476191   | 1       | 2     | 16   | io_uring | 12        | 16  | increase  | desc        | asc        | 65536      | 773.18   | 760.48   | 6   | 14332,14457,14582,14331,14456,14581 | -12.7    | -1.64    |
| 8   | 60         | 10000000 | 625000    | 156250   | 1       | 128   | 16   | worker   | 12        | 16  | decrease  | desc        | desc       | 378036     | 624.83   | 612.07   | 6   | 10982,11107,11232,10981,11106,11231 | -12.76   | -2.04    |
| 5   | 60         | 10000000 | 625000    | 156250   | 1       | 128   | 16   | worker   | 12        | 16  | increase  | asc         | asc        | 32768      | 71.92    | 59.15    | 6   | 6077,6202,6327,6076,6201,6326       | -12.77   | -17.76   |
| 18  | 20         | 10000000 | 5000000   | 476191   | 1024    | 512   | 2    | worker   | 12        | 16  | increase  | desc        | desc       | 131072     | 1358.64  | 1345.42  | 6   | 26907,27047,27187,26906,27046,27186 | -13.22   | -0.97    |
| 8   | 60         | 10000000 | 625000    | 156250   | 1       | 128   | 16   | io_uring | 12        | 16  | decrease  | desc        | asc        | 65536      | 2329.91  | 2316.07  | 6   | 11332,11457,11582,11331,11456,11581 | -13.84   | -0.59    |
| 5   | 60         | 10000000 | 625000    | 156250   | 1       | 128   | 16   | worker   | 12        | 16  | increase  | asc         | asc        | 16384      | 47.99    | 33.55    | 6   | 6072,6197,6322,6071,6196,6321       | -14.44   | -30.09   |
| 8   | 60         | 10000000 | 625000    | 156250   | 1       | 128   | 16   | io_uring | 12        | 16  | decrease  | desc        | desc       | 440536     | 736.14   | 721.63   | 6   | 11737,11862,11987,11736,11861,11986 | -14.51   | -1.97    |
| 5   | 60         | 10000000 | 625000    | 156250   | 1       | 128   | 16   | worker   | 12        | 16  | increase  | asc         | desc       | 8192       | 308.95   | 294.42   | 6   | 6442,6567,6692,6441,6566,6691       | -14.53   | -4.7     |
| 8   | 60         | 10000000 | 625000    | 156250   | 1       | 128   | 16   | io_uring | 12        | 16  | decrease  | desc        | desc       | 315536     | 542.55   | 527.9    | 6   | 11727,11852,11977,11726,11851,11976 | -14.65   | -2.7     |
| 19  | 20         | 10000000 | 5000000   | 476191   | 1024    | 512   | 2    | worker   | 12        | 16  | decrease  | asc         | desc       | 1024288    | 1605.64  | 1590.54  | 6   | 28602,28742,28882,28601,28741,28881 | -15.1    | -0.94    |
| 6   | 60         | 10000000 | 625000    | 156250   | 1       | 128   | 16   | io_uring | 12        | 16  | increase  | desc        | asc        | 315536     | 2537.07  | 2521.84  | 6   | 8352,8477,8602,8351,8476,8601       | -15.23   | -0.6     |
| 19  | 20         | 10000000 | 5000000   | 476191   | 1024    | 512   | 2    | io_uring | 12        | 16  | decrease  | asc         | desc       | 131072     | 235.0    | 219.47   | 6   | 29427,29567,29707,29426,29566,29706 | -15.53   | -6.61    |
| 18  | 20         | 10000000 | 5000000   | 476191   | 1024    | 512   | 2    | io_uring | 12        | 16  | increase  | desc        | asc        | 4024288    | 6206.47  | 6190.75  | 6   | 27372,27512,27652,27371,27511,27651 | -15.72   | -0.25    |
| 18  | 20         | 10000000 | 5000000   | 476191   | 1024    | 512   | 2    | worker   | 12        | 16  | increase  | desc        | asc        | 131072     | 235.98   | 219.93   | 6   | 26487,26627,26767,26486,26626,26766 | -16.05   | -6.8     |
| 6   | 60         | 10000000 | 625000    | 156250   | 1       | 128   | 16   | io_uring | 12        | 16  | increase  | desc        | asc        | 440536     | 3514.3   | 3498.0   | 6   | 8362,8487,8612,8361,8486,8611       | -16.3    | -0.46    |
| 18  | 20         | 10000000 | 5000000   | 476191   | 1024    | 512   | 2    | worker   | 12        | 16  | increase  | desc        | asc        | 65536      | 130.49   | 114.17   | 6   | 26482,26622,26762,26481,26621,26761 | -16.32   | -12.51   |
| 19  | 20         | 10000000 | 5000000   | 476191   | 1024    | 512   | 2    | worker   | 12        | 16  | decrease  | asc         | desc       | 131072     | 234.28   | 217.51   | 6   | 28587,28727,28867,28586,28726,28866 | -16.77   | -7.16    |
| 5   | 60         | 10000000 | 625000    | 156250   | 1       | 128   | 16   | worker   | 12        | 16  | increase  | asc         | desc       | 16384      | 604.82   | 587.48   | 6   | 6447,6572,6697,6446,6571,6696       | -17.34   | -2.87    |
| 8   | 60         | 10000000 | 625000    | 156250   | 1       | 128   | 16   | io_uring | 12        | 16  | decrease  | desc        | asc        | 128036     | 4532.5   | 4514.25  | 6   | 11337,11462,11587,11336,11461,11586 | -18.25   | -0.4     |
| 19  | 20         | 10000000 | 5000000   | 476191   | 1024    | 512   | 2    | io_uring | 12        | 16  | decrease  | asc         | desc       | 262144     | 439.33   | 421.06   | 6   | 29432,29572,29712,29431,29571,29711 | -18.27   | -4.16    |
| 17  | 20         | 10000000 | 5000000   | 476191   | 1024    | 512   | 2    | io_uring | 12        | 16  | increase  | asc         | asc        | 131072     | 104.8    | 86.2     | 6   | 25647,25787,25927,25646,25786,25926 | -18.6    | -17.75   |
| 6   | 60         | 10000000 | 625000    | 156250   | 1       | 128   | 16   | io_uring | 12        | 16  | increase  | desc        | desc       | 128036     | 3928.92  | 3910.31  | 6   | 8712,8837,8962,8711,8836,8961       | -18.61   | -0.47    |
| 18  | 20         | 10000000 | 5000000   | 476191   | 1024    | 512   | 2    | io_uring | 12        | 16  | increase  | desc        | asc        | 131072     | 238.04   | 219.41   | 6   | 27327,27467,27607,27326,27466,27606 | -18.63   | -7.83    |
| 7   | 60         | 10000000 | 625000    | 156250   | 1       | 128   | 16   | io_uring | 12        | 16  | decrease  | asc         | desc       | 315536     | 2553.37  | 2534.47  | 6   | 10227,10352,10477,10226,10351,10476 | -18.9    | -0.74    |
| 8   | 60         | 10000000 | 625000    | 156250   | 1       | 128   | 16   | io_uring | 12        | 16  | decrease  | desc        | desc       | 565536     | 931.28   | 912.06   | 6   | 11747,11872,11997,11746,11871,11996 | -19.22   | -2.06    |
| 13  | 60         | 10000000 | 5000000   | 156250   | 4096    | 32    | 2    | io_uring | 12        | 16  | increase  | asc         | asc        | 131072     | 67.29    | 47.86    | 6   | 18927,19067,19207,18926,19066,19206 | -19.43   | -28.88   |
| 7   | 60         | 10000000 | 625000    | 156250   | 1       | 128   | 16   | worker   | 12        | 16  | decrease  | asc         | asc        | 440536     | 13326.94 | 13307.44 | 6   | 9112,9237,9362,9111,9236,9361       | -19.5    | -0.15    |
| 18  | 20         | 10000000 | 5000000   | 476191   | 1024    | 512   | 2    | io_uring | 12        | 16  | increase  | desc        | desc       | 1024288    | 10363.65 | 10343.59 | 6   | 27762,27902,28042,27761,27901,28041 | -20.06   | -0.19    |
| 18  | 20         | 10000000 | 5000000   | 476191   | 1024    | 512   | 2    | worker   | 12        | 16  | increase  | desc        | asc        | 3024288    | 4676.97  | 4656.74  | 6   | 26522,26662,26802,26521,26661,26801 | -20.23   | -0.43    |
| 15  | 60         | 10000000 | 5000000   | 156250   | 4096    | 32    | 2    | io_uring | 12        | 16  | decrease  | asc         | desc       | 131072     | 172.37   | 151.94   | 6   | 22707,22847,22987,22706,22846,22986 | -20.43   | -11.85   |
| 5   | 60         | 10000000 | 625000    | 156250   | 1       | 128   | 16   | io_uring | 12        | 16  | increase  | asc         | asc        | 503036     | 839.48   | 818.6    | 6   | 6867,6992,7117,6866,6991,7116       | -20.88   | -2.49    |
| 17  | 20         | 10000000 | 5000000   | 476191   | 1024    | 512   | 2    | worker   | 12        | 16  | increase  | asc         | asc        | 131072     | 104.63   | 83.04    | 6   | 24807,24947,25087,24806,24946,25086 | -21.59   | -20.63   |
| 14  | 60         | 10000000 | 5000000   | 156250   | 4096    | 32    | 2    | worker   | 12        | 16  | increase  | desc        | asc        | 131072     | 178.77   | 157.01   | 6   | 19767,19907,20047,19766,19906,20046 | -21.76   | -12.17   |
| 16  | 60         | 10000000 | 5000000   | 156250   | 4096    | 32    | 2    | worker   | 12        | 16  | decrease  | desc        | desc       | 131072     | 67.95    | 45.98    | 6   | 23547,23687,23827,23546,23686,23826 | -21.97   | -32.33   |
| 11  | 20         | 10000000 | 625000    | 476191   | 1       | 2     | 16   | io_uring | 12        | 16  | decrease  | asc         | desc       | 190536     | 2268.47  | 2246.35  | 6   | 16217,16342,16467,16216,16341,16466 | -22.12   | -0.98    |
| 14  | 60         | 10000000 | 5000000   | 156250   | 4096    | 32    | 2    | io_uring | 12        | 16  | increase  | desc        | asc        | 262144     | 319.04   | 296.49   | 6   | 20612,20752,20892,20611,20751,20891 | -22.55   | -7.07    |
| 8   | 60         | 10000000 | 625000    | 156250   | 1       | 128   | 16   | worker   | 12        | 16  | decrease  | desc        | desc       | 65536      | 136.26   | 113.17   | 6   | 10957,11082,11207,10956,11081,11206 | -23.09   | -16.95   |
| 7   | 60         | 10000000 | 625000    | 156250   | 1       | 128   | 16   | worker   | 12        | 16  | decrease  | asc         | asc        | 16384      | 531.21   | 508.07   | 6   | 9072,9197,9322,9071,9196,9321       | -23.14   | -4.36    |
| 17  | 20         | 10000000 | 5000000   | 476191   | 1024    | 512   | 2    | io_uring | 12        | 16  | increase  | asc         | asc        | 524288     | 325.94   | 302.54   | 6   | 25657,25797,25937,25656,25796,25936 | -23.4    | -7.18    |
| 13  | 60         | 10000000 | 5000000   | 156250   | 4096    | 32    | 2    | io_uring | 12        | 16  | increase  | asc         | asc        | 262144     | 104.92   | 81.35    | 6   | 18932,19072,19212,18931,19071,19211 | -23.57   | -22.46   |
| 19  | 20         | 10000000 | 5000000   | 476191   | 1024    | 512   | 2    | worker   | 12        | 16  | decrease  | asc         | desc       | 1524288    | 2390.04  | 2366.35  | 6   | 28607,28747,28887,28606,28746,28886 | -23.69   | -0.99    |
| 5   | 60         | 10000000 | 625000    | 156250   | 1       | 128   | 16   | io_uring | 12        | 16  | increase  | asc         | desc       | 253036     | 8986.4   | 8962.59  | 6   | 7222,7347,7472,7221,7346,7471       | -23.81   | -0.26    |
| 15  | 60         | 10000000 | 5000000   | 156250   | 4096    | 32    | 2    | worker   | 12        | 16  | decrease  | asc         | desc       | 262144     | 319.12   | 295.17   | 6   | 21872,22012,22152,21871,22011,22151 | -23.95   | -7.51    |
| 13  | 60         | 10000000 | 5000000   | 156250   | 4096    | 32    | 2    | worker   | 12        | 16  | increase  | asc         | asc        | 524288     | 173.4    | 149.0    | 6   | 18097,18237,18377,18096,18236,18376 | -24.4    | -14.07   |
| 10  | 20         | 10000000 | 625000    | 476191   | 1       | 2     | 16   | io_uring | 12        | 16  | increase  | desc        | asc        | 128036     | 1506.55  | 1482.05  | 6   | 14337,14462,14587,14336,14461,14586 | -24.5    | -1.63    |
| 19  | 20         | 10000000 | 5000000   | 476191   | 1024    | 512   | 2    | io_uring | 12        | 16  | decrease  | asc         | asc        | 1524288    | 15258.74 | 15233.49 | 6   | 29027,29167,29307,29026,29166,29306 | -25.25   | -0.17    |
| 19  | 20         | 10000000 | 5000000   | 476191   | 1024    | 512   | 2    | worker   | 12        | 16  | decrease  | asc         | desc       | 524288     | 859.92   | 833.1    | 6   | 28597,28737,28877,28596,28736,28876 | -26.82   | -3.12    |
| 15  | 60         | 10000000 | 5000000   | 156250   | 4096    | 32    | 2    | io_uring | 12        | 16  | decrease  | asc         | desc       | 262144     | 327.98   | 300.42   | 6   | 22712,22852,22992,22711,22851,22991 | -27.56   | -8.4     |
| 20  | 20         | 10000000 | 5000000   | 476191   | 1024    | 512   | 2    | worker   | 12        | 16  | decrease  | desc        | desc       | 1024288    | 588.95   | 561.04   | 6   | 30282,30422,30562,30281,30421,30561 | -27.91   | -4.74    |
| 13  | 60         | 10000000 | 5000000   | 156250   | 4096    | 32    | 2    | worker   | 12        | 16  | increase  | asc         | asc        | 131072     | 76.45    | 48.34    | 6   | 18087,18227,18367,18086,18226,18366 | -28.11   | -36.77   |
| 11  | 20         | 10000000 | 625000    | 476191   | 1       | 2     | 16   | io_uring | 12        | 16  | decrease  | asc         | desc       | 128036     | 1534.19  | 1505.54  | 6   | 16212,16337,16462,16211,16336,16461 | -28.65   | -1.87    |
| 6   | 60         | 10000000 | 625000    | 156250   | 1       | 128   | 16   | io_uring | 12        | 16  | increase  | desc        | asc        | 378036     | 3042.69  | 3013.42  | 6   | 8357,8482,8607,8356,8481,8606       | -29.27   | -0.96    |
| 7   | 60         | 10000000 | 625000    | 156250   | 1       | 128   | 16   | io_uring | 12        | 16  | decrease  | asc         | desc       | 378036     | 3053.53  | 3024.0   | 6   | 10232,10357,10482,10231,10356,10481 | -29.53   | -0.97    |
| 6   | 60         | 10000000 | 625000    | 156250   | 1       | 128   | 16   | worker   | 12        | 16  | increase  | desc        | asc        | 65536      | 578.69   | 549.01   | 6   | 7582,7707,7832,7581,7706,7831       | -29.68   | -5.13    |
| 8   | 60         | 10000000 | 625000    | 156250   | 1       | 128   | 16   | worker   | 12        | 16  | decrease  | desc        | asc        | 16384      | 608.27   | 576.9    | 6   | 10572,10697,10822,10571,10696,10821 | -31.37   | -5.16    |
| 6   | 60         | 10000000 | 625000    | 156250   | 1       | 128   | 16   | worker   | 12        | 16  | increase  | desc        | desc       | 16384      | 538.94   | 506.8    | 6   | 7947,8072,8197,7946,8071,8196       | -32.14   | -5.96    |
| 7   | 60         | 10000000 | 625000    | 156250   | 1       | 128   | 16   | worker   | 12        | 16  | decrease  | asc         | asc        | 65536      | 2049.39  | 2016.7   | 6   | 9082,9207,9332,9081,9206,9331       | -32.69   | -1.6     |
| 20  | 20         | 10000000 | 5000000   | 476191   | 1024    | 512   | 2    | worker   | 12        | 16  | decrease  | desc        | desc       | 262144     | 190.27   | 157.54   | 6   | 30272,30412,30552,30271,30411,30551 | -32.73   | -17.2    |
| 16  | 60         | 10000000 | 5000000   | 156250   | 4096    | 32    | 2    | io_uring | 12        | 16  | decrease  | desc        | desc       | 524288     | 177.14   | 144.23   | 6   | 24397,24537,24677,24396,24536,24676 | -32.91   | -18.58   |
| 18  | 20         | 10000000 | 5000000   | 476191   | 1024    | 512   | 2    | worker   | 12        | 16  | increase  | desc        | asc        | 262144     | 462.43   | 427.98   | 6   | 26492,26632,26772,26491,26631,26771 | -34.45   | -7.45    |
| 13  | 60         | 10000000 | 5000000   | 156250   | 4096    | 32    | 2    | io_uring | 12        | 16  | increase  | asc         | asc        | 524288     | 179.07   | 144.17   | 6   | 18937,19077,19217,18936,19076,19216 | -34.9    | -19.49   |
| 17  | 20         | 10000000 | 5000000   | 476191   | 1024    | 512   | 2    | io_uring | 12        | 16  | increase  | asc         | asc        | 4024288    | 2211.35  | 2176.24  | 6   | 25692,25832,25972,25691,25831,25971 | -35.11   | -1.59    |
| 16  | 60         | 10000000 | 5000000   | 156250   | 4096    | 32    | 2    | io_uring | 12        | 16  | decrease  | desc        | desc       | 262144     | 113.4    | 78.13    | 6   | 24392,24532,24672,24391,24531,24671 | -35.27   | -31.1    |
| 8   | 60         | 10000000 | 625000    | 156250   | 1       | 128   | 16   | worker   | 12        | 16  | decrease  | desc        | asc        | 190536     | 6702.3   | 6666.97  | 6   | 10592,10717,10842,10591,10716,10841 | -35.33   | -0.53    |
| 5   | 60         | 10000000 | 625000    | 156250   | 1       | 128   | 16   | io_uring | 12        | 16  | increase  | asc         | desc       | 440536     | 15557.32 | 15521.92 | 6   | 7237,7362,7487,7236,7361,7486       | -35.4    | -0.23    |
| 17  | 20         | 10000000 | 5000000   | 476191   | 1024    | 512   | 2    | worker   | 12        | 16  | increase  | asc         | asc        | 524288     | 321.82   | 286.07   | 6   | 24817,24957,25097,24816,24956,25096 | -35.75   | -11.11   |
| 20  | 20         | 10000000 | 5000000   | 476191   | 1024    | 512   | 2    | io_uring | 12        | 16  | decrease  | desc        | desc       | 3524288    | 1950.83  | 1914.84  | 6   | 31147,31287,31427,31146,31286,31426 | -35.99   | -1.84    |
| 9   | 20         | 10000000 | 625000    | 476191   | 1       | 2     | 16   | worker   | 12        | 16  | increase  | asc         | asc        | 253036     | 1010.46  | 974.43   | 6   | 12097,12222,12347,12096,12221,12346 | -36.03   | -3.57    |
| 18  | 20         | 10000000 | 5000000   | 476191   | 1024    | 512   | 2    | io_uring | 12        | 16  | increase  | desc        | asc        | 4524288    | 6990.63  | 6953.78  | 6   | 27377,27517,27657,27376,27516,27656 | -36.85   | -0.53    |
| 18  | 20         | 10000000 | 5000000   | 476191   | 1024    | 512   | 2    | worker   | 12        | 16  | increase  | desc        | asc        | 1024288    | 1650.38  | 1613.4   | 6   | 26502,26642,26782,26501,26641,26781 | -36.98   | -2.24    |
| 8   | 60         | 10000000 | 625000    | 156250   | 1       | 128   | 16   | io_uring | 12        | 16  | decrease  | desc        | desc       | 503036     | 850.49   | 813.36   | 6   | 11742,11867,11992,11741,11866,11991 | -37.13   | -4.37    |
| 17  | 20         | 10000000 | 5000000   | 476191   | 1024    | 512   | 2    | io_uring | 12        | 16  | increase  | asc         | asc        | 1024288    | 616.47   | 578.89   | 6   | 25662,25802,25942,25661,25801,25941 | -37.58   | -6.1     |
| 19  | 20         | 10000000 | 5000000   | 476191   | 1024    | 512   | 2    | worker   | 12        | 16  | decrease  | asc         | asc        | 1024288    | 10122.6  | 10084.61 | 6   | 28182,28322,28462,28181,28321,28461 | -37.99   | -0.38    |
| 7   | 60         | 10000000 | 625000    | 156250   | 1       | 128   | 16   | worker   | 12        | 16  | decrease  | asc         | asc        | 315536     | 9584.59  | 9545.04  | 6   | 9102,9227,9352,9101,9226,9351       | -39.55   | -0.41    |
| 16  | 60         | 10000000 | 5000000   | 156250   | 4096    | 32    | 2    | worker   | 12        | 16  | decrease  | desc        | desc       | 262144     | 120.12   | 79.88    | 6   | 23552,23692,23832,23551,23691,23831 | -40.24   | -33.5    |
| 19  | 20         | 10000000 | 5000000   | 476191   | 1024    | 512   | 2    | io_uring | 12        | 16  | decrease  | asc         | desc       | 524288     | 866.36   | 826.07   | 6   | 29437,29577,29717,29436,29576,29716 | -40.29   | -4.65    |
| 10  | 20         | 10000000 | 625000    | 476191   | 1       | 2     | 16   | io_uring | 12        | 16  | increase  | desc        | asc        | 190536     | 2235.96  | 2195.65  | 6   | 14342,14467,14592,14341,14466,14591 | -40.31   | -1.8     |
| 14  | 60         | 10000000 | 5000000   | 156250   | 4096    | 32    | 2    | worker   | 12        | 16  | increase  | desc        | asc        | 262144     | 337.99   | 296.39   | 6   | 19772,19912,20052,19771,19911,20051 | -41.6    | -12.31   |
| 6   | 60         | 10000000 | 625000    | 156250   | 1       | 128   | 16   | io_uring | 12        | 16  | increase  | desc        | asc        | 565536     | 4536.88  | 4494.34  | 6   | 8372,8497,8622,8371,8496,8621       | -42.54   | -0.94    |
| 19  | 20         | 10000000 | 5000000   | 476191   | 1024    | 512   | 2    | worker   | 12        | 16  | decrease  | asc         | desc       | 262144     | 465.3    | 419.61   | 6   | 28592,28732,28872,28591,28731,28871 | -45.69   | -9.82    |
| 10  | 20         | 10000000 | 625000    | 476191   | 1       | 2     | 16   | io_uring | 12        | 16  | increase  | desc        | asc        | 315536     | 3679.18  | 3632.45  | 6   | 14352,14477,14602,14351,14476,14601 | -46.73   | -1.27    |
| 5   | 60         | 10000000 | 625000    | 156250   | 1       | 128   | 16   | worker   | 12        | 16  | increase  | asc         | asc        | 128036     | 256.37   | 209.03   | 6   | 6087,6212,6337,6086,6211,6336       | -47.34   | -18.47   |
| 18  | 20         | 10000000 | 5000000   | 476191   | 1024    | 512   | 2    | io_uring | 12        | 16  | increase  | desc        | desc       | 1524288    | 15335.81 | 15287.82 | 6   | 27767,27907,28047,27766,27906,28046 | -47.99   | -0.31    |
| 5   | 60         | 10000000 | 625000    | 156250   | 1       | 128   | 16   | worker   | 12        | 16  | increase  | asc         | desc       | 128036     | 4592.6   | 4541.57  | 6   | 6462,6587,6712,6461,6586,6711       | -51.03   | -1.11    |
| 14  | 60         | 10000000 | 5000000   | 156250   | 4096    | 32    | 2    | worker   | 12        | 16  | increase  | desc        | asc        | 524288     | 625.23   | 573.7    | 6   | 19777,19917,20057,19776,19916,20056 | -51.53   | -8.24    |
| 20  | 20         | 10000000 | 5000000   | 476191   | 1024    | 512   | 2    | worker   | 12        | 16  | decrease  | desc        | desc       | 524288     | 350.96   | 298.62   | 6   | 30277,30417,30557,30276,30416,30556 | -52.34   | -14.91   |
| 13  | 60         | 10000000 | 5000000   | 156250   | 4096    | 32    | 2    | worker   | 12        | 16  | increase  | asc         | asc        | 262144     | 131.24   | 78.57    | 6   | 18092,18232,18372,18091,18231,18371 | -52.67   | -40.13   |
| 15  | 60         | 10000000 | 5000000   | 156250   | 4096    | 32    | 2    | worker   | 12        | 16  | decrease  | asc         | desc       | 524288     | 626.02   | 573.26   | 6   | 21877,22017,22157,21876,22016,22156 | -52.76   | -8.43    |
| 8   | 60         | 10000000 | 625000    | 156250   | 1       | 128   | 16   | worker   | 12        | 16  | decrease  | desc        | asc        | 65536      | 2366.68  | 2312.37  | 6   | 10582,10707,10832,10581,10706,10831 | -54.31   | -2.29    |
| 14  | 60         | 10000000 | 5000000   | 156250   | 4096    | 32    | 2    | io_uring | 12        | 16  | increase  | desc        | asc        | 524288     | 630.45   | 570.55   | 6   | 20617,20757,20897,20616,20756,20896 | -59.9    | -9.5     |
| 7   | 60         | 10000000 | 625000    | 156250   | 1       | 128   | 16   | worker   | 12        | 16  | decrease  | asc         | asc        | 32768      | 1070.05  | 1008.77  | 6   | 9077,9202,9327,9076,9201,9326       | -61.28   | -5.73    |
| 11  | 20         | 10000000 | 625000    | 476191   | 1       | 2     | 16   | io_uring | 12        | 16  | decrease  | asc         | desc       | 253036     | 2985.3   | 2922.87  | 6   | 16222,16347,16472,16221,16346,16471 | -62.43   | -2.09    |
| 7   | 60         | 10000000 | 625000    | 156250   | 1       | 128   | 16   | worker   | 12        | 16  | decrease  | asc         | desc       | 128036     | 1092.48  | 1029.3   | 6   | 9462,9587,9712,9461,9586,9711       | -63.18   | -5.78    |
| 6   | 60         | 10000000 | 625000    | 156250   | 1       | 128   | 16   | io_uring | 12        | 16  | increase  | desc        | desc       | 503036     | 15403.35 | 15340.03 | 6   | 8742,8867,8992,8741,8866,8991       | -63.32   | -0.41    |
| 10  | 20         | 10000000 | 625000    | 476191   | 1       | 2     | 16   | io_uring | 12        | 16  | increase  | desc        | asc        | 503036     | 5811.33  | 5747.15  | 6   | 14367,14492,14617,14366,14491,14616 | -64.18   | -1.1     |
| 17  | 20         | 10000000 | 5000000   | 476191   | 1024    | 512   | 2    | io_uring | 12        | 16  | increase  | asc         | desc       | 2524288    | 27780.56 | 27716.13 | 6   | 26097,26237,26377,26096,26236,26376 | -64.43   | -0.23    |
| 20  | 20         | 10000000 | 5000000   | 476191   | 1024    | 512   | 2    | worker   | 12        | 16  | decrease  | desc        | desc       | 1524288    | 903.93   | 839.09   | 6   | 30287,30427,30567,30286,30426,30566 | -64.84   | -7.17    |
| 14  | 60         | 10000000 | 5000000   | 156250   | 4096    | 32    | 2    | worker   | 12        | 16  | increase  | desc        | asc        | 1524288    | 1716.49  | 1650.05  | 6   | 19787,19927,20067,19786,19926,20066 | -66.44   | -3.87    |
| 8   | 60         | 10000000 | 625000    | 156250   | 1       | 128   | 16   | worker   | 12        | 16  | decrease  | desc        | asc        | 378036     | 13289.76 | 13222.67 | 6   | 10607,10732,10857,10606,10731,10856 | -67.09   | -0.5     |
| 7   | 60         | 10000000 | 625000    | 156250   | 1       | 128   | 16   | worker   | 12        | 16  | decrease  | asc         | asc        | 128036     | 3971.65  | 3904.04  | 6   | 9087,9212,9337,9086,9211,9336       | -67.61   | -1.7     |
| 13  | 60         | 10000000 | 5000000   | 156250   | 4096    | 32    | 2    | io_uring | 12        | 16  | increase  | asc         | asc        | 1024288    | 336.56   | 268.62   | 6   | 18942,19082,19222,18941,19081,19221 | -67.94   | -20.19   |
| 16  | 60         | 10000000 | 5000000   | 156250   | 4096    | 32    | 2    | worker   | 12        | 16  | decrease  | desc        | desc       | 524288     | 215.78   | 146.82   | 6   | 23557,23697,23837,23556,23696,23836 | -68.96   | -31.96   |
| 20  | 20         | 10000000 | 5000000   | 476191   | 1024    | 512   | 2    | worker   | 12        | 16  | decrease  | desc        | desc       | 2024288    | 1172.53  | 1101.04  | 6   | 30292,30432,30572,30291,30431,30571 | -71.49   | -6.1     |
| 8   | 60         | 10000000 | 625000    | 156250   | 1       | 128   | 16   | worker   | 12        | 16  | decrease  | desc        | desc       | 128036     | 283.29   | 210.07   | 6   | 10962,11087,11212,10961,11086,11211 | -73.22   | -25.85   |
| 5   | 60         | 10000000 | 625000    | 156250   | 1       | 128   | 16   | worker   | 12        | 16  | increase  | asc         | asc        | 190536     | 388.97   | 314.41   | 6   | 6092,6217,6342,6091,6216,6341       | -74.56   | -19.17   |
| 17  | 20         | 10000000 | 5000000   | 476191   | 1024    | 512   | 2    | worker   | 12        | 16  | increase  | asc         | asc        | 1024288    | 628.53   | 552.21   | 6   | 24822,24962,25102,24821,24961,25101 | -76.32   | -12.14   |
| 20  | 20         | 10000000 | 5000000   | 476191   | 1024    | 512   | 2    | io_uring | 12        | 16  | decrease  | desc        | desc       | 1024288    | 634.99   | 556.06   | 6   | 31122,31262,31402,31121,31261,31401 | -78.93   | -12.43   |
| 18  | 20         | 10000000 | 5000000   | 476191   | 1024    | 512   | 2    | worker   | 12        | 16  | increase  | desc        | asc        | 2024288    | 3237.83  | 3158.02  | 6   | 26512,26652,26792,26511,26651,26791 | -79.81   | -2.46    |
| 6   | 60         | 10000000 | 625000    | 156250   | 1       | 128   | 16   | worker   | 12        | 16  | increase  | desc        | desc       | 128036     | 3963.26  | 3882.02  | 6   | 7962,8087,8212,7961,8086,8211       | -81.24   | -2.05    |
| 15  | 60         | 10000000 | 5000000   | 156250   | 4096    | 32    | 2    | io_uring | 12        | 16  | decrease  | asc         | desc       | 1524288    | 1710.37  | 1628.87  | 6   | 22727,22867,23007,22726,22866,23006 | -81.5    | -4.77    |
| 18  | 20         | 10000000 | 5000000   | 476191   | 1024    | 512   | 2    | io_uring | 12        | 16  | increase  | desc        | asc        | 1024288    | 1679.29  | 1597.39  | 6   | 27342,27482,27622,27341,27481,27621 | -81.9    | -4.88    |
| 20  | 20         | 10000000 | 5000000   | 476191   | 1024    | 512   | 2    | worker   | 12        | 16  | decrease  | desc        | desc       | 2524288    | 1443.7   | 1357.73  | 6   | 30297,30437,30577,30296,30436,30576 | -85.97   | -5.95    |
| 10  | 20         | 10000000 | 625000    | 476191   | 1       | 2     | 16   | io_uring | 12        | 16  | increase  | desc        | asc        | 378036     | 4414.79  | 4327.82  | 6   | 14357,14482,14607,14356,14481,14606 | -86.97   | -1.97    |
| 20  | 20         | 10000000 | 5000000   | 476191   | 1024    | 512   | 2    | io_uring | 12        | 16  | decrease  | desc        | asc        | 524288     | 5877.8   | 5790.53  | 6   | 30697,30837,30977,30696,30836,30976 | -87.27   | -1.48    |
| 15  | 60         | 10000000 | 5000000   | 156250   | 4096    | 32    | 2    | io_uring | 12        | 16  | decrease  | asc         | desc       | 524288     | 666.24   | 576.75   | 6   | 22717,22857,22997,22716,22856,22996 | -89.49   | -13.43   |
| 17  | 20         | 10000000 | 5000000   | 476191   | 1024    | 512   | 2    | io_uring | 12        | 16  | increase  | asc         | asc        | 1524288    | 929.17   | 838.68   | 6   | 25667,25807,25947,25666,25806,25946 | -90.49   | -9.74    |
| 7   | 60         | 10000000 | 625000    | 156250   | 1       | 128   | 16   | worker   | 12        | 16  | decrease  | asc         | desc       | 190536     | 1622.68  | 1531.47  | 6   | 9467,9592,9717,9466,9591,9716       | -91.21   | -5.62    |
| 10  | 20         | 10000000 | 625000    | 476191   | 1       | 2     | 16   | io_uring | 12        | 16  | increase  | desc        | asc        | 253036     | 3002.98  | 2910.54  | 6   | 14347,14472,14597,14346,14471,14596 | -92.44   | -3.08    |
| 19  | 20         | 10000000 | 5000000   | 476191   | 1024    | 512   | 2    | worker   | 12        | 16  | decrease  | asc         | desc       | 2024288    | 3228.77  | 3133.99  | 6   | 28612,28752,28892,28611,28751,28891 | -94.78   | -2.94    |
| 16  | 60         | 10000000 | 5000000   | 156250   | 4096    | 32    | 2    | worker   | 12        | 16  | decrease  | desc        | desc       | 1024288    | 373.37   | 277.54   | 6   | 23562,23702,23842,23561,23701,23841 | -95.83   | -25.67   |
| 6   | 60         | 10000000 | 625000    | 156250   | 1       | 128   | 16   | worker   | 12        | 16  | increase  | desc        | asc        | 190536     | 1618.4   | 1521.55  | 6   | 7592,7717,7842,7591,7716,7841       | -96.85   | -5.98    |
| 6   | 60         | 10000000 | 625000    | 156250   | 1       | 128   | 16   | io_uring | 12        | 16  | increase  | desc        | desc       | 253036     | 7802.35  | 7705.35  | 6   | 8722,8847,8972,8721,8846,8971       | -97.0    | -1.24    |
| 11  | 20         | 10000000 | 625000    | 476191   | 1       | 2     | 16   | io_uring | 12        | 16  | decrease  | asc         | desc       | 315536     | 3717.54  | 3620.01  | 6   | 16227,16352,16477,16226,16351,16476 | -97.53   | -2.62    |
| 5   | 60         | 10000000 | 625000    | 156250   | 1       | 128   | 16   | io_uring | 12        | 16  | increase  | asc         | desc       | 315536     | 11503.34 | 11404.23 | 6   | 7227,7352,7477,7226,7351,7476       | -99.11   | -0.86    |
| 20  | 20         | 10000000 | 5000000   | 476191   | 1024    | 512   | 2    | worker   | 12        | 16  | decrease  | desc        | desc       | 3524288    | 2016.19  | 1916.91  | 6   | 30307,30447,30587,30306,30446,30586 | -99.28   | -4.92    |
| 17  | 20         | 10000000 | 5000000   | 476191   | 1024    | 512   | 2    | worker   | 12        | 16  | increase  | asc         | asc        | 3024288    | 1744.38  | 1642.96  | 6   | 24842,24982,25122,24841,24981,25121 | -101.42  | -5.81    |
| 8   | 60         | 10000000 | 625000    | 156250   | 1       | 128   | 16   | worker   | 12        | 16  | decrease  | desc        | desc       | 253036     | 517.32   | 415.49   | 6   | 10972,11097,11222,10971,11096,11221 | -101.83  | -19.68   |
| 7   | 60         | 10000000 | 625000    | 156250   | 1       | 128   | 16   | worker   | 12        | 16  | decrease  | asc         | asc        | 190536     | 5878.01  | 5775.84  | 6   | 9092,9217,9342,9091,9216,9341       | -102.17  | -1.74    |
| 11  | 20         | 10000000 | 625000    | 476191   | 1       | 2     | 16   | io_uring | 12        | 16  | decrease  | asc         | desc       | 378036     | 4450.73  | 4345.0   | 6   | 16232,16357,16482,16231,16356,16481 | -105.73  | -2.38    |
| 13  | 60         | 10000000 | 5000000   | 156250   | 4096    | 32    | 2    | io_uring | 12        | 16  | increase  | asc         | asc        | 2024288    | 626.28   | 516.11   | 6   | 18952,19092,19232,18951,19091,19231 | -110.17  | -17.59   |
| 10  | 20         | 10000000 | 625000    | 476191   | 1       | 2     | 16   | io_uring | 12        | 16  | increase  | desc        | asc        | 440536     | 5185.78  | 5075.51  | 6   | 14362,14487,14612,14361,14486,14611 | -110.27  | -2.13    |
| 6   | 60         | 10000000 | 625000    | 156250   | 1       | 128   | 16   | worker   | 12        | 16  | increase  | desc        | asc        | 315536     | 2655.52  | 2542.12  | 6   | 7602,7727,7852,7601,7726,7851       | -113.4   | -4.27    |
| 16  | 60         | 10000000 | 5000000   | 156250   | 4096    | 32    | 2    | io_uring | 12        | 16  | decrease  | desc        | desc       | 2524288    | 788.64   | 674.96   | 6   | 24417,24557,24697,24416,24556,24696 | -113.68  | -14.41   |
| 11  | 20         | 10000000 | 625000    | 476191   | 1       | 2     | 16   | io_uring | 12        | 16  | decrease  | asc         | desc       | 503036     | 5893.06  | 5778.5   | 6   | 16242,16367,16492,16241,16366,16491 | -114.56  | -1.94    |
| 13  | 60         | 10000000 | 5000000   | 156250   | 4096    | 32    | 2    | worker   | 12        | 16  | increase  | asc         | asc        | 1024288    | 379.42   | 264.07   | 6   | 18102,18242,18382,18101,18241,18381 | -115.35  | -30.4    |
| 17  | 20         | 10000000 | 5000000   | 476191   | 1024    | 512   | 2    | io_uring | 12        | 16  | increase  | asc         | asc        | 2024288    | 1225.98  | 1110.48  | 6   | 25672,25812,25952,25671,25811,25951 | -115.5   | -9.42    |
| 7   | 60         | 10000000 | 625000    | 156250   | 1       | 128   | 16   | worker   | 12        | 16  | decrease  | asc         | desc       | 253036     | 2139.05  | 2022.62  | 6   | 9472,9597,9722,9471,9596,9721       | -116.43  | -5.44    |
| 16  | 60         | 10000000 | 5000000   | 156250   | 4096    | 32    | 2    | worker   | 12        | 16  | decrease  | desc        | desc       | 2524288    | 759.4    | 641.47   | 6   | 23577,23717,23857,23576,23716,23856 | -117.93  | -15.53   |
| 18  | 20         | 10000000 | 5000000   | 476191   | 1024    | 512   | 2    | io_uring | 12        | 16  | increase  | desc        | asc        | 524288     | 951.94   | 833.36   | 6   | 27337,27477,27617,27336,27476,27616 | -118.58  | -12.46   |
| 17  | 20         | 10000000 | 5000000   | 476191   | 1024    | 512   | 2    | worker   | 12        | 16  | increase  | asc         | asc        | 3524288    | 2017.76  | 1894.4   | 6   | 24847,24987,25127,24846,24986,25126 | -123.36  | -6.11    |
| 8   | 60         | 10000000 | 625000    | 156250   | 1       | 128   | 16   | io_uring | 12        | 16  | decrease  | desc        | asc        | 503036     | 17806.78 | 17682.52 | 6   | 11367,11492,11617,11366,11491,11616 | -124.26  | -0.7     |
| 5   | 60         | 10000000 | 625000    | 156250   | 1       | 128   | 16   | worker   | 12        | 16  | increase  | asc         | desc       | 190536     | 6832.44  | 6706.14  | 6   | 6467,6592,6717,6466,6591,6716       | -126.3   | -1.85    |
| 15  | 60         | 10000000 | 5000000   | 156250   | 4096    | 32    | 2    | io_uring | 12        | 16  | decrease  | asc         | desc       | 1024288    | 1242.75  | 1116.04  | 6   | 22722,22862,23002,22721,22861,23001 | -126.71  | -10.2    |
| 20  | 20         | 10000000 | 5000000   | 476191   | 1024    | 512   | 2    | worker   | 12        | 16  | decrease  | desc        | desc       | 4024288    | 2310.8   | 2183.6   | 6   | 30312,30452,30592,30311,30451,30591 | -127.2   | -5.5     |
| 20  | 20         | 10000000 | 5000000   | 476191   | 1024    | 512   | 2    | io_uring | 12        | 16  | decrease  | desc        | desc       | 2024288    | 1228.43  | 1100.19  | 6   | 31132,31272,31412,31131,31271,31411 | -128.24  | -10.44   |
| 11  | 20         | 10000000 | 625000    | 476191   | 1       | 2     | 16   | io_uring | 12        | 16  | decrease  | asc         | desc       | 440536     | 5221.17  | 5085.53  | 6   | 16237,16362,16487,16236,16361,16486 | -135.64  | -2.6     |
| 20  | 20         | 10000000 | 5000000   | 476191   | 1024    | 512   | 2    | io_uring | 12        | 16  | decrease  | desc        | desc       | 2524288    | 1525.3   | 1389.26  | 6   | 31137,31277,31417,31136,31276,31416 | -136.04  | -8.92    |
| 19  | 20         | 10000000 | 5000000   | 476191   | 1024    | 512   | 2    | io_uring | 12        | 16  | decrease  | asc         | desc       | 1524288    | 2499.75  | 2362.13  | 6   | 29447,29587,29727,29446,29586,29726 | -137.62  | -5.51    |
| 11  | 20         | 10000000 | 625000    | 476191   | 1       | 2     | 16   | io_uring | 12        | 16  | decrease  | asc         | desc       | 565536     | 6615.9   | 6478.06  | 6   | 16247,16372,16497,16246,16371,16496 | -137.84  | -2.08    |
| 14  | 60         | 10000000 | 5000000   | 156250   | 4096    | 32    | 2    | io_uring | 12        | 16  | increase  | desc        | asc        | 1524288    | 1795.67  | 1654.57  | 6   | 20627,20767,20907,20626,20766,20906 | -141.1   | -7.86    |
| 17  | 20         | 10000000 | 5000000   | 476191   | 1024    | 512   | 2    | worker   | 12        | 16  | increase  | asc         | asc        | 2024288    | 1234.09  | 1088.16  | 6   | 24832,24972,25112,24831,24971,25111 | -145.93  | -11.82   |
| 5   | 60         | 10000000 | 625000    | 156250   | 1       | 128   | 16   | worker   | 12        | 16  | increase  | asc         | asc        | 315536     | 654.38   | 506.01   | 6   | 6102,6227,6352,6101,6226,6351       | -148.37  | -22.67   |
| 18  | 20         | 10000000 | 5000000   | 476191   | 1024    | 512   | 2    | worker   | 12        | 16  | increase  | desc        | asc        | 1524288    | 2527.17  | 2378.49  | 6   | 26507,26647,26787,26506,26646,26786 | -148.68  | -5.88    |
| 8   | 60         | 10000000 | 625000    | 156250   | 1       | 128   | 16   | worker   | 12        | 16  | decrease  | desc        | desc       | 440536     | 869.33   | 719.15   | 6   | 10987,11112,11237,10986,11111,11236 | -150.18  | -17.28   |
| 8   | 60         | 10000000 | 625000    | 156250   | 1       | 128   | 16   | worker   | 12        | 16  | decrease  | desc        | asc        | 253036     | 9003.08  | 8848.12  | 6   | 10597,10722,10847,10596,10721,10846 | -154.96  | -1.72    |
| 14  | 60         | 10000000 | 5000000   | 156250   | 4096    | 32    | 2    | io_uring | 12        | 16  | increase  | desc        | asc        | 1024288    | 1271.51  | 1115.07  | 6   | 20622,20762,20902,20621,20761,20901 | -156.44  | -12.3    |
| 17  | 20         | 10000000 | 5000000   | 476191   | 1024    | 512   | 2    | worker   | 12        | 16  | increase  | asc         | asc        | 4524288    | 2589.31  | 2431.35  | 6   | 24857,24997,25137,24856,24996,25136 | -157.96  | -6.1     |
| 10  | 20         | 10000000 | 625000    | 476191   | 1       | 2     | 16   | io_uring | 12        | 16  | increase  | desc        | asc        | 565536     | 6623.18  | 6463.63  | 6   | 14372,14497,14622,14371,14496,14621 | -159.55  | -2.41    |
| 14  | 60         | 10000000 | 5000000   | 156250   | 4096    | 32    | 2    | worker   | 12        | 16  | increase  | desc        | asc        | 1024288    | 1275.74  | 1109.55  | 6   | 19782,19922,20062,19781,19921,20061 | -166.19  | -13.03   |
| 16  | 60         | 10000000 | 5000000   | 156250   | 4096    | 32    | 2    | io_uring | 12        | 16  | decrease  | desc        | desc       | 1524288    | 565.83   | 398.35   | 6   | 24407,24547,24687,24406,24546,24686 | -167.48  | -29.6    |
| 20  | 20         | 10000000 | 5000000   | 476191   | 1024    | 512   | 2    | io_uring | 12        | 16  | decrease  | desc        | desc       | 3024288    | 1824.15  | 1651.4   | 6   | 31142,31282,31422,31141,31281,31421 | -172.75  | -9.47    |
| 20  | 20         | 10000000 | 5000000   | 476191   | 1024    | 512   | 2    | worker   | 12        | 16  | decrease  | desc        | desc       | 3024288    | 1828.48  | 1655.69  | 6   | 30302,30442,30582,30301,30441,30581 | -172.79  | -9.45    |
| 19  | 20         | 10000000 | 5000000   | 476191   | 1024    | 512   | 2    | worker   | 12        | 16  | decrease  | asc         | desc       | 2524288    | 4063.47  | 3889.57  | 6   | 28617,28757,28897,28616,28756,28896 | -173.9   | -4.28    |
| 13  | 60         | 10000000 | 5000000   | 156250   | 4096    | 32    | 2    | worker   | 12        | 16  | increase  | asc         | asc        | 1524288    | 558.18   | 382.81   | 6   | 18107,18247,18387,18106,18246,18386 | -175.37  | -31.42   |
| 5   | 60         | 10000000 | 625000    | 156250   | 1       | 128   | 16   | worker   | 12        | 16  | increase  | asc         | asc        | 440536     | 889.0    | 711.29   | 6   | 6112,6237,6362,6111,6236,6361       | -177.71  | -19.99   |
| 6   | 60         | 10000000 | 625000    | 156250   | 1       | 128   | 16   | worker   | 12        | 16  | increase  | desc        | asc        | 128036     | 1226.89  | 1049.14  | 6   | 7587,7712,7837,7586,7711,7836       | -177.75  | -14.49   |
| 16  | 60         | 10000000 | 5000000   | 156250   | 4096    | 32    | 2    | worker   | 12        | 16  | decrease  | desc        | desc       | 3524288    | 1056.52  | 876.78   | 6   | 23587,23727,23867,23586,23726,23866 | -179.74  | -17.01   |
| 6   | 60         | 10000000 | 625000    | 156250   | 1       | 128   | 16   | worker   | 12        | 16  | increase  | desc        | desc       | 565536     | 17338.55 | 17157.92 | 6   | 7997,8122,8247,7996,8121,8246       | -180.63  | -1.04    |
| 16  | 60         | 10000000 | 5000000   | 156250   | 4096    | 32    | 2    | worker   | 12        | 16  | decrease  | desc        | desc       | 2024288    | 711.75   | 530.24   | 6   | 23572,23712,23852,23571,23711,23851 | -181.51  | -25.5    |
| 20  | 20         | 10000000 | 5000000   | 476191   | 1024    | 512   | 2    | io_uring | 12        | 16  | decrease  | desc        | desc       | 1524288    | 1006.69  | 823.74   | 6   | 31127,31267,31407,31126,31266,31406 | -182.95  | -18.17   |
| 16  | 60         | 10000000 | 5000000   | 156250   | 4096    | 32    | 2    | io_uring | 12        | 16  | decrease  | desc        | desc       | 1024288    | 457.49   | 272.95   | 6   | 24402,24542,24682,24401,24541,24681 | -184.54  | -40.34   |
| 16  | 60         | 10000000 | 5000000   | 156250   | 4096    | 32    | 2    | io_uring | 12        | 16  | decrease  | desc        | desc       | 3024288    | 949.7    | 763.66   | 6   | 24422,24562,24702,24421,24561,24701 | -186.04  | -19.59   |
| 7   | 60         | 10000000 | 625000    | 156250   | 1       | 128   | 16   | worker   | 12        | 16  | decrease  | asc         | desc       | 440536     | 3697.02  | 3510.37  | 6   | 9487,9612,9737,9486,9611,9736       | -186.65  | -5.05    |
| 15  | 60         | 10000000 | 5000000   | 156250   | 4096    | 32    | 2    | worker   | 12        | 16  | decrease  | asc         | desc       | 1024288    | 1290.4   | 1103.42  | 6   | 21882,22022,22162,21881,22021,22161 | -186.98  | -14.49   |
| 16  | 60         | 10000000 | 5000000   | 156250   | 4096    | 32    | 2    | worker   | 12        | 16  | decrease  | desc        | desc       | 1524288    | 577.63   | 389.15   | 6   | 23567,23707,23847,23566,23706,23846 | -188.48  | -32.63   |
| 17  | 20         | 10000000 | 5000000   | 476191   | 1024    | 512   | 2    | io_uring | 12        | 16  | increase  | asc         | asc        | 3524288    | 2103.73  | 1912.04  | 6   | 25687,25827,25967,25686,25826,25966 | -191.69  | -9.11    |
| 13  | 60         | 10000000 | 5000000   | 156250   | 4096    | 32    | 2    | worker   | 12        | 16  | increase  | asc         | asc        | 4024288    | 1212.68  | 1015.36  | 6   | 18132,18272,18412,18131,18271,18411 | -197.32  | -16.27   |
| 7   | 60         | 10000000 | 625000    | 156250   | 1       | 128   | 16   | worker   | 12        | 16  | decrease  | asc         | asc        | 503036     | 15528.62 | 15330.59 | 6   | 9117,9242,9367,9116,9241,9366       | -198.03  | -1.28    |
| 18  | 20         | 10000000 | 5000000   | 476191   | 1024    | 512   | 2    | io_uring | 12        | 16  | increase  | desc        | asc        | 2524288    | 4084.12  | 3880.71  | 6   | 27357,27497,27637,27356,27496,27636 | -203.41  | -4.98    |
| 8   | 60         | 10000000 | 625000    | 156250   | 1       | 128   | 16   | worker   | 12        | 16  | decrease  | desc        | desc       | 565536     | 1133.04  | 929.5    | 6   | 10997,11122,11247,10996,11121,11246 | -203.54  | -17.96   |
| 15  | 60         | 10000000 | 5000000   | 156250   | 4096    | 32    | 2    | io_uring | 12        | 16  | decrease  | asc         | desc       | 4024288    | 4458.85  | 4254.68  | 6   | 22752,22892,23032,22751,22891,23031 | -204.17  | -4.58    |
| 7   | 60         | 10000000 | 625000    | 156250   | 1       | 128   | 16   | worker   | 12        | 16  | decrease  | asc         | desc       | 503036     | 4217.19  | 4001.05  | 6   | 9492,9617,9742,9491,9616,9741       | -216.14  | -5.13    |
| 15  | 60         | 10000000 | 5000000   | 156250   | 4096    | 32    | 2    | worker   | 12        | 16  | decrease  | asc         | desc       | 1524288    | 1838.53  | 1621.84  | 6   | 21887,22027,22167,21886,22026,22166 | -216.69  | -11.79   |
| 5   | 60         | 10000000 | 625000    | 156250   | 1       | 128   | 16   | worker   | 12        | 16  | increase  | asc         | desc       | 378036     | 13473.7  | 13246.09 | 6   | 6482,6607,6732,6481,6606,6731       | -227.61  | -1.69    |
| 15  | 60         | 10000000 | 5000000   | 156250   | 4096    | 32    | 2    | io_uring | 12        | 16  | decrease  | asc         | desc       | 2024288    | 2373.32  | 2144.96  | 6   | 22732,22872,23012,22731,22871,23011 | -228.36  | -9.62    |
| 13  | 60         | 10000000 | 5000000   | 156250   | 4096    | 32    | 2    | worker   | 12        | 16  | increase  | asc         | asc        | 2024288    | 739.92   | 509.47   | 6   | 18112,18252,18392,18111,18251,18391 | -230.45  | -31.15   |
| 15  | 60         | 10000000 | 5000000   | 156250   | 4096    | 32    | 2    | io_uring | 12        | 16  | decrease  | asc         | desc       | 4524288    | 5032.96  | 4801.82  | 6   | 22757,22897,23037,22756,22896,23036 | -231.14  | -4.59    |
| 18  | 20         | 10000000 | 5000000   | 476191   | 1024    | 512   | 2    | io_uring | 12        | 16  | increase  | desc        | asc        | 3024288    | 4881.65  | 4648.7   | 6   | 27362,27502,27642,27361,27501,27641 | -232.95  | -4.77    |
| 19  | 20         | 10000000 | 5000000   | 476191   | 1024    | 512   | 2    | worker   | 12        | 16  | decrease  | asc         | desc       | 4024288    | 6409.01  | 6175.79  | 6   | 28632,28772,28912,28631,28771,28911 | -233.22  | -3.64    |
| 14  | 60         | 10000000 | 5000000   | 156250   | 4096    | 32    | 2    | io_uring | 12        | 16  | increase  | desc        | asc        | 2024288    | 2371.99  | 2136.06  | 6   | 20632,20772,20912,20631,20771,20911 | -235.93  | -9.95    |
| 7   | 60         | 10000000 | 625000    | 156250   | 1       | 128   | 16   | worker   | 12        | 16  | decrease  | asc         | desc       | 565536     | 4732.08  | 4494.03  | 6   | 9497,9622,9747,9496,9621,9746       | -238.05  | -5.03    |
| 5   | 60         | 10000000 | 625000    | 156250   | 1       | 128   | 16   | worker   | 12        | 16  | increase  | asc         | desc       | 253036     | 9258.51  | 9017.4   | 6   | 6472,6597,6722,6471,6596,6721       | -241.11  | -2.6     |
| 18  | 20         | 10000000 | 5000000   | 476191   | 1024    | 512   | 2    | io_uring | 12        | 16  | increase  | desc        | asc        | 1524288    | 2591.58  | 2349.62  | 6   | 27347,27487,27627,27346,27486,27626 | -241.96  | -9.34    |
| 6   | 60         | 10000000 | 625000    | 156250   | 1       | 128   | 16   | worker   | 12        | 16  | increase  | desc        | asc        | 378036     | 3333.98  | 3081.22  | 6   | 7607,7732,7857,7606,7731,7856       | -252.76  | -7.58    |
| 20  | 20         | 10000000 | 5000000   | 476191   | 1024    | 512   | 2    | io_uring | 12        | 16  | decrease  | desc        | desc       | 4524288    | 2720.05  | 2464.14  | 6   | 31157,31297,31437,31156,31296,31436 | -255.91  | -9.41    |
| 5   | 60         | 10000000 | 625000    | 156250   | 1       | 128   | 16   | worker   | 12        | 16  | increase  | asc         | asc        | 378036     | 876.62   | 620.36   | 6   | 6107,6232,6357,6106,6231,6356       | -256.26  | -29.23   |
| 18  | 20         | 10000000 | 5000000   | 476191   | 1024    | 512   | 2    | io_uring | 12        | 16  | increase  | desc        | asc        | 3524288    | 5681.05  | 5418.32  | 6   | 27367,27507,27647,27366,27506,27646 | -262.73  | -4.62    |
| 19  | 20         | 10000000 | 5000000   | 476191   | 1024    | 512   | 2    | worker   | 12        | 16  | decrease  | asc         | desc       | 4524288    | 7224.87  | 6957.13  | 6   | 28637,28777,28917,28636,28776,28916 | -267.74  | -3.71    |
| 18  | 20         | 10000000 | 5000000   | 476191   | 1024    | 512   | 2    | worker   | 12        | 16  | increase  | desc        | asc        | 2524288    | 4147.74  | 3874.17  | 6   | 26517,26657,26797,26516,26656,26796 | -273.57  | -6.6     |
| 14  | 60         | 10000000 | 5000000   | 156250   | 4096    | 32    | 2    | worker   | 12        | 16  | increase  | desc        | asc        | 2024288    | 2415.79  | 2141.61  | 6   | 19792,19932,20072,19791,19931,20071 | -274.18  | -11.35   |
| 13  | 60         | 10000000 | 5000000   | 156250   | 4096    | 32    | 2    | io_uring | 12        | 16  | increase  | asc         | asc        | 1524288    | 667.54   | 392.34   | 6   | 18947,19087,19227,18946,19086,19226 | -275.2   | -41.23   |
| 20  | 20         | 10000000 | 5000000   | 476191   | 1024    | 512   | 2    | worker   | 12        | 16  | decrease  | desc        | desc       | 4524288    | 2736.78  | 2453.88  | 6   | 30317,30457,30597,30316,30456,30596 | -282.9   | -10.34   |
| 6   | 60         | 10000000 | 625000    | 156250   | 1       | 128   | 16   | worker   | 12        | 16  | increase  | desc        | desc       | 440536     | 13586.08 | 13301.05 | 6   | 7987,8112,8237,7986,8111,8236       | -285.03  | -2.1     |
| 15  | 60         | 10000000 | 5000000   | 156250   | 4096    | 32    | 2    | worker   | 12        | 16  | decrease  | asc         | desc       | 3024288    | 3512.94  | 3224.68  | 6   | 21902,22042,22182,21901,22041,22181 | -288.26  | -8.21    |
| 18  | 20         | 10000000 | 5000000   | 476191   | 1024    | 512   | 2    | io_uring | 12        | 16  | increase  | desc        | asc        | 2024288    | 3419.04  | 3126.79  | 6   | 27352,27492,27632,27351,27491,27631 | -292.25  | -8.55    |
| 14  | 60         | 10000000 | 5000000   | 156250   | 4096    | 32    | 2    | worker   | 12        | 16  | increase  | desc        | asc        | 3024288    | 3464.68  | 3169.61  | 6   | 19802,19942,20082,19801,19941,20081 | -295.07  | -8.52    |
| 17  | 20         | 10000000 | 5000000   | 476191   | 1024    | 512   | 2    | io_uring | 12        | 16  | increase  | asc         | asc        | 2524288    | 1677.55  | 1382.29  | 6   | 25677,25817,25957,25676,25816,25956 | -295.26  | -17.6    |
| 7   | 60         | 10000000 | 625000    | 156250   | 1       | 128   | 16   | worker   | 12        | 16  | decrease  | asc         | asc        | 565536     | 17421.36 | 17125.26 | 6   | 9122,9247,9372,9121,9246,9371       | -296.1   | -1.7     |
| 15  | 60         | 10000000 | 5000000   | 156250   | 4096    | 32    | 2    | worker   | 12        | 16  | decrease  | asc         | desc       | 2024288    | 2444.8   | 2148.05  | 6   | 21892,22032,22172,21891,22031,22171 | -296.75  | -12.14   |
| 16  | 60         | 10000000 | 5000000   | 156250   | 4096    | 32    | 2    | worker   | 12        | 16  | decrease  | desc        | desc       | 3024288    | 1058.8   | 758.62   | 6   | 23582,23722,23862,23581,23721,23861 | -300.18  | -28.35   |
| 5   | 60         | 10000000 | 625000    | 156250   | 1       | 128   | 16   | worker   | 12        | 16  | increase  | asc         | desc       | 315536     | 11383.45 | 11077.98 | 6   | 6477,6602,6727,6476,6601,6726       | -305.47  | -2.68    |
| 8   | 60         | 10000000 | 625000    | 156250   | 1       | 128   | 16   | worker   | 12        | 16  | decrease  | desc        | asc        | 565536     | 20077.32 | 19769.64 | 6   | 10622,10747,10872,10621,10746,10871 | -307.68  | -1.53    |
| 13  | 60         | 10000000 | 5000000   | 156250   | 4096    | 32    | 2    | worker   | 12        | 16  | increase  | asc         | asc        | 2524288    | 928.37   | 618.18   | 6   | 18117,18257,18397,18116,18256,18396 | -310.19  | -33.41   |
| 16  | 60         | 10000000 | 5000000   | 156250   | 4096    | 32    | 2    | io_uring | 12        | 16  | decrease  | desc        | desc       | 4524288    | 1426.77  | 1112.13  | 6   | 24437,24577,24717,24436,24576,24716 | -314.64  | -22.05   |
| 6   | 60         | 10000000 | 625000    | 156250   | 1       | 128   | 16   | worker   | 12        | 16  | increase  | desc        | desc       | 378036     | 11850.82 | 11535.29 | 6   | 7982,8107,8232,7981,8106,8231       | -315.53  | -2.66    |
| 19  | 20         | 10000000 | 5000000   | 476191   | 1024    | 512   | 2    | io_uring | 12        | 16  | decrease  | asc         | desc       | 3524288    | 5752.05  | 5436.46  | 6   | 29467,29607,29747,29466,29606,29746 | -315.59  | -5.49    |
| 19  | 20         | 10000000 | 5000000   | 476191   | 1024    | 512   | 2    | worker   | 12        | 16  | decrease  | asc         | desc       | 3024288    | 4977.2   | 4653.38  | 6   | 28622,28762,28902,28621,28761,28901 | -323.82  | -6.51    |
| 13  | 60         | 10000000 | 5000000   | 156250   | 4096    | 32    | 2    | io_uring | 12        | 16  | increase  | asc         | asc        | 2524288    | 952.47   | 625.39   | 6   | 18957,19097,19237,18956,19096,19236 | -327.08  | -34.34   |
| 14  | 60         | 10000000 | 5000000   | 156250   | 4096    | 32    | 2    | worker   | 12        | 16  | increase  | desc        | asc        | 4024288    | 4592.72  | 4258.01  | 6   | 19812,19952,20092,19811,19951,20091 | -334.71  | -7.29    |
| 8   | 60         | 10000000 | 625000    | 156250   | 1       | 128   | 16   | worker   | 12        | 16  | decrease  | desc        | desc       | 503036     | 1156.57  | 820.12   | 6   | 10992,11117,11242,10991,11116,11241 | -336.45  | -29.09   |
| 13  | 60         | 10000000 | 5000000   | 156250   | 4096    | 32    | 2    | worker   | 12        | 16  | increase  | asc         | asc        | 3524288    | 1234.8   | 896.69   | 6   | 18127,18267,18407,18126,18266,18406 | -338.11  | -27.38   |
| 15  | 60         | 10000000 | 5000000   | 156250   | 4096    | 32    | 2    | worker   | 12        | 16  | decrease  | asc         | desc       | 2524288    | 3003.78  | 2663.84  | 6   | 21897,22037,22177,21896,22036,22176 | -339.94  | -11.32   |
| 14  | 60         | 10000000 | 5000000   | 156250   | 4096    | 32    | 2    | io_uring | 12        | 16  | increase  | desc        | asc        | 3024288    | 3527.51  | 3175.12  | 6   | 20642,20782,20922,20641,20781,20921 | -352.39  | -9.99    |
| 16  | 60         | 10000000 | 5000000   | 156250   | 4096    | 32    | 2    | io_uring | 12        | 16  | decrease  | desc        | desc       | 2024288    | 893.24   | 525.62   | 6   | 24412,24552,24692,24411,24551,24691 | -367.62  | -41.16   |
| 19  | 20         | 10000000 | 5000000   | 476191   | 1024    | 512   | 2    | worker   | 12        | 16  | decrease  | asc         | desc       | 3524288    | 5781.09  | 5412.38  | 6   | 28627,28767,28907,28626,28766,28906 | -368.71  | -6.38    |
| 18  | 20         | 10000000 | 5000000   | 476191   | 1024    | 512   | 2    | worker   | 12        | 16  | increase  | desc        | asc        | 3524288    | 5758.96  | 5389.63  | 6   | 26527,26667,26807,26526,26666,26806 | -369.33  | -6.41    |
| 13  | 60         | 10000000 | 5000000   | 156250   | 4096    | 32    | 2    | io_uring | 12        | 16  | increase  | asc         | asc        | 3024288    | 1113.61  | 739.87   | 6   | 18962,19102,19242,18961,19101,19241 | -373.74  | -33.56   |
| 14  | 60         | 10000000 | 5000000   | 156250   | 4096    | 32    | 2    | worker   | 12        | 16  | increase  | desc        | asc        | 2524288    | 3037.92  | 2659.01  | 6   | 19797,19937,20077,19796,19936,20076 | -378.91  | -12.47   |
| 14  | 60         | 10000000 | 5000000   | 156250   | 4096    | 32    | 2    | io_uring | 12        | 16  | increase  | desc        | asc        | 2524288    | 3061.16  | 2677.81  | 6   | 20637,20777,20917,20636,20776,20916 | -383.35  | -12.52   |
| 15  | 60         | 10000000 | 5000000   | 156250   | 4096    | 32    | 2    | io_uring | 12        | 16  | decrease  | asc         | desc       | 3524288    | 4096.61  | 3710.21  | 6   | 22747,22887,23027,22746,22886,23026 | -386.4   | -9.43    |
| 8   | 60         | 10000000 | 625000    | 156250   | 1       | 128   | 16   | worker   | 12        | 16  | decrease  | desc        | asc        | 440536     | 15829.95 | 15427.51 | 6   | 10612,10737,10862,10611,10736,10861 | -402.44  | -2.54    |
| 14  | 60         | 10000000 | 5000000   | 156250   | 4096    | 32    | 2    | worker   | 12        | 16  | increase  | desc        | asc        | 4524288    | 5129.8   | 4716.12  | 6   | 19817,19957,20097,19816,19956,20096 | -413.68  | -8.06    |
| 18  | 20         | 10000000 | 5000000   | 476191   | 1024    | 512   | 2    | worker   | 12        | 16  | increase  | desc        | asc        | 4024288    | 6587.42  | 6171.86  | 6   | 26532,26672,26812,26531,26671,26811 | -415.56  | -6.31    |
| 15  | 60         | 10000000 | 5000000   | 156250   | 4096    | 32    | 2    | io_uring | 12        | 16  | decrease  | asc         | desc       | 2524288    | 3094.54  | 2675.53  | 6   | 22737,22877,23017,22736,22876,23016 | -419.01  | -13.54   |
| 5   | 60         | 10000000 | 625000    | 156250   | 1       | 128   | 16   | worker   | 12        | 16  | increase  | asc         | desc       | 503036     | 18055.68 | 17608.8  | 6   | 6492,6617,6742,6491,6616,6741       | -446.88  | -2.48    |
| 14  | 60         | 10000000 | 5000000   | 156250   | 4096    | 32    | 2    | io_uring | 12        | 16  | increase  | desc        | asc        | 4024288    | 4665.47  | 4216.1   | 6   | 20652,20792,20932,20651,20791,20931 | -449.37  | -9.63    |
| 17  | 20         | 10000000 | 5000000   | 476191   | 1024    | 512   | 2    | io_uring | 12        | 16  | increase  | asc         | asc        | 3024288    | 2145.35  | 1681.49  | 6   | 25682,25822,25962,25681,25821,25961 | -463.86  | -21.62   |
| 13  | 60         | 10000000 | 5000000   | 156250   | 4096    | 32    | 2    | worker   | 12        | 16  | increase  | asc         | asc        | 3024288    | 1216.87  | 752.28   | 6   | 18122,18262,18402,18121,18261,18401 | -464.59  | -38.18   |
| 16  | 60         | 10000000 | 5000000   | 156250   | 4096    | 32    | 2    | worker   | 12        | 16  | decrease  | desc        | desc       | 4524288    | 1594.18  | 1121.41  | 6   | 23597,23737,23877,23596,23736,23876 | -472.77  | -29.66   |
| 16  | 60         | 10000000 | 5000000   | 156250   | 4096    | 32    | 2    | io_uring | 12        | 16  | decrease  | desc        | desc       | 4024288    | 1494.76  | 1017.1   | 6   | 24432,24572,24712,24431,24571,24711 | -477.66  | -31.96   |
| 15  | 60         | 10000000 | 5000000   | 156250   | 4096    | 32    | 2    | io_uring | 12        | 16  | decrease  | asc         | desc       | 3024288    | 3685.04  | 3206.81  | 6   | 22742,22882,23022,22741,22881,23021 | -478.23  | -12.98   |
| 14  | 60         | 10000000 | 5000000   | 156250   | 4096    | 32    | 2    | worker   | 12        | 16  | increase  | desc        | asc        | 3524288    | 4178.19  | 3686.99  | 6   | 19807,19947,20087,19806,19946,20086 | -491.2   | -11.76   |
| 20  | 20         | 10000000 | 5000000   | 476191   | 1024    | 512   | 2    | worker   | 12        | 16  | decrease  | desc        | asc        | 4524288    | 49338.56 | 48811.37 | 6   | 29897,30037,30177,29896,30036,30176 | -527.19  | -1.07    |
| 14  | 60         | 10000000 | 5000000   | 156250   | 4096    | 32    | 2    | io_uring | 12        | 16  | increase  | desc        | asc        | 3524288    | 4265.56  | 3695.78  | 6   | 20647,20787,20927,20646,20786,20926 | -569.78  | -13.36   |
| 19  | 20         | 10000000 | 5000000   | 476191   | 1024    | 512   | 2    | io_uring | 12        | 16  | decrease  | asc         | desc       | 4024288    | 6840.24  | 6266.02  | 6   | 29472,29612,29752,29471,29611,29751 | -574.22  | -8.39    |
| 15  | 60         | 10000000 | 5000000   | 156250   | 4096    | 32    | 2    | worker   | 12        | 16  | decrease  | asc         | desc       | 4024288    | 4798.47  | 4214.06  | 6   | 21912,22052,22192,21911,22051,22191 | -584.41  | -12.18   |
| 5   | 60         | 10000000 | 625000    | 156250   | 1       | 128   | 16   | worker   | 12        | 16  | increase  | asc         | desc       | 565536     | 20374.25 | 19787.36 | 6   | 6497,6622,6747,6496,6621,6746       | -586.89  | -2.88    |
| 7   | 60         | 10000000 | 625000    | 156250   | 1       | 128   | 16   | worker   | 12        | 16  | decrease  | asc         | asc        | 378036     | 12029.67 | 11431.14 | 6   | 9107,9232,9357,9106,9231,9356       | -598.53  | -4.98    |
| 15  | 60         | 10000000 | 5000000   | 156250   | 4096    | 32    | 2    | worker   | 12        | 16  | decrease  | asc         | desc       | 4524288    | 5380.88  | 4770.99  | 6   | 21917,22057,22197,21916,22056,22196 | -609.89  | -11.33   |
| 15  | 60         | 10000000 | 5000000   | 156250   | 4096    | 32    | 2    | worker   | 12        | 16  | decrease  | asc         | desc       | 3524288    | 4328.54  | 3711.53  | 6   | 21907,22047,22187,21906,22046,22186 | -617.01  | -14.25   |
| 16  | 60         | 10000000 | 5000000   | 156250   | 4096    | 32    | 2    | worker   | 12        | 16  | decrease  | desc        | desc       | 4024288    | 1655.18  | 1023.44  | 6   | 23592,23732,23872,23591,23731,23871 | -631.74  | -38.17   |
| 13  | 60         | 10000000 | 5000000   | 156250   | 4096    | 32    | 2    | io_uring | 12        | 16  | increase  | asc         | asc        | 3524288    | 1536.02  | 873.38   | 6   | 18967,19107,19247,18966,19106,19246 | -662.64  | -43.14   |
| 19  | 20         | 10000000 | 5000000   | 476191   | 1024    | 512   | 2    | io_uring | 12        | 16  | decrease  | asc         | desc       | 4524288    | 7654.64  | 6976.94  | 6   | 29477,29617,29757,29476,29616,29756 | -677.7   | -8.85    |
| 18  | 20         | 10000000 | 5000000   | 476191   | 1024    | 512   | 2    | worker   | 12        | 16  | increase  | desc        | asc        | 4524288    | 7656.38  | 6931.73  | 6   | 26537,26677,26817,26536,26676,26816 | -724.65  | -9.46    |
| 14  | 60         | 10000000 | 5000000   | 156250   | 4096    | 32    | 2    | io_uring | 12        | 16  | increase  | desc        | asc        | 4524288    | 5486.02  | 4754.88  | 6   | 20657,20797,20937,20656,20796,20936 | -731.14  | -13.33   |
| 13  | 60         | 10000000 | 5000000   | 156250   | 4096    | 32    | 2    | io_uring | 12        | 16  | increase  | asc         | asc        | 4024288    | 1733.32  | 995.18   | 6   | 18972,19112,19252,18971,19111,19251 | -738.14  | -42.59   |
| 13  | 60         | 10000000 | 5000000   | 156250   | 4096    | 32    | 2    | worker   | 12        | 16  | increase  | asc         | asc        | 4524288    | 1869.53  | 1117.25  | 6   | 18137,18277,18417,18136,18276,18416 | -752.28  | -40.24   |
| 13  | 60         | 10000000 | 5000000   | 156250   | 4096    | 32    | 2    | io_uring | 12        | 16  | increase  | asc         | asc        | 4524288    | 1916.11  | 1108.14  | 6   | 18977,19117,19257,18976,19116,19256 | -807.97  | -42.17   |
+-----+------------+----------+-----------+----------+---------+-------+------+----------+-----------+-----+-----------+-------------+------------+------------+----------+----------+-----+-------------------------------------+----------+----------+
